  0
SECTION
  2
HEADER
  9
$ACADVER
  1
AC1024
  9
$ACADMAINTVER
 70
6
  9
$DWGCODEPAGE
  3
ANSI_1252
  9
$LASTSAVEDBY
  1
ezdxf
  9
$INSBASE
 10
0.0
 20
0.0
 30
0.0
  9
$EXTMIN
 10
1e+20
 20
1e+20
 30
1e+20
  9
$EXTMAX
 10
-1e+20
 20
-1e+20
 30
-1e+20
  9
$LIMMIN
 10
0.0
 20
0.0
  9
$LIMMAX
 10
420.0
 20
297.0
  9
$ORTHOMODE
 70
0
  9
$REGENMODE
 70
1
  9
$FILLMODE
 70
1
  9
$QTEXTMODE
 70
0
  9
$MIRRTEXT
 70
1
  9
$LTSCALE
 40
1.0
  9
$ATTMODE
 70
1
  9
$TEXTSIZE
 40
2.5
  9
$TRACEWID
 40
1.0
  9
$TEXTSTYLE
  7
OpenSans
  9
$CLAYER
  8
0
  9
$CELTYPE
  6
ByLayer
  9
$CECOLOR
 62
256
  9
$CELTSCALE
 40
1.0
  9
$DISPSILH
 70
0
  9
$DIMSCALE
 40
1.0
  9
$DIMASZ
 40
0.175
  9
$DIMEXO
 40
0.125
  9
$DIMDLI
 40
3.75
  9
$DIMRND
 40
0.0
  9
$DIMDLE
 40
0.0
  9
$DIMEXE
 40
0.375
  9
$DIMTP
 40
0.0
  9
$DIMTM
 40
0.0
  9
$DIMTXT
 40
0.25
  9
$DIMCEN
 40
2.5
  9
$DIMTSZ
 40
0.0
  9
$DIMTOL
 70
0
  9
$DIMLIM
 70
0
  9
$DIMTIH
 70
0
  9
$DIMTOH
 70
0
  9
$DIMSE1
 70
0
  9
$DIMSE2
 70
0
  9
$DIMTAD
 70
1
  9
$DIMZIN
 70
12
  9
$DIMBLK
  1
ARCHTICK
  9
$DIMASO
 70
1
  9
$DIMSHO
 70
1
  9
$DIMPOST
  1

  9
$DIMAPOST
  1

  9
$DIMALT
 70
0
  9
$DIMALTD
 70
3
  9
$DIMALTF
 40
0.03937007874
  9
$DIMLFAC
 40
100.0
  9
$DIMTOFL
 70
1
  9
$DIMTVP
 40
0.0
  9
$DIMTIX
 70
0
  9
$DIMSOXD
 70
0
  9
$DIMSAH
 70
0
  9
$DIMBLK1
  1

  9
$DIMBLK2
  1

  9
$DIMSTYLE
  2
EZDXF
  9
$DIMCLRD
 70
0
  9
$DIMCLRE
 70
0
  9
$DIMCLRT
 70
0
  9
$DIMTFAC
 40
0.5
  9
$DIMGAP
 40
0.1
  9
$DIMJUST
 70
0
  9
$DIMSD1
 70
0
  9
$DIMSD2
 70
0
  9
$DIMTOLJ
 70
0
  9
$DIMTZIN
 70
8
  9
$DIMALTZ
 70
0
  9
$DIMALTTZ
 70
0
  9
$DIMUPT
 70
1
  9
$DIMDEC
 70
2
  9
$DIMTDEC
 70
2
  9
$DIMALTU
 70
2
  9
$DIMALTTD
 70
3
  9
$DIMTXSTY
  7
OpenSansCondensed-Light
  9
$DIMAUNIT
 70
0
  9
$DIMADEC
 70
2
  9
$DIMALTRND
 40
0.0
  9
$DIMAZIN
 70
3
  9
$DIMDSEP
 70
46
  9
$DIMATFIT
 70
3
  9
$DIMFRAC
 70
0
  9
$DIMLDRBLK
  1

  9
$DIMLUNIT
 70
2
  9
$DIMLWD
 70
-2
  9
$DIMLWE
 70
-2
  9
$DIMTMOVE
 70
2
  9
$DIMFXL
 40
1.0
  9
$DIMFXLON
 70
0
  9
$DIMJOGANG
 40
0.785398163397
  9
$DIMTFILL
 70
0
  9
$DIMTFILLCLR
 70
0
  9
$DIMARCSYM
 70
0
  9
$DIMLTYPE
  6

  9
$DIMLTEX1
  6

  9
$DIMLTEX2
  6

  9
$DIMTXTDIRECTION
 70
0
  9
$LUNITS
 70
2
  9
$LUPREC
 70
4
  9
$SKETCHINC
 40
1.0
  9
$FILLETRAD
 40
10.0
  9
$AUNITS
 70
0
  9
$AUPREC
 70
2
  9
$MENU
  1
.
  9
$ELEVATION
 40
0.0
  9
$PELEVATION
 40
0.0
  9
$THICKNESS
 40
0.0
  9
$LIMCHECK
 70
0
  9
$CHAMFERA
 40
0.0
  9
$CHAMFERB
 40
0.0
  9
$CHAMFERC
 40
0.0
  9
$CHAMFERD
 40
0.0
  9
$SKPOLY
 70
0
  9
$TDCREATE
 40
2461302.724490741
  9
$TDUCREATE
 40
2458532.153996898
  9
$TDUPDATE
 40
2461302.724490741
  9
$TDUUPDATE
 40
2458532.1544311
  9
$TDINDWG
 40
0.0
  9
$TDUSRTIMER
 40
0.0
  9
$USRTIMER
 70
1
  9
$ANGBASE
 50
0.0
  9
$ANGDIR
 70
0
  9
$PDMODE
 70
0
  9
$PDSIZE
 40
0.0
  9
$PLINEWID
 40
0.0
  9
$SPLFRAME
 70
0
  9
$SPLINETYPE
 70
6
  9
$SPLINESEGS
 70
8
  9
$HANDSEED
  5
7E1
  9
$SURFTAB1
 70
6
  9
$SURFTAB2
 70
6
  9
$SURFTYPE
 70
6
  9
$SURFU
 70
6
  9
$SURFV
 70
6
  9
$UCSBASE
  2

  9
$UCSNAME
  2

  9
$UCSORG
 10
0.0
 20
0.0
 30
0.0
  9
$UCSXDIR
 10
1.0
 20
0.0
 30
0.0
  9
$UCSYDIR
 10
0.0
 20
1.0
 30
0.0
  9
$UCSORTHOREF
  2

  9
$UCSORTHOVIEW
 70
0
  9
$UCSORGTOP
 10
0.0
 20
0.0
 30
0.0
  9
$UCSORGBOTTOM
 10
0.0
 20
0.0
 30
0.0
  9
$UCSORGLEFT
 10
0.0
 20
0.0
 30
0.0
  9
$UCSORGRIGHT
 10
0.0
 20
0.0
 30
0.0
  9
$UCSORGFRONT
 10
0.0
 20
0.0
 30
0.0
  9
$UCSORGBACK
 10
0.0
 20
0.0
 30
0.0
  9
$PUCSBASE
  2

  9
$PUCSNAME
  2

  9
$PUCSORG
 10
0.0
 20
0.0
 30
0.0
  9
$PUCSXDIR
 10
1.0
 20
0.0
 30
0.0
  9
$PUCSYDIR
 10
0.0
 20
1.0
 30
0.0
  9
$PUCSORTHOREF
  2

  9
$PUCSORTHOVIEW
 70
0
  9
$PUCSORGTOP
 10
0.0
 20
0.0
 30
0.0
  9
$PUCSORGBOTTOM
 10
0.0
 20
0.0
 30
0.0
  9
$PUCSORGLEFT
 10
0.0
 20
0.0
 30
0.0
  9
$PUCSORGRIGHT
 10
0.0
 20
0.0
 30
0.0
  9
$PUCSORGFRONT
 10
0.0
 20
0.0
 30
0.0
  9
$PUCSORGBACK
 10
0.0
 20
0.0
 30
0.0
  9
$USERI1
 70
0
  9
$USERI2
 70
0
  9
$USERI3
 70
0
  9
$USERI4
 70
0
  9
$USERI5
 70
0
  9
$USERR1
 40
0.0
  9
$USERR2
 40
0.0
  9
$USERR3
 40
0.0
  9
$USERR4
 40
0.0
  9
$USERR5
 40
0.0
  9
$WORLDVIEW
 70
1
  9
$SHADEDGE
 70
3
  9
$SHADEDIF
 70
70
  9
$TILEMODE
 70
1
  9
$MAXACTVP
 70
64
  9
$PINSBASE
 10
0.0
 20
0.0
 30
0.0
  9
$PLIMCHECK
 70
0
  9
$PEXTMIN
 10
1e+20
 20
1e+20
 30
1e+20
  9
$PEXTMAX
 10
-1e+20
 20
-1e+20
 30
-1e+20
  9
$PLIMMIN
 10
0.0
 20
0.0
  9
$PLIMMAX
 10
420.0
 20
297.0
  9
$UNITMODE
 70
0
  9
$VISRETAIN
 70
1
  9
$PLINEGEN
 70
0
  9
$PSLTSCALE
 70
1
  9
$TREEDEPTH
 70
3020
  9
$CMLSTYLE
  2
Standard
  9
$CMLJUST
 70
0
  9
$CMLSCALE
 40
20.0
  9
$PROXYGRAPHICS
 70
1
  9
$MEASUREMENT
 70
1
  9
$CELWEIGHT
370
-1
  9
$ENDCAPS
280
0
  9
$JOINSTYLE
280
0
  9
$LWDISPLAY
290
0
  9
$INSUNITS
 70
4
  9
$HYPERLINKBASE
  1

  9
$STYLESHEET
  1

  9
$XEDIT
290
1
  9
$CEPSNTYPE
380
0
  9
$PSTYLEMODE
290
1
  9
$FINGERPRINTGUID
  2
{9AAE7381-FDB2-4CE9-924E-E1652F2F6B01}
  9
$VERSIONGUID
  2
{CC213C31-5D49-4CD7-A0BA-DAF1662A1374}
  9
$EXTNAMES
290
1
  9
$PSVPSCALE
 40
0.0
  9
$OLESTARTUP
290
0
  9
$SORTENTS
280
127
  9
$INDEXCTL
280
0
  9
$HIDETEXT
280
1
  9
$XCLIPFRAME
280
1
  9
$HALOGAP
280
0
  9
$OBSCOLOR
 70
257
  9
$OBSLTYPE
280
0
  9
$INTERSECTIONDISPLAY
280
0
  9
$INTERSECTIONCOLOR
 70
257
  9
$DIMASSOC
280
2
  9
$PROJECTNAME
  1

  9
$CAMERADISPLAY
290
0
  9
$LENSLENGTH
 40
50.0
  9
$CAMERAHEIGHT
 40
0.0
  9
$STEPSPERSEC
 40
24.0
  9
$STEPSIZE
 40
100.0
  9
$3DDWFPREC
 40
2.0
  9
$PSOLWIDTH
 40
0.005
  9
$PSOLHEIGHT
 40
0.08
  9
$LOFTANG1
 40
1.570796326795
  9
$LOFTANG2
 40
1.570796326795
  9
$LOFTMAG1
 40
0.0
  9
$LOFTMAG2
 40
0.0
  9
$LOFTPARAM
 70
7
  9
$LOFTNORMALS
280
1
  9
$LATITUDE
 40
37.795
  9
$LONGITUDE
 40
-122.394
  9
$NORTHDIRECTION
 40
0.0
  9
$TIMEZONE
 70
-8000
  9
$LIGHTGLYPHDISPLAY
280
1
  9
$TILEMODELIGHTSYNCH
280
1
  9
$CMATERIAL
347
20
  9
$SOLIDHIST
280
0
  9
$SHOWHIST
280
1
  9
$DWFFRAME
280
2
  9
$DGNFRAME
280
2
  9
$REALWORLDSCALE
290
1
  9
$INTERFERECOLOR
 62
256
  9
$CSHADOW
280
0
  9
$SHADOWPLANELOCATION
 40
0.0
  0
ENDSEC
  0
SECTION
  2
CLASSES
  0
CLASS
  1
ACDBDICTIONARYWDFLT
  2
AcDbDictionaryWithDefault
  3
ObjectDBX Classes
 90
0
 91
0
280
0
281
0
  0
CLASS
  1
SUN
  2
AcDbSun
  3
SCENEOE
 90
1153
 91
0
280
0
281
0
  0
CLASS
  1
VISUALSTYLE
  2
AcDbVisualStyle
  3
ObjectDBX Classes
 90
4095
 91
0
280
0
281
0
  0
CLASS
  1
MATERIAL
  2
AcDbMaterial
  3
ObjectDBX Classes
 90
1153
 91
0
280
0
281
0
  0
CLASS
  1
SCALE
  2
AcDbScale
  3
ObjectDBX Classes
 90
1153
 91
0
280
0
281
0
  0
CLASS
  1
TABLESTYLE
  2
AcDbTableStyle
  3
ObjectDBX Classes
 90
4095
 91
0
280
0
281
0
  0
CLASS
  1
MLEADERSTYLE
  2
AcDbMLeaderStyle
  3
ACDB_MLEADERSTYLE_CLASS
 90
4095
 91
0
280
0
281
0
  0
CLASS
  1
DICTIONARYVAR
  2
AcDbDictionaryVar
  3
ObjectDBX Classes
 90
0
 91
0
280
0
281
0
  0
CLASS
  1
CELLSTYLEMAP
  2
AcDbCellStyleMap
  3
ObjectDBX Classes
 90
1152
 91
0
280
0
281
0
  0
CLASS
  1
MENTALRAYRENDERSETTINGS
  2
AcDbMentalRayRenderSettings
  3
SCENEOE
 90
1024
 91
0
280
0
281
0
  0
CLASS
  1
ACDBDETAILVIEWSTYLE
  2
AcDbDetailViewStyle
  3
ObjectDBX Classes
 90
1025
 91
0
280
0
281
0
  0
CLASS
  1
ACDBSECTIONVIEWSTYLE
  2
AcDbSectionViewStyle
  3
ObjectDBX Classes
 90
1025
 91
0
280
0
281
0
  0
CLASS
  1
RASTERVARIABLES
  2
AcDbRasterVariables
  3
ISM
 90
0
 91
0
280
0
281
0
  0
CLASS
  1
ACDBPLACEHOLDER
  2
AcDbPlaceHolder
  3
ObjectDBX Classes
 90
0
 91
0
280
0
281
0
  0
CLASS
  1
LAYOUT
  2
AcDbLayout
  3
ObjectDBX Classes
 90
0
 91
0
280
0
281
0
  0
ENDSEC
  0
SECTION
  2
TABLES
  0
TABLE
  2
VPORT
  5
8
330
0
100
AcDbSymbolTable
 70
1
  0
VPORT
  5
23
330
8
100
AcDbSymbolTableRecord
100
AcDbViewportTableRecord
  2
*Active
 70
0
 10
0.0
 20
0.0
 11
1.0
 21
1.0
 12
0.0
 22
0.0
 13
0.0
 23
0.0
 14
0.5
 24
0.5
 15
0.5
 25
0.5
 16
0.0
 26
0.0
 36
1.0
 17
0.0
 27
0.0
 37
0.0
 40
1000.0
 41
1.34
 42
50.0
 43
0.0
 44
0.0
 50
0.0
 51
0.0
 71
0
 72
1000
 73
1
 74
3
 75
0
 76
0
 77
0
 78
0
281
0
 65
0
146
0.0
  0
ENDTAB
  0
TABLE
  2
LTYPE
  5
2
330
0
100
AcDbSymbolTable
 70
21
  0
LTYPE
  5
24
330
2
100
AcDbSymbolTableRecord
100
AcDbLinetypeTableRecord
  2
ByBlock
 70
0
  3

 72
65
 73
0
 40
0.0
  0
LTYPE
  5
25
330
2
100
AcDbSymbolTableRecord
100
AcDbLinetypeTableRecord
  2
ByLayer
 70
0
  3

 72
65
 73
0
 40
0.0
  0
LTYPE
  5
26
330
2
100
AcDbSymbolTableRecord
100
AcDbLinetypeTableRecord
  2
Continuous
 70
0
  3

 72
65
 73
0
 40
0.0
  0
LTYPE
  5
2F
330
2
100
AcDbSymbolTableRecord
100
AcDbLinetypeTableRecord
  2
CENTER
 70
0
  3
Center ____ _ ____ _ ____ _ ____ _ ____ _ ____
 72
65
 73
4
 40
5.08
 49
3.175
 74
0
 49
-0.635
 74
0
 49
0.635
 74
0
 49
-0.635
 74
0
  0
LTYPE
  5
30
330
2
100
AcDbSymbolTableRecord
100
AcDbLinetypeTableRecord
  2
CENTERX2
 70
0
  3
Center (2x) ________  __  ________  __  ________
 72
65
 73
4
 40
8.89
 49
6.35
 74
0
 49
-0.635
 74
0
 49
1.27
 74
0
 49
-0.635
 74
0
  0
LTYPE
  5
31
330
2
100
AcDbSymbolTableRecord
100
AcDbLinetypeTableRecord
  2
CENTER2
 70
0
  3
Center (.5x) ____ _ ____ _ ____ _ ____ _ ____
 72
65
 73
4
 40
2.54
 49
1.587
 74
0
 49
-0.318
 74
0
 49
0.318
 74
0
 49
-0.318
 74
0
  0
LTYPE
  5
32
330
2
100
AcDbSymbolTableRecord
100
AcDbLinetypeTableRecord
  2
DASHED
 70
0
  3
Dashed __ __ __ __ __ __ __ __ __ __ __ __ __ _
 72
65
 73
2
 40
1.524
 49
1.27
 74
0
 49
-0.254
 74
0
  0
LTYPE
  5
33
330
2
100
AcDbSymbolTableRecord
100
AcDbLinetypeTableRecord
  2
DASHEDX2
 70
0
  3
Dashed (2x) ____  ____  ____  ____  ____  ____
 72
65
 73
2
 40
3.048
 49
2.54
 74
0
 49
-0.508
 74
0
  0
LTYPE
  5
34
330
2
100
AcDbSymbolTableRecord
100
AcDbLinetypeTableRecord
  2
DASHED2
 70
0
  3
Dashed (.5x) _ _ _ _ _ _ _ _ _ _ _ _ _ _
 72
65
 73
2
 40
0.762
 49
0.635
 74
0
 49
-0.127
 74
0
  0
LTYPE
  5
35
330
2
100
AcDbSymbolTableRecord
100
AcDbLinetypeTableRecord
  2
PHANTOM
 70
0
  3
Phantom ______  __  __  ______  __  __  ______
 72
65
 73
6
 40
6.35
 49
3.175
 74
0
 49
-0.635
 74
0
 49
0.635
 74
0
 49
-0.635
 74
0
 49
0.635
 74
0
 49
-0.635
 74
0
  0
LTYPE
  5
36
330
2
100
AcDbSymbolTableRecord
100
AcDbLinetypeTableRecord
  2
PHANTOMX2
 70
0
  3
Phantom (2x)____________    ____    ____    ____________
 72
65
 73
6
 40
10.795
 49
6.35
 74
0
 49
-0.635
 74
0
 49
1.27
 74
0
 49
-0.635
 74
0
 49
1.27
 74
0
 49
-0.635
 74
0
  0
LTYPE
  5
37
330
2
100
AcDbSymbolTableRecord
100
AcDbLinetypeTableRecord
  2
PHANTOM2
 70
0
  3
Phantom (.5x) ___ _ _ ___ _ _ ___ _ _ ___ _ _ ___
 72
65
 73
6
 40
3.175
 49
1.587
 74
0
 49
-0.318
 74
0
 49
0.318
 74
0
 49
-0.318
 74
0
 49
0.318
 74
0
 49
-0.318
 74
0
  0
LTYPE
  5
38
330
2
100
AcDbSymbolTableRecord
100
AcDbLinetypeTableRecord
  2
DASHDOT
 70
0
  3
Dash dot __ . __ . __ . __ . __ . __ . __ . __
 72
65
 73
4
 40
3.556
 49
2.54
 74
0
 49
-0.508
 74
0
 49
0.0
 74
0
 49
-0.508
 74
0
  0
LTYPE
  5
39
330
2
100
AcDbSymbolTableRecord
100
AcDbLinetypeTableRecord
  2
DASHDOTX2
 70
0
  3
Dash dot (2x) ____  .  ____  .  ____  .  ____
 72
65
 73
4
 40
6.096
 49
5.08
 74
0
 49
-0.508
 74
0
 49
0.0
 74
0
 49
-0.508
 74
0
  0
LTYPE
  5
3A
330
2
100
AcDbSymbolTableRecord
100
AcDbLinetypeTableRecord
  2
DASHDOT2
 70
0
  3
Dash dot (.5x) _ . _ . _ . _ . _ . _ . _ . _
 72
65
 73
4
 40
1.778
 49
1.27
 74
0
 49
-0.254
 74
0
 49
0.0
 74
0
 49
-0.254
 74
0
  0
LTYPE
  5
3B
330
2
100
AcDbSymbolTableRecord
100
AcDbLinetypeTableRecord
  2
DOT
 70
0
  3
Dot .  .  .  .  .  .  .  .  .  .  .  .  .  .  .  .
 72
65
 73
2
 40
0.508
 49
0.0
 74
0
 49
-0.508
 74
0
  0
LTYPE
  5
3C
330
2
100
AcDbSymbolTableRecord
100
AcDbLinetypeTableRecord
  2
DOTX2
 70
0
  3
Dot (2x) .    .    .    .    .    .    .    . 
 72
65
 73
2
 40
1.016
 49
0.0
 74
0
 49
-1.016
 74
0
  0
LTYPE
  5
3D
330
2
100
AcDbSymbolTableRecord
100
AcDbLinetypeTableRecord
  2
DOT2
 70
0
  3
Dot (.5) . . . . . . . . . . . . . . . . . . . 
 72
65
 73
2
 40
0.254
 49
0.0
 74
0
 49
-0.254
 74
0
  0
LTYPE
  5
3E
330
2
100
AcDbSymbolTableRecord
100
AcDbLinetypeTableRecord
  2
DIVIDE
 70
0
  3
Divide __ . . __ . . __ . . __ . . __ . . __
 72
65
 73
6
 40
4.064
 49
2.54
 74
0
 49
-0.508
 74
0
 49
0.0
 74
0
 49
-0.508
 74
0
 49
0.0
 74
0
 49
-0.508
 74
0
  0
LTYPE
  5
3F
330
2
100
AcDbSymbolTableRecord
100
AcDbLinetypeTableRecord
  2
DIVIDEX2
 70
0
  3
Divide (2x) ____  . .  ____  . .  ____  . .  ____
 72
65
 73
6
 40
6.604
 49
5.08
 74
0
 49
-0.508
 74
0
 49
0.0
 74
0
 49
-0.508
 74
0
 49
0.0
 74
0
 49
-0.508
 74
0
  0
LTYPE
  5
40
330
2
100
AcDbSymbolTableRecord
100
AcDbLinetypeTableRecord
  2
DIVIDE2
 70
0
  3
Divide(.5x) _ . _ . _ . _ . _ . _ . _ . _
 72
65
 73
6
 40
2.032
 49
1.27
 74
0
 49
-0.254
 74
0
 49
0.0
 74
0
 49
-0.254
 74
0
 49
0.0
 74
0
 49
-0.254
 74
0
  0
ENDTAB
  0
TABLE
  2
LAYER
  5
1
330
0
100
AcDbSymbolTable
 70
28
  0
LAYER
  5
27
330
1
100
AcDbSymbolTableRecord
100
AcDbLayerTableRecord
  2
0
 70
0
 62
7
  6
Continuous
370
-3
390
13
347
21
  0
LAYER
  5
28
330
1
100
AcDbSymbolTableRecord
100
AcDbLayerTableRecord
  2
Defpoints
 70
0
 62
7
  6
Continuous
290
0
370
-3
390
13
347
21
  0
LAYER
  5
8A
330
1
100
AcDbSymbolTableRecord
100
AcDbLayerTableRecord
  2
S-CONCRETE
 70
0
 62
7
  6
Continuous
370
-3
390
13
347
21
1001
AcAecLayerStandard
1000

1000
Structural concrete, cut
  0
LAYER
  5
8C
330
1
100
AcDbSymbolTableRecord
100
AcDbLayerTableRecord
  2
S-CONCRETE-THIN
 70
0
 62
7
  6
Continuous
370
-3
390
13
347
21
1001
AcAecLayerStandard
1000

1000
Concrete outlines, uncut
  0
LAYER
  5
8D
330
1
100
AcDbSymbolTableRecord
100
AcDbLayerTableRecord
  2
S-HIDDEN
 70
0
 62
8
  6
Continuous
370
-3
390
13
347
21
1001
AcAecLayerStandard
1000

1000
Concrete and features beyond / below
  0
LAYER
  5
8E
330
1
100
AcDbSymbolTableRecord
100
AcDbLayerTableRecord
  2
S-REBAR-MAIN
 70
0
 62
1
  6
Continuous
370
-3
390
13
347
21
1001
AcAecLayerStandard
1000

1000
Main reinforcement
  0
LAYER
  5
8F
330
1
100
AcDbSymbolTableRecord
100
AcDbLayerTableRecord
  2
S-REBAR-DIST
 70
0
 62
5
  6
Continuous
370
-3
390
13
347
21
1001
AcAecLayerStandard
1000

1000
Distribution reinforcement
  0
LAYER
  5
90
330
1
100
AcDbSymbolTableRecord
100
AcDbLayerTableRecord
  2
S-REBAR-STIRRUP
 70
0
 62
5
  6
Continuous
370
-3
390
13
347
21
1001
AcAecLayerStandard
1000

1000
Links and stirrups
  0
LAYER
  5
91
330
1
100
AcDbSymbolTableRecord
100
AcDbLayerTableRecord
  2
S-REBAR-SEC
 70
0
 62
1
  6
Continuous
370
-3
390
13
347
21
1001
AcAecLayerStandard
1000

1000
Trimmers, jamb bars, starters, additional bars
  0
LAYER
  5
92
330
1
100
AcDbSymbolTableRecord
100
AcDbLayerTableRecord
  2
S-DIM
 70
0
 62
7
  6
Continuous
370
-3
390
13
347
21
1001
AcAecLayerStandard
1000

1000
Dimensions
  0
LAYER
  5
93
330
1
100
AcDbSymbolTableRecord
100
AcDbLayerTableRecord
  2
S-TEXT
 70
0
 62
7
  6
Continuous
370
-3
390
13
347
21
1001
AcAecLayerStandard
1000

1000
General annotation
  0
LAYER
  5
94
330
1
100
AcDbSymbolTableRecord
100
AcDbLayerTableRecord
  2
S-NOTE
 70
0
 62
7
  6
Continuous
370
-3
390
13
347
21
1001
AcAecLayerStandard
1000

1000
Note panels
  0
LAYER
  5
95
330
1
100
AcDbSymbolTableRecord
100
AcDbLayerTableRecord
  2
S-CALLOUT
 70
0
 62
7
  6
Continuous
370
-3
390
13
347
21
1001
AcAecLayerStandard
1000

1000
Bar-mark tags and leaders
  0
LAYER
  5
96
330
1
100
AcDbSymbolTableRecord
100
AcDbLayerTableRecord
  2
S-SECTION
 70
0
 62
7
  6
Continuous
370
-3
390
13
347
21
1001
AcAecLayerStandard
1000

1000
Section and detail markers
  0
LAYER
  5
97
330
1
100
AcDbSymbolTableRecord
100
AcDbLayerTableRecord
  2
S-GRID
 70
0
 62
7
  6
Continuous
370
-3
390
13
347
21
1001
AcAecLayerStandard
1000

1000
Grid lines and bubbles
  0
LAYER
  5
98
330
1
100
AcDbSymbolTableRecord
100
AcDbLayerTableRecord
  2
S-CENTER
 70
0
 62
7
  6
Continuous
370
-3
390
13
347
21
1001
AcAecLayerStandard
1000

1000
Centrelines and void diagonals
  0
LAYER
  5
99
330
1
100
AcDbSymbolTableRecord
100
AcDbLayerTableRecord
  2
S-HATCH
 70
0
 62
8
  6
Continuous
370
-3
390
13
347
21
1001
AcAecLayerStandard
1000

1000
Section hatch
  0
LAYER
  5
9A
330
1
100
AcDbSymbolTableRecord
100
AcDbLayerTableRecord
  2
S-TITLE
 70
0
 62
7
  6
Continuous
370
-3
390
13
347
21
1001
AcAecLayerStandard
1000

1000
Border, title block, view titles
  0
LAYER
  5
9B
330
1
100
AcDbSymbolTableRecord
100
AcDbLayerTableRecord
  2
S-EXISTING
 70
0
 62
8
  6
Continuous
370
-3
390
13
347
21
1001
AcAecLayerStandard
1000

1000
Soil, rock, fill and cover build-up
  0
LAYER
  5
9C
330
1
100
AcDbSymbolTableRecord
100
AcDbLayerTableRecord
  2
S-WATERPROOF
 70
0
 62
7
  6
Continuous
370
-3
390
13
347
21
1001
AcAecLayerStandard
1000

1000
Tanking, waterstops, groundwater table
  0
LAYER
  5
9D
330
1
100
AcDbSymbolTableRecord
100
AcDbLayerTableRecord
  2
S-LEVEL
 70
0
 62
7
  6
Continuous
370
-3
390
13
347
21
1001
AcAecLayerStandard
1000

1000
Level markers
  0
LAYER
  5
9E
330
1
100
AcDbSymbolTableRecord
100
AcDbLayerTableRecord
  2
S-TABLE
 70
0
 62
7
  6
Continuous
370
-3
390
13
347
21
1001
AcAecLayerStandard
1000

1000
Tables and schedules
  0
LAYER
  5
10E
330
1
100
AcDbSymbolTableRecord
100
AcDbLayerTableRecord
  2
A-WALL
 70
0
 62
7
  6
Continuous
370
-3
390
13
347
21
1001
AcAecLayerStandard
1000

1000
Frame and walls, cut
  0
LAYER
  5
10F
330
1
100
AcDbSymbolTableRecord
100
AcDbLayerTableRecord
  2
A-WALL-IN
 70
0
 62
7
  6
Continuous
370
-3
390
13
347
21
1001
AcAecLayerStandard
1000

1000
Infill, stairs and non-structural
  0
LAYER
  5
110
330
1
100
AcDbSymbolTableRecord
100
AcDbLayerTableRecord
  2
A-OVER
 70
0
 62
8
  6
Continuous
370
-3
390
13
347
21
1001
AcAecLayerStandard
1000

1000
Over or below the cut plane
  0
LAYER
  5
111
330
1
100
AcDbSymbolTableRecord
100
AcDbLayerTableRecord
  2
A-OPEN
 70
0
 62
1
  6
Continuous
370
-3
390
13
347
21
1001
AcAecLayerStandard
1000

1000
Doors, vision panels and openings
  0
LAYER
  5
112
330
1
100
AcDbSymbolTableRecord
100
AcDbLayerTableRecord
  2
A-EQUIP
 70
0
 62
5
  6
Continuous
370
-3
390
13
347
21
1001
AcAecLayerStandard
1000

1000
Reinforcement and ties shown on the detail
  0
LAYER
  5
113
330
1
100
AcDbSymbolTableRecord
100
AcDbLayerTableRecord
  2
A-COVER
 70
0
 62
8
  6
Continuous
370
-3
390
13
347
21
1001
AcAecLayerStandard
1000

1000
Ground, fill and cover
  0
ENDTAB
  0
TABLE
  2
STYLE
  5
5
330
0
100
AcDbSymbolTable
 70
26
  0
STYLE
  5
29
330
5
100
AcDbSymbolTableRecord
100
AcDbTextStyleTableRecord
  2
Standard
 70
0
 40
0.0
 41
1.0
 50
0.0
 71
0
 42
2.5
  3
txt
  4

  0
STYLE
  5
41
330
5
100
AcDbSymbolTableRecord
100
AcDbTextStyleTableRecord
  2
OpenSans-Light
 70
0
 40
0.0
 41
1.0
 50
0.0
 71
0
 42
2.5
  3
OpenSans-Light.ttf
  4

  0
STYLE
  5
42
330
5
100
AcDbSymbolTableRecord
100
AcDbTextStyleTableRecord
  2
OpenSans-Light-Italic
 70
0
 40
0.0
 41
1.0
 50
0.0
 71
0
 42
2.5
  3
OpenSans-LightItalic.ttf
  4

  0
STYLE
  5
43
330
5
100
AcDbSymbolTableRecord
100
AcDbTextStyleTableRecord
  2
OpenSans
 70
0
 40
0.0
 41
1.0
 50
0.0
 71
0
 42
2.5
  3
OpenSans-Regular.ttf
  4

  0
STYLE
  5
44
330
5
100
AcDbSymbolTableRecord
100
AcDbTextStyleTableRecord
  2
OpenSans-Italic
 70
0
 40
0.0
 41
1.0
 50
0.0
 71
0
 42
2.5
  3
OpenSans-Italic.ttf
  4

  0
STYLE
  5
45
330
5
100
AcDbSymbolTableRecord
100
AcDbTextStyleTableRecord
  2
OpenSans-SemiBold
 70
0
 40
0.0
 41
1.0
 50
0.0
 71
0
 42
2.5
  3
OpenSans-SemiBold.ttf
  4

  0
STYLE
  5
46
330
5
100
AcDbSymbolTableRecord
100
AcDbTextStyleTableRecord
  2
OpenSans-SemiBoldItalic
 70
0
 40
0.0
 41
1.0
 50
0.0
 71
0
 42
2.5
  3
OpenSans-SemiBoldItalic.ttf
  4

  0
STYLE
  5
47
330
5
100
AcDbSymbolTableRecord
100
AcDbTextStyleTableRecord
  2
OpenSans-Bold
 70
0
 40
0.0
 41
1.0
 50
0.0
 71
0
 42
2.5
  3
OpenSans-Bold.ttf
  4

  0
STYLE
  5
48
330
5
100
AcDbSymbolTableRecord
100
AcDbTextStyleTableRecord
  2
OpenSans-BoldItalic
 70
0
 40
0.0
 41
1.0
 50
0.0
 71
0
 42
2.5
  3
OpenSans-BoldItalic.ttf
  4

  0
STYLE
  5
49
330
5
100
AcDbSymbolTableRecord
100
AcDbTextStyleTableRecord
  2
OpenSans-ExtraBold
 70
0
 40
0.0
 41
1.0
 50
0.0
 71
0
 42
2.5
  3
OpenSans-ExtraBold.ttf
  4

  0
STYLE
  5
4A
330
5
100
AcDbSymbolTableRecord
100
AcDbTextStyleTableRecord
  2
OpenSans-ExtraBoldItalic
 70
0
 40
0.0
 41
1.0
 50
0.0
 71
0
 42
2.5
  3
OpenSans-ExtraBoldItalic.ttf
  4

  0
STYLE
  5
4B
330
5
100
AcDbSymbolTableRecord
100
AcDbTextStyleTableRecord
  2
OpenSansCondensed-Bold
 70
0
 40
0.0
 41
1.0
 50
0.0
 71
0
 42
2.5
  3
OpenSansCondensed-Bold.ttf
  4

  0
STYLE
  5
4C
330
5
100
AcDbSymbolTableRecord
100
AcDbTextStyleTableRecord
  2
OpenSansCondensed-Light
 70
0
 40
0.0
 41
1.0
 50
0.0
 71
0
 42
2.5
  3
OpenSansCondensed-Light.ttf
  4

  0
STYLE
  5
4D
330
5
100
AcDbSymbolTableRecord
100
AcDbTextStyleTableRecord
  2
OpenSansCondensed-Italic
 70
0
 40
0.0
 41
1.0
 50
0.0
 71
0
 42
2.5
  3
OpenSansCondensed-LightItalic.ttf
  4

  0
STYLE
  5
4E
330
5
100
AcDbSymbolTableRecord
100
AcDbTextStyleTableRecord
  2
LiberationSans
 70
0
 40
0.0
 41
1.0
 50
0.0
 71
0
 42
2.5
  3
LiberationSans-Regular.ttf
  4

  0
STYLE
  5
4F
330
5
100
AcDbSymbolTableRecord
100
AcDbTextStyleTableRecord
  2
LiberationSans-Bold
 70
0
 40
0.0
 41
1.0
 50
0.0
 71
0
 42
2.5
  3
LiberationSans-Bold.ttf
  4

  0
STYLE
  5
50
330
5
100
AcDbSymbolTableRecord
100
AcDbTextStyleTableRecord
  2
LiberationSans-BoldItalic
 70
0
 40
0.0
 41
1.0
 50
0.0
 71
0
 42
2.5
  3
LiberationSans-BoldItalic.ttf
  4

  0
STYLE
  5
51
330
5
100
AcDbSymbolTableRecord
100
AcDbTextStyleTableRecord
  2
LiberationSans-Italic
 70
0
 40
0.0
 41
1.0
 50
0.0
 71
0
 42
2.5
  3
LiberationSans-Italic.ttf
  4

  0
STYLE
  5
52
330
5
100
AcDbSymbolTableRecord
100
AcDbTextStyleTableRecord
  2
LiberationSerif
 70
0
 40
0.0
 41
1.0
 50
0.0
 71
0
 42
2.5
  3
LiberationSerif-Regular.ttf
  4

  0
STYLE
  5
53
330
5
100
AcDbSymbolTableRecord
100
AcDbTextStyleTableRecord
  2
LiberationSerif-Bold
 70
0
 40
0.0
 41
1.0
 50
0.0
 71
0
 42
2.5
  3
LiberationSerif-Bold.ttf
  4

  0
STYLE
  5
54
330
5
100
AcDbSymbolTableRecord
100
AcDbTextStyleTableRecord
  2
LiberationSerif-BoldItalic
 70
0
 40
0.0
 41
1.0
 50
0.0
 71
0
 42
2.5
  3
LiberationSerif-BoldItalic.ttf
  4

  0
STYLE
  5
55
330
5
100
AcDbSymbolTableRecord
100
AcDbTextStyleTableRecord
  2
LiberationSerif-Italic
 70
0
 40
0.0
 41
1.0
 50
0.0
 71
0
 42
2.5
  3
LiberationSerif-Italic.ttf
  4

  0
STYLE
  5
56
330
5
100
AcDbSymbolTableRecord
100
AcDbTextStyleTableRecord
  2
LiberationMono
 70
0
 40
0.0
 41
1.0
 50
0.0
 71
0
 42
2.5
  3
LiberationMono-Regular.ttf
  4

  0
STYLE
  5
57
330
5
100
AcDbSymbolTableRecord
100
AcDbTextStyleTableRecord
  2
LiberationMono-Bold
 70
0
 40
0.0
 41
1.0
 50
0.0
 71
0
 42
2.5
  3
LiberationMono-Bold.ttf
  4

  0
STYLE
  5
58
330
5
100
AcDbSymbolTableRecord
100
AcDbTextStyleTableRecord
  2
LiberationMono-BoldItalic
 70
0
 40
0.0
 41
1.0
 50
0.0
 71
0
 42
2.5
  3
LiberationMono-BoldItalic.ttf
  4

  0
STYLE
  5
59
330
5
100
AcDbSymbolTableRecord
100
AcDbTextStyleTableRecord
  2
LiberationMono-Italic
 70
0
 40
0.0
 41
1.0
 50
0.0
 71
0
 42
2.5
  3
LiberationMono-Italic.ttf
  4

  0
ENDTAB
  0
TABLE
  2
VIEW
  5
7
330
0
100
AcDbSymbolTable
 70
0
  0
ENDTAB
  0
TABLE
  2
UCS
  5
6
330
0
100
AcDbSymbolTable
 70
0
  0
ENDTAB
  0
TABLE
  2
APPID
  5
3
330
0
100
AcDbSymbolTable
 70
4
  0
APPID
  5
2A
330
3
100
AcDbSymbolTableRecord
100
AcDbRegAppTableRecord
  2
ACAD
 70
0
  0
APPID
  5
8B
330
3
100
AcDbSymbolTableRecord
100
AcDbRegAppTableRecord
  2
AcAecLayerStandard
 70
0
  0
APPID
  5
7DE
330
3
100
AcDbSymbolTableRecord
100
AcDbRegAppTableRecord
  2
HATCHBACKGROUNDCOLOR
 70
0
  0
APPID
  5
7DF
330
3
100
AcDbSymbolTableRecord
100
AcDbRegAppTableRecord
  2
EZDXF
 70
0
  0
ENDTAB
  0
TABLE
  2
DIMSTYLE
  5
4
330
0
100
AcDbSymbolTable
 70
14
100
AcDbDimStyleTable
  0
DIMSTYLE
105
2B
330
4
100
AcDbSymbolTableRecord
100
AcDbDimStyleTableRecord
  2
Standard
 70
0
 40
1.0
 41
2.5
 42
0.625
 43
3.75
 44
1.25
 45
0.0
 46
0.0
 47
0.0
 48
0.0
 49
2.5
140
2.5
141
2.5
142
0.0
143
0.03937007874
144
1.0
145
0.0
146
1.0
147
0.625
148
0.0
 69
0
 70
0
 71
0
 72
0
 73
0
 74
0
 75
0
 76
0
 77
1
 78
8
 79
3
170
0
171
3
172
1
173
0
174
0
175
0
176
0
177
0
178
0
179
2
271
2
272
2
273
2
274
3
275
0
276
0
277
2
278
44
279
0
280
0
281
0
282
0
283
0
284
8
285
0
286
0
288
0
289
3
290
0
371
-2
372
-2
  0
DIMSTYLE
105
73
330
4
100
AcDbSymbolTableRecord
100
AcDbDimStyleTableRecord
  2
EZDXF
 70
0
 40
1.0
 41
0.175
 42
0.125
 43
3.75
 44
0.375
 45
0.0
 46
0.0
 47
0.0
 48
0.0
 49
2.5
140
0.25
141
2.5
142
0.0
143
0.03937007874
144
100.0
145
0.0
146
0.5
147
0.1
148
0.0
 69
0
 70
0
 71
0
 72
0
 73
0
 74
0
 75
0
 76
0
 77
1
 78
12
 79
3
170
0
171
3
172
1
173
0
174
0
175
0
176
0
177
0
178
0
179
2
271
2
272
2
273
2
274
3
275
0
276
0
277
2
278
46
279
2
280
0
281
0
282
0
283
0
284
8
285
0
286
0
288
1
289
3
290
0
340
4C
342
74
371
-2
372
-2
  0
DIMSTYLE
105
7C
330
4
100
AcDbSymbolTableRecord
100
AcDbDimStyleTableRecord
  2
EZ_M_100_H25_CM
 70
0
 40
1.0
 41
0.25
 42
0.125
 43
3.75
 44
0.375
 45
0.0
 46
0.0
 47
0.0
 48
0.0
 49
2.5
140
0.25
141
2.5
142
0.125
143
0.03937007874
144
100.0
145
0.0
146
0.5
147
0.1
148
0.0
 69
0
 70
0
 71
0
 72
0
 73
0
 74
0
 75
0
 76
0
 77
1
 78
12
 79
3
170
0
171
3
172
1
173
0
174
0
175
0
176
0
177
0
178
0
179
2
271
2
272
2
273
2
274
3
275
0
276
0
277
2
278
46
279
2
280
0
281
0
282
0
283
0
284
8
285
0
286
0
288
1
289
3
290
0
340
4C
371
-2
372
-2
  0
DIMSTYLE
105
7D
330
4
100
AcDbSymbolTableRecord
100
AcDbDimStyleTableRecord
  2
EZ_M_50_H25_CM
 70
0
 40
1.0
 41
0.125
 42
0.0625
 43
3.75
 44
0.1875
 45
0.0
 46
0.0
 47
0.0
 48
0.0
 49
2.5
140
0.125
141
2.5
142
0.0625
143
0.03937007874
144
100.0
145
0.0
146
0.5
147
0.05
148
0.0
 69
0
 70
0
 71
0
 72
0
 73
0
 74
0
 75
0
 76
0
 77
1
 78
12
 79
3
170
0
171
3
172
1
173
0
174
0
175
0
176
0
177
0
178
0
179
2
271
2
272
2
273
2
274
3
275
0
276
0
277
2
278
46
279
2
280
0
281
0
282
0
283
0
284
8
285
0
286
0
288
1
289
3
290
0
340
4C
371
-2
372
-2
  0
DIMSTYLE
105
7E
330
4
100
AcDbSymbolTableRecord
100
AcDbDimStyleTableRecord
  2
EZ_M_25_H25_CM
 70
0
 40
1.0
 41
0.0625
 42
0.03125
 43
3.75
 44
0.09375
 45
0.0
 46
0.0
 47
0.0
 48
0.0
 49
2.5
140
0.0625
141
2.5
142
0.03125
143
0.03937007874
144
100.0
145
0.0
146
0.5
147
0.025
148
0.0
 69
0
 70
0
 71
0
 72
0
 73
0
 74
0
 75
0
 76
0
 77
1
 78
12
 79
3
170
0
171
3
172
1
173
0
174
0
175
0
176
0
177
0
178
0
179
2
271
2
272
2
273
2
274
3
275
0
276
0
277
2
278
46
279
2
280
0
281
0
282
0
283
0
284
8
285
0
286
0
288
1
289
3
290
0
340
4C
371
-2
372
-2
  0
DIMSTYLE
105
7F
330
4
100
AcDbSymbolTableRecord
100
AcDbDimStyleTableRecord
  2
EZ_M_20_H25_CM
 70
0
 40
1.0
 41
0.05
 42
0.025
 43
3.75
 44
0.07500000000000001
 45
0.0
 46
0.0
 47
0.0
 48
0.0
 49
2.5
140
0.05
141
2.5
142
0.025
143
0.03937007874
144
100.0
145
0.0
146
0.5
147
0.020000000000000004
148
0.0
 69
0
 70
0
 71
0
 72
0
 73
0
 74
0
 75
0
 76
0
 77
1
 78
12
 79
3
170
0
171
3
172
1
173
0
174
0
175
0
176
0
177
0
178
0
179
2
271
2
272
2
273
2
274
3
275
0
276
0
277
2
278
46
279
2
280
0
281
0
282
0
283
0
284
8
285
0
286
0
288
1
289
3
290
0
340
4C
371
-2
372
-2
  0
DIMSTYLE
105
80
330
4
100
AcDbSymbolTableRecord
100
AcDbDimStyleTableRecord
  2
EZ_M_10_H25_CM
 70
0
 40
1.0
 41
0.025
 42
0.0125
 43
3.75
 44
0.037500000000000006
 45
0.0
 46
0.0
 47
0.0
 48
0.0
 49
2.5
140
0.025
141
2.5
142
0.0125
143
0.03937007874
144
100.0
145
0.0
146
0.5
147
0.010000000000000002
148
0.0
 69
0
 70
0
 71
0
 72
0
 73
0
 74
0
 75
0
 76
0
 77
1
 78
12
 79
3
170
0
171
3
172
1
173
0
174
0
175
0
176
0
177
0
178
0
179
2
271
2
272
2
273
2
274
3
275
0
276
0
277
2
278
46
279
2
280
0
281
0
282
0
283
0
284
8
285
0
286
0
288
1
289
3
290
0
340
4C
371
-2
372
-2
  0
DIMSTYLE
105
81
330
4
100
AcDbSymbolTableRecord
100
AcDbDimStyleTableRecord
  2
EZ_M_5_H25_CM
 70
0
 40
1.0
 41
0.0125
 42
0.00625
 43
3.75
 44
0.018750000000000003
 45
0.0
 46
0.0
 47
0.0
 48
0.0
 49
2.5
140
0.0125
141
2.5
142
0.00625
143
0.03937007874
144
100.0
145
0.0
146
0.5
147
0.005000000000000001
148
0.0
 69
0
 70
0
 71
0
 72
0
 73
0
 74
0
 75
0
 76
0
 77
1
 78
12
 79
3
170
0
171
3
172
1
173
0
174
0
175
0
176
0
177
0
178
0
179
2
271
2
272
2
273
2
274
3
275
0
276
0
277
2
278
46
279
2
280
0
281
0
282
0
283
0
284
8
285
0
286
0
288
1
289
3
290
0
340
4C
371
-2
372
-2
  0
DIMSTYLE
105
82
330
4
100
AcDbSymbolTableRecord
100
AcDbDimStyleTableRecord
  2
EZ_M_1_H25_CM
 70
0
 40
1.0
 41
0.0025
 42
0.00125
 43
3.75
 44
0.00375
 45
0.0
 46
0.0
 47
0.0
 48
0.0
 49
2.5
140
0.0025
141
2.5
142
0.00125
143
0.03937007874
144
100.0
145
0.0
146
0.5
147
0.001
148
0.0
 69
0
 70
0
 71
0
 72
0
 73
0
 74
0
 75
0
 76
0
 77
1
 78
12
 79
3
170
0
171
3
172
1
173
0
174
0
175
0
176
0
177
0
178
0
179
2
271
2
272
2
273
2
274
3
275
0
276
0
277
2
278
46
279
2
280
0
281
0
282
0
283
0
284
8
285
0
286
0
288
1
289
3
290
0
340
4C
371
-2
372
-2
  0
DIMSTYLE
105
83
330
4
100
AcDbSymbolTableRecord
100
AcDbDimStyleTableRecord
  2
EZ_RADIUS
 70
0
 40
1.0
 41
0.25
 42
0.125
 43
3.75
 44
0.375
 45
0.0
 46
0.0
 47
0.0
 48
0.0
 49
2.5
140
0.25
141
0.0
142
0.0
143
0.03937007874
144
100.0
145
0.0
146
0.5
147
0.1
148
0.0
 69
0
 70
0
 71
0
 72
0
 73
0
 74
0
 75
0
 76
0
 77
1
 78
12
 79
3
170
0
171
3
172
0
173
0
174
0
175
0
176
0
177
0
178
0
179
2
271
2
272
2
273
2
274
3
275
0
276
0
277
2
278
46
279
1
280
0
281
0
282
0
283
0
284
8
285
0
286
0
288
1
289
3
290
0
340
4C
342
84
371
-2
372
-2
  0
DIMSTYLE
105
88
330
4
100
AcDbSymbolTableRecord
100
AcDbDimStyleTableRecord
  2
EZ_RADIUS_INSIDE
 70
0
 40
1.0
 41
0.25
 42
0.125
 43
3.75
 44
0.375
 45
0.0
 46
0.0
 47
0.0
 48
0.0
 49
2.5
140
0.25
141
0.0
142
0.0
143
0.03937007874
144
100.0
145
0.0
146
0.5
147
0.1
148
0.0
 69
0
 70
0
 71
0
 72
0
 73
0
 74
0
 75
0
 76
0
 77
0
 78
12
 79
3
170
0
171
3
172
0
173
0
174
1
175
0
176
0
177
0
178
0
179
2
271
2
272
2
273
2
274
3
275
0
276
0
277
2
278
46
279
0
280
0
281
0
282
0
283
0
284
8
285
0
286
0
288
1
289
0
290
0
340
4C
342
84
371
-2
372
-2
  0
DIMSTYLE
105
89
330
4
100
AcDbSymbolTableRecord
100
AcDbDimStyleTableRecord
  2
EZ_CURVED
 70
0
 40
1.0
 41
0.25
 42
0.125
 43
3.75
 44
0.375
 45
0.0
 46
0.0
 47
0.0
 48
0.0
 49
2.5
140
0.25
141
2.5
142
0.0
143
0.03937007874
144
100.0
145
0.0
146
0.5
147
0.1
148
0.0
 69
0
 70
0
 71
0
 72
0
 73
0
 74
0
 75
0
 76
0
 77
1
 78
12
 79
2
 90
2
170
0
171
3
172
1
173
0
174
0
175
0
176
0
177
0
178
0
179
2
271
2
272
2
273
2
274
3
275
0
276
0
277
2
278
46
279
2
280
0
281
0
282
0
283
0
284
8
285
0
286
0
288
1
289
3
290
0
340
4C
371
-2
372
-2
  0
DIMSTYLE
105
9F
330
4
100
AcDbSymbolTableRecord
100
AcDbDimStyleTableRecord
  2
A2-DIM
 70
0
 40
1.0
 41
1.4
 42
1.0
 43
3.75
 44
1.1
 45
0.0
 46
0.0
 47
0.0
 48
0.0
 49
2.5
140
2.0
141
2.5
142
0.0
143
0.03937007874
144
1.0
145
0.0
146
1.0
147
0.7
148
0.0
 69
0
 70
0
 71
0
 72
0
 73
0
 74
0
 75
0
 76
0
 77
1
 78
8
 79
3
170
0
171
3
172
1
173
0
174
0
175
0
176
7
177
7
178
7
179
2
271
0
272
2
273
2
274
3
275
0
276
0
277
2
278
44
279
0
280
0
281
0
282
0
283
0
284
8
285
0
286
0
288
0
289
3
290
0
340
43
342
74
371
13
372
13
  0
DIMSTYLE
105
A0
330
4
100
AcDbSymbolTableRecord
100
AcDbDimStyleTableRecord
  2
A2-DIM-S
 70
0
 40
1.0
 41
1.1
 42
1.0
 43
3.75
 44
1.1
 45
0.0
 46
0.0
 47
0.0
 48
0.0
 49
2.5
140
1.8
141
2.5
142
0.0
143
0.03937007874
144
1.0
145
0.0
146
1.0
147
0.7
148
0.0
 69
0
 70
0
 71
0
 72
0
 73
0
 74
0
 75
0
 76
0
 77
1
 78
8
 79
3
170
0
171
3
172
1
173
0
174
0
175
0
176
7
177
7
178
7
179
2
271
0
272
2
273
2
274
3
275
0
276
0
277
2
278
44
279
0
280
0
281
0
282
0
283
0
284
8
285
0
286
0
288
0
289
3
290
0
340
43
342
74
371
13
372
13
  0
ENDTAB
  0
TABLE
  2
BLOCK_RECORD
  5
9
330
0
100
AcDbSymbolTable
 70
28
  0
BLOCK_RECORD
  5
17
330
9
100
AcDbSymbolTableRecord
100
AcDbBlockTableRecord
  2
*Model_Space
340
1A
 70
0
280
1
281
0
  0
BLOCK_RECORD
  5
1B
330
9
100
AcDbSymbolTableRecord
100
AcDbBlockTableRecord
  2
*Paper_Space
340
1E
 70
0
280
1
281
0
  0
BLOCK_RECORD
  5
74
330
9
100
AcDbSymbolTableRecord
100
AcDbBlockTableRecord
  2
_ARCHTICK
340
0
 70
0
280
1
281
0
  0
BLOCK_RECORD
  5
78
330
9
100
AcDbSymbolTableRecord
100
AcDbBlockTableRecord
  2
_CLOSEDFILLED
340
0
 70
0
280
1
281
0
  0
BLOCK_RECORD
  5
84
330
9
100
AcDbSymbolTableRecord
100
AcDbBlockTableRecord
  2
_CLOSEDBLANK
340
0
 70
0
280
1
281
0
  0
BLOCK_RECORD
  5
A1
330
9
100
AcDbSymbolTableRecord
100
AcDbBlockTableRecord
  2
A2-SECMARK
340
0
 70
0
280
1
281
0
  0
BLOCK_RECORD
  5
A5
330
9
100
AcDbSymbolTableRecord
100
AcDbBlockTableRecord
  2
A2-LEVEL
340
0
 70
0
280
1
281
0
  0
BLOCK_RECORD
  5
A9
330
9
100
AcDbSymbolTableRecord
100
AcDbBlockTableRecord
  2
A2-NORTH
340
0
 70
0
280
1
281
0
  0
BLOCK_RECORD
  5
1B5
330
9
100
AcDbSymbolTableRecord
100
AcDbBlockTableRecord
  2
*D1
340
0
 70
0
280
1
281
0
  0
BLOCK_RECORD
  5
1C4
330
9
100
AcDbSymbolTableRecord
100
AcDbBlockTableRecord
  2
*D2
340
0
 70
0
280
1
281
0
  0
BLOCK_RECORD
  5
1D3
330
9
100
AcDbSymbolTableRecord
100
AcDbBlockTableRecord
  2
*D3
340
0
 70
0
280
1
281
0
  0
BLOCK_RECORD
  5
1E2
330
9
100
AcDbSymbolTableRecord
100
AcDbBlockTableRecord
  2
*D4
340
0
 70
0
280
1
281
0
  0
BLOCK_RECORD
  5
1F1
330
9
100
AcDbSymbolTableRecord
100
AcDbBlockTableRecord
  2
*D5
340
0
 70
0
280
1
281
0
  0
BLOCK_RECORD
  5
200
330
9
100
AcDbSymbolTableRecord
100
AcDbBlockTableRecord
  2
*D6
340
0
 70
0
280
1
281
0
  0
BLOCK_RECORD
  5
20F
330
9
100
AcDbSymbolTableRecord
100
AcDbBlockTableRecord
  2
*D7
340
0
 70
0
280
1
281
0
  0
BLOCK_RECORD
  5
21E
330
9
100
AcDbSymbolTableRecord
100
AcDbBlockTableRecord
  2
*D8
340
0
 70
0
280
1
281
0
  0
BLOCK_RECORD
  5
3FF
330
9
100
AcDbSymbolTableRecord
100
AcDbBlockTableRecord
  2
*D9
340
0
 70
0
280
1
281
0
  0
BLOCK_RECORD
  5
40E
330
9
100
AcDbSymbolTableRecord
100
AcDbBlockTableRecord
  2
*D10
340
0
 70
0
280
1
281
0
  0
BLOCK_RECORD
  5
41D
330
9
100
AcDbSymbolTableRecord
100
AcDbBlockTableRecord
  2
*D11
340
0
 70
0
280
1
281
0
  0
BLOCK_RECORD
  5
42C
330
9
100
AcDbSymbolTableRecord
100
AcDbBlockTableRecord
  2
*D12
340
0
 70
0
280
1
281
0
  0
BLOCK_RECORD
  5
43B
330
9
100
AcDbSymbolTableRecord
100
AcDbBlockTableRecord
  2
*D13
340
0
 70
0
280
1
281
0
  0
BLOCK_RECORD
  5
44A
330
9
100
AcDbSymbolTableRecord
100
AcDbBlockTableRecord
  2
*D14
340
0
 70
0
280
1
281
0
  0
BLOCK_RECORD
  5
459
330
9
100
AcDbSymbolTableRecord
100
AcDbBlockTableRecord
  2
*D15
340
0
 70
0
280
1
281
0
  0
BLOCK_RECORD
  5
468
330
9
100
AcDbSymbolTableRecord
100
AcDbBlockTableRecord
  2
*D16
340
0
 70
0
280
1
281
0
  0
BLOCK_RECORD
  5
67A
330
9
100
AcDbSymbolTableRecord
100
AcDbBlockTableRecord
  2
*D17
340
0
 70
0
280
1
281
0
  0
BLOCK_RECORD
  5
689
330
9
100
AcDbSymbolTableRecord
100
AcDbBlockTableRecord
  2
*D18
340
0
 70
0
280
1
281
0
  0
BLOCK_RECORD
  5
6BA
330
9
100
AcDbSymbolTableRecord
100
AcDbBlockTableRecord
  2
*D19
340
0
 70
0
280
1
281
0
  0
BLOCK_RECORD
  5
6C9
330
9
100
AcDbSymbolTableRecord
100
AcDbBlockTableRecord
  2
*D20
340
0
 70
0
280
1
281
0
  0
ENDTAB
  0
ENDSEC
  0
SECTION
  2
BLOCKS
  0
BLOCK
  5
18
330
17
100
AcDbEntity
  8
0
100
AcDbBlockBegin
  2
*Model_Space
 70
0
 10
0.0
 20
0.0
 30
0.0
  3
*Model_Space
  1

  0
ENDBLK
  5
19
330
17
100
AcDbEntity
  8
0
100
AcDbBlockEnd
  0
BLOCK
  5
1C
330
1B
100
AcDbEntity
  8
0
100
AcDbBlockBegin
  2
*Paper_Space
 70
0
 10
0.0
 20
0.0
 30
0.0
  3
*Paper_Space
  1

  0
ENDBLK
  5
1D
330
1B
100
AcDbEntity
  8
0
100
AcDbBlockEnd
  0
BLOCK
  5
75
330
74
100
AcDbEntity
  8
0
100
AcDbBlockBegin
  2
_ARCHTICK
 70
0
 10
0.0
 20
0.0
 30
0.0
  3
_ARCHTICK
  1

  0
LWPOLYLINE
  5
77
330
74
100
AcDbEntity
  8
0
  6
BYBLOCK
 62
0
100
AcDbPolyline
 90
2
 70
0
 43
0.15
 10
-0.5
 20
-0.5
 10
0.5
 20
0.5
  0
ENDBLK
  5
76
330
74
100
AcDbEntity
  8
0
100
AcDbBlockEnd
  0
BLOCK
  5
79
330
78
100
AcDbEntity
  8
0
100
AcDbBlockBegin
  2
_CLOSEDFILLED
 70
0
 10
0.0
 20
0.0
 30
0.0
  3
_CLOSEDFILLED
  1

  0
SOLID
  5
7B
330
78
100
AcDbEntity
  8
0
  6
BYBLOCK
 62
0
100
AcDbTrace
 10
-1.0
 20
0.16439898372402537
 30
0.0
 11
0.0
 21
0.0
 31
0.0
 12
-1.0
 22
-0.16439898372402537
 32
0.0
 13
-1.0
 23
-0.16439898372402537
 33
0.0
  0
ENDBLK
  5
7A
330
78
100
AcDbEntity
  8
0
100
AcDbBlockEnd
  0
BLOCK
  5
85
330
84
100
AcDbEntity
  8
0
100
AcDbBlockBegin
  2
_CLOSEDBLANK
 70
0
 10
0.0
 20
0.0
 30
0.0
  3
_CLOSEDBLANK
  1

  0
LWPOLYLINE
  5
87
330
84
100
AcDbEntity
  8
0
  6
BYBLOCK
 62
0
100
AcDbPolyline
 90
3
 70
1
 10
-1.0
 20
0.16439898372402537
 10
0.0
 20
0.0
 10
-1.0
 20
-0.16439898372402537
  0
ENDBLK
  5
86
330
84
100
AcDbEntity
  8
0
100
AcDbBlockEnd
  0
BLOCK
  5
A2
330
A1
100
AcDbEntity
  8
0
100
AcDbBlockBegin
  2
A2-SECMARK
 70
0
 10
0.0
 20
0.0
 30
0.0
  3
A2-SECMARK
  1

  0
CIRCLE
  5
A4
330
A1
100
AcDbEntity
  8
S-SECTION
100
AcDbCircle
 10
0.0
 20
0.0
 30
0.0
 40
3.6
  0
ENDBLK
  5
A3
330
A1
100
AcDbEntity
  8
0
100
AcDbBlockEnd
  0
BLOCK
  5
A6
330
A5
100
AcDbEntity
  8
0
100
AcDbBlockBegin
  2
A2-LEVEL
 70
0
 10
0.0
 20
0.0
 30
0.0
  3
A2-LEVEL
  1

  0
LWPOLYLINE
  5
A8
330
A5
100
AcDbEntity
  8
S-LEVEL
100
AcDbPolyline
 90
3
 70
1
 10
0.0
 20
0.0
 10
-1.9
 20
2.8
 10
1.9
 20
2.8
  0
ENDBLK
  5
A7
330
A5
100
AcDbEntity
  8
0
100
AcDbBlockEnd
  0
BLOCK
  5
AA
330
A9
100
AcDbEntity
  8
0
100
AcDbBlockBegin
  2
A2-NORTH
 70
0
 10
0.0
 20
0.0
 30
0.0
  3
A2-NORTH
  1

  0
CIRCLE
  5
AC
330
A9
100
AcDbEntity
  8
S-TITLE
100
AcDbCircle
 10
0.0
 20
0.0
 30
0.0
 40
7.0
  0
LWPOLYLINE
  5
AD
330
A9
100
AcDbEntity
  8
S-TITLE
100
AcDbPolyline
 90
4
 70
1
 10
0.0
 20
6.0
 10
-2.2
 20
-4.2
 10
0.0
 20
-1.8
 10
2.2
 20
-4.2
  0
ENDBLK
  5
AB
330
A9
100
AcDbEntity
  8
0
100
AcDbBlockEnd
  0
BLOCK
  5
1B6
330
1B5
100
AcDbEntity
  8
0
100
AcDbBlockBegin
  2
*D1
 70
1
 10
0.0
 20
0.0
 30
0.0
  3
*D1
  1

  0
LINE
  5
1B8
330
1B5
100
AcDbEntity
  8
0
 62
7
370
13
100
AcDbLine
 10
80.0
 20
284.0
 30
0.0
 11
80.0
 21
270.56666666666666
 31
0.0
  0
LINE
  5
1B9
330
1B5
100
AcDbEntity
  8
0
 62
7
370
13
100
AcDbLine
 10
82.66666666666667
 20
284.0
 30
0.0
 11
82.66666666666667
 21
270.56666666666666
 31
0.0
  0
INSERT
  5
1BA
330
1B5
100
AcDbEntity
  8
S-DIM
 62
7
100
AcDbBlockReference
  2
_ARCHTICK
 10
80.0
 20
271.6666666666667
 30
0.0
 41
1.1
 42
1.1
  0
INSERT
  5
1BC
330
1B5
100
AcDbEntity
  8
S-DIM
 62
7
100
AcDbBlockReference
  2
_ARCHTICK
 10
82.66666666666667
 20
271.6666666666667
 30
0.0
 41
1.1
 42
1.1
 50
180.0
  0
LINE
  5
1BE
330
1B5
100
AcDbEntity
  8
0
 62
7
370
13
100
AcDbLine
 10
80.0
 20
271.6666666666667
 30
0.0
 11
82.66666666666667
 21
271.6666666666667
 31
0.0
  0
MTEXT
  5
1BF
330
1B5
100
AcDbEntity
  8
S-DIM
 62
7
100
AcDbMText
 10
81.33333333333334
 20
274.3666666666667
 30
0.0
 40
1.8
 71
5
  1
200
  7
OpenSans
  0
POINT
  5
1C0
330
1B5
100
AcDbEntity
  8
Defpoints
100
AcDbPoint
 10
80.0
 20
271.6666666666667
 30
0.0
  0
POINT
  5
1C1
330
1B5
100
AcDbEntity
  8
Defpoints
100
AcDbPoint
 10
80.0
 20
285.0
 30
0.0
  0
POINT
  5
1C2
330
1B5
100
AcDbEntity
  8
Defpoints
100
AcDbPoint
 10
82.66666666666667
 20
285.0
 30
0.0
  0
ENDBLK
  5
1B7
330
1B5
100
AcDbEntity
  8
0
100
AcDbBlockEnd
  0
BLOCK
  5
1C5
330
1C4
100
AcDbEntity
  8
0
100
AcDbBlockBegin
  2
*D2
 70
1
 10
0.0
 20
0.0
 30
0.0
  3
*D2
  1

  0
LINE
  5
1C7
330
1C4
100
AcDbEntity
  8
0
 62
7
370
13
100
AcDbLine
 10
82.66666666666667
 20
284.0
 30
0.0
 11
82.66666666666667
 21
270.56666666666666
 31
0.0
  0
LINE
  5
1C8
330
1C4
100
AcDbEntity
  8
0
 62
7
370
13
100
AcDbLine
 10
130.66666666666666
 20
284.0
 30
0.0
 11
130.66666666666666
 21
270.56666666666666
 31
0.0
  0
INSERT
  5
1C9
330
1C4
100
AcDbEntity
  8
S-DIM
 62
7
100
AcDbBlockReference
  2
_ARCHTICK
 10
82.66666666666667
 20
271.6666666666667
 30
0.0
 41
1.1
 42
1.1
 50
180.0
  0
INSERT
  5
1CB
330
1C4
100
AcDbEntity
  8
S-DIM
 62
7
100
AcDbBlockReference
  2
_ARCHTICK
 10
130.66666666666666
 20
271.6666666666667
 30
0.0
 41
1.1
 42
1.1
  0
LINE
  5
1CD
330
1C4
100
AcDbEntity
  8
0
 62
7
370
13
100
AcDbLine
 10
82.66666666666667
 20
271.6666666666667
 30
0.0
 11
130.66666666666666
 21
271.6666666666667
 31
0.0
  0
MTEXT
  5
1CE
330
1C4
100
AcDbEntity
  8
S-DIM
 62
7
100
AcDbMText
 10
106.66666666666666
 20
273.2666666666667
 30
0.0
 40
1.8
 71
5
  1
3600
  7
OpenSans
  0
POINT
  5
1CF
330
1C4
100
AcDbEntity
  8
Defpoints
100
AcDbPoint
 10
82.66666666666667
 20
271.6666666666667
 30
0.0
  0
POINT
  5
1D0
330
1C4
100
AcDbEntity
  8
Defpoints
100
AcDbPoint
 10
82.66666666666667
 20
285.0
 30
0.0
  0
POINT
  5
1D1
330
1C4
100
AcDbEntity
  8
Defpoints
100
AcDbPoint
 10
130.66666666666666
 20
285.0
 30
0.0
  0
ENDBLK
  5
1C6
330
1C4
100
AcDbEntity
  8
0
100
AcDbBlockEnd
  0
BLOCK
  5
1D4
330
1D3
100
AcDbEntity
  8
0
100
AcDbBlockBegin
  2
*D3
 70
1
 10
0.0
 20
0.0
 30
0.0
  3
*D3
  1

  0
LINE
  5
1D6
330
1D3
100
AcDbEntity
  8
0
 62
7
370
13
100
AcDbLine
 10
130.66666666666666
 20
284.0
 30
0.0
 11
130.66666666666666
 21
270.56666666666666
 31
0.0
  0
LINE
  5
1D7
330
1D3
100
AcDbEntity
  8
0
 62
7
370
13
100
AcDbLine
 10
133.33333333333334
 20
284.0
 30
0.0
 11
133.33333333333334
 21
270.56666666666666
 31
0.0
  0
INSERT
  5
1D8
330
1D3
100
AcDbEntity
  8
S-DIM
 62
7
100
AcDbBlockReference
  2
_ARCHTICK
 10
130.66666666666666
 20
271.6666666666667
 30
0.0
 41
1.1
 42
1.1
  0
INSERT
  5
1DA
330
1D3
100
AcDbEntity
  8
S-DIM
 62
7
100
AcDbBlockReference
  2
_ARCHTICK
 10
133.33333333333334
 20
271.6666666666667
 30
0.0
 41
1.1
 42
1.1
 50
180.0
  0
LINE
  5
1DC
330
1D3
100
AcDbEntity
  8
0
 62
7
370
13
100
AcDbLine
 10
130.66666666666666
 20
271.6666666666667
 30
0.0
 11
133.33333333333334
 21
271.6666666666667
 31
0.0
  0
MTEXT
  5
1DD
330
1D3
100
AcDbEntity
  8
S-DIM
 62
7
100
AcDbMText
 10
132.0
 20
274.3666666666667
 30
0.0
 40
1.8
 71
5
  1
200
  7
OpenSans
  0
POINT
  5
1DE
330
1D3
100
AcDbEntity
  8
Defpoints
100
AcDbPoint
 10
130.66666666666666
 20
271.6666666666667
 30
0.0
  0
POINT
  5
1DF
330
1D3
100
AcDbEntity
  8
Defpoints
100
AcDbPoint
 10
130.66666666666666
 20
285.0
 30
0.0
  0
POINT
  5
1E0
330
1D3
100
AcDbEntity
  8
Defpoints
100
AcDbPoint
 10
133.33333333333334
 20
285.0
 30
0.0
  0
ENDBLK
  5
1D5
330
1D3
100
AcDbEntity
  8
0
100
AcDbBlockEnd
  0
BLOCK
  5
1E3
330
1E2
100
AcDbEntity
  8
0
100
AcDbBlockBegin
  2
*D4
 70
1
 10
0.0
 20
0.0
 30
0.0
  3
*D4
  1

  0
LINE
  5
1E5
330
1E2
100
AcDbEntity
  8
0
 62
7
370
13
100
AcDbLine
 10
80.0
 20
284.0
 30
0.0
 11
80.0
 21
262.56666666666666
 31
0.0
  0
LINE
  5
1E6
330
1E2
100
AcDbEntity
  8
0
 62
7
370
13
100
AcDbLine
 10
133.33333333333334
 20
284.0
 30
0.0
 11
133.33333333333334
 21
262.56666666666666
 31
0.0
  0
INSERT
  5
1E7
330
1E2
100
AcDbEntity
  8
S-DIM
 62
7
100
AcDbBlockReference
  2
_ARCHTICK
 10
80.0
 20
263.6666666666667
 30
0.0
 41
1.1
 42
1.1
 50
180.0
  0
INSERT
  5
1E9
330
1E2
100
AcDbEntity
  8
S-DIM
 62
7
100
AcDbBlockReference
  2
_ARCHTICK
 10
133.33333333333334
 20
263.6666666666667
 30
0.0
 41
1.1
 42
1.1
  0
LINE
  5
1EB
330
1E2
100
AcDbEntity
  8
0
 62
7
370
13
100
AcDbLine
 10
80.0
 20
263.6666666666667
 30
0.0
 11
133.33333333333334
 21
263.6666666666667
 31
0.0
  0
MTEXT
  5
1EC
330
1E2
100
AcDbEntity
  8
S-DIM
 62
7
100
AcDbMText
 10
106.66666666666667
 20
265.2666666666667
 30
0.0
 40
1.8
 71
5
  1
4000
  7
OpenSans
  0
POINT
  5
1ED
330
1E2
100
AcDbEntity
  8
Defpoints
100
AcDbPoint
 10
80.0
 20
263.6666666666667
 30
0.0
  0
POINT
  5
1EE
330
1E2
100
AcDbEntity
  8
Defpoints
100
AcDbPoint
 10
80.0
 20
285.0
 30
0.0
  0
POINT
  5
1EF
330
1E2
100
AcDbEntity
  8
Defpoints
100
AcDbPoint
 10
133.33333333333334
 20
285.0
 30
0.0
  0
ENDBLK
  5
1E4
330
1E2
100
AcDbEntity
  8
0
100
AcDbBlockEnd
  0
BLOCK
  5
1F2
330
1F1
100
AcDbEntity
  8
0
100
AcDbBlockBegin
  2
*D5
 70
1
 10
0.0
 20
0.0
 30
0.0
  3
*D5
  1

  0
LINE
  5
1F4
330
1F1
100
AcDbEntity
  8
0
 62
7
370
13
100
AcDbLine
 10
134.33333333333334
 20
285.0
 30
0.0
 11
145.1
 21
285.0
 31
0.0
  0
LINE
  5
1F5
330
1F1
100
AcDbEntity
  8
0
 62
7
370
13
100
AcDbLine
 10
134.33333333333334
 20
287.6666666666667
 30
0.0
 11
145.1
 21
287.6666666666667
 31
0.0
  0
INSERT
  5
1F6
330
1F1
100
AcDbEntity
  8
S-DIM
 62
7
100
AcDbBlockReference
  2
_ARCHTICK
 10
144.0
 20
285.0
 30
0.0
 41
1.1
 42
1.1
 50
90.0
  0
INSERT
  5
1F8
330
1F1
100
AcDbEntity
  8
S-DIM
 62
7
100
AcDbBlockReference
  2
_ARCHTICK
 10
144.0
 20
287.6666666666667
 30
0.0
 41
1.1
 42
1.1
 50
270.0
  0
LINE
  5
1FA
330
1F1
100
AcDbEntity
  8
0
 62
7
370
13
100
AcDbLine
 10
144.0
 20
285.0
 30
0.0
 11
144.0
 21
287.6666666666667
 31
0.0
  0
MTEXT
  5
1FB
330
1F1
100
AcDbEntity
  8
S-DIM
 62
7
100
AcDbMText
 10
141.3
 20
286.33333333333337
 30
0.0
 40
1.8
 71
5
  1
200
  7
OpenSans
 50
90.0
  0
POINT
  5
1FC
330
1F1
100
AcDbEntity
  8
Defpoints
100
AcDbPoint
 10
144.0
 20
285.0
 30
0.0
  0
POINT
  5
1FD
330
1F1
100
AcDbEntity
  8
Defpoints
100
AcDbPoint
 10
133.33333333333334
 20
285.0
 30
0.0
  0
POINT
  5
1FE
330
1F1
100
AcDbEntity
  8
Defpoints
100
AcDbPoint
 10
133.33333333333334
 20
287.6666666666667
 30
0.0
  0
ENDBLK
  5
1F3
330
1F1
100
AcDbEntity
  8
0
100
AcDbBlockEnd
  0
BLOCK
  5
201
330
200
100
AcDbEntity
  8
0
100
AcDbBlockBegin
  2
*D6
 70
1
 10
0.0
 20
0.0
 30
0.0
  3
*D6
  1

  0
LINE
  5
203
330
200
100
AcDbEntity
  8
0
 62
7
370
13
100
AcDbLine
 10
134.33333333333334
 20
287.6666666666667
 30
0.0
 11
145.1
 21
287.6666666666667
 31
0.0
  0
LINE
  5
204
330
200
100
AcDbEntity
  8
0
 62
7
370
13
100
AcDbLine
 10
134.33333333333334
 20
349.0
 30
0.0
 11
145.1
 21
349.0
 31
0.0
  0
INSERT
  5
205
330
200
100
AcDbEntity
  8
S-DIM
 62
7
100
AcDbBlockReference
  2
_ARCHTICK
 10
144.0
 20
287.6666666666667
 30
0.0
 41
1.1
 42
1.1
 50
270.0
  0
INSERT
  5
207
330
200
100
AcDbEntity
  8
S-DIM
 62
7
100
AcDbBlockReference
  2
_ARCHTICK
 10
144.0
 20
349.0
 30
0.0
 41
1.1
 42
1.1
 50
90.0
  0
LINE
  5
209
330
200
100
AcDbEntity
  8
0
 62
7
370
13
100
AcDbLine
 10
144.0
 20
287.6666666666667
 30
0.0
 11
144.0
 21
349.0
 31
0.0
  0
MTEXT
  5
20A
330
200
100
AcDbEntity
  8
S-DIM
 62
7
100
AcDbMText
 10
142.4
 20
318.33333333333337
 30
0.0
 40
1.8
 71
5
  1
4600
  7
OpenSans
 50
90.0
  0
POINT
  5
20B
330
200
100
AcDbEntity
  8
Defpoints
100
AcDbPoint
 10
144.0
 20
287.6666666666667
 30
0.0
  0
POINT
  5
20C
330
200
100
AcDbEntity
  8
Defpoints
100
AcDbPoint
 10
133.33333333333334
 20
287.6666666666667
 30
0.0
  0
POINT
  5
20D
330
200
100
AcDbEntity
  8
Defpoints
100
AcDbPoint
 10
133.33333333333334
 20
349.0
 30
0.0
  0
ENDBLK
  5
202
330
200
100
AcDbEntity
  8
0
100
AcDbBlockEnd
  0
BLOCK
  5
210
330
20F
100
AcDbEntity
  8
0
100
AcDbBlockBegin
  2
*D7
 70
1
 10
0.0
 20
0.0
 30
0.0
  3
*D7
  1

  0
LINE
  5
212
330
20F
100
AcDbEntity
  8
0
 62
7
370
13
100
AcDbLine
 10
134.33333333333334
 20
349.0
 30
0.0
 11
145.1
 21
349.0
 31
0.0
  0
LINE
  5
213
330
20F
100
AcDbEntity
  8
0
 62
7
370
13
100
AcDbLine
 10
134.33333333333334
 20
351.6666666666667
 30
0.0
 11
145.1
 21
351.6666666666667
 31
0.0
  0
INSERT
  5
214
330
20F
100
AcDbEntity
  8
S-DIM
 62
7
100
AcDbBlockReference
  2
_ARCHTICK
 10
144.0
 20
349.0
 30
0.0
 41
1.1
 42
1.1
 50
90.0
  0
INSERT
  5
216
330
20F
100
AcDbEntity
  8
S-DIM
 62
7
100
AcDbBlockReference
  2
_ARCHTICK
 10
144.0
 20
351.6666666666667
 30
0.0
 41
1.1
 42
1.1
 50
270.0
  0
LINE
  5
218
330
20F
100
AcDbEntity
  8
0
 62
7
370
13
100
AcDbLine
 10
144.0
 20
349.0
 30
0.0
 11
144.0
 21
351.6666666666667
 31
0.0
  0
MTEXT
  5
219
330
20F
100
AcDbEntity
  8
S-DIM
 62
7
100
AcDbMText
 10
141.3
 20
350.33333333333337
 30
0.0
 40
1.8
 71
5
  1
200
  7
OpenSans
 50
90.0
  0
POINT
  5
21A
330
20F
100
AcDbEntity
  8
Defpoints
100
AcDbPoint
 10
144.0
 20
349.0
 30
0.0
  0
POINT
  5
21B
330
20F
100
AcDbEntity
  8
Defpoints
100
AcDbPoint
 10
133.33333333333334
 20
349.0
 30
0.0
  0
POINT
  5
21C
330
20F
100
AcDbEntity
  8
Defpoints
100
AcDbPoint
 10
133.33333333333334
 20
351.6666666666667
 30
0.0
  0
ENDBLK
  5
211
330
20F
100
AcDbEntity
  8
0
100
AcDbBlockEnd
  0
BLOCK
  5
21F
330
21E
100
AcDbEntity
  8
0
100
AcDbBlockBegin
  2
*D8
 70
1
 10
0.0
 20
0.0
 30
0.0
  3
*D8
  1

  0
LINE
  5
221
330
21E
100
AcDbEntity
  8
0
 62
7
370
13
100
AcDbLine
 10
134.33333333333334
 20
285.0
 30
0.0
 11
153.1
 21
285.0
 31
0.0
  0
LINE
  5
222
330
21E
100
AcDbEntity
  8
0
 62
7
370
13
100
AcDbLine
 10
134.33333333333334
 20
351.6666666666667
 30
0.0
 11
153.1
 21
351.6666666666667
 31
0.0
  0
INSERT
  5
223
330
21E
100
AcDbEntity
  8
S-DIM
 62
7
100
AcDbBlockReference
  2
_ARCHTICK
 10
152.0
 20
285.0
 30
0.0
 41
1.1
 42
1.1
 50
270.0
  0
INSERT
  5
225
330
21E
100
AcDbEntity
  8
S-DIM
 62
7
100
AcDbBlockReference
  2
_ARCHTICK
 10
152.0
 20
351.6666666666667
 30
0.0
 41
1.1
 42
1.1
 50
90.0
  0
LINE
  5
227
330
21E
100
AcDbEntity
  8
0
 62
7
370
13
100
AcDbLine
 10
152.0
 20
285.0
 30
0.0
 11
152.0
 21
351.6666666666667
 31
0.0
  0
MTEXT
  5
228
330
21E
100
AcDbEntity
  8
S-DIM
 62
7
100
AcDbMText
 10
150.4
 20
318.33333333333337
 30
0.0
 40
1.8
 71
5
  1
5000
  7
OpenSans
 50
90.0
  0
POINT
  5
229
330
21E
100
AcDbEntity
  8
Defpoints
100
AcDbPoint
 10
152.0
 20
285.0
 30
0.0
  0
POINT
  5
22A
330
21E
100
AcDbEntity
  8
Defpoints
100
AcDbPoint
 10
133.33333333333334
 20
285.0
 30
0.0
  0
POINT
  5
22B
330
21E
100
AcDbEntity
  8
Defpoints
100
AcDbPoint
 10
133.33333333333334
 20
351.6666666666667
 30
0.0
  0
ENDBLK
  5
220
330
21E
100
AcDbEntity
  8
0
100
AcDbBlockEnd
  0
BLOCK
  5
400
330
3FF
100
AcDbEntity
  8
0
100
AcDbBlockBegin
  2
*D9
 70
1
 10
0.0
 20
0.0
 30
0.0
  3
*D9
  1

  0
LINE
  5
402
330
3FF
100
AcDbEntity
  8
0
 62
7
370
13
100
AcDbLine
 10
198.0
 20
284.0
 30
0.0
 11
198.0
 21
270.56666666666666
 31
0.0
  0
LINE
  5
403
330
3FF
100
AcDbEntity
  8
0
 62
7
370
13
100
AcDbLine
 10
200.66666666666666
 20
284.0
 30
0.0
 11
200.66666666666666
 21
270.56666666666666
 31
0.0
  0
INSERT
  5
404
330
3FF
100
AcDbEntity
  8
S-DIM
 62
7
100
AcDbBlockReference
  2
_ARCHTICK
 10
198.0
 20
271.6666666666667
 30
0.0
 41
1.1
 42
1.1
  0
INSERT
  5
406
330
3FF
100
AcDbEntity
  8
S-DIM
 62
7
100
AcDbBlockReference
  2
_ARCHTICK
 10
200.66666666666666
 20
271.6666666666667
 30
0.0
 41
1.1
 42
1.1
 50
180.0
  0
LINE
  5
408
330
3FF
100
AcDbEntity
  8
0
 62
7
370
13
100
AcDbLine
 10
198.0
 20
271.6666666666667
 30
0.0
 11
200.66666666666666
 21
271.6666666666667
 31
0.0
  0
MTEXT
  5
409
330
3FF
100
AcDbEntity
  8
S-DIM
 62
7
100
AcDbMText
 10
199.33333333333331
 20
274.3666666666667
 30
0.0
 40
1.8
 71
5
  1
200
  7
OpenSans
  0
POINT
  5
40A
330
3FF
100
AcDbEntity
  8
Defpoints
100
AcDbPoint
 10
198.0
 20
271.6666666666667
 30
0.0
  0
POINT
  5
40B
330
3FF
100
AcDbEntity
  8
Defpoints
100
AcDbPoint
 10
198.0
 20
285.0
 30
0.0
  0
POINT
  5
40C
330
3FF
100
AcDbEntity
  8
Defpoints
100
AcDbPoint
 10
200.66666666666666
 20
285.0
 30
0.0
  0
ENDBLK
  5
401
330
3FF
100
AcDbEntity
  8
0
100
AcDbBlockEnd
  0
BLOCK
  5
40F
330
40E
100
AcDbEntity
  8
0
100
AcDbBlockBegin
  2
*D10
 70
1
 10
0.0
 20
0.0
 30
0.0
  3
*D10
  1

  0
LINE
  5
411
330
40E
100
AcDbEntity
  8
0
 62
7
370
13
100
AcDbLine
 10
200.66666666666666
 20
284.0
 30
0.0
 11
200.66666666666666
 21
270.56666666666666
 31
0.0
  0
LINE
  5
412
330
40E
100
AcDbEntity
  8
0
 62
7
370
13
100
AcDbLine
 10
248.66666666666666
 20
284.0
 30
0.0
 11
248.66666666666666
 21
270.56666666666666
 31
0.0
  0
INSERT
  5
413
330
40E
100
AcDbEntity
  8
S-DIM
 62
7
100
AcDbBlockReference
  2
_ARCHTICK
 10
200.66666666666666
 20
271.6666666666667
 30
0.0
 41
1.1
 42
1.1
 50
180.0
  0
INSERT
  5
415
330
40E
100
AcDbEntity
  8
S-DIM
 62
7
100
AcDbBlockReference
  2
_ARCHTICK
 10
248.66666666666666
 20
271.6666666666667
 30
0.0
 41
1.1
 42
1.1
  0
LINE
  5
417
330
40E
100
AcDbEntity
  8
0
 62
7
370
13
100
AcDbLine
 10
200.66666666666666
 20
271.6666666666667
 30
0.0
 11
248.66666666666666
 21
271.6666666666667
 31
0.0
  0
MTEXT
  5
418
330
40E
100
AcDbEntity
  8
S-DIM
 62
7
100
AcDbMText
 10
224.66666666666666
 20
273.2666666666667
 30
0.0
 40
1.8
 71
5
  1
3600
  7
OpenSans
  0
POINT
  5
419
330
40E
100
AcDbEntity
  8
Defpoints
100
AcDbPoint
 10
200.66666666666666
 20
271.6666666666667
 30
0.0
  0
POINT
  5
41A
330
40E
100
AcDbEntity
  8
Defpoints
100
AcDbPoint
 10
200.66666666666666
 20
285.0
 30
0.0
  0
POINT
  5
41B
330
40E
100
AcDbEntity
  8
Defpoints
100
AcDbPoint
 10
248.66666666666666
 20
285.0
 30
0.0
  0
ENDBLK
  5
410
330
40E
100
AcDbEntity
  8
0
100
AcDbBlockEnd
  0
BLOCK
  5
41E
330
41D
100
AcDbEntity
  8
0
100
AcDbBlockBegin
  2
*D11
 70
1
 10
0.0
 20
0.0
 30
0.0
  3
*D11
  1

  0
LINE
  5
420
330
41D
100
AcDbEntity
  8
0
 62
7
370
13
100
AcDbLine
 10
248.66666666666666
 20
284.0
 30
0.0
 11
248.66666666666666
 21
270.56666666666666
 31
0.0
  0
LINE
  5
421
330
41D
100
AcDbEntity
  8
0
 62
7
370
13
100
AcDbLine
 10
251.33333333333334
 20
284.0
 30
0.0
 11
251.33333333333334
 21
270.56666666666666
 31
0.0
  0
INSERT
  5
422
330
41D
100
AcDbEntity
  8
S-DIM
 62
7
100
AcDbBlockReference
  2
_ARCHTICK
 10
248.66666666666666
 20
271.6666666666667
 30
0.0
 41
1.1
 42
1.1
  0
INSERT
  5
424
330
41D
100
AcDbEntity
  8
S-DIM
 62
7
100
AcDbBlockReference
  2
_ARCHTICK
 10
251.33333333333334
 20
271.6666666666667
 30
0.0
 41
1.1
 42
1.1
 50
180.0
  0
LINE
  5
426
330
41D
100
AcDbEntity
  8
0
 62
7
370
13
100
AcDbLine
 10
248.66666666666666
 20
271.6666666666667
 30
0.0
 11
251.33333333333334
 21
271.6666666666667
 31
0.0
  0
MTEXT
  5
427
330
41D
100
AcDbEntity
  8
S-DIM
 62
7
100
AcDbMText
 10
250.0
 20
274.3666666666667
 30
0.0
 40
1.8
 71
5
  1
200
  7
OpenSans
  0
POINT
  5
428
330
41D
100
AcDbEntity
  8
Defpoints
100
AcDbPoint
 10
248.66666666666666
 20
271.6666666666667
 30
0.0
  0
POINT
  5
429
330
41D
100
AcDbEntity
  8
Defpoints
100
AcDbPoint
 10
248.66666666666666
 20
285.0
 30
0.0
  0
POINT
  5
42A
330
41D
100
AcDbEntity
  8
Defpoints
100
AcDbPoint
 10
251.33333333333334
 20
285.0
 30
0.0
  0
ENDBLK
  5
41F
330
41D
100
AcDbEntity
  8
0
100
AcDbBlockEnd
  0
BLOCK
  5
42D
330
42C
100
AcDbEntity
  8
0
100
AcDbBlockBegin
  2
*D12
 70
1
 10
0.0
 20
0.0
 30
0.0
  3
*D12
  1

  0
LINE
  5
42F
330
42C
100
AcDbEntity
  8
0
 62
7
370
13
100
AcDbLine
 10
198.0
 20
284.0
 30
0.0
 11
198.0
 21
262.56666666666666
 31
0.0
  0
LINE
  5
430
330
42C
100
AcDbEntity
  8
0
 62
7
370
13
100
AcDbLine
 10
251.33333333333334
 20
284.0
 30
0.0
 11
251.33333333333334
 21
262.56666666666666
 31
0.0
  0
INSERT
  5
431
330
42C
100
AcDbEntity
  8
S-DIM
 62
7
100
AcDbBlockReference
  2
_ARCHTICK
 10
198.0
 20
263.6666666666667
 30
0.0
 41
1.1
 42
1.1
 50
180.0
  0
INSERT
  5
433
330
42C
100
AcDbEntity
  8
S-DIM
 62
7
100
AcDbBlockReference
  2
_ARCHTICK
 10
251.33333333333334
 20
263.6666666666667
 30
0.0
 41
1.1
 42
1.1
  0
LINE
  5
435
330
42C
100
AcDbEntity
  8
0
 62
7
370
13
100
AcDbLine
 10
198.0
 20
263.6666666666667
 30
0.0
 11
251.33333333333334
 21
263.6666666666667
 31
0.0
  0
MTEXT
  5
436
330
42C
100
AcDbEntity
  8
S-DIM
 62
7
100
AcDbMText
 10
224.66666666666669
 20
265.2666666666667
 30
0.0
 40
1.8
 71
5
  1
4000
  7
OpenSans
  0
POINT
  5
437
330
42C
100
AcDbEntity
  8
Defpoints
100
AcDbPoint
 10
198.0
 20
263.6666666666667
 30
0.0
  0
POINT
  5
438
330
42C
100
AcDbEntity
  8
Defpoints
100
AcDbPoint
 10
198.0
 20
285.0
 30
0.0
  0
POINT
  5
439
330
42C
100
AcDbEntity
  8
Defpoints
100
AcDbPoint
 10
251.33333333333334
 20
285.0
 30
0.0
  0
ENDBLK
  5
42E
330
42C
100
AcDbEntity
  8
0
100
AcDbBlockEnd
  0
BLOCK
  5
43C
330
43B
100
AcDbEntity
  8
0
100
AcDbBlockBegin
  2
*D13
 70
1
 10
0.0
 20
0.0
 30
0.0
  3
*D13
  1

  0
LINE
  5
43E
330
43B
100
AcDbEntity
  8
0
 62
7
370
13
100
AcDbLine
 10
252.33333333333334
 20
285.0
 30
0.0
 11
263.1
 21
285.0
 31
0.0
  0
LINE
  5
43F
330
43B
100
AcDbEntity
  8
0
 62
7
370
13
100
AcDbLine
 10
252.33333333333334
 20
287.6666666666667
 30
0.0
 11
263.1
 21
287.6666666666667
 31
0.0
  0
INSERT
  5
440
330
43B
100
AcDbEntity
  8
S-DIM
 62
7
100
AcDbBlockReference
  2
_ARCHTICK
 10
262.0
 20
285.0
 30
0.0
 41
1.1
 42
1.1
 50
90.0
  0
INSERT
  5
442
330
43B
100
AcDbEntity
  8
S-DIM
 62
7
100
AcDbBlockReference
  2
_ARCHTICK
 10
262.0
 20
287.6666666666667
 30
0.0
 41
1.1
 42
1.1
 50
270.0
  0
LINE
  5
444
330
43B
100
AcDbEntity
  8
0
 62
7
370
13
100
AcDbLine
 10
262.0
 20
285.0
 30
0.0
 11
262.0
 21
287.6666666666667
 31
0.0
  0
MTEXT
  5
445
330
43B
100
AcDbEntity
  8
S-DIM
 62
7
100
AcDbMText
 10
259.3
 20
286.33333333333337
 30
0.0
 40
1.8
 71
5
  1
200
  7
OpenSans
 50
90.0
  0
POINT
  5
446
330
43B
100
AcDbEntity
  8
Defpoints
100
AcDbPoint
 10
262.0
 20
285.0
 30
0.0
  0
POINT
  5
447
330
43B
100
AcDbEntity
  8
Defpoints
100
AcDbPoint
 10
251.33333333333334
 20
285.0
 30
0.0
  0
POINT
  5
448
330
43B
100
AcDbEntity
  8
Defpoints
100
AcDbPoint
 10
251.33333333333334
 20
287.6666666666667
 30
0.0
  0
ENDBLK
  5
43D
330
43B
100
AcDbEntity
  8
0
100
AcDbBlockEnd
  0
BLOCK
  5
44B
330
44A
100
AcDbEntity
  8
0
100
AcDbBlockBegin
  2
*D14
 70
1
 10
0.0
 20
0.0
 30
0.0
  3
*D14
  1

  0
LINE
  5
44D
330
44A
100
AcDbEntity
  8
0
 62
7
370
13
100
AcDbLine
 10
252.33333333333334
 20
287.6666666666667
 30
0.0
 11
263.1
 21
287.6666666666667
 31
0.0
  0
LINE
  5
44E
330
44A
100
AcDbEntity
  8
0
 62
7
370
13
100
AcDbLine
 10
252.33333333333334
 20
349.0
 30
0.0
 11
263.1
 21
349.0
 31
0.0
  0
INSERT
  5
44F
330
44A
100
AcDbEntity
  8
S-DIM
 62
7
100
AcDbBlockReference
  2
_ARCHTICK
 10
262.0
 20
287.6666666666667
 30
0.0
 41
1.1
 42
1.1
 50
270.0
  0
INSERT
  5
451
330
44A
100
AcDbEntity
  8
S-DIM
 62
7
100
AcDbBlockReference
  2
_ARCHTICK
 10
262.0
 20
349.0
 30
0.0
 41
1.1
 42
1.1
 50
90.0
  0
LINE
  5
453
330
44A
100
AcDbEntity
  8
0
 62
7
370
13
100
AcDbLine
 10
262.0
 20
287.6666666666667
 30
0.0
 11
262.0
 21
349.0
 31
0.0
  0
MTEXT
  5
454
330
44A
100
AcDbEntity
  8
S-DIM
 62
7
100
AcDbMText
 10
260.4
 20
318.33333333333337
 30
0.0
 40
1.8
 71
5
  1
4600
  7
OpenSans
 50
90.0
  0
POINT
  5
455
330
44A
100
AcDbEntity
  8
Defpoints
100
AcDbPoint
 10
262.0
 20
287.6666666666667
 30
0.0
  0
POINT
  5
456
330
44A
100
AcDbEntity
  8
Defpoints
100
AcDbPoint
 10
251.33333333333334
 20
287.6666666666667
 30
0.0
  0
POINT
  5
457
330
44A
100
AcDbEntity
  8
Defpoints
100
AcDbPoint
 10
251.33333333333334
 20
349.0
 30
0.0
  0
ENDBLK
  5
44C
330
44A
100
AcDbEntity
  8
0
100
AcDbBlockEnd
  0
BLOCK
  5
45A
330
459
100
AcDbEntity
  8
0
100
AcDbBlockBegin
  2
*D15
 70
1
 10
0.0
 20
0.0
 30
0.0
  3
*D15
  1

  0
LINE
  5
45C
330
459
100
AcDbEntity
  8
0
 62
7
370
13
100
AcDbLine
 10
252.33333333333334
 20
349.0
 30
0.0
 11
263.1
 21
349.0
 31
0.0
  0
LINE
  5
45D
330
459
100
AcDbEntity
  8
0
 62
7
370
13
100
AcDbLine
 10
252.33333333333334
 20
351.6666666666667
 30
0.0
 11
263.1
 21
351.6666666666667
 31
0.0
  0
INSERT
  5
45E
330
459
100
AcDbEntity
  8
S-DIM
 62
7
100
AcDbBlockReference
  2
_ARCHTICK
 10
262.0
 20
349.0
 30
0.0
 41
1.1
 42
1.1
 50
90.0
  0
INSERT
  5
460
330
459
100
AcDbEntity
  8
S-DIM
 62
7
100
AcDbBlockReference
  2
_ARCHTICK
 10
262.0
 20
351.6666666666667
 30
0.0
 41
1.1
 42
1.1
 50
270.0
  0
LINE
  5
462
330
459
100
AcDbEntity
  8
0
 62
7
370
13
100
AcDbLine
 10
262.0
 20
349.0
 30
0.0
 11
262.0
 21
351.6666666666667
 31
0.0
  0
MTEXT
  5
463
330
459
100
AcDbEntity
  8
S-DIM
 62
7
100
AcDbMText
 10
259.3
 20
350.33333333333337
 30
0.0
 40
1.8
 71
5
  1
200
  7
OpenSans
 50
90.0
  0
POINT
  5
464
330
459
100
AcDbEntity
  8
Defpoints
100
AcDbPoint
 10
262.0
 20
349.0
 30
0.0
  0
POINT
  5
465
330
459
100
AcDbEntity
  8
Defpoints
100
AcDbPoint
 10
251.33333333333334
 20
349.0
 30
0.0
  0
POINT
  5
466
330
459
100
AcDbEntity
  8
Defpoints
100
AcDbPoint
 10
251.33333333333334
 20
351.6666666666667
 30
0.0
  0
ENDBLK
  5
45B
330
459
100
AcDbEntity
  8
0
100
AcDbBlockEnd
  0
BLOCK
  5
469
330
468
100
AcDbEntity
  8
0
100
AcDbBlockBegin
  2
*D16
 70
1
 10
0.0
 20
0.0
 30
0.0
  3
*D16
  1

  0
LINE
  5
46B
330
468
100
AcDbEntity
  8
0
 62
7
370
13
100
AcDbLine
 10
252.33333333333334
 20
285.0
 30
0.0
 11
271.1
 21
285.0
 31
0.0
  0
LINE
  5
46C
330
468
100
AcDbEntity
  8
0
 62
7
370
13
100
AcDbLine
 10
252.33333333333334
 20
351.6666666666667
 30
0.0
 11
271.1
 21
351.6666666666667
 31
0.0
  0
INSERT
  5
46D
330
468
100
AcDbEntity
  8
S-DIM
 62
7
100
AcDbBlockReference
  2
_ARCHTICK
 10
270.0
 20
285.0
 30
0.0
 41
1.1
 42
1.1
 50
270.0
  0
INSERT
  5
46F
330
468
100
AcDbEntity
  8
S-DIM
 62
7
100
AcDbBlockReference
  2
_ARCHTICK
 10
270.0
 20
351.6666666666667
 30
0.0
 41
1.1
 42
1.1
 50
90.0
  0
LINE
  5
471
330
468
100
AcDbEntity
  8
0
 62
7
370
13
100
AcDbLine
 10
270.0
 20
285.0
 30
0.0
 11
270.0
 21
351.6666666666667
 31
0.0
  0
MTEXT
  5
472
330
468
100
AcDbEntity
  8
S-DIM
 62
7
100
AcDbMText
 10
268.4
 20
318.33333333333337
 30
0.0
 40
1.8
 71
5
  1
5000
  7
OpenSans
 50
90.0
  0
POINT
  5
473
330
468
100
AcDbEntity
  8
Defpoints
100
AcDbPoint
 10
270.0
 20
285.0
 30
0.0
  0
POINT
  5
474
330
468
100
AcDbEntity
  8
Defpoints
100
AcDbPoint
 10
251.33333333333334
 20
285.0
 30
0.0
  0
POINT
  5
475
330
468
100
AcDbEntity
  8
Defpoints
100
AcDbPoint
 10
251.33333333333334
 20
351.6666666666667
 30
0.0
  0
ENDBLK
  5
46A
330
468
100
AcDbEntity
  8
0
100
AcDbBlockEnd
  0
BLOCK
  5
67B
330
67A
100
AcDbEntity
  8
0
100
AcDbBlockBegin
  2
*D17
 70
1
 10
0.0
 20
0.0
 30
0.0
  3
*D17
  1

  0
LINE
  5
67D
330
67A
100
AcDbEntity
  8
0
 62
7
370
13
100
AcDbLine
 10
219.33333333333334
 20
181.0
 30
0.0
 11
224.1
 21
181.0
 31
0.0
  0
LINE
  5
67E
330
67A
100
AcDbEntity
  8
0
 62
7
370
13
100
AcDbLine
 10
219.33333333333334
 20
202.33333333333334
 30
0.0
 11
224.1
 21
202.33333333333334
 31
0.0
  0
INSERT
  5
67F
330
67A
100
AcDbEntity
  8
S-DIM
 62
7
100
AcDbBlockReference
  2
_ARCHTICK
 10
223.0
 20
181.0
 30
0.0
 41
1.1
 42
1.1
 50
270.0
  0
INSERT
  5
681
330
67A
100
AcDbEntity
  8
S-DIM
 62
7
100
AcDbBlockReference
  2
_ARCHTICK
 10
223.0
 20
202.33333333333334
 30
0.0
 41
1.1
 42
1.1
 50
90.0
  0
LINE
  5
683
330
67A
100
AcDbEntity
  8
0
 62
7
370
13
100
AcDbLine
 10
223.0
 20
181.0
 30
0.0
 11
223.0
 21
202.33333333333334
 31
0.0
  0
MTEXT
  5
684
330
67A
100
AcDbEntity
  8
S-DIM
 62
7
100
AcDbMText
 10
221.4
 20
191.66666666666669
 30
0.0
 40
1.8
 71
5
  1
3200
  7
OpenSans
 50
90.0
  0
POINT
  5
685
330
67A
100
AcDbEntity
  8
Defpoints
100
AcDbPoint
 10
223.0
 20
181.0
 30
0.0
  0
POINT
  5
686
330
67A
100
AcDbEntity
  8
Defpoints
100
AcDbPoint
 10
218.33333333333334
 20
181.0
 30
0.0
  0
POINT
  5
687
330
67A
100
AcDbEntity
  8
Defpoints
100
AcDbPoint
 10
218.33333333333334
 20
202.33333333333334
 30
0.0
  0
ENDBLK
  5
67C
330
67A
100
AcDbEntity
  8
0
100
AcDbBlockEnd
  0
BLOCK
  5
68A
330
689
100
AcDbEntity
  8
0
100
AcDbBlockBegin
  2
*D18
 70
1
 10
0.0
 20
0.0
 30
0.0
  3
*D18
  1

  0
LINE
  5
68C
330
689
100
AcDbEntity
  8
0
 62
7
370
13
100
AcDbLine
 10
219.33333333333334
 20
202.33333333333334
 30
0.0
 11
224.1
 21
202.33333333333334
 31
0.0
  0
LINE
  5
68D
330
689
100
AcDbEntity
  8
0
 62
7
370
13
100
AcDbLine
 10
219.33333333333334
 20
222.66666666666666
 30
0.0
 11
224.1
 21
222.66666666666666
 31
0.0
  0
INSERT
  5
68E
330
689
100
AcDbEntity
  8
S-DIM
 62
7
100
AcDbBlockReference
  2
_ARCHTICK
 10
223.0
 20
202.33333333333334
 30
0.0
 41
1.1
 42
1.1
 50
270.0
  0
INSERT
  5
690
330
689
100
AcDbEntity
  8
S-DIM
 62
7
100
AcDbBlockReference
  2
_ARCHTICK
 10
223.0
 20
222.66666666666666
 30
0.0
 41
1.1
 42
1.1
 50
90.0
  0
LINE
  5
692
330
689
100
AcDbEntity
  8
0
 62
7
370
13
100
AcDbLine
 10
223.0
 20
202.33333333333334
 30
0.0
 11
223.0
 21
222.66666666666666
 31
0.0
  0
MTEXT
  5
693
330
689
100
AcDbEntity
  8
S-DIM
 62
7
100
AcDbMText
 10
221.4
 20
212.5
 30
0.0
 40
1.8
 71
5
  1
3050
  7
OpenSans
 50
90.0
  0
POINT
  5
694
330
689
100
AcDbEntity
  8
Defpoints
100
AcDbPoint
 10
223.0
 20
202.33333333333334
 30
0.0
  0
POINT
  5
695
330
689
100
AcDbEntity
  8
Defpoints
100
AcDbPoint
 10
218.33333333333334
 20
202.33333333333334
 30
0.0
  0
POINT
  5
696
330
689
100
AcDbEntity
  8
Defpoints
100
AcDbPoint
 10
218.33333333333334
 20
222.66666666666666
 30
0.0
  0
ENDBLK
  5
68B
330
689
100
AcDbEntity
  8
0
100
AcDbBlockEnd
  0
BLOCK
  5
6BB
330
6BA
100
AcDbEntity
  8
0
100
AcDbBlockBegin
  2
*D19
 70
1
 10
0.0
 20
0.0
 30
0.0
  3
*D19
  1

  0
LINE
  5
6BD
330
6BA
100
AcDbEntity
  8
0
 62
7
370
13
100
AcDbLine
 10
68.0
 20
68.5
 30
0.0
 11
68.0
 21
53.9
 31
0.0
  0
LINE
  5
6BE
330
6BA
100
AcDbEntity
  8
0
 62
7
370
13
100
AcDbLine
 10
128.0
 20
68.5
 30
0.0
 11
128.0
 21
53.9
 31
0.0
  0
INSERT
  5
6BF
330
6BA
100
AcDbEntity
  8
S-DIM
 62
7
100
AcDbBlockReference
  2
_ARCHTICK
 10
68.0
 20
55.0
 30
0.0
 41
1.1
 42
1.1
 50
180.0
  0
INSERT
  5
6C1
330
6BA
100
AcDbEntity
  8
S-DIM
 62
7
100
AcDbBlockReference
  2
_ARCHTICK
 10
128.0
 20
55.0
 30
0.0
 41
1.1
 42
1.1
  0
LINE
  5
6C3
330
6BA
100
AcDbEntity
  8
0
 62
7
370
13
100
AcDbLine
 10
68.0
 20
55.0
 30
0.0
 11
128.0
 21
55.0
 31
0.0
  0
MTEXT
  5
6C4
330
6BA
100
AcDbEntity
  8
S-DIM
 62
7
100
AcDbMText
 10
98.0
 20
56.6
 30
0.0
 40
1.8
 71
5
  1
1200
  7
OpenSans
  0
POINT
  5
6C5
330
6BA
100
AcDbEntity
  8
Defpoints
100
AcDbPoint
 10
68.0
 20
55.0
 30
0.0
  0
POINT
  5
6C6
330
6BA
100
AcDbEntity
  8
Defpoints
100
AcDbPoint
 10
68.0
 20
69.5
 30
0.0
  0
POINT
  5
6C7
330
6BA
100
AcDbEntity
  8
Defpoints
100
AcDbPoint
 10
128.0
 20
69.5
 30
0.0
  0
ENDBLK
  5
6BC
330
6BA
100
AcDbEntity
  8
0
100
AcDbBlockEnd
  0
BLOCK
  5
6CA
330
6C9
100
AcDbEntity
  8
0
100
AcDbBlockBegin
  2
*D20
 70
1
 10
0.0
 20
0.0
 30
0.0
  3
*D20
  1

  0
LINE
  5
6CC
330
6C9
100
AcDbEntity
  8
0
 62
7
370
13
100
AcDbLine
 10
129.0
 20
69.5
 30
0.0
 11
137.1
 21
69.5
 31
0.0
  0
LINE
  5
6CD
330
6C9
100
AcDbEntity
  8
0
 62
7
370
13
100
AcDbLine
 10
129.0
 20
77.0
 30
0.0
 11
137.1
 21
77.0
 31
0.0
  0
INSERT
  5
6CE
330
6C9
100
AcDbEntity
  8
S-DIM
 62
7
100
AcDbBlockReference
  2
_ARCHTICK
 10
136.0
 20
69.5
 30
0.0
 41
1.1
 42
1.1
 50
270.0
  0
INSERT
  5
6D0
330
6C9
100
AcDbEntity
  8
S-DIM
 62
7
100
AcDbBlockReference
  2
_ARCHTICK
 10
136.0
 20
77.0
 30
0.0
 41
1.1
 42
1.1
 50
90.0
  0
LINE
  5
6D2
330
6C9
100
AcDbEntity
  8
0
 62
7
370
13
100
AcDbLine
 10
136.0
 20
69.5
 30
0.0
 11
136.0
 21
77.0
 31
0.0
  0
MTEXT
  5
6D3
330
6C9
100
AcDbEntity
  8
S-DIM
 62
7
100
AcDbMText
 10
134.4
 20
73.25
 30
0.0
 40
1.8
 71
5
  1
150
  7
OpenSans
 50
90.0
  0
POINT
  5
6D4
330
6C9
100
AcDbEntity
  8
Defpoints
100
AcDbPoint
 10
136.0
 20
69.5
 30
0.0
  0
POINT
  5
6D5
330
6C9
100
AcDbEntity
  8
Defpoints
100
AcDbPoint
 10
128.0
 20
69.5
 30
0.0
  0
POINT
  5
6D6
330
6C9
100
AcDbEntity
  8
Defpoints
100
AcDbPoint
 10
128.0
 20
77.0
 30
0.0
  0
ENDBLK
  5
6CB
330
6C9
100
AcDbEntity
  8
0
100
AcDbBlockEnd
  0
ENDSEC
  0
SECTION
  2
ENTITIES
  0
LWPOLYLINE
  5
AE
330
17
100
AcDbEntity
  8
S-TITLE
100
AcDbPolyline
 90
4
 70
1
 10
27.0
 20
19.1
 10
567.0
 20
19.1
 10
567.0
 20
400.9
 10
27.0
 20
400.9
  0
LWPOLYLINE
  5
AF
330
17
100
AcDbEntity
  8
S-TITLE
100
AcDbPolyline
 90
4
 70
1
 10
38.8
 20
30.9
 10
555.2
 20
30.9
 10
555.2
 20
389.1
 10
38.8
 20
389.1
  0
LINE
  5
B0
330
17
100
AcDbEntity
  8
S-TITLE
100
AcDbLine
 10
464.3
 20
30.9
 30
0.0
 11
464.3
 21
389.1
 31
0.0
  0
LWPOLYLINE
  5
B1
330
17
100
AcDbEntity
  8
S-TITLE
100
AcDbPolyline
 90
4
 70
1
 10
467.0
 20
314.5
 10
552.4
 20
314.5
 10
552.4
 20
386.4
 10
467.0
 20
386.4
  0
LINE
  5
B2
330
17
100
AcDbEntity
  8
S-TITLE
100
AcDbLine
 10
467.0
 20
332.7
 30
0.0
 11
552.4
 21
332.7
 31
0.0
  0
TEXT
  5
B3
330
17
100
AcDbEntity
  8
S-TITLE
100
AcDbText
 10
509.7
 20
366.15
 30
0.0
 40
2.9
  1
UNDERGROUND CBRN-HARDENED
  7
OpenSans
 72
1
 11
509.7
 21
366.15
 31
0.0
100
AcDbText
 73
2
  0
TEXT
  5
B4
330
17
100
AcDbEntity
  8
S-TITLE
100
AcDbText
 10
509.7
 20
361.75
 30
0.0
 40
2.9
  1
BLAST-RESISTANT PROTECTIVE
  7
OpenSans
 72
1
 11
509.7
 21
361.75
 31
0.0
100
AcDbText
 73
2
  0
TEXT
  5
B5
330
17
100
AcDbEntity
  8
S-TITLE
100
AcDbText
 10
509.7
 20
357.35
 30
0.0
 40
2.9
  1
STRUCTURE + SENTRY POST
  7
OpenSans
 72
1
 11
509.7
 21
357.35
 31
0.0
100
AcDbText
 73
2
  0
TEXT
  5
B6
330
17
100
AcDbEntity
  8
S-TITLE
100
AcDbText
 10
509.7
 20
352.95000000000005
 30
0.0
 40
2.9
  1
PUNE, MAHARASHTRA
  7
OpenSans
 72
1
 11
509.7
 21
352.95000000000005
 31
0.0
100
AcDbText
 73
2
  0
TEXT
  5
B7
330
17
100
AcDbEntity
  8
S-TITLE
100
AcDbText
 10
509.7
 20
323.6
 30
0.0
 40
3.3349999999999995
  1
NOTES
  7
OpenSans
 72
1
 11
509.7
 21
323.6
 31
0.0
100
AcDbText
 73
2
  0
LWPOLYLINE
  5
B8
330
17
100
AcDbEntity
  8
S-TITLE
100
AcDbPolyline
 90
4
 70
1
 10
467.0
 20
193.4
 10
552.4
 20
193.4
 10
552.4
 20
311.8
 10
467.0
 20
311.8
  0
TEXT
  5
B9
330
17
100
AcDbEntity
  8
S-NOTE
100
AcDbText
 10
475.0
 20
305.8
 30
0.0
 40
1.7
  1
1.
  7
OpenSans
 11
475.0
 21
305.8
 31
0.0
100
AcDbText
  0
TEXT
  5
BA
330
17
100
AcDbEntity
  8
S-NOTE
100
AcDbText
 10
486.0
 20
305.8
 30
0.0
 40
1.7
  1
ALL DIMENSIONS ARE IN MM. ALL LEVELS ARE IN
  7
OpenSans
 11
486.0
 21
305.8
 31
0.0
100
AcDbText
  0
TEXT
  5
BB
330
17
100
AcDbEntity
  8
S-NOTE
100
AcDbText
 10
486.0
 20
303.369
 30
0.0
 40
1.7
  1
METRES RELATIVE TO FINISHED SITE GRADE 0.000,
  7
OpenSans
 11
486.0
 21
303.369
 31
0.0
100
AcDbText
  0
TEXT
  5
BC
330
17
100
AcDbEntity
  8
S-NOTE
100
AcDbText
 10
486.0
 20
300.93800000000005
 30
0.0
 40
1.7
  1
NEGATIVE DOWNWARDS.
  7
OpenSans
 11
486.0
 21
300.93800000000005
 31
0.0
100
AcDbText
  0
TEXT
  5
BD
330
17
100
AcDbEntity
  8
S-NOTE
100
AcDbText
 10
475.0
 20
298.50700000000006
 30
0.0
 40
1.7
  1
2.
  7
OpenSans
 11
475.0
 21
298.50700000000006
 31
0.0
100
AcDbText
  0
TEXT
  5
BE
330
17
100
AcDbEntity
  8
S-NOTE
100
AcDbText
 10
486.0
 20
298.50700000000006
 30
0.0
 40
1.7
  1
WRITTEN DIM TO BE FOLLOWED ONLY. DRG NOT TO
  7
OpenSans
 11
486.0
 21
298.50700000000006
 31
0.0
100
AcDbText
  0
TEXT
  5
BF
330
17
100
AcDbEntity
  8
S-NOTE
100
AcDbText
 10
486.0
 20
296.0760000000001
 30
0.0
 40
1.7
  1
BE SCALED.
  7
OpenSans
 11
486.0
 21
296.0760000000001
 31
0.0
100
AcDbText
  0
TEXT
  5
C0
330
17
100
AcDbEntity
  8
S-NOTE
100
AcDbText
 10
475.0
 20
293.6450000000001
 30
0.0
 40
1.7
  1
3.
  7
OpenSans
 11
475.0
 21
293.6450000000001
 31
0.0
100
AcDbText
  0
TEXT
  5
C1
330
17
100
AcDbEntity
  8
S-NOTE
100
AcDbText
 10
486.0
 20
293.6450000000001
 30
0.0
 40
1.7
  1
THIS DRG IS TO BE READ IN CONJUNCTION WITH ALL
  7
OpenSans
 11
486.0
 21
293.6450000000001
 31
0.0
100
AcDbText
  0
TEXT
  5
C2
330
17
100
AcDbEntity
  8
S-NOTE
100
AcDbText
 10
486.0
 20
291.2140000000001
 30
0.0
 40
1.7
  1
RELEVANT ARCH, STR AND SERVICES DRGS.
  7
OpenSans
 11
486.0
 21
291.2140000000001
 31
0.0
100
AcDbText
  0
TEXT
  5
C3
330
17
100
AcDbEntity
  8
S-NOTE
100
AcDbText
 10
475.0
 20
288.78300000000013
 30
0.0
 40
1.7
  1
4.
  7
OpenSans
 11
475.0
 21
288.78300000000013
 31
0.0
100
AcDbText
  0
TEXT
  5
C4
330
17
100
AcDbEntity
  8
S-NOTE
100
AcDbText
 10
486.0
 20
288.78300000000013
 30
0.0
 40
1.7
  1
THE SENTRY POST IS AN ABOVE-GROUND FRAMED
  7
OpenSans
 11
486.0
 21
288.78300000000013
 31
0.0
100
AcDbText
  0
TEXT
  5
C5
330
17
100
AcDbEntity
  8
S-NOTE
100
AcDbText
 10
486.0
 20
286.35200000000015
 30
0.0
 40
1.7
  1
STRUCTURE WITH BRICK INFILL. IT IS NOT BLAST
  7
OpenSans
 11
486.0
 21
286.35200000000015
 31
0.0
100
AcDbText
  0
TEXT
  5
C6
330
17
100
AcDbEntity
  8
S-NOTE
100
AcDbText
 10
486.0
 20
283.92100000000016
 30
0.0
 40
1.7
  1
RATED AND IT IS NOT PART OF THE PROTECTIVE
  7
OpenSans
 11
486.0
 21
283.92100000000016
 31
0.0
100
AcDbText
  0
TEXT
  5
C7
330
17
100
AcDbEntity
  8
S-NOTE
100
AcDbText
 10
486.0
 20
281.4900000000002
 30
0.0
 40
1.7
  1
BOUNDARY.
  7
OpenSans
 11
486.0
 21
281.4900000000002
 31
0.0
100
AcDbText
  0
TEXT
  5
C8
330
17
100
AcDbEntity
  8
S-NOTE
100
AcDbText
 10
475.0
 20
279.0590000000002
 30
0.0
 40
1.7
  1
5.
  7
OpenSans
 11
475.0
 21
279.0590000000002
 31
0.0
100
AcDbText
  0
TEXT
  5
C9
330
17
100
AcDbEntity
  8
S-NOTE
100
AcDbText
 10
486.0
 20
279.0590000000002
 30
0.0
 40
1.7
  1
WALL POSITIONS ARE IDENTICAL ON BOTH FLOORS.
  7
OpenSans
 11
486.0
 21
279.0590000000002
 31
0.0
100
AcDbText
  0
TEXT
  5
CA
330
17
100
AcDbEntity
  8
S-NOTE
100
AcDbText
 10
486.0
 20
276.6280000000002
 30
0.0
 40
1.7
  1
DOOR D1 IS IN THE WEST WALL AT Y 1000 - 1900 ON
  7
OpenSans
 11
486.0
 21
276.6280000000002
 31
0.0
100
AcDbText
  0
TEXT
  5
CB
330
17
100
AcDbEntity
  8
S-NOTE
100
AcDbText
 10
486.0
 20
274.19700000000023
 30
0.0
 40
1.7
  1
BOTH STOREYS, HINGED ON THE SOUTH JAMB AND
  7
OpenSans
 11
486.0
 21
274.19700000000023
 31
0.0
100
AcDbText
  0
TEXT
  5
CC
330
17
100
AcDbEntity
  8
S-NOTE
100
AcDbText
 10
486.0
 20
271.76600000000025
 30
0.0
 40
1.7
  1
OPENING EAST INTO THE ROOM, OFF THE EXTERNAL
  7
OpenSans
 11
486.0
 21
271.76600000000025
 31
0.0
100
AcDbText
  0
TEXT
  5
CD
330
17
100
AcDbEntity
  8
S-NOTE
100
AcDbText
 10
486.0
 20
269.33500000000026
 30
0.0
 40
1.7
  1
SPIRAL STAIR LANDING.
  7
OpenSans
 11
486.0
 21
269.33500000000026
 31
0.0
100
AcDbText
  0
TEXT
  5
CE
330
17
100
AcDbEntity
  8
S-NOTE
100
AcDbText
 10
475.0
 20
266.9040000000003
 30
0.0
 40
1.7
  1
6.
  7
OpenSans
 11
475.0
 21
266.9040000000003
 31
0.0
100
AcDbText
  0
TEXT
  5
CF
330
17
100
AcDbEntity
  8
S-NOTE
100
AcDbText
 10
486.0
 20
266.9040000000003
 30
0.0
 40
1.7
  1
THE ROOF PROJECTS 300 ALL ROUND WITH A 300
  7
OpenSans
 11
486.0
 21
266.9040000000003
 31
0.0
100
AcDbText
  0
TEXT
  5
D0
330
17
100
AcDbEntity
  8
S-NOTE
100
AcDbText
 10
486.0
 20
264.4730000000003
 30
0.0
 40
1.7
  1
HIGH PARDI OVER IT. THE FIRST FLOOR DOES NOT
  7
OpenSans
 11
486.0
 21
264.4730000000003
 31
0.0
100
AcDbText
  0
TEXT
  5
D1
330
17
100
AcDbEntity
  8
S-NOTE
100
AcDbText
 10
486.0
 20
262.0420000000003
 30
0.0
 40
1.7
  1
PROJECT; THE FIRST-FLOOR PLAN SHOWS THE ROOF
  7
OpenSans
 11
486.0
 21
262.0420000000003
 31
0.0
100
AcDbText
  0
TEXT
  5
D2
330
17
100
AcDbEntity
  8
S-NOTE
100
AcDbText
 10
486.0
 20
259.61100000000033
 30
0.0
 40
1.7
  1
PROJECTION HIDDEN, AS THE THING OVERHEAD.
  7
OpenSans
 11
486.0
 21
259.61100000000033
 31
0.0
100
AcDbText
  0
TEXT
  5
D3
330
17
100
AcDbEntity
  8
S-NOTE
100
AcDbText
 10
475.0
 20
257.18000000000035
 30
0.0
 40
1.7
  1
7.
  7
OpenSans
 11
475.0
 21
257.18000000000035
 31
0.0
100
AcDbText
  0
TEXT
  5
D4
330
17
100
AcDbEntity
  8
S-NOTE
100
AcDbText
 10
486.0
 20
257.18000000000035
 30
0.0
 40
1.7
  1
GROUND-STOREY INFILL IS 190 ONE-BRICK MODULAR
  7
OpenSans
 11
486.0
 21
257.18000000000035
 31
0.0
100
AcDbText
  0
TEXT
  5
D5
330
17
100
AcDbEntity
  8
S-NOTE
100
AcDbText
 10
486.0
 20
254.74900000000034
 30
0.0
 40
1.7
  1
BRICKWORK TO IS 1077 IN CM 1:6, BUILT INSIDE THE
  7
OpenSans
 11
486.0
 21
254.74900000000034
 31
0.0
100
AcDbText
  0
TEXT
  5
D6
330
17
100
AcDbEntity
  8
S-NOTE
100
AcDbText
 10
486.0
 20
252.31800000000032
 30
0.0
 40
1.7
  1
UNCHANGED 200 STRUCTURAL ZONE BETWEEN THE
  7
OpenSans
 11
486.0
 21
252.31800000000032
 31
0.0
100
AcDbText
  0
TEXT
  5
D7
330
17
100
AcDbEntity
  8
S-NOTE
100
AcDbText
 10
486.0
 20
249.8870000000003
 30
0.0
 40
1.7
  1
COLUMN FACES, THE RESIDUAL 10 TAKEN UP AT THE
  7
OpenSans
 11
486.0
 21
249.8870000000003
 31
0.0
100
AcDbText
  0
TEXT
  5
D8
330
17
100
AcDbEntity
  8
S-NOTE
100
AcDbText
 10
486.0
 20
247.4560000000003
 30
0.0
 40
1.7
  1
INTERNAL FACE IN THE PLASTER.
  7
OpenSans
 11
486.0
 21
247.4560000000003
 31
0.0
100
AcDbText
  0
TEXT
  5
D9
330
17
100
AcDbEntity
  8
S-NOTE
100
AcDbText
 10
475.0
 20
245.0250000000003
 30
0.0
 40
1.7
  1
8.
  7
OpenSans
 11
475.0
 21
245.0250000000003
 31
0.0
100
AcDbText
  0
TEXT
  5
DA
330
17
100
AcDbEntity
  8
S-NOTE
100
AcDbText
 10
486.0
 20
245.0250000000003
 30
0.0
 40
1.7
  1
THE TOP COURSE IS BUILT TIGHT TO THE BEAM
  7
OpenSans
 11
486.0
 21
245.0250000000003
 31
0.0
100
AcDbText
  0
TEXT
  5
DB
330
17
100
AcDbEntity
  8
S-NOTE
100
AcDbText
 10
486.0
 20
242.59400000000028
 30
0.0
 40
1.7
  1
SOFFIT AND THE LAST JOINT PACKED. THE INFILL IS
  7
OpenSans
 11
486.0
 21
242.59400000000028
 31
0.0
100
AcDbText
  0
TEXT
  5
DC
330
17
100
AcDbEntity
  8
S-NOTE
100
AcDbText
 10
486.0
 20
240.16300000000027
 30
0.0
 40
1.7
  1
NOT SEPARATED FROM THE FRAME.
  7
OpenSans
 11
486.0
 21
240.16300000000027
 31
0.0
100
AcDbText
  0
TEXT
  5
DD
330
17
100
AcDbEntity
  8
S-NOTE
100
AcDbText
 10
475.0
 20
237.73200000000026
 30
0.0
 40
1.7
  1
9.
  7
OpenSans
 11
475.0
 21
237.73200000000026
 31
0.0
100
AcDbText
  0
TEXT
  5
DE
330
17
100
AcDbEntity
  8
S-NOTE
100
AcDbText
 10
486.0
 20
237.73200000000026
 30
0.0
 40
1.7
  1
WALL TIES 6 DIA MS AT EVERY FIFTH COURSE,
  7
OpenSans
 11
486.0
 21
237.73200000000026
 31
0.0
100
AcDbText
  0
TEXT
  5
DF
330
17
100
AcDbEntity
  8
S-NOTE
100
AcDbText
 10
486.0
 20
235.30100000000024
 30
0.0
 40
1.7
  1
APPROXIMATELY 450, UP BOTH COLUMN FACES,
  7
OpenSans
 11
486.0
 21
235.30100000000024
 31
0.0
100
AcDbText
  0
TEXT
  5
E0
330
17
100
AcDbEntity
  8
S-NOTE
100
AcDbText
 10
486.0
 20
232.87000000000023
 30
0.0
 40
1.7
  1
PROJECTING 200 INTO THE BED JOINT AND
  7
OpenSans
 11
486.0
 21
232.87000000000023
 31
0.0
100
AcDbText
  0
TEXT
  5
E1
330
17
100
AcDbEntity
  8
S-NOTE
100
AcDbText
 10
486.0
 20
230.43900000000022
 30
0.0
 40
1.7
  1
ANCHORED BY A CAST-IN OR DRILLED-AND-GROUTED
  7
OpenSans
 11
486.0
 21
230.43900000000022
 31
0.0
100
AcDbText
  0
TEXT
  5
E2
330
17
100
AcDbEntity
  8
S-NOTE
100
AcDbText
 10
486.0
 20
228.0080000000002
 30
0.0
 40
1.7
  1
10 DOWEL.
  7
OpenSans
 11
486.0
 21
228.0080000000002
 31
0.0
100
AcDbText
  0
TEXT
  5
E3
330
17
100
AcDbEntity
  8
S-NOTE
100
AcDbText
 10
475.0
 20
225.5770000000002
 30
0.0
 40
1.7
  1
10.
  7
OpenSans
 11
475.0
 21
225.5770000000002
 31
0.0
100
AcDbText
  0
TEXT
  5
E4
330
17
100
AcDbEntity
  8
S-NOTE
100
AcDbText
 10
486.0
 20
225.5770000000002
 30
0.0
 40
1.7
  1
LINTEL L1, ONE TYPE OVER EVERY OPENING: 190
  7
OpenSans
 11
486.0
 21
225.5770000000002
 31
0.0
100
AcDbText
  0
TEXT
  5
E5
330
17
100
AcDbEntity
  8
S-NOTE
100
AcDbText
 10
486.0
 20
223.14600000000019
 30
0.0
 40
1.7
  1
WIDE x 150 DEEP, M30 / Fe500, COVER 30, BEARING
  7
OpenSans
 11
486.0
 21
223.14600000000019
 31
0.0
100
AcDbText
  0
TEXT
  5
E6
330
17
100
AcDbEntity
  8
S-NOTE
100
AcDbText
 10
486.0
 20
220.71500000000017
 30
0.0
 40
1.7
  1
200 EACH END.
  7
OpenSans
 11
486.0
 21
220.71500000000017
 31
0.0
100
AcDbText
  0
TEXT
  5
E7
330
17
100
AcDbEntity
  8
S-NOTE
100
AcDbText
 10
475.0
 20
218.28400000000016
 30
0.0
 40
1.7
  1
11.
  7
OpenSans
 11
475.0
 21
218.28400000000016
 31
0.0
100
AcDbText
  0
TEXT
  5
E8
330
17
100
AcDbEntity
  8
S-NOTE
100
AcDbText
 10
486.0
 20
218.28400000000016
 30
0.0
 40
1.7
  1
THE SENTRY POST STANDS CLEAR OF THE SHELTER
  7
OpenSans
 11
486.0
 21
218.28400000000016
 31
0.0
100
AcDbText
  0
TEXT
  5
E9
330
17
100
AcDbEntity
  8
S-NOTE
100
AcDbText
 10
486.0
 20
215.85300000000015
 30
0.0
 40
1.7
  1
EXCAVATION. ITS SITE POSITION IS X 32000 - 36000,
  7
OpenSans
 11
486.0
 21
215.85300000000015
 31
0.0
100
AcDbText
  0
TEXT
  5
EA
330
17
100
AcDbEntity
  8
S-NOTE
100
AcDbText
 10
486.0
 20
213.42200000000014
 30
0.0
 40
1.7
  1
Y 600 - 5600.
  7
OpenSans
 11
486.0
 21
213.42200000000014
 31
0.0
100
AcDbText
  0
TEXT
  5
EB
330
17
100
AcDbEntity
  8
S-NOTE
100
AcDbText
 10
475.0
 20
210.99100000000013
 30
0.0
 40
1.7
  1
12.
  7
OpenSans
 11
475.0
 21
210.99100000000013
 31
0.0
100
AcDbText
  0
TEXT
  5
EC
330
17
100
AcDbEntity
  8
S-NOTE
100
AcDbText
 10
486.0
 20
210.99100000000013
 30
0.0
 40
1.7
  1
THIS DRG HAS BEEN PREPARED IN ACCORDANCE
  7
OpenSans
 11
486.0
 21
210.99100000000013
 31
0.0
100
AcDbText
  0
TEXT
  5
ED
330
17
100
AcDbEntity
  8
S-NOTE
100
AcDbText
 10
486.0
 20
208.56000000000012
 30
0.0
 40
1.7
  1
WITH EXISTING CODES, NBC OF INDIA 2016, SOA
  7
OpenSans
 11
486.0
 21
208.56000000000012
 31
0.0
100
AcDbText
  0
TEXT
  5
EE
330
17
100
AcDbEntity
  8
S-NOTE
100
AcDbText
 10
486.0
 20
206.1290000000001
 30
0.0
 40
1.7
  1
2009 AND SEISMIC LOADS.
  7
OpenSans
 11
486.0
 21
206.1290000000001
 31
0.0
100
AcDbText
  0
TEXT
  5
EF
330
17
100
AcDbEntity
  8
S-NOTE
100
AcDbText
 10
475.0
 20
203.6980000000001
 30
0.0
 40
1.7
  1
13.
  7
OpenSans
 11
475.0
 21
203.6980000000001
 31
0.0
100
AcDbText
  0
TEXT
  5
F0
330
17
100
AcDbEntity
  8
S-NOTE
100
AcDbText
 10
486.0
 20
203.6980000000001
 30
0.0
 40
1.7
  1
CONTRACTOR TO CHECK AND VERIFY THE DRG
  7
OpenSans
 11
486.0
 21
203.6980000000001
 31
0.0
100
AcDbText
  0
TEXT
  5
F1
330
17
100
AcDbEntity
  8
S-NOTE
100
AcDbText
 10
486.0
 20
201.26700000000008
 30
0.0
 40
1.7
  1
BEFORE EXECUTION.
  7
OpenSans
 11
486.0
 21
201.26700000000008
 31
0.0
100
AcDbText
  0
LWPOLYLINE
  5
F2
330
17
100
AcDbEntity
  8
S-TITLE
100
AcDbPolyline
 90
4
 70
1
 10
467.0
 20
130.3
 10
552.4
 20
130.3
 10
552.4
 20
190.6
 10
467.0
 20
190.6
  0
TEXT
  5
F3
330
17
100
AcDbEntity
  8
S-TITLE
100
AcDbText
 10
509.7
 20
175.67497292550854
 30
0.0
 40
5.8557588175032915
  1
SENTRY POST -
  7
OpenSans
 72
1
 11
509.7
 21
175.67497292550854
 31
0.0
100
AcDbText
 73
2
  0
TEXT
  5
F4
330
17
100
AcDbEntity
  8
S-TITLE
100
AcDbText
 10
509.7
 20
168.06248646275426
 30
0.0
 40
5.8557588175032915
  1
GROUND FLOOR
  7
OpenSans
 72
1
 11
509.7
 21
168.06248646275426
 31
0.0
100
AcDbText
 73
2
  0
TEXT
  5
F5
330
17
100
AcDbEntity
  8
S-TITLE
100
AcDbText
 10
509.7
 20
160.45
 30
0.0
 40
5.8557588175032915
  1
LEVEL, FIRST
  7
OpenSans
 72
1
 11
509.7
 21
160.45
 31
0.0
100
AcDbText
 73
2
  0
TEXT
  5
F6
330
17
100
AcDbEntity
  8
S-TITLE
100
AcDbText
 10
509.7
 20
152.8375135372457
 30
0.0
 40
5.8557588175032915
  1
FLOOR LEVEL PLAN,
  7
OpenSans
 72
1
 11
509.7
 21
152.8375135372457
 31
0.0
100
AcDbText
 73
2
  0
TEXT
  5
F7
330
17
100
AcDbEntity
  8
S-TITLE
100
AcDbText
 10
509.7
 20
145.22502707449144
 30
0.0
 40
5.8557588175032915
  1
SOUTH ELEVATION
  7
OpenSans
 72
1
 11
509.7
 21
145.22502707449144
 31
0.0
100
AcDbText
 73
2
  0
LWPOLYLINE
  5
F8
330
17
100
AcDbEntity
  8
S-TITLE
100
AcDbPolyline
 90
4
 70
1
 10
467.0
 20
33.6
 10
552.4
 20
33.6
 10
552.4
 20
128.2
 10
467.0
 20
128.2
  0
LINE
  5
F9
330
17
100
AcDbEntity
  8
S-TITLE
100
AcDbLine
 10
467.0
 20
40.9
 30
0.0
 11
552.4
 21
40.9
 31
0.0
  0
LINE
  5
FA
330
17
100
AcDbEntity
  8
S-TITLE
100
AcDbLine
 10
467.0
 20
54.6
 30
0.0
 11
552.4
 21
54.6
 31
0.0
  0
LINE
  5
FB
330
17
100
AcDbEntity
  8
S-TITLE
100
AcDbLine
 10
467.0
 20
61.8
 30
0.0
 11
552.4
 21
61.8
 31
0.0
  0
LINE
  5
FC
330
17
100
AcDbEntity
  8
S-TITLE
100
AcDbLine
 10
467.0
 20
69.1
 30
0.0
 11
552.4
 21
69.1
 31
0.0
  0
LINE
  5
FD
330
17
100
AcDbEntity
  8
S-TITLE
100
AcDbLine
 10
467.0
 20
76.4
 30
0.0
 11
552.4
 21
76.4
 31
0.0
  0
LINE
  5
FE
330
17
100
AcDbEntity
  8
S-TITLE
100
AcDbLine
 10
467.0
 20
83.6
 30
0.0
 11
552.4
 21
83.6
 31
0.0
  0
LINE
  5
FF
330
17
100
AcDbEntity
  8
S-TITLE
100
AcDbLine
 10
467.0
 20
96.9
 30
0.0
 11
552.4
 21
96.9
 31
0.0
  0
TEXT
  5
100
330
17
100
AcDbEntity
  8
S-TITLE
100
AcDbText
 10
509.7
 20
116.827
 30
0.0
 40
6.58
  1
CBRN HARDENED
  7
OpenSans
 72
1
 11
509.7
 21
116.827
 31
0.0
100
AcDbText
 73
2
  0
TEXT
  5
101
330
17
100
AcDbEntity
  8
S-TITLE
100
AcDbText
 10
509.7
 20
108.273
 30
0.0
 40
6.58
  1
UG OPS ROOM
  7
OpenSans
 72
1
 11
509.7
 21
108.273
 31
0.0
100
AcDbText
 73
2
  0
TEXT
  5
102
330
17
100
AcDbEntity
  8
S-TITLE
100
AcDbText
 10
509.7
 20
90.25
 30
0.0
 40
7.0
  1
SHEET 02
  7
OpenSans
 72
1
 11
509.7
 21
90.25
 31
0.0
100
AcDbText
 73
2
  0
TEXT
  5
103
330
17
100
AcDbEntity
  8
S-TITLE
100
AcDbText
 10
509.7
 20
47.75
 30
0.0
 40
7.0
  1
ARCH002
  7
OpenSans
 72
1
 11
509.7
 21
47.75
 31
0.0
100
AcDbText
 73
2
  0
TEXT
  5
104
330
17
100
AcDbEntity
  8
S-TITLE
100
AcDbText
 10
471.0
 20
80.0
 30
0.0
 40
3.2
  1
Project number
  7
OpenSans
 11
471.0
 21
80.0
 31
0.0
100
AcDbText
 73
2
  0
TEXT
  5
105
330
17
100
AcDbEntity
  8
S-TITLE
100
AcDbText
 10
548.4
 20
80.0
 30
0.0
 40
3.2
  1
01
  7
OpenSans
 72
2
 11
548.4
 21
80.0
 31
0.0
100
AcDbText
 73
2
  0
TEXT
  5
106
330
17
100
AcDbEntity
  8
S-TITLE
100
AcDbText
 10
471.0
 20
72.75
 30
0.0
 40
3.2
  1
Date
  7
OpenSans
 11
471.0
 21
72.75
 31
0.0
100
AcDbText
 73
2
  0
TEXT
  5
107
330
17
100
AcDbEntity
  8
S-TITLE
100
AcDbText
 10
548.4
 20
72.75
 30
0.0
 40
3.2
  1
18 SEP 2026
  7
OpenSans
 72
2
 11
548.4
 21
72.75
 31
0.0
100
AcDbText
 73
2
  0
TEXT
  5
108
330
17
100
AcDbEntity
  8
S-TITLE
100
AcDbText
 10
471.0
 20
65.44999999999999
 30
0.0
 40
3.2
  1
Drawn by
  7
OpenSans
 11
471.0
 21
65.44999999999999
 31
0.0
100
AcDbText
 73
2
  0
TEXT
  5
109
330
17
100
AcDbEntity
  8
S-TITLE
100
AcDbText
 10
548.4
 20
65.44999999999999
 30
0.0
 40
3.2
  1
SYN 01
  7
OpenSans
 72
2
 11
548.4
 21
65.44999999999999
 31
0.0
100
AcDbText
 73
2
  0
TEXT
  5
10A
330
17
100
AcDbEntity
  8
S-TITLE
100
AcDbText
 10
471.0
 20
58.2
 30
0.0
 40
3.2
  1
Checked by
  7
OpenSans
 11
471.0
 21
58.2
 31
0.0
100
AcDbText
 73
2
  0
TEXT
  5
10B
330
17
100
AcDbEntity
  8
S-TITLE
100
AcDbText
 10
548.4
 20
58.2
 30
0.0
 40
3.2
  1
DR IR CHAUDHARI
  7
OpenSans
 72
2
 11
548.4
 21
58.2
 31
0.0
100
AcDbText
 73
2
  0
TEXT
  5
10C
330
17
100
AcDbEntity
  8
S-TITLE
100
AcDbText
 10
471.0
 20
37.25
 30
0.0
 40
3.2
  1
Scale
  7
OpenSans
 11
471.0
 21
37.25
 31
0.0
100
AcDbText
 73
2
  0
TEXT
  5
10D
330
17
100
AcDbEntity
  8
S-TITLE
100
AcDbText
 10
548.4
 20
37.25
 30
0.0
 40
3.2
  1
As indicated
  7
OpenSans
 72
2
 11
548.4
 21
37.25
 31
0.0
100
AcDbText
 73
2
  0
LWPOLYLINE
  5
114
330
17
100
AcDbEntity
  8
A-WALL
100
AcDbPolyline
 90
4
 70
1
 10
80.0
 20
285.0
 10
133.33333333333334
 20
285.0
 10
133.33333333333334
 20
351.6666666666667
 10
80.0
 20
351.6666666666667
  0
LWPOLYLINE
  5
115
330
17
100
AcDbEntity
  8
A-WALL
100
AcDbPolyline
 90
4
 70
1
 10
80.0
 20
285.0
 10
82.66666666666667
 20
285.0
 10
82.66666666666667
 20
298.3333333333333
 10
80.0
 20
298.3333333333333
  0
LWPOLYLINE
  5
116
330
17
100
AcDbEntity
  8
A-WALL
100
AcDbPolyline
 90
4
 70
1
 10
80.0
 20
310.3333333333333
 10
82.66666666666667
 20
310.3333333333333
 10
82.66666666666667
 20
351.6666666666667
 10
80.0
 20
351.6666666666667
  0
LWPOLYLINE
  5
117
330
17
100
AcDbEntity
  8
A-WALL
100
AcDbPolyline
 90
4
 70
1
 10
130.66666666666666
 20
285.0
 10
133.33333333333334
 20
285.0
 10
133.33333333333334
 20
351.6666666666667
 10
130.66666666666666
 20
351.6666666666667
  0
LWPOLYLINE
  5
118
330
17
100
AcDbEntity
  8
A-WALL
100
AcDbPolyline
 90
4
 70
1
 10
80.0
 20
285.0
 10
133.33333333333334
 20
285.0
 10
133.33333333333334
 20
287.6666666666667
 10
80.0
 20
287.6666666666667
  0
LWPOLYLINE
  5
119
330
17
100
AcDbEntity
  8
A-WALL
100
AcDbPolyline
 90
4
 70
1
 10
80.0
 20
349.0
 10
133.33333333333334
 20
349.0
 10
133.33333333333334
 20
351.6666666666667
 10
80.0
 20
351.6666666666667
  0
LWPOLYLINE
  5
11A
330
17
100
AcDbEntity
  8
A-WALL
100
AcDbPolyline
 90
4
 70
1
 10
80.0
 20
285.0
 10
84.66666666666667
 20
285.0
 10
84.66666666666667
 20
289.6666666666667
 10
80.0
 20
289.6666666666667
  0
LINE
  5
11B
330
17
100
AcDbEntity
  8
A-WALL
100
AcDbLine
 10
80.0
 20
285.0
 30
0.0
 11
84.66666666666667
 21
289.6666666666667
 31
0.0
  0
LINE
  5
11C
330
17
100
AcDbEntity
  8
A-WALL
100
AcDbLine
 10
80.0
 20
289.6666666666667
 30
0.0
 11
84.66666666666667
 21
285.0
 31
0.0
  0
LWPOLYLINE
  5
11D
330
17
100
AcDbEntity
  8
A-WALL
100
AcDbPolyline
 90
4
 70
1
 10
80.0
 20
347.0
 10
84.66666666666667
 20
347.0
 10
84.66666666666667
 20
351.6666666666667
 10
80.0
 20
351.6666666666667
  0
LINE
  5
11E
330
17
100
AcDbEntity
  8
A-WALL
100
AcDbLine
 10
80.0
 20
347.0
 30
0.0
 11
84.66666666666667
 21
351.6666666666667
 31
0.0
  0
LINE
  5
11F
330
17
100
AcDbEntity
  8
A-WALL
100
AcDbLine
 10
80.0
 20
351.6666666666667
 30
0.0
 11
84.66666666666667
 21
347.0
 31
0.0
  0
LWPOLYLINE
  5
120
330
17
100
AcDbEntity
  8
A-WALL
100
AcDbPolyline
 90
4
 70
1
 10
128.66666666666666
 20
285.0
 10
133.33333333333334
 20
285.0
 10
133.33333333333334
 20
289.6666666666667
 10
128.66666666666666
 20
289.6666666666667
  0
LINE
  5
121
330
17
100
AcDbEntity
  8
A-WALL
100
AcDbLine
 10
128.66666666666666
 20
285.0
 30
0.0
 11
133.33333333333334
 21
289.6666666666667
 31
0.0
  0
LINE
  5
122
330
17
100
AcDbEntity
  8
A-WALL
100
AcDbLine
 10
128.66666666666666
 20
289.6666666666667
 30
0.0
 11
133.33333333333334
 21
285.0
 31
0.0
  0
LWPOLYLINE
  5
123
330
17
100
AcDbEntity
  8
A-WALL
100
AcDbPolyline
 90
4
 70
1
 10
128.66666666666666
 20
347.0
 10
133.33333333333334
 20
347.0
 10
133.33333333333334
 20
351.6666666666667
 10
128.66666666666666
 20
351.6666666666667
  0
LINE
  5
124
330
17
100
AcDbEntity
  8
A-WALL
100
AcDbLine
 10
128.66666666666666
 20
347.0
 30
0.0
 11
133.33333333333334
 21
351.6666666666667
 31
0.0
  0
LINE
  5
125
330
17
100
AcDbEntity
  8
A-WALL
100
AcDbLine
 10
128.66666666666666
 20
351.6666666666667
 30
0.0
 11
133.33333333333334
 21
347.0
 31
0.0
  0
LINE
  5
126
330
17
100
AcDbEntity
  8
S-CENTER
100
AcDbLine
 10
82.33333333333333
 20
273.0
 30
0.0
 11
82.33333333333333
 21
277.0
 31
0.0
  0
LINE
  5
127
330
17
100
AcDbEntity
  8
S-CENTER
100
AcDbLine
 10
82.33333333333333
 20
278.2
 30
0.0
 11
82.33333333333333
 21
278.8
 31
0.0
  0
LINE
  5
128
330
17
100
AcDbEntity
  8
S-CENTER
100
AcDbLine
 10
82.33333333333333
 20
280.0
 30
0.0
 11
82.33333333333333
 21
284.0
 31
0.0
  0
LINE
  5
129
330
17
100
AcDbEntity
  8
S-CENTER
100
AcDbLine
 10
82.33333333333333
 20
285.2
 30
0.0
 11
82.33333333333333
 21
285.8
 31
0.0
  0
LINE
  5
12A
330
17
100
AcDbEntity
  8
S-CENTER
100
AcDbLine
 10
82.33333333333333
 20
287.0
 30
0.0
 11
82.33333333333333
 21
291.0
 31
0.0
  0
LINE
  5
12B
330
17
100
AcDbEntity
  8
S-CENTER
100
AcDbLine
 10
82.33333333333333
 20
292.2
 30
0.0
 11
82.33333333333333
 21
292.8
 31
0.0
  0
LINE
  5
12C
330
17
100
AcDbEntity
  8
S-CENTER
100
AcDbLine
 10
82.33333333333333
 20
294.0
 30
0.0
 11
82.33333333333333
 21
298.0
 31
0.0
  0
LINE
  5
12D
330
17
100
AcDbEntity
  8
S-CENTER
100
AcDbLine
 10
82.33333333333333
 20
299.2
 30
0.0
 11
82.33333333333333
 21
299.8
 31
0.0
  0
LINE
  5
12E
330
17
100
AcDbEntity
  8
S-CENTER
100
AcDbLine
 10
82.33333333333333
 20
301.0
 30
0.0
 11
82.33333333333333
 21
305.0
 31
0.0
  0
LINE
  5
12F
330
17
100
AcDbEntity
  8
S-CENTER
100
AcDbLine
 10
82.33333333333333
 20
306.2
 30
0.0
 11
82.33333333333333
 21
306.8
 31
0.0
  0
LINE
  5
130
330
17
100
AcDbEntity
  8
S-CENTER
100
AcDbLine
 10
82.33333333333333
 20
308.0
 30
0.0
 11
82.33333333333333
 21
312.0
 31
0.0
  0
LINE
  5
131
330
17
100
AcDbEntity
  8
S-CENTER
100
AcDbLine
 10
82.33333333333333
 20
313.2
 30
0.0
 11
82.33333333333333
 21
313.8
 31
0.0
  0
LINE
  5
132
330
17
100
AcDbEntity
  8
S-CENTER
100
AcDbLine
 10
82.33333333333333
 20
315.0
 30
0.0
 11
82.33333333333333
 21
319.0
 31
0.0
  0
LINE
  5
133
330
17
100
AcDbEntity
  8
S-CENTER
100
AcDbLine
 10
82.33333333333333
 20
320.20000000000005
 30
0.0
 11
82.33333333333333
 21
320.8
 31
0.0
  0
LINE
  5
134
330
17
100
AcDbEntity
  8
S-CENTER
100
AcDbLine
 10
82.33333333333333
 20
322.0
 30
0.0
 11
82.33333333333333
 21
326.0
 31
0.0
  0
LINE
  5
135
330
17
100
AcDbEntity
  8
S-CENTER
100
AcDbLine
 10
82.33333333333333
 20
327.20000000000005
 30
0.0
 11
82.33333333333333
 21
327.8
 31
0.0
  0
LINE
  5
136
330
17
100
AcDbEntity
  8
S-CENTER
100
AcDbLine
 10
82.33333333333333
 20
329.0
 30
0.0
 11
82.33333333333333
 21
333.0
 31
0.0
  0
LINE
  5
137
330
17
100
AcDbEntity
  8
S-CENTER
100
AcDbLine
 10
82.33333333333333
 20
334.20000000000005
 30
0.0
 11
82.33333333333333
 21
334.8
 31
0.0
  0
LINE
  5
138
330
17
100
AcDbEntity
  8
S-CENTER
100
AcDbLine
 10
82.33333333333333
 20
336.00000000000006
 30
0.0
 11
82.33333333333333
 21
340.0
 31
0.0
  0
LINE
  5
139
330
17
100
AcDbEntity
  8
S-CENTER
100
AcDbLine
 10
82.33333333333333
 20
341.20000000000005
 30
0.0
 11
82.33333333333333
 21
341.8
 31
0.0
  0
LINE
  5
13A
330
17
100
AcDbEntity
  8
S-CENTER
100
AcDbLine
 10
82.33333333333333
 20
343.0
 30
0.0
 11
82.33333333333333
 21
347.0
 31
0.0
  0
LINE
  5
13B
330
17
100
AcDbEntity
  8
S-CENTER
100
AcDbLine
 10
82.33333333333333
 20
348.20000000000005
 30
0.0
 11
82.33333333333333
 21
348.8
 31
0.0
  0
LINE
  5
13C
330
17
100
AcDbEntity
  8
S-CENTER
100
AcDbLine
 10
82.33333333333333
 20
350.0
 30
0.0
 11
82.33333333333333
 21
354.0
 31
0.0
  0
LINE
  5
13D
330
17
100
AcDbEntity
  8
S-CENTER
100
AcDbLine
 10
82.33333333333333
 20
355.20000000000005
 30
0.0
 11
82.33333333333333
 21
355.8
 31
0.0
  0
LINE
  5
13E
330
17
100
AcDbEntity
  8
S-CENTER
100
AcDbLine
 10
82.33333333333333
 20
357.0
 30
0.0
 11
82.33333333333333
 21
361.0
 31
0.0
  0
LINE
  5
13F
330
17
100
AcDbEntity
  8
S-CENTER
100
AcDbLine
 10
82.33333333333333
 20
362.20000000000005
 30
0.0
 11
82.33333333333333
 21
362.8
 31
0.0
  0
LINE
  5
140
330
17
100
AcDbEntity
  8
S-CENTER
100
AcDbLine
 10
131.0
 20
273.0
 30
0.0
 11
131.0
 21
277.0
 31
0.0
  0
LINE
  5
141
330
17
100
AcDbEntity
  8
S-CENTER
100
AcDbLine
 10
131.0
 20
278.2
 30
0.0
 11
131.0
 21
278.8
 31
0.0
  0
LINE
  5
142
330
17
100
AcDbEntity
  8
S-CENTER
100
AcDbLine
 10
131.0
 20
280.0
 30
0.0
 11
131.0
 21
284.0
 31
0.0
  0
LINE
  5
143
330
17
100
AcDbEntity
  8
S-CENTER
100
AcDbLine
 10
131.0
 20
285.2
 30
0.0
 11
131.0
 21
285.8
 31
0.0
  0
LINE
  5
144
330
17
100
AcDbEntity
  8
S-CENTER
100
AcDbLine
 10
131.0
 20
287.0
 30
0.0
 11
131.0
 21
291.0
 31
0.0
  0
LINE
  5
145
330
17
100
AcDbEntity
  8
S-CENTER
100
AcDbLine
 10
131.0
 20
292.2
 30
0.0
 11
131.0
 21
292.8
 31
0.0
  0
LINE
  5
146
330
17
100
AcDbEntity
  8
S-CENTER
100
AcDbLine
 10
131.0
 20
294.0
 30
0.0
 11
131.0
 21
298.0
 31
0.0
  0
LINE
  5
147
330
17
100
AcDbEntity
  8
S-CENTER
100
AcDbLine
 10
131.0
 20
299.2
 30
0.0
 11
131.0
 21
299.8
 31
0.0
  0
LINE
  5
148
330
17
100
AcDbEntity
  8
S-CENTER
100
AcDbLine
 10
131.0
 20
301.0
 30
0.0
 11
131.0
 21
305.0
 31
0.0
  0
LINE
  5
149
330
17
100
AcDbEntity
  8
S-CENTER
100
AcDbLine
 10
131.0
 20
306.2
 30
0.0
 11
131.0
 21
306.8
 31
0.0
  0
LINE
  5
14A
330
17
100
AcDbEntity
  8
S-CENTER
100
AcDbLine
 10
131.0
 20
308.0
 30
0.0
 11
131.0
 21
312.0
 31
0.0
  0
LINE
  5
14B
330
17
100
AcDbEntity
  8
S-CENTER
100
AcDbLine
 10
131.0
 20
313.2
 30
0.0
 11
131.0
 21
313.8
 31
0.0
  0
LINE
  5
14C
330
17
100
AcDbEntity
  8
S-CENTER
100
AcDbLine
 10
131.0
 20
315.0
 30
0.0
 11
131.0
 21
319.0
 31
0.0
  0
LINE
  5
14D
330
17
100
AcDbEntity
  8
S-CENTER
100
AcDbLine
 10
131.0
 20
320.20000000000005
 30
0.0
 11
131.0
 21
320.8
 31
0.0
  0
LINE
  5
14E
330
17
100
AcDbEntity
  8
S-CENTER
100
AcDbLine
 10
131.0
 20
322.0
 30
0.0
 11
131.0
 21
326.0
 31
0.0
  0
LINE
  5
14F
330
17
100
AcDbEntity
  8
S-CENTER
100
AcDbLine
 10
131.0
 20
327.20000000000005
 30
0.0
 11
131.0
 21
327.8
 31
0.0
  0
LINE
  5
150
330
17
100
AcDbEntity
  8
S-CENTER
100
AcDbLine
 10
131.0
 20
329.0
 30
0.0
 11
131.0
 21
333.0
 31
0.0
  0
LINE
  5
151
330
17
100
AcDbEntity
  8
S-CENTER
100
AcDbLine
 10
131.0
 20
334.20000000000005
 30
0.0
 11
131.0
 21
334.8
 31
0.0
  0
LINE
  5
152
330
17
100
AcDbEntity
  8
S-CENTER
100
AcDbLine
 10
131.0
 20
336.00000000000006
 30
0.0
 11
131.0
 21
340.0
 31
0.0
  0
LINE
  5
153
330
17
100
AcDbEntity
  8
S-CENTER
100
AcDbLine
 10
131.0
 20
341.20000000000005
 30
0.0
 11
131.0
 21
341.8
 31
0.0
  0
LINE
  5
154
330
17
100
AcDbEntity
  8
S-CENTER
100
AcDbLine
 10
131.0
 20
343.0
 30
0.0
 11
131.0
 21
347.0
 31
0.0
  0
LINE
  5
155
330
17
100
AcDbEntity
  8
S-CENTER
100
AcDbLine
 10
131.0
 20
348.20000000000005
 30
0.0
 11
131.0
 21
348.8
 31
0.0
  0
LINE
  5
156
330
17
100
AcDbEntity
  8
S-CENTER
100
AcDbLine
 10
131.0
 20
350.0
 30
0.0
 11
131.0
 21
354.0
 31
0.0
  0
LINE
  5
157
330
17
100
AcDbEntity
  8
S-CENTER
100
AcDbLine
 10
131.0
 20
355.20000000000005
 30
0.0
 11
131.0
 21
355.8
 31
0.0
  0
LINE
  5
158
330
17
100
AcDbEntity
  8
S-CENTER
100
AcDbLine
 10
131.0
 20
357.0
 30
0.0
 11
131.0
 21
361.0
 31
0.0
  0
LINE
  5
159
330
17
100
AcDbEntity
  8
S-CENTER
100
AcDbLine
 10
131.0
 20
362.20000000000005
 30
0.0
 11
131.0
 21
362.8
 31
0.0
  0
LINE
  5
15A
330
17
100
AcDbEntity
  8
S-CENTER
100
AcDbLine
 10
46.666666666666664
 20
287.3333333333333
 30
0.0
 11
50.666666666666664
 21
287.3333333333333
 31
0.0
  0
LINE
  5
15B
330
17
100
AcDbEntity
  8
S-CENTER
100
AcDbLine
 10
51.86666666666667
 20
287.3333333333333
 30
0.0
 11
52.46666666666666
 21
287.3333333333333
 31
0.0
  0
LINE
  5
15C
330
17
100
AcDbEntity
  8
S-CENTER
100
AcDbLine
 10
53.666666666666664
 20
287.3333333333333
 30
0.0
 11
57.666666666666664
 21
287.3333333333333
 31
0.0
  0
LINE
  5
15D
330
17
100
AcDbEntity
  8
S-CENTER
100
AcDbLine
 10
58.86666666666666
 20
287.3333333333333
 30
0.0
 11
59.46666666666666
 21
287.3333333333333
 31
0.0
  0
LINE
  5
15E
330
17
100
AcDbEntity
  8
S-CENTER
100
AcDbLine
 10
60.666666666666664
 20
287.3333333333333
 30
0.0
 11
64.66666666666666
 21
287.3333333333333
 31
0.0
  0
LINE
  5
15F
330
17
100
AcDbEntity
  8
S-CENTER
100
AcDbLine
 10
65.86666666666666
 20
287.3333333333333
 30
0.0
 11
66.46666666666667
 21
287.3333333333333
 31
0.0
  0
LINE
  5
160
330
17
100
AcDbEntity
  8
S-CENTER
100
AcDbLine
 10
67.66666666666666
 20
287.3333333333333
 30
0.0
 11
71.66666666666666
 21
287.3333333333333
 31
0.0
  0
LINE
  5
161
330
17
100
AcDbEntity
  8
S-CENTER
100
AcDbLine
 10
72.86666666666666
 20
287.3333333333333
 30
0.0
 11
73.46666666666667
 21
287.3333333333333
 31
0.0
  0
LINE
  5
162
330
17
100
AcDbEntity
  8
S-CENTER
100
AcDbLine
 10
74.66666666666666
 20
287.3333333333333
 30
0.0
 11
78.66666666666666
 21
287.3333333333333
 31
0.0
  0
LINE
  5
163
330
17
100
AcDbEntity
  8
S-CENTER
100
AcDbLine
 10
79.86666666666667
 20
287.3333333333333
 30
0.0
 11
80.46666666666667
 21
287.3333333333333
 31
0.0
  0
LINE
  5
164
330
17
100
AcDbEntity
  8
S-CENTER
100
AcDbLine
 10
81.66666666666667
 20
287.3333333333333
 30
0.0
 11
85.66666666666667
 21
287.3333333333333
 31
0.0
  0
LINE
  5
165
330
17
100
AcDbEntity
  8
S-CENTER
100
AcDbLine
 10
86.86666666666667
 20
287.3333333333333
 30
0.0
 11
87.46666666666667
 21
287.3333333333333
 31
0.0
  0
LINE
  5
166
330
17
100
AcDbEntity
  8
S-CENTER
100
AcDbLine
 10
88.66666666666669
 20
287.3333333333333
 30
0.0
 11
92.66666666666669
 21
287.3333333333333
 31
0.0
  0
LINE
  5
167
330
17
100
AcDbEntity
  8
S-CENTER
100
AcDbLine
 10
93.86666666666667
 20
287.3333333333333
 30
0.0
 11
94.46666666666668
 21
287.3333333333333
 31
0.0
  0
LINE
  5
168
330
17
100
AcDbEntity
  8
S-CENTER
100
AcDbLine
 10
95.66666666666669
 20
287.3333333333333
 30
0.0
 11
99.66666666666669
 21
287.3333333333333
 31
0.0
  0
LINE
  5
169
330
17
100
AcDbEntity
  8
S-CENTER
100
AcDbLine
 10
100.86666666666669
 20
287.3333333333333
 30
0.0
 11
101.4666666666667
 21
287.3333333333333
 31
0.0
  0
LINE
  5
16A
330
17
100
AcDbEntity
  8
S-CENTER
100
AcDbLine
 10
102.66666666666669
 20
287.3333333333333
 30
0.0
 11
106.66666666666669
 21
287.3333333333333
 31
0.0
  0
LINE
  5
16B
330
17
100
AcDbEntity
  8
S-CENTER
100
AcDbLine
 10
107.8666666666667
 20
287.3333333333333
 30
0.0
 11
108.4666666666667
 21
287.3333333333333
 31
0.0
  0
LINE
  5
16C
330
17
100
AcDbEntity
  8
S-CENTER
100
AcDbLine
 10
109.6666666666667
 20
287.3333333333333
 30
0.0
 11
113.66666666666669
 21
287.3333333333333
 31
0.0
  0
LINE
  5
16D
330
17
100
AcDbEntity
  8
S-CENTER
100
AcDbLine
 10
114.8666666666667
 20
287.3333333333333
 30
0.0
 11
115.4666666666667
 21
287.3333333333333
 31
0.0
  0
LINE
  5
16E
330
17
100
AcDbEntity
  8
S-CENTER
100
AcDbLine
 10
116.66666666666669
 20
287.3333333333333
 30
0.0
 11
120.66666666666669
 21
287.3333333333333
 31
0.0
  0
LINE
  5
16F
330
17
100
AcDbEntity
  8
S-CENTER
100
AcDbLine
 10
121.8666666666667
 20
287.3333333333333
 30
0.0
 11
122.4666666666667
 21
287.3333333333333
 31
0.0
  0
LINE
  5
170
330
17
100
AcDbEntity
  8
S-CENTER
100
AcDbLine
 10
123.66666666666669
 20
287.3333333333333
 30
0.0
 11
127.66666666666669
 21
287.3333333333333
 31
0.0
  0
LINE
  5
171
330
17
100
AcDbEntity
  8
S-CENTER
100
AcDbLine
 10
128.8666666666667
 20
287.3333333333333
 30
0.0
 11
129.4666666666667
 21
287.3333333333333
 31
0.0
  0
LINE
  5
172
330
17
100
AcDbEntity
  8
S-CENTER
100
AcDbLine
 10
130.66666666666669
 20
287.3333333333333
 30
0.0
 11
134.66666666666669
 21
287.3333333333333
 31
0.0
  0
LINE
  5
173
330
17
100
AcDbEntity
  8
S-CENTER
100
AcDbLine
 10
135.8666666666667
 20
287.3333333333333
 30
0.0
 11
136.4666666666667
 21
287.3333333333333
 31
0.0
  0
LINE
  5
174
330
17
100
AcDbEntity
  8
S-CENTER
100
AcDbLine
 10
137.66666666666669
 20
287.3333333333333
 30
0.0
 11
141.66666666666669
 21
287.3333333333333
 31
0.0
  0
LINE
  5
175
330
17
100
AcDbEntity
  8
S-CENTER
100
AcDbLine
 10
142.8666666666667
 20
287.3333333333333
 30
0.0
 11
143.4666666666667
 21
287.3333333333333
 31
0.0
  0
LINE
  5
176
330
17
100
AcDbEntity
  8
S-CENTER
100
AcDbLine
 10
144.66666666666669
 20
287.3333333333333
 30
0.0
 11
145.33333333333331
 21
287.3333333333333
 31
0.0
  0
LINE
  5
177
330
17
100
AcDbEntity
  8
S-CENTER
100
AcDbLine
 10
46.666666666666664
 20
349.3333333333333
 30
0.0
 11
50.666666666666664
 21
349.3333333333333
 31
0.0
  0
LINE
  5
178
330
17
100
AcDbEntity
  8
S-CENTER
100
AcDbLine
 10
51.86666666666667
 20
349.3333333333333
 30
0.0
 11
52.46666666666666
 21
349.3333333333333
 31
0.0
  0
LINE
  5
179
330
17
100
AcDbEntity
  8
S-CENTER
100
AcDbLine
 10
53.666666666666664
 20
349.3333333333333
 30
0.0
 11
57.666666666666664
 21
349.3333333333333
 31
0.0
  0
LINE
  5
17A
330
17
100
AcDbEntity
  8
S-CENTER
100
AcDbLine
 10
58.86666666666666
 20
349.3333333333333
 30
0.0
 11
59.46666666666666
 21
349.3333333333333
 31
0.0
  0
LINE
  5
17B
330
17
100
AcDbEntity
  8
S-CENTER
100
AcDbLine
 10
60.666666666666664
 20
349.3333333333333
 30
0.0
 11
64.66666666666666
 21
349.3333333333333
 31
0.0
  0
LINE
  5
17C
330
17
100
AcDbEntity
  8
S-CENTER
100
AcDbLine
 10
65.86666666666666
 20
349.3333333333333
 30
0.0
 11
66.46666666666667
 21
349.3333333333333
 31
0.0
  0
LINE
  5
17D
330
17
100
AcDbEntity
  8
S-CENTER
100
AcDbLine
 10
67.66666666666666
 20
349.3333333333333
 30
0.0
 11
71.66666666666666
 21
349.3333333333333
 31
0.0
  0
LINE
  5
17E
330
17
100
AcDbEntity
  8
S-CENTER
100
AcDbLine
 10
72.86666666666666
 20
349.3333333333333
 30
0.0
 11
73.46666666666667
 21
349.3333333333333
 31
0.0
  0
LINE
  5
17F
330
17
100
AcDbEntity
  8
S-CENTER
100
AcDbLine
 10
74.66666666666666
 20
349.3333333333333
 30
0.0
 11
78.66666666666666
 21
349.3333333333333
 31
0.0
  0
LINE
  5
180
330
17
100
AcDbEntity
  8
S-CENTER
100
AcDbLine
 10
79.86666666666667
 20
349.3333333333333
 30
0.0
 11
80.46666666666667
 21
349.3333333333333
 31
0.0
  0
LINE
  5
181
330
17
100
AcDbEntity
  8
S-CENTER
100
AcDbLine
 10
81.66666666666667
 20
349.3333333333333
 30
0.0
 11
85.66666666666667
 21
349.3333333333333
 31
0.0
  0
LINE
  5
182
330
17
100
AcDbEntity
  8
S-CENTER
100
AcDbLine
 10
86.86666666666667
 20
349.3333333333333
 30
0.0
 11
87.46666666666667
 21
349.3333333333333
 31
0.0
  0
LINE
  5
183
330
17
100
AcDbEntity
  8
S-CENTER
100
AcDbLine
 10
88.66666666666669
 20
349.3333333333333
 30
0.0
 11
92.66666666666669
 21
349.3333333333333
 31
0.0
  0
LINE
  5
184
330
17
100
AcDbEntity
  8
S-CENTER
100
AcDbLine
 10
93.86666666666667
 20
349.3333333333333
 30
0.0
 11
94.46666666666668
 21
349.3333333333333
 31
0.0
  0
LINE
  5
185
330
17
100
AcDbEntity
  8
S-CENTER
100
AcDbLine
 10
95.66666666666669
 20
349.3333333333333
 30
0.0
 11
99.66666666666669
 21
349.3333333333333
 31
0.0
  0
LINE
  5
186
330
17
100
AcDbEntity
  8
S-CENTER
100
AcDbLine
 10
100.86666666666669
 20
349.3333333333333
 30
0.0
 11
101.4666666666667
 21
349.3333333333333
 31
0.0
  0
LINE
  5
187
330
17
100
AcDbEntity
  8
S-CENTER
100
AcDbLine
 10
102.66666666666669
 20
349.3333333333333
 30
0.0
 11
106.66666666666669
 21
349.3333333333333
 31
0.0
  0
LINE
  5
188
330
17
100
AcDbEntity
  8
S-CENTER
100
AcDbLine
 10
107.8666666666667
 20
349.3333333333333
 30
0.0
 11
108.4666666666667
 21
349.3333333333333
 31
0.0
  0
LINE
  5
189
330
17
100
AcDbEntity
  8
S-CENTER
100
AcDbLine
 10
109.6666666666667
 20
349.3333333333333
 30
0.0
 11
113.66666666666669
 21
349.3333333333333
 31
0.0
  0
LINE
  5
18A
330
17
100
AcDbEntity
  8
S-CENTER
100
AcDbLine
 10
114.8666666666667
 20
349.3333333333333
 30
0.0
 11
115.4666666666667
 21
349.3333333333333
 31
0.0
  0
LINE
  5
18B
330
17
100
AcDbEntity
  8
S-CENTER
100
AcDbLine
 10
116.66666666666669
 20
349.3333333333333
 30
0.0
 11
120.66666666666669
 21
349.3333333333333
 31
0.0
  0
LINE
  5
18C
330
17
100
AcDbEntity
  8
S-CENTER
100
AcDbLine
 10
121.8666666666667
 20
349.3333333333333
 30
0.0
 11
122.4666666666667
 21
349.3333333333333
 31
0.0
  0
LINE
  5
18D
330
17
100
AcDbEntity
  8
S-CENTER
100
AcDbLine
 10
123.66666666666669
 20
349.3333333333333
 30
0.0
 11
127.66666666666669
 21
349.3333333333333
 31
0.0
  0
LINE
  5
18E
330
17
100
AcDbEntity
  8
S-CENTER
100
AcDbLine
 10
128.8666666666667
 20
349.3333333333333
 30
0.0
 11
129.4666666666667
 21
349.3333333333333
 31
0.0
  0
LINE
  5
18F
330
17
100
AcDbEntity
  8
S-CENTER
100
AcDbLine
 10
130.66666666666669
 20
349.3333333333333
 30
0.0
 11
134.66666666666669
 21
349.3333333333333
 31
0.0
  0
LINE
  5
190
330
17
100
AcDbEntity
  8
S-CENTER
100
AcDbLine
 10
135.8666666666667
 20
349.3333333333333
 30
0.0
 11
136.4666666666667
 21
349.3333333333333
 31
0.0
  0
LINE
  5
191
330
17
100
AcDbEntity
  8
S-CENTER
100
AcDbLine
 10
137.66666666666669
 20
349.3333333333333
 30
0.0
 11
141.66666666666669
 21
349.3333333333333
 31
0.0
  0
LINE
  5
192
330
17
100
AcDbEntity
  8
S-CENTER
100
AcDbLine
 10
142.8666666666667
 20
349.3333333333333
 30
0.0
 11
143.4666666666667
 21
349.3333333333333
 31
0.0
  0
LINE
  5
193
330
17
100
AcDbEntity
  8
S-CENTER
100
AcDbLine
 10
144.66666666666669
 20
349.3333333333333
 30
0.0
 11
145.33333333333331
 21
349.3333333333333
 31
0.0
  0
CIRCLE
  5
194
330
17
100
AcDbEntity
  8
S-GRID
100
AcDbCircle
 10
82.33333333333333
 20
367.6666666666667
 30
0.0
 40
1.7
  0
TEXT
  5
195
330
17
100
AcDbEntity
  8
S-GRID
100
AcDbText
 10
82.33333333333333
 20
367.6666666666667
 30
0.0
 40
1.75
  1
A
  7
OpenSans
 72
1
 11
82.33333333333333
 21
367.6666666666667
 31
0.0
100
AcDbText
 73
2
  0
CIRCLE
  5
196
330
17
100
AcDbEntity
  8
S-GRID
100
AcDbCircle
 10
131.0
 20
367.6666666666667
 30
0.0
 40
1.7
  0
TEXT
  5
197
330
17
100
AcDbEntity
  8
S-GRID
100
AcDbText
 10
131.0
 20
367.6666666666667
 30
0.0
 40
1.75
  1
B
  7
OpenSans
 72
1
 11
131.0
 21
367.6666666666667
 31
0.0
100
AcDbText
 73
2
  0
CIRCLE
  5
198
330
17
100
AcDbEntity
  8
S-GRID
100
AcDbCircle
 10
42.666666666666664
 20
287.3333333333333
 30
0.0
 40
1.7
  0
TEXT
  5
199
330
17
100
AcDbEntity
  8
S-GRID
100
AcDbText
 10
42.666666666666664
 20
287.3333333333333
 30
0.0
 40
1.75
  1
1
  7
OpenSans
 72
1
 11
42.666666666666664
 21
287.3333333333333
 31
0.0
100
AcDbText
 73
2
  0
CIRCLE
  5
19A
330
17
100
AcDbEntity
  8
S-GRID
100
AcDbCircle
 10
42.666666666666664
 20
349.3333333333333
 30
0.0
 40
1.7
  0
TEXT
  5
19B
330
17
100
AcDbEntity
  8
S-GRID
100
AcDbText
 10
42.666666666666664
 20
349.3333333333333
 30
0.0
 40
1.75
  1
2
  7
OpenSans
 72
1
 11
42.666666666666664
 21
349.3333333333333
 31
0.0
100
AcDbText
 73
2
  0
ARC
  5
19C
330
17
100
AcDbEntity
  8
A-OPEN
100
AcDbCircle
 10
82.66666666666667
 20
298.3333333333333
 30
0.0
 40
12.0
100
AcDbArc
 50
0.0
 51
90.0
  0
LINE
  5
19D
330
17
100
AcDbEntity
  8
A-OPEN
100
AcDbLine
 10
82.66666666666667
 20
298.3333333333333
 30
0.0
 11
94.66666666666667
 21
298.3333333333333
 31
0.0
  0
LINE
  5
19E
330
17
100
AcDbEntity
  8
A-OPEN
100
AcDbLine
 10
82.66666666666667
 20
298.3333333333333
 30
0.0
 11
82.66666666666667
 21
310.3333333333333
 31
0.0
  0
TEXT
  5
19F
330
17
100
AcDbEntity
  8
S-TEXT
100
AcDbText
 10
92.0
 20
294.3333333333333
 30
0.0
 40
1.75
  1
D1  900
  7
OpenSans
 72
1
 11
92.0
 21
294.3333333333333
 31
0.0
100
AcDbText
 73
2
  0
LWPOLYLINE
  5
1A0
330
17
100
AcDbEntity
  8
A-OPEN
100
AcDbPolyline
 90
4
 70
1
 10
130.66666666666666
 20
310.3333333333333
 10
133.33333333333334
 20
310.3333333333333
 10
133.33333333333334
 20
326.3333333333333
 10
130.66666666666666
 20
326.3333333333333
  0
TEXT
  5
1A1
330
17
100
AcDbEntity
  8
S-TEXT
100
AcDbText
 10
132.0
 20
318.3333333333333
 30
0.0
 40
1.75
  1
W1
 50
90.0
  7
OpenSans
 72
1
 11
132.0
 21
318.3333333333333
 31
0.0
100
AcDbText
 73
2
  0
CIRCLE
  5
1A2
330
17
100
AcDbEntity
  8
A-WALL-IN
100
AcDbCircle
 10
64.66666666666667
 20
304.3333333333333
 30
0.0
 40
13.333333333333334
  0
CIRCLE
  5
1A3
330
17
100
AcDbEntity
  8
A-WALL
100
AcDbCircle
 10
64.66666666666667
 20
304.3333333333333
 30
0.0
 40
1.6666666666666667
  0
LINE
  5
1A4
330
17
100
AcDbEntity
  8
A-WALL-IN
100
AcDbLine
 10
66.33333333333333
 20
304.3333333333333
 30
0.0
 11
78.0
 21
304.3333333333333
 31
0.0
  0
LINE
  5
1A5
330
17
100
AcDbEntity
  8
A-WALL-IN
100
AcDbLine
 10
66.11004233964073
 20
305.1666666666667
 30
0.0
 11
76.21367205045918
 21
311.0
 31
0.0
  0
LINE
  5
1A6
330
17
100
AcDbEntity
  8
A-WALL-IN
100
AcDbLine
 10
65.5
 20
305.7767090063074
 30
0.0
 11
71.33333333333334
 21
315.8803387171258
 31
0.0
  0
LINE
  5
1A7
330
17
100
AcDbEntity
  8
A-WALL-IN
100
AcDbLine
 10
64.66666666666667
 20
306.0
 30
0.0
 11
64.66666666666667
 21
317.6666666666667
 31
0.0
  0
LINE
  5
1A8
330
17
100
AcDbEntity
  8
A-WALL-IN
100
AcDbLine
 10
63.83333333333333
 20
305.7767090063074
 30
0.0
 11
58.0
 21
315.8803387171258
 31
0.0
  0
LINE
  5
1A9
330
17
100
AcDbEntity
  8
A-WALL-IN
100
AcDbLine
 10
63.2232909936926
 20
305.1666666666667
 30
0.0
 11
53.11966128287415
 21
311.0
 31
0.0
  0
LINE
  5
1AA
330
17
100
AcDbEntity
  8
A-WALL-IN
100
AcDbLine
 10
63.0
 20
304.3333333333333
 30
0.0
 11
51.33333333333333
 21
304.3333333333333
 31
0.0
  0
LINE
  5
1AB
330
17
100
AcDbEntity
  8
A-WALL-IN
100
AcDbLine
 10
63.2232909936926
 20
303.5
 30
0.0
 11
53.11966128287415
 21
297.6666666666667
 31
0.0
  0
LINE
  5
1AC
330
17
100
AcDbEntity
  8
A-WALL-IN
100
AcDbLine
 10
63.83333333333333
 20
302.88995766035924
 30
0.0
 11
57.99999999999999
 21
292.7863279495408
 31
0.0
  0
LINE
  5
1AD
330
17
100
AcDbEntity
  8
A-WALL-IN
100
AcDbLine
 10
64.66666666666667
 20
302.6666666666667
 30
0.0
 11
64.66666666666666
 21
291.0
 31
0.0
  0
LINE
  5
1AE
330
17
100
AcDbEntity
  8
A-WALL-IN
100
AcDbLine
 10
65.5
 20
302.88995766035924
 30
0.0
 11
71.33333333333334
 21
292.7863279495408
 31
0.0
  0
LINE
  5
1AF
330
17
100
AcDbEntity
  8
A-WALL-IN
100
AcDbLine
 10
66.11004233964073
 20
303.5
 30
0.0
 11
76.21367205045918
 21
297.6666666666667
 31
0.0
  0
LWPOLYLINE
  5
1B0
330
17
100
AcDbEntity
  8
A-WALL-IN
100
AcDbPolyline
 90
4
 70
1
 10
78.0
 20
298.3333333333333
 10
80.0
 20
298.3333333333333
 10
80.0
 20
310.3333333333333
 10
78.0
 20
310.3333333333333
  0
LINE
  5
1B1
330
17
100
AcDbEntity
  8
A-WALL-IN
100
AcDbLine
 10
64.66666666666667
 20
297.0
 30
0.0
 11
64.66666666666667
 21
311.6666666666667
 31
0.0
  0
LINE
  5
1B2
330
17
100
AcDbEntity
  8
A-WALL-IN
100
AcDbLine
 10
64.66666666666667
 20
311.6666666666667
 30
0.0
 11
63.46666666666667
 21
309.26666666666665
 31
0.0
  0
LINE
  5
1B3
330
17
100
AcDbEntity
  8
A-WALL-IN
100
AcDbLine
 10
64.66666666666667
 20
311.6666666666667
 30
0.0
 11
65.86666666666667
 21
309.26666666666665
 31
0.0
  0
DIMENSION
  5
1B4
330
17
100
AcDbEntity
  8
S-DIM
100
AcDbDimension
280
0
  2
*D1
  3
A2-DIM-S
 10
80.0
 20
271.6666666666667
 30
0.0
 11
81.33333333333334
 21
274.3666666666667
 31
0.0
 70
32
 71
5
  1
<>
100
AcDbAlignedDimension
 13
80.0
 23
285.0
 33
0.0
 14
82.66666666666667
 24
285.0
 34
0.0
 50
0.0
100
AcDbRotatedDimension
1001
ACAD
1000
DSTYLE
1002
{
1070
144
1040
75.0
1002
}
  0
DIMENSION
  5
1C3
330
17
100
AcDbEntity
  8
S-DIM
100
AcDbDimension
280
0
  2
*D2
  3
A2-DIM-S
 10
82.66666666666667
 20
271.6666666666667
 30
0.0
 11
106.66666666666666
 21
273.2666666666667
 31
0.0
 70
32
 71
5
  1
<>
100
AcDbAlignedDimension
 13
82.66666666666667
 23
285.0
 33
0.0
 14
130.66666666666666
 24
285.0
 34
0.0
 50
0.0
100
AcDbRotatedDimension
1001
ACAD
1000
DSTYLE
1002
{
1070
144
1040
75.0
1002
}
  0
DIMENSION
  5
1D2
330
17
100
AcDbEntity
  8
S-DIM
100
AcDbDimension
280
0
  2
*D3
  3
A2-DIM-S
 10
130.66666666666666
 20
271.6666666666667
 30
0.0
 11
132.0
 21
274.3666666666667
 31
0.0
 70
32
 71
5
  1
<>
100
AcDbAlignedDimension
 13
130.66666666666666
 23
285.0
 33
0.0
 14
133.33333333333334
 24
285.0
 34
0.0
 50
0.0
100
AcDbRotatedDimension
1001
ACAD
1000
DSTYLE
1002
{
1070
144
1040
75.0
1002
}
  0
DIMENSION
  5
1E1
330
17
100
AcDbEntity
  8
S-DIM
100
AcDbDimension
280
0
  2
*D4
  3
A2-DIM-S
 10
80.0
 20
263.6666666666667
 30
0.0
 11
106.66666666666667
 21
265.2666666666667
 31
0.0
 70
32
 71
5
  1
<>
100
AcDbAlignedDimension
 13
80.0
 23
285.0
 33
0.0
 14
133.33333333333334
 24
285.0
 34
0.0
 50
0.0
100
AcDbRotatedDimension
1001
ACAD
1000
DSTYLE
1002
{
1070
144
1040
75.0
1002
}
  0
DIMENSION
  5
1F0
330
17
100
AcDbEntity
  8
S-DIM
100
AcDbDimension
280
0
  2
*D5
  3
A2-DIM-S
 10
144.0
 20
285.0
 30
0.0
 11
141.3
 21
286.33333333333337
 31
0.0
 70
32
 71
5
  1
<>
100
AcDbAlignedDimension
 13
133.33333333333334
 23
285.0
 33
0.0
 14
133.33333333333334
 24
287.6666666666667
 34
0.0
 50
90.0
100
AcDbRotatedDimension
1001
ACAD
1000
DSTYLE
1002
{
1070
144
1040
75.0
1002
}
  0
DIMENSION
  5
1FF
330
17
100
AcDbEntity
  8
S-DIM
100
AcDbDimension
280
0
  2
*D6
  3
A2-DIM-S
 10
144.0
 20
287.6666666666667
 30
0.0
 11
142.4
 21
318.33333333333337
 31
0.0
 70
32
 71
5
  1
<>
100
AcDbAlignedDimension
 13
133.33333333333334
 23
287.6666666666667
 33
0.0
 14
133.33333333333334
 24
349.0
 34
0.0
 50
90.0
100
AcDbRotatedDimension
1001
ACAD
1000
DSTYLE
1002
{
1070
144
1040
75.0
1002
}
  0
DIMENSION
  5
20E
330
17
100
AcDbEntity
  8
S-DIM
100
AcDbDimension
280
0
  2
*D7
  3
A2-DIM-S
 10
144.0
 20
349.0
 30
0.0
 11
141.3
 21
350.33333333333337
 31
0.0
 70
32
 71
5
  1
<>
100
AcDbAlignedDimension
 13
133.33333333333334
 23
349.0
 33
0.0
 14
133.33333333333334
 24
351.6666666666667
 34
0.0
 50
90.0
100
AcDbRotatedDimension
1001
ACAD
1000
DSTYLE
1002
{
1070
144
1040
75.0
1002
}
  0
DIMENSION
  5
21D
330
17
100
AcDbEntity
  8
S-DIM
100
AcDbDimension
280
0
  2
*D8
  3
A2-DIM-S
 10
152.0
 20
285.0
 30
0.0
 11
150.4
 21
318.33333333333337
 31
0.0
 70
32
 71
5
  1
<>
100
AcDbAlignedDimension
 13
133.33333333333334
 23
285.0
 33
0.0
 14
133.33333333333334
 24
351.6666666666667
 34
0.0
 50
90.0
100
AcDbRotatedDimension
1001
ACAD
1000
DSTYLE
1002
{
1070
144
1040
75.0
1002
}
  0
TEXT
  5
22C
330
17
100
AcDbEntity
  8
S-TEXT
100
AcDbText
 10
106.66666666666667
 20
324.3333333333333
 30
0.0
 40
1.9
  1
SENTRY POST
  7
OpenSans
 72
1
 11
106.66666666666667
 21
324.3333333333333
 31
0.0
100
AcDbText
 73
2
  0
TEXT
  5
22D
330
17
100
AcDbEntity
  8
S-TEXT
100
AcDbText
 10
106.66666666666667
 20
318.3333333333333
 30
0.0
 40
1.75
  1
GROUND FLOOR  FFL +0.450
  7
OpenSans
 72
1
 11
106.66666666666667
 21
318.3333333333333
 31
0.0
100
AcDbText
 73
2
  0
TEXT
  5
22E
330
17
100
AcDbEntity
  8
S-TEXT
100
AcDbText
 10
106.66666666666667
 20
312.3333333333333
 30
0.0
 40
1.75
  1
190 BRICK MASONRY INFILL (SP-B1)
  7
OpenSans
 72
1
 11
106.66666666666667
 21
312.3333333333333
 31
0.0
100
AcDbText
 73
2
  0
TEXT
  5
22F
330
17
100
AcDbEntity
  8
S-TEXT
100
AcDbText
 10
106.66666666666667
 20
331.6666666666667
 30
0.0
 40
1.75
  1
B1 / B2  250 x 450  FIRST FLOOR BEAMS OVER
  7
OpenSans
 72
1
 11
106.66666666666667
 21
331.6666666666667
 31
0.0
100
AcDbText
 73
2
  0
TEXT
  5
230
330
17
100
AcDbEntity
  8
S-TEXT
100
AcDbText
 10
64.66666666666667
 20
357.0
 30
0.0
 40
1.75
  1
SPIRAL STAIR 1000 R
  7
OpenSans
 72
1
 11
64.66666666666667
 21
357.0
 31
0.0
100
AcDbText
 73
2
  0
TEXT
  5
231
330
17
100
AcDbEntity
  8
S-TEXT
100
AcDbText
 10
64.66666666666667
 20
351.0
 30
0.0
 40
1.75
  1
250 DIA CENTRAL POLE
  7
OpenSans
 72
1
 11
64.66666666666667
 21
351.0
 31
0.0
100
AcDbText
 73
2
  0
CIRCLE
  5
232
330
17
100
AcDbEntity
  8
S-TITLE
100
AcDbCircle
 10
60.0
 20
257.0
 30
0.0
 40
4.0
  0
TEXT
  5
233
330
17
100
AcDbEntity
  8
S-TITLE
100
AcDbText
 10
60.0
 20
257.0
 30
0.0
 40
3.6720000000000006
  1
1
  7
OpenSans
 72
1
 11
60.0
 21
257.0
 31
0.0
100
AcDbText
 73
2
  0
TEXT
  5
234
330
17
100
AcDbEntity
  8
S-TITLE
100
AcDbText
 10
68.2
 20
258.0
 30
0.0
 40
5.2637216542555425
  1
GROUND FLOOR LEVEL
  7
OpenSans
 11
68.2
 21
258.0
 31
0.0
100
AcDbText
  0
LINE
  5
235
330
17
100
AcDbEntity
  8
S-TITLE
100
AcDbLine
 10
65.6
 20
256.6
 30
0.0
 11
152.0
 21
256.6
 31
0.0
  0
TEXT
  5
236
330
17
100
AcDbEntity
  8
S-TEXT
100
AcDbText
 10
68.2
 20
250.4
 30
0.0
 40
3.3
  1
1 : 75   FFL +0.450
  7
OpenSans
 11
68.2
 21
250.4
 31
0.0
100
AcDbText
  0
LWPOLYLINE
  5
237
330
17
100
AcDbEntity
  8
A-WALL
100
AcDbPolyline
 90
4
 70
1
 10
198.0
 20
285.0
 10
251.33333333333334
 20
285.0
 10
251.33333333333334
 20
351.6666666666667
 10
198.0
 20
351.6666666666667
  0
LWPOLYLINE
  5
238
330
17
100
AcDbEntity
  8
A-WALL
100
AcDbPolyline
 90
4
 70
1
 10
198.0
 20
285.0
 10
200.66666666666666
 20
285.0
 10
200.66666666666666
 20
298.3333333333333
 10
198.0
 20
298.3333333333333
  0
LWPOLYLINE
  5
239
330
17
100
AcDbEntity
  8
A-WALL
100
AcDbPolyline
 90
4
 70
1
 10
198.0
 20
310.3333333333333
 10
200.66666666666666
 20
310.3333333333333
 10
200.66666666666666
 20
351.6666666666667
 10
198.0
 20
351.6666666666667
  0
LWPOLYLINE
  5
23A
330
17
100
AcDbEntity
  8
A-WALL
100
AcDbPolyline
 90
4
 70
1
 10
248.66666666666666
 20
285.0
 10
251.33333333333334
 20
285.0
 10
251.33333333333334
 20
351.6666666666667
 10
248.66666666666666
 20
351.6666666666667
  0
LWPOLYLINE
  5
23B
330
17
100
AcDbEntity
  8
A-WALL
100
AcDbPolyline
 90
4
 70
1
 10
198.0
 20
285.0
 10
251.33333333333334
 20
285.0
 10
251.33333333333334
 20
287.6666666666667
 10
198.0
 20
287.6666666666667
  0
LWPOLYLINE
  5
23C
330
17
100
AcDbEntity
  8
A-WALL
100
AcDbPolyline
 90
4
 70
1
 10
198.0
 20
349.0
 10
251.33333333333334
 20
349.0
 10
251.33333333333334
 20
351.6666666666667
 10
198.0
 20
351.6666666666667
  0
LWPOLYLINE
  5
23D
330
17
100
AcDbEntity
  8
A-WALL
100
AcDbPolyline
 90
4
 70
1
 10
198.0
 20
285.0
 10
202.66666666666666
 20
285.0
 10
202.66666666666666
 20
289.6666666666667
 10
198.0
 20
289.6666666666667
  0
LINE
  5
23E
330
17
100
AcDbEntity
  8
A-WALL
100
AcDbLine
 10
198.0
 20
285.0
 30
0.0
 11
202.66666666666666
 21
289.6666666666667
 31
0.0
  0
LINE
  5
23F
330
17
100
AcDbEntity
  8
A-WALL
100
AcDbLine
 10
198.0
 20
289.6666666666667
 30
0.0
 11
202.66666666666666
 21
285.0
 31
0.0
  0
LWPOLYLINE
  5
240
330
17
100
AcDbEntity
  8
A-WALL
100
AcDbPolyline
 90
4
 70
1
 10
198.0
 20
347.0
 10
202.66666666666666
 20
347.0
 10
202.66666666666666
 20
351.6666666666667
 10
198.0
 20
351.6666666666667
  0
LINE
  5
241
330
17
100
AcDbEntity
  8
A-WALL
100
AcDbLine
 10
198.0
 20
347.0
 30
0.0
 11
202.66666666666666
 21
351.6666666666667
 31
0.0
  0
LINE
  5
242
330
17
100
AcDbEntity
  8
A-WALL
100
AcDbLine
 10
198.0
 20
351.6666666666667
 30
0.0
 11
202.66666666666666
 21
347.0
 31
0.0
  0
LWPOLYLINE
  5
243
330
17
100
AcDbEntity
  8
A-WALL
100
AcDbPolyline
 90
4
 70
1
 10
246.66666666666666
 20
285.0
 10
251.33333333333334
 20
285.0
 10
251.33333333333334
 20
289.6666666666667
 10
246.66666666666666
 20
289.6666666666667
  0
LINE
  5
244
330
17
100
AcDbEntity
  8
A-WALL
100
AcDbLine
 10
246.66666666666666
 20
285.0
 30
0.0
 11
251.33333333333334
 21
289.6666666666667
 31
0.0
  0
LINE
  5
245
330
17
100
AcDbEntity
  8
A-WALL
100
AcDbLine
 10
246.66666666666666
 20
289.6666666666667
 30
0.0
 11
251.33333333333334
 21
285.0
 31
0.0
  0
LWPOLYLINE
  5
246
330
17
100
AcDbEntity
  8
A-WALL
100
AcDbPolyline
 90
4
 70
1
 10
246.66666666666666
 20
347.0
 10
251.33333333333334
 20
347.0
 10
251.33333333333334
 20
351.6666666666667
 10
246.66666666666666
 20
351.6666666666667
  0
LINE
  5
247
330
17
100
AcDbEntity
  8
A-WALL
100
AcDbLine
 10
246.66666666666666
 20
347.0
 30
0.0
 11
251.33333333333334
 21
351.6666666666667
 31
0.0
  0
LINE
  5
248
330
17
100
AcDbEntity
  8
A-WALL
100
AcDbLine
 10
246.66666666666666
 20
351.6666666666667
 30
0.0
 11
251.33333333333334
 21
347.0
 31
0.0
  0
LINE
  5
249
330
17
100
AcDbEntity
  8
S-CENTER
100
AcDbLine
 10
200.33333333333334
 20
273.0
 30
0.0
 11
200.33333333333334
 21
277.0
 31
0.0
  0
LINE
  5
24A
330
17
100
AcDbEntity
  8
S-CENTER
100
AcDbLine
 10
200.33333333333334
 20
278.2
 30
0.0
 11
200.33333333333334
 21
278.8
 31
0.0
  0
LINE
  5
24B
330
17
100
AcDbEntity
  8
S-CENTER
100
AcDbLine
 10
200.33333333333334
 20
280.0
 30
0.0
 11
200.33333333333334
 21
284.0
 31
0.0
  0
LINE
  5
24C
330
17
100
AcDbEntity
  8
S-CENTER
100
AcDbLine
 10
200.33333333333334
 20
285.2
 30
0.0
 11
200.33333333333334
 21
285.8
 31
0.0
  0
LINE
  5
24D
330
17
100
AcDbEntity
  8
S-CENTER
100
AcDbLine
 10
200.33333333333334
 20
287.0
 30
0.0
 11
200.33333333333334
 21
291.0
 31
0.0
  0
LINE
  5
24E
330
17
100
AcDbEntity
  8
S-CENTER
100
AcDbLine
 10
200.33333333333334
 20
292.2
 30
0.0
 11
200.33333333333334
 21
292.8
 31
0.0
  0
LINE
  5
24F
330
17
100
AcDbEntity
  8
S-CENTER
100
AcDbLine
 10
200.33333333333334
 20
294.0
 30
0.0
 11
200.33333333333334
 21
298.0
 31
0.0
  0
LINE
  5
250
330
17
100
AcDbEntity
  8
S-CENTER
100
AcDbLine
 10
200.33333333333334
 20
299.2
 30
0.0
 11
200.33333333333334
 21
299.8
 31
0.0
  0
LINE
  5
251
330
17
100
AcDbEntity
  8
S-CENTER
100
AcDbLine
 10
200.33333333333334
 20
301.0
 30
0.0
 11
200.33333333333334
 21
305.0
 31
0.0
  0
LINE
  5
252
330
17
100
AcDbEntity
  8
S-CENTER
100
AcDbLine
 10
200.33333333333334
 20
306.2
 30
0.0
 11
200.33333333333334
 21
306.8
 31
0.0
  0
LINE
  5
253
330
17
100
AcDbEntity
  8
S-CENTER
100
AcDbLine
 10
200.33333333333334
 20
308.0
 30
0.0
 11
200.33333333333334
 21
312.0
 31
0.0
  0
LINE
  5
254
330
17
100
AcDbEntity
  8
S-CENTER
100
AcDbLine
 10
200.33333333333334
 20
313.2
 30
0.0
 11
200.33333333333334
 21
313.8
 31
0.0
  0
LINE
  5
255
330
17
100
AcDbEntity
  8
S-CENTER
100
AcDbLine
 10
200.33333333333334
 20
315.0
 30
0.0
 11
200.33333333333334
 21
319.0
 31
0.0
  0
LINE
  5
256
330
17
100
AcDbEntity
  8
S-CENTER
100
AcDbLine
 10
200.33333333333334
 20
320.20000000000005
 30
0.0
 11
200.33333333333334
 21
320.8
 31
0.0
  0
LINE
  5
257
330
17
100
AcDbEntity
  8
S-CENTER
100
AcDbLine
 10
200.33333333333334
 20
322.0
 30
0.0
 11
200.33333333333334
 21
326.0
 31
0.0
  0
LINE
  5
258
330
17
100
AcDbEntity
  8
S-CENTER
100
AcDbLine
 10
200.33333333333334
 20
327.20000000000005
 30
0.0
 11
200.33333333333334
 21
327.8
 31
0.0
  0
LINE
  5
259
330
17
100
AcDbEntity
  8
S-CENTER
100
AcDbLine
 10
200.33333333333334
 20
329.0
 30
0.0
 11
200.33333333333334
 21
333.0
 31
0.0
  0
LINE
  5
25A
330
17
100
AcDbEntity
  8
S-CENTER
100
AcDbLine
 10
200.33333333333334
 20
334.20000000000005
 30
0.0
 11
200.33333333333334
 21
334.8
 31
0.0
  0
LINE
  5
25B
330
17
100
AcDbEntity
  8
S-CENTER
100
AcDbLine
 10
200.33333333333334
 20
336.00000000000006
 30
0.0
 11
200.33333333333334
 21
340.0
 31
0.0
  0
LINE
  5
25C
330
17
100
AcDbEntity
  8
S-CENTER
100
AcDbLine
 10
200.33333333333334
 20
341.20000000000005
 30
0.0
 11
200.33333333333334
 21
341.8
 31
0.0
  0
LINE
  5
25D
330
17
100
AcDbEntity
  8
S-CENTER
100
AcDbLine
 10
200.33333333333334
 20
343.0
 30
0.0
 11
200.33333333333334
 21
347.0
 31
0.0
  0
LINE
  5
25E
330
17
100
AcDbEntity
  8
S-CENTER
100
AcDbLine
 10
200.33333333333334
 20
348.20000000000005
 30
0.0
 11
200.33333333333334
 21
348.8
 31
0.0
  0
LINE
  5
25F
330
17
100
AcDbEntity
  8
S-CENTER
100
AcDbLine
 10
200.33333333333334
 20
350.0
 30
0.0
 11
200.33333333333334
 21
354.0
 31
0.0
  0
LINE
  5
260
330
17
100
AcDbEntity
  8
S-CENTER
100
AcDbLine
 10
200.33333333333334
 20
355.20000000000005
 30
0.0
 11
200.33333333333334
 21
355.8
 31
0.0
  0
LINE
  5
261
330
17
100
AcDbEntity
  8
S-CENTER
100
AcDbLine
 10
200.33333333333334
 20
357.0
 30
0.0
 11
200.33333333333334
 21
361.0
 31
0.0
  0
LINE
  5
262
330
17
100
AcDbEntity
  8
S-CENTER
100
AcDbLine
 10
200.33333333333334
 20
362.20000000000005
 30
0.0
 11
200.33333333333334
 21
362.8
 31
0.0
  0
LINE
  5
263
330
17
100
AcDbEntity
  8
S-CENTER
100
AcDbLine
 10
249.0
 20
273.0
 30
0.0
 11
249.0
 21
277.0
 31
0.0
  0
LINE
  5
264
330
17
100
AcDbEntity
  8
S-CENTER
100
AcDbLine
 10
249.0
 20
278.2
 30
0.0
 11
249.0
 21
278.8
 31
0.0
  0
LINE
  5
265
330
17
100
AcDbEntity
  8
S-CENTER
100
AcDbLine
 10
249.0
 20
280.0
 30
0.0
 11
249.0
 21
284.0
 31
0.0
  0
LINE
  5
266
330
17
100
AcDbEntity
  8
S-CENTER
100
AcDbLine
 10
249.0
 20
285.2
 30
0.0
 11
249.0
 21
285.8
 31
0.0
  0
LINE
  5
267
330
17
100
AcDbEntity
  8
S-CENTER
100
AcDbLine
 10
249.0
 20
287.0
 30
0.0
 11
249.0
 21
291.0
 31
0.0
  0
LINE
  5
268
330
17
100
AcDbEntity
  8
S-CENTER
100
AcDbLine
 10
249.0
 20
292.2
 30
0.0
 11
249.0
 21
292.8
 31
0.0
  0
LINE
  5
269
330
17
100
AcDbEntity
  8
S-CENTER
100
AcDbLine
 10
249.0
 20
294.0
 30
0.0
 11
249.0
 21
298.0
 31
0.0
  0
LINE
  5
26A
330
17
100
AcDbEntity
  8
S-CENTER
100
AcDbLine
 10
249.0
 20
299.2
 30
0.0
 11
249.0
 21
299.8
 31
0.0
  0
LINE
  5
26B
330
17
100
AcDbEntity
  8
S-CENTER
100
AcDbLine
 10
249.0
 20
301.0
 30
0.0
 11
249.0
 21
305.0
 31
0.0
  0
LINE
  5
26C
330
17
100
AcDbEntity
  8
S-CENTER
100
AcDbLine
 10
249.0
 20
306.2
 30
0.0
 11
249.0
 21
306.8
 31
0.0
  0
LINE
  5
26D
330
17
100
AcDbEntity
  8
S-CENTER
100
AcDbLine
 10
249.0
 20
308.0
 30
0.0
 11
249.0
 21
312.0
 31
0.0
  0
LINE
  5
26E
330
17
100
AcDbEntity
  8
S-CENTER
100
AcDbLine
 10
249.0
 20
313.2
 30
0.0
 11
249.0
 21
313.8
 31
0.0
  0
LINE
  5
26F
330
17
100
AcDbEntity
  8
S-CENTER
100
AcDbLine
 10
249.0
 20
315.0
 30
0.0
 11
249.0
 21
319.0
 31
0.0
  0
LINE
  5
270
330
17
100
AcDbEntity
  8
S-CENTER
100
AcDbLine
 10
249.0
 20
320.20000000000005
 30
0.0
 11
249.0
 21
320.8
 31
0.0
  0
LINE
  5
271
330
17
100
AcDbEntity
  8
S-CENTER
100
AcDbLine
 10
249.0
 20
322.0
 30
0.0
 11
249.0
 21
326.0
 31
0.0
  0
LINE
  5
272
330
17
100
AcDbEntity
  8
S-CENTER
100
AcDbLine
 10
249.0
 20
327.20000000000005
 30
0.0
 11
249.0
 21
327.8
 31
0.0
  0
LINE
  5
273
330
17
100
AcDbEntity
  8
S-CENTER
100
AcDbLine
 10
249.0
 20
329.0
 30
0.0
 11
249.0
 21
333.0
 31
0.0
  0
LINE
  5
274
330
17
100
AcDbEntity
  8
S-CENTER
100
AcDbLine
 10
249.0
 20
334.20000000000005
 30
0.0
 11
249.0
 21
334.8
 31
0.0
  0
LINE
  5
275
330
17
100
AcDbEntity
  8
S-CENTER
100
AcDbLine
 10
249.0
 20
336.00000000000006
 30
0.0
 11
249.0
 21
340.0
 31
0.0
  0
LINE
  5
276
330
17
100
AcDbEntity
  8
S-CENTER
100
AcDbLine
 10
249.0
 20
341.20000000000005
 30
0.0
 11
249.0
 21
341.8
 31
0.0
  0
LINE
  5
277
330
17
100
AcDbEntity
  8
S-CENTER
100
AcDbLine
 10
249.0
 20
343.0
 30
0.0
 11
249.0
 21
347.0
 31
0.0
  0
LINE
  5
278
330
17
100
AcDbEntity
  8
S-CENTER
100
AcDbLine
 10
249.0
 20
348.20000000000005
 30
0.0
 11
249.0
 21
348.8
 31
0.0
  0
LINE
  5
279
330
17
100
AcDbEntity
  8
S-CENTER
100
AcDbLine
 10
249.0
 20
350.0
 30
0.0
 11
249.0
 21
354.0
 31
0.0
  0
LINE
  5
27A
330
17
100
AcDbEntity
  8
S-CENTER
100
AcDbLine
 10
249.0
 20
355.20000000000005
 30
0.0
 11
249.0
 21
355.8
 31
0.0
  0
LINE
  5
27B
330
17
100
AcDbEntity
  8
S-CENTER
100
AcDbLine
 10
249.0
 20
357.0
 30
0.0
 11
249.0
 21
361.0
 31
0.0
  0
LINE
  5
27C
330
17
100
AcDbEntity
  8
S-CENTER
100
AcDbLine
 10
249.0
 20
362.20000000000005
 30
0.0
 11
249.0
 21
362.8
 31
0.0
  0
LINE
  5
27D
330
17
100
AcDbEntity
  8
S-CENTER
100
AcDbLine
 10
164.66666666666666
 20
287.3333333333333
 30
0.0
 11
168.66666666666666
 21
287.3333333333333
 31
0.0
  0
LINE
  5
27E
330
17
100
AcDbEntity
  8
S-CENTER
100
AcDbLine
 10
169.86666666666665
 20
287.3333333333333
 30
0.0
 11
170.46666666666667
 21
287.3333333333333
 31
0.0
  0
LINE
  5
27F
330
17
100
AcDbEntity
  8
S-CENTER
100
AcDbLine
 10
171.66666666666666
 20
287.3333333333333
 30
0.0
 11
175.66666666666666
 21
287.3333333333333
 31
0.0
  0
LINE
  5
280
330
17
100
AcDbEntity
  8
S-CENTER
100
AcDbLine
 10
176.86666666666665
 20
287.3333333333333
 30
0.0
 11
177.46666666666667
 21
287.3333333333333
 31
0.0
  0
LINE
  5
281
330
17
100
AcDbEntity
  8
S-CENTER
100
AcDbLine
 10
178.66666666666666
 20
287.3333333333333
 30
0.0
 11
182.66666666666666
 21
287.3333333333333
 31
0.0
  0
LINE
  5
282
330
17
100
AcDbEntity
  8
S-CENTER
100
AcDbLine
 10
183.86666666666665
 20
287.3333333333333
 30
0.0
 11
184.46666666666667
 21
287.3333333333333
 31
0.0
  0
LINE
  5
283
330
17
100
AcDbEntity
  8
S-CENTER
100
AcDbLine
 10
185.66666666666666
 20
287.3333333333333
 30
0.0
 11
189.66666666666666
 21
287.3333333333333
 31
0.0
  0
LINE
  5
284
330
17
100
AcDbEntity
  8
S-CENTER
100
AcDbLine
 10
190.86666666666665
 20
287.3333333333333
 30
0.0
 11
191.46666666666667
 21
287.3333333333333
 31
0.0
  0
LINE
  5
285
330
17
100
AcDbEntity
  8
S-CENTER
100
AcDbLine
 10
192.66666666666666
 20
287.3333333333333
 30
0.0
 11
196.66666666666666
 21
287.3333333333333
 31
0.0
  0
LINE
  5
286
330
17
100
AcDbEntity
  8
S-CENTER
100
AcDbLine
 10
197.86666666666667
 20
287.3333333333333
 30
0.0
 11
198.46666666666667
 21
287.3333333333333
 31
0.0
  0
LINE
  5
287
330
17
100
AcDbEntity
  8
S-CENTER
100
AcDbLine
 10
199.66666666666666
 20
287.3333333333333
 30
0.0
 11
203.66666666666666
 21
287.3333333333333
 31
0.0
  0
LINE
  5
288
330
17
100
AcDbEntity
  8
S-CENTER
100
AcDbLine
 10
204.86666666666667
 20
287.3333333333333
 30
0.0
 11
205.46666666666667
 21
287.3333333333333
 31
0.0
  0
LINE
  5
289
330
17
100
AcDbEntity
  8
S-CENTER
100
AcDbLine
 10
206.66666666666669
 20
287.3333333333333
 30
0.0
 11
210.66666666666669
 21
287.3333333333333
 31
0.0
  0
LINE
  5
28A
330
17
100
AcDbEntity
  8
S-CENTER
100
AcDbLine
 10
211.86666666666667
 20
287.3333333333333
 30
0.0
 11
212.46666666666667
 21
287.3333333333333
 31
0.0
  0
LINE
  5
28B
330
17
100
AcDbEntity
  8
S-CENTER
100
AcDbLine
 10
213.66666666666669
 20
287.3333333333333
 30
0.0
 11
217.66666666666669
 21
287.3333333333333
 31
0.0
  0
LINE
  5
28C
330
17
100
AcDbEntity
  8
S-CENTER
100
AcDbLine
 10
218.86666666666667
 20
287.3333333333333
 30
0.0
 11
219.4666666666667
 21
287.3333333333333
 31
0.0
  0
LINE
  5
28D
330
17
100
AcDbEntity
  8
S-CENTER
100
AcDbLine
 10
220.66666666666669
 20
287.3333333333333
 30
0.0
 11
224.66666666666669
 21
287.3333333333333
 31
0.0
  0
LINE
  5
28E
330
17
100
AcDbEntity
  8
S-CENTER
100
AcDbLine
 10
225.86666666666667
 20
287.3333333333333
 30
0.0
 11
226.4666666666667
 21
287.3333333333333
 31
0.0
  0
LINE
  5
28F
330
17
100
AcDbEntity
  8
S-CENTER
100
AcDbLine
 10
227.66666666666669
 20
287.3333333333333
 30
0.0
 11
231.66666666666669
 21
287.3333333333333
 31
0.0
  0
LINE
  5
290
330
17
100
AcDbEntity
  8
S-CENTER
100
AcDbLine
 10
232.86666666666667
 20
287.3333333333333
 30
0.0
 11
233.4666666666667
 21
287.3333333333333
 31
0.0
  0
LINE
  5
291
330
17
100
AcDbEntity
  8
S-CENTER
100
AcDbLine
 10
234.66666666666669
 20
287.3333333333333
 30
0.0
 11
238.66666666666669
 21
287.3333333333333
 31
0.0
  0
LINE
  5
292
330
17
100
AcDbEntity
  8
S-CENTER
100
AcDbLine
 10
239.86666666666667
 20
287.3333333333333
 30
0.0
 11
240.4666666666667
 21
287.3333333333333
 31
0.0
  0
LINE
  5
293
330
17
100
AcDbEntity
  8
S-CENTER
100
AcDbLine
 10
241.66666666666669
 20
287.3333333333333
 30
0.0
 11
245.66666666666669
 21
287.3333333333333
 31
0.0
  0
LINE
  5
294
330
17
100
AcDbEntity
  8
S-CENTER
100
AcDbLine
 10
246.86666666666667
 20
287.3333333333333
 30
0.0
 11
247.4666666666667
 21
287.3333333333333
 31
0.0
  0
LINE
  5
295
330
17
100
AcDbEntity
  8
S-CENTER
100
AcDbLine
 10
248.66666666666669
 20
287.3333333333333
 30
0.0
 11
252.66666666666669
 21
287.3333333333333
 31
0.0
  0
LINE
  5
296
330
17
100
AcDbEntity
  8
S-CENTER
100
AcDbLine
 10
253.86666666666667
 20
287.3333333333333
 30
0.0
 11
254.4666666666667
 21
287.3333333333333
 31
0.0
  0
LINE
  5
297
330
17
100
AcDbEntity
  8
S-CENTER
100
AcDbLine
 10
255.66666666666669
 20
287.3333333333333
 30
0.0
 11
259.6666666666667
 21
287.3333333333333
 31
0.0
  0
LINE
  5
298
330
17
100
AcDbEntity
  8
S-CENTER
100
AcDbLine
 10
260.8666666666667
 20
287.3333333333333
 30
0.0
 11
261.4666666666667
 21
287.3333333333333
 31
0.0
  0
LINE
  5
299
330
17
100
AcDbEntity
  8
S-CENTER
100
AcDbLine
 10
262.6666666666667
 20
287.3333333333333
 30
0.0
 11
263.3333333333333
 21
287.3333333333333
 31
0.0
  0
LINE
  5
29A
330
17
100
AcDbEntity
  8
S-CENTER
100
AcDbLine
 10
164.66666666666666
 20
349.3333333333333
 30
0.0
 11
168.66666666666666
 21
349.3333333333333
 31
0.0
  0
LINE
  5
29B
330
17
100
AcDbEntity
  8
S-CENTER
100
AcDbLine
 10
169.86666666666665
 20
349.3333333333333
 30
0.0
 11
170.46666666666667
 21
349.3333333333333
 31
0.0
  0
LINE
  5
29C
330
17
100
AcDbEntity
  8
S-CENTER
100
AcDbLine
 10
171.66666666666666
 20
349.3333333333333
 30
0.0
 11
175.66666666666666
 21
349.3333333333333
 31
0.0
  0
LINE
  5
29D
330
17
100
AcDbEntity
  8
S-CENTER
100
AcDbLine
 10
176.86666666666665
 20
349.3333333333333
 30
0.0
 11
177.46666666666667
 21
349.3333333333333
 31
0.0
  0
LINE
  5
29E
330
17
100
AcDbEntity
  8
S-CENTER
100
AcDbLine
 10
178.66666666666666
 20
349.3333333333333
 30
0.0
 11
182.66666666666666
 21
349.3333333333333
 31
0.0
  0
LINE
  5
29F
330
17
100
AcDbEntity
  8
S-CENTER
100
AcDbLine
 10
183.86666666666665
 20
349.3333333333333
 30
0.0
 11
184.46666666666667
 21
349.3333333333333
 31
0.0
  0
LINE
  5
2A0
330
17
100
AcDbEntity
  8
S-CENTER
100
AcDbLine
 10
185.66666666666666
 20
349.3333333333333
 30
0.0
 11
189.66666666666666
 21
349.3333333333333
 31
0.0
  0
LINE
  5
2A1
330
17
100
AcDbEntity
  8
S-CENTER
100
AcDbLine
 10
190.86666666666665
 20
349.3333333333333
 30
0.0
 11
191.46666666666667
 21
349.3333333333333
 31
0.0
  0
LINE
  5
2A2
330
17
100
AcDbEntity
  8
S-CENTER
100
AcDbLine
 10
192.66666666666666
 20
349.3333333333333
 30
0.0
 11
196.66666666666666
 21
349.3333333333333
 31
0.0
  0
LINE
  5
2A3
330
17
100
AcDbEntity
  8
S-CENTER
100
AcDbLine
 10
197.86666666666667
 20
349.3333333333333
 30
0.0
 11
198.46666666666667
 21
349.3333333333333
 31
0.0
  0
LINE
  5
2A4
330
17
100
AcDbEntity
  8
S-CENTER
100
AcDbLine
 10
199.66666666666666
 20
349.3333333333333
 30
0.0
 11
203.66666666666666
 21
349.3333333333333
 31
0.0
  0
LINE
  5
2A5
330
17
100
AcDbEntity
  8
S-CENTER
100
AcDbLine
 10
204.86666666666667
 20
349.3333333333333
 30
0.0
 11
205.46666666666667
 21
349.3333333333333
 31
0.0
  0
LINE
  5
2A6
330
17
100
AcDbEntity
  8
S-CENTER
100
AcDbLine
 10
206.66666666666669
 20
349.3333333333333
 30
0.0
 11
210.66666666666669
 21
349.3333333333333
 31
0.0
  0
LINE
  5
2A7
330
17
100
AcDbEntity
  8
S-CENTER
100
AcDbLine
 10
211.86666666666667
 20
349.3333333333333
 30
0.0
 11
212.46666666666667
 21
349.3333333333333
 31
0.0
  0
LINE
  5
2A8
330
17
100
AcDbEntity
  8
S-CENTER
100
AcDbLine
 10
213.66666666666669
 20
349.3333333333333
 30
0.0
 11
217.66666666666669
 21
349.3333333333333
 31
0.0
  0
LINE
  5
2A9
330
17
100
AcDbEntity
  8
S-CENTER
100
AcDbLine
 10
218.86666666666667
 20
349.3333333333333
 30
0.0
 11
219.4666666666667
 21
349.3333333333333
 31
0.0
  0
LINE
  5
2AA
330
17
100
AcDbEntity
  8
S-CENTER
100
AcDbLine
 10
220.66666666666669
 20
349.3333333333333
 30
0.0
 11
224.66666666666669
 21
349.3333333333333
 31
0.0
  0
LINE
  5
2AB
330
17
100
AcDbEntity
  8
S-CENTER
100
AcDbLine
 10
225.86666666666667
 20
349.3333333333333
 30
0.0
 11
226.4666666666667
 21
349.3333333333333
 31
0.0
  0
LINE
  5
2AC
330
17
100
AcDbEntity
  8
S-CENTER
100
AcDbLine
 10
227.66666666666669
 20
349.3333333333333
 30
0.0
 11
231.66666666666669
 21
349.3333333333333
 31
0.0
  0
LINE
  5
2AD
330
17
100
AcDbEntity
  8
S-CENTER
100
AcDbLine
 10
232.86666666666667
 20
349.3333333333333
 30
0.0
 11
233.4666666666667
 21
349.3333333333333
 31
0.0
  0
LINE
  5
2AE
330
17
100
AcDbEntity
  8
S-CENTER
100
AcDbLine
 10
234.66666666666669
 20
349.3333333333333
 30
0.0
 11
238.66666666666669
 21
349.3333333333333
 31
0.0
  0
LINE
  5
2AF
330
17
100
AcDbEntity
  8
S-CENTER
100
AcDbLine
 10
239.86666666666667
 20
349.3333333333333
 30
0.0
 11
240.4666666666667
 21
349.3333333333333
 31
0.0
  0
LINE
  5
2B0
330
17
100
AcDbEntity
  8
S-CENTER
100
AcDbLine
 10
241.66666666666669
 20
349.3333333333333
 30
0.0
 11
245.66666666666669
 21
349.3333333333333
 31
0.0
  0
LINE
  5
2B1
330
17
100
AcDbEntity
  8
S-CENTER
100
AcDbLine
 10
246.86666666666667
 20
349.3333333333333
 30
0.0
 11
247.4666666666667
 21
349.3333333333333
 31
0.0
  0
LINE
  5
2B2
330
17
100
AcDbEntity
  8
S-CENTER
100
AcDbLine
 10
248.66666666666669
 20
349.3333333333333
 30
0.0
 11
252.66666666666669
 21
349.3333333333333
 31
0.0
  0
LINE
  5
2B3
330
17
100
AcDbEntity
  8
S-CENTER
100
AcDbLine
 10
253.86666666666667
 20
349.3333333333333
 30
0.0
 11
254.4666666666667
 21
349.3333333333333
 31
0.0
  0
LINE
  5
2B4
330
17
100
AcDbEntity
  8
S-CENTER
100
AcDbLine
 10
255.66666666666669
 20
349.3333333333333
 30
0.0
 11
259.6666666666667
 21
349.3333333333333
 31
0.0
  0
LINE
  5
2B5
330
17
100
AcDbEntity
  8
S-CENTER
100
AcDbLine
 10
260.8666666666667
 20
349.3333333333333
 30
0.0
 11
261.4666666666667
 21
349.3333333333333
 31
0.0
  0
LINE
  5
2B6
330
17
100
AcDbEntity
  8
S-CENTER
100
AcDbLine
 10
262.6666666666667
 20
349.3333333333333
 30
0.0
 11
263.3333333333333
 21
349.3333333333333
 31
0.0
  0
CIRCLE
  5
2B7
330
17
100
AcDbEntity
  8
S-GRID
100
AcDbCircle
 10
200.33333333333334
 20
367.6666666666667
 30
0.0
 40
1.7
  0
TEXT
  5
2B8
330
17
100
AcDbEntity
  8
S-GRID
100
AcDbText
 10
200.33333333333334
 20
367.6666666666667
 30
0.0
 40
1.75
  1
A
  7
OpenSans
 72
1
 11
200.33333333333334
 21
367.6666666666667
 31
0.0
100
AcDbText
 73
2
  0
CIRCLE
  5
2B9
330
17
100
AcDbEntity
  8
S-GRID
100
AcDbCircle
 10
249.0
 20
367.6666666666667
 30
0.0
 40
1.7
  0
TEXT
  5
2BA
330
17
100
AcDbEntity
  8
S-GRID
100
AcDbText
 10
249.0
 20
367.6666666666667
 30
0.0
 40
1.75
  1
B
  7
OpenSans
 72
1
 11
249.0
 21
367.6666666666667
 31
0.0
100
AcDbText
 73
2
  0
CIRCLE
  5
2BB
330
17
100
AcDbEntity
  8
S-GRID
100
AcDbCircle
 10
160.66666666666666
 20
287.3333333333333
 30
0.0
 40
1.7
  0
TEXT
  5
2BC
330
17
100
AcDbEntity
  8
S-GRID
100
AcDbText
 10
160.66666666666666
 20
287.3333333333333
 30
0.0
 40
1.75
  1
1
  7
OpenSans
 72
1
 11
160.66666666666666
 21
287.3333333333333
 31
0.0
100
AcDbText
 73
2
  0
CIRCLE
  5
2BD
330
17
100
AcDbEntity
  8
S-GRID
100
AcDbCircle
 10
160.66666666666666
 20
349.3333333333333
 30
0.0
 40
1.7
  0
TEXT
  5
2BE
330
17
100
AcDbEntity
  8
S-GRID
100
AcDbText
 10
160.66666666666666
 20
349.3333333333333
 30
0.0
 40
1.75
  1
2
  7
OpenSans
 72
1
 11
160.66666666666666
 21
349.3333333333333
 31
0.0
100
AcDbText
 73
2
  0
ARC
  5
2BF
330
17
100
AcDbEntity
  8
A-OPEN
100
AcDbCircle
 10
200.66666666666666
 20
298.3333333333333
 30
0.0
 40
12.0
100
AcDbArc
 50
0.0
 51
90.0
  0
LINE
  5
2C0
330
17
100
AcDbEntity
  8
A-OPEN
100
AcDbLine
 10
200.66666666666666
 20
298.3333333333333
 30
0.0
 11
212.66666666666666
 21
298.3333333333333
 31
0.0
  0
LINE
  5
2C1
330
17
100
AcDbEntity
  8
A-OPEN
100
AcDbLine
 10
200.66666666666666
 20
298.3333333333333
 30
0.0
 11
200.66666666666666
 21
310.3333333333333
 31
0.0
  0
TEXT
  5
2C2
330
17
100
AcDbEntity
  8
S-TEXT
100
AcDbText
 10
210.0
 20
294.3333333333333
 30
0.0
 40
1.75
  1
D1  900
  7
OpenSans
 72
1
 11
210.0
 21
294.3333333333333
 31
0.0
100
AcDbText
 73
2
  0
LWPOLYLINE
  5
2C3
330
17
100
AcDbEntity
  8
A-OPEN
100
AcDbPolyline
 90
4
 70
1
 10
198.0
 20
322.3333333333333
 10
200.66666666666666
 20
322.3333333333333
 10
200.66666666666666
 20
338.3333333333333
 10
198.0
 20
338.3333333333333
  0
LWPOLYLINE
  5
2C4
330
17
100
AcDbEntity
  8
A-OPEN
100
AcDbPolyline
 90
4
 70
1
 10
248.66666666666666
 20
298.3333333333333
 10
251.33333333333334
 20
298.3333333333333
 10
251.33333333333334
 20
314.3333333333333
 10
248.66666666666666
 20
314.3333333333333
  0
LWPOLYLINE
  5
2C5
330
17
100
AcDbEntity
  8
A-OPEN
100
AcDbPolyline
 90
4
 70
1
 10
248.66666666666666
 20
322.3333333333333
 10
251.33333333333334
 20
322.3333333333333
 10
251.33333333333334
 20
338.3333333333333
 10
248.66666666666666
 20
338.3333333333333
  0
LWPOLYLINE
  5
2C6
330
17
100
AcDbEntity
  8
A-OPEN
100
AcDbPolyline
 90
4
 70
1
 10
206.66666666666666
 20
285.0
 10
222.66666666666666
 20
285.0
 10
222.66666666666666
 20
287.6666666666667
 10
206.66666666666666
 20
287.6666666666667
  0
LWPOLYLINE
  5
2C7
330
17
100
AcDbEntity
  8
A-OPEN
100
AcDbPolyline
 90
4
 70
1
 10
226.66666666666666
 20
285.0
 10
242.66666666666666
 20
285.0
 10
242.66666666666666
 20
287.6666666666667
 10
226.66666666666666
 20
287.6666666666667
  0
LWPOLYLINE
  5
2C8
330
17
100
AcDbEntity
  8
A-OPEN
100
AcDbPolyline
 90
4
 70
1
 10
206.66666666666666
 20
349.0
 10
222.66666666666666
 20
349.0
 10
222.66666666666666
 20
351.6666666666667
 10
206.66666666666666
 20
351.6666666666667
  0
LWPOLYLINE
  5
2C9
330
17
100
AcDbEntity
  8
A-OPEN
100
AcDbPolyline
 90
4
 70
1
 10
226.66666666666666
 20
349.0
 10
242.66666666666666
 20
349.0
 10
242.66666666666666
 20
351.6666666666667
 10
226.66666666666666
 20
351.6666666666667
  0
LINE
  5
2CA
330
17
100
AcDbEntity
  8
A-OVER
100
AcDbLine
 10
194.0
 20
281.0
 30
0.0
 11
195.6
 21
281.0
 31
0.0
  0
LINE
  5
2CB
330
17
100
AcDbEntity
  8
A-OVER
100
AcDbLine
 10
196.7
 20
281.0
 30
0.0
 11
198.3
 21
281.0
 31
0.0
  0
LINE
  5
2CC
330
17
100
AcDbEntity
  8
A-OVER
100
AcDbLine
 10
199.4
 20
281.0
 30
0.0
 11
201.0
 21
281.0
 31
0.0
  0
LINE
  5
2CD
330
17
100
AcDbEntity
  8
A-OVER
100
AcDbLine
 10
202.1
 20
281.0
 30
0.0
 11
203.7
 21
281.0
 31
0.0
  0
LINE
  5
2CE
330
17
100
AcDbEntity
  8
A-OVER
100
AcDbLine
 10
204.8
 20
281.0
 30
0.0
 11
206.4
 21
281.0
 31
0.0
  0
LINE
  5
2CF
330
17
100
AcDbEntity
  8
A-OVER
100
AcDbLine
 10
207.5
 20
281.0
 30
0.0
 11
209.1
 21
281.0
 31
0.0
  0
LINE
  5
2D0
330
17
100
AcDbEntity
  8
A-OVER
100
AcDbLine
 10
210.2
 20
281.0
 30
0.0
 11
211.8
 21
281.0
 31
0.0
  0
LINE
  5
2D1
330
17
100
AcDbEntity
  8
A-OVER
100
AcDbLine
 10
212.9
 20
281.0
 30
0.0
 11
214.5
 21
281.0
 31
0.0
  0
LINE
  5
2D2
330
17
100
AcDbEntity
  8
A-OVER
100
AcDbLine
 10
215.6
 20
281.0
 30
0.0
 11
217.20000000000002
 21
281.0
 31
0.0
  0
LINE
  5
2D3
330
17
100
AcDbEntity
  8
A-OVER
100
AcDbLine
 10
218.3
 20
281.0
 30
0.0
 11
219.9
 21
281.0
 31
0.0
  0
LINE
  5
2D4
330
17
100
AcDbEntity
  8
A-OVER
100
AcDbLine
 10
221.0
 20
281.0
 30
0.0
 11
222.60000000000002
 21
281.0
 31
0.0
  0
LINE
  5
2D5
330
17
100
AcDbEntity
  8
A-OVER
100
AcDbLine
 10
223.70000000000002
 20
281.0
 30
0.0
 11
225.3
 21
281.0
 31
0.0
  0
LINE
  5
2D6
330
17
100
AcDbEntity
  8
A-OVER
100
AcDbLine
 10
226.4
 20
281.0
 30
0.0
 11
228.0
 21
281.0
 31
0.0
  0
LINE
  5
2D7
330
17
100
AcDbEntity
  8
A-OVER
100
AcDbLine
 10
229.10000000000002
 20
281.0
 30
0.0
 11
230.70000000000002
 21
281.0
 31
0.0
  0
LINE
  5
2D8
330
17
100
AcDbEntity
  8
A-OVER
100
AcDbLine
 10
231.8
 20
281.0
 30
0.0
 11
233.40000000000003
 21
281.0
 31
0.0
  0
LINE
  5
2D9
330
17
100
AcDbEntity
  8
A-OVER
100
AcDbLine
 10
234.50000000000003
 20
281.0
 30
0.0
 11
236.10000000000002
 21
281.0
 31
0.0
  0
LINE
  5
2DA
330
17
100
AcDbEntity
  8
A-OVER
100
AcDbLine
 10
237.20000000000002
 20
281.0
 30
0.0
 11
238.8
 21
281.0
 31
0.0
  0
LINE
  5
2DB
330
17
100
AcDbEntity
  8
A-OVER
100
AcDbLine
 10
239.90000000000003
 20
281.0
 30
0.0
 11
241.50000000000003
 21
281.0
 31
0.0
  0
LINE
  5
2DC
330
17
100
AcDbEntity
  8
A-OVER
100
AcDbLine
 10
242.60000000000002
 20
281.0
 30
0.0
 11
244.20000000000005
 21
281.0
 31
0.0
  0
LINE
  5
2DD
330
17
100
AcDbEntity
  8
A-OVER
100
AcDbLine
 10
245.30000000000004
 20
281.0
 30
0.0
 11
246.90000000000003
 21
281.0
 31
0.0
  0
LINE
  5
2DE
330
17
100
AcDbEntity
  8
A-OVER
100
AcDbLine
 10
248.00000000000003
 20
281.0
 30
0.0
 11
249.60000000000002
 21
281.0
 31
0.0
  0
LINE
  5
2DF
330
17
100
AcDbEntity
  8
A-OVER
100
AcDbLine
 10
250.70000000000005
 20
281.0
 30
0.0
 11
252.30000000000004
 21
281.0
 31
0.0
  0
LINE
  5
2E0
330
17
100
AcDbEntity
  8
A-OVER
100
AcDbLine
 10
253.40000000000003
 20
281.0
 30
0.0
 11
255.00000000000006
 21
281.0
 31
0.0
  0
LINE
  5
2E1
330
17
100
AcDbEntity
  8
A-OVER
100
AcDbLine
 10
255.33333333333334
 20
281.0
 30
0.0
 11
255.33333333333334
 21
282.6
 31
0.0
  0
LINE
  5
2E2
330
17
100
AcDbEntity
  8
A-OVER
100
AcDbLine
 10
255.33333333333334
 20
283.7
 30
0.0
 11
255.33333333333334
 21
285.3
 31
0.0
  0
LINE
  5
2E3
330
17
100
AcDbEntity
  8
A-OVER
100
AcDbLine
 10
255.33333333333334
 20
286.4
 30
0.0
 11
255.33333333333334
 21
288.0
 31
0.0
  0
LINE
  5
2E4
330
17
100
AcDbEntity
  8
A-OVER
100
AcDbLine
 10
255.33333333333334
 20
289.1
 30
0.0
 11
255.33333333333334
 21
290.7
 31
0.0
  0
LINE
  5
2E5
330
17
100
AcDbEntity
  8
A-OVER
100
AcDbLine
 10
255.33333333333334
 20
291.8
 30
0.0
 11
255.33333333333334
 21
293.4
 31
0.0
  0
LINE
  5
2E6
330
17
100
AcDbEntity
  8
A-OVER
100
AcDbLine
 10
255.33333333333334
 20
294.5
 30
0.0
 11
255.33333333333334
 21
296.1
 31
0.0
  0
LINE
  5
2E7
330
17
100
AcDbEntity
  8
A-OVER
100
AcDbLine
 10
255.33333333333334
 20
297.2
 30
0.0
 11
255.33333333333334
 21
298.8
 31
0.0
  0
LINE
  5
2E8
330
17
100
AcDbEntity
  8
A-OVER
100
AcDbLine
 10
255.33333333333334
 20
299.9
 30
0.0
 11
255.33333333333334
 21
301.5
 31
0.0
  0
LINE
  5
2E9
330
17
100
AcDbEntity
  8
A-OVER
100
AcDbLine
 10
255.33333333333334
 20
302.6
 30
0.0
 11
255.33333333333334
 21
304.2
 31
0.0
  0
LINE
  5
2EA
330
17
100
AcDbEntity
  8
A-OVER
100
AcDbLine
 10
255.33333333333334
 20
305.3
 30
0.0
 11
255.33333333333334
 21
306.90000000000003
 31
0.0
  0
LINE
  5
2EB
330
17
100
AcDbEntity
  8
A-OVER
100
AcDbLine
 10
255.33333333333334
 20
308.0
 30
0.0
 11
255.33333333333334
 21
309.6
 31
0.0
  0
LINE
  5
2EC
330
17
100
AcDbEntity
  8
A-OVER
100
AcDbLine
 10
255.33333333333334
 20
310.7
 30
0.0
 11
255.33333333333334
 21
312.3
 31
0.0
  0
LINE
  5
2ED
330
17
100
AcDbEntity
  8
A-OVER
100
AcDbLine
 10
255.33333333333334
 20
313.40000000000003
 30
0.0
 11
255.33333333333334
 21
315.0
 31
0.0
  0
LINE
  5
2EE
330
17
100
AcDbEntity
  8
A-OVER
100
AcDbLine
 10
255.33333333333334
 20
316.1
 30
0.0
 11
255.33333333333334
 21
317.70000000000005
 31
0.0
  0
LINE
  5
2EF
330
17
100
AcDbEntity
  8
A-OVER
100
AcDbLine
 10
255.33333333333334
 20
318.8
 30
0.0
 11
255.33333333333334
 21
320.40000000000003
 31
0.0
  0
LINE
  5
2F0
330
17
100
AcDbEntity
  8
A-OVER
100
AcDbLine
 10
255.33333333333334
 20
321.5
 30
0.0
 11
255.33333333333334
 21
323.1
 31
0.0
  0
LINE
  5
2F1
330
17
100
AcDbEntity
  8
A-OVER
100
AcDbLine
 10
255.33333333333334
 20
324.20000000000005
 30
0.0
 11
255.33333333333334
 21
325.8
 31
0.0
  0
LINE
  5
2F2
330
17
100
AcDbEntity
  8
A-OVER
100
AcDbLine
 10
255.33333333333334
 20
326.90000000000003
 30
0.0
 11
255.33333333333334
 21
328.5
 31
0.0
  0
LINE
  5
2F3
330
17
100
AcDbEntity
  8
A-OVER
100
AcDbLine
 10
255.33333333333334
 20
329.6
 30
0.0
 11
255.33333333333334
 21
331.20000000000005
 31
0.0
  0
LINE
  5
2F4
330
17
100
AcDbEntity
  8
A-OVER
100
AcDbLine
 10
255.33333333333334
 20
332.3
 30
0.0
 11
255.33333333333334
 21
333.90000000000003
 31
0.0
  0
LINE
  5
2F5
330
17
100
AcDbEntity
  8
A-OVER
100
AcDbLine
 10
255.33333333333334
 20
335.00000000000006
 30
0.0
 11
255.33333333333334
 21
336.6
 31
0.0
  0
LINE
  5
2F6
330
17
100
AcDbEntity
  8
A-OVER
100
AcDbLine
 10
255.33333333333334
 20
337.70000000000005
 30
0.0
 11
255.33333333333334
 21
339.30000000000007
 31
0.0
  0
LINE
  5
2F7
330
17
100
AcDbEntity
  8
A-OVER
100
AcDbLine
 10
255.33333333333334
 20
340.40000000000003
 30
0.0
 11
255.33333333333334
 21
342.00000000000006
 31
0.0
  0
LINE
  5
2F8
330
17
100
AcDbEntity
  8
A-OVER
100
AcDbLine
 10
255.33333333333334
 20
343.1
 30
0.0
 11
255.33333333333334
 21
344.70000000000005
 31
0.0
  0
LINE
  5
2F9
330
17
100
AcDbEntity
  8
A-OVER
100
AcDbLine
 10
255.33333333333334
 20
345.80000000000007
 30
0.0
 11
255.33333333333334
 21
347.40000000000003
 31
0.0
  0
LINE
  5
2FA
330
17
100
AcDbEntity
  8
A-OVER
100
AcDbLine
 10
255.33333333333334
 20
348.5
 30
0.0
 11
255.33333333333334
 21
350.1
 31
0.0
  0
LINE
  5
2FB
330
17
100
AcDbEntity
  8
A-OVER
100
AcDbLine
 10
255.33333333333334
 20
351.20000000000005
 30
0.0
 11
255.33333333333334
 21
352.8
 31
0.0
  0
LINE
  5
2FC
330
17
100
AcDbEntity
  8
A-OVER
100
AcDbLine
 10
255.33333333333334
 20
353.9
 30
0.0
 11
255.33333333333334
 21
355.5
 31
0.0
  0
LINE
  5
2FD
330
17
100
AcDbEntity
  8
A-OVER
100
AcDbLine
 10
255.33333333333334
 20
355.6666666666667
 30
0.0
 11
253.73333333333335
 21
355.6666666666667
 31
0.0
  0
LINE
  5
2FE
330
17
100
AcDbEntity
  8
A-OVER
100
AcDbLine
 10
252.63333333333335
 20
355.6666666666667
 30
0.0
 11
251.03333333333333
 21
355.6666666666667
 31
0.0
  0
LINE
  5
2FF
330
17
100
AcDbEntity
  8
A-OVER
100
AcDbLine
 10
249.93333333333334
 20
355.6666666666667
 30
0.0
 11
248.33333333333334
 21
355.6666666666667
 31
0.0
  0
LINE
  5
300
330
17
100
AcDbEntity
  8
A-OVER
100
AcDbLine
 10
247.23333333333335
 20
355.6666666666667
 30
0.0
 11
245.63333333333335
 21
355.6666666666667
 31
0.0
  0
LINE
  5
301
330
17
100
AcDbEntity
  8
A-OVER
100
AcDbLine
 10
244.53333333333333
 20
355.6666666666667
 30
0.0
 11
242.93333333333334
 21
355.6666666666667
 31
0.0
  0
LINE
  5
302
330
17
100
AcDbEntity
  8
A-OVER
100
AcDbLine
 10
241.83333333333334
 20
355.6666666666667
 30
0.0
 11
240.23333333333335
 21
355.6666666666667
 31
0.0
  0
LINE
  5
303
330
17
100
AcDbEntity
  8
A-OVER
100
AcDbLine
 10
239.13333333333335
 20
355.6666666666667
 30
0.0
 11
237.53333333333333
 21
355.6666666666667
 31
0.0
  0
LINE
  5
304
330
17
100
AcDbEntity
  8
A-OVER
100
AcDbLine
 10
236.43333333333334
 20
355.6666666666667
 30
0.0
 11
234.83333333333334
 21
355.6666666666667
 31
0.0
  0
LINE
  5
305
330
17
100
AcDbEntity
  8
A-OVER
100
AcDbLine
 10
233.73333333333335
 20
355.6666666666667
 30
0.0
 11
232.13333333333333
 21
355.6666666666667
 31
0.0
  0
LINE
  5
306
330
17
100
AcDbEntity
  8
A-OVER
100
AcDbLine
 10
231.03333333333333
 20
355.6666666666667
 30
0.0
 11
229.43333333333334
 21
355.6666666666667
 31
0.0
  0
LINE
  5
307
330
17
100
AcDbEntity
  8
A-OVER
100
AcDbLine
 10
228.33333333333334
 20
355.6666666666667
 30
0.0
 11
226.73333333333332
 21
355.6666666666667
 31
0.0
  0
LINE
  5
308
330
17
100
AcDbEntity
  8
A-OVER
100
AcDbLine
 10
225.63333333333333
 20
355.6666666666667
 30
0.0
 11
224.03333333333333
 21
355.6666666666667
 31
0.0
  0
LINE
  5
309
330
17
100
AcDbEntity
  8
A-OVER
100
AcDbLine
 10
222.93333333333334
 20
355.6666666666667
 30
0.0
 11
221.33333333333331
 21
355.6666666666667
 31
0.0
  0
LINE
  5
30A
330
17
100
AcDbEntity
  8
A-OVER
100
AcDbLine
 10
220.23333333333332
 20
355.6666666666667
 30
0.0
 11
218.63333333333333
 21
355.6666666666667
 31
0.0
  0
LINE
  5
30B
330
17
100
AcDbEntity
  8
A-OVER
100
AcDbLine
 10
217.53333333333333
 20
355.6666666666667
 30
0.0
 11
215.93333333333334
 21
355.6666666666667
 31
0.0
  0
LINE
  5
30C
330
17
100
AcDbEntity
  8
A-OVER
100
AcDbLine
 10
214.83333333333331
 20
355.6666666666667
 30
0.0
 11
213.23333333333332
 21
355.6666666666667
 31
0.0
  0
LINE
  5
30D
330
17
100
AcDbEntity
  8
A-OVER
100
AcDbLine
 10
212.13333333333333
 20
355.6666666666667
 30
0.0
 11
210.5333333333333
 21
355.6666666666667
 31
0.0
  0
LINE
  5
30E
330
17
100
AcDbEntity
  8
A-OVER
100
AcDbLine
 10
209.4333333333333
 20
355.6666666666667
 30
0.0
 11
207.83333333333331
 21
355.6666666666667
 31
0.0
  0
LINE
  5
30F
330
17
100
AcDbEntity
  8
A-OVER
100
AcDbLine
 10
206.73333333333332
 20
355.6666666666667
 30
0.0
 11
205.13333333333333
 21
355.6666666666667
 31
0.0
  0
LINE
  5
310
330
17
100
AcDbEntity
  8
A-OVER
100
AcDbLine
 10
204.0333333333333
 20
355.6666666666667
 30
0.0
 11
202.4333333333333
 21
355.6666666666667
 31
0.0
  0
LINE
  5
311
330
17
100
AcDbEntity
  8
A-OVER
100
AcDbLine
 10
201.33333333333331
 20
355.6666666666667
 30
0.0
 11
199.7333333333333
 21
355.6666666666667
 31
0.0
  0
LINE
  5
312
330
17
100
AcDbEntity
  8
A-OVER
100
AcDbLine
 10
198.6333333333333
 20
355.6666666666667
 30
0.0
 11
197.0333333333333
 21
355.6666666666667
 31
0.0
  0
LINE
  5
313
330
17
100
AcDbEntity
  8
A-OVER
100
AcDbLine
 10
195.9333333333333
 20
355.6666666666667
 30
0.0
 11
194.33333333333331
 21
355.6666666666667
 31
0.0
  0
LINE
  5
314
330
17
100
AcDbEntity
  8
A-OVER
100
AcDbLine
 10
194.0
 20
355.6666666666667
 30
0.0
 11
194.0
 21
354.06666666666666
 31
0.0
  0
LINE
  5
315
330
17
100
AcDbEntity
  8
A-OVER
100
AcDbLine
 10
194.0
 20
352.9666666666667
 30
0.0
 11
194.0
 21
351.3666666666667
 31
0.0
  0
LINE
  5
316
330
17
100
AcDbEntity
  8
A-OVER
100
AcDbLine
 10
194.0
 20
350.2666666666667
 30
0.0
 11
194.0
 21
348.6666666666667
 31
0.0
  0
LINE
  5
317
330
17
100
AcDbEntity
  8
A-OVER
100
AcDbLine
 10
194.0
 20
347.56666666666666
 30
0.0
 11
194.0
 21
345.9666666666667
 31
0.0
  0
LINE
  5
318
330
17
100
AcDbEntity
  8
A-OVER
100
AcDbLine
 10
194.0
 20
344.8666666666667
 30
0.0
 11
194.0
 21
343.2666666666667
 31
0.0
  0
LINE
  5
319
330
17
100
AcDbEntity
  8
A-OVER
100
AcDbLine
 10
194.0
 20
342.1666666666667
 30
0.0
 11
194.0
 21
340.56666666666666
 31
0.0
  0
LINE
  5
31A
330
17
100
AcDbEntity
  8
A-OVER
100
AcDbLine
 10
194.0
 20
339.4666666666667
 30
0.0
 11
194.0
 21
337.8666666666667
 31
0.0
  0
LINE
  5
31B
330
17
100
AcDbEntity
  8
A-OVER
100
AcDbLine
 10
194.0
 20
336.7666666666667
 30
0.0
 11
194.0
 21
335.1666666666667
 31
0.0
  0
LINE
  5
31C
330
17
100
AcDbEntity
  8
A-OVER
100
AcDbLine
 10
194.0
 20
334.06666666666666
 30
0.0
 11
194.0
 21
332.4666666666667
 31
0.0
  0
LINE
  5
31D
330
17
100
AcDbEntity
  8
A-OVER
100
AcDbLine
 10
194.0
 20
331.3666666666667
 30
0.0
 11
194.0
 21
329.76666666666665
 31
0.0
  0
LINE
  5
31E
330
17
100
AcDbEntity
  8
A-OVER
100
AcDbLine
 10
194.0
 20
328.6666666666667
 30
0.0
 11
194.0
 21
327.06666666666666
 31
0.0
  0
LINE
  5
31F
330
17
100
AcDbEntity
  8
A-OVER
100
AcDbLine
 10
194.0
 20
325.9666666666667
 30
0.0
 11
194.0
 21
324.3666666666667
 31
0.0
  0
LINE
  5
320
330
17
100
AcDbEntity
  8
A-OVER
100
AcDbLine
 10
194.0
 20
323.26666666666665
 30
0.0
 11
194.0
 21
321.6666666666667
 31
0.0
  0
LINE
  5
321
330
17
100
AcDbEntity
  8
A-OVER
100
AcDbLine
 10
194.0
 20
320.56666666666666
 30
0.0
 11
194.0
 21
318.9666666666667
 31
0.0
  0
LINE
  5
322
330
17
100
AcDbEntity
  8
A-OVER
100
AcDbLine
 10
194.0
 20
317.8666666666667
 30
0.0
 11
194.0
 21
316.26666666666665
 31
0.0
  0
LINE
  5
323
330
17
100
AcDbEntity
  8
A-OVER
100
AcDbLine
 10
194.0
 20
315.1666666666667
 30
0.0
 11
194.0
 21
313.56666666666666
 31
0.0
  0
LINE
  5
324
330
17
100
AcDbEntity
  8
A-OVER
100
AcDbLine
 10
194.0
 20
312.46666666666664
 30
0.0
 11
194.0
 21
310.8666666666667
 31
0.0
  0
LINE
  5
325
330
17
100
AcDbEntity
  8
A-OVER
100
AcDbLine
 10
194.0
 20
309.76666666666665
 30
0.0
 11
194.0
 21
308.16666666666663
 31
0.0
  0
LINE
  5
326
330
17
100
AcDbEntity
  8
A-OVER
100
AcDbLine
 10
194.0
 20
307.06666666666666
 30
0.0
 11
194.0
 21
305.46666666666664
 31
0.0
  0
LINE
  5
327
330
17
100
AcDbEntity
  8
A-OVER
100
AcDbLine
 10
194.0
 20
304.3666666666667
 30
0.0
 11
194.0
 21
302.76666666666665
 31
0.0
  0
LINE
  5
328
330
17
100
AcDbEntity
  8
A-OVER
100
AcDbLine
 10
194.0
 20
301.66666666666663
 30
0.0
 11
194.0
 21
300.06666666666666
 31
0.0
  0
LINE
  5
329
330
17
100
AcDbEntity
  8
A-OVER
100
AcDbLine
 10
194.0
 20
298.96666666666664
 30
0.0
 11
194.0
 21
297.3666666666667
 31
0.0
  0
LINE
  5
32A
330
17
100
AcDbEntity
  8
A-OVER
100
AcDbLine
 10
194.0
 20
296.26666666666665
 30
0.0
 11
194.0
 21
294.66666666666663
 31
0.0
  0
LINE
  5
32B
330
17
100
AcDbEntity
  8
A-OVER
100
AcDbLine
 10
194.0
 20
293.56666666666666
 30
0.0
 11
194.0
 21
291.96666666666664
 31
0.0
  0
LINE
  5
32C
330
17
100
AcDbEntity
  8
A-OVER
100
AcDbLine
 10
194.0
 20
290.8666666666667
 30
0.0
 11
194.0
 21
289.26666666666665
 31
0.0
  0
LINE
  5
32D
330
17
100
AcDbEntity
  8
A-OVER
100
AcDbLine
 10
194.0
 20
288.16666666666663
 30
0.0
 11
194.0
 21
286.56666666666666
 31
0.0
  0
LINE
  5
32E
330
17
100
AcDbEntity
  8
A-OVER
100
AcDbLine
 10
194.0
 20
285.4666666666667
 30
0.0
 11
194.0
 21
283.8666666666667
 31
0.0
  0
LINE
  5
32F
330
17
100
AcDbEntity
  8
A-OVER
100
AcDbLine
 10
194.0
 20
282.76666666666665
 30
0.0
 11
194.0
 21
281.1666666666667
 31
0.0
  0
LINE
  5
330
330
17
100
AcDbEntity
  8
A-OVER
100
AcDbLine
 10
198.66666666666666
 20
287.3333333333333
 30
0.0
 11
198.66666666666666
 21
288.7333333333333
 31
0.0
  0
LINE
  5
331
330
17
100
AcDbEntity
  8
A-OVER
100
AcDbLine
 10
198.66666666666666
 20
289.7333333333333
 30
0.0
 11
198.66666666666666
 21
291.1333333333333
 31
0.0
  0
LINE
  5
332
330
17
100
AcDbEntity
  8
A-OVER
100
AcDbLine
 10
198.66666666666666
 20
292.1333333333333
 30
0.0
 11
198.66666666666666
 21
293.5333333333333
 31
0.0
  0
LINE
  5
333
330
17
100
AcDbEntity
  8
A-OVER
100
AcDbLine
 10
198.66666666666666
 20
294.5333333333333
 30
0.0
 11
198.66666666666666
 21
295.93333333333334
 31
0.0
  0
LINE
  5
334
330
17
100
AcDbEntity
  8
A-OVER
100
AcDbLine
 10
198.66666666666666
 20
296.93333333333334
 30
0.0
 11
198.66666666666666
 21
298.3333333333333
 31
0.0
  0
LINE
  5
335
330
17
100
AcDbEntity
  8
A-OVER
100
AcDbLine
 10
198.66666666666666
 20
299.3333333333333
 30
0.0
 11
198.66666666666666
 21
300.7333333333333
 31
0.0
  0
LINE
  5
336
330
17
100
AcDbEntity
  8
A-OVER
100
AcDbLine
 10
198.66666666666666
 20
301.7333333333333
 30
0.0
 11
198.66666666666666
 21
303.1333333333333
 31
0.0
  0
LINE
  5
337
330
17
100
AcDbEntity
  8
A-OVER
100
AcDbLine
 10
198.66666666666666
 20
304.1333333333333
 30
0.0
 11
198.66666666666666
 21
305.5333333333333
 31
0.0
  0
LINE
  5
338
330
17
100
AcDbEntity
  8
A-OVER
100
AcDbLine
 10
198.66666666666666
 20
306.5333333333333
 30
0.0
 11
198.66666666666666
 21
307.93333333333334
 31
0.0
  0
LINE
  5
339
330
17
100
AcDbEntity
  8
A-OVER
100
AcDbLine
 10
198.66666666666666
 20
308.93333333333334
 30
0.0
 11
198.66666666666666
 21
310.3333333333333
 31
0.0
  0
LINE
  5
33A
330
17
100
AcDbEntity
  8
A-OVER
100
AcDbLine
 10
198.66666666666666
 20
311.3333333333333
 30
0.0
 11
198.66666666666666
 21
312.7333333333333
 31
0.0
  0
LINE
  5
33B
330
17
100
AcDbEntity
  8
A-OVER
100
AcDbLine
 10
198.66666666666666
 20
313.7333333333333
 30
0.0
 11
198.66666666666666
 21
315.1333333333333
 31
0.0
  0
LINE
  5
33C
330
17
100
AcDbEntity
  8
A-OVER
100
AcDbLine
 10
198.66666666666666
 20
316.1333333333333
 30
0.0
 11
198.66666666666666
 21
317.5333333333333
 31
0.0
  0
LINE
  5
33D
330
17
100
AcDbEntity
  8
A-OVER
100
AcDbLine
 10
198.66666666666666
 20
318.5333333333333
 30
0.0
 11
198.66666666666666
 21
319.9333333333333
 31
0.0
  0
LINE
  5
33E
330
17
100
AcDbEntity
  8
A-OVER
100
AcDbLine
 10
198.66666666666666
 20
320.9333333333333
 30
0.0
 11
198.66666666666666
 21
322.3333333333333
 31
0.0
  0
LINE
  5
33F
330
17
100
AcDbEntity
  8
A-OVER
100
AcDbLine
 10
198.66666666666666
 20
323.3333333333333
 30
0.0
 11
198.66666666666666
 21
324.7333333333333
 31
0.0
  0
LINE
  5
340
330
17
100
AcDbEntity
  8
A-OVER
100
AcDbLine
 10
198.66666666666666
 20
325.7333333333333
 30
0.0
 11
198.66666666666666
 21
327.1333333333333
 31
0.0
  0
LINE
  5
341
330
17
100
AcDbEntity
  8
A-OVER
100
AcDbLine
 10
198.66666666666666
 20
328.1333333333333
 30
0.0
 11
198.66666666666666
 21
329.5333333333333
 31
0.0
  0
LINE
  5
342
330
17
100
AcDbEntity
  8
A-OVER
100
AcDbLine
 10
198.66666666666666
 20
330.5333333333333
 30
0.0
 11
198.66666666666666
 21
331.9333333333333
 31
0.0
  0
LINE
  5
343
330
17
100
AcDbEntity
  8
A-OVER
100
AcDbLine
 10
198.66666666666666
 20
332.9333333333333
 30
0.0
 11
198.66666666666666
 21
334.3333333333333
 31
0.0
  0
LINE
  5
344
330
17
100
AcDbEntity
  8
A-OVER
100
AcDbLine
 10
198.66666666666666
 20
335.3333333333333
 30
0.0
 11
198.66666666666666
 21
336.7333333333333
 31
0.0
  0
LINE
  5
345
330
17
100
AcDbEntity
  8
A-OVER
100
AcDbLine
 10
198.66666666666666
 20
337.7333333333333
 30
0.0
 11
198.66666666666666
 21
339.1333333333333
 31
0.0
  0
LINE
  5
346
330
17
100
AcDbEntity
  8
A-OVER
100
AcDbLine
 10
198.66666666666666
 20
340.1333333333333
 30
0.0
 11
198.66666666666666
 21
341.5333333333333
 31
0.0
  0
LINE
  5
347
330
17
100
AcDbEntity
  8
A-OVER
100
AcDbLine
 10
198.66666666666666
 20
342.5333333333333
 30
0.0
 11
198.66666666666666
 21
343.9333333333333
 31
0.0
  0
LINE
  5
348
330
17
100
AcDbEntity
  8
A-OVER
100
AcDbLine
 10
198.66666666666666
 20
344.9333333333333
 30
0.0
 11
198.66666666666666
 21
346.3333333333333
 31
0.0
  0
LINE
  5
349
330
17
100
AcDbEntity
  8
A-OVER
100
AcDbLine
 10
198.66666666666666
 20
347.3333333333333
 30
0.0
 11
198.66666666666666
 21
348.7333333333333
 31
0.0
  0
LINE
  5
34A
330
17
100
AcDbEntity
  8
A-OVER
100
AcDbLine
 10
202.0
 20
287.3333333333333
 30
0.0
 11
202.0
 21
288.7333333333333
 31
0.0
  0
LINE
  5
34B
330
17
100
AcDbEntity
  8
A-OVER
100
AcDbLine
 10
202.0
 20
289.7333333333333
 30
0.0
 11
202.0
 21
291.1333333333333
 31
0.0
  0
LINE
  5
34C
330
17
100
AcDbEntity
  8
A-OVER
100
AcDbLine
 10
202.0
 20
292.1333333333333
 30
0.0
 11
202.0
 21
293.5333333333333
 31
0.0
  0
LINE
  5
34D
330
17
100
AcDbEntity
  8
A-OVER
100
AcDbLine
 10
202.0
 20
294.5333333333333
 30
0.0
 11
202.0
 21
295.93333333333334
 31
0.0
  0
LINE
  5
34E
330
17
100
AcDbEntity
  8
A-OVER
100
AcDbLine
 10
202.0
 20
296.93333333333334
 30
0.0
 11
202.0
 21
298.3333333333333
 31
0.0
  0
LINE
  5
34F
330
17
100
AcDbEntity
  8
A-OVER
100
AcDbLine
 10
202.0
 20
299.3333333333333
 30
0.0
 11
202.0
 21
300.7333333333333
 31
0.0
  0
LINE
  5
350
330
17
100
AcDbEntity
  8
A-OVER
100
AcDbLine
 10
202.0
 20
301.7333333333333
 30
0.0
 11
202.0
 21
303.1333333333333
 31
0.0
  0
LINE
  5
351
330
17
100
AcDbEntity
  8
A-OVER
100
AcDbLine
 10
202.0
 20
304.1333333333333
 30
0.0
 11
202.0
 21
305.5333333333333
 31
0.0
  0
LINE
  5
352
330
17
100
AcDbEntity
  8
A-OVER
100
AcDbLine
 10
202.0
 20
306.5333333333333
 30
0.0
 11
202.0
 21
307.93333333333334
 31
0.0
  0
LINE
  5
353
330
17
100
AcDbEntity
  8
A-OVER
100
AcDbLine
 10
202.0
 20
308.93333333333334
 30
0.0
 11
202.0
 21
310.3333333333333
 31
0.0
  0
LINE
  5
354
330
17
100
AcDbEntity
  8
A-OVER
100
AcDbLine
 10
202.0
 20
311.3333333333333
 30
0.0
 11
202.0
 21
312.7333333333333
 31
0.0
  0
LINE
  5
355
330
17
100
AcDbEntity
  8
A-OVER
100
AcDbLine
 10
202.0
 20
313.7333333333333
 30
0.0
 11
202.0
 21
315.1333333333333
 31
0.0
  0
LINE
  5
356
330
17
100
AcDbEntity
  8
A-OVER
100
AcDbLine
 10
202.0
 20
316.1333333333333
 30
0.0
 11
202.0
 21
317.5333333333333
 31
0.0
  0
LINE
  5
357
330
17
100
AcDbEntity
  8
A-OVER
100
AcDbLine
 10
202.0
 20
318.5333333333333
 30
0.0
 11
202.0
 21
319.9333333333333
 31
0.0
  0
LINE
  5
358
330
17
100
AcDbEntity
  8
A-OVER
100
AcDbLine
 10
202.0
 20
320.9333333333333
 30
0.0
 11
202.0
 21
322.3333333333333
 31
0.0
  0
LINE
  5
359
330
17
100
AcDbEntity
  8
A-OVER
100
AcDbLine
 10
202.0
 20
323.3333333333333
 30
0.0
 11
202.0
 21
324.7333333333333
 31
0.0
  0
LINE
  5
35A
330
17
100
AcDbEntity
  8
A-OVER
100
AcDbLine
 10
202.0
 20
325.7333333333333
 30
0.0
 11
202.0
 21
327.1333333333333
 31
0.0
  0
LINE
  5
35B
330
17
100
AcDbEntity
  8
A-OVER
100
AcDbLine
 10
202.0
 20
328.1333333333333
 30
0.0
 11
202.0
 21
329.5333333333333
 31
0.0
  0
LINE
  5
35C
330
17
100
AcDbEntity
  8
A-OVER
100
AcDbLine
 10
202.0
 20
330.5333333333333
 30
0.0
 11
202.0
 21
331.9333333333333
 31
0.0
  0
LINE
  5
35D
330
17
100
AcDbEntity
  8
A-OVER
100
AcDbLine
 10
202.0
 20
332.9333333333333
 30
0.0
 11
202.0
 21
334.3333333333333
 31
0.0
  0
LINE
  5
35E
330
17
100
AcDbEntity
  8
A-OVER
100
AcDbLine
 10
202.0
 20
335.3333333333333
 30
0.0
 11
202.0
 21
336.7333333333333
 31
0.0
  0
LINE
  5
35F
330
17
100
AcDbEntity
  8
A-OVER
100
AcDbLine
 10
202.0
 20
337.7333333333333
 30
0.0
 11
202.0
 21
339.1333333333333
 31
0.0
  0
LINE
  5
360
330
17
100
AcDbEntity
  8
A-OVER
100
AcDbLine
 10
202.0
 20
340.1333333333333
 30
0.0
 11
202.0
 21
341.5333333333333
 31
0.0
  0
LINE
  5
361
330
17
100
AcDbEntity
  8
A-OVER
100
AcDbLine
 10
202.0
 20
342.5333333333333
 30
0.0
 11
202.0
 21
343.9333333333333
 31
0.0
  0
LINE
  5
362
330
17
100
AcDbEntity
  8
A-OVER
100
AcDbLine
 10
202.0
 20
344.9333333333333
 30
0.0
 11
202.0
 21
346.3333333333333
 31
0.0
  0
LINE
  5
363
330
17
100
AcDbEntity
  8
A-OVER
100
AcDbLine
 10
202.0
 20
347.3333333333333
 30
0.0
 11
202.0
 21
348.7333333333333
 31
0.0
  0
LINE
  5
364
330
17
100
AcDbEntity
  8
A-OVER
100
AcDbLine
 10
247.33333333333334
 20
287.3333333333333
 30
0.0
 11
247.33333333333334
 21
288.7333333333333
 31
0.0
  0
LINE
  5
365
330
17
100
AcDbEntity
  8
A-OVER
100
AcDbLine
 10
247.33333333333334
 20
289.7333333333333
 30
0.0
 11
247.33333333333334
 21
291.1333333333333
 31
0.0
  0
LINE
  5
366
330
17
100
AcDbEntity
  8
A-OVER
100
AcDbLine
 10
247.33333333333334
 20
292.1333333333333
 30
0.0
 11
247.33333333333334
 21
293.5333333333333
 31
0.0
  0
LINE
  5
367
330
17
100
AcDbEntity
  8
A-OVER
100
AcDbLine
 10
247.33333333333334
 20
294.5333333333333
 30
0.0
 11
247.33333333333334
 21
295.93333333333334
 31
0.0
  0
LINE
  5
368
330
17
100
AcDbEntity
  8
A-OVER
100
AcDbLine
 10
247.33333333333334
 20
296.93333333333334
 30
0.0
 11
247.33333333333334
 21
298.3333333333333
 31
0.0
  0
LINE
  5
369
330
17
100
AcDbEntity
  8
A-OVER
100
AcDbLine
 10
247.33333333333334
 20
299.3333333333333
 30
0.0
 11
247.33333333333334
 21
300.7333333333333
 31
0.0
  0
LINE
  5
36A
330
17
100
AcDbEntity
  8
A-OVER
100
AcDbLine
 10
247.33333333333334
 20
301.7333333333333
 30
0.0
 11
247.33333333333334
 21
303.1333333333333
 31
0.0
  0
LINE
  5
36B
330
17
100
AcDbEntity
  8
A-OVER
100
AcDbLine
 10
247.33333333333334
 20
304.1333333333333
 30
0.0
 11
247.33333333333334
 21
305.5333333333333
 31
0.0
  0
LINE
  5
36C
330
17
100
AcDbEntity
  8
A-OVER
100
AcDbLine
 10
247.33333333333334
 20
306.5333333333333
 30
0.0
 11
247.33333333333334
 21
307.93333333333334
 31
0.0
  0
LINE
  5
36D
330
17
100
AcDbEntity
  8
A-OVER
100
AcDbLine
 10
247.33333333333334
 20
308.93333333333334
 30
0.0
 11
247.33333333333334
 21
310.3333333333333
 31
0.0
  0
LINE
  5
36E
330
17
100
AcDbEntity
  8
A-OVER
100
AcDbLine
 10
247.33333333333334
 20
311.3333333333333
 30
0.0
 11
247.33333333333334
 21
312.7333333333333
 31
0.0
  0
LINE
  5
36F
330
17
100
AcDbEntity
  8
A-OVER
100
AcDbLine
 10
247.33333333333334
 20
313.7333333333333
 30
0.0
 11
247.33333333333334
 21
315.1333333333333
 31
0.0
  0
LINE
  5
370
330
17
100
AcDbEntity
  8
A-OVER
100
AcDbLine
 10
247.33333333333334
 20
316.1333333333333
 30
0.0
 11
247.33333333333334
 21
317.5333333333333
 31
0.0
  0
LINE
  5
371
330
17
100
AcDbEntity
  8
A-OVER
100
AcDbLine
 10
247.33333333333334
 20
318.5333333333333
 30
0.0
 11
247.33333333333334
 21
319.9333333333333
 31
0.0
  0
LINE
  5
372
330
17
100
AcDbEntity
  8
A-OVER
100
AcDbLine
 10
247.33333333333334
 20
320.9333333333333
 30
0.0
 11
247.33333333333334
 21
322.3333333333333
 31
0.0
  0
LINE
  5
373
330
17
100
AcDbEntity
  8
A-OVER
100
AcDbLine
 10
247.33333333333334
 20
323.3333333333333
 30
0.0
 11
247.33333333333334
 21
324.7333333333333
 31
0.0
  0
LINE
  5
374
330
17
100
AcDbEntity
  8
A-OVER
100
AcDbLine
 10
247.33333333333334
 20
325.7333333333333
 30
0.0
 11
247.33333333333334
 21
327.1333333333333
 31
0.0
  0
LINE
  5
375
330
17
100
AcDbEntity
  8
A-OVER
100
AcDbLine
 10
247.33333333333334
 20
328.1333333333333
 30
0.0
 11
247.33333333333334
 21
329.5333333333333
 31
0.0
  0
LINE
  5
376
330
17
100
AcDbEntity
  8
A-OVER
100
AcDbLine
 10
247.33333333333334
 20
330.5333333333333
 30
0.0
 11
247.33333333333334
 21
331.9333333333333
 31
0.0
  0
LINE
  5
377
330
17
100
AcDbEntity
  8
A-OVER
100
AcDbLine
 10
247.33333333333334
 20
332.9333333333333
 30
0.0
 11
247.33333333333334
 21
334.3333333333333
 31
0.0
  0
LINE
  5
378
330
17
100
AcDbEntity
  8
A-OVER
100
AcDbLine
 10
247.33333333333334
 20
335.3333333333333
 30
0.0
 11
247.33333333333334
 21
336.7333333333333
 31
0.0
  0
LINE
  5
379
330
17
100
AcDbEntity
  8
A-OVER
100
AcDbLine
 10
247.33333333333334
 20
337.7333333333333
 30
0.0
 11
247.33333333333334
 21
339.1333333333333
 31
0.0
  0
LINE
  5
37A
330
17
100
AcDbEntity
  8
A-OVER
100
AcDbLine
 10
247.33333333333334
 20
340.1333333333333
 30
0.0
 11
247.33333333333334
 21
341.5333333333333
 31
0.0
  0
LINE
  5
37B
330
17
100
AcDbEntity
  8
A-OVER
100
AcDbLine
 10
247.33333333333334
 20
342.5333333333333
 30
0.0
 11
247.33333333333334
 21
343.9333333333333
 31
0.0
  0
LINE
  5
37C
330
17
100
AcDbEntity
  8
A-OVER
100
AcDbLine
 10
247.33333333333334
 20
344.9333333333333
 30
0.0
 11
247.33333333333334
 21
346.3333333333333
 31
0.0
  0
LINE
  5
37D
330
17
100
AcDbEntity
  8
A-OVER
100
AcDbLine
 10
247.33333333333334
 20
347.3333333333333
 30
0.0
 11
247.33333333333334
 21
348.7333333333333
 31
0.0
  0
LINE
  5
37E
330
17
100
AcDbEntity
  8
A-OVER
100
AcDbLine
 10
250.66666666666666
 20
287.3333333333333
 30
0.0
 11
250.66666666666666
 21
288.7333333333333
 31
0.0
  0
LINE
  5
37F
330
17
100
AcDbEntity
  8
A-OVER
100
AcDbLine
 10
250.66666666666666
 20
289.7333333333333
 30
0.0
 11
250.66666666666666
 21
291.1333333333333
 31
0.0
  0
LINE
  5
380
330
17
100
AcDbEntity
  8
A-OVER
100
AcDbLine
 10
250.66666666666666
 20
292.1333333333333
 30
0.0
 11
250.66666666666666
 21
293.5333333333333
 31
0.0
  0
LINE
  5
381
330
17
100
AcDbEntity
  8
A-OVER
100
AcDbLine
 10
250.66666666666666
 20
294.5333333333333
 30
0.0
 11
250.66666666666666
 21
295.93333333333334
 31
0.0
  0
LINE
  5
382
330
17
100
AcDbEntity
  8
A-OVER
100
AcDbLine
 10
250.66666666666666
 20
296.93333333333334
 30
0.0
 11
250.66666666666666
 21
298.3333333333333
 31
0.0
  0
LINE
  5
383
330
17
100
AcDbEntity
  8
A-OVER
100
AcDbLine
 10
250.66666666666666
 20
299.3333333333333
 30
0.0
 11
250.66666666666666
 21
300.7333333333333
 31
0.0
  0
LINE
  5
384
330
17
100
AcDbEntity
  8
A-OVER
100
AcDbLine
 10
250.66666666666666
 20
301.7333333333333
 30
0.0
 11
250.66666666666666
 21
303.1333333333333
 31
0.0
  0
LINE
  5
385
330
17
100
AcDbEntity
  8
A-OVER
100
AcDbLine
 10
250.66666666666666
 20
304.1333333333333
 30
0.0
 11
250.66666666666666
 21
305.5333333333333
 31
0.0
  0
LINE
  5
386
330
17
100
AcDbEntity
  8
A-OVER
100
AcDbLine
 10
250.66666666666666
 20
306.5333333333333
 30
0.0
 11
250.66666666666666
 21
307.93333333333334
 31
0.0
  0
LINE
  5
387
330
17
100
AcDbEntity
  8
A-OVER
100
AcDbLine
 10
250.66666666666666
 20
308.93333333333334
 30
0.0
 11
250.66666666666666
 21
310.3333333333333
 31
0.0
  0
LINE
  5
388
330
17
100
AcDbEntity
  8
A-OVER
100
AcDbLine
 10
250.66666666666666
 20
311.3333333333333
 30
0.0
 11
250.66666666666666
 21
312.7333333333333
 31
0.0
  0
LINE
  5
389
330
17
100
AcDbEntity
  8
A-OVER
100
AcDbLine
 10
250.66666666666666
 20
313.7333333333333
 30
0.0
 11
250.66666666666666
 21
315.1333333333333
 31
0.0
  0
LINE
  5
38A
330
17
100
AcDbEntity
  8
A-OVER
100
AcDbLine
 10
250.66666666666666
 20
316.1333333333333
 30
0.0
 11
250.66666666666666
 21
317.5333333333333
 31
0.0
  0
LINE
  5
38B
330
17
100
AcDbEntity
  8
A-OVER
100
AcDbLine
 10
250.66666666666666
 20
318.5333333333333
 30
0.0
 11
250.66666666666666
 21
319.9333333333333
 31
0.0
  0
LINE
  5
38C
330
17
100
AcDbEntity
  8
A-OVER
100
AcDbLine
 10
250.66666666666666
 20
320.9333333333333
 30
0.0
 11
250.66666666666666
 21
322.3333333333333
 31
0.0
  0
LINE
  5
38D
330
17
100
AcDbEntity
  8
A-OVER
100
AcDbLine
 10
250.66666666666666
 20
323.3333333333333
 30
0.0
 11
250.66666666666666
 21
324.7333333333333
 31
0.0
  0
LINE
  5
38E
330
17
100
AcDbEntity
  8
A-OVER
100
AcDbLine
 10
250.66666666666666
 20
325.7333333333333
 30
0.0
 11
250.66666666666666
 21
327.1333333333333
 31
0.0
  0
LINE
  5
38F
330
17
100
AcDbEntity
  8
A-OVER
100
AcDbLine
 10
250.66666666666666
 20
328.1333333333333
 30
0.0
 11
250.66666666666666
 21
329.5333333333333
 31
0.0
  0
LINE
  5
390
330
17
100
AcDbEntity
  8
A-OVER
100
AcDbLine
 10
250.66666666666666
 20
330.5333333333333
 30
0.0
 11
250.66666666666666
 21
331.9333333333333
 31
0.0
  0
LINE
  5
391
330
17
100
AcDbEntity
  8
A-OVER
100
AcDbLine
 10
250.66666666666666
 20
332.9333333333333
 30
0.0
 11
250.66666666666666
 21
334.3333333333333
 31
0.0
  0
LINE
  5
392
330
17
100
AcDbEntity
  8
A-OVER
100
AcDbLine
 10
250.66666666666666
 20
335.3333333333333
 30
0.0
 11
250.66666666666666
 21
336.7333333333333
 31
0.0
  0
LINE
  5
393
330
17
100
AcDbEntity
  8
A-OVER
100
AcDbLine
 10
250.66666666666666
 20
337.7333333333333
 30
0.0
 11
250.66666666666666
 21
339.1333333333333
 31
0.0
  0
LINE
  5
394
330
17
100
AcDbEntity
  8
A-OVER
100
AcDbLine
 10
250.66666666666666
 20
340.1333333333333
 30
0.0
 11
250.66666666666666
 21
341.5333333333333
 31
0.0
  0
LINE
  5
395
330
17
100
AcDbEntity
  8
A-OVER
100
AcDbLine
 10
250.66666666666666
 20
342.5333333333333
 30
0.0
 11
250.66666666666666
 21
343.9333333333333
 31
0.0
  0
LINE
  5
396
330
17
100
AcDbEntity
  8
A-OVER
100
AcDbLine
 10
250.66666666666666
 20
344.9333333333333
 30
0.0
 11
250.66666666666666
 21
346.3333333333333
 31
0.0
  0
LINE
  5
397
330
17
100
AcDbEntity
  8
A-OVER
100
AcDbLine
 10
250.66666666666666
 20
347.3333333333333
 30
0.0
 11
250.66666666666666
 21
348.7333333333333
 31
0.0
  0
LINE
  5
398
330
17
100
AcDbEntity
  8
A-OVER
100
AcDbLine
 10
200.33333333333334
 20
285.6666666666667
 30
0.0
 11
201.73333333333335
 21
285.6666666666667
 31
0.0
  0
LINE
  5
399
330
17
100
AcDbEntity
  8
A-OVER
100
AcDbLine
 10
202.73333333333335
 20
285.6666666666667
 30
0.0
 11
204.13333333333335
 21
285.6666666666667
 31
0.0
  0
LINE
  5
39A
330
17
100
AcDbEntity
  8
A-OVER
100
AcDbLine
 10
205.13333333333335
 20
285.6666666666667
 30
0.0
 11
206.53333333333333
 21
285.6666666666667
 31
0.0
  0
LINE
  5
39B
330
17
100
AcDbEntity
  8
A-OVER
100
AcDbLine
 10
207.53333333333333
 20
285.6666666666667
 30
0.0
 11
208.93333333333334
 21
285.6666666666667
 31
0.0
  0
LINE
  5
39C
330
17
100
AcDbEntity
  8
A-OVER
100
AcDbLine
 10
209.93333333333334
 20
285.6666666666667
 30
0.0
 11
211.33333333333334
 21
285.6666666666667
 31
0.0
  0
LINE
  5
39D
330
17
100
AcDbEntity
  8
A-OVER
100
AcDbLine
 10
212.33333333333334
 20
285.6666666666667
 30
0.0
 11
213.73333333333335
 21
285.6666666666667
 31
0.0
  0
LINE
  5
39E
330
17
100
AcDbEntity
  8
A-OVER
100
AcDbLine
 10
214.73333333333335
 20
285.6666666666667
 30
0.0
 11
216.13333333333335
 21
285.6666666666667
 31
0.0
  0
LINE
  5
39F
330
17
100
AcDbEntity
  8
A-OVER
100
AcDbLine
 10
217.13333333333335
 20
285.6666666666667
 30
0.0
 11
218.53333333333333
 21
285.6666666666667
 31
0.0
  0
LINE
  5
3A0
330
17
100
AcDbEntity
  8
A-OVER
100
AcDbLine
 10
219.53333333333333
 20
285.6666666666667
 30
0.0
 11
220.93333333333334
 21
285.6666666666667
 31
0.0
  0
LINE
  5
3A1
330
17
100
AcDbEntity
  8
A-OVER
100
AcDbLine
 10
221.93333333333334
 20
285.6666666666667
 30
0.0
 11
223.33333333333334
 21
285.6666666666667
 31
0.0
  0
LINE
  5
3A2
330
17
100
AcDbEntity
  8
A-OVER
100
AcDbLine
 10
224.33333333333334
 20
285.6666666666667
 30
0.0
 11
225.73333333333335
 21
285.6666666666667
 31
0.0
  0
LINE
  5
3A3
330
17
100
AcDbEntity
  8
A-OVER
100
AcDbLine
 10
226.73333333333335
 20
285.6666666666667
 30
0.0
 11
228.13333333333333
 21
285.6666666666667
 31
0.0
  0
LINE
  5
3A4
330
17
100
AcDbEntity
  8
A-OVER
100
AcDbLine
 10
229.13333333333333
 20
285.6666666666667
 30
0.0
 11
230.53333333333333
 21
285.6666666666667
 31
0.0
  0
LINE
  5
3A5
330
17
100
AcDbEntity
  8
A-OVER
100
AcDbLine
 10
231.53333333333333
 20
285.6666666666667
 30
0.0
 11
232.93333333333334
 21
285.6666666666667
 31
0.0
  0
LINE
  5
3A6
330
17
100
AcDbEntity
  8
A-OVER
100
AcDbLine
 10
233.93333333333334
 20
285.6666666666667
 30
0.0
 11
235.33333333333334
 21
285.6666666666667
 31
0.0
  0
LINE
  5
3A7
330
17
100
AcDbEntity
  8
A-OVER
100
AcDbLine
 10
236.33333333333334
 20
285.6666666666667
 30
0.0
 11
237.73333333333335
 21
285.6666666666667
 31
0.0
  0
LINE
  5
3A8
330
17
100
AcDbEntity
  8
A-OVER
100
AcDbLine
 10
238.73333333333335
 20
285.6666666666667
 30
0.0
 11
240.13333333333333
 21
285.6666666666667
 31
0.0
  0
LINE
  5
3A9
330
17
100
AcDbEntity
  8
A-OVER
100
AcDbLine
 10
241.13333333333333
 20
285.6666666666667
 30
0.0
 11
242.53333333333333
 21
285.6666666666667
 31
0.0
  0
LINE
  5
3AA
330
17
100
AcDbEntity
  8
A-OVER
100
AcDbLine
 10
243.53333333333333
 20
285.6666666666667
 30
0.0
 11
244.93333333333334
 21
285.6666666666667
 31
0.0
  0
LINE
  5
3AB
330
17
100
AcDbEntity
  8
A-OVER
100
AcDbLine
 10
245.93333333333334
 20
285.6666666666667
 30
0.0
 11
247.33333333333331
 21
285.6666666666667
 31
0.0
  0
LINE
  5
3AC
330
17
100
AcDbEntity
  8
A-OVER
100
AcDbLine
 10
248.33333333333331
 20
285.6666666666667
 30
0.0
 11
249.0
 21
285.6666666666667
 31
0.0
  0
LINE
  5
3AD
330
17
100
AcDbEntity
  8
A-OVER
100
AcDbLine
 10
200.33333333333334
 20
289.0
 30
0.0
 11
201.73333333333335
 21
289.0
 31
0.0
  0
LINE
  5
3AE
330
17
100
AcDbEntity
  8
A-OVER
100
AcDbLine
 10
202.73333333333335
 20
289.0
 30
0.0
 11
204.13333333333335
 21
289.0
 31
0.0
  0
LINE
  5
3AF
330
17
100
AcDbEntity
  8
A-OVER
100
AcDbLine
 10
205.13333333333335
 20
289.0
 30
0.0
 11
206.53333333333333
 21
289.0
 31
0.0
  0
LINE
  5
3B0
330
17
100
AcDbEntity
  8
A-OVER
100
AcDbLine
 10
207.53333333333333
 20
289.0
 30
0.0
 11
208.93333333333334
 21
289.0
 31
0.0
  0
LINE
  5
3B1
330
17
100
AcDbEntity
  8
A-OVER
100
AcDbLine
 10
209.93333333333334
 20
289.0
 30
0.0
 11
211.33333333333334
 21
289.0
 31
0.0
  0
LINE
  5
3B2
330
17
100
AcDbEntity
  8
A-OVER
100
AcDbLine
 10
212.33333333333334
 20
289.0
 30
0.0
 11
213.73333333333335
 21
289.0
 31
0.0
  0
LINE
  5
3B3
330
17
100
AcDbEntity
  8
A-OVER
100
AcDbLine
 10
214.73333333333335
 20
289.0
 30
0.0
 11
216.13333333333335
 21
289.0
 31
0.0
  0
LINE
  5
3B4
330
17
100
AcDbEntity
  8
A-OVER
100
AcDbLine
 10
217.13333333333335
 20
289.0
 30
0.0
 11
218.53333333333333
 21
289.0
 31
0.0
  0
LINE
  5
3B5
330
17
100
AcDbEntity
  8
A-OVER
100
AcDbLine
 10
219.53333333333333
 20
289.0
 30
0.0
 11
220.93333333333334
 21
289.0
 31
0.0
  0
LINE
  5
3B6
330
17
100
AcDbEntity
  8
A-OVER
100
AcDbLine
 10
221.93333333333334
 20
289.0
 30
0.0
 11
223.33333333333334
 21
289.0
 31
0.0
  0
LINE
  5
3B7
330
17
100
AcDbEntity
  8
A-OVER
100
AcDbLine
 10
224.33333333333334
 20
289.0
 30
0.0
 11
225.73333333333335
 21
289.0
 31
0.0
  0
LINE
  5
3B8
330
17
100
AcDbEntity
  8
A-OVER
100
AcDbLine
 10
226.73333333333335
 20
289.0
 30
0.0
 11
228.13333333333333
 21
289.0
 31
0.0
  0
LINE
  5
3B9
330
17
100
AcDbEntity
  8
A-OVER
100
AcDbLine
 10
229.13333333333333
 20
289.0
 30
0.0
 11
230.53333333333333
 21
289.0
 31
0.0
  0
LINE
  5
3BA
330
17
100
AcDbEntity
  8
A-OVER
100
AcDbLine
 10
231.53333333333333
 20
289.0
 30
0.0
 11
232.93333333333334
 21
289.0
 31
0.0
  0
LINE
  5
3BB
330
17
100
AcDbEntity
  8
A-OVER
100
AcDbLine
 10
233.93333333333334
 20
289.0
 30
0.0
 11
235.33333333333334
 21
289.0
 31
0.0
  0
LINE
  5
3BC
330
17
100
AcDbEntity
  8
A-OVER
100
AcDbLine
 10
236.33333333333334
 20
289.0
 30
0.0
 11
237.73333333333335
 21
289.0
 31
0.0
  0
LINE
  5
3BD
330
17
100
AcDbEntity
  8
A-OVER
100
AcDbLine
 10
238.73333333333335
 20
289.0
 30
0.0
 11
240.13333333333333
 21
289.0
 31
0.0
  0
LINE
  5
3BE
330
17
100
AcDbEntity
  8
A-OVER
100
AcDbLine
 10
241.13333333333333
 20
289.0
 30
0.0
 11
242.53333333333333
 21
289.0
 31
0.0
  0
LINE
  5
3BF
330
17
100
AcDbEntity
  8
A-OVER
100
AcDbLine
 10
243.53333333333333
 20
289.0
 30
0.0
 11
244.93333333333334
 21
289.0
 31
0.0
  0
LINE
  5
3C0
330
17
100
AcDbEntity
  8
A-OVER
100
AcDbLine
 10
245.93333333333334
 20
289.0
 30
0.0
 11
247.33333333333331
 21
289.0
 31
0.0
  0
LINE
  5
3C1
330
17
100
AcDbEntity
  8
A-OVER
100
AcDbLine
 10
248.33333333333331
 20
289.0
 30
0.0
 11
249.0
 21
289.0
 31
0.0
  0
LINE
  5
3C2
330
17
100
AcDbEntity
  8
A-OVER
100
AcDbLine
 10
200.33333333333334
 20
347.6666666666667
 30
0.0
 11
201.73333333333335
 21
347.6666666666667
 31
0.0
  0
LINE
  5
3C3
330
17
100
AcDbEntity
  8
A-OVER
100
AcDbLine
 10
202.73333333333335
 20
347.6666666666667
 30
0.0
 11
204.13333333333335
 21
347.6666666666667
 31
0.0
  0
LINE
  5
3C4
330
17
100
AcDbEntity
  8
A-OVER
100
AcDbLine
 10
205.13333333333335
 20
347.6666666666667
 30
0.0
 11
206.53333333333333
 21
347.6666666666667
 31
0.0
  0
LINE
  5
3C5
330
17
100
AcDbEntity
  8
A-OVER
100
AcDbLine
 10
207.53333333333333
 20
347.6666666666667
 30
0.0
 11
208.93333333333334
 21
347.6666666666667
 31
0.0
  0
LINE
  5
3C6
330
17
100
AcDbEntity
  8
A-OVER
100
AcDbLine
 10
209.93333333333334
 20
347.6666666666667
 30
0.0
 11
211.33333333333334
 21
347.6666666666667
 31
0.0
  0
LINE
  5
3C7
330
17
100
AcDbEntity
  8
A-OVER
100
AcDbLine
 10
212.33333333333334
 20
347.6666666666667
 30
0.0
 11
213.73333333333335
 21
347.6666666666667
 31
0.0
  0
LINE
  5
3C8
330
17
100
AcDbEntity
  8
A-OVER
100
AcDbLine
 10
214.73333333333335
 20
347.6666666666667
 30
0.0
 11
216.13333333333335
 21
347.6666666666667
 31
0.0
  0
LINE
  5
3C9
330
17
100
AcDbEntity
  8
A-OVER
100
AcDbLine
 10
217.13333333333335
 20
347.6666666666667
 30
0.0
 11
218.53333333333333
 21
347.6666666666667
 31
0.0
  0
LINE
  5
3CA
330
17
100
AcDbEntity
  8
A-OVER
100
AcDbLine
 10
219.53333333333333
 20
347.6666666666667
 30
0.0
 11
220.93333333333334
 21
347.6666666666667
 31
0.0
  0
LINE
  5
3CB
330
17
100
AcDbEntity
  8
A-OVER
100
AcDbLine
 10
221.93333333333334
 20
347.6666666666667
 30
0.0
 11
223.33333333333334
 21
347.6666666666667
 31
0.0
  0
LINE
  5
3CC
330
17
100
AcDbEntity
  8
A-OVER
100
AcDbLine
 10
224.33333333333334
 20
347.6666666666667
 30
0.0
 11
225.73333333333335
 21
347.6666666666667
 31
0.0
  0
LINE
  5
3CD
330
17
100
AcDbEntity
  8
A-OVER
100
AcDbLine
 10
226.73333333333335
 20
347.6666666666667
 30
0.0
 11
228.13333333333333
 21
347.6666666666667
 31
0.0
  0
LINE
  5
3CE
330
17
100
AcDbEntity
  8
A-OVER
100
AcDbLine
 10
229.13333333333333
 20
347.6666666666667
 30
0.0
 11
230.53333333333333
 21
347.6666666666667
 31
0.0
  0
LINE
  5
3CF
330
17
100
AcDbEntity
  8
A-OVER
100
AcDbLine
 10
231.53333333333333
 20
347.6666666666667
 30
0.0
 11
232.93333333333334
 21
347.6666666666667
 31
0.0
  0
LINE
  5
3D0
330
17
100
AcDbEntity
  8
A-OVER
100
AcDbLine
 10
233.93333333333334
 20
347.6666666666667
 30
0.0
 11
235.33333333333334
 21
347.6666666666667
 31
0.0
  0
LINE
  5
3D1
330
17
100
AcDbEntity
  8
A-OVER
100
AcDbLine
 10
236.33333333333334
 20
347.6666666666667
 30
0.0
 11
237.73333333333335
 21
347.6666666666667
 31
0.0
  0
LINE
  5
3D2
330
17
100
AcDbEntity
  8
A-OVER
100
AcDbLine
 10
238.73333333333335
 20
347.6666666666667
 30
0.0
 11
240.13333333333333
 21
347.6666666666667
 31
0.0
  0
LINE
  5
3D3
330
17
100
AcDbEntity
  8
A-OVER
100
AcDbLine
 10
241.13333333333333
 20
347.6666666666667
 30
0.0
 11
242.53333333333333
 21
347.6666666666667
 31
0.0
  0
LINE
  5
3D4
330
17
100
AcDbEntity
  8
A-OVER
100
AcDbLine
 10
243.53333333333333
 20
347.6666666666667
 30
0.0
 11
244.93333333333334
 21
347.6666666666667
 31
0.0
  0
LINE
  5
3D5
330
17
100
AcDbEntity
  8
A-OVER
100
AcDbLine
 10
245.93333333333334
 20
347.6666666666667
 30
0.0
 11
247.33333333333331
 21
347.6666666666667
 31
0.0
  0
LINE
  5
3D6
330
17
100
AcDbEntity
  8
A-OVER
100
AcDbLine
 10
248.33333333333331
 20
347.6666666666667
 30
0.0
 11
249.0
 21
347.6666666666667
 31
0.0
  0
LINE
  5
3D7
330
17
100
AcDbEntity
  8
A-OVER
100
AcDbLine
 10
200.33333333333334
 20
351.0
 30
0.0
 11
201.73333333333335
 21
351.0
 31
0.0
  0
LINE
  5
3D8
330
17
100
AcDbEntity
  8
A-OVER
100
AcDbLine
 10
202.73333333333335
 20
351.0
 30
0.0
 11
204.13333333333335
 21
351.0
 31
0.0
  0
LINE
  5
3D9
330
17
100
AcDbEntity
  8
A-OVER
100
AcDbLine
 10
205.13333333333335
 20
351.0
 30
0.0
 11
206.53333333333333
 21
351.0
 31
0.0
  0
LINE
  5
3DA
330
17
100
AcDbEntity
  8
A-OVER
100
AcDbLine
 10
207.53333333333333
 20
351.0
 30
0.0
 11
208.93333333333334
 21
351.0
 31
0.0
  0
LINE
  5
3DB
330
17
100
AcDbEntity
  8
A-OVER
100
AcDbLine
 10
209.93333333333334
 20
351.0
 30
0.0
 11
211.33333333333334
 21
351.0
 31
0.0
  0
LINE
  5
3DC
330
17
100
AcDbEntity
  8
A-OVER
100
AcDbLine
 10
212.33333333333334
 20
351.0
 30
0.0
 11
213.73333333333335
 21
351.0
 31
0.0
  0
LINE
  5
3DD
330
17
100
AcDbEntity
  8
A-OVER
100
AcDbLine
 10
214.73333333333335
 20
351.0
 30
0.0
 11
216.13333333333335
 21
351.0
 31
0.0
  0
LINE
  5
3DE
330
17
100
AcDbEntity
  8
A-OVER
100
AcDbLine
 10
217.13333333333335
 20
351.0
 30
0.0
 11
218.53333333333333
 21
351.0
 31
0.0
  0
LINE
  5
3DF
330
17
100
AcDbEntity
  8
A-OVER
100
AcDbLine
 10
219.53333333333333
 20
351.0
 30
0.0
 11
220.93333333333334
 21
351.0
 31
0.0
  0
LINE
  5
3E0
330
17
100
AcDbEntity
  8
A-OVER
100
AcDbLine
 10
221.93333333333334
 20
351.0
 30
0.0
 11
223.33333333333334
 21
351.0
 31
0.0
  0
LINE
  5
3E1
330
17
100
AcDbEntity
  8
A-OVER
100
AcDbLine
 10
224.33333333333334
 20
351.0
 30
0.0
 11
225.73333333333335
 21
351.0
 31
0.0
  0
LINE
  5
3E2
330
17
100
AcDbEntity
  8
A-OVER
100
AcDbLine
 10
226.73333333333335
 20
351.0
 30
0.0
 11
228.13333333333333
 21
351.0
 31
0.0
  0
LINE
  5
3E3
330
17
100
AcDbEntity
  8
A-OVER
100
AcDbLine
 10
229.13333333333333
 20
351.0
 30
0.0
 11
230.53333333333333
 21
351.0
 31
0.0
  0
LINE
  5
3E4
330
17
100
AcDbEntity
  8
A-OVER
100
AcDbLine
 10
231.53333333333333
 20
351.0
 30
0.0
 11
232.93333333333334
 21
351.0
 31
0.0
  0
LINE
  5
3E5
330
17
100
AcDbEntity
  8
A-OVER
100
AcDbLine
 10
233.93333333333334
 20
351.0
 30
0.0
 11
235.33333333333334
 21
351.0
 31
0.0
  0
LINE
  5
3E6
330
17
100
AcDbEntity
  8
A-OVER
100
AcDbLine
 10
236.33333333333334
 20
351.0
 30
0.0
 11
237.73333333333335
 21
351.0
 31
0.0
  0
LINE
  5
3E7
330
17
100
AcDbEntity
  8
A-OVER
100
AcDbLine
 10
238.73333333333335
 20
351.0
 30
0.0
 11
240.13333333333333
 21
351.0
 31
0.0
  0
LINE
  5
3E8
330
17
100
AcDbEntity
  8
A-OVER
100
AcDbLine
 10
241.13333333333333
 20
351.0
 30
0.0
 11
242.53333333333333
 21
351.0
 31
0.0
  0
LINE
  5
3E9
330
17
100
AcDbEntity
  8
A-OVER
100
AcDbLine
 10
243.53333333333333
 20
351.0
 30
0.0
 11
244.93333333333334
 21
351.0
 31
0.0
  0
LINE
  5
3EA
330
17
100
AcDbEntity
  8
A-OVER
100
AcDbLine
 10
245.93333333333334
 20
351.0
 30
0.0
 11
247.33333333333331
 21
351.0
 31
0.0
  0
LINE
  5
3EB
330
17
100
AcDbEntity
  8
A-OVER
100
AcDbLine
 10
248.33333333333331
 20
351.0
 30
0.0
 11
249.0
 21
351.0
 31
0.0
  0
CIRCLE
  5
3EC
330
17
100
AcDbEntity
  8
A-WALL-IN
100
AcDbCircle
 10
182.66666666666666
 20
304.3333333333333
 30
0.0
 40
13.333333333333334
  0
CIRCLE
  5
3ED
330
17
100
AcDbEntity
  8
A-WALL
100
AcDbCircle
 10
182.66666666666666
 20
304.3333333333333
 30
0.0
 40
1.6666666666666667
  0
LINE
  5
3EE
330
17
100
AcDbEntity
  8
A-WALL-IN
100
AcDbLine
 10
184.33333333333334
 20
304.3333333333333
 30
0.0
 11
196.0
 21
304.3333333333333
 31
0.0
  0
LINE
  5
3EF
330
17
100
AcDbEntity
  8
A-WALL-IN
100
AcDbLine
 10
184.11004233964073
 20
305.1666666666667
 30
0.0
 11
194.2136720504592
 21
311.0
 31
0.0
  0
LINE
  5
3F0
330
17
100
AcDbEntity
  8
A-WALL-IN
100
AcDbLine
 10
183.5
 20
305.7767090063074
 30
0.0
 11
189.33333333333334
 21
315.8803387171258
 31
0.0
  0
LINE
  5
3F1
330
17
100
AcDbEntity
  8
A-WALL-IN
100
AcDbLine
 10
182.66666666666666
 20
306.0
 30
0.0
 11
182.66666666666666
 21
317.6666666666667
 31
0.0
  0
LINE
  5
3F2
330
17
100
AcDbEntity
  8
A-WALL-IN
100
AcDbLine
 10
181.83333333333334
 20
305.7767090063074
 30
0.0
 11
176.0
 21
315.8803387171258
 31
0.0
  0
LINE
  5
3F3
330
17
100
AcDbEntity
  8
A-WALL-IN
100
AcDbLine
 10
181.22329099369261
 20
305.1666666666667
 30
0.0
 11
171.11966128287415
 21
311.0
 31
0.0
  0
LINE
  5
3F4
330
17
100
AcDbEntity
  8
A-WALL-IN
100
AcDbLine
 10
181.0
 20
304.3333333333333
 30
0.0
 11
169.33333333333334
 21
304.3333333333333
 31
0.0
  0
LINE
  5
3F5
330
17
100
AcDbEntity
  8
A-WALL-IN
100
AcDbLine
 10
181.22329099369261
 20
303.5
 30
0.0
 11
171.11966128287415
 21
297.6666666666667
 31
0.0
  0
LINE
  5
3F6
330
17
100
AcDbEntity
  8
A-WALL-IN
100
AcDbLine
 10
181.83333333333334
 20
302.88995766035924
 30
0.0
 11
176.0
 21
292.7863279495408
 31
0.0
  0
LINE
  5
3F7
330
17
100
AcDbEntity
  8
A-WALL-IN
100
AcDbLine
 10
182.66666666666666
 20
302.6666666666667
 30
0.0
 11
182.66666666666666
 21
291.0
 31
0.0
  0
LINE
  5
3F8
330
17
100
AcDbEntity
  8
A-WALL-IN
100
AcDbLine
 10
183.5
 20
302.88995766035924
 30
0.0
 11
189.33333333333334
 21
292.7863279495408
 31
0.0
  0
LINE
  5
3F9
330
17
100
AcDbEntity
  8
A-WALL-IN
100
AcDbLine
 10
184.11004233964073
 20
303.5
 30
0.0
 11
194.21367205045917
 21
297.6666666666667
 31
0.0
  0
LWPOLYLINE
  5
3FA
330
17
100
AcDbEntity
  8
A-WALL-IN
100
AcDbPolyline
 90
4
 70
1
 10
196.0
 20
298.3333333333333
 10
198.0
 20
298.3333333333333
 10
198.0
 20
310.3333333333333
 10
196.0
 20
310.3333333333333
  0
LINE
  5
3FB
330
17
100
AcDbEntity
  8
A-WALL-IN
100
AcDbLine
 10
182.66666666666666
 20
297.0
 30
0.0
 11
182.66666666666666
 21
311.6666666666667
 31
0.0
  0
LINE
  5
3FC
330
17
100
AcDbEntity
  8
A-WALL-IN
100
AcDbLine
 10
182.66666666666666
 20
311.6666666666667
 30
0.0
 11
181.46666666666667
 21
309.26666666666665
 31
0.0
  0
LINE
  5
3FD
330
17
100
AcDbEntity
  8
A-WALL-IN
100
AcDbLine
 10
182.66666666666666
 20
311.6666666666667
 30
0.0
 11
183.86666666666667
 21
309.26666666666665
 31
0.0
  0
DIMENSION
  5
3FE
330
17
100
AcDbEntity
  8
S-DIM
100
AcDbDimension
280
0
  2
*D9
  3
A2-DIM-S
 10
198.0
 20
271.6666666666667
 30
0.0
 11
199.33333333333331
 21
274.3666666666667
 31
0.0
 70
32
 71
5
  1
<>
100
AcDbAlignedDimension
 13
198.0
 23
285.0
 33
0.0
 14
200.66666666666666
 24
285.0
 34
0.0
 50
0.0
100
AcDbRotatedDimension
1001
ACAD
1000
DSTYLE
1002
{
1070
144
1040
75.0
1002
}
  0
DIMENSION
  5
40D
330
17
100
AcDbEntity
  8
S-DIM
100
AcDbDimension
280
0
  2
*D10
  3
A2-DIM-S
 10
200.66666666666666
 20
271.6666666666667
 30
0.0
 11
224.66666666666666
 21
273.2666666666667
 31
0.0
 70
32
 71
5
  1
<>
100
AcDbAlignedDimension
 13
200.66666666666666
 23
285.0
 33
0.0
 14
248.66666666666666
 24
285.0
 34
0.0
 50
0.0
100
AcDbRotatedDimension
1001
ACAD
1000
DSTYLE
1002
{
1070
144
1040
75.0
1002
}
  0
DIMENSION
  5
41C
330
17
100
AcDbEntity
  8
S-DIM
100
AcDbDimension
280
0
  2
*D11
  3
A2-DIM-S
 10
248.66666666666666
 20
271.6666666666667
 30
0.0
 11
250.0
 21
274.3666666666667
 31
0.0
 70
32
 71
5
  1
<>
100
AcDbAlignedDimension
 13
248.66666666666666
 23
285.0
 33
0.0
 14
251.33333333333334
 24
285.0
 34
0.0
 50
0.0
100
AcDbRotatedDimension
1001
ACAD
1000
DSTYLE
1002
{
1070
144
1040
75.0
1002
}
  0
DIMENSION
  5
42B
330
17
100
AcDbEntity
  8
S-DIM
100
AcDbDimension
280
0
  2
*D12
  3
A2-DIM-S
 10
198.0
 20
263.6666666666667
 30
0.0
 11
224.66666666666669
 21
265.2666666666667
 31
0.0
 70
32
 71
5
  1
<>
100
AcDbAlignedDimension
 13
198.0
 23
285.0
 33
0.0
 14
251.33333333333334
 24
285.0
 34
0.0
 50
0.0
100
AcDbRotatedDimension
1001
ACAD
1000
DSTYLE
1002
{
1070
144
1040
75.0
1002
}
  0
DIMENSION
  5
43A
330
17
100
AcDbEntity
  8
S-DIM
100
AcDbDimension
280
0
  2
*D13
  3
A2-DIM-S
 10
262.0
 20
285.0
 30
0.0
 11
259.3
 21
286.33333333333337
 31
0.0
 70
32
 71
5
  1
<>
100
AcDbAlignedDimension
 13
251.33333333333334
 23
285.0
 33
0.0
 14
251.33333333333334
 24
287.6666666666667
 34
0.0
 50
90.0
100
AcDbRotatedDimension
1001
ACAD
1000
DSTYLE
1002
{
1070
144
1040
75.0
1002
}
  0
DIMENSION
  5
449
330
17
100
AcDbEntity
  8
S-DIM
100
AcDbDimension
280
0
  2
*D14
  3
A2-DIM-S
 10
262.0
 20
287.6666666666667
 30
0.0
 11
260.4
 21
318.33333333333337
 31
0.0
 70
32
 71
5
  1
<>
100
AcDbAlignedDimension
 13
251.33333333333334
 23
287.6666666666667
 33
0.0
 14
251.33333333333334
 24
349.0
 34
0.0
 50
90.0
100
AcDbRotatedDimension
1001
ACAD
1000
DSTYLE
1002
{
1070
144
1040
75.0
1002
}
  0
DIMENSION
  5
458
330
17
100
AcDbEntity
  8
S-DIM
100
AcDbDimension
280
0
  2
*D15
  3
A2-DIM-S
 10
262.0
 20
349.0
 30
0.0
 11
259.3
 21
350.33333333333337
 31
0.0
 70
32
 71
5
  1
<>
100
AcDbAlignedDimension
 13
251.33333333333334
 23
349.0
 33
0.0
 14
251.33333333333334
 24
351.6666666666667
 34
0.0
 50
90.0
100
AcDbRotatedDimension
1001
ACAD
1000
DSTYLE
1002
{
1070
144
1040
75.0
1002
}
  0
DIMENSION
  5
467
330
17
100
AcDbEntity
  8
S-DIM
100
AcDbDimension
280
0
  2
*D16
  3
A2-DIM-S
 10
270.0
 20
285.0
 30
0.0
 11
268.4
 21
318.33333333333337
 31
0.0
 70
32
 71
5
  1
<>
100
AcDbAlignedDimension
 13
251.33333333333334
 23
285.0
 33
0.0
 14
251.33333333333334
 24
351.6666666666667
 34
0.0
 50
90.0
100
AcDbRotatedDimension
1001
ACAD
1000
DSTYLE
1002
{
1070
144
1040
75.0
1002
}
  0
TEXT
  5
476
330
17
100
AcDbEntity
  8
S-TEXT
100
AcDbText
 10
224.66666666666666
 20
324.3333333333333
 30
0.0
 40
1.9
  1
OBSERVATION POST
  7
OpenSans
 72
1
 11
224.66666666666666
 21
324.3333333333333
 31
0.0
100
AcDbText
 73
2
  0
TEXT
  5
477
330
17
100
AcDbEntity
  8
S-TEXT
100
AcDbText
 10
224.66666666666666
 20
318.3333333333333
 30
0.0
 40
1.75
  1
FIRST FLOOR  FFL +3.650
  7
OpenSans
 72
1
 11
224.66666666666666
 21
318.3333333333333
 31
0.0
100
AcDbText
 73
2
  0
TEXT
  5
478
330
17
100
AcDbEntity
  8
S-TEXT
100
AcDbText
 10
224.66666666666666
 20
312.3333333333333
 30
0.0
 40
1.75
  1
ARMOURED VISION PANELS 1200 WIDE
  7
OpenSans
 72
1
 11
224.66666666666666
 21
312.3333333333333
 31
0.0
100
AcDbText
 73
2
  0
TEXT
  5
479
330
17
100
AcDbEntity
  8
S-TEXT
100
AcDbText
 10
224.66666666666666
 20
331.6666666666667
 30
0.0
 40
1.75
  1
B1 / B2  250 x 450  ROOF BEAMS OVER
  7
OpenSans
 72
1
 11
224.66666666666666
 21
331.6666666666667
 31
0.0
100
AcDbText
 73
2
  0
TEXT
  5
47A
330
17
100
AcDbEntity
  8
S-TEXT
100
AcDbText
 10
224.66666666666666
 20
361.0
 30
0.0
 40
1.75
  1
ROOF OVER -  300 PROJECTION WITH 300 HIGH PARDI
  7
OpenSans
 72
1
 11
224.66666666666666
 21
361.0
 31
0.0
100
AcDbText
 73
2
  0
TEXT
  5
47B
330
17
100
AcDbEntity
  8
S-TEXT
100
AcDbText
 10
182.66666666666666
 20
357.0
 30
0.0
 40
1.75
  1
SPIRAL STAIR 1000 R
  7
OpenSans
 72
1
 11
182.66666666666666
 21
357.0
 31
0.0
100
AcDbText
 73
2
  0
TEXT
  5
47C
330
17
100
AcDbEntity
  8
S-TEXT
100
AcDbText
 10
182.66666666666666
 20
351.0
 30
0.0
 40
1.75
  1
250 DIA CENTRAL POLE
  7
OpenSans
 72
1
 11
182.66666666666666
 21
351.0
 31
0.0
100
AcDbText
 73
2
  0
CIRCLE
  5
47D
330
17
100
AcDbEntity
  8
S-TITLE
100
AcDbCircle
 10
178.0
 20
257.0
 30
0.0
 40
4.0
  0
TEXT
  5
47E
330
17
100
AcDbEntity
  8
S-TITLE
100
AcDbText
 10
178.0
 20
257.0
 30
0.0
 40
3.6720000000000006
  1
2
  7
OpenSans
 72
1
 11
178.0
 21
257.0
 31
0.0
100
AcDbText
 73
2
  0
TEXT
  5
47F
330
17
100
AcDbEntity
  8
S-TITLE
100
AcDbText
 10
186.2
 20
258.0
 30
0.0
 40
5.4
  1
FIRST FLOOR LEVEL
  7
OpenSans
 11
186.2
 21
258.0
 31
0.0
100
AcDbText
  0
LINE
  5
480
330
17
100
AcDbEntity
  8
S-TITLE
100
AcDbLine
 10
183.6
 20
256.6
 30
0.0
 11
272.0
 21
256.6
 31
0.0
  0
TEXT
  5
481
330
17
100
AcDbEntity
  8
S-TEXT
100
AcDbText
 10
186.2
 20
250.4
 30
0.0
 40
3.3
  1
1 : 75   FFL +3.650
  7
OpenSans
 11
186.2
 21
250.4
 31
0.0
100
AcDbText
  0
LWPOLYLINE
  5
482
330
17
100
AcDbEntity
  8
A-COVER
100
AcDbPolyline
 90
6
 70
0
 10
40.666666666666664
 20
178.0
 10
107.66666666666666
 20
178.0
 10
116.66666666666667
 20
184.0
 10
168.66666666666669
 20
184.0
 10
177.66666666666666
 20
178.0
 10
198.0
 20
178.0
  0
HATCH
  5
483
330
17
100
AcDbEntity
  8
A-COVER
 62
7
100
AcDbHatch
 10
0.0
 20
0.0
 30
0.0
210
0.0
220
0.0
230
1.0
  2
EARTH
 70
0
 71
0
 91
1
 92
3
 72
0
 73
1
 93
4
 10
107.66666666666666
 20
178.0
 10
116.66666666666667
 20
178.0
 10
116.66666666666667
 20
184.0
 10
107.66666666666666
 20
178.0
 97
0
 75
1
 76
1
 52
0.0
 41
2.2
 77
0
 78
6
 53
0.0
 43
0.0
 44
0.0
 45
13.97
 46
13.97
 79
2
 49
13.97
 49
-13.97
 53
0.0
 43
0.0
 44
5.23875
 45
13.97
 46
13.97
 79
2
 49
13.97
 49
-13.97
 53
0.0
 43
0.0
 44
10.4775
 45
13.97
 46
13.97
 79
2
 49
13.97
 49
-13.97
 53
90.0
 43
1.74625
 44
12.22375
 45
-13.97
 46
13.97
 79
2
 49
13.97
 49
-13.97
 53
90.0
 43
6.985
 44
12.22375
 45
-13.97
 46
13.97
 79
2
 49
13.97
 49
-13.97
 53
90.0
 43
12.22375
 44
12.22375
 45
-13.97
 46
13.97
 79
2
 49
13.97
 49
-13.97
 98
0
  0
HATCH
  5
484
330
17
100
AcDbEntity
  8
A-COVER
 62
7
100
AcDbHatch
 10
0.0
 20
0.0
 30
0.0
210
0.0
220
0.0
230
1.0
  2
EARTH
 70
0
 71
0
 91
1
 92
3
 72
0
 73
1
 93
4
 10
168.66666666666669
 20
178.0
 10
177.66666666666666
 20
178.0
 10
177.66666666666666
 20
178.0
 10
168.66666666666669
 20
184.0
 97
0
 75
1
 76
1
 52
0.0
 41
2.2
 77
0
 78
6
 53
0.0
 43
0.0
 44
0.0
 45
13.97
 46
13.97
 79
2
 49
13.97
 49
-13.97
 53
0.0
 43
0.0
 44
5.23875
 45
13.97
 46
13.97
 79
2
 49
13.97
 49
-13.97
 53
0.0
 43
0.0
 44
10.4775
 45
13.97
 46
13.97
 79
2
 49
13.97
 49
-13.97
 53
90.0
 43
1.74625
 44
12.22375
 45
-13.97
 46
13.97
 79
2
 49
13.97
 49
-13.97
 53
90.0
 43
6.985
 44
12.22375
 45
-13.97
 46
13.97
 79
2
 49
13.97
 49
-13.97
 53
90.0
 43
12.22375
 44
12.22375
 45
-13.97
 46
13.97
 79
2
 49
13.97
 49
-13.97
 98
0
  0
HATCH
  5
485
330
17
100
AcDbEntity
  8
A-COVER
 62
7
100
AcDbHatch
 10
0.0
 20
0.0
 30
0.0
210
0.0
220
0.0
230
1.0
  2
EARTH
 70
0
 71
0
 91
1
 92
3
 72
0
 73
1
 93
4
 10
116.66666666666667
 20
178.0
 10
168.66666666666669
 20
178.0
 10
168.66666666666669
 20
184.0
 10
116.66666666666667
 20
184.0
 97
0
 75
1
 76
1
 52
0.0
 41
2.2
 77
0
 78
6
 53
0.0
 43
0.0
 44
0.0
 45
13.97
 46
13.97
 79
2
 49
13.97
 49
-13.97
 53
0.0
 43
0.0
 44
5.23875
 45
13.97
 46
13.97
 79
2
 49
13.97
 49
-13.97
 53
0.0
 43
0.0
 44
10.4775
 45
13.97
 46
13.97
 79
2
 49
13.97
 49
-13.97
 53
90.0
 43
1.74625
 44
12.22375
 45
-13.97
 46
13.97
 79
2
 49
13.97
 49
-13.97
 53
90.0
 43
6.985
 44
12.22375
 45
-13.97
 46
13.97
 79
2
 49
13.97
 49
-13.97
 53
90.0
 43
12.22375
 44
12.22375
 45
-13.97
 46
13.97
 79
2
 49
13.97
 49
-13.97
 98
0
  0
LINE
  5
486
330
17
100
AcDbEntity
  8
A-COVER
100
AcDbLine
 10
46.0
 20
176.0
 30
0.0
 11
107.66666666666666
 21
176.0
 31
0.0
  0
LINE
  5
487
330
17
100
AcDbEntity
  8
A-COVER
100
AcDbLine
 10
46.0
 20
175.0
 30
0.0
 11
107.66666666666666
 21
175.0
 31
0.0
  0
LINE
  5
488
330
17
100
AcDbEntity
  8
A-COVER
100
AcDbLine
 10
46.0
 20
173.66666666666666
 30
0.0
 11
107.66666666666666
 21
173.66666666666666
 31
0.0
  0
LINE
  5
489
330
17
100
AcDbEntity
  8
A-COVER
100
AcDbLine
 10
46.0
 20
170.33333333333334
 30
0.0
 11
107.66666666666666
 21
170.33333333333334
 31
0.0
  0
LINE
  5
48A
330
17
100
AcDbEntity
  8
A-COVER
100
AcDbLine
 10
46.0
 20
165.33333333333334
 30
0.0
 11
107.66666666666666
 21
165.33333333333334
 31
0.0
  0
TEXT
  5
48B
330
17
100
AcDbEntity
  8
S-TEXT
100
AcDbText
 10
52.0
 20
214.0
 30
0.0
 40
1.75
  1
ENGINEERED COVER - 2000 IN SIX LAYERS
  7
OpenSans
 11
52.0
 21
214.0
 31
0.0
100
AcDbText
 73
2
  0
TEXT
  5
48C
330
17
100
AcDbEntity
  8
S-TEXT
100
AcDbText
 10
55.0
 20
210.8
 30
0.0
 40
1.75
  1
300  TOPSOIL / TURF
  7
OpenSans
 11
55.0
 21
210.8
 31
0.0
100
AcDbText
 73
2
  0
TEXT
  5
48D
330
17
100
AcDbEntity
  8
S-TEXT
100
AcDbText
 10
55.0
 20
207.6
 30
0.0
 40
1.75
  1
150  GRANULAR FILTER
  7
OpenSans
 11
55.0
 21
207.6
 31
0.0
100
AcDbText
 73
2
  0
TEXT
  5
48E
330
17
100
AcDbEntity
  8
S-TEXT
100
AcDbText
 10
55.0
 20
204.4
 30
0.0
 40
1.75
  1
200  RC BURSTER SLAB M30
  7
OpenSans
 11
55.0
 21
204.4
 31
0.0
100
AcDbText
 73
2
  0
TEXT
  5
48F
330
17
100
AcDbEntity
  8
S-TEXT
100
AcDbText
 10
55.0
 20
201.2
 30
0.0
 40
1.75
  1
500  CRUSHED BASALT RUBBLE 25-75
  7
OpenSans
 11
55.0
 21
201.2
 31
0.0
100
AcDbText
 73
2
  0
TEXT
  5
490
330
17
100
AcDbEntity
  8
S-TEXT
100
AcDbText
 10
55.0
 20
198.0
 30
0.0
 40
1.75
  1
750  COMPACTED ENGINEERED FILL
  7
OpenSans
 11
55.0
 21
198.0
 31
0.0
100
AcDbText
 73
2
  0
TEXT
  5
491
330
17
100
AcDbEntity
  8
S-TEXT
100
AcDbText
 10
55.0
 20
194.8
 30
0.0
 40
1.75
  1
100  PROTECTION SCREED
  7
OpenSans
 11
55.0
 21
194.8
 31
0.0
100
AcDbText
 73
2
  0
LWPOLYLINE
  5
492
330
17
100
AcDbEntity
  8
S-NOTE
100
AcDbPolyline
 90
3
 70
0
 10
53.5
 20
193.20000000000002
 10
53.5
 20
171.33333333333334
 10
74.0
 20
171.33333333333334
  0
LWPOLYLINE
  5
493
330
17
100
AcDbEntity
  8
A-OVER
100
AcDbPolyline
 90
4
 70
1
 10
46.0
 20
132.66666666666666
 10
192.66666666666666
 20
132.66666666666666
 10
192.66666666666666
 20
133.33333333333334
 10
46.0
 20
133.33333333333334
  0
LWPOLYLINE
  5
494
330
17
100
AcDbEntity
  8
A-OVER
100
AcDbPolyline
 90
4
 70
1
 10
46.0
 20
133.33333333333334
 10
192.66666666666666
 20
133.33333333333334
 10
192.66666666666666
 20
137.33333333333334
 10
46.0
 20
137.33333333333334
  0
LWPOLYLINE
  5
495
330
17
100
AcDbEntity
  8
A-OVER
100
AcDbPolyline
 90
4
 70
1
 10
46.0
 20
158.66666666666666
 10
192.66666666666666
 20
158.66666666666666
 10
192.66666666666666
 20
164.66666666666666
 10
46.0
 20
164.66666666666666
  0
LWPOLYLINE
  5
496
330
17
100
AcDbEntity
  8
A-OVER
100
AcDbPolyline
 90
4
 70
1
 10
46.0
 20
137.33333333333334
 10
50.0
 20
137.33333333333334
 10
50.0
 20
158.66666666666666
 10
46.0
 20
158.66666666666666
  0
LWPOLYLINE
  5
497
330
17
100
AcDbEntity
  8
A-OVER
100
AcDbPolyline
 90
4
 70
1
 10
188.66666666666666
 20
137.33333333333334
 10
192.66666666666666
 20
137.33333333333334
 10
192.66666666666666
 20
158.66666666666666
 10
188.66666666666666
 20
158.66666666666666
  0
LINE
  5
498
330
17
100
AcDbEntity
  8
A-OVER
100
AcDbLine
 10
144.66666666666669
 20
137.33333333333334
 30
0.0
 11
144.66666666666669
 21
138.73333333333335
 31
0.0
  0
LINE
  5
499
330
17
100
AcDbEntity
  8
A-OVER
100
AcDbLine
 10
144.66666666666669
 20
139.73333333333335
 30
0.0
 11
144.66666666666669
 21
141.13333333333335
 31
0.0
  0
LINE
  5
49A
330
17
100
AcDbEntity
  8
A-OVER
100
AcDbLine
 10
144.66666666666669
 20
142.13333333333335
 30
0.0
 11
144.66666666666669
 21
143.53333333333333
 31
0.0
  0
LINE
  5
49B
330
17
100
AcDbEntity
  8
A-OVER
100
AcDbLine
 10
144.66666666666669
 20
144.53333333333333
 30
0.0
 11
144.66666666666669
 21
145.93333333333334
 31
0.0
  0
LINE
  5
49C
330
17
100
AcDbEntity
  8
A-OVER
100
AcDbLine
 10
144.66666666666669
 20
146.93333333333334
 30
0.0
 11
144.66666666666669
 21
148.33333333333334
 31
0.0
  0
LINE
  5
49D
330
17
100
AcDbEntity
  8
A-OVER
100
AcDbLine
 10
144.66666666666669
 20
149.33333333333334
 30
0.0
 11
144.66666666666669
 21
150.73333333333335
 31
0.0
  0
LINE
  5
49E
330
17
100
AcDbEntity
  8
A-OVER
100
AcDbLine
 10
144.66666666666669
 20
151.73333333333335
 30
0.0
 11
144.66666666666669
 21
153.13333333333335
 31
0.0
  0
LINE
  5
49F
330
17
100
AcDbEntity
  8
A-OVER
100
AcDbLine
 10
144.66666666666669
 20
154.13333333333335
 30
0.0
 11
144.66666666666669
 21
155.53333333333333
 31
0.0
  0
LINE
  5
4A0
330
17
100
AcDbEntity
  8
A-OVER
100
AcDbLine
 10
144.66666666666669
 20
156.53333333333333
 30
0.0
 11
144.66666666666669
 21
157.93333333333334
 31
0.0
  0
LINE
  5
4A1
330
17
100
AcDbEntity
  8
A-OVER
100
AcDbLine
 10
147.33333333333331
 20
137.33333333333334
 30
0.0
 11
147.33333333333331
 21
138.73333333333335
 31
0.0
  0
LINE
  5
4A2
330
17
100
AcDbEntity
  8
A-OVER
100
AcDbLine
 10
147.33333333333331
 20
139.73333333333335
 30
0.0
 11
147.33333333333331
 21
141.13333333333335
 31
0.0
  0
LINE
  5
4A3
330
17
100
AcDbEntity
  8
A-OVER
100
AcDbLine
 10
147.33333333333331
 20
142.13333333333335
 30
0.0
 11
147.33333333333331
 21
143.53333333333333
 31
0.0
  0
LINE
  5
4A4
330
17
100
AcDbEntity
  8
A-OVER
100
AcDbLine
 10
147.33333333333331
 20
144.53333333333333
 30
0.0
 11
147.33333333333331
 21
145.93333333333334
 31
0.0
  0
LINE
  5
4A5
330
17
100
AcDbEntity
  8
A-OVER
100
AcDbLine
 10
147.33333333333331
 20
146.93333333333334
 30
0.0
 11
147.33333333333331
 21
148.33333333333334
 31
0.0
  0
LINE
  5
4A6
330
17
100
AcDbEntity
  8
A-OVER
100
AcDbLine
 10
147.33333333333331
 20
149.33333333333334
 30
0.0
 11
147.33333333333331
 21
150.73333333333335
 31
0.0
  0
LINE
  5
4A7
330
17
100
AcDbEntity
  8
A-OVER
100
AcDbLine
 10
147.33333333333331
 20
151.73333333333335
 30
0.0
 11
147.33333333333331
 21
153.13333333333335
 31
0.0
  0
LINE
  5
4A8
330
17
100
AcDbEntity
  8
A-OVER
100
AcDbLine
 10
147.33333333333331
 20
154.13333333333335
 30
0.0
 11
147.33333333333331
 21
155.53333333333333
 31
0.0
  0
LINE
  5
4A9
330
17
100
AcDbEntity
  8
A-OVER
100
AcDbLine
 10
147.33333333333331
 20
156.53333333333333
 30
0.0
 11
147.33333333333331
 21
157.93333333333334
 31
0.0
  0
LINE
  5
4AA
330
17
100
AcDbEntity
  8
A-OVER
100
AcDbLine
 10
166.0
 20
137.33333333333334
 30
0.0
 11
166.0
 21
138.73333333333335
 31
0.0
  0
LINE
  5
4AB
330
17
100
AcDbEntity
  8
A-OVER
100
AcDbLine
 10
166.0
 20
139.73333333333335
 30
0.0
 11
166.0
 21
141.13333333333335
 31
0.0
  0
LINE
  5
4AC
330
17
100
AcDbEntity
  8
A-OVER
100
AcDbLine
 10
166.0
 20
142.13333333333335
 30
0.0
 11
166.0
 21
143.53333333333333
 31
0.0
  0
LINE
  5
4AD
330
17
100
AcDbEntity
  8
A-OVER
100
AcDbLine
 10
166.0
 20
144.53333333333333
 30
0.0
 11
166.0
 21
145.93333333333334
 31
0.0
  0
LINE
  5
4AE
330
17
100
AcDbEntity
  8
A-OVER
100
AcDbLine
 10
166.0
 20
146.93333333333334
 30
0.0
 11
166.0
 21
148.33333333333334
 31
0.0
  0
LINE
  5
4AF
330
17
100
AcDbEntity
  8
A-OVER
100
AcDbLine
 10
166.0
 20
149.33333333333334
 30
0.0
 11
166.0
 21
150.73333333333335
 31
0.0
  0
LINE
  5
4B0
330
17
100
AcDbEntity
  8
A-OVER
100
AcDbLine
 10
166.0
 20
151.73333333333335
 30
0.0
 11
166.0
 21
153.13333333333335
 31
0.0
  0
LINE
  5
4B1
330
17
100
AcDbEntity
  8
A-OVER
100
AcDbLine
 10
166.0
 20
154.13333333333335
 30
0.0
 11
166.0
 21
155.53333333333333
 31
0.0
  0
LINE
  5
4B2
330
17
100
AcDbEntity
  8
A-OVER
100
AcDbLine
 10
166.0
 20
156.53333333333333
 30
0.0
 11
166.0
 21
157.93333333333334
 31
0.0
  0
LINE
  5
4B3
330
17
100
AcDbEntity
  8
A-OVER
100
AcDbLine
 10
168.66666666666669
 20
137.33333333333334
 30
0.0
 11
168.66666666666669
 21
138.73333333333335
 31
0.0
  0
LINE
  5
4B4
330
17
100
AcDbEntity
  8
A-OVER
100
AcDbLine
 10
168.66666666666669
 20
139.73333333333335
 30
0.0
 11
168.66666666666669
 21
141.13333333333335
 31
0.0
  0
LINE
  5
4B5
330
17
100
AcDbEntity
  8
A-OVER
100
AcDbLine
 10
168.66666666666669
 20
142.13333333333335
 30
0.0
 11
168.66666666666669
 21
143.53333333333333
 31
0.0
  0
LINE
  5
4B6
330
17
100
AcDbEntity
  8
A-OVER
100
AcDbLine
 10
168.66666666666669
 20
144.53333333333333
 30
0.0
 11
168.66666666666669
 21
145.93333333333334
 31
0.0
  0
LINE
  5
4B7
330
17
100
AcDbEntity
  8
A-OVER
100
AcDbLine
 10
168.66666666666669
 20
146.93333333333334
 30
0.0
 11
168.66666666666669
 21
148.33333333333334
 31
0.0
  0
LINE
  5
4B8
330
17
100
AcDbEntity
  8
A-OVER
100
AcDbLine
 10
168.66666666666669
 20
149.33333333333334
 30
0.0
 11
168.66666666666669
 21
150.73333333333335
 31
0.0
  0
LINE
  5
4B9
330
17
100
AcDbEntity
  8
A-OVER
100
AcDbLine
 10
168.66666666666669
 20
151.73333333333335
 30
0.0
 11
168.66666666666669
 21
153.13333333333335
 31
0.0
  0
LINE
  5
4BA
330
17
100
AcDbEntity
  8
A-OVER
100
AcDbLine
 10
168.66666666666669
 20
154.13333333333335
 30
0.0
 11
168.66666666666669
 21
155.53333333333333
 31
0.0
  0
LINE
  5
4BB
330
17
100
AcDbEntity
  8
A-OVER
100
AcDbLine
 10
168.66666666666669
 20
156.53333333333333
 30
0.0
 11
168.66666666666669
 21
157.93333333333334
 31
0.0
  0
LINE
  5
4BC
330
17
100
AcDbEntity
  8
A-OVER
100
AcDbLine
 10
46.0
 20
137.33333333333334
 30
0.0
 11
47.6
 21
137.33333333333334
 31
0.0
  0
LINE
  5
4BD
330
17
100
AcDbEntity
  8
A-OVER
100
AcDbLine
 10
48.7
 20
137.33333333333334
 30
0.0
 11
50.3
 21
137.33333333333334
 31
0.0
  0
LINE
  5
4BE
330
17
100
AcDbEntity
  8
A-OVER
100
AcDbLine
 10
51.4
 20
137.33333333333334
 30
0.0
 11
53.0
 21
137.33333333333334
 31
0.0
  0
LINE
  5
4BF
330
17
100
AcDbEntity
  8
A-OVER
100
AcDbLine
 10
54.1
 20
137.33333333333334
 30
0.0
 11
55.7
 21
137.33333333333334
 31
0.0
  0
LINE
  5
4C0
330
17
100
AcDbEntity
  8
A-OVER
100
AcDbLine
 10
56.8
 20
137.33333333333334
 30
0.0
 11
58.4
 21
137.33333333333334
 31
0.0
  0
LINE
  5
4C1
330
17
100
AcDbEntity
  8
A-OVER
100
AcDbLine
 10
59.5
 20
137.33333333333334
 30
0.0
 11
61.099999999999994
 21
137.33333333333334
 31
0.0
  0
LINE
  5
4C2
330
17
100
AcDbEntity
  8
A-OVER
100
AcDbLine
 10
62.2
 20
137.33333333333334
 30
0.0
 11
63.8
 21
137.33333333333334
 31
0.0
  0
LINE
  5
4C3
330
17
100
AcDbEntity
  8
A-OVER
100
AcDbLine
 10
64.9
 20
137.33333333333334
 30
0.0
 11
66.5
 21
137.33333333333334
 31
0.0
  0
LINE
  5
4C4
330
17
100
AcDbEntity
  8
A-OVER
100
AcDbLine
 10
67.60000000000001
 20
137.33333333333334
 30
0.0
 11
69.2
 21
137.33333333333334
 31
0.0
  0
LINE
  5
4C5
330
17
100
AcDbEntity
  8
A-OVER
100
AcDbLine
 10
70.30000000000001
 20
137.33333333333334
 30
0.0
 11
71.9
 21
137.33333333333334
 31
0.0
  0
LINE
  5
4C6
330
17
100
AcDbEntity
  8
A-OVER
100
AcDbLine
 10
73.00000000000001
 20
137.33333333333334
 30
0.0
 11
74.60000000000001
 21
137.33333333333334
 31
0.0
  0
LINE
  5
4C7
330
17
100
AcDbEntity
  8
A-OVER
100
AcDbLine
 10
75.70000000000002
 20
137.33333333333334
 30
0.0
 11
77.30000000000001
 21
137.33333333333334
 31
0.0
  0
LINE
  5
4C8
330
17
100
AcDbEntity
  8
A-OVER
100
AcDbLine
 10
78.4
 20
137.33333333333334
 30
0.0
 11
80.00000000000001
 21
137.33333333333334
 31
0.0
  0
LINE
  5
4C9
330
17
100
AcDbEntity
  8
A-OVER
100
AcDbLine
 10
81.10000000000002
 20
137.33333333333334
 30
0.0
 11
82.70000000000002
 21
137.33333333333334
 31
0.0
  0
LINE
  5
4CA
330
17
100
AcDbEntity
  8
A-OVER
100
AcDbLine
 10
83.80000000000001
 20
137.33333333333334
 30
0.0
 11
85.40000000000002
 21
137.33333333333334
 31
0.0
  0
LINE
  5
4CB
330
17
100
AcDbEntity
  8
A-OVER
100
AcDbLine
 10
86.50000000000003
 20
137.33333333333334
 30
0.0
 11
88.10000000000002
 21
137.33333333333334
 31
0.0
  0
LINE
  5
4CC
330
17
100
AcDbEntity
  8
A-OVER
100
AcDbLine
 10
89.20000000000002
 20
137.33333333333334
 30
0.0
 11
90.80000000000003
 21
137.33333333333334
 31
0.0
  0
LINE
  5
4CD
330
17
100
AcDbEntity
  8
A-OVER
100
AcDbLine
 10
91.90000000000003
 20
137.33333333333334
 30
0.0
 11
93.50000000000003
 21
137.33333333333334
 31
0.0
  0
LINE
  5
4CE
330
17
100
AcDbEntity
  8
A-OVER
100
AcDbLine
 10
94.60000000000002
 20
137.33333333333334
 30
0.0
 11
96.20000000000003
 21
137.33333333333334
 31
0.0
  0
LINE
  5
4CF
330
17
100
AcDbEntity
  8
A-OVER
100
AcDbLine
 10
97.30000000000004
 20
137.33333333333334
 30
0.0
 11
98.90000000000003
 21
137.33333333333334
 31
0.0
  0
LINE
  5
4D0
330
17
100
AcDbEntity
  8
A-OVER
100
AcDbLine
 10
100.00000000000003
 20
137.33333333333334
 30
0.0
 11
101.60000000000004
 21
137.33333333333334
 31
0.0
  0
LINE
  5
4D1
330
17
100
AcDbEntity
  8
A-OVER
100
AcDbLine
 10
102.70000000000005
 20
137.33333333333334
 30
0.0
 11
104.30000000000004
 21
137.33333333333334
 31
0.0
  0
LINE
  5
4D2
330
17
100
AcDbEntity
  8
A-OVER
100
AcDbLine
 10
105.40000000000003
 20
137.33333333333334
 30
0.0
 11
107.00000000000004
 21
137.33333333333334
 31
0.0
  0
LINE
  5
4D3
330
17
100
AcDbEntity
  8
A-OVER
100
AcDbLine
 10
108.10000000000005
 20
137.33333333333334
 30
0.0
 11
109.70000000000005
 21
137.33333333333334
 31
0.0
  0
LINE
  5
4D4
330
17
100
AcDbEntity
  8
A-OVER
100
AcDbLine
 10
110.80000000000004
 20
137.33333333333334
 30
0.0
 11
112.40000000000003
 21
137.33333333333334
 31
0.0
  0
LINE
  5
4D5
330
17
100
AcDbEntity
  8
A-OVER
100
AcDbLine
 10
113.50000000000003
 20
137.33333333333334
 30
0.0
 11
115.10000000000002
 21
137.33333333333334
 31
0.0
  0
LINE
  5
4D6
330
17
100
AcDbEntity
  8
A-OVER
100
AcDbLine
 10
116.20000000000002
 20
137.33333333333334
 30
0.0
 11
117.80000000000001
 21
137.33333333333334
 31
0.0
  0
LINE
  5
4D7
330
17
100
AcDbEntity
  8
A-OVER
100
AcDbLine
 10
118.9
 20
137.33333333333334
 30
0.0
 11
120.5
 21
137.33333333333334
 31
0.0
  0
LINE
  5
4D8
330
17
100
AcDbEntity
  8
A-OVER
100
AcDbLine
 10
121.6
 20
137.33333333333334
 30
0.0
 11
123.19999999999999
 21
137.33333333333334
 31
0.0
  0
LINE
  5
4D9
330
17
100
AcDbEntity
  8
A-OVER
100
AcDbLine
 10
124.29999999999998
 20
137.33333333333334
 30
0.0
 11
125.89999999999998
 21
137.33333333333334
 31
0.0
  0
LINE
  5
4DA
330
17
100
AcDbEntity
  8
A-OVER
100
AcDbLine
 10
126.99999999999997
 20
137.33333333333334
 30
0.0
 11
128.59999999999997
 21
137.33333333333334
 31
0.0
  0
LINE
  5
4DB
330
17
100
AcDbEntity
  8
A-OVER
100
AcDbLine
 10
129.69999999999996
 20
137.33333333333334
 30
0.0
 11
131.29999999999995
 21
137.33333333333334
 31
0.0
  0
LINE
  5
4DC
330
17
100
AcDbEntity
  8
A-OVER
100
AcDbLine
 10
132.39999999999995
 20
137.33333333333334
 30
0.0
 11
133.99999999999994
 21
137.33333333333334
 31
0.0
  0
LINE
  5
4DD
330
17
100
AcDbEntity
  8
A-OVER
100
AcDbLine
 10
135.09999999999994
 20
137.33333333333334
 30
0.0
 11
136.69999999999993
 21
137.33333333333334
 31
0.0
  0
LINE
  5
4DE
330
17
100
AcDbEntity
  8
A-OVER
100
AcDbLine
 10
137.79999999999993
 20
137.33333333333334
 30
0.0
 11
139.39999999999992
 21
137.33333333333334
 31
0.0
  0
LINE
  5
4DF
330
17
100
AcDbEntity
  8
A-OVER
100
AcDbLine
 10
140.49999999999991
 20
137.33333333333334
 30
0.0
 11
142.0999999999999
 21
137.33333333333334
 31
0.0
  0
LINE
  5
4E0
330
17
100
AcDbEntity
  8
A-OVER
100
AcDbLine
 10
143.1999999999999
 20
137.33333333333334
 30
0.0
 11
144.7999999999999
 21
137.33333333333334
 31
0.0
  0
LINE
  5
4E1
330
17
100
AcDbEntity
  8
A-OVER
100
AcDbLine
 10
145.8999999999999
 20
137.33333333333334
 30
0.0
 11
147.4999999999999
 21
137.33333333333334
 31
0.0
  0
LINE
  5
4E2
330
17
100
AcDbEntity
  8
A-OVER
100
AcDbLine
 10
148.59999999999988
 20
137.33333333333334
 30
0.0
 11
150.19999999999987
 21
137.33333333333334
 31
0.0
  0
LINE
  5
4E3
330
17
100
AcDbEntity
  8
A-OVER
100
AcDbLine
 10
151.29999999999987
 20
137.33333333333334
 30
0.0
 11
152.89999999999986
 21
137.33333333333334
 31
0.0
  0
LINE
  5
4E4
330
17
100
AcDbEntity
  8
A-OVER
100
AcDbLine
 10
153.99999999999986
 20
137.33333333333334
 30
0.0
 11
155.59999999999985
 21
137.33333333333334
 31
0.0
  0
LINE
  5
4E5
330
17
100
AcDbEntity
  8
A-OVER
100
AcDbLine
 10
156.69999999999985
 20
137.33333333333334
 30
0.0
 11
158.29999999999984
 21
137.33333333333334
 31
0.0
  0
LINE
  5
4E6
330
17
100
AcDbEntity
  8
A-OVER
100
AcDbLine
 10
159.39999999999984
 20
137.33333333333334
 30
0.0
 11
160.99999999999983
 21
137.33333333333334
 31
0.0
  0
LINE
  5
4E7
330
17
100
AcDbEntity
  8
A-OVER
100
AcDbLine
 10
162.09999999999982
 20
137.33333333333334
 30
0.0
 11
163.69999999999982
 21
137.33333333333334
 31
0.0
  0
LINE
  5
4E8
330
17
100
AcDbEntity
  8
A-OVER
100
AcDbLine
 10
164.7999999999998
 20
137.33333333333334
 30
0.0
 11
166.3999999999998
 21
137.33333333333334
 31
0.0
  0
LINE
  5
4E9
330
17
100
AcDbEntity
  8
A-OVER
100
AcDbLine
 10
167.4999999999998
 20
137.33333333333334
 30
0.0
 11
169.0999999999998
 21
137.33333333333334
 31
0.0
  0
LINE
  5
4EA
330
17
100
AcDbEntity
  8
A-OVER
100
AcDbLine
 10
170.1999999999998
 20
137.33333333333334
 30
0.0
 11
171.79999999999978
 21
137.33333333333334
 31
0.0
  0
LINE
  5
4EB
330
17
100
AcDbEntity
  8
A-OVER
100
AcDbLine
 10
172.89999999999978
 20
137.33333333333334
 30
0.0
 11
174.49999999999977
 21
137.33333333333334
 31
0.0
  0
LINE
  5
4EC
330
17
100
AcDbEntity
  8
A-OVER
100
AcDbLine
 10
175.59999999999977
 20
137.33333333333334
 30
0.0
 11
177.19999999999976
 21
137.33333333333334
 31
0.0
  0
LINE
  5
4ED
330
17
100
AcDbEntity
  8
A-OVER
100
AcDbLine
 10
178.29999999999976
 20
137.33333333333334
 30
0.0
 11
179.89999999999975
 21
137.33333333333334
 31
0.0
  0
LINE
  5
4EE
330
17
100
AcDbEntity
  8
A-OVER
100
AcDbLine
 10
180.99999999999974
 20
137.33333333333334
 30
0.0
 11
182.59999999999974
 21
137.33333333333334
 31
0.0
  0
LINE
  5
4EF
330
17
100
AcDbEntity
  8
A-OVER
100
AcDbLine
 10
183.69999999999973
 20
137.33333333333334
 30
0.0
 11
185.29999999999973
 21
137.33333333333334
 31
0.0
  0
LINE
  5
4F0
330
17
100
AcDbEntity
  8
A-OVER
100
AcDbLine
 10
186.39999999999972
 20
137.33333333333334
 30
0.0
 11
187.99999999999972
 21
137.33333333333334
 31
0.0
  0
LINE
  5
4F1
330
17
100
AcDbEntity
  8
A-OVER
100
AcDbLine
 10
189.0999999999997
 20
137.33333333333334
 30
0.0
 11
190.6999999999997
 21
137.33333333333334
 31
0.0
  0
LINE
  5
4F2
330
17
100
AcDbEntity
  8
A-OVER
100
AcDbLine
 10
191.7999999999997
 20
137.33333333333334
 30
0.0
 11
192.66666666666666
 21
137.33333333333334
 31
0.0
  0
TEXT
  5
4F3
330
17
100
AcDbEntity
  8
S-TEXT
100
AcDbText
 10
92.66666666666666
 20
149.33333333333334
 30
0.0
 40
1.75
  1
BURIED BOX  22000 x 6200 EXTERNAL,  EIGHT BAYS
  7
OpenSans
 72
1
 11
92.66666666666666
 21
149.33333333333334
 31
0.0
100
AcDbText
 73
2
  0
TEXT
  5
4F4
330
17
100
AcDbEntity
  8
S-TEXT
100
AcDbText
 10
79.33333333333334
 20
161.46666666666667
 30
0.0
 40
1.75
  1
900 PRESSURE SLAB
  7
OpenSans
 72
1
 11
79.33333333333334
 21
161.46666666666667
 31
0.0
100
AcDbText
 73
2
  0
TEXT
  5
4F5
330
17
100
AcDbEntity
  8
S-TEXT
100
AcDbText
 10
119.33333333333333
 20
135.2
 30
0.0
 40
1.75
  1
600 MAT ON 100 PCC
  7
OpenSans
 72
1
 11
119.33333333333333
 21
135.2
 31
0.0
100
AcDbText
 73
2
  0
TEXT
  5
4F6
330
17
100
AcDbEntity
  8
S-TEXT
100
AcDbText
 10
146.0
 20
142.66666666666666
 30
0.0
 40
1.75
  1
W6
 50
90.0
  7
OpenSans
 72
1
 11
146.0
 21
142.66666666666666
 31
0.0
100
AcDbText
 73
2
  0
TEXT
  5
4F7
330
17
100
AcDbEntity
  8
S-TEXT
100
AcDbText
 10
167.33333333333331
 20
142.66666666666666
 30
0.0
 40
1.75
  1
W7
 50
90.0
  7
OpenSans
 72
1
 11
167.33333333333331
 21
142.66666666666666
 31
0.0
100
AcDbText
 73
2
  0
LINE
  5
4F8
330
17
100
AcDbEntity
  8
A-OVER
100
AcDbLine
 10
136.66666666666669
 20
164.66666666666666
 30
0.0
 11
138.26666666666668
 21
164.66666666666666
 31
0.0
  0
LINE
  5
4F9
330
17
100
AcDbEntity
  8
A-OVER
100
AcDbLine
 10
139.36666666666667
 20
164.66666666666666
 30
0.0
 11
140.9666666666667
 21
164.66666666666666
 31
0.0
  0
LINE
  5
4FA
330
17
100
AcDbEntity
  8
A-OVER
100
AcDbLine
 10
142.0666666666667
 20
164.66666666666666
 30
0.0
 11
143.66666666666669
 21
164.66666666666666
 31
0.0
  0
LINE
  5
4FB
330
17
100
AcDbEntity
  8
A-OVER
100
AcDbLine
 10
144.76666666666668
 20
164.66666666666666
 30
0.0
 11
146.36666666666667
 21
164.66666666666666
 31
0.0
  0
LINE
  5
4FC
330
17
100
AcDbEntity
  8
A-OVER
100
AcDbLine
 10
147.4666666666667
 20
164.66666666666666
 30
0.0
 11
149.0666666666667
 21
164.66666666666666
 31
0.0
  0
LINE
  5
4FD
330
17
100
AcDbEntity
  8
A-OVER
100
AcDbLine
 10
150.16666666666669
 20
164.66666666666666
 30
0.0
 11
151.76666666666668
 21
164.66666666666666
 31
0.0
  0
LINE
  5
4FE
330
17
100
AcDbEntity
  8
A-OVER
100
AcDbLine
 10
152.86666666666667
 20
164.66666666666666
 30
0.0
 11
154.4666666666667
 21
164.66666666666666
 31
0.0
  0
LINE
  5
4FF
330
17
100
AcDbEntity
  8
A-OVER
100
AcDbLine
 10
155.5666666666667
 20
164.66666666666666
 30
0.0
 11
157.16666666666669
 21
164.66666666666666
 31
0.0
  0
LINE
  5
500
330
17
100
AcDbEntity
  8
A-OVER
100
AcDbLine
 10
158.26666666666668
 20
164.66666666666666
 30
0.0
 11
159.8666666666667
 21
164.66666666666666
 31
0.0
  0
LINE
  5
501
330
17
100
AcDbEntity
  8
A-OVER
100
AcDbLine
 10
160.9666666666667
 20
164.66666666666666
 30
0.0
 11
162.5666666666667
 21
164.66666666666666
 31
0.0
  0
LINE
  5
502
330
17
100
AcDbEntity
  8
A-OVER
100
AcDbLine
 10
163.66666666666669
 20
164.66666666666666
 30
0.0
 11
165.2666666666667
 21
164.66666666666666
 31
0.0
  0
LINE
  5
503
330
17
100
AcDbEntity
  8
A-OVER
100
AcDbLine
 10
166.3666666666667
 20
164.66666666666666
 30
0.0
 11
167.9666666666667
 21
164.66666666666666
 31
0.0
  0
LINE
  5
504
330
17
100
AcDbEntity
  8
A-OVER
100
AcDbLine
 10
136.66666666666669
 20
184.0
 30
0.0
 11
138.26666666666668
 21
184.0
 31
0.0
  0
LINE
  5
505
330
17
100
AcDbEntity
  8
A-OVER
100
AcDbLine
 10
139.36666666666667
 20
184.0
 30
0.0
 11
140.9666666666667
 21
184.0
 31
0.0
  0
LINE
  5
506
330
17
100
AcDbEntity
  8
A-OVER
100
AcDbLine
 10
142.0666666666667
 20
184.0
 30
0.0
 11
143.66666666666669
 21
184.0
 31
0.0
  0
LINE
  5
507
330
17
100
AcDbEntity
  8
A-OVER
100
AcDbLine
 10
144.76666666666668
 20
184.0
 30
0.0
 11
146.36666666666667
 21
184.0
 31
0.0
  0
LINE
  5
508
330
17
100
AcDbEntity
  8
A-OVER
100
AcDbLine
 10
147.4666666666667
 20
184.0
 30
0.0
 11
149.0666666666667
 21
184.0
 31
0.0
  0
LINE
  5
509
330
17
100
AcDbEntity
  8
A-OVER
100
AcDbLine
 10
150.16666666666669
 20
184.0
 30
0.0
 11
151.76666666666668
 21
184.0
 31
0.0
  0
LINE
  5
50A
330
17
100
AcDbEntity
  8
A-OVER
100
AcDbLine
 10
152.86666666666667
 20
184.0
 30
0.0
 11
154.4666666666667
 21
184.0
 31
0.0
  0
LINE
  5
50B
330
17
100
AcDbEntity
  8
A-OVER
100
AcDbLine
 10
155.5666666666667
 20
184.0
 30
0.0
 11
157.16666666666669
 21
184.0
 31
0.0
  0
LINE
  5
50C
330
17
100
AcDbEntity
  8
A-OVER
100
AcDbLine
 10
158.26666666666668
 20
184.0
 30
0.0
 11
159.8666666666667
 21
184.0
 31
0.0
  0
LINE
  5
50D
330
17
100
AcDbEntity
  8
A-OVER
100
AcDbLine
 10
160.9666666666667
 20
184.0
 30
0.0
 11
162.5666666666667
 21
184.0
 31
0.0
  0
LINE
  5
50E
330
17
100
AcDbEntity
  8
A-OVER
100
AcDbLine
 10
163.66666666666669
 20
184.0
 30
0.0
 11
165.2666666666667
 21
184.0
 31
0.0
  0
LINE
  5
50F
330
17
100
AcDbEntity
  8
A-OVER
100
AcDbLine
 10
166.3666666666667
 20
184.0
 30
0.0
 11
167.9666666666667
 21
184.0
 31
0.0
  0
LINE
  5
510
330
17
100
AcDbEntity
  8
A-OVER
100
AcDbLine
 10
136.66666666666669
 20
164.66666666666666
 30
0.0
 11
136.66666666666669
 21
166.26666666666665
 31
0.0
  0
LINE
  5
511
330
17
100
AcDbEntity
  8
A-OVER
100
AcDbLine
 10
136.66666666666669
 20
167.36666666666665
 30
0.0
 11
136.66666666666669
 21
168.96666666666667
 31
0.0
  0
LINE
  5
512
330
17
100
AcDbEntity
  8
A-OVER
100
AcDbLine
 10
136.66666666666669
 20
170.06666666666666
 30
0.0
 11
136.66666666666669
 21
171.66666666666666
 31
0.0
  0
LINE
  5
513
330
17
100
AcDbEntity
  8
A-OVER
100
AcDbLine
 10
136.66666666666669
 20
172.76666666666665
 30
0.0
 11
136.66666666666669
 21
174.36666666666665
 31
0.0
  0
LINE
  5
514
330
17
100
AcDbEntity
  8
A-OVER
100
AcDbLine
 10
136.66666666666669
 20
175.46666666666667
 30
0.0
 11
136.66666666666669
 21
177.06666666666666
 31
0.0
  0
LINE
  5
515
330
17
100
AcDbEntity
  8
A-OVER
100
AcDbLine
 10
136.66666666666669
 20
178.16666666666666
 30
0.0
 11
136.66666666666669
 21
179.76666666666665
 31
0.0
  0
LINE
  5
516
330
17
100
AcDbEntity
  8
A-OVER
100
AcDbLine
 10
136.66666666666669
 20
180.86666666666665
 30
0.0
 11
136.66666666666669
 21
182.46666666666667
 31
0.0
  0
LINE
  5
517
330
17
100
AcDbEntity
  8
A-OVER
100
AcDbLine
 10
136.66666666666669
 20
183.56666666666666
 30
0.0
 11
136.66666666666669
 21
184.0
 31
0.0
  0
LINE
  5
518
330
17
100
AcDbEntity
  8
A-OVER
100
AcDbLine
 10
168.66666666666669
 20
164.66666666666666
 30
0.0
 11
168.66666666666669
 21
166.26666666666665
 31
0.0
  0
LINE
  5
519
330
17
100
AcDbEntity
  8
A-OVER
100
AcDbLine
 10
168.66666666666669
 20
167.36666666666665
 30
0.0
 11
168.66666666666669
 21
168.96666666666667
 31
0.0
  0
LINE
  5
51A
330
17
100
AcDbEntity
  8
A-OVER
100
AcDbLine
 10
168.66666666666669
 20
170.06666666666666
 30
0.0
 11
168.66666666666669
 21
171.66666666666666
 31
0.0
  0
LINE
  5
51B
330
17
100
AcDbEntity
  8
A-OVER
100
AcDbLine
 10
168.66666666666669
 20
172.76666666666665
 30
0.0
 11
168.66666666666669
 21
174.36666666666665
 31
0.0
  0
LINE
  5
51C
330
17
100
AcDbEntity
  8
A-OVER
100
AcDbLine
 10
168.66666666666669
 20
175.46666666666667
 30
0.0
 11
168.66666666666669
 21
177.06666666666666
 31
0.0
  0
LINE
  5
51D
330
17
100
AcDbEntity
  8
A-OVER
100
AcDbLine
 10
168.66666666666669
 20
178.16666666666666
 30
0.0
 11
168.66666666666669
 21
179.76666666666665
 31
0.0
  0
LINE
  5
51E
330
17
100
AcDbEntity
  8
A-OVER
100
AcDbLine
 10
168.66666666666669
 20
180.86666666666665
 30
0.0
 11
168.66666666666669
 21
182.46666666666667
 31
0.0
  0
LINE
  5
51F
330
17
100
AcDbEntity
  8
A-OVER
100
AcDbLine
 10
168.66666666666669
 20
183.56666666666666
 30
0.0
 11
168.66666666666669
 21
184.0
 31
0.0
  0
LINE
  5
520
330
17
100
AcDbEntity
  8
A-OVER
100
AcDbLine
 10
136.66666666666669
 20
180.66666666666666
 30
0.0
 11
138.26666666666668
 21
180.66666666666666
 31
0.0
  0
LINE
  5
521
330
17
100
AcDbEntity
  8
A-OVER
100
AcDbLine
 10
139.36666666666667
 20
180.66666666666666
 30
0.0
 11
140.9666666666667
 21
180.66666666666666
 31
0.0
  0
LINE
  5
522
330
17
100
AcDbEntity
  8
A-OVER
100
AcDbLine
 10
142.0666666666667
 20
180.66666666666666
 30
0.0
 11
143.66666666666669
 21
180.66666666666666
 31
0.0
  0
LINE
  5
523
330
17
100
AcDbEntity
  8
A-OVER
100
AcDbLine
 10
144.76666666666668
 20
180.66666666666666
 30
0.0
 11
146.36666666666667
 21
180.66666666666666
 31
0.0
  0
LINE
  5
524
330
17
100
AcDbEntity
  8
A-OVER
100
AcDbLine
 10
147.4666666666667
 20
180.66666666666666
 30
0.0
 11
149.0666666666667
 21
180.66666666666666
 31
0.0
  0
LINE
  5
525
330
17
100
AcDbEntity
  8
A-OVER
100
AcDbLine
 10
150.16666666666669
 20
180.66666666666666
 30
0.0
 11
151.76666666666668
 21
180.66666666666666
 31
0.0
  0
LINE
  5
526
330
17
100
AcDbEntity
  8
A-OVER
100
AcDbLine
 10
152.86666666666667
 20
180.66666666666666
 30
0.0
 11
154.4666666666667
 21
180.66666666666666
 31
0.0
  0
LINE
  5
527
330
17
100
AcDbEntity
  8
A-OVER
100
AcDbLine
 10
155.5666666666667
 20
180.66666666666666
 30
0.0
 11
157.16666666666669
 21
180.66666666666666
 31
0.0
  0
LINE
  5
528
330
17
100
AcDbEntity
  8
A-OVER
100
AcDbLine
 10
158.26666666666668
 20
180.66666666666666
 30
0.0
 11
159.8666666666667
 21
180.66666666666666
 31
0.0
  0
LINE
  5
529
330
17
100
AcDbEntity
  8
A-OVER
100
AcDbLine
 10
160.9666666666667
 20
180.66666666666666
 30
0.0
 11
162.5666666666667
 21
180.66666666666666
 31
0.0
  0
LINE
  5
52A
330
17
100
AcDbEntity
  8
A-OVER
100
AcDbLine
 10
163.66666666666669
 20
180.66666666666666
 30
0.0
 11
165.2666666666667
 21
180.66666666666666
 31
0.0
  0
LINE
  5
52B
330
17
100
AcDbEntity
  8
A-OVER
100
AcDbLine
 10
166.3666666666667
 20
180.66666666666666
 30
0.0
 11
167.9666666666667
 21
180.66666666666666
 31
0.0
  0
TEXT
  5
52C
330
17
100
AcDbEntity
  8
S-TEXT
100
AcDbText
 10
152.66666666666669
 20
169.0
 30
0.0
 40
1.75
  1
HEADHOUSE BEYOND  -  ROOF +0.900, NO EARTH COVER
  7
OpenSans
 72
1
 11
152.66666666666669
 21
169.0
 31
0.0
100
AcDbText
 73
2
  0
LWPOLYLINE
  5
52D
330
17
100
AcDbEntity
  8
A-WALL
100
AcDbPolyline
 90
4
 70
0
 10
107.66666666666666
 20
178.0
 10
107.66666666666666
 20
194.33333333333334
 10
119.33333333333333
 20
194.33333333333334
 10
138.27777777777777
 20
184.0
  0
LWPOLYLINE
  5
52E
330
17
100
AcDbEntity
  8
A-WALL
100
AcDbPolyline
 90
3
 70
0
 10
109.33333333333334
 20
192.66666666666666
 10
119.33333333333333
 20
192.66666666666666
 10
138.27777777777777
 20
182.33333333333331
  0
LINE
  5
52F
330
17
100
AcDbEntity
  8
A-OVER
100
AcDbLine
 10
138.27777777777777
 20
182.33333333333331
 30
0.0
 11
139.6824106944408
 21
181.5671699242444
 31
0.0
  0
LINE
  5
530
330
17
100
AcDbEntity
  8
A-OVER
100
AcDbLine
 10
140.64809582464662
 20
181.04043258049578
 30
0.0
 11
141.33333333333331
 21
180.66666666666666
 31
0.0
  0
LINE
  5
531
330
17
100
AcDbEntity
  8
A-OVER
100
AcDbLine
 10
141.33333333333331
 20
180.66666666666666
 30
0.0
 11
142.9333333333333
 21
180.66666666666666
 31
0.0
  0
LINE
  5
532
330
17
100
AcDbEntity
  8
A-OVER
100
AcDbLine
 10
144.0333333333333
 20
180.66666666666666
 30
0.0
 11
145.63333333333333
 21
180.66666666666666
 31
0.0
  0
LINE
  5
533
330
17
100
AcDbEntity
  8
A-OVER
100
AcDbLine
 10
146.73333333333332
 20
180.66666666666666
 30
0.0
 11
148.33333333333331
 21
180.66666666666666
 31
0.0
  0
LINE
  5
534
330
17
100
AcDbEntity
  8
A-OVER
100
AcDbLine
 10
149.4333333333333
 20
180.66666666666666
 30
0.0
 11
151.0333333333333
 21
180.66666666666666
 31
0.0
  0
LINE
  5
535
330
17
100
AcDbEntity
  8
A-OVER
100
AcDbLine
 10
138.27777777777777
 20
184.0
 30
0.0
 11
139.6824106944408
 21
183.2338365909111
 31
0.0
  0
LINE
  5
536
330
17
100
AcDbEntity
  8
A-OVER
100
AcDbLine
 10
140.64809582464662
 20
182.70709924716246
 30
0.0
 11
141.33333333333331
 21
182.33333333333334
 31
0.0
  0
LINE
  5
537
330
17
100
AcDbEntity
  8
A-OVER
100
AcDbLine
 10
141.33333333333331
 20
182.33333333333334
 30
0.0
 11
142.9333333333333
 21
182.33333333333334
 31
0.0
  0
LINE
  5
538
330
17
100
AcDbEntity
  8
A-OVER
100
AcDbLine
 10
144.0333333333333
 20
182.33333333333334
 30
0.0
 11
145.63333333333333
 21
182.33333333333334
 31
0.0
  0
LINE
  5
539
330
17
100
AcDbEntity
  8
A-OVER
100
AcDbLine
 10
146.73333333333332
 20
182.33333333333334
 30
0.0
 11
148.33333333333331
 21
182.33333333333334
 31
0.0
  0
LINE
  5
53A
330
17
100
AcDbEntity
  8
A-OVER
100
AcDbLine
 10
149.4333333333333
 20
182.33333333333334
 30
0.0
 11
151.0333333333333
 21
182.33333333333334
 31
0.0
  0
LINE
  5
53B
330
17
100
AcDbEntity
  8
A-WALL
100
AcDbLine
 10
107.66666666666666
 20
178.0
 30
0.0
 11
109.33333333333334
 21
178.0
 31
0.0
  0
TEXT
  5
53C
330
17
100
AcDbEntity
  8
S-TEXT
100
AcDbText
 10
138.0
 20
206.66666666666666
 30
0.0
 40
1.75
  1
COVERED ENTRY STAIRWELL  -  250 RC ROOF,
  7
OpenSans
 72
1
 11
138.0
 21
206.66666666666666
 31
0.0
100
AcDbText
 73
2
  0
TEXT
  5
53D
330
17
100
AcDbEntity
  8
S-TEXT
100
AcDbText
 10
138.0
 20
203.66666666666666
 30
0.0
 40
1.75
  1
SOFFIT FOLLOWS THE FLIGHT AT 2200 CLEAR
  7
OpenSans
 72
1
 11
138.0
 21
203.66666666666666
 31
0.0
100
AcDbText
 73
2
  0
TEXT
  5
53E
330
17
100
AcDbEntity
  8
S-TEXT
100
AcDbText
 10
138.0
 20
200.66666666666666
 30
0.0
 40
1.75
  1
HEADWALL AND ROOF STAND PROUD OF THE BERM
  7
OpenSans
 72
1
 11
138.0
 21
200.66666666666666
 31
0.0
100
AcDbText
 73
2
  0
LWPOLYLINE
  5
53F
330
17
100
AcDbEntity
  8
A-OPEN
100
AcDbPolyline
 90
4
 70
1
 10
53.333333333333336
 20
178.0
 10
66.0
 20
178.0
 10
66.0
 20
179.0
 10
53.333333333333336
 20
179.0
  0
LINE
  5
540
330
17
100
AcDbEntity
  8
A-OPEN
100
AcDbLine
 10
55.0
 20
178.0
 30
0.0
 11
55.0
 21
179.0
 31
0.0
  0
LINE
  5
541
330
17
100
AcDbEntity
  8
A-OPEN
100
AcDbLine
 10
64.33333333333333
 20
178.0
 30
0.0
 11
64.33333333333333
 21
179.0
 31
0.0
  0
LWPOLYLINE
  5
542
330
17
100
AcDbEntity
  8
A-OPEN
100
AcDbPolyline
 90
4
 70
1
 10
172.33333333333331
 20
178.0
 10
185.0
 20
178.0
 10
185.0
 20
182.66666666666666
 10
172.33333333333331
 20
182.66666666666666
  0
LINE
  5
543
330
17
100
AcDbEntity
  8
A-OPEN
100
AcDbLine
 10
174.0
 20
178.0
 30
0.0
 11
174.0
 21
179.2
 31
0.0
  0
LINE
  5
544
330
17
100
AcDbEntity
  8
A-OPEN
100
AcDbLine
 10
174.0
 20
180.1
 30
0.0
 11
174.0
 21
181.3
 31
0.0
  0
LINE
  5
545
330
17
100
AcDbEntity
  8
A-OPEN
100
AcDbLine
 10
174.0
 20
182.2
 30
0.0
 11
174.0
 21
182.66666666666666
 31
0.0
  0
LINE
  5
546
330
17
100
AcDbEntity
  8
A-OPEN
100
AcDbLine
 10
183.33333333333334
 20
178.0
 30
0.0
 11
183.33333333333334
 21
179.2
 31
0.0
  0
LINE
  5
547
330
17
100
AcDbEntity
  8
A-OPEN
100
AcDbLine
 10
183.33333333333334
 20
180.1
 30
0.0
 11
183.33333333333334
 21
181.3
 31
0.0
  0
LINE
  5
548
330
17
100
AcDbEntity
  8
A-OPEN
100
AcDbLine
 10
183.33333333333334
 20
182.2
 30
0.0
 11
183.33333333333334
 21
182.66666666666666
 31
0.0
  0
TEXT
  5
549
330
17
100
AcDbEntity
  8
S-TEXT
100
AcDbText
 10
59.666666666666664
 20
183.0
 30
0.0
 40
1.75
  1
ESC 1  HEAD +0.150
  7
OpenSans
 72
1
 11
59.666666666666664
 21
183.0
 31
0.0
100
AcDbText
 73
2
  0
TEXT
  5
54A
330
17
100
AcDbEntity
  8
S-TEXT
100
AcDbText
 10
178.66666666666666
 20
192.0
 30
0.0
 40
1.75
  1
ESC 2  HEAD +0.700
  7
OpenSans
 72
1
 11
178.66666666666666
 21
192.0
 31
0.0
100
AcDbText
 73
2
  0
LINE
  5
54B
330
17
100
AcDbEntity
  8
S-CENTER
100
AcDbLine
 10
199.5
 20
129.33333333333334
 30
0.0
 11
199.5
 21
131.53333333333333
 31
0.0
  0
LINE
  5
54C
330
17
100
AcDbEntity
  8
S-CENTER
100
AcDbLine
 10
199.5
 20
133.03333333333333
 30
0.0
 11
199.5
 21
135.23333333333335
 31
0.0
  0
LINE
  5
54D
330
17
100
AcDbEntity
  8
S-CENTER
100
AcDbLine
 10
199.5
 20
136.73333333333335
 30
0.0
 11
199.5
 21
138.93333333333334
 31
0.0
  0
LINE
  5
54E
330
17
100
AcDbEntity
  8
S-CENTER
100
AcDbLine
 10
199.5
 20
140.43333333333334
 30
0.0
 11
199.5
 21
142.63333333333335
 31
0.0
  0
LINE
  5
54F
330
17
100
AcDbEntity
  8
S-CENTER
100
AcDbLine
 10
199.5
 20
144.13333333333335
 30
0.0
 11
199.5
 21
146.33333333333334
 31
0.0
  0
LINE
  5
550
330
17
100
AcDbEntity
  8
S-CENTER
100
AcDbLine
 10
199.5
 20
147.83333333333334
 30
0.0
 11
199.5
 21
150.03333333333333
 31
0.0
  0
LINE
  5
551
330
17
100
AcDbEntity
  8
S-CENTER
100
AcDbLine
 10
199.5
 20
151.53333333333333
 30
0.0
 11
199.5
 21
153.73333333333335
 31
0.0
  0
LINE
  5
552
330
17
100
AcDbEntity
  8
S-CENTER
100
AcDbLine
 10
199.5
 20
155.23333333333335
 30
0.0
 11
199.5
 21
157.43333333333334
 31
0.0
  0
LINE
  5
553
330
17
100
AcDbEntity
  8
S-CENTER
100
AcDbLine
 10
199.5
 20
158.93333333333334
 30
0.0
 11
199.5
 21
161.13333333333333
 31
0.0
  0
LINE
  5
554
330
17
100
AcDbEntity
  8
S-CENTER
100
AcDbLine
 10
199.5
 20
162.63333333333333
 30
0.0
 11
199.5
 21
164.83333333333334
 31
0.0
  0
LINE
  5
555
330
17
100
AcDbEntity
  8
S-CENTER
100
AcDbLine
 10
199.5
 20
166.33333333333334
 30
0.0
 11
199.5
 21
168.53333333333336
 31
0.0
  0
LINE
  5
556
330
17
100
AcDbEntity
  8
S-CENTER
100
AcDbLine
 10
199.5
 20
170.03333333333336
 30
0.0
 11
199.5
 21
172.23333333333335
 31
0.0
  0
LINE
  5
557
330
17
100
AcDbEntity
  8
S-CENTER
100
AcDbLine
 10
199.5
 20
173.73333333333335
 30
0.0
 11
199.5
 21
175.93333333333334
 31
0.0
  0
LINE
  5
558
330
17
100
AcDbEntity
  8
S-CENTER
100
AcDbLine
 10
199.5
 20
177.43333333333334
 30
0.0
 11
199.5
 21
179.63333333333335
 31
0.0
  0
LINE
  5
559
330
17
100
AcDbEntity
  8
S-CENTER
100
AcDbLine
 10
199.5
 20
181.13333333333335
 30
0.0
 11
199.5
 21
183.33333333333337
 31
0.0
  0
LINE
  5
55A
330
17
100
AcDbEntity
  8
S-CENTER
100
AcDbLine
 10
199.5
 20
184.83333333333337
 30
0.0
 11
199.5
 21
187.03333333333336
 31
0.0
  0
LINE
  5
55B
330
17
100
AcDbEntity
  8
S-CENTER
100
AcDbLine
 10
199.5
 20
188.53333333333336
 30
0.0
 11
199.5
 21
190.73333333333335
 31
0.0
  0
LINE
  5
55C
330
17
100
AcDbEntity
  8
S-CENTER
100
AcDbLine
 10
199.5
 20
192.23333333333335
 30
0.0
 11
199.5
 21
194.43333333333337
 31
0.0
  0
LINE
  5
55D
330
17
100
AcDbEntity
  8
S-CENTER
100
AcDbLine
 10
199.5
 20
195.93333333333337
 30
0.0
 11
199.5
 21
198.13333333333338
 31
0.0
  0
LINE
  5
55E
330
17
100
AcDbEntity
  8
S-CENTER
100
AcDbLine
 10
199.5
 20
199.63333333333338
 30
0.0
 11
199.5
 21
201.83333333333337
 31
0.0
  0
LINE
  5
55F
330
17
100
AcDbEntity
  8
S-CENTER
100
AcDbLine
 10
199.5
 20
203.33333333333337
 30
0.0
 11
199.5
 21
205.53333333333336
 31
0.0
  0
LINE
  5
560
330
17
100
AcDbEntity
  8
S-CENTER
100
AcDbLine
 10
199.5
 20
207.03333333333336
 30
0.0
 11
199.5
 21
209.23333333333338
 31
0.0
  0
LINE
  5
561
330
17
100
AcDbEntity
  8
S-CENTER
100
AcDbLine
 10
199.5
 20
210.73333333333338
 30
0.0
 11
199.5
 21
212.9333333333334
 31
0.0
  0
LINE
  5
562
330
17
100
AcDbEntity
  8
S-CENTER
100
AcDbLine
 10
199.5
 20
214.4333333333334
 30
0.0
 11
199.5
 21
216.63333333333338
 31
0.0
  0
LINE
  5
563
330
17
100
AcDbEntity
  8
S-CENTER
100
AcDbLine
 10
199.5
 20
218.13333333333338
 30
0.0
 11
199.5
 21
220.33333333333337
 31
0.0
  0
LINE
  5
564
330
17
100
AcDbEntity
  8
S-CENTER
100
AcDbLine
 10
199.5
 20
221.83333333333337
 30
0.0
 11
199.5
 21
224.0333333333334
 31
0.0
  0
LINE
  5
565
330
17
100
AcDbEntity
  8
S-CENTER
100
AcDbLine
 10
199.5
 20
225.5333333333334
 30
0.0
 11
199.5
 21
227.7333333333334
 31
0.0
  0
LINE
  5
566
330
17
100
AcDbEntity
  8
S-CENTER
100
AcDbLine
 10
202.5
 20
129.33333333333334
 30
0.0
 11
202.5
 21
131.53333333333333
 31
0.0
  0
LINE
  5
567
330
17
100
AcDbEntity
  8
S-CENTER
100
AcDbLine
 10
202.5
 20
133.03333333333333
 30
0.0
 11
202.5
 21
135.23333333333335
 31
0.0
  0
LINE
  5
568
330
17
100
AcDbEntity
  8
S-CENTER
100
AcDbLine
 10
202.5
 20
136.73333333333335
 30
0.0
 11
202.5
 21
138.93333333333334
 31
0.0
  0
LINE
  5
569
330
17
100
AcDbEntity
  8
S-CENTER
100
AcDbLine
 10
202.5
 20
140.43333333333334
 30
0.0
 11
202.5
 21
142.63333333333335
 31
0.0
  0
LINE
  5
56A
330
17
100
AcDbEntity
  8
S-CENTER
100
AcDbLine
 10
202.5
 20
144.13333333333335
 30
0.0
 11
202.5
 21
146.33333333333334
 31
0.0
  0
LINE
  5
56B
330
17
100
AcDbEntity
  8
S-CENTER
100
AcDbLine
 10
202.5
 20
147.83333333333334
 30
0.0
 11
202.5
 21
150.03333333333333
 31
0.0
  0
LINE
  5
56C
330
17
100
AcDbEntity
  8
S-CENTER
100
AcDbLine
 10
202.5
 20
151.53333333333333
 30
0.0
 11
202.5
 21
153.73333333333335
 31
0.0
  0
LINE
  5
56D
330
17
100
AcDbEntity
  8
S-CENTER
100
AcDbLine
 10
202.5
 20
155.23333333333335
 30
0.0
 11
202.5
 21
157.43333333333334
 31
0.0
  0
LINE
  5
56E
330
17
100
AcDbEntity
  8
S-CENTER
100
AcDbLine
 10
202.5
 20
158.93333333333334
 30
0.0
 11
202.5
 21
161.13333333333333
 31
0.0
  0
LINE
  5
56F
330
17
100
AcDbEntity
  8
S-CENTER
100
AcDbLine
 10
202.5
 20
162.63333333333333
 30
0.0
 11
202.5
 21
164.83333333333334
 31
0.0
  0
LINE
  5
570
330
17
100
AcDbEntity
  8
S-CENTER
100
AcDbLine
 10
202.5
 20
166.33333333333334
 30
0.0
 11
202.5
 21
168.53333333333336
 31
0.0
  0
LINE
  5
571
330
17
100
AcDbEntity
  8
S-CENTER
100
AcDbLine
 10
202.5
 20
170.03333333333336
 30
0.0
 11
202.5
 21
172.23333333333335
 31
0.0
  0
LINE
  5
572
330
17
100
AcDbEntity
  8
S-CENTER
100
AcDbLine
 10
202.5
 20
173.73333333333335
 30
0.0
 11
202.5
 21
175.93333333333334
 31
0.0
  0
LINE
  5
573
330
17
100
AcDbEntity
  8
S-CENTER
100
AcDbLine
 10
202.5
 20
177.43333333333334
 30
0.0
 11
202.5
 21
179.63333333333335
 31
0.0
  0
LINE
  5
574
330
17
100
AcDbEntity
  8
S-CENTER
100
AcDbLine
 10
202.5
 20
181.13333333333335
 30
0.0
 11
202.5
 21
183.33333333333337
 31
0.0
  0
LINE
  5
575
330
17
100
AcDbEntity
  8
S-CENTER
100
AcDbLine
 10
202.5
 20
184.83333333333337
 30
0.0
 11
202.5
 21
187.03333333333336
 31
0.0
  0
LINE
  5
576
330
17
100
AcDbEntity
  8
S-CENTER
100
AcDbLine
 10
202.5
 20
188.53333333333336
 30
0.0
 11
202.5
 21
190.73333333333335
 31
0.0
  0
LINE
  5
577
330
17
100
AcDbEntity
  8
S-CENTER
100
AcDbLine
 10
202.5
 20
192.23333333333335
 30
0.0
 11
202.5
 21
194.43333333333337
 31
0.0
  0
LINE
  5
578
330
17
100
AcDbEntity
  8
S-CENTER
100
AcDbLine
 10
202.5
 20
195.93333333333337
 30
0.0
 11
202.5
 21
198.13333333333338
 31
0.0
  0
LINE
  5
579
330
17
100
AcDbEntity
  8
S-CENTER
100
AcDbLine
 10
202.5
 20
199.63333333333338
 30
0.0
 11
202.5
 21
201.83333333333337
 31
0.0
  0
LINE
  5
57A
330
17
100
AcDbEntity
  8
S-CENTER
100
AcDbLine
 10
202.5
 20
203.33333333333337
 30
0.0
 11
202.5
 21
205.53333333333336
 31
0.0
  0
LINE
  5
57B
330
17
100
AcDbEntity
  8
S-CENTER
100
AcDbLine
 10
202.5
 20
207.03333333333336
 30
0.0
 11
202.5
 21
209.23333333333338
 31
0.0
  0
LINE
  5
57C
330
17
100
AcDbEntity
  8
S-CENTER
100
AcDbLine
 10
202.5
 20
210.73333333333338
 30
0.0
 11
202.5
 21
212.9333333333334
 31
0.0
  0
LINE
  5
57D
330
17
100
AcDbEntity
  8
S-CENTER
100
AcDbLine
 10
202.5
 20
214.4333333333334
 30
0.0
 11
202.5
 21
216.63333333333338
 31
0.0
  0
LINE
  5
57E
330
17
100
AcDbEntity
  8
S-CENTER
100
AcDbLine
 10
202.5
 20
218.13333333333338
 30
0.0
 11
202.5
 21
220.33333333333337
 31
0.0
  0
LINE
  5
57F
330
17
100
AcDbEntity
  8
S-CENTER
100
AcDbLine
 10
202.5
 20
221.83333333333337
 30
0.0
 11
202.5
 21
224.0333333333334
 31
0.0
  0
LINE
  5
580
330
17
100
AcDbEntity
  8
S-CENTER
100
AcDbLine
 10
202.5
 20
225.5333333333334
 30
0.0
 11
202.5
 21
227.7333333333334
 31
0.0
  0
TEXT
  5
581
330
17
100
AcDbEntity
  8
S-TEXT
100
AcDbText
 10
199.5
 20
146.66666666666666
 30
0.0
 40
1.75
  1
BREAK
 50
90.0
  7
OpenSans
 72
1
 11
199.5
 21
146.66666666666666
 31
0.0
100
AcDbText
 73
2
  0
LINE
  5
582
330
17
100
AcDbEntity
  8
A-COVER
100
AcDbLine
 10
202.33333333333334
 20
178.0
 30
0.0
 11
251.0
 21
178.0
 31
0.0
  0
LINE
  5
583
330
17
100
AcDbEntity
  8
A-OVER
100
AcDbLine
 10
214.5
 20
164.66666666666666
 30
0.0
 11
215.9
 21
164.66666666666666
 31
0.0
  0
LINE
  5
584
330
17
100
AcDbEntity
  8
A-OVER
100
AcDbLine
 10
216.9
 20
164.66666666666666
 30
0.0
 11
218.3
 21
164.66666666666666
 31
0.0
  0
LINE
  5
585
330
17
100
AcDbEntity
  8
A-OVER
100
AcDbLine
 10
219.3
 20
164.66666666666666
 30
0.0
 11
220.7
 21
164.66666666666666
 31
0.0
  0
LINE
  5
586
330
17
100
AcDbEntity
  8
A-OVER
100
AcDbLine
 10
221.7
 20
164.66666666666666
 30
0.0
 11
223.1
 21
164.66666666666666
 31
0.0
  0
LINE
  5
587
330
17
100
AcDbEntity
  8
A-OVER
100
AcDbLine
 10
224.1
 20
164.66666666666666
 30
0.0
 11
224.5
 21
164.66666666666666
 31
0.0
  0
LINE
  5
588
330
17
100
AcDbEntity
  8
A-OVER
100
AcDbLine
 10
214.5
 20
168.66666666666666
 30
0.0
 11
215.9
 21
168.66666666666666
 31
0.0
  0
LINE
  5
589
330
17
100
AcDbEntity
  8
A-OVER
100
AcDbLine
 10
216.9
 20
168.66666666666666
 30
0.0
 11
218.3
 21
168.66666666666666
 31
0.0
  0
LINE
  5
58A
330
17
100
AcDbEntity
  8
A-OVER
100
AcDbLine
 10
219.3
 20
168.66666666666666
 30
0.0
 11
220.7
 21
168.66666666666666
 31
0.0
  0
LINE
  5
58B
330
17
100
AcDbEntity
  8
A-OVER
100
AcDbLine
 10
221.7
 20
168.66666666666666
 30
0.0
 11
223.1
 21
168.66666666666666
 31
0.0
  0
LINE
  5
58C
330
17
100
AcDbEntity
  8
A-OVER
100
AcDbLine
 10
224.1
 20
168.66666666666666
 30
0.0
 11
224.5
 21
168.66666666666666
 31
0.0
  0
LINE
  5
58D
330
17
100
AcDbEntity
  8
A-OVER
100
AcDbLine
 10
214.5
 20
164.66666666666666
 30
0.0
 11
214.5
 21
166.06666666666666
 31
0.0
  0
LINE
  5
58E
330
17
100
AcDbEntity
  8
A-OVER
100
AcDbLine
 10
214.5
 20
167.06666666666666
 30
0.0
 11
214.5
 21
168.46666666666667
 31
0.0
  0
LINE
  5
58F
330
17
100
AcDbEntity
  8
A-OVER
100
AcDbLine
 10
224.5
 20
164.66666666666666
 30
0.0
 11
224.5
 21
166.06666666666666
 31
0.0
  0
LINE
  5
590
330
17
100
AcDbEntity
  8
A-OVER
100
AcDbLine
 10
224.5
 20
167.06666666666666
 30
0.0
 11
224.5
 21
168.46666666666667
 31
0.0
  0
LINE
  5
591
330
17
100
AcDbEntity
  8
A-OVER
100
AcDbLine
 10
219.5
 20
168.66666666666666
 30
0.0
 11
219.5
 21
170.06666666666666
 31
0.0
  0
LINE
  5
592
330
17
100
AcDbEntity
  8
A-OVER
100
AcDbLine
 10
219.5
 20
171.06666666666666
 30
0.0
 11
219.5
 21
172.46666666666667
 31
0.0
  0
LINE
  5
593
330
17
100
AcDbEntity
  8
A-OVER
100
AcDbLine
 10
219.5
 20
173.46666666666667
 30
0.0
 11
219.5
 21
174.86666666666665
 31
0.0
  0
LINE
  5
594
330
17
100
AcDbEntity
  8
A-OVER
100
AcDbLine
 10
219.5
 20
175.86666666666665
 30
0.0
 11
219.5
 21
177.26666666666665
 31
0.0
  0
LINE
  5
595
330
17
100
AcDbEntity
  8
A-OVER
100
AcDbLine
 10
238.83333333333334
 20
164.66666666666666
 30
0.0
 11
240.23333333333335
 21
164.66666666666666
 31
0.0
  0
LINE
  5
596
330
17
100
AcDbEntity
  8
A-OVER
100
AcDbLine
 10
241.23333333333335
 20
164.66666666666666
 30
0.0
 11
242.63333333333335
 21
164.66666666666666
 31
0.0
  0
LINE
  5
597
330
17
100
AcDbEntity
  8
A-OVER
100
AcDbLine
 10
243.63333333333335
 20
164.66666666666666
 30
0.0
 11
245.03333333333333
 21
164.66666666666666
 31
0.0
  0
LINE
  5
598
330
17
100
AcDbEntity
  8
A-OVER
100
AcDbLine
 10
246.03333333333333
 20
164.66666666666666
 30
0.0
 11
247.43333333333334
 21
164.66666666666666
 31
0.0
  0
LINE
  5
599
330
17
100
AcDbEntity
  8
A-OVER
100
AcDbLine
 10
248.43333333333334
 20
164.66666666666666
 30
0.0
 11
248.83333333333334
 21
164.66666666666666
 31
0.0
  0
LINE
  5
59A
330
17
100
AcDbEntity
  8
A-OVER
100
AcDbLine
 10
238.83333333333334
 20
168.66666666666666
 30
0.0
 11
240.23333333333335
 21
168.66666666666666
 31
0.0
  0
LINE
  5
59B
330
17
100
AcDbEntity
  8
A-OVER
100
AcDbLine
 10
241.23333333333335
 20
168.66666666666666
 30
0.0
 11
242.63333333333335
 21
168.66666666666666
 31
0.0
  0
LINE
  5
59C
330
17
100
AcDbEntity
  8
A-OVER
100
AcDbLine
 10
243.63333333333335
 20
168.66666666666666
 30
0.0
 11
245.03333333333333
 21
168.66666666666666
 31
0.0
  0
LINE
  5
59D
330
17
100
AcDbEntity
  8
A-OVER
100
AcDbLine
 10
246.03333333333333
 20
168.66666666666666
 30
0.0
 11
247.43333333333334
 21
168.66666666666666
 31
0.0
  0
LINE
  5
59E
330
17
100
AcDbEntity
  8
A-OVER
100
AcDbLine
 10
248.43333333333334
 20
168.66666666666666
 30
0.0
 11
248.83333333333334
 21
168.66666666666666
 31
0.0
  0
LINE
  5
59F
330
17
100
AcDbEntity
  8
A-OVER
100
AcDbLine
 10
238.83333333333334
 20
164.66666666666666
 30
0.0
 11
238.83333333333334
 21
166.06666666666666
 31
0.0
  0
LINE
  5
5A0
330
17
100
AcDbEntity
  8
A-OVER
100
AcDbLine
 10
238.83333333333334
 20
167.06666666666666
 30
0.0
 11
238.83333333333334
 21
168.46666666666667
 31
0.0
  0
LINE
  5
5A1
330
17
100
AcDbEntity
  8
A-OVER
100
AcDbLine
 10
248.83333333333334
 20
164.66666666666666
 30
0.0
 11
248.83333333333334
 21
166.06666666666666
 31
0.0
  0
LINE
  5
5A2
330
17
100
AcDbEntity
  8
A-OVER
100
AcDbLine
 10
248.83333333333334
 20
167.06666666666666
 30
0.0
 11
248.83333333333334
 21
168.46666666666667
 31
0.0
  0
LINE
  5
5A3
330
17
100
AcDbEntity
  8
A-OVER
100
AcDbLine
 10
243.83333333333334
 20
168.66666666666666
 30
0.0
 11
243.83333333333334
 21
170.06666666666666
 31
0.0
  0
LINE
  5
5A4
330
17
100
AcDbEntity
  8
A-OVER
100
AcDbLine
 10
243.83333333333334
 20
171.06666666666666
 30
0.0
 11
243.83333333333334
 21
172.46666666666667
 31
0.0
  0
LINE
  5
5A5
330
17
100
AcDbEntity
  8
A-OVER
100
AcDbLine
 10
243.83333333333334
 20
173.46666666666667
 30
0.0
 11
243.83333333333334
 21
174.86666666666665
 31
0.0
  0
LINE
  5
5A6
330
17
100
AcDbEntity
  8
A-OVER
100
AcDbLine
 10
243.83333333333334
 20
175.86666666666665
 30
0.0
 11
243.83333333333334
 21
177.26666666666665
 31
0.0
  0
LWPOLYLINE
  5
5A7
330
17
100
AcDbEntity
  8
A-WALL
100
AcDbPolyline
 90
4
 70
1
 10
217.66666666666666
 20
178.0
 10
245.66666666666666
 20
178.0
 10
245.66666666666666
 20
181.0
 10
217.66666666666666
 20
181.0
  0
LWPOLYLINE
  5
5A8
330
17
100
AcDbEntity
  8
A-WALL
100
AcDbPolyline
 90
4
 70
1
 10
218.33333333333334
 20
181.0
 10
245.0
 20
181.0
 10
245.0
 20
221.66666666666666
 10
218.33333333333334
 20
221.66666666666666
  0
LINE
  5
5A9
330
17
100
AcDbEntity
  8
A-WALL
100
AcDbLine
 10
218.33333333333334
 20
202.33333333333334
 30
0.0
 11
245.0
 21
202.33333333333334
 31
0.0
  0
LWPOLYLINE
  5
5AA
330
17
100
AcDbEntity
  8
A-WALL
100
AcDbPolyline
 90
4
 70
1
 10
216.33333333333334
 20
221.66666666666666
 10
247.0
 20
221.66666666666666
 10
247.0
 20
222.66666666666666
 10
216.33333333333334
 20
222.66666666666666
  0
LWPOLYLINE
  5
5AB
330
17
100
AcDbEntity
  8
A-WALL
100
AcDbPolyline
 90
4
 70
1
 10
216.33333333333334
 20
222.66666666666666
 10
247.0
 20
222.66666666666666
 10
247.0
 20
224.66666666666666
 10
216.33333333333334
 20
224.66666666666666
  0
LWPOLYLINE
  5
5AC
330
17
100
AcDbEntity
  8
A-OPEN
100
AcDbPolyline
 90
4
 70
1
 10
222.66666666666666
 20
209.0
 10
230.66666666666666
 20
209.0
 10
230.66666666666666
 20
217.0
 10
222.66666666666666
 20
217.0
  0
LWPOLYLINE
  5
5AD
330
17
100
AcDbEntity
  8
A-OPEN
100
AcDbPolyline
 90
4
 70
1
 10
232.66666666666666
 20
209.0
 10
240.66666666666666
 20
209.0
 10
240.66666666666666
 20
217.0
 10
232.66666666666666
 20
217.0
  0
LINE
  5
5AE
330
17
100
AcDbEntity
  8
A-OVER
100
AcDbLine
 10
218.33333333333334
 20
181.0
 30
0.0
 11
218.33333333333334
 21
182.4
 31
0.0
  0
LINE
  5
5AF
330
17
100
AcDbEntity
  8
A-OVER
100
AcDbLine
 10
218.33333333333334
 20
183.4
 30
0.0
 11
218.33333333333334
 21
184.8
 31
0.0
  0
LINE
  5
5B0
330
17
100
AcDbEntity
  8
A-OVER
100
AcDbLine
 10
218.33333333333334
 20
185.8
 30
0.0
 11
218.33333333333334
 21
187.2
 31
0.0
  0
LINE
  5
5B1
330
17
100
AcDbEntity
  8
A-OVER
100
AcDbLine
 10
218.33333333333334
 20
188.2
 30
0.0
 11
218.33333333333334
 21
189.6
 31
0.0
  0
LINE
  5
5B2
330
17
100
AcDbEntity
  8
A-OVER
100
AcDbLine
 10
218.33333333333334
 20
190.6
 30
0.0
 11
218.33333333333334
 21
192.0
 31
0.0
  0
LINE
  5
5B3
330
17
100
AcDbEntity
  8
A-OVER
100
AcDbLine
 10
218.33333333333334
 20
193.0
 30
0.0
 11
218.33333333333334
 21
194.4
 31
0.0
  0
LINE
  5
5B4
330
17
100
AcDbEntity
  8
A-OVER
100
AcDbLine
 10
218.33333333333334
 20
195.4
 30
0.0
 11
218.33333333333334
 21
196.8
 31
0.0
  0
LINE
  5
5B5
330
17
100
AcDbEntity
  8
A-OVER
100
AcDbLine
 10
218.33333333333334
 20
197.8
 30
0.0
 11
218.33333333333334
 21
199.2
 31
0.0
  0
LINE
  5
5B6
330
17
100
AcDbEntity
  8
A-OVER
100
AcDbLine
 10
218.33333333333334
 20
200.2
 30
0.0
 11
218.33333333333334
 21
201.6
 31
0.0
  0
LINE
  5
5B7
330
17
100
AcDbEntity
  8
A-OVER
100
AcDbLine
 10
218.33333333333334
 20
202.6
 30
0.0
 11
218.33333333333334
 21
204.0
 31
0.0
  0
LINE
  5
5B8
330
17
100
AcDbEntity
  8
A-OVER
100
AcDbLine
 10
218.33333333333334
 20
205.0
 30
0.0
 11
218.33333333333334
 21
206.4
 31
0.0
  0
LINE
  5
5B9
330
17
100
AcDbEntity
  8
A-OVER
100
AcDbLine
 10
218.33333333333334
 20
207.4
 30
0.0
 11
218.33333333333334
 21
208.79999999999998
 31
0.0
  0
LINE
  5
5BA
330
17
100
AcDbEntity
  8
A-OVER
100
AcDbLine
 10
218.33333333333334
 20
209.79999999999998
 30
0.0
 11
218.33333333333334
 21
211.2
 31
0.0
  0
LINE
  5
5BB
330
17
100
AcDbEntity
  8
A-OVER
100
AcDbLine
 10
218.33333333333334
 20
212.2
 30
0.0
 11
218.33333333333334
 21
213.6
 31
0.0
  0
LINE
  5
5BC
330
17
100
AcDbEntity
  8
A-OVER
100
AcDbLine
 10
218.33333333333334
 20
214.6
 30
0.0
 11
218.33333333333334
 21
216.0
 31
0.0
  0
LINE
  5
5BD
330
17
100
AcDbEntity
  8
A-OVER
100
AcDbLine
 10
218.33333333333334
 20
217.0
 30
0.0
 11
218.33333333333334
 21
218.39999999999998
 31
0.0
  0
LINE
  5
5BE
330
17
100
AcDbEntity
  8
A-OVER
100
AcDbLine
 10
218.33333333333334
 20
219.39999999999998
 30
0.0
 11
218.33333333333334
 21
220.79999999999998
 31
0.0
  0
LINE
  5
5BF
330
17
100
AcDbEntity
  8
A-OVER
100
AcDbLine
 10
218.33333333333334
 20
221.79999999999998
 30
0.0
 11
218.33333333333334
 21
222.66666666666666
 31
0.0
  0
LINE
  5
5C0
330
17
100
AcDbEntity
  8
A-OVER
100
AcDbLine
 10
220.66666666666666
 20
181.0
 30
0.0
 11
220.66666666666666
 21
182.4
 31
0.0
  0
LINE
  5
5C1
330
17
100
AcDbEntity
  8
A-OVER
100
AcDbLine
 10
220.66666666666666
 20
183.4
 30
0.0
 11
220.66666666666666
 21
184.8
 31
0.0
  0
LINE
  5
5C2
330
17
100
AcDbEntity
  8
A-OVER
100
AcDbLine
 10
220.66666666666666
 20
185.8
 30
0.0
 11
220.66666666666666
 21
187.2
 31
0.0
  0
LINE
  5
5C3
330
17
100
AcDbEntity
  8
A-OVER
100
AcDbLine
 10
220.66666666666666
 20
188.2
 30
0.0
 11
220.66666666666666
 21
189.6
 31
0.0
  0
LINE
  5
5C4
330
17
100
AcDbEntity
  8
A-OVER
100
AcDbLine
 10
220.66666666666666
 20
190.6
 30
0.0
 11
220.66666666666666
 21
192.0
 31
0.0
  0
LINE
  5
5C5
330
17
100
AcDbEntity
  8
A-OVER
100
AcDbLine
 10
220.66666666666666
 20
193.0
 30
0.0
 11
220.66666666666666
 21
194.4
 31
0.0
  0
LINE
  5
5C6
330
17
100
AcDbEntity
  8
A-OVER
100
AcDbLine
 10
220.66666666666666
 20
195.4
 30
0.0
 11
220.66666666666666
 21
196.8
 31
0.0
  0
LINE
  5
5C7
330
17
100
AcDbEntity
  8
A-OVER
100
AcDbLine
 10
220.66666666666666
 20
197.8
 30
0.0
 11
220.66666666666666
 21
199.2
 31
0.0
  0
LINE
  5
5C8
330
17
100
AcDbEntity
  8
A-OVER
100
AcDbLine
 10
220.66666666666666
 20
200.2
 30
0.0
 11
220.66666666666666
 21
201.6
 31
0.0
  0
LINE
  5
5C9
330
17
100
AcDbEntity
  8
A-OVER
100
AcDbLine
 10
220.66666666666666
 20
202.6
 30
0.0
 11
220.66666666666666
 21
204.0
 31
0.0
  0
LINE
  5
5CA
330
17
100
AcDbEntity
  8
A-OVER
100
AcDbLine
 10
220.66666666666666
 20
205.0
 30
0.0
 11
220.66666666666666
 21
206.4
 31
0.0
  0
LINE
  5
5CB
330
17
100
AcDbEntity
  8
A-OVER
100
AcDbLine
 10
220.66666666666666
 20
207.4
 30
0.0
 11
220.66666666666666
 21
208.79999999999998
 31
0.0
  0
LINE
  5
5CC
330
17
100
AcDbEntity
  8
A-OVER
100
AcDbLine
 10
220.66666666666666
 20
209.79999999999998
 30
0.0
 11
220.66666666666666
 21
211.2
 31
0.0
  0
LINE
  5
5CD
330
17
100
AcDbEntity
  8
A-OVER
100
AcDbLine
 10
220.66666666666666
 20
212.2
 30
0.0
 11
220.66666666666666
 21
213.6
 31
0.0
  0
LINE
  5
5CE
330
17
100
AcDbEntity
  8
A-OVER
100
AcDbLine
 10
220.66666666666666
 20
214.6
 30
0.0
 11
220.66666666666666
 21
216.0
 31
0.0
  0
LINE
  5
5CF
330
17
100
AcDbEntity
  8
A-OVER
100
AcDbLine
 10
220.66666666666666
 20
217.0
 30
0.0
 11
220.66666666666666
 21
218.39999999999998
 31
0.0
  0
LINE
  5
5D0
330
17
100
AcDbEntity
  8
A-OVER
100
AcDbLine
 10
220.66666666666666
 20
219.39999999999998
 30
0.0
 11
220.66666666666666
 21
220.79999999999998
 31
0.0
  0
LINE
  5
5D1
330
17
100
AcDbEntity
  8
A-OVER
100
AcDbLine
 10
220.66666666666666
 20
221.79999999999998
 30
0.0
 11
220.66666666666666
 21
222.66666666666666
 31
0.0
  0
LINE
  5
5D2
330
17
100
AcDbEntity
  8
A-OVER
100
AcDbLine
 10
242.66666666666666
 20
181.0
 30
0.0
 11
242.66666666666666
 21
182.4
 31
0.0
  0
LINE
  5
5D3
330
17
100
AcDbEntity
  8
A-OVER
100
AcDbLine
 10
242.66666666666666
 20
183.4
 30
0.0
 11
242.66666666666666
 21
184.8
 31
0.0
  0
LINE
  5
5D4
330
17
100
AcDbEntity
  8
A-OVER
100
AcDbLine
 10
242.66666666666666
 20
185.8
 30
0.0
 11
242.66666666666666
 21
187.2
 31
0.0
  0
LINE
  5
5D5
330
17
100
AcDbEntity
  8
A-OVER
100
AcDbLine
 10
242.66666666666666
 20
188.2
 30
0.0
 11
242.66666666666666
 21
189.6
 31
0.0
  0
LINE
  5
5D6
330
17
100
AcDbEntity
  8
A-OVER
100
AcDbLine
 10
242.66666666666666
 20
190.6
 30
0.0
 11
242.66666666666666
 21
192.0
 31
0.0
  0
LINE
  5
5D7
330
17
100
AcDbEntity
  8
A-OVER
100
AcDbLine
 10
242.66666666666666
 20
193.0
 30
0.0
 11
242.66666666666666
 21
194.4
 31
0.0
  0
LINE
  5
5D8
330
17
100
AcDbEntity
  8
A-OVER
100
AcDbLine
 10
242.66666666666666
 20
195.4
 30
0.0
 11
242.66666666666666
 21
196.8
 31
0.0
  0
LINE
  5
5D9
330
17
100
AcDbEntity
  8
A-OVER
100
AcDbLine
 10
242.66666666666666
 20
197.8
 30
0.0
 11
242.66666666666666
 21
199.2
 31
0.0
  0
LINE
  5
5DA
330
17
100
AcDbEntity
  8
A-OVER
100
AcDbLine
 10
242.66666666666666
 20
200.2
 30
0.0
 11
242.66666666666666
 21
201.6
 31
0.0
  0
LINE
  5
5DB
330
17
100
AcDbEntity
  8
A-OVER
100
AcDbLine
 10
242.66666666666666
 20
202.6
 30
0.0
 11
242.66666666666666
 21
204.0
 31
0.0
  0
LINE
  5
5DC
330
17
100
AcDbEntity
  8
A-OVER
100
AcDbLine
 10
242.66666666666666
 20
205.0
 30
0.0
 11
242.66666666666666
 21
206.4
 31
0.0
  0
LINE
  5
5DD
330
17
100
AcDbEntity
  8
A-OVER
100
AcDbLine
 10
242.66666666666666
 20
207.4
 30
0.0
 11
242.66666666666666
 21
208.79999999999998
 31
0.0
  0
LINE
  5
5DE
330
17
100
AcDbEntity
  8
A-OVER
100
AcDbLine
 10
242.66666666666666
 20
209.79999999999998
 30
0.0
 11
242.66666666666666
 21
211.2
 31
0.0
  0
LINE
  5
5DF
330
17
100
AcDbEntity
  8
A-OVER
100
AcDbLine
 10
242.66666666666666
 20
212.2
 30
0.0
 11
242.66666666666666
 21
213.6
 31
0.0
  0
LINE
  5
5E0
330
17
100
AcDbEntity
  8
A-OVER
100
AcDbLine
 10
242.66666666666666
 20
214.6
 30
0.0
 11
242.66666666666666
 21
216.0
 31
0.0
  0
LINE
  5
5E1
330
17
100
AcDbEntity
  8
A-OVER
100
AcDbLine
 10
242.66666666666666
 20
217.0
 30
0.0
 11
242.66666666666666
 21
218.39999999999998
 31
0.0
  0
LINE
  5
5E2
330
17
100
AcDbEntity
  8
A-OVER
100
AcDbLine
 10
242.66666666666666
 20
219.39999999999998
 30
0.0
 11
242.66666666666666
 21
220.79999999999998
 31
0.0
  0
LINE
  5
5E3
330
17
100
AcDbEntity
  8
A-OVER
100
AcDbLine
 10
242.66666666666666
 20
221.79999999999998
 30
0.0
 11
242.66666666666666
 21
222.66666666666666
 31
0.0
  0
LINE
  5
5E4
330
17
100
AcDbEntity
  8
A-OVER
100
AcDbLine
 10
245.0
 20
181.0
 30
0.0
 11
245.0
 21
182.4
 31
0.0
  0
LINE
  5
5E5
330
17
100
AcDbEntity
  8
A-OVER
100
AcDbLine
 10
245.0
 20
183.4
 30
0.0
 11
245.0
 21
184.8
 31
0.0
  0
LINE
  5
5E6
330
17
100
AcDbEntity
  8
A-OVER
100
AcDbLine
 10
245.0
 20
185.8
 30
0.0
 11
245.0
 21
187.2
 31
0.0
  0
LINE
  5
5E7
330
17
100
AcDbEntity
  8
A-OVER
100
AcDbLine
 10
245.0
 20
188.2
 30
0.0
 11
245.0
 21
189.6
 31
0.0
  0
LINE
  5
5E8
330
17
100
AcDbEntity
  8
A-OVER
100
AcDbLine
 10
245.0
 20
190.6
 30
0.0
 11
245.0
 21
192.0
 31
0.0
  0
LINE
  5
5E9
330
17
100
AcDbEntity
  8
A-OVER
100
AcDbLine
 10
245.0
 20
193.0
 30
0.0
 11
245.0
 21
194.4
 31
0.0
  0
LINE
  5
5EA
330
17
100
AcDbEntity
  8
A-OVER
100
AcDbLine
 10
245.0
 20
195.4
 30
0.0
 11
245.0
 21
196.8
 31
0.0
  0
LINE
  5
5EB
330
17
100
AcDbEntity
  8
A-OVER
100
AcDbLine
 10
245.0
 20
197.8
 30
0.0
 11
245.0
 21
199.2
 31
0.0
  0
LINE
  5
5EC
330
17
100
AcDbEntity
  8
A-OVER
100
AcDbLine
 10
245.0
 20
200.2
 30
0.0
 11
245.0
 21
201.6
 31
0.0
  0
LINE
  5
5ED
330
17
100
AcDbEntity
  8
A-OVER
100
AcDbLine
 10
245.0
 20
202.6
 30
0.0
 11
245.0
 21
204.0
 31
0.0
  0
LINE
  5
5EE
330
17
100
AcDbEntity
  8
A-OVER
100
AcDbLine
 10
245.0
 20
205.0
 30
0.0
 11
245.0
 21
206.4
 31
0.0
  0
LINE
  5
5EF
330
17
100
AcDbEntity
  8
A-OVER
100
AcDbLine
 10
245.0
 20
207.4
 30
0.0
 11
245.0
 21
208.79999999999998
 31
0.0
  0
LINE
  5
5F0
330
17
100
AcDbEntity
  8
A-OVER
100
AcDbLine
 10
245.0
 20
209.79999999999998
 30
0.0
 11
245.0
 21
211.2
 31
0.0
  0
LINE
  5
5F1
330
17
100
AcDbEntity
  8
A-OVER
100
AcDbLine
 10
245.0
 20
212.2
 30
0.0
 11
245.0
 21
213.6
 31
0.0
  0
LINE
  5
5F2
330
17
100
AcDbEntity
  8
A-OVER
100
AcDbLine
 10
245.0
 20
214.6
 30
0.0
 11
245.0
 21
216.0
 31
0.0
  0
LINE
  5
5F3
330
17
100
AcDbEntity
  8
A-OVER
100
AcDbLine
 10
245.0
 20
217.0
 30
0.0
 11
245.0
 21
218.39999999999998
 31
0.0
  0
LINE
  5
5F4
330
17
100
AcDbEntity
  8
A-OVER
100
AcDbLine
 10
245.0
 20
219.39999999999998
 30
0.0
 11
245.0
 21
220.79999999999998
 31
0.0
  0
LINE
  5
5F5
330
17
100
AcDbEntity
  8
A-OVER
100
AcDbLine
 10
245.0
 20
221.79999999999998
 30
0.0
 11
245.0
 21
222.66666666666666
 31
0.0
  0
LINE
  5
5F6
330
17
100
AcDbEntity
  8
A-OVER
100
AcDbLine
 10
220.66666666666666
 20
199.33333333333334
 30
0.0
 11
222.06666666666666
 21
199.33333333333334
 31
0.0
  0
LINE
  5
5F7
330
17
100
AcDbEntity
  8
A-OVER
100
AcDbLine
 10
223.06666666666666
 20
199.33333333333334
 30
0.0
 11
224.46666666666667
 21
199.33333333333334
 31
0.0
  0
LINE
  5
5F8
330
17
100
AcDbEntity
  8
A-OVER
100
AcDbLine
 10
225.46666666666667
 20
199.33333333333334
 30
0.0
 11
226.86666666666665
 21
199.33333333333334
 31
0.0
  0
LINE
  5
5F9
330
17
100
AcDbEntity
  8
A-OVER
100
AcDbLine
 10
227.86666666666665
 20
199.33333333333334
 30
0.0
 11
229.26666666666665
 21
199.33333333333334
 31
0.0
  0
LINE
  5
5FA
330
17
100
AcDbEntity
  8
A-OVER
100
AcDbLine
 10
230.26666666666665
 20
199.33333333333334
 30
0.0
 11
231.66666666666666
 21
199.33333333333334
 31
0.0
  0
LINE
  5
5FB
330
17
100
AcDbEntity
  8
A-OVER
100
AcDbLine
 10
232.66666666666666
 20
199.33333333333334
 30
0.0
 11
234.06666666666666
 21
199.33333333333334
 31
0.0
  0
LINE
  5
5FC
330
17
100
AcDbEntity
  8
A-OVER
100
AcDbLine
 10
235.06666666666666
 20
199.33333333333334
 30
0.0
 11
236.46666666666667
 21
199.33333333333334
 31
0.0
  0
LINE
  5
5FD
330
17
100
AcDbEntity
  8
A-OVER
100
AcDbLine
 10
237.46666666666667
 20
199.33333333333334
 30
0.0
 11
238.86666666666665
 21
199.33333333333334
 31
0.0
  0
LINE
  5
5FE
330
17
100
AcDbEntity
  8
A-OVER
100
AcDbLine
 10
239.86666666666665
 20
199.33333333333334
 30
0.0
 11
241.26666666666665
 21
199.33333333333334
 31
0.0
  0
LINE
  5
5FF
330
17
100
AcDbEntity
  8
A-OVER
100
AcDbLine
 10
242.26666666666665
 20
199.33333333333334
 30
0.0
 11
242.66666666666666
 21
199.33333333333334
 31
0.0
  0
LINE
  5
600
330
17
100
AcDbEntity
  8
A-OVER
100
AcDbLine
 10
220.66666666666666
 20
202.33333333333334
 30
0.0
 11
222.06666666666666
 21
202.33333333333334
 31
0.0
  0
LINE
  5
601
330
17
100
AcDbEntity
  8
A-OVER
100
AcDbLine
 10
223.06666666666666
 20
202.33333333333334
 30
0.0
 11
224.46666666666667
 21
202.33333333333334
 31
0.0
  0
LINE
  5
602
330
17
100
AcDbEntity
  8
A-OVER
100
AcDbLine
 10
225.46666666666667
 20
202.33333333333334
 30
0.0
 11
226.86666666666665
 21
202.33333333333334
 31
0.0
  0
LINE
  5
603
330
17
100
AcDbEntity
  8
A-OVER
100
AcDbLine
 10
227.86666666666665
 20
202.33333333333334
 30
0.0
 11
229.26666666666665
 21
202.33333333333334
 31
0.0
  0
LINE
  5
604
330
17
100
AcDbEntity
  8
A-OVER
100
AcDbLine
 10
230.26666666666665
 20
202.33333333333334
 30
0.0
 11
231.66666666666666
 21
202.33333333333334
 31
0.0
  0
LINE
  5
605
330
17
100
AcDbEntity
  8
A-OVER
100
AcDbLine
 10
232.66666666666666
 20
202.33333333333334
 30
0.0
 11
234.06666666666666
 21
202.33333333333334
 31
0.0
  0
LINE
  5
606
330
17
100
AcDbEntity
  8
A-OVER
100
AcDbLine
 10
235.06666666666666
 20
202.33333333333334
 30
0.0
 11
236.46666666666667
 21
202.33333333333334
 31
0.0
  0
LINE
  5
607
330
17
100
AcDbEntity
  8
A-OVER
100
AcDbLine
 10
237.46666666666667
 20
202.33333333333334
 30
0.0
 11
238.86666666666665
 21
202.33333333333334
 31
0.0
  0
LINE
  5
608
330
17
100
AcDbEntity
  8
A-OVER
100
AcDbLine
 10
239.86666666666665
 20
202.33333333333334
 30
0.0
 11
241.26666666666665
 21
202.33333333333334
 31
0.0
  0
LINE
  5
609
330
17
100
AcDbEntity
  8
A-OVER
100
AcDbLine
 10
242.26666666666665
 20
202.33333333333334
 30
0.0
 11
242.66666666666666
 21
202.33333333333334
 31
0.0
  0
LINE
  5
60A
330
17
100
AcDbEntity
  8
A-OVER
100
AcDbLine
 10
220.66666666666666
 20
219.66666666666666
 30
0.0
 11
222.06666666666666
 21
219.66666666666666
 31
0.0
  0
LINE
  5
60B
330
17
100
AcDbEntity
  8
A-OVER
100
AcDbLine
 10
223.06666666666666
 20
219.66666666666666
 30
0.0
 11
224.46666666666667
 21
219.66666666666666
 31
0.0
  0
LINE
  5
60C
330
17
100
AcDbEntity
  8
A-OVER
100
AcDbLine
 10
225.46666666666667
 20
219.66666666666666
 30
0.0
 11
226.86666666666665
 21
219.66666666666666
 31
0.0
  0
LINE
  5
60D
330
17
100
AcDbEntity
  8
A-OVER
100
AcDbLine
 10
227.86666666666665
 20
219.66666666666666
 30
0.0
 11
229.26666666666665
 21
219.66666666666666
 31
0.0
  0
LINE
  5
60E
330
17
100
AcDbEntity
  8
A-OVER
100
AcDbLine
 10
230.26666666666665
 20
219.66666666666666
 30
0.0
 11
231.66666666666666
 21
219.66666666666666
 31
0.0
  0
LINE
  5
60F
330
17
100
AcDbEntity
  8
A-OVER
100
AcDbLine
 10
232.66666666666666
 20
219.66666666666666
 30
0.0
 11
234.06666666666666
 21
219.66666666666666
 31
0.0
  0
LINE
  5
610
330
17
100
AcDbEntity
  8
A-OVER
100
AcDbLine
 10
235.06666666666666
 20
219.66666666666666
 30
0.0
 11
236.46666666666667
 21
219.66666666666666
 31
0.0
  0
LINE
  5
611
330
17
100
AcDbEntity
  8
A-OVER
100
AcDbLine
 10
237.46666666666667
 20
219.66666666666666
 30
0.0
 11
238.86666666666665
 21
219.66666666666666
 31
0.0
  0
LINE
  5
612
330
17
100
AcDbEntity
  8
A-OVER
100
AcDbLine
 10
239.86666666666665
 20
219.66666666666666
 30
0.0
 11
241.26666666666665
 21
219.66666666666666
 31
0.0
  0
LINE
  5
613
330
17
100
AcDbEntity
  8
A-OVER
100
AcDbLine
 10
242.26666666666665
 20
219.66666666666666
 30
0.0
 11
242.66666666666666
 21
219.66666666666666
 31
0.0
  0
LINE
  5
614
330
17
100
AcDbEntity
  8
A-OVER
100
AcDbLine
 10
220.66666666666666
 20
222.66666666666666
 30
0.0
 11
222.06666666666666
 21
222.66666666666666
 31
0.0
  0
LINE
  5
615
330
17
100
AcDbEntity
  8
A-OVER
100
AcDbLine
 10
223.06666666666666
 20
222.66666666666666
 30
0.0
 11
224.46666666666667
 21
222.66666666666666
 31
0.0
  0
LINE
  5
616
330
17
100
AcDbEntity
  8
A-OVER
100
AcDbLine
 10
225.46666666666667
 20
222.66666666666666
 30
0.0
 11
226.86666666666665
 21
222.66666666666666
 31
0.0
  0
LINE
  5
617
330
17
100
AcDbEntity
  8
A-OVER
100
AcDbLine
 10
227.86666666666665
 20
222.66666666666666
 30
0.0
 11
229.26666666666665
 21
222.66666666666666
 31
0.0
  0
LINE
  5
618
330
17
100
AcDbEntity
  8
A-OVER
100
AcDbLine
 10
230.26666666666665
 20
222.66666666666666
 30
0.0
 11
231.66666666666666
 21
222.66666666666666
 31
0.0
  0
LINE
  5
619
330
17
100
AcDbEntity
  8
A-OVER
100
AcDbLine
 10
232.66666666666666
 20
222.66666666666666
 30
0.0
 11
234.06666666666666
 21
222.66666666666666
 31
0.0
  0
LINE
  5
61A
330
17
100
AcDbEntity
  8
A-OVER
100
AcDbLine
 10
235.06666666666666
 20
222.66666666666666
 30
0.0
 11
236.46666666666667
 21
222.66666666666666
 31
0.0
  0
LINE
  5
61B
330
17
100
AcDbEntity
  8
A-OVER
100
AcDbLine
 10
237.46666666666667
 20
222.66666666666666
 30
0.0
 11
238.86666666666665
 21
222.66666666666666
 31
0.0
  0
LINE
  5
61C
330
17
100
AcDbEntity
  8
A-OVER
100
AcDbLine
 10
239.86666666666665
 20
222.66666666666666
 30
0.0
 11
241.26666666666665
 21
222.66666666666666
 31
0.0
  0
LINE
  5
61D
330
17
100
AcDbEntity
  8
A-OVER
100
AcDbLine
 10
242.26666666666665
 20
222.66666666666666
 30
0.0
 11
242.66666666666666
 21
222.66666666666666
 31
0.0
  0
LINE
  5
61E
330
17
100
AcDbEntity
  8
A-OVER
100
AcDbLine
 10
220.66666666666666
 20
178.33333333333334
 30
0.0
 11
222.06666666666666
 21
178.33333333333334
 31
0.0
  0
LINE
  5
61F
330
17
100
AcDbEntity
  8
A-OVER
100
AcDbLine
 10
223.06666666666666
 20
178.33333333333334
 30
0.0
 11
224.46666666666667
 21
178.33333333333334
 31
0.0
  0
LINE
  5
620
330
17
100
AcDbEntity
  8
A-OVER
100
AcDbLine
 10
225.46666666666667
 20
178.33333333333334
 30
0.0
 11
226.86666666666665
 21
178.33333333333334
 31
0.0
  0
LINE
  5
621
330
17
100
AcDbEntity
  8
A-OVER
100
AcDbLine
 10
227.86666666666665
 20
178.33333333333334
 30
0.0
 11
229.26666666666665
 21
178.33333333333334
 31
0.0
  0
LINE
  5
622
330
17
100
AcDbEntity
  8
A-OVER
100
AcDbLine
 10
230.26666666666665
 20
178.33333333333334
 30
0.0
 11
231.66666666666666
 21
178.33333333333334
 31
0.0
  0
LINE
  5
623
330
17
100
AcDbEntity
  8
A-OVER
100
AcDbLine
 10
232.66666666666666
 20
178.33333333333334
 30
0.0
 11
234.06666666666666
 21
178.33333333333334
 31
0.0
  0
LINE
  5
624
330
17
100
AcDbEntity
  8
A-OVER
100
AcDbLine
 10
235.06666666666666
 20
178.33333333333334
 30
0.0
 11
236.46666666666667
 21
178.33333333333334
 31
0.0
  0
LINE
  5
625
330
17
100
AcDbEntity
  8
A-OVER
100
AcDbLine
 10
237.46666666666667
 20
178.33333333333334
 30
0.0
 11
238.86666666666665
 21
178.33333333333334
 31
0.0
  0
LINE
  5
626
330
17
100
AcDbEntity
  8
A-OVER
100
AcDbLine
 10
239.86666666666665
 20
178.33333333333334
 30
0.0
 11
241.26666666666665
 21
178.33333333333334
 31
0.0
  0
LINE
  5
627
330
17
100
AcDbEntity
  8
A-OVER
100
AcDbLine
 10
242.26666666666665
 20
178.33333333333334
 30
0.0
 11
242.66666666666666
 21
178.33333333333334
 31
0.0
  0
LINE
  5
628
330
17
100
AcDbEntity
  8
A-OVER
100
AcDbLine
 10
220.66666666666666
 20
181.0
 30
0.0
 11
222.06666666666666
 21
181.0
 31
0.0
  0
LINE
  5
629
330
17
100
AcDbEntity
  8
A-OVER
100
AcDbLine
 10
223.06666666666666
 20
181.0
 30
0.0
 11
224.46666666666667
 21
181.0
 31
0.0
  0
LINE
  5
62A
330
17
100
AcDbEntity
  8
A-OVER
100
AcDbLine
 10
225.46666666666667
 20
181.0
 30
0.0
 11
226.86666666666665
 21
181.0
 31
0.0
  0
LINE
  5
62B
330
17
100
AcDbEntity
  8
A-OVER
100
AcDbLine
 10
227.86666666666665
 20
181.0
 30
0.0
 11
229.26666666666665
 21
181.0
 31
0.0
  0
LINE
  5
62C
330
17
100
AcDbEntity
  8
A-OVER
100
AcDbLine
 10
230.26666666666665
 20
181.0
 30
0.0
 11
231.66666666666666
 21
181.0
 31
0.0
  0
LINE
  5
62D
330
17
100
AcDbEntity
  8
A-OVER
100
AcDbLine
 10
232.66666666666666
 20
181.0
 30
0.0
 11
234.06666666666666
 21
181.0
 31
0.0
  0
LINE
  5
62E
330
17
100
AcDbEntity
  8
A-OVER
100
AcDbLine
 10
235.06666666666666
 20
181.0
 30
0.0
 11
236.46666666666667
 21
181.0
 31
0.0
  0
LINE
  5
62F
330
17
100
AcDbEntity
  8
A-OVER
100
AcDbLine
 10
237.46666666666667
 20
181.0
 30
0.0
 11
238.86666666666665
 21
181.0
 31
0.0
  0
LINE
  5
630
330
17
100
AcDbEntity
  8
A-OVER
100
AcDbLine
 10
239.86666666666665
 20
181.0
 30
0.0
 11
241.26666666666665
 21
181.0
 31
0.0
  0
LINE
  5
631
330
17
100
AcDbEntity
  8
A-OVER
100
AcDbLine
 10
242.26666666666665
 20
181.0
 30
0.0
 11
242.66666666666666
 21
181.0
 31
0.0
  0
LINE
  5
632
330
17
100
AcDbEntity
  8
A-WALL-IN
100
AcDbLine
 10
209.83333333333334
 20
178.0
 30
0.0
 11
209.83333333333334
 21
208.33333333333334
 31
0.0
  0
LINE
  5
633
330
17
100
AcDbEntity
  8
A-WALL-IN
100
AcDbLine
 10
211.5
 20
178.0
 30
0.0
 11
211.5
 21
208.33333333333334
 31
0.0
  0
LINE
  5
634
330
17
100
AcDbEntity
  8
A-WALL-IN
100
AcDbLine
 10
210.66666666666666
 20
182.01587333333333
 30
0.0
 11
214.0
 21
182.01587333333333
 31
0.0
  0
LINE
  5
635
330
17
100
AcDbEntity
  8
A-WALL-IN
100
AcDbLine
 10
210.66666666666666
 20
183.03174666666666
 30
0.0
 11
216.4401693585629
 21
183.03174666666666
 31
0.0
  0
LINE
  5
636
330
17
100
AcDbEntity
  8
A-WALL-IN
100
AcDbLine
 10
210.66666666666666
 20
184.04762
 30
0.0
 11
217.33333333333334
 21
184.04762
 31
0.0
  0
LINE
  5
637
330
17
100
AcDbEntity
  8
A-WALL-IN
100
AcDbLine
 10
210.66666666666666
 20
185.06349333333333
 30
0.0
 11
216.4401693585629
 21
185.06349333333333
 31
0.0
  0
LINE
  5
638
330
17
100
AcDbEntity
  8
A-WALL-IN
100
AcDbLine
 10
210.66666666666666
 20
186.07936666666666
 30
0.0
 11
214.0
 21
186.07936666666666
 31
0.0
  0
LINE
  5
639
330
17
100
AcDbEntity
  8
A-WALL-IN
100
AcDbLine
 10
210.66666666666666
 20
188.11111333333332
 30
0.0
 11
207.33333333333334
 21
188.11111333333332
 31
0.0
  0
LINE
  5
63A
330
17
100
AcDbEntity
  8
A-WALL-IN
100
AcDbLine
 10
210.66666666666666
 20
189.12698666666665
 30
0.0
 11
204.8931639747704
 21
189.12698666666665
 31
0.0
  0
LINE
  5
63B
330
17
100
AcDbEntity
  8
A-WALL-IN
100
AcDbLine
 10
210.66666666666666
 20
190.14285999999998
 30
0.0
 11
204.0
 21
190.14285999999998
 31
0.0
  0
LINE
  5
63C
330
17
100
AcDbEntity
  8
A-WALL-IN
100
AcDbLine
 10
210.66666666666666
 20
191.15873333333334
 30
0.0
 11
204.8931639747704
 21
191.15873333333334
 31
0.0
  0
LINE
  5
63D
330
17
100
AcDbEntity
  8
A-WALL-IN
100
AcDbLine
 10
210.66666666666666
 20
192.17460666666668
 30
0.0
 11
207.33333333333334
 21
192.17460666666668
 31
0.0
  0
LINE
  5
63E
330
17
100
AcDbEntity
  8
A-WALL-IN
100
AcDbLine
 10
210.66666666666666
 20
194.20635333333334
 30
0.0
 11
214.0
 21
194.20635333333334
 31
0.0
  0
LINE
  5
63F
330
17
100
AcDbEntity
  8
A-WALL-IN
100
AcDbLine
 10
210.66666666666666
 20
195.22222666666667
 30
0.0
 11
216.4401693585629
 21
195.22222666666667
 31
0.0
  0
LINE
  5
640
330
17
100
AcDbEntity
  8
A-WALL-IN
100
AcDbLine
 10
210.66666666666666
 20
196.2381
 30
0.0
 11
217.33333333333334
 21
196.2381
 31
0.0
  0
LINE
  5
641
330
17
100
AcDbEntity
  8
A-WALL-IN
100
AcDbLine
 10
210.66666666666666
 20
197.25397333333333
 30
0.0
 11
216.4401693585629
 21
197.25397333333333
 31
0.0
  0
LINE
  5
642
330
17
100
AcDbEntity
  8
A-WALL-IN
100
AcDbLine
 10
210.66666666666666
 20
198.26984666666667
 30
0.0
 11
214.0
 21
198.26984666666667
 31
0.0
  0
LINE
  5
643
330
17
100
AcDbEntity
  8
A-WALL-IN
100
AcDbLine
 10
210.66666666666666
 20
200.30159333333333
 30
0.0
 11
207.33333333333334
 21
200.30159333333333
 31
0.0
  0
LINE
  5
644
330
17
100
AcDbEntity
  8
A-WALL-IN
100
AcDbLine
 10
210.66666666666666
 20
201.31746666666666
 30
0.0
 11
204.8931639747704
 21
201.31746666666666
 31
0.0
  0
LINE
  5
645
330
17
100
AcDbEntity
  8
A-WALL-IN
100
AcDbLine
 10
210.66666666666666
 20
202.33334
 30
0.0
 11
204.0
 21
202.33334
 31
0.0
  0
TEXT
  5
646
330
17
100
AcDbEntity
  8
S-TEXT
100
AcDbText
 10
231.66666666666666
 20
205.66666666666666
 30
0.0
 40
1.75
  1
SENTRY POST
  7
OpenSans
 72
1
 11
231.66666666666666
 21
205.66666666666666
 31
0.0
100
AcDbText
 73
2
  0
TEXT
  5
647
330
17
100
AcDbEntity
  8
S-TEXT
100
AcDbText
 10
130.0
 20
221.0
 30
0.0
 40
1.75
  1
SENTRY POST: RC FRAME DASHED BEHIND THE 190 BRICK INFILL
  7
OpenSans
 11
130.0
 21
221.0
 31
0.0
100
AcDbText
 73
2
  0
TEXT
  5
648
330
17
100
AcDbEntity
  8
S-TEXT
100
AcDbText
 10
130.0
 20
217.5
 30
0.0
 40
1.75
  1
300 ROOF PROJECTION WITH A 300 HIGH PARDI OVER IT
  7
OpenSans
 11
130.0
 21
217.5
 31
0.0
100
AcDbText
 73
2
  0
TEXT
  5
649
330
17
100
AcDbEntity
  8
S-TEXT
100
AcDbText
 10
217.33333333333334
 20
213.33333333333334
 30
0.0
 40
1.75
  1
SPIRAL STAIR 1000 R
  7
OpenSans
 72
2
 11
217.33333333333334
 21
213.33333333333334
 31
0.0
100
AcDbText
  0
TEXT
  5
64A
330
17
100
AcDbEntity
  8
S-TEXT
100
AcDbText
 10
217.33333333333334
 20
210.33333333333334
 30
0.0
 40
1.75
  1
250 DIA CENTRAL POLE
  7
OpenSans
 72
2
 11
217.33333333333334
 21
210.33333333333334
 31
0.0
100
AcDbText
  0
LINE
  5
64B
330
17
100
AcDbEntity
  8
S-LEVEL
100
AcDbLine
 10
247.0
 20
224.66666666666666
 30
0.0
 11
250.0
 21
224.66666666666666
 31
0.0
  0
INSERT
  5
64C
330
17
100
AcDbEntity
  8
S-LEVEL
100
AcDbBlockReference
  2
A2-LEVEL
 10
250.0
 20
224.66666666666666
 30
0.0
  0
TEXT
  5
64E
330
17
100
AcDbEntity
  8
S-LEVEL
100
AcDbText
 10
252.6
 20
228.86666666666667
 30
0.0
 40
1.75
  1
+7.000  PARDI
  7
OpenSans
 11
252.6
 21
228.86666666666667
 31
0.0
100
AcDbText
 73
2
  0
LINE
  5
64F
330
17
100
AcDbEntity
  8
S-LEVEL
100
AcDbLine
 10
247.0
 20
222.66666666666666
 30
0.0
 11
250.0
 21
222.66666666666666
 31
0.0
  0
INSERT
  5
650
330
17
100
AcDbEntity
  8
S-LEVEL
100
AcDbBlockReference
  2
A2-LEVEL
 10
250.0
 20
222.66666666666666
 30
0.0
  0
TEXT
  5
652
330
17
100
AcDbEntity
  8
S-LEVEL
100
AcDbText
 10
252.6
 20
223.26666666666665
 30
0.0
 40
1.75
  1
+6.700  ROOF
  7
OpenSans
 11
252.6
 21
223.26666666666665
 31
0.0
100
AcDbText
 73
2
  0
LINE
  5
653
330
17
100
AcDbEntity
  8
S-LEVEL
100
AcDbLine
 10
247.0
 20
202.33333333333334
 30
0.0
 11
250.0
 21
202.33333333333334
 31
0.0
  0
INSERT
  5
654
330
17
100
AcDbEntity
  8
S-LEVEL
100
AcDbBlockReference
  2
A2-LEVEL
 10
250.0
 20
202.33333333333334
 30
0.0
  0
TEXT
  5
656
330
17
100
AcDbEntity
  8
S-LEVEL
100
AcDbText
 10
252.6
 20
204.73333333333335
 30
0.0
 40
1.75
  1
+3.650  1ST FLOOR
  7
OpenSans
 11
252.6
 21
204.73333333333335
 31
0.0
100
AcDbText
 73
2
  0
LINE
  5
657
330
17
100
AcDbEntity
  8
S-LEVEL
100
AcDbLine
 10
247.0
 20
194.33333333333334
 30
0.0
 11
250.0
 21
194.33333333333334
 31
0.0
  0
INSERT
  5
658
330
17
100
AcDbEntity
  8
S-LEVEL
100
AcDbBlockReference
  2
A2-LEVEL
 10
250.0
 20
194.33333333333334
 30
0.0
  0
TEXT
  5
65A
330
17
100
AcDbEntity
  8
S-LEVEL
100
AcDbText
 10
252.6
 20
196.73333333333335
 30
0.0
 40
1.75
  1
+2.450  ASW HEAD
  7
OpenSans
 11
252.6
 21
196.73333333333335
 31
0.0
100
AcDbText
 73
2
  0
LINE
  5
65B
330
17
100
AcDbEntity
  8
S-LEVEL
100
AcDbLine
 10
247.0
 20
184.0
 30
0.0
 11
250.0
 21
184.0
 31
0.0
  0
INSERT
  5
65C
330
17
100
AcDbEntity
  8
S-LEVEL
100
AcDbBlockReference
  2
A2-LEVEL
 10
250.0
 20
184.0
 30
0.0
  0
TEXT
  5
65E
330
17
100
AcDbEntity
  8
S-LEVEL
100
AcDbText
 10
252.6
 20
187.8
 30
0.0
 40
1.75
  1
+0.900  BERM TOP
  7
OpenSans
 11
252.6
 21
187.8
 31
0.0
100
AcDbText
 73
2
  0
LINE
  5
65F
330
17
100
AcDbEntity
  8
S-LEVEL
100
AcDbLine
 10
247.0
 20
181.0
 30
0.0
 11
250.0
 21
181.0
 31
0.0
  0
INSERT
  5
660
330
17
100
AcDbEntity
  8
S-LEVEL
100
AcDbBlockReference
  2
A2-LEVEL
 10
250.0
 20
181.0
 30
0.0
  0
TEXT
  5
662
330
17
100
AcDbEntity
  8
S-LEVEL
100
AcDbText
 10
252.6
 20
182.0
 30
0.0
 40
1.75
  1
+0.450  POST FFL
  7
OpenSans
 11
252.6
 21
182.0
 31
0.0
100
AcDbText
 73
2
  0
LINE
  5
663
330
17
100
AcDbEntity
  8
S-LEVEL
100
AcDbLine
 10
198.0
 20
178.0
 30
0.0
 11
250.0
 21
178.0
 31
0.0
  0
INSERT
  5
664
330
17
100
AcDbEntity
  8
S-LEVEL
100
AcDbBlockReference
  2
A2-LEVEL
 10
250.0
 20
178.0
 30
0.0
  0
TEXT
  5
666
330
17
100
AcDbEntity
  8
S-LEVEL
100
AcDbText
 10
252.6
 20
176.8
 30
0.0
 40
1.75
  1
0.000  GRADE
  7
OpenSans
 11
252.6
 21
176.8
 31
0.0
100
AcDbText
 73
2
  0
LINE
  5
667
330
17
100
AcDbEntity
  8
S-LEVEL
100
AcDbLine
 10
198.0
 20
164.66666666666666
 30
0.0
 11
250.0
 21
164.66666666666666
 31
0.0
  0
INSERT
  5
668
330
17
100
AcDbEntity
  8
S-LEVEL
100
AcDbBlockReference
  2
A2-LEVEL
 10
250.0
 20
164.66666666666666
 30
0.0
  0
TEXT
  5
66A
330
17
100
AcDbEntity
  8
S-LEVEL
100
AcDbText
 10
252.6
 20
167.06666666666666
 30
0.0
 40
1.75
  1
(-)2.000  SLAB TOP
  7
OpenSans
 11
252.6
 21
167.06666666666666
 31
0.0
100
AcDbText
 73
2
  0
LINE
  5
66B
330
17
100
AcDbEntity
  8
S-LEVEL
100
AcDbLine
 10
198.0
 20
158.66666666666666
 30
0.0
 11
250.0
 21
158.66666666666666
 31
0.0
  0
INSERT
  5
66C
330
17
100
AcDbEntity
  8
S-LEVEL
100
AcDbBlockReference
  2
A2-LEVEL
 10
250.0
 20
158.66666666666666
 30
0.0
  0
TEXT
  5
66E
330
17
100
AcDbEntity
  8
S-LEVEL
100
AcDbText
 10
252.6
 20
161.06666666666666
 30
0.0
 40
1.75
  1
(-)2.900  ROOF SOFFIT
  7
OpenSans
 11
252.6
 21
161.06666666666666
 31
0.0
100
AcDbText
 73
2
  0
LINE
  5
66F
330
17
100
AcDbEntity
  8
S-LEVEL
100
AcDbLine
 10
198.0
 20
137.33333333333334
 30
0.0
 11
250.0
 21
137.33333333333334
 31
0.0
  0
INSERT
  5
670
330
17
100
AcDbEntity
  8
S-LEVEL
100
AcDbBlockReference
  2
A2-LEVEL
 10
250.0
 20
137.33333333333334
 30
0.0
  0
TEXT
  5
672
330
17
100
AcDbEntity
  8
S-LEVEL
100
AcDbText
 10
252.6
 20
141.13333333333335
 30
0.0
 40
1.75
  1
(-)6.100  FLOOR
  7
OpenSans
 11
252.6
 21
141.13333333333335
 31
0.0
100
AcDbText
 73
2
  0
LINE
  5
673
330
17
100
AcDbEntity
  8
S-LEVEL
100
AcDbLine
 10
198.0
 20
133.33333333333334
 30
0.0
 11
250.0
 21
133.33333333333334
 31
0.0
  0
INSERT
  5
674
330
17
100
AcDbEntity
  8
S-LEVEL
100
AcDbBlockReference
  2
A2-LEVEL
 10
250.0
 20
133.33333333333334
 30
0.0
  0
TEXT
  5
676
330
17
100
AcDbEntity
  8
S-LEVEL
100
AcDbText
 10
252.6
 20
134.33333333333334
 30
0.0
 40
1.75
  1
(-)6.700  MAT SOFFIT
  7
OpenSans
 11
252.6
 21
134.33333333333334
 31
0.0
100
AcDbText
 73
2
  0
TEXT
  5
677
330
17
100
AcDbEntity
  8
S-TEXT
100
AcDbText
 10
50.0
 20
135.33333333333334
 30
0.0
 40
1.75
  1
(-)6.800  FORMATION
  7
OpenSans
 11
50.0
 21
135.33333333333334
 31
0.0
100
AcDbText
 73
2
  0
TEXT
  5
678
330
17
100
AcDbEntity
  8
S-TEXT
100
AcDbText
 10
226.33333333333334
 20
160.66666666666666
 30
0.0
 40
1.75
  1
F1 FOUNDING LEVEL  (-)2.000
  7
OpenSans
 72
1
 11
226.33333333333334
 21
160.66666666666666
 31
0.0
100
AcDbText
 73
2
  0
DIMENSION
  5
679
330
17
100
AcDbEntity
  8
S-DIM
100
AcDbDimension
280
0
  2
*D17
  3
A2-DIM-S
 10
223.0
 20
181.0
 30
0.0
 11
221.4
 21
191.66666666666669
 31
0.0
 70
32
 71
5
  1
<>
100
AcDbAlignedDimension
 13
218.33333333333334
 23
181.0
 33
0.0
 14
218.33333333333334
 24
202.33333333333334
 34
0.0
 50
90.0
100
AcDbRotatedDimension
1001
ACAD
1000
DSTYLE
1002
{
1070
144
1040
150.0
1002
}
  0
DIMENSION
  5
688
330
17
100
AcDbEntity
  8
S-DIM
100
AcDbDimension
280
0
  2
*D18
  3
A2-DIM-S
 10
223.0
 20
202.33333333333334
 30
0.0
 11
221.4
 21
212.5
 31
0.0
 70
32
 71
5
  1
<>
100
AcDbAlignedDimension
 13
218.33333333333334
 23
202.33333333333334
 33
0.0
 14
218.33333333333334
 24
222.66666666666666
 34
0.0
 50
90.0
100
AcDbRotatedDimension
1001
ACAD
1000
DSTYLE
1002
{
1070
144
1040
150.0
1002
}
  0
CIRCLE
  5
697
330
17
100
AcDbEntity
  8
S-TITLE
100
AcDbCircle
 10
48.0
 20
123.0
 30
0.0
 40
4.0
  0
TEXT
  5
698
330
17
100
AcDbEntity
  8
S-TITLE
100
AcDbText
 10
48.0
 20
123.0
 30
0.0
 40
3.6720000000000006
  1
3
  7
OpenSans
 72
1
 11
48.0
 21
123.0
 31
0.0
100
AcDbText
 73
2
  0
TEXT
  5
699
330
17
100
AcDbEntity
  8
S-TITLE
100
AcDbText
 10
56.2
 20
124.0
 30
0.0
 40
5.4
  1
SOUTH ELEVATION - SHELTER AND SENTRY POST
  7
OpenSans
 11
56.2
 21
124.0
 31
0.0
100
AcDbText
  0
LINE
  5
69A
330
17
100
AcDbEntity
  8
S-TITLE
100
AcDbLine
 10
53.6
 20
122.6
 30
0.0
 11
272.0
 21
122.6
 31
0.0
  0
TEXT
  5
69B
330
17
100
AcDbEntity
  8
S-TEXT
100
AcDbText
 10
56.2
 20
116.4
 30
0.0
 40
3.3
  1
1 : 150   THE BURIED STRUCTURE IS SHOWN BEYOND THE GROUND LINE
  7
OpenSans
 11
56.2
 21
116.4
 31
0.0
100
AcDbText
  0
LWPOLYLINE
  5
69C
330
17
100
AcDbEntity
  8
A-WALL-IN
100
AcDbPolyline
 90
4
 70
1
 10
58.0
 20
52.0
 10
138.0
 20
52.0
 10
138.0
 20
89.5
 10
58.0
 20
89.5
  0
LINE
  5
69D
330
17
100
AcDbEntity
  8
A-WALL-IN
100
AcDbLine
 10
58.0
 20
59.5
 30
0.0
 11
138.0
 21
59.5
 31
0.0
  0
LINE
  5
69E
330
17
100
AcDbEntity
  8
A-WALL-IN
100
AcDbLine
 10
58.0
 20
67.0
 30
0.0
 11
138.0
 21
67.0
 31
0.0
  0
LINE
  5
69F
330
17
100
AcDbEntity
  8
A-WALL-IN
100
AcDbLine
 10
58.0
 20
74.5
 30
0.0
 11
138.0
 21
74.5
 31
0.0
  0
LINE
  5
6A0
330
17
100
AcDbEntity
  8
A-WALL-IN
100
AcDbLine
 10
58.0
 20
82.0
 30
0.0
 11
138.0
 21
82.0
 31
0.0
  0
LWPOLYLINE
  5
6A1
330
17
100
AcDbEntity
  8
A-WALL
100
AcDbPolyline
 90
4
 70
1
 10
40.5
 20
52.0
 10
58.0
 20
52.0
 10
58.0
 20
89.5
 10
40.5
 20
89.5
  0
HATCH
  5
6A2
330
17
100
AcDbEntity
  8
S-HATCH
 62
7
100
AcDbHatch
 10
0.0
 20
0.0
 30
0.0
210
0.0
220
0.0
230
1.0
  2
ANSI31
 70
0
 71
0
 91
1
 92
3
 72
0
 73
1
 93
4
 10
40.5
 20
52.0
 10
58.0
 20
52.0
 10
58.0
 20
89.5
 10
40.5
 20
89.5
 97
0
 75
1
 76
1
 52
0.0
 41
0.5
 77
0
 78
1
 53
45.0
 43
0.0
 44
0.0
 45
-1.1225320152
 46
1.1225320152
 79
0
 98
0
  0
LWPOLYLINE
  5
6A3
330
17
100
AcDbEntity
  8
A-OPEN
100
AcDbPolyline
 90
4
 70
1
 10
68.0
 20
69.5
 10
128.0
 20
69.5
 10
128.0
 20
77.0
 10
68.0
 20
77.0
  0
HATCH
  5
6A4
330
17
100
AcDbEntity
  8
S-HATCH
 62
7
100
AcDbHatch
 10
0.0
 20
0.0
 30
0.0
210
0.0
220
0.0
230
1.0
  2
ANSI31
 70
0
 71
0
 91
1
 92
3
 72
0
 73
1
 93
4
 10
68.0
 20
69.5
 10
128.0
 20
69.5
 10
128.0
 20
77.0
 10
68.0
 20
77.0
 97
0
 75
1
 76
1
 52
0.0
 41
0.5
 77
0
 78
1
 53
45.0
 43
0.0
 44
0.0
 45
-1.1225320152
 46
1.1225320152
 79
0
 98
0
  0
LWPOLYLINE
  5
6A5
330
17
100
AcDbEntity
  8
A-EQUIP
100
AcDbPolyline
 90
2
 70
0
 10
70.0
 20
71.25
 10
126.0
 20
71.25
  0
LWPOLYLINE
  5
6A6
330
17
100
AcDbEntity
  8
A-EQUIP
100
AcDbPolyline
 90
2
 70
0
 10
70.0
 20
75.25
 10
126.0
 20
75.25
  0
LWPOLYLINE
  5
6A7
330
17
100
AcDbEntity
  8
A-EQUIP
100
AcDbPolyline
 90
2
 70
0
 10
70.0
 20
71.25
 10
70.0
 20
75.25
  0
LWPOLYLINE
  5
6A8
330
17
100
AcDbEntity
  8
A-EQUIP
100
AcDbPolyline
 90
2
 70
0
 10
77.0
 20
71.25
 10
77.0
 20
75.25
  0
LWPOLYLINE
  5
6A9
330
17
100
AcDbEntity
  8
A-EQUIP
100
AcDbPolyline
 90
2
 70
0
 10
84.0
 20
71.25
 10
84.0
 20
75.25
  0
LWPOLYLINE
  5
6AA
330
17
100
AcDbEntity
  8
A-EQUIP
100
AcDbPolyline
 90
2
 70
0
 10
91.0
 20
71.25
 10
91.0
 20
75.25
  0
LWPOLYLINE
  5
6AB
330
17
100
AcDbEntity
  8
A-EQUIP
100
AcDbPolyline
 90
2
 70
0
 10
98.0
 20
71.25
 10
98.0
 20
75.25
  0
LWPOLYLINE
  5
6AC
330
17
100
AcDbEntity
  8
A-EQUIP
100
AcDbPolyline
 90
2
 70
0
 10
105.0
 20
71.25
 10
105.0
 20
75.25
  0
LWPOLYLINE
  5
6AD
330
17
100
AcDbEntity
  8
A-EQUIP
100
AcDbPolyline
 90
2
 70
0
 10
112.0
 20
71.25
 10
112.0
 20
75.25
  0
LWPOLYLINE
  5
6AE
330
17
100
AcDbEntity
  8
A-EQUIP
100
AcDbPolyline
 90
2
 70
0
 10
119.0
 20
71.25
 10
119.0
 20
75.25
  0
LWPOLYLINE
  5
6AF
330
17
100
AcDbEntity
  8
A-EQUIP
100
AcDbPolyline
 90
2
 70
0
 10
126.0
 20
71.25
 10
126.0
 20
75.25
  0
LWPOLYLINE
  5
6B0
330
17
100
AcDbEntity
  8
A-EQUIP
100
AcDbPolyline
 90
2
 70
0
 10
56.0
 20
59.5
 10
68.0
 20
59.5
  0
LWPOLYLINE
  5
6B1
330
17
100
AcDbEntity
  8
A-EQUIP
100
AcDbPolyline
 90
2
 70
0
 10
56.0
 20
82.0
 10
68.0
 20
82.0
  0
TEXT
  5
6B2
330
17
100
AcDbEntity
  8
S-TEXT
100
AcDbText
 10
98.0
 20
86.5
 30
0.0
 40
1.75
  1
190 BRICKWORK IN THE 200 ZONE
  7
OpenSans
 72
1
 11
98.0
 21
86.5
 31
0.0
100
AcDbText
 73
2
  0
TEXT
  5
6B3
330
17
100
AcDbEntity
  8
S-TEXT
100
AcDbText
 10
98.0
 20
80.0
 30
0.0
 40
1.75
  1
LINTEL L1  190 x 150
  7
OpenSans
 72
1
 11
98.0
 21
80.0
 31
0.0
100
AcDbText
 73
2
  0
TEXT
  5
6B4
330
17
100
AcDbEntity
  8
S-TEXT
100
AcDbText
 10
98.0
 20
62.0
 30
0.0
 40
1.75
  1
2-T10 BOTTOM, 2-T8 TOP, T6 LINKS AT 150
  7
OpenSans
 72
1
 11
98.0
 21
62.0
 31
0.0
100
AcDbText
 73
2
  0
TEXT
  5
6B5
330
17
100
AcDbEntity
  8
S-TEXT
100
AcDbText
 10
49.25
 20
83.0
 30
0.0
 40
1.75
  1
C1
 50
90.0
  7
OpenSans
 72
1
 11
49.25
 21
83.0
 31
0.0
100
AcDbText
 73
2
  0
LINE
  5
6B6
330
17
100
AcDbEntity
  8
S-CALLOUT
100
AcDbLine
 10
63.0
 20
82.0
 30
0.0
 11
149.0
 21
86.5
 31
0.0
  0
LINE
  5
6B7
330
17
100
AcDbEntity
  8
S-CALLOUT
100
AcDbLine
 10
149.0
 20
86.5
 30
0.0
 11
151.6
 21
86.5
 31
0.0
  0
TEXT
  5
6B8
330
17
100
AcDbEntity
  8
S-TEXT
100
AcDbText
 10
152.4
 20
86.5
 30
0.0
 40
1.75
  1
6 DIA MS TIES AT EVERY FIFTH COURSE, 200 INTO THE BED JOINT
  7
OpenSans
 11
152.4
 21
86.5
 31
0.0
100
AcDbText
 73
2
  0
DIMENSION
  5
6B9
330
17
100
AcDbEntity
  8
S-DIM
100
AcDbDimension
280
0
  2
*D19
  3
A2-DIM-S
 10
68.0
 20
55.0
 30
0.0
 11
98.0
 21
56.6
 31
0.0
 70
32
 71
5
  1
<>
100
AcDbAlignedDimension
 13
68.0
 23
69.5
 33
0.0
 14
128.0
 24
69.5
 34
0.0
 50
0.0
100
AcDbRotatedDimension
1001
ACAD
1000
DSTYLE
1002
{
1070
144
1040
20.0
1002
}
  0
DIMENSION
  5
6C8
330
17
100
AcDbEntity
  8
S-DIM
100
AcDbDimension
280
0
  2
*D20
  3
A2-DIM-S
 10
136.0
 20
69.5
 30
0.0
 11
134.4
 21
73.25
 31
0.0
 70
32
 71
5
  1
<>
100
AcDbAlignedDimension
 13
128.0
 23
69.5
 33
0.0
 14
128.0
 24
77.0
 34
0.0
 50
90.0
100
AcDbRotatedDimension
1001
ACAD
1000
DSTYLE
1002
{
1070
144
1040
20.0
1002
}
  0
CIRCLE
  5
6D7
330
17
100
AcDbEntity
  8
S-TITLE
100
AcDbCircle
 10
56.0
 20
42.0
 30
0.0
 40
4.0
  0
TEXT
  5
6D8
330
17
100
AcDbEntity
  8
S-TITLE
100
AcDbText
 10
56.0
 20
42.0
 30
0.0
 40
3.6720000000000006
  1
4
  7
OpenSans
 72
1
 11
56.0
 21
42.0
 31
0.0
100
AcDbText
 73
2
  0
TEXT
  5
6D9
330
17
100
AcDbEntity
  8
S-TITLE
100
AcDbText
 10
64.2
 20
43.0
 30
0.0
 40
5.4
  1
LINTEL L1, WALL TIES AND THE 200 INFILL ZONE
  7
OpenSans
 11
64.2
 21
43.0
 31
0.0
100
AcDbText
  0
LINE
  5
6DA
330
17
100
AcDbEntity
  8
S-TITLE
100
AcDbLine
 10
61.6
 20
41.6
 30
0.0
 11
272.0
 21
41.6
 31
0.0
  0
TEXT
  5
6DB
330
17
100
AcDbEntity
  8
S-TEXT
100
AcDbText
 10
64.2
 20
35.4
 30
0.0
 40
3.3
  1
1 : 20   ONE LINTEL TYPE SERVES ALL ELEVEN OPENINGS
  7
OpenSans
 11
64.2
 21
35.4
 31
0.0
100
AcDbText
  0
LWPOLYLINE
  5
6DC
330
17
100
AcDbEntity
  8
S-TABLE
100
AcDbPolyline
 90
4
 70
1
 10
282.0
 20
376.59999999999997
 10
460.0
 20
376.59999999999997
 10
460.0
 20
383.0
 10
282.0
 20
383.0
  0
TEXT
  5
6DD
330
17
100
AcDbEntity
  8
S-TABLE
100
AcDbText
 10
371.0
 20
379.8
 30
0.0
 40
3.8
  1
SENTRY POST ELEMENT SCHEDULE
  7
OpenSans
 72
1
 11
371.0
 21
379.8
 31
0.0
100
AcDbText
 73
2
  0
LWPOLYLINE
  5
6DE
330
17
100
AcDbEntity
  8
S-TABLE
100
AcDbPolyline
 90
4
 70
1
 10
282.0
 20
369.40000000000003
 10
460.0
 20
369.40000000000003
 10
460.0
 20
376.6
 10
282.0
 20
376.6
  0
TEXT
  5
6DF
330
17
100
AcDbEntity
  8
S-TABLE
100
AcDbText
 10
296.7684796324238
 20
373.0
 30
0.0
 40
1.88
  1
ELEMENT
  7
OpenSans
 72
1
 11
296.7684796324238
 21
373.0
 31
0.0
100
AcDbText
 73
2
  0
LINE
  5
6E0
330
17
100
AcDbEntity
  8
S-TABLE
100
AcDbLine
 10
311.5369592648476
 20
369.40000000000003
 30
0.0
 11
311.5369592648476
 21
376.6
 31
0.0
  0
TEXT
  5
6E1
330
17
100
AcDbEntity
  8
S-TABLE
100
AcDbText
 10
323.6681816658489
 20
373.0
 30
0.0
 40
1.88
  1
SIZE
  7
OpenSans
 72
1
 11
323.6681816658489
 21
373.0
 31
0.0
100
AcDbText
 73
2
  0
LINE
  5
6E2
330
17
100
AcDbEntity
  8
S-TABLE
100
AcDbLine
 10
335.7994040668503
 20
369.40000000000003
 30
0.0
 11
335.7994040668503
 21
376.6
 31
0.0
  0
TEXT
  5
6E3
330
17
100
AcDbEntity
  8
S-TABLE
100
AcDbText
 10
359.8418679751641
 20
373.0
 30
0.0
 40
1.88
  1
EXTENT
  7
OpenSans
 72
1
 11
359.8418679751641
 21
373.0
 31
0.0
100
AcDbText
 73
2
  0
LINE
  5
6E4
330
17
100
AcDbEntity
  8
S-TABLE
100
AcDbLine
 10
383.8843318834779
 20
369.40000000000003
 30
0.0
 11
383.8843318834779
 21
376.6
 31
0.0
  0
TEXT
  5
6E5
330
17
100
AcDbEntity
  8
S-TABLE
100
AcDbText
 10
389.49625762567376
 20
373.0
 30
0.0
 40
1.88
  1
COVER
  7
OpenSans
 72
1
 11
389.49625762567376
 21
373.0
 31
0.0
100
AcDbText
 73
2
  0
LINE
  5
6E6
330
17
100
AcDbEntity
  8
S-TABLE
100
AcDbLine
 10
395.1081833678696
 20
369.40000000000003
 30
0.0
 11
395.1081833678696
 21
376.6
 31
0.0
  0
TEXT
  5
6E7
330
17
100
AcDbEntity
  8
S-TABLE
100
AcDbText
 10
427.5540916839348
 20
373.0
 30
0.0
 40
1.88
  1
NOTES
  7
OpenSans
 72
1
 11
427.5540916839348
 21
373.0
 31
0.0
100
AcDbText
 73
2
  0
LWPOLYLINE
  5
6E8
330
17
100
AcDbEntity
  8
S-TABLE
100
AcDbPolyline
 90
4
 70
1
 10
282.0
 20
362.20000000000005
 10
460.0
 20
362.20000000000005
 10
460.0
 20
369.40000000000003
 10
282.0
 20
369.40000000000003
  0
TEXT
  5
6E9
330
17
100
AcDbEntity
  8
S-TABLE
100
AcDbText
 10
283.4
 20
365.8
 30
0.0
 40
1.7
  1
C1  COLUMN
  7
OpenSans
 11
283.4
 21
365.8
 31
0.0
100
AcDbText
 73
2
  0
LINE
  5
6EA
330
17
100
AcDbEntity
  8
S-TABLE
100
AcDbLine
 10
311.5369592648476
 20
362.20000000000005
 30
0.0
 11
311.5369592648476
 21
369.40000000000003
 31
0.0
  0
TEXT
  5
6EB
330
17
100
AcDbEntity
  8
S-TABLE
100
AcDbText
 10
323.6681816658489
 20
365.8
 30
0.0
 40
1.7
  1
350 x 350
  7
OpenSans
 72
1
 11
323.6681816658489
 21
365.8
 31
0.0
100
AcDbText
 73
2
  0
LINE
  5
6EC
330
17
100
AcDbEntity
  8
S-TABLE
100
AcDbLine
 10
335.7994040668503
 20
362.20000000000005
 30
0.0
 11
335.7994040668503
 21
369.40000000000003
 31
0.0
  0
TEXT
  5
6ED
330
17
100
AcDbEntity
  8
S-TABLE
100
AcDbText
 10
337.19940406685026
 20
365.8
 30
0.0
 40
1.7
  1
4 No., BOTH STOREYS
  7
OpenSans
 11
337.19940406685026
 21
365.8
 31
0.0
100
AcDbText
 73
2
  0
LINE
  5
6EE
330
17
100
AcDbEntity
  8
S-TABLE
100
AcDbLine
 10
383.8843318834779
 20
362.20000000000005
 30
0.0
 11
383.8843318834779
 21
369.40000000000003
 31
0.0
  0
TEXT
  5
6EF
330
17
100
AcDbEntity
  8
S-TABLE
100
AcDbText
 10
389.49625762567376
 20
365.8
 30
0.0
 40
1.7
  1
40
  7
OpenSans
 72
1
 11
389.49625762567376
 21
365.8
 31
0.0
100
AcDbText
 73
2
  0
LINE
  5
6F0
330
17
100
AcDbEntity
  8
S-TABLE
100
AcDbLine
 10
395.1081833678696
 20
362.20000000000005
 30
0.0
 11
395.1081833678696
 21
369.40000000000003
 31
0.0
  0
TEXT
  5
6F1
330
17
100
AcDbEntity
  8
S-TABLE
100
AcDbText
 10
396.50818336786955
 20
365.8
 30
0.0
 40
1.7
  1
AT THE FOUR CORNERS, OUTER FACES FLUSH
  7
OpenSans
 11
396.50818336786955
 21
365.8
 31
0.0
100
AcDbText
 73
2
  0
LWPOLYLINE
  5
6F2
330
17
100
AcDbEntity
  8
S-TABLE
100
AcDbPolyline
 90
4
 70
1
 10
282.0
 20
355.00000000000006
 10
460.0
 20
355.00000000000006
 10
460.0
 20
362.20000000000005
 10
282.0
 20
362.20000000000005
  0
TEXT
  5
6F3
330
17
100
AcDbEntity
  8
S-TABLE
100
AcDbText
 10
283.4
 20
358.6
 30
0.0
 40
1.7
  1
B1  BEAM
  7
OpenSans
 11
283.4
 21
358.6
 31
0.0
100
AcDbText
 73
2
  0
LINE
  5
6F4
330
17
100
AcDbEntity
  8
S-TABLE
100
AcDbLine
 10
311.5369592648476
 20
355.00000000000006
 30
0.0
 11
311.5369592648476
 21
362.20000000000005
 31
0.0
  0
TEXT
  5
6F5
330
17
100
AcDbEntity
  8
S-TABLE
100
AcDbText
 10
323.6681816658489
 20
358.6
 30
0.0
 40
1.7
  1
250 x 450
  7
OpenSans
 72
1
 11
323.6681816658489
 21
358.6
 31
0.0
100
AcDbText
 73
2
  0
LINE
  5
6F6
330
17
100
AcDbEntity
  8
S-TABLE
100
AcDbLine
 10
335.7994040668503
 20
355.00000000000006
 30
0.0
 11
335.7994040668503
 21
362.20000000000005
 31
0.0
  0
TEXT
  5
6F7
330
17
100
AcDbEntity
  8
S-TABLE
100
AcDbText
 10
337.19940406685026
 20
358.6
 30
0.0
 40
1.7
  1
SPANS A-B, 3650 c/c
  7
OpenSans
 11
337.19940406685026
 21
358.6
 31
0.0
100
AcDbText
 73
2
  0
LINE
  5
6F8
330
17
100
AcDbEntity
  8
S-TABLE
100
AcDbLine
 10
383.8843318834779
 20
355.00000000000006
 30
0.0
 11
383.8843318834779
 21
362.20000000000005
 31
0.0
  0
TEXT
  5
6F9
330
17
100
AcDbEntity
  8
S-TABLE
100
AcDbText
 10
389.49625762567376
 20
358.6
 30
0.0
 40
1.7
  1
30
  7
OpenSans
 72
1
 11
389.49625762567376
 21
358.6
 31
0.0
100
AcDbText
 73
2
  0
LINE
  5
6FA
330
17
100
AcDbEntity
  8
S-TABLE
100
AcDbLine
 10
395.1081833678696
 20
355.00000000000006
 30
0.0
 11
395.1081833678696
 21
362.20000000000005
 31
0.0
  0
TEXT
  5
6FB
330
17
100
AcDbEntity
  8
S-TABLE
100
AcDbText
 10
396.50818336786955
 20
358.6
 30
0.0
 40
1.7
  1
ON GRIDS 1 AND 2
  7
OpenSans
 11
396.50818336786955
 21
358.6
 31
0.0
100
AcDbText
 73
2
  0
LWPOLYLINE
  5
6FC
330
17
100
AcDbEntity
  8
S-TABLE
100
AcDbPolyline
 90
4
 70
1
 10
282.0
 20
347.80000000000007
 10
460.0
 20
347.80000000000007
 10
460.0
 20
355.00000000000006
 10
282.0
 20
355.00000000000006
  0
TEXT
  5
6FD
330
17
100
AcDbEntity
  8
S-TABLE
100
AcDbText
 10
283.4
 20
351.40000000000003
 30
0.0
 40
1.7
  1
B2  BEAM
  7
OpenSans
 11
283.4
 21
351.40000000000003
 31
0.0
100
AcDbText
 73
2
  0
LINE
  5
6FE
330
17
100
AcDbEntity
  8
S-TABLE
100
AcDbLine
 10
311.5369592648476
 20
347.80000000000007
 30
0.0
 11
311.5369592648476
 21
355.00000000000006
 31
0.0
  0
TEXT
  5
6FF
330
17
100
AcDbEntity
  8
S-TABLE
100
AcDbText
 10
323.6681816658489
 20
351.40000000000003
 30
0.0
 40
1.7
  1
250 x 450
  7
OpenSans
 72
1
 11
323.6681816658489
 21
351.40000000000003
 31
0.0
100
AcDbText
 73
2
  0
LINE
  5
700
330
17
100
AcDbEntity
  8
S-TABLE
100
AcDbLine
 10
335.7994040668503
 20
347.80000000000007
 30
0.0
 11
335.7994040668503
 21
355.00000000000006
 31
0.0
  0
TEXT
  5
701
330
17
100
AcDbEntity
  8
S-TABLE
100
AcDbText
 10
337.19940406685026
 20
351.40000000000003
 30
0.0
 40
1.7
  1
SPANS 1-2, 4650 c/c
  7
OpenSans
 11
337.19940406685026
 21
351.40000000000003
 31
0.0
100
AcDbText
 73
2
  0
LINE
  5
702
330
17
100
AcDbEntity
  8
S-TABLE
100
AcDbLine
 10
383.8843318834779
 20
347.80000000000007
 30
0.0
 11
383.8843318834779
 21
355.00000000000006
 31
0.0
  0
TEXT
  5
703
330
17
100
AcDbEntity
  8
S-TABLE
100
AcDbText
 10
389.49625762567376
 20
351.40000000000003
 30
0.0
 40
1.7
  1
30
  7
OpenSans
 72
1
 11
389.49625762567376
 21
351.40000000000003
 31
0.0
100
AcDbText
 73
2
  0
LINE
  5
704
330
17
100
AcDbEntity
  8
S-TABLE
100
AcDbLine
 10
395.1081833678696
 20
347.80000000000007
 30
0.0
 11
395.1081833678696
 21
355.00000000000006
 31
0.0
  0
TEXT
  5
705
330
17
100
AcDbEntity
  8
S-TABLE
100
AcDbText
 10
396.50818336786955
 20
351.40000000000003
 30
0.0
 40
1.7
  1
ON GRIDS A AND B
  7
OpenSans
 11
396.50818336786955
 21
351.40000000000003
 31
0.0
100
AcDbText
 73
2
  0
LWPOLYLINE
  5
706
330
17
100
AcDbEntity
  8
S-TABLE
100
AcDbPolyline
 90
4
 70
1
 10
282.0
 20
340.6000000000001
 10
460.0
 20
340.6000000000001
 10
460.0
 20
347.80000000000007
 10
282.0
 20
347.80000000000007
  0
TEXT
  5
707
330
17
100
AcDbEntity
  8
S-TABLE
100
AcDbText
 10
283.4
 20
344.20000000000005
 30
0.0
 40
1.7
  1
S1  SLAB
  7
OpenSans
 11
283.4
 21
344.20000000000005
 31
0.0
100
AcDbText
 73
2
  0
LINE
  5
708
330
17
100
AcDbEntity
  8
S-TABLE
100
AcDbLine
 10
311.5369592648476
 20
340.6000000000001
 30
0.0
 11
311.5369592648476
 21
347.80000000000007
 31
0.0
  0
TEXT
  5
709
330
17
100
AcDbEntity
  8
S-TABLE
100
AcDbText
 10
323.6681816658489
 20
344.20000000000005
 30
0.0
 40
1.7
  1
150 THK
  7
OpenSans
 72
1
 11
323.6681816658489
 21
344.20000000000005
 31
0.0
100
AcDbText
 73
2
  0
LINE
  5
70A
330
17
100
AcDbEntity
  8
S-TABLE
100
AcDbLine
 10
335.7994040668503
 20
340.6000000000001
 30
0.0
 11
335.7994040668503
 21
347.80000000000007
 31
0.0
  0
TEXT
  5
70B
330
17
100
AcDbEntity
  8
S-TABLE
100
AcDbText
 10
337.19940406685026
 20
344.20000000000005
 30
0.0
 40
1.7
  1
3650 x 4650 c/c, TWO-WAY
  7
OpenSans
 11
337.19940406685026
 21
344.20000000000005
 31
0.0
100
AcDbText
 73
2
  0
LINE
  5
70C
330
17
100
AcDbEntity
  8
S-TABLE
100
AcDbLine
 10
383.8843318834779
 20
340.6000000000001
 30
0.0
 11
383.8843318834779
 21
347.80000000000007
 31
0.0
  0
TEXT
  5
70D
330
17
100
AcDbEntity
  8
S-TABLE
100
AcDbText
 10
389.49625762567376
 20
344.20000000000005
 30
0.0
 40
1.7
  1
30
  7
OpenSans
 72
1
 11
389.49625762567376
 21
344.20000000000005
 31
0.0
100
AcDbText
 73
2
  0
LINE
  5
70E
330
17
100
AcDbEntity
  8
S-TABLE
100
AcDbLine
 10
395.1081833678696
 20
340.6000000000001
 30
0.0
 11
395.1081833678696
 21
347.80000000000007
 31
0.0
  0
TEXT
  5
70F
330
17
100
AcDbEntity
  8
S-TABLE
100
AcDbText
 10
396.50818336786955
 20
344.20000000000005
 30
0.0
 40
1.7
  1
BOTH FLOORS
  7
OpenSans
 11
396.50818336786955
 21
344.20000000000005
 31
0.0
100
AcDbText
 73
2
  0
LWPOLYLINE
  5
710
330
17
100
AcDbEntity
  8
S-TABLE
100
AcDbPolyline
 90
4
 70
1
 10
282.0
 20
333.4000000000001
 10
460.0
 20
333.4000000000001
 10
460.0
 20
340.6000000000001
 10
282.0
 20
340.6000000000001
  0
TEXT
  5
711
330
17
100
AcDbEntity
  8
S-TABLE
100
AcDbText
 10
283.4
 20
337.00000000000006
 30
0.0
 40
1.7
  1
PB  PLINTH BEAM
  7
OpenSans
 11
283.4
 21
337.00000000000006
 31
0.0
100
AcDbText
 73
2
  0
LINE
  5
712
330
17
100
AcDbEntity
  8
S-TABLE
100
AcDbLine
 10
311.5369592648476
 20
333.4000000000001
 30
0.0
 11
311.5369592648476
 21
340.6000000000001
 31
0.0
  0
TEXT
  5
713
330
17
100
AcDbEntity
  8
S-TABLE
100
AcDbText
 10
323.6681816658489
 20
337.00000000000006
 30
0.0
 40
1.7
  1
250 x 400
  7
OpenSans
 72
1
 11
323.6681816658489
 21
337.00000000000006
 31
0.0
100
AcDbText
 73
2
  0
LINE
  5
714
330
17
100
AcDbEntity
  8
S-TABLE
100
AcDbLine
 10
335.7994040668503
 20
333.4000000000001
 30
0.0
 11
335.7994040668503
 21
340.6000000000001
 31
0.0
  0
TEXT
  5
715
330
17
100
AcDbEntity
  8
S-TABLE
100
AcDbText
 10
337.19940406685026
 20
337.00000000000006
 30
0.0
 40
1.7
  1
AT +0.450
  7
OpenSans
 11
337.19940406685026
 21
337.00000000000006
 31
0.0
100
AcDbText
 73
2
  0
LINE
  5
716
330
17
100
AcDbEntity
  8
S-TABLE
100
AcDbLine
 10
383.8843318834779
 20
333.4000000000001
 30
0.0
 11
383.8843318834779
 21
340.6000000000001
 31
0.0
  0
TEXT
  5
717
330
17
100
AcDbEntity
  8
S-TABLE
100
AcDbText
 10
389.49625762567376
 20
337.00000000000006
 30
0.0
 40
1.7
  1
30
  7
OpenSans
 72
1
 11
389.49625762567376
 21
337.00000000000006
 31
0.0
100
AcDbText
 73
2
  0
LINE
  5
718
330
17
100
AcDbEntity
  8
S-TABLE
100
AcDbLine
 10
395.1081833678696
 20
333.4000000000001
 30
0.0
 11
395.1081833678696
 21
340.6000000000001
 31
0.0
  0
TEXT
  5
719
330
17
100
AcDbEntity
  8
S-TABLE
100
AcDbText
 10
396.50818336786955
 20
337.00000000000006
 30
0.0
 40
1.7
  1
TOP = GROUND FFL
  7
OpenSans
 11
396.50818336786955
 21
337.00000000000006
 31
0.0
100
AcDbText
 73
2
  0
LWPOLYLINE
  5
71A
330
17
100
AcDbEntity
  8
S-TABLE
100
AcDbPolyline
 90
4
 70
1
 10
282.0
 20
326.2000000000001
 10
460.0
 20
326.2000000000001
 10
460.0
 20
333.4000000000001
 10
282.0
 20
333.4000000000001
  0
TEXT
  5
71B
330
17
100
AcDbEntity
  8
S-TABLE
100
AcDbText
 10
283.4
 20
329.80000000000007
 30
0.0
 40
1.7
  1
F1  ISOLATED FOOTING
  7
OpenSans
 11
283.4
 21
329.80000000000007
 31
0.0
100
AcDbText
 73
2
  0
LINE
  5
71C
330
17
100
AcDbEntity
  8
S-TABLE
100
AcDbLine
 10
311.5369592648476
 20
326.2000000000001
 30
0.0
 11
311.5369592648476
 21
333.4000000000001
 31
0.0
  0
TEXT
  5
71D
330
17
100
AcDbEntity
  8
S-TABLE
100
AcDbText
 10
323.6681816658489
 20
329.80000000000007
 30
0.0
 40
1.7
  1
1500 x 1500 x 600
  7
OpenSans
 72
1
 11
323.6681816658489
 21
329.80000000000007
 31
0.0
100
AcDbText
 73
2
  0
LINE
  5
71E
330
17
100
AcDbEntity
  8
S-TABLE
100
AcDbLine
 10
335.7994040668503
 20
326.2000000000001
 30
0.0
 11
335.7994040668503
 21
333.4000000000001
 31
0.0
  0
TEXT
  5
71F
330
17
100
AcDbEntity
  8
S-TABLE
100
AcDbText
 10
337.19940406685026
 20
329.80000000000007
 30
0.0
 40
1.7
  1
4 No.
  7
OpenSans
 11
337.19940406685026
 21
329.80000000000007
 31
0.0
100
AcDbText
 73
2
  0
LINE
  5
720
330
17
100
AcDbEntity
  8
S-TABLE
100
AcDbLine
 10
383.8843318834779
 20
326.2000000000001
 30
0.0
 11
383.8843318834779
 21
333.4000000000001
 31
0.0
  0
TEXT
  5
721
330
17
100
AcDbEntity
  8
S-TABLE
100
AcDbText
 10
389.49625762567376
 20
329.80000000000007
 30
0.0
 40
1.7
  1
50
  7
OpenSans
 72
1
 11
389.49625762567376
 21
329.80000000000007
 31
0.0
100
AcDbText
 73
2
  0
LINE
  5
722
330
17
100
AcDbEntity
  8
S-TABLE
100
AcDbLine
 10
395.1081833678696
 20
326.2000000000001
 30
0.0
 11
395.1081833678696
 21
333.4000000000001
 31
0.0
  0
TEXT
  5
723
330
17
100
AcDbEntity
  8
S-TABLE
100
AcDbText
 10
396.50818336786955
 20
329.80000000000007
 30
0.0
 40
1.7
  1
ON IN-SITU BASALT AT (-)2.000
  7
OpenSans
 11
396.50818336786955
 21
329.80000000000007
 31
0.0
100
AcDbText
 73
2
  0
LWPOLYLINE
  5
724
330
17
100
AcDbEntity
  8
S-TABLE
100
AcDbPolyline
 90
4
 70
1
 10
282.0
 20
319.0000000000001
 10
460.0
 20
319.0000000000001
 10
460.0
 20
326.2000000000001
 10
282.0
 20
326.2000000000001
  0
TEXT
  5
725
330
17
100
AcDbEntity
  8
S-TABLE
100
AcDbText
 10
283.4
 20
322.6000000000001
 30
0.0
 40
1.7
  1
GROUND INFILL
  7
OpenSans
 11
283.4
 21
322.6000000000001
 31
0.0
100
AcDbText
 73
2
  0
LINE
  5
726
330
17
100
AcDbEntity
  8
S-TABLE
100
AcDbLine
 10
311.5369592648476
 20
319.0000000000001
 30
0.0
 11
311.5369592648476
 21
326.2000000000001
 31
0.0
  0
TEXT
  5
727
330
17
100
AcDbEntity
  8
S-TABLE
100
AcDbText
 10
323.6681816658489
 20
322.6000000000001
 30
0.0
 40
1.7
  1
200 ZONE
  7
OpenSans
 72
1
 11
323.6681816658489
 21
322.6000000000001
 31
0.0
100
AcDbText
 73
2
  0
LINE
  5
728
330
17
100
AcDbEntity
  8
S-TABLE
100
AcDbLine
 10
335.7994040668503
 20
319.0000000000001
 30
0.0
 11
335.7994040668503
 21
326.2000000000001
 31
0.0
  0
TEXT
  5
729
330
17
100
AcDbEntity
  8
S-TABLE
100
AcDbText
 10
337.19940406685026
 20
322.6000000000001
 30
0.0
 40
1.7
  1
190 BRICKWORK IS 1077, CM 1:6
  7
OpenSans
 11
337.19940406685026
 21
322.6000000000001
 31
0.0
100
AcDbText
 73
2
  0
LINE
  5
72A
330
17
100
AcDbEntity
  8
S-TABLE
100
AcDbLine
 10
383.8843318834779
 20
319.0000000000001
 30
0.0
 11
383.8843318834779
 21
326.2000000000001
 31
0.0
  0
TEXT
  5
72B
330
17
100
AcDbEntity
  8
S-TABLE
100
AcDbText
 10
389.49625762567376
 20
322.6000000000001
 30
0.0
 40
1.7
  1
-
  7
OpenSans
 72
1
 11
389.49625762567376
 21
322.6000000000001
 31
0.0
100
AcDbText
 73
2
  0
LINE
  5
72C
330
17
100
AcDbEntity
  8
S-TABLE
100
AcDbLine
 10
395.1081833678696
 20
319.0000000000001
 30
0.0
 11
395.1081833678696
 21
326.2000000000001
 31
0.0
  0
TEXT
  5
72D
330
17
100
AcDbEntity
  8
S-TABLE
100
AcDbText
 10
396.50818336786955
 20
322.6000000000001
 30
0.0
 40
1.7
  1
10 TAKEN UP IN THE INTERNAL PLASTER
  7
OpenSans
 11
396.50818336786955
 21
322.6000000000001
 31
0.0
100
AcDbText
 73
2
  0
LWPOLYLINE
  5
72E
330
17
100
AcDbEntity
  8
S-TABLE
100
AcDbPolyline
 90
4
 70
1
 10
282.0
 20
311.8000000000001
 10
460.0
 20
311.8000000000001
 10
460.0
 20
319.0000000000001
 10
282.0
 20
319.0000000000001
  0
TEXT
  5
72F
330
17
100
AcDbEntity
  8
S-TABLE
100
AcDbText
 10
283.4
 20
315.4000000000001
 30
0.0
 40
1.7
  1
FIRST STOREY INFILL
  7
OpenSans
 11
283.4
 21
315.4000000000001
 31
0.0
100
AcDbText
 73
2
  0
LINE
  5
730
330
17
100
AcDbEntity
  8
S-TABLE
100
AcDbLine
 10
311.5369592648476
 20
311.8000000000001
 30
0.0
 11
311.5369592648476
 21
319.0000000000001
 31
0.0
  0
TEXT
  5
731
330
17
100
AcDbEntity
  8
S-TABLE
100
AcDbText
 10
323.6681816658489
 20
315.4000000000001
 30
0.0
 40
1.7
  1
200 ZONE
  7
OpenSans
 72
1
 11
323.6681816658489
 21
315.4000000000001
 31
0.0
100
AcDbText
 73
2
  0
LINE
  5
732
330
17
100
AcDbEntity
  8
S-TABLE
100
AcDbLine
 10
335.7994040668503
 20
311.8000000000001
 30
0.0
 11
335.7994040668503
 21
319.0000000000001
 31
0.0
  0
TEXT
  5
733
330
17
100
AcDbEntity
  8
S-TABLE
100
AcDbText
 10
337.19940406685026
 20
315.4000000000001
 30
0.0
 40
1.7
  1
ARMOURED VISION PANELS 1200 WIDE
  7
OpenSans
 11
337.19940406685026
 21
315.4000000000001
 31
0.0
100
AcDbText
 73
2
  0
LINE
  5
734
330
17
100
AcDbEntity
  8
S-TABLE
100
AcDbLine
 10
383.8843318834779
 20
311.8000000000001
 30
0.0
 11
383.8843318834779
 21
319.0000000000001
 31
0.0
  0
TEXT
  5
735
330
17
100
AcDbEntity
  8
S-TABLE
100
AcDbText
 10
389.49625762567376
 20
315.4000000000001
 30
0.0
 40
1.7
  1
-
  7
OpenSans
 72
1
 11
389.49625762567376
 21
315.4000000000001
 31
0.0
100
AcDbText
 73
2
  0
LINE
  5
736
330
17
100
AcDbEntity
  8
S-TABLE
100
AcDbLine
 10
395.1081833678696
 20
311.8000000000001
 30
0.0
 11
395.1081833678696
 21
319.0000000000001
 31
0.0
  0
TEXT
  5
737
330
17
100
AcDbEntity
  8
S-TABLE
100
AcDbText
 10
396.50818336786955
 20
315.4000000000001
 30
0.0
 40
1.7
  1
ALL FOUR FACES
  7
OpenSans
 11
396.50818336786955
 21
315.4000000000001
 31
0.0
100
AcDbText
 73
2
  0
LWPOLYLINE
  5
738
330
17
100
AcDbEntity
  8
S-TABLE
100
AcDbPolyline
 90
4
 70
1
 10
282.0
 20
304.60000000000014
 10
460.0
 20
304.60000000000014
 10
460.0
 20
311.8000000000001
 10
282.0
 20
311.8000000000001
  0
TEXT
  5
739
330
17
100
AcDbEntity
  8
S-TABLE
100
AcDbText
 10
283.4
 20
308.2000000000001
 30
0.0
 40
1.7
  1
ROOF PROJECTION
  7
OpenSans
 11
283.4
 21
308.2000000000001
 31
0.0
100
AcDbText
 73
2
  0
LINE
  5
73A
330
17
100
AcDbEntity
  8
S-TABLE
100
AcDbLine
 10
311.5369592648476
 20
304.60000000000014
 30
0.0
 11
311.5369592648476
 21
311.8000000000001
 31
0.0
  0
TEXT
  5
73B
330
17
100
AcDbEntity
  8
S-TABLE
100
AcDbText
 10
323.6681816658489
 20
308.2000000000001
 30
0.0
 40
1.7
  1
300 WIDE
  7
OpenSans
 72
1
 11
323.6681816658489
 21
308.2000000000001
 31
0.0
100
AcDbText
 73
2
  0
LINE
  5
73C
330
17
100
AcDbEntity
  8
S-TABLE
100
AcDbLine
 10
335.7994040668503
 20
304.60000000000014
 30
0.0
 11
335.7994040668503
 21
311.8000000000001
 31
0.0
  0
TEXT
  5
73D
330
17
100
AcDbEntity
  8
S-TABLE
100
AcDbText
 10
337.19940406685026
 20
308.2000000000001
 30
0.0
 40
1.7
  1
ALL ROUND, AT ROOF LEVEL
  7
OpenSans
 11
337.19940406685026
 21
308.2000000000001
 31
0.0
100
AcDbText
 73
2
  0
LINE
  5
73E
330
17
100
AcDbEntity
  8
S-TABLE
100
AcDbLine
 10
383.8843318834779
 20
304.60000000000014
 30
0.0
 11
383.8843318834779
 21
311.8000000000001
 31
0.0
  0
TEXT
  5
73F
330
17
100
AcDbEntity
  8
S-TABLE
100
AcDbText
 10
389.49625762567376
 20
308.2000000000001
 30
0.0
 40
1.7
  1
-
  7
OpenSans
 72
1
 11
389.49625762567376
 21
308.2000000000001
 31
0.0
100
AcDbText
 73
2
  0
LINE
  5
740
330
17
100
AcDbEntity
  8
S-TABLE
100
AcDbLine
 10
395.1081833678696
 20
304.60000000000014
 30
0.0
 11
395.1081833678696
 21
311.8000000000001
 31
0.0
  0
TEXT
  5
741
330
17
100
AcDbEntity
  8
S-TABLE
100
AcDbText
 10
396.50818336786955
 20
308.2000000000001
 30
0.0
 40
1.7
  1
300 HIGH PARDI (PARAPET) 300 x 150 OVER IT
  7
OpenSans
 11
396.50818336786955
 21
308.2000000000001
 31
0.0
100
AcDbText
 73
2
  0
LWPOLYLINE
  5
742
330
17
100
AcDbEntity
  8
S-TABLE
100
AcDbPolyline
 90
4
 70
1
 10
282.0
 20
297.40000000000015
 10
460.0
 20
297.40000000000015
 10
460.0
 20
304.60000000000014
 10
282.0
 20
304.60000000000014
  0
TEXT
  5
743
330
17
100
AcDbEntity
  8
S-TABLE
100
AcDbText
 10
283.4
 20
301.0000000000001
 30
0.0
 40
1.7
  1
SPIRAL STAIR
  7
OpenSans
 11
283.4
 21
301.0000000000001
 31
0.0
100
AcDbText
 73
2
  0
LINE
  5
744
330
17
100
AcDbEntity
  8
S-TABLE
100
AcDbLine
 10
311.5369592648476
 20
297.40000000000015
 30
0.0
 11
311.5369592648476
 21
304.60000000000014
 31
0.0
  0
TEXT
  5
745
330
17
100
AcDbEntity
  8
S-TABLE
100
AcDbText
 10
323.6681816658489
 20
301.0000000000001
 30
0.0
 40
1.7
  1
1000 R
  7
OpenSans
 72
1
 11
323.6681816658489
 21
301.0000000000001
 31
0.0
100
AcDbText
 73
2
  0
LINE
  5
746
330
17
100
AcDbEntity
  8
S-TABLE
100
AcDbLine
 10
335.7994040668503
 20
297.40000000000015
 30
0.0
 11
335.7994040668503
 21
304.60000000000014
 31
0.0
  0
TEXT
  5
747
330
17
100
AcDbEntity
  8
S-TABLE
100
AcDbText
 10
337.19940406685026
 20
301.0000000000001
 30
0.0
 40
1.7
  1
EXTERNAL, WEST OF THE POST
  7
OpenSans
 11
337.19940406685026
 21
301.0000000000001
 31
0.0
100
AcDbText
 73
2
  0
LINE
  5
748
330
17
100
AcDbEntity
  8
S-TABLE
100
AcDbLine
 10
383.8843318834779
 20
297.40000000000015
 30
0.0
 11
383.8843318834779
 21
304.60000000000014
 31
0.0
  0
TEXT
  5
749
330
17
100
AcDbEntity
  8
S-TABLE
100
AcDbText
 10
389.49625762567376
 20
301.0000000000001
 30
0.0
 40
1.7
  1
-
  7
OpenSans
 72
1
 11
389.49625762567376
 21
301.0000000000001
 31
0.0
100
AcDbText
 73
2
  0
LINE
  5
74A
330
17
100
AcDbEntity
  8
S-TABLE
100
AcDbLine
 10
395.1081833678696
 20
297.40000000000015
 30
0.0
 11
395.1081833678696
 21
304.60000000000014
 31
0.0
  0
TEXT
  5
74B
330
17
100
AcDbEntity
  8
S-TABLE
100
AcDbText
 10
396.50818336786955
 20
301.0000000000001
 30
0.0
 40
1.7
  1
250 DIA CENTRAL POLE, 12 TREADS, LANDING AT D1
  7
OpenSans
 11
396.50818336786955
 21
301.0000000000001
 31
0.0
100
AcDbText
 73
2
  0
LWPOLYLINE
  5
74C
330
17
100
AcDbEntity
  8
S-TABLE
100
AcDbPolyline
 90
4
 70
1
 10
282.0
 20
290.20000000000016
 10
460.0
 20
290.20000000000016
 10
460.0
 20
297.40000000000015
 10
282.0
 20
297.40000000000015
  0
TEXT
  5
74D
330
17
100
AcDbEntity
  8
S-TABLE
100
AcDbText
 10
283.4
 20
293.8000000000001
 30
0.0
 40
1.7
  1
L1  LINTEL
  7
OpenSans
 11
283.4
 21
293.8000000000001
 31
0.0
100
AcDbText
 73
2
  0
LINE
  5
74E
330
17
100
AcDbEntity
  8
S-TABLE
100
AcDbLine
 10
311.5369592648476
 20
290.20000000000016
 30
0.0
 11
311.5369592648476
 21
297.40000000000015
 31
0.0
  0
TEXT
  5
74F
330
17
100
AcDbEntity
  8
S-TABLE
100
AcDbText
 10
323.6681816658489
 20
293.8000000000001
 30
0.0
 40
1.7
  1
190 x 150
  7
OpenSans
 72
1
 11
323.6681816658489
 21
293.8000000000001
 31
0.0
100
AcDbText
 73
2
  0
LINE
  5
750
330
17
100
AcDbEntity
  8
S-TABLE
100
AcDbLine
 10
335.7994040668503
 20
290.20000000000016
 30
0.0
 11
335.7994040668503
 21
297.40000000000015
 31
0.0
  0
TEXT
  5
751
330
17
100
AcDbEntity
  8
S-TABLE
100
AcDbText
 10
337.19940406685026
 20
293.8000000000001
 30
0.0
 40
1.7
  1
OVER EVERY OPENING
  7
OpenSans
 11
337.19940406685026
 21
293.8000000000001
 31
0.0
100
AcDbText
 73
2
  0
LINE
  5
752
330
17
100
AcDbEntity
  8
S-TABLE
100
AcDbLine
 10
383.8843318834779
 20
290.20000000000016
 30
0.0
 11
383.8843318834779
 21
297.40000000000015
 31
0.0
  0
TEXT
  5
753
330
17
100
AcDbEntity
  8
S-TABLE
100
AcDbText
 10
389.49625762567376
 20
293.8000000000001
 30
0.0
 40
1.7
  1
30
  7
OpenSans
 72
1
 11
389.49625762567376
 21
293.8000000000001
 31
0.0
100
AcDbText
 73
2
  0
LINE
  5
754
330
17
100
AcDbEntity
  8
S-TABLE
100
AcDbLine
 10
395.1081833678696
 20
290.20000000000016
 30
0.0
 11
395.1081833678696
 21
297.40000000000015
 31
0.0
  0
TEXT
  5
755
330
17
100
AcDbEntity
  8
S-TABLE
100
AcDbText
 10
396.50818336786955
 20
293.8000000000001
 30
0.0
 40
1.7
  1
2-T10 BTM, 2-T8 TOP, T6 LINKS AT 150, BEARING 200
  7
OpenSans
 11
396.50818336786955
 21
293.8000000000001
 31
0.0
100
AcDbText
 73
2
  0
LWPOLYLINE
  5
756
330
17
100
AcDbEntity
  8
S-TABLE
100
AcDbPolyline
 90
4
 70
1
 10
282.0
 20
248.50000000000017
 10
460.0
 20
248.50000000000017
 10
460.0
 20
254.90000000000018
 10
282.0
 20
254.90000000000018
  0
TEXT
  5
757
330
17
100
AcDbEntity
  8
S-TABLE
100
AcDbText
 10
371.0
 20
251.70000000000016
 30
0.0
 40
3.8
  1
COLUMN GRID SCHEDULE
  7
OpenSans
 72
1
 11
371.0
 21
251.70000000000016
 31
0.0
100
AcDbText
 73
2
  0
LWPOLYLINE
  5
758
330
17
100
AcDbEntity
  8
S-TABLE
100
AcDbPolyline
 90
4
 70
1
 10
282.0
 20
241.30000000000018
 10
460.0
 20
241.30000000000018
 10
460.0
 20
248.50000000000017
 10
282.0
 20
248.50000000000017
  0
TEXT
  5
759
330
17
100
AcDbEntity
  8
S-TABLE
100
AcDbText
 10
293.8985593423269
 20
244.90000000000018
 30
0.0
 40
3.0800000000000005
  1
GRID
  7
OpenSans
 72
1
 11
293.8985593423269
 21
244.90000000000018
 31
0.0
100
AcDbText
 73
2
  0
LINE
  5
75A
330
17
100
AcDbEntity
  8
S-TABLE
100
AcDbLine
 10
305.7971186846538
 20
241.30000000000018
 30
0.0
 11
305.7971186846538
 21
248.50000000000017
 31
0.0
  0
TEXT
  5
75B
330
17
100
AcDbEntity
  8
S-TABLE
100
AcDbText
 10
316.77724897953067
 20
244.90000000000018
 30
0.0
 40
3.0800000000000005
  1
AXIS
  7
OpenSans
 72
1
 11
316.77724897953067
 21
244.90000000000018
 31
0.0
100
AcDbText
 73
2
  0
LINE
  5
75C
330
17
100
AcDbEntity
  8
S-TABLE
100
AcDbLine
 10
327.7573792744075
 20
241.30000000000018
 30
0.0
 11
327.7573792744075
 21
248.50000000000017
 31
0.0
  0
TEXT
  5
75D
330
17
100
AcDbEntity
  8
S-TABLE
100
AcDbText
 10
355.9043365679989
 20
244.90000000000018
 30
0.0
 40
3.0800000000000005
  1
COORDINATE
  7
OpenSans
 72
1
 11
355.9043365679989
 21
244.90000000000018
 31
0.0
100
AcDbText
 73
2
  0
LINE
  5
75E
330
17
100
AcDbEntity
  8
S-TABLE
100
AcDbLine
 10
384.0512938615902
 20
241.30000000000018
 30
0.0
 11
384.0512938615902
 21
248.50000000000017
 31
0.0
  0
TEXT
  5
75F
330
17
100
AcDbEntity
  8
S-TABLE
100
AcDbText
 10
422.02564693079506
 20
244.90000000000018
 30
0.0
 40
3.0800000000000005
  1
SPACING
  7
OpenSans
 72
1
 11
422.02564693079506
 21
244.90000000000018
 31
0.0
100
AcDbText
 73
2
  0
LWPOLYLINE
  5
760
330
17
100
AcDbEntity
  8
S-TABLE
100
AcDbPolyline
 90
4
 70
1
 10
282.0
 20
234.1000000000002
 10
460.0
 20
234.1000000000002
 10
460.0
 20
241.30000000000018
 10
282.0
 20
241.30000000000018
  0
TEXT
  5
761
330
17
100
AcDbEntity
  8
S-TABLE
100
AcDbText
 10
293.8985593423269
 20
237.7000000000002
 30
0.0
 40
2.8800000000000003
  1
A
  7
OpenSans
 72
1
 11
293.8985593423269
 21
237.7000000000002
 31
0.0
100
AcDbText
 73
2
  0
LINE
  5
762
330
17
100
AcDbEntity
  8
S-TABLE
100
AcDbLine
 10
305.7971186846538
 20
234.1000000000002
 30
0.0
 11
305.7971186846538
 21
241.30000000000018
 31
0.0
  0
TEXT
  5
763
330
17
100
AcDbEntity
  8
S-TABLE
100
AcDbText
 10
316.77724897953067
 20
237.7000000000002
 30
0.0
 40
2.8800000000000003
  1
X
  7
OpenSans
 72
1
 11
316.77724897953067
 21
237.7000000000002
 31
0.0
100
AcDbText
 73
2
  0
LINE
  5
764
330
17
100
AcDbEntity
  8
S-TABLE
100
AcDbLine
 10
327.7573792744075
 20
234.1000000000002
 30
0.0
 11
327.7573792744075
 21
241.30000000000018
 31
0.0
  0
TEXT
  5
765
330
17
100
AcDbEntity
  8
S-TABLE
100
AcDbText
 10
355.9043365679989
 20
237.7000000000002
 30
0.0
 40
2.8800000000000003
  1
175
  7
OpenSans
 72
1
 11
355.9043365679989
 21
237.7000000000002
 31
0.0
100
AcDbText
 73
2
  0
LINE
  5
766
330
17
100
AcDbEntity
  8
S-TABLE
100
AcDbLine
 10
384.0512938615902
 20
234.1000000000002
 30
0.0
 11
384.0512938615902
 21
241.30000000000018
 31
0.0
  0
TEXT
  5
767
330
17
100
AcDbEntity
  8
S-TABLE
100
AcDbText
 10
385.45129386159016
 20
237.7000000000002
 30
0.0
 40
2.8800000000000003
  1
3650 c/c TO GRID B
  7
OpenSans
 11
385.45129386159016
 21
237.7000000000002
 31
0.0
100
AcDbText
 73
2
  0
LWPOLYLINE
  5
768
330
17
100
AcDbEntity
  8
S-TABLE
100
AcDbPolyline
 90
4
 70
1
 10
282.0
 20
226.9000000000002
 10
460.0
 20
226.9000000000002
 10
460.0
 20
234.1000000000002
 10
282.0
 20
234.1000000000002
  0
TEXT
  5
769
330
17
100
AcDbEntity
  8
S-TABLE
100
AcDbText
 10
293.8985593423269
 20
230.5000000000002
 30
0.0
 40
2.8800000000000003
  1
B
  7
OpenSans
 72
1
 11
293.8985593423269
 21
230.5000000000002
 31
0.0
100
AcDbText
 73
2
  0
LINE
  5
76A
330
17
100
AcDbEntity
  8
S-TABLE
100
AcDbLine
 10
305.7971186846538
 20
226.9000000000002
 30
0.0
 11
305.7971186846538
 21
234.1000000000002
 31
0.0
  0
TEXT
  5
76B
330
17
100
AcDbEntity
  8
S-TABLE
100
AcDbText
 10
316.77724897953067
 20
230.5000000000002
 30
0.0
 40
2.8800000000000003
  1
X
  7
OpenSans
 72
1
 11
316.77724897953067
 21
230.5000000000002
 31
0.0
100
AcDbText
 73
2
  0
LINE
  5
76C
330
17
100
AcDbEntity
  8
S-TABLE
100
AcDbLine
 10
327.7573792744075
 20
226.9000000000002
 30
0.0
 11
327.7573792744075
 21
234.1000000000002
 31
0.0
  0
TEXT
  5
76D
330
17
100
AcDbEntity
  8
S-TABLE
100
AcDbText
 10
355.9043365679989
 20
230.5000000000002
 30
0.0
 40
2.8800000000000003
  1
3825
  7
OpenSans
 72
1
 11
355.9043365679989
 21
230.5000000000002
 31
0.0
100
AcDbText
 73
2
  0
LINE
  5
76E
330
17
100
AcDbEntity
  8
S-TABLE
100
AcDbLine
 10
384.0512938615902
 20
226.9000000000002
 30
0.0
 11
384.0512938615902
 21
234.1000000000002
 31
0.0
  0
TEXT
  5
76F
330
17
100
AcDbEntity
  8
S-TABLE
100
AcDbText
 10
385.45129386159016
 20
230.5000000000002
 30
0.0
 40
2.8800000000000003
  1
-
  7
OpenSans
 11
385.45129386159016
 21
230.5000000000002
 31
0.0
100
AcDbText
 73
2
  0
LWPOLYLINE
  5
770
330
17
100
AcDbEntity
  8
S-TABLE
100
AcDbPolyline
 90
4
 70
1
 10
282.0
 20
219.70000000000022
 10
460.0
 20
219.70000000000022
 10
460.0
 20
226.9000000000002
 10
282.0
 20
226.9000000000002
  0
TEXT
  5
771
330
17
100
AcDbEntity
  8
S-TABLE
100
AcDbText
 10
293.8985593423269
 20
223.3000000000002
 30
0.0
 40
2.8800000000000003
  1
1
  7
OpenSans
 72
1
 11
293.8985593423269
 21
223.3000000000002
 31
0.0
100
AcDbText
 73
2
  0
LINE
  5
772
330
17
100
AcDbEntity
  8
S-TABLE
100
AcDbLine
 10
305.7971186846538
 20
219.70000000000022
 30
0.0
 11
305.7971186846538
 21
226.9000000000002
 31
0.0
  0
TEXT
  5
773
330
17
100
AcDbEntity
  8
S-TABLE
100
AcDbText
 10
316.77724897953067
 20
223.3000000000002
 30
0.0
 40
2.8800000000000003
  1
Y
  7
OpenSans
 72
1
 11
316.77724897953067
 21
223.3000000000002
 31
0.0
100
AcDbText
 73
2
  0
LINE
  5
774
330
17
100
AcDbEntity
  8
S-TABLE
100
AcDbLine
 10
327.7573792744075
 20
219.70000000000022
 30
0.0
 11
327.7573792744075
 21
226.9000000000002
 31
0.0
  0
TEXT
  5
775
330
17
100
AcDbEntity
  8
S-TABLE
100
AcDbText
 10
355.9043365679989
 20
223.3000000000002
 30
0.0
 40
2.8800000000000003
  1
175
  7
OpenSans
 72
1
 11
355.9043365679989
 21
223.3000000000002
 31
0.0
100
AcDbText
 73
2
  0
LINE
  5
776
330
17
100
AcDbEntity
  8
S-TABLE
100
AcDbLine
 10
384.0512938615902
 20
219.70000000000022
 30
0.0
 11
384.0512938615902
 21
226.9000000000002
 31
0.0
  0
TEXT
  5
777
330
17
100
AcDbEntity
  8
S-TABLE
100
AcDbText
 10
385.45129386159016
 20
223.3000000000002
 30
0.0
 40
2.8800000000000003
  1
4650 c/c TO GRID 2
  7
OpenSans
 11
385.45129386159016
 21
223.3000000000002
 31
0.0
100
AcDbText
 73
2
  0
LWPOLYLINE
  5
778
330
17
100
AcDbEntity
  8
S-TABLE
100
AcDbPolyline
 90
4
 70
1
 10
282.0
 20
212.50000000000023
 10
460.0
 20
212.50000000000023
 10
460.0
 20
219.70000000000022
 10
282.0
 20
219.70000000000022
  0
TEXT
  5
779
330
17
100
AcDbEntity
  8
S-TABLE
100
AcDbText
 10
293.8985593423269
 20
216.10000000000022
 30
0.0
 40
2.8800000000000003
  1
2
  7
OpenSans
 72
1
 11
293.8985593423269
 21
216.10000000000022
 31
0.0
100
AcDbText
 73
2
  0
LINE
  5
77A
330
17
100
AcDbEntity
  8
S-TABLE
100
AcDbLine
 10
305.7971186846538
 20
212.50000000000023
 30
0.0
 11
305.7971186846538
 21
219.70000000000022
 31
0.0
  0
TEXT
  5
77B
330
17
100
AcDbEntity
  8
S-TABLE
100
AcDbText
 10
316.77724897953067
 20
216.10000000000022
 30
0.0
 40
2.8800000000000003
  1
Y
  7
OpenSans
 72
1
 11
316.77724897953067
 21
216.10000000000022
 31
0.0
100
AcDbText
 73
2
  0
LINE
  5
77C
330
17
100
AcDbEntity
  8
S-TABLE
100
AcDbLine
 10
327.7573792744075
 20
212.50000000000023
 30
0.0
 11
327.7573792744075
 21
219.70000000000022
 31
0.0
  0
TEXT
  5
77D
330
17
100
AcDbEntity
  8
S-TABLE
100
AcDbText
 10
355.9043365679989
 20
216.10000000000022
 30
0.0
 40
2.8800000000000003
  1
4825
  7
OpenSans
 72
1
 11
355.9043365679989
 21
216.10000000000022
 31
0.0
100
AcDbText
 73
2
  0
LINE
  5
77E
330
17
100
AcDbEntity
  8
S-TABLE
100
AcDbLine
 10
384.0512938615902
 20
212.50000000000023
 30
0.0
 11
384.0512938615902
 21
219.70000000000022
 31
0.0
  0
TEXT
  5
77F
330
17
100
AcDbEntity
  8
S-TABLE
100
AcDbText
 10
385.45129386159016
 20
216.10000000000022
 30
0.0
 40
2.8800000000000003
  1
-
  7
OpenSans
 11
385.45129386159016
 21
216.10000000000022
 31
0.0
100
AcDbText
 73
2
  0
LWPOLYLINE
  5
780
330
17
100
AcDbEntity
  8
S-TABLE
100
AcDbPolyline
 90
4
 70
1
 10
282.0
 20
170.80000000000024
 10
460.0
 20
170.80000000000024
 10
460.0
 20
177.20000000000024
 10
282.0
 20
177.20000000000024
  0
TEXT
  5
781
330
17
100
AcDbEntity
  8
S-TABLE
100
AcDbText
 10
371.0
 20
174.00000000000023
 30
0.0
 40
3.8
  1
SENTRY POST LEVEL SCHEDULE
  7
OpenSans
 72
1
 11
371.0
 21
174.00000000000023
 31
0.0
100
AcDbText
 73
2
  0
LWPOLYLINE
  5
782
330
17
100
AcDbEntity
  8
S-TABLE
100
AcDbPolyline
 90
4
 70
1
 10
282.0
 20
163.60000000000025
 10
460.0
 20
163.60000000000025
 10
460.0
 20
170.80000000000024
 10
282.0
 20
170.80000000000024
  0
TEXT
  5
783
330
17
100
AcDbEntity
  8
S-TABLE
100
AcDbText
 10
313.7959728440476
 20
167.20000000000024
 30
0.0
 40
3.0800000000000005
  1
LEVEL
  7
OpenSans
 72
1
 11
313.7959728440476
 21
167.20000000000024
 31
0.0
100
AcDbText
 73
2
  0
LINE
  5
784
330
17
100
AcDbEntity
  8
S-TABLE
100
AcDbLine
 10
345.5919456880951
 20
163.60000000000025
 30
0.0
 11
345.5919456880951
 21
170.80000000000024
 31
0.0
  0
TEXT
  5
785
330
17
100
AcDbEntity
  8
S-TABLE
100
AcDbText
 10
358.06920715367187
 20
167.20000000000024
 30
0.0
 40
3.0800000000000005
  1
VALUE
  7
OpenSans
 72
1
 11
358.06920715367187
 21
167.20000000000024
 31
0.0
100
AcDbText
 73
2
  0
LINE
  5
786
330
17
100
AcDbEntity
  8
S-TABLE
100
AcDbLine
 10
370.54646861924857
 20
163.60000000000025
 30
0.0
 11
370.54646861924857
 21
170.80000000000024
 31
0.0
  0
TEXT
  5
787
330
17
100
AcDbEntity
  8
S-TABLE
100
AcDbText
 10
415.2732343096243
 20
167.20000000000024
 30
0.0
 40
3.0800000000000005
  1
NOTES
  7
OpenSans
 72
1
 11
415.2732343096243
 21
167.20000000000024
 31
0.0
100
AcDbText
 73
2
  0
LWPOLYLINE
  5
788
330
17
100
AcDbEntity
  8
S-TABLE
100
AcDbPolyline
 90
4
 70
1
 10
282.0
 20
156.40000000000026
 10
460.0
 20
156.40000000000026
 10
460.0
 20
163.60000000000025
 10
282.0
 20
163.60000000000025
  0
TEXT
  5
789
330
17
100
AcDbEntity
  8
S-TABLE
100
AcDbText
 10
283.4
 20
160.00000000000026
 30
0.0
 40
2.8800000000000003
  1
PARAPET TOP
  7
OpenSans
 11
283.4
 21
160.00000000000026
 31
0.0
100
AcDbText
 73
2
  0
LINE
  5
78A
330
17
100
AcDbEntity
  8
S-TABLE
100
AcDbLine
 10
345.5919456880951
 20
156.40000000000026
 30
0.0
 11
345.5919456880951
 21
163.60000000000025
 31
0.0
  0
TEXT
  5
78B
330
17
100
AcDbEntity
  8
S-TABLE
100
AcDbText
 10
358.06920715367187
 20
160.00000000000026
 30
0.0
 40
2.8800000000000003
  1
+7.000
  7
OpenSans
 72
1
 11
358.06920715367187
 21
160.00000000000026
 31
0.0
100
AcDbText
 73
2
  0
LINE
  5
78C
330
17
100
AcDbEntity
  8
S-TABLE
100
AcDbLine
 10
370.54646861924857
 20
156.40000000000026
 30
0.0
 11
370.54646861924857
 21
163.60000000000025
 31
0.0
  0
TEXT
  5
78D
330
17
100
AcDbEntity
  8
S-TABLE
100
AcDbText
 10
371.94646861924855
 20
160.00000000000026
 30
0.0
 40
2.8800000000000003
  1
-
  7
OpenSans
 11
371.94646861924855
 21
160.00000000000026
 31
0.0
100
AcDbText
 73
2
  0
LWPOLYLINE
  5
78E
330
17
100
AcDbEntity
  8
S-TABLE
100
AcDbPolyline
 90
4
 70
1
 10
282.0
 20
149.20000000000027
 10
460.0
 20
149.20000000000027
 10
460.0
 20
156.40000000000026
 10
282.0
 20
156.40000000000026
  0
TEXT
  5
78F
330
17
100
AcDbEntity
  8
S-TABLE
100
AcDbText
 10
283.4
 20
152.80000000000027
 30
0.0
 40
2.8800000000000003
  1
ROOF SLAB
  7
OpenSans
 11
283.4
 21
152.80000000000027
 31
0.0
100
AcDbText
 73
2
  0
LINE
  5
790
330
17
100
AcDbEntity
  8
S-TABLE
100
AcDbLine
 10
345.5919456880951
 20
149.20000000000027
 30
0.0
 11
345.5919456880951
 21
156.40000000000026
 31
0.0
  0
TEXT
  5
791
330
17
100
AcDbEntity
  8
S-TABLE
100
AcDbText
 10
358.06920715367187
 20
152.80000000000027
 30
0.0
 40
2.8800000000000003
  1
+6.700
  7
OpenSans
 72
1
 11
358.06920715367187
 21
152.80000000000027
 31
0.0
100
AcDbText
 73
2
  0
LINE
  5
792
330
17
100
AcDbEntity
  8
S-TABLE
100
AcDbLine
 10
370.54646861924857
 20
149.20000000000027
 30
0.0
 11
370.54646861924857
 21
156.40000000000026
 31
0.0
  0
TEXT
  5
793
330
17
100
AcDbEntity
  8
S-TABLE
100
AcDbText
 10
371.94646861924855
 20
152.80000000000027
 30
0.0
 40
2.8800000000000003
  1
FIRST STOREY HEIGHT 3050
  7
OpenSans
 11
371.94646861924855
 21
152.80000000000027
 31
0.0
100
AcDbText
 73
2
  0
LWPOLYLINE
  5
794
330
17
100
AcDbEntity
  8
S-TABLE
100
AcDbPolyline
 90
4
 70
1
 10
282.0
 20
142.00000000000028
 10
460.0
 20
142.00000000000028
 10
460.0
 20
149.20000000000027
 10
282.0
 20
149.20000000000027
  0
TEXT
  5
795
330
17
100
AcDbEntity
  8
S-TABLE
100
AcDbText
 10
283.4
 20
145.60000000000028
 30
0.0
 40
2.8800000000000003
  1
FIRST FLOOR
  7
OpenSans
 11
283.4
 21
145.60000000000028
 31
0.0
100
AcDbText
 73
2
  0
LINE
  5
796
330
17
100
AcDbEntity
  8
S-TABLE
100
AcDbLine
 10
345.5919456880951
 20
142.00000000000028
 30
0.0
 11
345.5919456880951
 21
149.20000000000027
 31
0.0
  0
TEXT
  5
797
330
17
100
AcDbEntity
  8
S-TABLE
100
AcDbText
 10
358.06920715367187
 20
145.60000000000028
 30
0.0
 40
2.8800000000000003
  1
+3.650
  7
OpenSans
 72
1
 11
358.06920715367187
 21
145.60000000000028
 31
0.0
100
AcDbText
 73
2
  0
LINE
  5
798
330
17
100
AcDbEntity
  8
S-TABLE
100
AcDbLine
 10
370.54646861924857
 20
142.00000000000028
 30
0.0
 11
370.54646861924857
 21
149.20000000000027
 31
0.0
  0
TEXT
  5
799
330
17
100
AcDbEntity
  8
S-TABLE
100
AcDbText
 10
371.94646861924855
 20
145.60000000000028
 30
0.0
 40
2.8800000000000003
  1
GROUND STOREY HEIGHT 3200
  7
OpenSans
 11
371.94646861924855
 21
145.60000000000028
 31
0.0
100
AcDbText
 73
2
  0
LWPOLYLINE
  5
79A
330
17
100
AcDbEntity
  8
S-TABLE
100
AcDbPolyline
 90
4
 70
1
 10
282.0
 20
134.8000000000003
 10
460.0
 20
134.8000000000003
 10
460.0
 20
142.00000000000028
 10
282.0
 20
142.00000000000028
  0
TEXT
  5
79B
330
17
100
AcDbEntity
  8
S-TABLE
100
AcDbText
 10
283.4
 20
138.4000000000003
 30
0.0
 40
2.8800000000000003
  1
GROUND FLOOR FFL
  7
OpenSans
 11
283.4
 21
138.4000000000003
 31
0.0
100
AcDbText
 73
2
  0
LINE
  5
79C
330
17
100
AcDbEntity
  8
S-TABLE
100
AcDbLine
 10
345.5919456880951
 20
134.8000000000003
 30
0.0
 11
345.5919456880951
 21
142.00000000000028
 31
0.0
  0
TEXT
  5
79D
330
17
100
AcDbEntity
  8
S-TABLE
100
AcDbText
 10
358.06920715367187
 20
138.4000000000003
 30
0.0
 40
2.8800000000000003
  1
+0.450
  7
OpenSans
 72
1
 11
358.06920715367187
 21
138.4000000000003
 31
0.0
100
AcDbText
 73
2
  0
LINE
  5
79E
330
17
100
AcDbEntity
  8
S-TABLE
100
AcDbLine
 10
370.54646861924857
 20
134.8000000000003
 30
0.0
 11
370.54646861924857
 21
142.00000000000028
 31
0.0
  0
TEXT
  5
79F
330
17
100
AcDbEntity
  8
S-TABLE
100
AcDbText
 10
371.94646861924855
 20
138.4000000000003
 30
0.0
 40
2.8800000000000003
  1
= TOP OF PLINTH BEAM PB
  7
OpenSans
 11
371.94646861924855
 21
138.4000000000003
 31
0.0
100
AcDbText
 73
2
  0
LWPOLYLINE
  5
7A0
330
17
100
AcDbEntity
  8
S-TABLE
100
AcDbPolyline
 90
4
 70
1
 10
282.0
 20
127.60000000000029
 10
460.0
 20
127.60000000000029
 10
460.0
 20
134.8000000000003
 10
282.0
 20
134.8000000000003
  0
TEXT
  5
7A1
330
17
100
AcDbEntity
  8
S-TABLE
100
AcDbText
 10
283.4
 20
131.2000000000003
 30
0.0
 40
2.8800000000000003
  1
PLINTH BEAM SOFFIT
  7
OpenSans
 11
283.4
 21
131.2000000000003
 31
0.0
100
AcDbText
 73
2
  0
LINE
  5
7A2
330
17
100
AcDbEntity
  8
S-TABLE
100
AcDbLine
 10
345.5919456880951
 20
127.60000000000029
 30
0.0
 11
345.5919456880951
 21
134.8000000000003
 31
0.0
  0
TEXT
  5
7A3
330
17
100
AcDbEntity
  8
S-TABLE
100
AcDbText
 10
358.06920715367187
 20
131.2000000000003
 30
0.0
 40
2.8800000000000003
  1
+0.050
  7
OpenSans
 72
1
 11
358.06920715367187
 21
131.2000000000003
 31
0.0
100
AcDbText
 73
2
  0
LINE
  5
7A4
330
17
100
AcDbEntity
  8
S-TABLE
100
AcDbLine
 10
370.54646861924857
 20
127.60000000000029
 30
0.0
 11
370.54646861924857
 21
134.8000000000003
 31
0.0
  0
TEXT
  5
7A5
330
17
100
AcDbEntity
  8
S-TABLE
100
AcDbText
 10
371.94646861924855
 20
131.2000000000003
 30
0.0
 40
2.8800000000000003
  1
PB 250 x 400
  7
OpenSans
 11
371.94646861924855
 21
131.2000000000003
 31
0.0
100
AcDbText
 73
2
  0
LWPOLYLINE
  5
7A6
330
17
100
AcDbEntity
  8
S-TABLE
100
AcDbPolyline
 90
4
 70
1
 10
282.0
 20
120.40000000000029
 10
460.0
 20
120.40000000000029
 10
460.0
 20
127.60000000000029
 10
282.0
 20
127.60000000000029
  0
TEXT
  5
7A7
330
17
100
AcDbEntity
  8
S-TABLE
100
AcDbText
 10
283.4
 20
124.0000000000003
 30
0.0
 40
2.8800000000000003
  1
FINISHED SITE GRADE
  7
OpenSans
 11
283.4
 21
124.0000000000003
 31
0.0
100
AcDbText
 73
2
  0
LINE
  5
7A8
330
17
100
AcDbEntity
  8
S-TABLE
100
AcDbLine
 10
345.5919456880951
 20
120.40000000000029
 30
0.0
 11
345.5919456880951
 21
127.60000000000029
 31
0.0
  0
TEXT
  5
7A9
330
17
100
AcDbEntity
  8
S-TABLE
100
AcDbText
 10
358.06920715367187
 20
124.0000000000003
 30
0.0
 40
2.8800000000000003
  1
0.000
  7
OpenSans
 72
1
 11
358.06920715367187
 21
124.0000000000003
 31
0.0
100
AcDbText
 73
2
  0
LINE
  5
7AA
330
17
100
AcDbEntity
  8
S-TABLE
100
AcDbLine
 10
370.54646861924857
 20
120.40000000000029
 30
0.0
 11
370.54646861924857
 21
127.60000000000029
 31
0.0
  0
TEXT
  5
7AB
330
17
100
AcDbEntity
  8
S-TABLE
100
AcDbText
 10
371.94646861924855
 20
124.0000000000003
 30
0.0
 40
2.8800000000000003
  1
-
  7
OpenSans
 11
371.94646861924855
 21
124.0000000000003
 31
0.0
100
AcDbText
 73
2
  0
LWPOLYLINE
  5
7AC
330
17
100
AcDbEntity
  8
S-TABLE
100
AcDbPolyline
 90
4
 70
1
 10
282.0
 20
113.20000000000029
 10
460.0
 20
113.20000000000029
 10
460.0
 20
120.40000000000029
 10
282.0
 20
120.40000000000029
  0
TEXT
  5
7AD
330
17
100
AcDbEntity
  8
S-TABLE
100
AcDbText
 10
283.4
 20
116.8000000000003
 30
0.0
 40
2.8800000000000003
  1
FOUNDING LEVEL
  7
OpenSans
 11
283.4
 21
116.8000000000003
 31
0.0
100
AcDbText
 73
2
  0
LINE
  5
7AE
330
17
100
AcDbEntity
  8
S-TABLE
100
AcDbLine
 10
345.5919456880951
 20
113.20000000000029
 30
0.0
 11
345.5919456880951
 21
120.40000000000029
 31
0.0
  0
TEXT
  5
7AF
330
17
100
AcDbEntity
  8
S-TABLE
100
AcDbText
 10
358.06920715367187
 20
116.8000000000003
 30
0.0
 40
2.8800000000000003
  1
(-)2.000
  7
OpenSans
 72
1
 11
358.06920715367187
 21
116.8000000000003
 31
0.0
100
AcDbText
 73
2
  0
LINE
  5
7B0
330
17
100
AcDbEntity
  8
S-TABLE
100
AcDbLine
 10
370.54646861924857
 20
113.20000000000029
 30
0.0
 11
370.54646861924857
 21
120.40000000000029
 31
0.0
  0
TEXT
  5
7B1
330
17
100
AcDbEntity
  8
S-TABLE
100
AcDbText
 10
371.94646861924855
 20
116.8000000000003
 30
0.0
 40
2.8800000000000003
  1
F1 ON IN-SITU BASALT
  7
OpenSans
 11
371.94646861924855
 21
116.8000000000003
 31
0.0
100
AcDbText
 73
2
  0
LWPOLYLINE
  5
7B2
330
17
100
AcDbEntity
  8
S-TABLE
100
AcDbPolyline
 90
4
 70
1
 10
282.0
 20
71.5000000000003
 10
460.0
 20
71.5000000000003
 10
460.0
 20
77.90000000000029
 10
282.0
 20
77.90000000000029
  0
TEXT
  5
7B3
330
17
100
AcDbEntity
  8
S-TABLE
100
AcDbText
 10
371.0
 20
74.70000000000029
 30
0.0
 40
3.8
  1
DOOR AND OPENING SCHEDULE
  7
OpenSans
 72
1
 11
371.0
 21
74.70000000000029
 31
0.0
100
AcDbText
 73
2
  0
LWPOLYLINE
  5
7B4
330
17
100
AcDbEntity
  8
S-TABLE
100
AcDbPolyline
 90
4
 70
1
 10
282.0
 20
64.30000000000028
 10
460.0
 20
64.30000000000028
 10
460.0
 20
71.50000000000028
 10
282.0
 20
71.50000000000028
  0
TEXT
  5
7B5
330
17
100
AcDbEntity
  8
S-TABLE
100
AcDbText
 10
288.1954656395117
 20
67.90000000000029
 30
0.0
 40
2.53
  1
MARK
  7
OpenSans
 72
1
 11
288.1954656395117
 21
67.90000000000029
 31
0.0
100
AcDbText
 73
2
  0
LINE
  5
7B6
330
17
100
AcDbEntity
  8
S-TABLE
100
AcDbLine
 10
294.3909312790235
 20
64.30000000000028
 30
0.0
 11
294.3909312790235
 21
71.50000000000028
 31
0.0
  0
TEXT
  5
7B7
330
17
100
AcDbEntity
  8
S-TABLE
100
AcDbText
 10
316.7677398374033
 20
67.90000000000029
 30
0.0
 40
2.53
  1
TYPE
  7
OpenSans
 72
1
 11
316.7677398374033
 21
67.90000000000029
 31
0.0
100
AcDbText
 73
2
  0
LINE
  5
7B8
330
17
100
AcDbEntity
  8
S-TABLE
100
AcDbLine
 10
339.14454839578315
 20
64.30000000000028
 30
0.0
 11
339.14454839578315
 21
71.50000000000028
 31
0.0
  0
TEXT
  5
7B9
330
17
100
AcDbEntity
  8
S-TABLE
100
AcDbText
 10
349.43582736906853
 20
67.90000000000029
 30
0.0
 40
2.53
  1
SIZE
  7
OpenSans
 72
1
 11
349.43582736906853
 21
67.90000000000029
 31
0.0
100
AcDbText
 73
2
  0
LINE
  5
7BA
330
17
100
AcDbEntity
  8
S-TABLE
100
AcDbLine
 10
359.7271063423539
 20
64.30000000000028
 30
0.0
 11
359.7271063423539
 21
71.50000000000028
 31
0.0
  0
TEXT
  5
7BB
330
17
100
AcDbEntity
  8
S-TABLE
100
AcDbText
 10
396.5664730542654
 20
67.90000000000029
 30
0.0
 40
2.53
  1
POSITION
  7
OpenSans
 72
1
 11
396.5664730542654
 21
67.90000000000029
 31
0.0
100
AcDbText
 73
2
  0
LINE
  5
7BC
330
17
100
AcDbEntity
  8
S-TABLE
100
AcDbLine
 10
433.4058397661768
 20
64.30000000000028
 30
0.0
 11
433.4058397661768
 21
71.50000000000028
 31
0.0
  0
TEXT
  5
7BD
330
17
100
AcDbEntity
  8
S-TABLE
100
AcDbText
 10
446.7029198830884
 20
67.90000000000029
 30
0.0
 40
2.53
  1
No.
  7
OpenSans
 72
1
 11
446.7029198830884
 21
67.90000000000029
 31
0.0
100
AcDbText
 73
2
  0
LWPOLYLINE
  5
7BE
330
17
100
AcDbEntity
  8
S-TABLE
100
AcDbPolyline
 90
4
 70
1
 10
282.0
 20
57.10000000000028
 10
460.0
 20
57.10000000000028
 10
460.0
 20
64.30000000000028
 10
282.0
 20
64.30000000000028
  0
TEXT
  5
7BF
330
17
100
AcDbEntity
  8
S-TABLE
100
AcDbText
 10
288.1954656395117
 20
60.70000000000028
 30
0.0
 40
2.33
  1
D1
  7
OpenSans
 72
1
 11
288.1954656395117
 21
60.70000000000028
 31
0.0
100
AcDbText
 73
2
  0
LINE
  5
7C0
330
17
100
AcDbEntity
  8
S-TABLE
100
AcDbLine
 10
294.3909312790235
 20
57.10000000000028
 30
0.0
 11
294.3909312790235
 21
64.30000000000028
 31
0.0
  0
TEXT
  5
7C1
330
17
100
AcDbEntity
  8
S-TABLE
100
AcDbText
 10
295.7909312790235
 20
60.70000000000028
 30
0.0
 40
2.33
  1
DOOR
  7
OpenSans
 11
295.7909312790235
 21
60.70000000000028
 31
0.0
100
AcDbText
 73
2
  0
LINE
  5
7C2
330
17
100
AcDbEntity
  8
S-TABLE
100
AcDbLine
 10
339.14454839578315
 20
57.10000000000028
 30
0.0
 11
339.14454839578315
 21
64.30000000000028
 31
0.0
  0
TEXT
  5
7C3
330
17
100
AcDbEntity
  8
S-TABLE
100
AcDbText
 10
349.43582736906853
 20
60.70000000000028
 30
0.0
 40
2.33
  1
900 x 2100
  7
OpenSans
 72
1
 11
349.43582736906853
 21
60.70000000000028
 31
0.0
100
AcDbText
 73
2
  0
LINE
  5
7C4
330
17
100
AcDbEntity
  8
S-TABLE
100
AcDbLine
 10
359.7271063423539
 20
57.10000000000028
 30
0.0
 11
359.7271063423539
 21
64.30000000000028
 31
0.0
  0
TEXT
  5
7C5
330
17
100
AcDbEntity
  8
S-TABLE
100
AcDbText
 10
361.1271063423539
 20
60.70000000000028
 30
0.0
 40
2.33
  1
WEST WALL, Y 1000-1900, BOTH STOREYS
  7
OpenSans
 11
361.1271063423539
 21
60.70000000000028
 31
0.0
100
AcDbText
 73
2
  0
LINE
  5
7C6
330
17
100
AcDbEntity
  8
S-TABLE
100
AcDbLine
 10
433.4058397661768
 20
57.10000000000028
 30
0.0
 11
433.4058397661768
 21
64.30000000000028
 31
0.0
  0
TEXT
  5
7C7
330
17
100
AcDbEntity
  8
S-TABLE
100
AcDbText
 10
446.7029198830884
 20
60.70000000000028
 30
0.0
 40
2.33
  1
OPENS EAST
  7
OpenSans
 72
1
 11
446.7029198830884
 21
60.70000000000028
 31
0.0
100
AcDbText
 73
2
  0
LWPOLYLINE
  5
7C8
330
17
100
AcDbEntity
  8
S-TABLE
100
AcDbPolyline
 90
4
 70
1
 10
282.0
 20
49.900000000000276
 10
460.0
 20
49.900000000000276
 10
460.0
 20
57.10000000000028
 10
282.0
 20
57.10000000000028
  0
TEXT
  5
7C9
330
17
100
AcDbEntity
  8
S-TABLE
100
AcDbText
 10
288.1954656395117
 20
53.50000000000028
 30
0.0
 40
2.33
  1
W1
  7
OpenSans
 72
1
 11
288.1954656395117
 21
53.50000000000028
 31
0.0
100
AcDbText
 73
2
  0
LINE
  5
7CA
330
17
100
AcDbEntity
  8
S-TABLE
100
AcDbLine
 10
294.3909312790235
 20
49.900000000000276
 30
0.0
 11
294.3909312790235
 21
57.10000000000028
 31
0.0
  0
TEXT
  5
7CB
330
17
100
AcDbEntity
  8
S-TABLE
100
AcDbText
 10
295.7909312790235
 20
53.50000000000028
 30
0.0
 40
2.33
  1
ARMOURED VISION PANEL
  7
OpenSans
 11
295.7909312790235
 21
53.50000000000028
 31
0.0
100
AcDbText
 73
2
  0
LINE
  5
7CC
330
17
100
AcDbEntity
  8
S-TABLE
100
AcDbLine
 10
339.14454839578315
 20
49.900000000000276
 30
0.0
 11
339.14454839578315
 21
57.10000000000028
 31
0.0
  0
TEXT
  5
7CD
330
17
100
AcDbEntity
  8
S-TABLE
100
AcDbText
 10
349.43582736906853
 20
53.50000000000028
 30
0.0
 40
2.33
  1
1200 WIDE
  7
OpenSans
 72
1
 11
349.43582736906853
 21
53.50000000000028
 31
0.0
100
AcDbText
 73
2
  0
LINE
  5
7CE
330
17
100
AcDbEntity
  8
S-TABLE
100
AcDbLine
 10
359.7271063423539
 20
49.900000000000276
 30
0.0
 11
359.7271063423539
 21
57.10000000000028
 31
0.0
  0
TEXT
  5
7CF
330
17
100
AcDbEntity
  8
S-TABLE
100
AcDbText
 10
361.1271063423539
 20
53.50000000000028
 30
0.0
 40
2.33
  1
EAST WALL, Y 1900-3100, GROUND STOREY
  7
OpenSans
 11
361.1271063423539
 21
53.50000000000028
 31
0.0
100
AcDbText
 73
2
  0
LINE
  5
7D0
330
17
100
AcDbEntity
  8
S-TABLE
100
AcDbLine
 10
433.4058397661768
 20
49.900000000000276
 30
0.0
 11
433.4058397661768
 21
57.10000000000028
 31
0.0
  0
TEXT
  5
7D1
330
17
100
AcDbEntity
  8
S-TABLE
100
AcDbText
 10
446.7029198830884
 20
53.50000000000028
 30
0.0
 40
2.33
  1
1 No.
  7
OpenSans
 72
1
 11
446.7029198830884
 21
53.50000000000028
 31
0.0
100
AcDbText
 73
2
  0
LWPOLYLINE
  5
7D2
330
17
100
AcDbEntity
  8
S-TABLE
100
AcDbPolyline
 90
4
 70
1
 10
282.0
 20
42.70000000000027
 10
460.0
 20
42.70000000000027
 10
460.0
 20
49.900000000000276
 10
282.0
 20
49.900000000000276
  0
TEXT
  5
7D3
330
17
100
AcDbEntity
  8
S-TABLE
100
AcDbText
 10
288.1954656395117
 20
46.300000000000274
 30
0.0
 40
2.33
  1
W1
  7
OpenSans
 72
1
 11
288.1954656395117
 21
46.300000000000274
 31
0.0
100
AcDbText
 73
2
  0
LINE
  5
7D4
330
17
100
AcDbEntity
  8
S-TABLE
100
AcDbLine
 10
294.3909312790235
 20
42.70000000000027
 30
0.0
 11
294.3909312790235
 21
49.900000000000276
 31
0.0
  0
TEXT
  5
7D5
330
17
100
AcDbEntity
  8
S-TABLE
100
AcDbText
 10
295.7909312790235
 20
46.300000000000274
 30
0.0
 40
2.33
  1
ARMOURED VISION PANEL
  7
OpenSans
 11
295.7909312790235
 21
46.300000000000274
 31
0.0
100
AcDbText
 73
2
  0
LINE
  5
7D6
330
17
100
AcDbEntity
  8
S-TABLE
100
AcDbLine
 10
339.14454839578315
 20
42.70000000000027
 30
0.0
 11
339.14454839578315
 21
49.900000000000276
 31
0.0
  0
TEXT
  5
7D7
330
17
100
AcDbEntity
  8
S-TABLE
100
AcDbText
 10
349.43582736906853
 20
46.300000000000274
 30
0.0
 40
2.33
  1
1200 WIDE
  7
OpenSans
 72
1
 11
349.43582736906853
 21
46.300000000000274
 31
0.0
100
AcDbText
 73
2
  0
LINE
  5
7D8
330
17
100
AcDbEntity
  8
S-TABLE
100
AcDbLine
 10
359.7271063423539
 20
42.70000000000027
 30
0.0
 11
359.7271063423539
 21
49.900000000000276
 31
0.0
  0
TEXT
  5
7D9
330
17
100
AcDbEntity
  8
S-TABLE
100
AcDbText
 10
361.1271063423539
 20
46.300000000000274
 30
0.0
 40
2.33
  1
FIRST STOREY, ALL FOUR FACES
  7
OpenSans
 11
361.1271063423539
 21
46.300000000000274
 31
0.0
100
AcDbText
 73
2
  0
LINE
  5
7DA
330
17
100
AcDbEntity
  8
S-TABLE
100
AcDbLine
 10
433.4058397661768
 20
42.70000000000027
 30
0.0
 11
433.4058397661768
 21
49.900000000000276
 31
0.0
  0
TEXT
  5
7DB
330
17
100
AcDbEntity
  8
S-TABLE
100
AcDbText
 10
446.7029198830884
 20
46.300000000000274
 30
0.0
 40
2.33
  1
TWO PER FACE
  7
OpenSans
 72
1
 11
446.7029198830884
 21
46.300000000000274
 31
0.0
100
AcDbText
 73
2
  0
LWPOLYLINE
  5
7DC
330
17
100
AcDbEntity
  8
S-TABLE
100
AcDbPolyline
 90
4
 70
1
 10
282.0
 20
35.50000000000027
 10
460.0
 20
35.50000000000027
 10
460.0
 20
42.70000000000027
 10
282.0
 20
42.70000000000027
  0
TEXT
  5
7DD
330
17
100
AcDbEntity
  8
S-TABLE
100
AcDbText
 10
283.6
 20
39.10000000000027
 30
0.0
 40
2.53
  1
EVERY OPENING HAS A LINTEL L1 190 x 150 OVER IT, BEARING 200 EACH END
  7
OpenSans
 11
283.6
 21
39.10000000000027
 31
0.0
100
AcDbText
 73
2
  0
ENDSEC
  0
SECTION
  2
OBJECTS
  0
DICTIONARY
  5
A
330
0
100
AcDbDictionary
281
1
  3
ACAD_COLOR
350
B
  3
ACAD_GROUP
350
C
  3
ACAD_LAYOUT
350
D
  3
ACAD_MATERIAL
350
E
  3
ACAD_MLEADERSTYLE
350
F
  3
ACAD_MLINESTYLE
350
10
  3
ACAD_PLOTSETTINGS
350
11
  3
ACAD_PLOTSTYLENAME
350
12
  3
ACAD_SCALELIST
350
14
  3
ACAD_TABLESTYLE
350
15
  3
ACAD_VISUALSTYLE
350
16
  3
EZDXF_META
350
2D
  0
DICTIONARY
  5
B
330
A
100
AcDbDictionary
281
1
  0
DICTIONARY
  5
C
330
A
100
AcDbDictionary
281
1
  0
DICTIONARY
  5
D
330
A
100
AcDbDictionary
281
1
  3
Model
350
1A
  3
Layout1
350
1E
  0
DICTIONARY
  5
E
330
A
100
AcDbDictionary
281
1
  3
ByBlock
350
1F
  3
ByLayer
350
20
  3
Global
350
21
  0
DICTIONARY
  5
F
330
A
100
AcDbDictionary
281
1
  3
Standard
350
2C
  0
DICTIONARY
  5
10
330
A
100
AcDbDictionary
281
1
  3
Standard
350
22
  0
DICTIONARY
  5
11
330
A
100
AcDbDictionary
281
1
  0
ACDBDICTIONARYWDFLT
  5
12
330
A
100
AcDbDictionary
281
1
  3
Normal
350
13
100
AcDbDictionaryWithDefault
340
13
  0
ACDBPLACEHOLDER
  5
13
330
12
  0
DICTIONARY
  5
14
330
A
100
AcDbDictionary
281
1
  0
DICTIONARY
  5
15
330
A
100
AcDbDictionary
281
1
  0
DICTIONARY
  5
16
330
A
100
AcDbDictionary
281
1
  3
2dWireframe
350
5A
  3
Basic
350
5B
  3
Brighten
350
5C
  3
ColorChange
350
5D
  3
Conceptual
350
5E
  3
Dim
350
5F
  3
EdgeColorOff
350
60
  3
Facepattern
350
61
  3
Flat
350
62
  3
FlatWithEdges
350
63
  3
Gouraud
350
64
  3
GouraudWithEdges
350
65
  3
Hidden
350
66
  3
JitterOff
350
67
  3
Linepattern
350
68
  3
Modeling
350
69
  3
OverhangOff
350
6A
  3
Realistic
350
6B
  3
Shaded
350
6C
  3
Shaded with edges
350
6D
  3
Shades of Gray
350
6E
  3
Sketchy
350
6F
  3
Thicken
350
70
  3
Wireframe
350
71
  3
X-Ray
350
72
  0
LAYOUT
  5
1A
330
D
100
AcDbPlotSettings
  1

  4
A3
  6

 40
7.5
 41
20.0
 42
7.5
 43
20.0
 44
420.0
 45
297.0
 46
0.0
 47
0.0
 48
0.0
 49
0.0
140
0.0
141
0.0
142
1.0
143
1.0
 70
1024
 72
1
 73
0
 74
5
  7

 75
16
 76
0
 77
2
 78
300
147
1.0
148
0.0
149
0.0
100
AcDbLayout
  1
Model
 70
1
 71
0
 10
0.0
 20
0.0
 11
420.0
 21
297.0
 12
0.0
 22
0.0
 32
0.0
 14
1e+20
 24
1e+20
 34
1e+20
 15
-1e+20
 25
-1e+20
 35
-1e+20
146
0.0
 13
0.0
 23
0.0
 33
0.0
 16
1.0
 26
0.0
 36
0.0
 17
0.0
 27
1.0
 37
0.0
 76
1
330
17
  0
LAYOUT
  5
1E
330
D
100
AcDbPlotSettings
  1

  4
A3
  6

 40
7.5
 41
20.0
 42
7.5
 43
20.0
 44
420.0
 45
297.0
 46
0.0
 47
0.0
 48
0.0
 49
0.0
140
0.0
141
0.0
142
1.0
143
1.0
 70
0
 72
1
 73
0
 74
5
  7

 75
16
 76
0
 77
2
 78
300
147
1.0
148
0.0
149
0.0
100
AcDbLayout
  1
Layout1
 70
1
 71
1
 10
0.0
 20
0.0
 11
420.0
 21
297.0
 12
0.0
 22
0.0
 32
0.0
 14
1e+20
 24
1e+20
 34
1e+20
 15
-1e+20
 25
-1e+20
 35
-1e+20
146
0.0
 13
0.0
 23
0.0
 33
0.0
 16
1.0
 26
0.0
 36
0.0
 17
0.0
 27
1.0
 37
0.0
 76
1
330
1B
  0
MATERIAL
  5
1F
102
{ACAD_REACTORS
330
E
102
}
330
E
100
AcDbMaterial
  1
ByBlock
  2

 70
0
 40
1.0
 71
1
 41
1.0
 91
-1023410177
 42
1.0
 72
1
  3

 73
1
 74
1
 75
1
 44
0.5
 73
0
 45
1.0
 46
1.0
 77
1
  4

 78
1
 79
1
170
1
 48
1.0
171
1
  6

172
1
173
1
174
1
140
1.0
141
1.0
175
1
  7

176
1
177
1
178
1
143
1.0
179
1
  8

270
1
271
1
272
1
145
1.0
146
1.0
273
1
  9

274
1
275
1
276
1
 42
1.0
 72
1
  3

 73
1
 74
1
 75
1
 94
63
  0
MATERIAL
  5
20
102
{ACAD_REACTORS
330
E
102
}
330
E
100
AcDbMaterial
  1
ByLayer
  2

 70
0
 40
1.0
 71
1
 41
1.0
 91
-1023410177
 42
1.0
 72
1
  3

 73
1
 74
1
 75
1
 44
0.5
 73
0
 45
1.0
 46
1.0
 77
1
  4

 78
1
 79
1
170
1
 48
1.0
171
1
  6

172
1
173
1
174
1
140
1.0
141
1.0
175
1
  7

176
1
177
1
178
1
143
1.0
179
1
  8

270
1
271
1
272
1
145
1.0
146
1.0
273
1
  9

274
1
275
1
276
1
 42
1.0
 72
1
  3

 73
1
 74
1
 75
1
 94
63
  0
MATERIAL
  5
21
102
{ACAD_REACTORS
330
E
102
}
330
E
100
AcDbMaterial
  1
Global
  2

 70
0
 40
1.0
 71
1
 41
1.0
 91
-1023410177
 42
1.0
 72
1
  3

 73
1
 74
1
 75
1
 44
0.5
 73
0
 45
1.0
 46
1.0
 77
1
  4

 78
1
 79
1
170
1
 48
1.0
171
1
  6

172
1
173
1
174
1
140
1.0
141
1.0
175
1
  7

176
1
177
1
178
1
143
1.0
179
1
  8

270
1
271
1
272
1
145
1.0
146
1.0
273
1
  9

274
1
275
1
276
1
 42
1.0
 72
1
  3

 73
1
 74
1
 75
1
 94
63
  0
MLINESTYLE
  5
22
102
{ACAD_REACTORS
330
10
102
}
330
10
100
AcDbMlineStyle
  2
Standard
 70
0
  3

 62
256
 51
90.0
 52
90.0
 71
2
 49
0.5
 62
256
  6
BYLAYER
 49
-0.5
 62
256
  6
BYLAYER
  0
MLEADERSTYLE
  5
2C
102
{ACAD_REACTORS
330
F
102
}
330
F
100
AcDbMLeaderStyle
179
2
170
2
171
1
172
0
 90
2
 40
0.0
 41
0.0
173
1
 91
-1056964608
 92
-2
290
1
 42
2.0
291
1
 43
8.0
  3
Standard
 44
4.0
300

342
29
174
1
175
1
176
0
178
1
 93
-1056964608
 45
4.0
292
0
297
0
 46
4.0
 94
-1056964608
 47
1.0
 49
1.0
140
1.0
294
1
141
0.0
177
0
142
1.0
295
0
296
0
143
3.75
271
0
272
9
273
9
  0
DICTIONARY
  5
2D
330
A
100
AcDbDictionary
280
1
281
1
  3
CREATED_BY_EZDXF
350
2E
  3
WRITTEN_BY_EZDXF
350
7E0
  0
DICTIONARYVAR
  5
2E
330
2D
100
DictionaryVariables
280
0
  1
1.4.4 @ 2026-09-18T17:23:16.828652+00:00
  0
VISUALSTYLE
  5
5A
102
{ACAD_REACTORS
330
16
102
}
330
16
100
AcDbVisualStyle
  2
2dWireframe
 70
4
 90
0
 40
0.6
 62
7
290
0
291
0
  0
VISUALSTYLE
  5
5B
102
{ACAD_REACTORS
330
16
102
}
330
16
100
AcDbVisualStyle
  2
Basic
 70
7
 90
1
 40
0.6
 62
7
290
0
291
1
  0
VISUALSTYLE
  5
5C
102
{ACAD_REACTORS
330
16
102
}
330
16
100
AcDbVisualStyle
  2
Brighten
 70
12
 90
2
 40
0.6
 62
7
290
0
291
1
  0
VISUALSTYLE
  5
5D
102
{ACAD_REACTORS
330
16
102
}
330
16
100
AcDbVisualStyle
  2
ColorChange
 70
16
 90
2
 40
0.6
 62
8
290
0
291
1
  0
VISUALSTYLE
  5
5E
102
{ACAD_REACTORS
330
16
102
}
330
16
100
AcDbVisualStyle
  2
Conceptual
 70
9
 90
3
 40
0.6
 62
7
290
0
291
0
  0
VISUALSTYLE
  5
5F
102
{ACAD_REACTORS
330
16
102
}
330
16
100
AcDbVisualStyle
  2
Dim
 70
11
 90
2
 40
0.6
 62
7
290
0
291
1
  0
VISUALSTYLE
  5
60
102
{ACAD_REACTORS
330
16
102
}
330
16
100
AcDbVisualStyle
  2
EdgeColorOff
 70
22
 90
2
 40
0.6
 62
7
290
0
291
1
  0
VISUALSTYLE
  5
61
102
{ACAD_REACTORS
330
16
102
}
330
16
100
AcDbVisualStyle
  2
Facepattern
 70
15
 90
2
 40
0.6
 62
7
290
0
291
1
  0
VISUALSTYLE
  5
62
102
{ACAD_REACTORS
330
16
102
}
330
16
100
AcDbVisualStyle
  2
Flat
 70
0
 90
2
 40
0.6
 62
7
290
0
291
1
  0
VISUALSTYLE
  5
63
102
{ACAD_REACTORS
330
16
102
}
330
16
100
AcDbVisualStyle
  2
FlatWithEdges
 70
1
 90
2
 40
0.6
 62
7
290
0
291
1
  0
VISUALSTYLE
  5
64
102
{ACAD_REACTORS
330
16
102
}
330
16
100
AcDbVisualStyle
  2
Gouraud
 70
2
 90
2
 40
0.6
 62
7
290
0
291
1
  0
VISUALSTYLE
  5
65
102
{ACAD_REACTORS
330
16
102
}
330
16
100
AcDbVisualStyle
  2
GouraudWithEdges
 70
3
 90
2
 40
0.6
 62
7
290
0
291
1
  0
VISUALSTYLE
  5
66
102
{ACAD_REACTORS
330
16
102
}
330
16
100
AcDbVisualStyle
  2
Hidden
 70
6
 90
1
 40
0.6
 62
7
290
0
291
0
  0
VISUALSTYLE
  5
67
102
{ACAD_REACTORS
330
16
102
}
330
16
100
AcDbVisualStyle
  2
JitterOff
 70
20
 90
2
 40
0.6
 62
7
290
0
291
1
  0
VISUALSTYLE
  5
68
102
{ACAD_REACTORS
330
16
102
}
330
16
100
AcDbVisualStyle
  2
Linepattern
 70
14
 90
2
 40
0.6
 62
7
290
0
291
1
  0
VISUALSTYLE
  5
69
102
{ACAD_REACTORS
330
16
102
}
330
16
100
AcDbVisualStyle
  2
Modeling
 70
10
 90
2
 40
0.6
 62
7
290
0
291
0
  0
VISUALSTYLE
  5
6A
102
{ACAD_REACTORS
330
16
102
}
330
16
100
AcDbVisualStyle
  2
OverhangOff
 70
21
 90
2
 40
0.6
 62
7
290
0
291
1
  0
VISUALSTYLE
  5
6B
102
{ACAD_REACTORS
330
16
102
}
330
16
100
AcDbVisualStyle
  2
Realistic
 70
8
 90
2
 40
0.6
 62
7
290
0
291
0
  0
VISUALSTYLE
  5
6C
102
{ACAD_REACTORS
330
16
102
}
330
16
100
AcDbVisualStyle
  2
Shaded
 70
27
 90
2
 40
0.6
 62
7
290
0
291
0
  0
VISUALSTYLE
  5
6D
102
{ACAD_REACTORS
330
16
102
}
330
16
100
AcDbVisualStyle
  2
Shaded with edges
 70
26
 90
2
 40
0.6
 62
7
290
0
291
0
  0
VISUALSTYLE
  5
6E
102
{ACAD_REACTORS
330
16
102
}
330
16
100
AcDbVisualStyle
  2
Shades of Gray
 70
23
 90
2
 40
0.6
 62
7
290
0
291
0
  0
VISUALSTYLE
  5
6F
102
{ACAD_REACTORS
330
16
102
}
330
16
100
AcDbVisualStyle
  2
Sketchy
 70
24
 90
1
 40
0.6
 62
7
290
0
291
0
  0
VISUALSTYLE
  5
70
102
{ACAD_REACTORS
330
16
102
}
330
16
100
AcDbVisualStyle
  2
Thicken
 70
13
 90
2
 40
0.6
 62
7
290
0
291
1
  0
VISUALSTYLE
  5
71
102
{ACAD_REACTORS
330
16
102
}
330
16
100
AcDbVisualStyle
  2
Wireframe
 70
5
 90
0
 40
0.6
 62
7
290
0
291
0
  0
VISUALSTYLE
  5
72
102
{ACAD_REACTORS
330
16
102
}
330
16
100
AcDbVisualStyle
  2
X-Ray
 70
25
 90
2
 40
0.5
 62
7
290
0
291
0
  0
DICTIONARYVAR
  5
7E0
330
2D
100
DictionaryVariables
280
0
  1
1.4.4 @ 2026-09-18T17:23:16.936790+00:00
  0
ENDSEC
  0
EOF
