  0
SECTION
  2
HEADER
  9
$ACADVER
  1
AC1024
  9
$ACADMAINTVER
 70
6
  9
$DWGCODEPAGE
  3
ANSI_1252
  9
$LASTSAVEDBY
  1
ezdxf
  9
$INSBASE
 10
0.0
 20
0.0
 30
0.0
  9
$EXTMIN
 10
1e+20
 20
1e+20
 30
1e+20
  9
$EXTMAX
 10
-1e+20
 20
-1e+20
 30
-1e+20
  9
$LIMMIN
 10
0.0
 20
0.0
  9
$LIMMAX
 10
420.0
 20
297.0
  9
$ORTHOMODE
 70
0
  9
$REGENMODE
 70
1
  9
$FILLMODE
 70
1
  9
$QTEXTMODE
 70
0
  9
$MIRRTEXT
 70
1
  9
$LTSCALE
 40
1.0
  9
$ATTMODE
 70
1
  9
$TEXTSIZE
 40
2.5
  9
$TRACEWID
 40
1.0
  9
$TEXTSTYLE
  7
OpenSans
  9
$CLAYER
  8
0
  9
$CELTYPE
  6
ByLayer
  9
$CECOLOR
 62
256
  9
$CELTSCALE
 40
1.0
  9
$DISPSILH
 70
0
  9
$DIMSCALE
 40
1.0
  9
$DIMASZ
 40
0.175
  9
$DIMEXO
 40
0.125
  9
$DIMDLI
 40
3.75
  9
$DIMRND
 40
0.0
  9
$DIMDLE
 40
0.0
  9
$DIMEXE
 40
0.375
  9
$DIMTP
 40
0.0
  9
$DIMTM
 40
0.0
  9
$DIMTXT
 40
0.25
  9
$DIMCEN
 40
2.5
  9
$DIMTSZ
 40
0.0
  9
$DIMTOL
 70
0
  9
$DIMLIM
 70
0
  9
$DIMTIH
 70
0
  9
$DIMTOH
 70
0
  9
$DIMSE1
 70
0
  9
$DIMSE2
 70
0
  9
$DIMTAD
 70
1
  9
$DIMZIN
 70
12
  9
$DIMBLK
  1
ARCHTICK
  9
$DIMASO
 70
1
  9
$DIMSHO
 70
1
  9
$DIMPOST
  1

  9
$DIMAPOST
  1

  9
$DIMALT
 70
0
  9
$DIMALTD
 70
3
  9
$DIMALTF
 40
0.03937007874
  9
$DIMLFAC
 40
100.0
  9
$DIMTOFL
 70
1
  9
$DIMTVP
 40
0.0
  9
$DIMTIX
 70
0
  9
$DIMSOXD
 70
0
  9
$DIMSAH
 70
0
  9
$DIMBLK1
  1

  9
$DIMBLK2
  1

  9
$DIMSTYLE
  2
EZDXF
  9
$DIMCLRD
 70
0
  9
$DIMCLRE
 70
0
  9
$DIMCLRT
 70
0
  9
$DIMTFAC
 40
0.5
  9
$DIMGAP
 40
0.1
  9
$DIMJUST
 70
0
  9
$DIMSD1
 70
0
  9
$DIMSD2
 70
0
  9
$DIMTOLJ
 70
0
  9
$DIMTZIN
 70
8
  9
$DIMALTZ
 70
0
  9
$DIMALTTZ
 70
0
  9
$DIMUPT
 70
1
  9
$DIMDEC
 70
2
  9
$DIMTDEC
 70
2
  9
$DIMALTU
 70
2
  9
$DIMALTTD
 70
3
  9
$DIMTXSTY
  7
OpenSansCondensed-Light
  9
$DIMAUNIT
 70
0
  9
$DIMADEC
 70
2
  9
$DIMALTRND
 40
0.0
  9
$DIMAZIN
 70
3
  9
$DIMDSEP
 70
46
  9
$DIMATFIT
 70
3
  9
$DIMFRAC
 70
0
  9
$DIMLDRBLK
  1

  9
$DIMLUNIT
 70
2
  9
$DIMLWD
 70
-2
  9
$DIMLWE
 70
-2
  9
$DIMTMOVE
 70
2
  9
$DIMFXL
 40
1.0
  9
$DIMFXLON
 70
0
  9
$DIMJOGANG
 40
0.785398163397
  9
$DIMTFILL
 70
0
  9
$DIMTFILLCLR
 70
0
  9
$DIMARCSYM
 70
0
  9
$DIMLTYPE
  6

  9
$DIMLTEX1
  6

  9
$DIMLTEX2
  6

  9
$DIMTXTDIRECTION
 70
0
  9
$LUNITS
 70
2
  9
$LUPREC
 70
4
  9
$SKETCHINC
 40
1.0
  9
$FILLETRAD
 40
10.0
  9
$AUNITS
 70
0
  9
$AUPREC
 70
2
  9
$MENU
  1
.
  9
$ELEVATION
 40
0.0
  9
$PELEVATION
 40
0.0
  9
$THICKNESS
 40
0.0
  9
$LIMCHECK
 70
0
  9
$CHAMFERA
 40
0.0
  9
$CHAMFERB
 40
0.0
  9
$CHAMFERC
 40
0.0
  9
$CHAMFERD
 40
0.0
  9
$SKPOLY
 70
0
  9
$TDCREATE
 40
2461300.5677199075
  9
$TDUCREATE
 40
2458532.153996898
  9
$TDUPDATE
 40
2461300.5677314815
  9
$TDUUPDATE
 40
2458532.1544311
  9
$TDINDWG
 40
0.0
  9
$TDUSRTIMER
 40
0.0
  9
$USRTIMER
 70
1
  9
$ANGBASE
 50
0.0
  9
$ANGDIR
 70
0
  9
$PDMODE
 70
0
  9
$PDSIZE
 40
0.0
  9
$PLINEWID
 40
0.0
  9
$SPLFRAME
 70
0
  9
$SPLINETYPE
 70
6
  9
$SPLINESEGS
 70
8
  9
$HANDSEED
  5
509
  9
$SURFTAB1
 70
6
  9
$SURFTAB2
 70
6
  9
$SURFTYPE
 70
6
  9
$SURFU
 70
6
  9
$SURFV
 70
6
  9
$UCSBASE
  2

  9
$UCSNAME
  2

  9
$UCSORG
 10
0.0
 20
0.0
 30
0.0
  9
$UCSXDIR
 10
1.0
 20
0.0
 30
0.0
  9
$UCSYDIR
 10
0.0
 20
1.0
 30
0.0
  9
$UCSORTHOREF
  2

  9
$UCSORTHOVIEW
 70
0
  9
$UCSORGTOP
 10
0.0
 20
0.0
 30
0.0
  9
$UCSORGBOTTOM
 10
0.0
 20
0.0
 30
0.0
  9
$UCSORGLEFT
 10
0.0
 20
0.0
 30
0.0
  9
$UCSORGRIGHT
 10
0.0
 20
0.0
 30
0.0
  9
$UCSORGFRONT
 10
0.0
 20
0.0
 30
0.0
  9
$UCSORGBACK
 10
0.0
 20
0.0
 30
0.0
  9
$PUCSBASE
  2

  9
$PUCSNAME
  2

  9
$PUCSORG
 10
0.0
 20
0.0
 30
0.0
  9
$PUCSXDIR
 10
1.0
 20
0.0
 30
0.0
  9
$PUCSYDIR
 10
0.0
 20
1.0
 30
0.0
  9
$PUCSORTHOREF
  2

  9
$PUCSORTHOVIEW
 70
0
  9
$PUCSORGTOP
 10
0.0
 20
0.0
 30
0.0
  9
$PUCSORGBOTTOM
 10
0.0
 20
0.0
 30
0.0
  9
$PUCSORGLEFT
 10
0.0
 20
0.0
 30
0.0
  9
$PUCSORGRIGHT
 10
0.0
 20
0.0
 30
0.0
  9
$PUCSORGFRONT
 10
0.0
 20
0.0
 30
0.0
  9
$PUCSORGBACK
 10
0.0
 20
0.0
 30
0.0
  9
$USERI1
 70
0
  9
$USERI2
 70
0
  9
$USERI3
 70
0
  9
$USERI4
 70
0
  9
$USERI5
 70
0
  9
$USERR1
 40
0.0
  9
$USERR2
 40
0.0
  9
$USERR3
 40
0.0
  9
$USERR4
 40
0.0
  9
$USERR5
 40
0.0
  9
$WORLDVIEW
 70
1
  9
$SHADEDGE
 70
3
  9
$SHADEDIF
 70
70
  9
$TILEMODE
 70
1
  9
$MAXACTVP
 70
64
  9
$PINSBASE
 10
0.0
 20
0.0
 30
0.0
  9
$PLIMCHECK
 70
0
  9
$PEXTMIN
 10
1e+20
 20
1e+20
 30
1e+20
  9
$PEXTMAX
 10
-1e+20
 20
-1e+20
 30
-1e+20
  9
$PLIMMIN
 10
0.0
 20
0.0
  9
$PLIMMAX
 10
420.0
 20
297.0
  9
$UNITMODE
 70
0
  9
$VISRETAIN
 70
1
  9
$PLINEGEN
 70
0
  9
$PSLTSCALE
 70
1
  9
$TREEDEPTH
 70
3020
  9
$CMLSTYLE
  2
Standard
  9
$CMLJUST
 70
0
  9
$CMLSCALE
 40
20.0
  9
$PROXYGRAPHICS
 70
1
  9
$MEASUREMENT
 70
1
  9
$CELWEIGHT
370
-1
  9
$ENDCAPS
280
0
  9
$JOINSTYLE
280
0
  9
$LWDISPLAY
290
0
  9
$INSUNITS
 70
4
  9
$HYPERLINKBASE
  1

  9
$STYLESHEET
  1

  9
$XEDIT
290
1
  9
$CEPSNTYPE
380
0
  9
$PSTYLEMODE
290
1
  9
$FINGERPRINTGUID
  2
{8A0D88B5-30CC-4527-A040-53E55BABA9EF}
  9
$VERSIONGUID
  2
{1A50BC40-CFC7-4B7F-9826-93A499FDBA50}
  9
$EXTNAMES
290
1
  9
$PSVPSCALE
 40
0.0
  9
$OLESTARTUP
290
0
  9
$SORTENTS
280
127
  9
$INDEXCTL
280
0
  9
$HIDETEXT
280
1
  9
$XCLIPFRAME
280
1
  9
$HALOGAP
280
0
  9
$OBSCOLOR
 70
257
  9
$OBSLTYPE
280
0
  9
$INTERSECTIONDISPLAY
280
0
  9
$INTERSECTIONCOLOR
 70
257
  9
$DIMASSOC
280
2
  9
$PROJECTNAME
  1

  9
$CAMERADISPLAY
290
0
  9
$LENSLENGTH
 40
50.0
  9
$CAMERAHEIGHT
 40
0.0
  9
$STEPSPERSEC
 40
24.0
  9
$STEPSIZE
 40
100.0
  9
$3DDWFPREC
 40
2.0
  9
$PSOLWIDTH
 40
0.005
  9
$PSOLHEIGHT
 40
0.08
  9
$LOFTANG1
 40
1.570796326795
  9
$LOFTANG2
 40
1.570796326795
  9
$LOFTMAG1
 40
0.0
  9
$LOFTMAG2
 40
0.0
  9
$LOFTPARAM
 70
7
  9
$LOFTNORMALS
280
1
  9
$LATITUDE
 40
37.795
  9
$LONGITUDE
 40
-122.394
  9
$NORTHDIRECTION
 40
0.0
  9
$TIMEZONE
 70
-8000
  9
$LIGHTGLYPHDISPLAY
280
1
  9
$TILEMODELIGHTSYNCH
280
1
  9
$CMATERIAL
347
20
  9
$SOLIDHIST
280
0
  9
$SHOWHIST
280
1
  9
$DWFFRAME
280
2
  9
$DGNFRAME
280
2
  9
$REALWORLDSCALE
290
1
  9
$INTERFERECOLOR
 62
256
  9
$CSHADOW
280
0
  9
$SHADOWPLANELOCATION
 40
0.0
  0
ENDSEC
  0
SECTION
  2
CLASSES
  0
CLASS
  1
ACDBDICTIONARYWDFLT
  2
AcDbDictionaryWithDefault
  3
ObjectDBX Classes
 90
0
 91
0
280
0
281
0
  0
CLASS
  1
SUN
  2
AcDbSun
  3
SCENEOE
 90
1153
 91
0
280
0
281
0
  0
CLASS
  1
VISUALSTYLE
  2
AcDbVisualStyle
  3
ObjectDBX Classes
 90
4095
 91
0
280
0
281
0
  0
CLASS
  1
MATERIAL
  2
AcDbMaterial
  3
ObjectDBX Classes
 90
1153
 91
0
280
0
281
0
  0
CLASS
  1
SCALE
  2
AcDbScale
  3
ObjectDBX Classes
 90
1153
 91
0
280
0
281
0
  0
CLASS
  1
TABLESTYLE
  2
AcDbTableStyle
  3
ObjectDBX Classes
 90
4095
 91
0
280
0
281
0
  0
CLASS
  1
MLEADERSTYLE
  2
AcDbMLeaderStyle
  3
ACDB_MLEADERSTYLE_CLASS
 90
4095
 91
0
280
0
281
0
  0
CLASS
  1
DICTIONARYVAR
  2
AcDbDictionaryVar
  3
ObjectDBX Classes
 90
0
 91
0
280
0
281
0
  0
CLASS
  1
CELLSTYLEMAP
  2
AcDbCellStyleMap
  3
ObjectDBX Classes
 90
1152
 91
0
280
0
281
0
  0
CLASS
  1
MENTALRAYRENDERSETTINGS
  2
AcDbMentalRayRenderSettings
  3
SCENEOE
 90
1024
 91
0
280
0
281
0
  0
CLASS
  1
ACDBDETAILVIEWSTYLE
  2
AcDbDetailViewStyle
  3
ObjectDBX Classes
 90
1025
 91
0
280
0
281
0
  0
CLASS
  1
ACDBSECTIONVIEWSTYLE
  2
AcDbSectionViewStyle
  3
ObjectDBX Classes
 90
1025
 91
0
280
0
281
0
  0
CLASS
  1
RASTERVARIABLES
  2
AcDbRasterVariables
  3
ISM
 90
0
 91
0
280
0
281
0
  0
CLASS
  1
ACDBPLACEHOLDER
  2
AcDbPlaceHolder
  3
ObjectDBX Classes
 90
0
 91
0
280
0
281
0
  0
CLASS
  1
LAYOUT
  2
AcDbLayout
  3
ObjectDBX Classes
 90
0
 91
0
280
0
281
0
  0
ENDSEC
  0
SECTION
  2
TABLES
  0
TABLE
  2
VPORT
  5
8
330
0
100
AcDbSymbolTable
 70
1
  0
VPORT
  5
23
330
8
100
AcDbSymbolTableRecord
100
AcDbViewportTableRecord
  2
*Active
 70
0
 10
0.0
 20
0.0
 11
1.0
 21
1.0
 12
0.0
 22
0.0
 13
0.0
 23
0.0
 14
0.5
 24
0.5
 15
0.5
 25
0.5
 16
0.0
 26
0.0
 36
1.0
 17
0.0
 27
0.0
 37
0.0
 40
1000.0
 41
1.34
 42
50.0
 43
0.0
 44
0.0
 50
0.0
 51
0.0
 71
0
 72
1000
 73
1
 74
3
 75
0
 76
0
 77
0
 78
0
281
0
 65
0
146
0.0
  0
ENDTAB
  0
TABLE
  2
LTYPE
  5
2
330
0
100
AcDbSymbolTable
 70
21
  0
LTYPE
  5
24
330
2
100
AcDbSymbolTableRecord
100
AcDbLinetypeTableRecord
  2
ByBlock
 70
0
  3

 72
65
 73
0
 40
0.0
  0
LTYPE
  5
25
330
2
100
AcDbSymbolTableRecord
100
AcDbLinetypeTableRecord
  2
ByLayer
 70
0
  3

 72
65
 73
0
 40
0.0
  0
LTYPE
  5
26
330
2
100
AcDbSymbolTableRecord
100
AcDbLinetypeTableRecord
  2
Continuous
 70
0
  3

 72
65
 73
0
 40
0.0
  0
LTYPE
  5
2F
330
2
100
AcDbSymbolTableRecord
100
AcDbLinetypeTableRecord
  2
CENTER
 70
0
  3
Center ____ _ ____ _ ____ _ ____ _ ____ _ ____
 72
65
 73
4
 40
5.08
 49
3.175
 74
0
 49
-0.635
 74
0
 49
0.635
 74
0
 49
-0.635
 74
0
  0
LTYPE
  5
30
330
2
100
AcDbSymbolTableRecord
100
AcDbLinetypeTableRecord
  2
CENTERX2
 70
0
  3
Center (2x) ________  __  ________  __  ________
 72
65
 73
4
 40
8.89
 49
6.35
 74
0
 49
-0.635
 74
0
 49
1.27
 74
0
 49
-0.635
 74
0
  0
LTYPE
  5
31
330
2
100
AcDbSymbolTableRecord
100
AcDbLinetypeTableRecord
  2
CENTER2
 70
0
  3
Center (.5x) ____ _ ____ _ ____ _ ____ _ ____
 72
65
 73
4
 40
2.54
 49
1.587
 74
0
 49
-0.318
 74
0
 49
0.318
 74
0
 49
-0.318
 74
0
  0
LTYPE
  5
32
330
2
100
AcDbSymbolTableRecord
100
AcDbLinetypeTableRecord
  2
DASHED
 70
0
  3
Dashed __ __ __ __ __ __ __ __ __ __ __ __ __ _
 72
65
 73
2
 40
1.524
 49
1.27
 74
0
 49
-0.254
 74
0
  0
LTYPE
  5
33
330
2
100
AcDbSymbolTableRecord
100
AcDbLinetypeTableRecord
  2
DASHEDX2
 70
0
  3
Dashed (2x) ____  ____  ____  ____  ____  ____
 72
65
 73
2
 40
3.048
 49
2.54
 74
0
 49
-0.508
 74
0
  0
LTYPE
  5
34
330
2
100
AcDbSymbolTableRecord
100
AcDbLinetypeTableRecord
  2
DASHED2
 70
0
  3
Dashed (.5x) _ _ _ _ _ _ _ _ _ _ _ _ _ _
 72
65
 73
2
 40
0.762
 49
0.635
 74
0
 49
-0.127
 74
0
  0
LTYPE
  5
35
330
2
100
AcDbSymbolTableRecord
100
AcDbLinetypeTableRecord
  2
PHANTOM
 70
0
  3
Phantom ______  __  __  ______  __  __  ______
 72
65
 73
6
 40
6.35
 49
3.175
 74
0
 49
-0.635
 74
0
 49
0.635
 74
0
 49
-0.635
 74
0
 49
0.635
 74
0
 49
-0.635
 74
0
  0
LTYPE
  5
36
330
2
100
AcDbSymbolTableRecord
100
AcDbLinetypeTableRecord
  2
PHANTOMX2
 70
0
  3
Phantom (2x)____________    ____    ____    ____________
 72
65
 73
6
 40
10.795
 49
6.35
 74
0
 49
-0.635
 74
0
 49
1.27
 74
0
 49
-0.635
 74
0
 49
1.27
 74
0
 49
-0.635
 74
0
  0
LTYPE
  5
37
330
2
100
AcDbSymbolTableRecord
100
AcDbLinetypeTableRecord
  2
PHANTOM2
 70
0
  3
Phantom (.5x) ___ _ _ ___ _ _ ___ _ _ ___ _ _ ___
 72
65
 73
6
 40
3.175
 49
1.587
 74
0
 49
-0.318
 74
0
 49
0.318
 74
0
 49
-0.318
 74
0
 49
0.318
 74
0
 49
-0.318
 74
0
  0
LTYPE
  5
38
330
2
100
AcDbSymbolTableRecord
100
AcDbLinetypeTableRecord
  2
DASHDOT
 70
0
  3
Dash dot __ . __ . __ . __ . __ . __ . __ . __
 72
65
 73
4
 40
3.556
 49
2.54
 74
0
 49
-0.508
 74
0
 49
0.0
 74
0
 49
-0.508
 74
0
  0
LTYPE
  5
39
330
2
100
AcDbSymbolTableRecord
100
AcDbLinetypeTableRecord
  2
DASHDOTX2
 70
0
  3
Dash dot (2x) ____  .  ____  .  ____  .  ____
 72
65
 73
4
 40
6.096
 49
5.08
 74
0
 49
-0.508
 74
0
 49
0.0
 74
0
 49
-0.508
 74
0
  0
LTYPE
  5
3A
330
2
100
AcDbSymbolTableRecord
100
AcDbLinetypeTableRecord
  2
DASHDOT2
 70
0
  3
Dash dot (.5x) _ . _ . _ . _ . _ . _ . _ . _
 72
65
 73
4
 40
1.778
 49
1.27
 74
0
 49
-0.254
 74
0
 49
0.0
 74
0
 49
-0.254
 74
0
  0
LTYPE
  5
3B
330
2
100
AcDbSymbolTableRecord
100
AcDbLinetypeTableRecord
  2
DOT
 70
0
  3
Dot .  .  .  .  .  .  .  .  .  .  .  .  .  .  .  .
 72
65
 73
2
 40
0.508
 49
0.0
 74
0
 49
-0.508
 74
0
  0
LTYPE
  5
3C
330
2
100
AcDbSymbolTableRecord
100
AcDbLinetypeTableRecord
  2
DOTX2
 70
0
  3
Dot (2x) .    .    .    .    .    .    .    . 
 72
65
 73
2
 40
1.016
 49
0.0
 74
0
 49
-1.016
 74
0
  0
LTYPE
  5
3D
330
2
100
AcDbSymbolTableRecord
100
AcDbLinetypeTableRecord
  2
DOT2
 70
0
  3
Dot (.5) . . . . . . . . . . . . . . . . . . . 
 72
65
 73
2
 40
0.254
 49
0.0
 74
0
 49
-0.254
 74
0
  0
LTYPE
  5
3E
330
2
100
AcDbSymbolTableRecord
100
AcDbLinetypeTableRecord
  2
DIVIDE
 70
0
  3
Divide __ . . __ . . __ . . __ . . __ . . __
 72
65
 73
6
 40
4.064
 49
2.54
 74
0
 49
-0.508
 74
0
 49
0.0
 74
0
 49
-0.508
 74
0
 49
0.0
 74
0
 49
-0.508
 74
0
  0
LTYPE
  5
3F
330
2
100
AcDbSymbolTableRecord
100
AcDbLinetypeTableRecord
  2
DIVIDEX2
 70
0
  3
Divide (2x) ____  . .  ____  . .  ____  . .  ____
 72
65
 73
6
 40
6.604
 49
5.08
 74
0
 49
-0.508
 74
0
 49
0.0
 74
0
 49
-0.508
 74
0
 49
0.0
 74
0
 49
-0.508
 74
0
  0
LTYPE
  5
40
330
2
100
AcDbSymbolTableRecord
100
AcDbLinetypeTableRecord
  2
DIVIDE2
 70
0
  3
Divide(.5x) _ . _ . _ . _ . _ . _ . _ . _
 72
65
 73
6
 40
2.032
 49
1.27
 74
0
 49
-0.254
 74
0
 49
0.0
 74
0
 49
-0.254
 74
0
 49
0.0
 74
0
 49
-0.254
 74
0
  0
ENDTAB
  0
TABLE
  2
LAYER
  5
1
330
0
100
AcDbSymbolTable
 70
35
  0
LAYER
  5
27
330
1
100
AcDbSymbolTableRecord
100
AcDbLayerTableRecord
  2
0
 70
0
 62
7
  6
Continuous
370
-3
390
13
347
21
  0
LAYER
  5
28
330
1
100
AcDbSymbolTableRecord
100
AcDbLayerTableRecord
  2
Defpoints
 70
0
 62
7
  6
Continuous
290
0
370
-3
390
13
347
21
  0
LAYER
  5
8A
330
1
100
AcDbSymbolTableRecord
100
AcDbLayerTableRecord
  2
S-CONCRETE
 70
0
 62
7
  6
Continuous
370
-3
390
13
347
21
1001
AcAecLayerStandard
1000

1000
Structural concrete, cut
  0
LAYER
  5
8C
330
1
100
AcDbSymbolTableRecord
100
AcDbLayerTableRecord
  2
S-CONCRETE-THIN
 70
0
 62
7
  6
Continuous
370
-3
390
13
347
21
1001
AcAecLayerStandard
1000

1000
Concrete outlines, uncut
  0
LAYER
  5
8D
330
1
100
AcDbSymbolTableRecord
100
AcDbLayerTableRecord
  2
S-HIDDEN
 70
0
 62
8
  6
Continuous
370
-3
390
13
347
21
1001
AcAecLayerStandard
1000

1000
Concrete and features beyond / below
  0
LAYER
  5
8E
330
1
100
AcDbSymbolTableRecord
100
AcDbLayerTableRecord
  2
S-REBAR-MAIN
 70
0
 62
1
  6
Continuous
370
-3
390
13
347
21
1001
AcAecLayerStandard
1000

1000
Main reinforcement
  0
LAYER
  5
8F
330
1
100
AcDbSymbolTableRecord
100
AcDbLayerTableRecord
  2
S-REBAR-DIST
 70
0
 62
5
  6
Continuous
370
-3
390
13
347
21
1001
AcAecLayerStandard
1000

1000
Distribution reinforcement
  0
LAYER
  5
90
330
1
100
AcDbSymbolTableRecord
100
AcDbLayerTableRecord
  2
S-REBAR-STIRRUP
 70
0
 62
5
  6
Continuous
370
-3
390
13
347
21
1001
AcAecLayerStandard
1000

1000
Links and stirrups
  0
LAYER
  5
91
330
1
100
AcDbSymbolTableRecord
100
AcDbLayerTableRecord
  2
S-REBAR-SEC
 70
0
 62
1
  6
Continuous
370
-3
390
13
347
21
1001
AcAecLayerStandard
1000

1000
Trimmers, jamb bars, starters, additional bars
  0
LAYER
  5
92
330
1
100
AcDbSymbolTableRecord
100
AcDbLayerTableRecord
  2
S-DIM
 70
0
 62
7
  6
Continuous
370
-3
390
13
347
21
1001
AcAecLayerStandard
1000

1000
Dimensions
  0
LAYER
  5
93
330
1
100
AcDbSymbolTableRecord
100
AcDbLayerTableRecord
  2
S-TEXT
 70
0
 62
7
  6
Continuous
370
-3
390
13
347
21
1001
AcAecLayerStandard
1000

1000
General annotation
  0
LAYER
  5
94
330
1
100
AcDbSymbolTableRecord
100
AcDbLayerTableRecord
  2
S-NOTE
 70
0
 62
7
  6
Continuous
370
-3
390
13
347
21
1001
AcAecLayerStandard
1000

1000
Note panels
  0
LAYER
  5
95
330
1
100
AcDbSymbolTableRecord
100
AcDbLayerTableRecord
  2
S-CALLOUT
 70
0
 62
7
  6
Continuous
370
-3
390
13
347
21
1001
AcAecLayerStandard
1000

1000
Bar-mark tags and leaders
  0
LAYER
  5
96
330
1
100
AcDbSymbolTableRecord
100
AcDbLayerTableRecord
  2
S-SECTION
 70
0
 62
7
  6
Continuous
370
-3
390
13
347
21
1001
AcAecLayerStandard
1000

1000
Section and detail markers
  0
LAYER
  5
97
330
1
100
AcDbSymbolTableRecord
100
AcDbLayerTableRecord
  2
S-GRID
 70
0
 62
7
  6
Continuous
370
-3
390
13
347
21
1001
AcAecLayerStandard
1000

1000
Grid lines and bubbles
  0
LAYER
  5
98
330
1
100
AcDbSymbolTableRecord
100
AcDbLayerTableRecord
  2
S-CENTER
 70
0
 62
7
  6
Continuous
370
-3
390
13
347
21
1001
AcAecLayerStandard
1000

1000
Centrelines and void diagonals
  0
LAYER
  5
99
330
1
100
AcDbSymbolTableRecord
100
AcDbLayerTableRecord
  2
S-HATCH
 70
0
 62
8
  6
Continuous
370
-3
390
13
347
21
1001
AcAecLayerStandard
1000

1000
Section hatch
  0
LAYER
  5
9A
330
1
100
AcDbSymbolTableRecord
100
AcDbLayerTableRecord
  2
S-TITLE
 70
0
 62
7
  6
Continuous
370
-3
390
13
347
21
1001
AcAecLayerStandard
1000

1000
Border, title block, view titles
  0
LAYER
  5
9B
330
1
100
AcDbSymbolTableRecord
100
AcDbLayerTableRecord
  2
S-EXISTING
 70
0
 62
8
  6
Continuous
370
-3
390
13
347
21
1001
AcAecLayerStandard
1000

1000
Soil, rock, fill and cover build-up
  0
LAYER
  5
9C
330
1
100
AcDbSymbolTableRecord
100
AcDbLayerTableRecord
  2
S-WATERPROOF
 70
0
 62
7
  6
Continuous
370
-3
390
13
347
21
1001
AcAecLayerStandard
1000

1000
Tanking, waterstops, groundwater table
  0
LAYER
  5
9D
330
1
100
AcDbSymbolTableRecord
100
AcDbLayerTableRecord
  2
S-LEVEL
 70
0
 62
7
  6
Continuous
370
-3
390
13
347
21
1001
AcAecLayerStandard
1000

1000
Level markers
  0
LAYER
  5
9E
330
1
100
AcDbSymbolTableRecord
100
AcDbLayerTableRecord
  2
S-TABLE
 70
0
 62
7
  6
Continuous
370
-3
390
13
347
21
1001
AcAecLayerStandard
1000

1000
Tables and schedules
  0
LAYER
  5
103
330
1
100
AcDbSymbolTableRecord
100
AcDbLayerTableRecord
  2
M-EQUIP
 70
0
 62
7
  6
Continuous
370
-3
390
13
347
21
1001
AcAecLayerStandard
1000

1000
Services equipment
  0
LAYER
  5
104
330
1
100
AcDbSymbolTableRecord
100
AcDbLayerTableRecord
  2
M-DUCT-SUPPLY
 70
0
 62
7
  6
Continuous
370
-3
390
13
347
21
1001
AcAecLayerStandard
1000

1000
Filtered supply and transfer air
  0
LAYER
  5
105
330
1
100
AcDbSymbolTableRecord
100
AcDbLayerTableRecord
  2
M-DUCT-RAW
 70
0
 62
1
  6
Continuous
370
-3
390
13
347
21
1001
AcAecLayerStandard
1000

1000
RAW UNFILTERED air across the clean zone
  0
LAYER
  5
106
330
1
100
AcDbSymbolTableRecord
100
AcDbLayerTableRecord
  2
M-DUCT-EXTRACT
 70
0
 62
5
  6
Continuous
370
-3
390
13
347
21
1001
AcAecLayerStandard
1000

1000
Extract and exhaust air
  0
LAYER
  5
107
330
1
100
AcDbSymbolTableRecord
100
AcDbLayerTableRecord
  2
M-DUCT-GEN
 70
0
 62
8
  6
Continuous
370
-3
390
13
347
21
1001
AcAecLayerStandard
1000

1000
Generator air, outside the envelope
  0
LAYER
  5
108
330
1
100
AcDbSymbolTableRecord
100
AcDbLayerTableRecord
  2
M-VALVE
 70
0
 62
1
  6
Continuous
370
-3
390
13
347
21
1001
AcAecLayerStandard
1000

1000
Blast valves and gas-tight dampers
  0
LAYER
  5
109
330
1
100
AcDbSymbolTableRecord
100
AcDbLayerTableRecord
  2
M-EMP-Z1
 70
0
 62
7
  6
Continuous
370
-3
390
13
347
21
1001
AcAecLayerStandard
1000

1000
EMP Zone 1 boundary
  0
LAYER
  5
10A
330
1
100
AcDbSymbolTableRecord
100
AcDbLayerTableRecord
  2
M-EMP-Z2
 70
0
 62
1
  6
Continuous
370
-3
390
13
347
21
1001
AcAecLayerStandard
1000

1000
EMP Zone 2 enclosure and envelope penetrations
  0
LAYER
  5
10B
330
1
100
AcDbSymbolTableRecord
100
AcDbLayerTableRecord
  2
M-EMP-BOND
 70
0
 62
5
  6
Continuous
370
-3
390
13
347
21
1001
AcAecLayerStandard
1000

1000
Bonding, earthing and shield continuity
  0
LAYER
  5
10C
330
1
100
AcDbSymbolTableRecord
100
AcDbLayerTableRecord
  2
M-PIPE-FOUL
 70
0
 62
1
  6
Continuous
370
-3
390
13
347
21
1001
AcAecLayerStandard
1000

1000
Foul drainage
  0
LAYER
  5
10D
330
1
100
AcDbSymbolTableRecord
100
AcDbLayerTableRecord
  2
M-PIPE-STORM
 70
0
 62
5
  6
Continuous
370
-3
390
13
347
21
1001
AcAecLayerStandard
1000

1000
Storm and rising-main drainage
  0
LAYER
  5
10E
330
1
100
AcDbSymbolTableRecord
100
AcDbLayerTableRecord
  2
M-SITE
 70
0
 62
7
  6
Continuous
370
-3
390
13
347
21
1001
AcAecLayerStandard
1000

1000
Site structures
  0
LAYER
  5
10F
330
1
100
AcDbSymbolTableRecord
100
AcDbLayerTableRecord
  2
M-RESERVE
 70
0
 62
8
  6
Continuous
370
-3
390
13
347
21
1001
AcAecLayerStandard
1000

1000
Reserved footprints and land reserves
  0
ENDTAB
  0
TABLE
  2
STYLE
  5
5
330
0
100
AcDbSymbolTable
 70
26
  0
STYLE
  5
29
330
5
100
AcDbSymbolTableRecord
100
AcDbTextStyleTableRecord
  2
Standard
 70
0
 40
0.0
 41
1.0
 50
0.0
 71
0
 42
2.5
  3
txt
  4

  0
STYLE
  5
41
330
5
100
AcDbSymbolTableRecord
100
AcDbTextStyleTableRecord
  2
OpenSans-Light
 70
0
 40
0.0
 41
1.0
 50
0.0
 71
0
 42
2.5
  3
OpenSans-Light.ttf
  4

  0
STYLE
  5
42
330
5
100
AcDbSymbolTableRecord
100
AcDbTextStyleTableRecord
  2
OpenSans-Light-Italic
 70
0
 40
0.0
 41
1.0
 50
0.0
 71
0
 42
2.5
  3
OpenSans-LightItalic.ttf
  4

  0
STYLE
  5
43
330
5
100
AcDbSymbolTableRecord
100
AcDbTextStyleTableRecord
  2
OpenSans
 70
0
 40
0.0
 41
1.0
 50
0.0
 71
0
 42
2.5
  3
OpenSans-Regular.ttf
  4

  0
STYLE
  5
44
330
5
100
AcDbSymbolTableRecord
100
AcDbTextStyleTableRecord
  2
OpenSans-Italic
 70
0
 40
0.0
 41
1.0
 50
0.0
 71
0
 42
2.5
  3
OpenSans-Italic.ttf
  4

  0
STYLE
  5
45
330
5
100
AcDbSymbolTableRecord
100
AcDbTextStyleTableRecord
  2
OpenSans-SemiBold
 70
0
 40
0.0
 41
1.0
 50
0.0
 71
0
 42
2.5
  3
OpenSans-SemiBold.ttf
  4

  0
STYLE
  5
46
330
5
100
AcDbSymbolTableRecord
100
AcDbTextStyleTableRecord
  2
OpenSans-SemiBoldItalic
 70
0
 40
0.0
 41
1.0
 50
0.0
 71
0
 42
2.5
  3
OpenSans-SemiBoldItalic.ttf
  4

  0
STYLE
  5
47
330
5
100
AcDbSymbolTableRecord
100
AcDbTextStyleTableRecord
  2
OpenSans-Bold
 70
0
 40
0.0
 41
1.0
 50
0.0
 71
0
 42
2.5
  3
OpenSans-Bold.ttf
  4

  0
STYLE
  5
48
330
5
100
AcDbSymbolTableRecord
100
AcDbTextStyleTableRecord
  2
OpenSans-BoldItalic
 70
0
 40
0.0
 41
1.0
 50
0.0
 71
0
 42
2.5
  3
OpenSans-BoldItalic.ttf
  4

  0
STYLE
  5
49
330
5
100
AcDbSymbolTableRecord
100
AcDbTextStyleTableRecord
  2
OpenSans-ExtraBold
 70
0
 40
0.0
 41
1.0
 50
0.0
 71
0
 42
2.5
  3
OpenSans-ExtraBold.ttf
  4

  0
STYLE
  5
4A
330
5
100
AcDbSymbolTableRecord
100
AcDbTextStyleTableRecord
  2
OpenSans-ExtraBoldItalic
 70
0
 40
0.0
 41
1.0
 50
0.0
 71
0
 42
2.5
  3
OpenSans-ExtraBoldItalic.ttf
  4

  0
STYLE
  5
4B
330
5
100
AcDbSymbolTableRecord
100
AcDbTextStyleTableRecord
  2
OpenSansCondensed-Bold
 70
0
 40
0.0
 41
1.0
 50
0.0
 71
0
 42
2.5
  3
OpenSansCondensed-Bold.ttf
  4

  0
STYLE
  5
4C
330
5
100
AcDbSymbolTableRecord
100
AcDbTextStyleTableRecord
  2
OpenSansCondensed-Light
 70
0
 40
0.0
 41
1.0
 50
0.0
 71
0
 42
2.5
  3
OpenSansCondensed-Light.ttf
  4

  0
STYLE
  5
4D
330
5
100
AcDbSymbolTableRecord
100
AcDbTextStyleTableRecord
  2
OpenSansCondensed-Italic
 70
0
 40
0.0
 41
1.0
 50
0.0
 71
0
 42
2.5
  3
OpenSansCondensed-LightItalic.ttf
  4

  0
STYLE
  5
4E
330
5
100
AcDbSymbolTableRecord
100
AcDbTextStyleTableRecord
  2
LiberationSans
 70
0
 40
0.0
 41
1.0
 50
0.0
 71
0
 42
2.5
  3
LiberationSans-Regular.ttf
  4

  0
STYLE
  5
4F
330
5
100
AcDbSymbolTableRecord
100
AcDbTextStyleTableRecord
  2
LiberationSans-Bold
 70
0
 40
0.0
 41
1.0
 50
0.0
 71
0
 42
2.5
  3
LiberationSans-Bold.ttf
  4

  0
STYLE
  5
50
330
5
100
AcDbSymbolTableRecord
100
AcDbTextStyleTableRecord
  2
LiberationSans-BoldItalic
 70
0
 40
0.0
 41
1.0
 50
0.0
 71
0
 42
2.5
  3
LiberationSans-BoldItalic.ttf
  4

  0
STYLE
  5
51
330
5
100
AcDbSymbolTableRecord
100
AcDbTextStyleTableRecord
  2
LiberationSans-Italic
 70
0
 40
0.0
 41
1.0
 50
0.0
 71
0
 42
2.5
  3
LiberationSans-Italic.ttf
  4

  0
STYLE
  5
52
330
5
100
AcDbSymbolTableRecord
100
AcDbTextStyleTableRecord
  2
LiberationSerif
 70
0
 40
0.0
 41
1.0
 50
0.0
 71
0
 42
2.5
  3
LiberationSerif-Regular.ttf
  4

  0
STYLE
  5
53
330
5
100
AcDbSymbolTableRecord
100
AcDbTextStyleTableRecord
  2
LiberationSerif-Bold
 70
0
 40
0.0
 41
1.0
 50
0.0
 71
0
 42
2.5
  3
LiberationSerif-Bold.ttf
  4

  0
STYLE
  5
54
330
5
100
AcDbSymbolTableRecord
100
AcDbTextStyleTableRecord
  2
LiberationSerif-BoldItalic
 70
0
 40
0.0
 41
1.0
 50
0.0
 71
0
 42
2.5
  3
LiberationSerif-BoldItalic.ttf
  4

  0
STYLE
  5
55
330
5
100
AcDbSymbolTableRecord
100
AcDbTextStyleTableRecord
  2
LiberationSerif-Italic
 70
0
 40
0.0
 41
1.0
 50
0.0
 71
0
 42
2.5
  3
LiberationSerif-Italic.ttf
  4

  0
STYLE
  5
56
330
5
100
AcDbSymbolTableRecord
100
AcDbTextStyleTableRecord
  2
LiberationMono
 70
0
 40
0.0
 41
1.0
 50
0.0
 71
0
 42
2.5
  3
LiberationMono-Regular.ttf
  4

  0
STYLE
  5
57
330
5
100
AcDbSymbolTableRecord
100
AcDbTextStyleTableRecord
  2
LiberationMono-Bold
 70
0
 40
0.0
 41
1.0
 50
0.0
 71
0
 42
2.5
  3
LiberationMono-Bold.ttf
  4

  0
STYLE
  5
58
330
5
100
AcDbSymbolTableRecord
100
AcDbTextStyleTableRecord
  2
LiberationMono-BoldItalic
 70
0
 40
0.0
 41
1.0
 50
0.0
 71
0
 42
2.5
  3
LiberationMono-BoldItalic.ttf
  4

  0
STYLE
  5
59
330
5
100
AcDbSymbolTableRecord
100
AcDbTextStyleTableRecord
  2
LiberationMono-Italic
 70
0
 40
0.0
 41
1.0
 50
0.0
 71
0
 42
2.5
  3
LiberationMono-Italic.ttf
  4

  0
ENDTAB
  0
TABLE
  2
VIEW
  5
7
330
0
100
AcDbSymbolTable
 70
0
  0
ENDTAB
  0
TABLE
  2
UCS
  5
6
330
0
100
AcDbSymbolTable
 70
0
  0
ENDTAB
  0
TABLE
  2
APPID
  5
3
330
0
100
AcDbSymbolTable
 70
4
  0
APPID
  5
2A
330
3
100
AcDbSymbolTableRecord
100
AcDbRegAppTableRecord
  2
ACAD
 70
0
  0
APPID
  5
8B
330
3
100
AcDbSymbolTableRecord
100
AcDbRegAppTableRecord
  2
AcAecLayerStandard
 70
0
  0
APPID
  5
506
330
3
100
AcDbSymbolTableRecord
100
AcDbRegAppTableRecord
  2
HATCHBACKGROUNDCOLOR
 70
0
  0
APPID
  5
507
330
3
100
AcDbSymbolTableRecord
100
AcDbRegAppTableRecord
  2
EZDXF
 70
0
  0
ENDTAB
  0
TABLE
  2
DIMSTYLE
  5
4
330
0
100
AcDbSymbolTable
 70
14
100
AcDbDimStyleTable
  0
DIMSTYLE
105
2B
330
4
100
AcDbSymbolTableRecord
100
AcDbDimStyleTableRecord
  2
Standard
 70
0
 40
1.0
 41
2.5
 42
0.625
 43
3.75
 44
1.25
 45
0.0
 46
0.0
 47
0.0
 48
0.0
 49
2.5
140
2.5
141
2.5
142
0.0
143
0.03937007874
144
1.0
145
0.0
146
1.0
147
0.625
148
0.0
 69
0
 70
0
 71
0
 72
0
 73
0
 74
0
 75
0
 76
0
 77
1
 78
8
 79
3
170
0
171
3
172
1
173
0
174
0
175
0
176
0
177
0
178
0
179
2
271
2
272
2
273
2
274
3
275
0
276
0
277
2
278
44
279
0
280
0
281
0
282
0
283
0
284
8
285
0
286
0
288
0
289
3
290
0
371
-2
372
-2
  0
DIMSTYLE
105
73
330
4
100
AcDbSymbolTableRecord
100
AcDbDimStyleTableRecord
  2
EZDXF
 70
0
 40
1.0
 41
0.175
 42
0.125
 43
3.75
 44
0.375
 45
0.0
 46
0.0
 47
0.0
 48
0.0
 49
2.5
140
0.25
141
2.5
142
0.0
143
0.03937007874
144
100.0
145
0.0
146
0.5
147
0.1
148
0.0
 69
0
 70
0
 71
0
 72
0
 73
0
 74
0
 75
0
 76
0
 77
1
 78
12
 79
3
170
0
171
3
172
1
173
0
174
0
175
0
176
0
177
0
178
0
179
2
271
2
272
2
273
2
274
3
275
0
276
0
277
2
278
46
279
2
280
0
281
0
282
0
283
0
284
8
285
0
286
0
288
1
289
3
290
0
340
4C
342
74
371
-2
372
-2
  0
DIMSTYLE
105
7C
330
4
100
AcDbSymbolTableRecord
100
AcDbDimStyleTableRecord
  2
EZ_M_100_H25_CM
 70
0
 40
1.0
 41
0.25
 42
0.125
 43
3.75
 44
0.375
 45
0.0
 46
0.0
 47
0.0
 48
0.0
 49
2.5
140
0.25
141
2.5
142
0.125
143
0.03937007874
144
100.0
145
0.0
146
0.5
147
0.1
148
0.0
 69
0
 70
0
 71
0
 72
0
 73
0
 74
0
 75
0
 76
0
 77
1
 78
12
 79
3
170
0
171
3
172
1
173
0
174
0
175
0
176
0
177
0
178
0
179
2
271
2
272
2
273
2
274
3
275
0
276
0
277
2
278
46
279
2
280
0
281
0
282
0
283
0
284
8
285
0
286
0
288
1
289
3
290
0
340
4C
371
-2
372
-2
  0
DIMSTYLE
105
7D
330
4
100
AcDbSymbolTableRecord
100
AcDbDimStyleTableRecord
  2
EZ_M_50_H25_CM
 70
0
 40
1.0
 41
0.125
 42
0.0625
 43
3.75
 44
0.1875
 45
0.0
 46
0.0
 47
0.0
 48
0.0
 49
2.5
140
0.125
141
2.5
142
0.0625
143
0.03937007874
144
100.0
145
0.0
146
0.5
147
0.05
148
0.0
 69
0
 70
0
 71
0
 72
0
 73
0
 74
0
 75
0
 76
0
 77
1
 78
12
 79
3
170
0
171
3
172
1
173
0
174
0
175
0
176
0
177
0
178
0
179
2
271
2
272
2
273
2
274
3
275
0
276
0
277
2
278
46
279
2
280
0
281
0
282
0
283
0
284
8
285
0
286
0
288
1
289
3
290
0
340
4C
371
-2
372
-2
  0
DIMSTYLE
105
7E
330
4
100
AcDbSymbolTableRecord
100
AcDbDimStyleTableRecord
  2
EZ_M_25_H25_CM
 70
0
 40
1.0
 41
0.0625
 42
0.03125
 43
3.75
 44
0.09375
 45
0.0
 46
0.0
 47
0.0
 48
0.0
 49
2.5
140
0.0625
141
2.5
142
0.03125
143
0.03937007874
144
100.0
145
0.0
146
0.5
147
0.025
148
0.0
 69
0
 70
0
 71
0
 72
0
 73
0
 74
0
 75
0
 76
0
 77
1
 78
12
 79
3
170
0
171
3
172
1
173
0
174
0
175
0
176
0
177
0
178
0
179
2
271
2
272
2
273
2
274
3
275
0
276
0
277
2
278
46
279
2
280
0
281
0
282
0
283
0
284
8
285
0
286
0
288
1
289
3
290
0
340
4C
371
-2
372
-2
  0
DIMSTYLE
105
7F
330
4
100
AcDbSymbolTableRecord
100
AcDbDimStyleTableRecord
  2
EZ_M_20_H25_CM
 70
0
 40
1.0
 41
0.05
 42
0.025
 43
3.75
 44
0.07500000000000001
 45
0.0
 46
0.0
 47
0.0
 48
0.0
 49
2.5
140
0.05
141
2.5
142
0.025
143
0.03937007874
144
100.0
145
0.0
146
0.5
147
0.020000000000000004
148
0.0
 69
0
 70
0
 71
0
 72
0
 73
0
 74
0
 75
0
 76
0
 77
1
 78
12
 79
3
170
0
171
3
172
1
173
0
174
0
175
0
176
0
177
0
178
0
179
2
271
2
272
2
273
2
274
3
275
0
276
0
277
2
278
46
279
2
280
0
281
0
282
0
283
0
284
8
285
0
286
0
288
1
289
3
290
0
340
4C
371
-2
372
-2
  0
DIMSTYLE
105
80
330
4
100
AcDbSymbolTableRecord
100
AcDbDimStyleTableRecord
  2
EZ_M_10_H25_CM
 70
0
 40
1.0
 41
0.025
 42
0.0125
 43
3.75
 44
0.037500000000000006
 45
0.0
 46
0.0
 47
0.0
 48
0.0
 49
2.5
140
0.025
141
2.5
142
0.0125
143
0.03937007874
144
100.0
145
0.0
146
0.5
147
0.010000000000000002
148
0.0
 69
0
 70
0
 71
0
 72
0
 73
0
 74
0
 75
0
 76
0
 77
1
 78
12
 79
3
170
0
171
3
172
1
173
0
174
0
175
0
176
0
177
0
178
0
179
2
271
2
272
2
273
2
274
3
275
0
276
0
277
2
278
46
279
2
280
0
281
0
282
0
283
0
284
8
285
0
286
0
288
1
289
3
290
0
340
4C
371
-2
372
-2
  0
DIMSTYLE
105
81
330
4
100
AcDbSymbolTableRecord
100
AcDbDimStyleTableRecord
  2
EZ_M_5_H25_CM
 70
0
 40
1.0
 41
0.0125
 42
0.00625
 43
3.75
 44
0.018750000000000003
 45
0.0
 46
0.0
 47
0.0
 48
0.0
 49
2.5
140
0.0125
141
2.5
142
0.00625
143
0.03937007874
144
100.0
145
0.0
146
0.5
147
0.005000000000000001
148
0.0
 69
0
 70
0
 71
0
 72
0
 73
0
 74
0
 75
0
 76
0
 77
1
 78
12
 79
3
170
0
171
3
172
1
173
0
174
0
175
0
176
0
177
0
178
0
179
2
271
2
272
2
273
2
274
3
275
0
276
0
277
2
278
46
279
2
280
0
281
0
282
0
283
0
284
8
285
0
286
0
288
1
289
3
290
0
340
4C
371
-2
372
-2
  0
DIMSTYLE
105
82
330
4
100
AcDbSymbolTableRecord
100
AcDbDimStyleTableRecord
  2
EZ_M_1_H25_CM
 70
0
 40
1.0
 41
0.0025
 42
0.00125
 43
3.75
 44
0.00375
 45
0.0
 46
0.0
 47
0.0
 48
0.0
 49
2.5
140
0.0025
141
2.5
142
0.00125
143
0.03937007874
144
100.0
145
0.0
146
0.5
147
0.001
148
0.0
 69
0
 70
0
 71
0
 72
0
 73
0
 74
0
 75
0
 76
0
 77
1
 78
12
 79
3
170
0
171
3
172
1
173
0
174
0
175
0
176
0
177
0
178
0
179
2
271
2
272
2
273
2
274
3
275
0
276
0
277
2
278
46
279
2
280
0
281
0
282
0
283
0
284
8
285
0
286
0
288
1
289
3
290
0
340
4C
371
-2
372
-2
  0
DIMSTYLE
105
83
330
4
100
AcDbSymbolTableRecord
100
AcDbDimStyleTableRecord
  2
EZ_RADIUS
 70
0
 40
1.0
 41
0.25
 42
0.125
 43
3.75
 44
0.375
 45
0.0
 46
0.0
 47
0.0
 48
0.0
 49
2.5
140
0.25
141
0.0
142
0.0
143
0.03937007874
144
100.0
145
0.0
146
0.5
147
0.1
148
0.0
 69
0
 70
0
 71
0
 72
0
 73
0
 74
0
 75
0
 76
0
 77
1
 78
12
 79
3
170
0
171
3
172
0
173
0
174
0
175
0
176
0
177
0
178
0
179
2
271
2
272
2
273
2
274
3
275
0
276
0
277
2
278
46
279
1
280
0
281
0
282
0
283
0
284
8
285
0
286
0
288
1
289
3
290
0
340
4C
342
84
371
-2
372
-2
  0
DIMSTYLE
105
88
330
4
100
AcDbSymbolTableRecord
100
AcDbDimStyleTableRecord
  2
EZ_RADIUS_INSIDE
 70
0
 40
1.0
 41
0.25
 42
0.125
 43
3.75
 44
0.375
 45
0.0
 46
0.0
 47
0.0
 48
0.0
 49
2.5
140
0.25
141
0.0
142
0.0
143
0.03937007874
144
100.0
145
0.0
146
0.5
147
0.1
148
0.0
 69
0
 70
0
 71
0
 72
0
 73
0
 74
0
 75
0
 76
0
 77
0
 78
12
 79
3
170
0
171
3
172
0
173
0
174
1
175
0
176
0
177
0
178
0
179
2
271
2
272
2
273
2
274
3
275
0
276
0
277
2
278
46
279
0
280
0
281
0
282
0
283
0
284
8
285
0
286
0
288
1
289
0
290
0
340
4C
342
84
371
-2
372
-2
  0
DIMSTYLE
105
89
330
4
100
AcDbSymbolTableRecord
100
AcDbDimStyleTableRecord
  2
EZ_CURVED
 70
0
 40
1.0
 41
0.25
 42
0.125
 43
3.75
 44
0.375
 45
0.0
 46
0.0
 47
0.0
 48
0.0
 49
2.5
140
0.25
141
2.5
142
0.0
143
0.03937007874
144
100.0
145
0.0
146
0.5
147
0.1
148
0.0
 69
0
 70
0
 71
0
 72
0
 73
0
 74
0
 75
0
 76
0
 77
1
 78
12
 79
2
 90
2
170
0
171
3
172
1
173
0
174
0
175
0
176
0
177
0
178
0
179
2
271
2
272
2
273
2
274
3
275
0
276
0
277
2
278
46
279
2
280
0
281
0
282
0
283
0
284
8
285
0
286
0
288
1
289
3
290
0
340
4C
371
-2
372
-2
  0
DIMSTYLE
105
9F
330
4
100
AcDbSymbolTableRecord
100
AcDbDimStyleTableRecord
  2
A2-DIM
 70
0
 40
1.0
 41
1.4
 42
1.0
 43
3.75
 44
1.1
 45
0.0
 46
0.0
 47
0.0
 48
0.0
 49
2.5
140
2.0
141
2.5
142
0.0
143
0.03937007874
144
1.0
145
0.0
146
1.0
147
0.7
148
0.0
 69
0
 70
0
 71
0
 72
0
 73
0
 74
0
 75
0
 76
0
 77
1
 78
8
 79
3
170
0
171
3
172
1
173
0
174
0
175
0
176
7
177
7
178
7
179
2
271
0
272
2
273
2
274
3
275
0
276
0
277
2
278
44
279
0
280
0
281
0
282
0
283
0
284
8
285
0
286
0
288
0
289
3
290
0
340
43
342
74
371
13
372
13
  0
DIMSTYLE
105
A0
330
4
100
AcDbSymbolTableRecord
100
AcDbDimStyleTableRecord
  2
A2-DIM-S
 70
0
 40
1.0
 41
1.1
 42
1.0
 43
3.75
 44
1.1
 45
0.0
 46
0.0
 47
0.0
 48
0.0
 49
2.5
140
1.8
141
2.5
142
0.0
143
0.03937007874
144
1.0
145
0.0
146
1.0
147
0.7
148
0.0
 69
0
 70
0
 71
0
 72
0
 73
0
 74
0
 75
0
 76
0
 77
1
 78
8
 79
3
170
0
171
3
172
1
173
0
174
0
175
0
176
7
177
7
178
7
179
2
271
0
272
2
273
2
274
3
275
0
276
0
277
2
278
44
279
0
280
0
281
0
282
0
283
0
284
8
285
0
286
0
288
0
289
3
290
0
340
43
342
74
371
13
372
13
  0
ENDTAB
  0
TABLE
  2
BLOCK_RECORD
  5
9
330
0
100
AcDbSymbolTable
 70
20
  0
BLOCK_RECORD
  5
17
330
9
100
AcDbSymbolTableRecord
100
AcDbBlockTableRecord
  2
*Model_Space
340
1A
 70
0
280
1
281
0
  0
BLOCK_RECORD
  5
1B
330
9
100
AcDbSymbolTableRecord
100
AcDbBlockTableRecord
  2
*Paper_Space
340
1E
 70
0
280
1
281
0
  0
BLOCK_RECORD
  5
74
330
9
100
AcDbSymbolTableRecord
100
AcDbBlockTableRecord
  2
_ARCHTICK
340
0
 70
0
280
1
281
0
  0
BLOCK_RECORD
  5
78
330
9
100
AcDbSymbolTableRecord
100
AcDbBlockTableRecord
  2
_CLOSEDFILLED
340
0
 70
0
280
1
281
0
  0
BLOCK_RECORD
  5
84
330
9
100
AcDbSymbolTableRecord
100
AcDbBlockTableRecord
  2
_CLOSEDBLANK
340
0
 70
0
280
1
281
0
  0
BLOCK_RECORD
  5
A1
330
9
100
AcDbSymbolTableRecord
100
AcDbBlockTableRecord
  2
A2-SECMARK
340
0
 70
0
280
1
281
0
  0
BLOCK_RECORD
  5
A5
330
9
100
AcDbSymbolTableRecord
100
AcDbBlockTableRecord
  2
A2-LEVEL
340
0
 70
0
280
1
281
0
  0
BLOCK_RECORD
  5
A9
330
9
100
AcDbSymbolTableRecord
100
AcDbBlockTableRecord
  2
A2-NORTH
340
0
 70
0
280
1
281
0
  0
BLOCK_RECORD
  5
198
330
9
100
AcDbSymbolTableRecord
100
AcDbBlockTableRecord
  2
*D1
340
0
 70
0
280
1
281
0
  0
BLOCK_RECORD
  5
1A7
330
9
100
AcDbSymbolTableRecord
100
AcDbBlockTableRecord
  2
*D2
340
0
 70
0
280
1
281
0
  0
BLOCK_RECORD
  5
1B6
330
9
100
AcDbSymbolTableRecord
100
AcDbBlockTableRecord
  2
*D3
340
0
 70
0
280
1
281
0
  0
BLOCK_RECORD
  5
1C5
330
9
100
AcDbSymbolTableRecord
100
AcDbBlockTableRecord
  2
*D4
340
0
 70
0
280
1
281
0
  0
BLOCK_RECORD
  5
1D4
330
9
100
AcDbSymbolTableRecord
100
AcDbBlockTableRecord
  2
*D5
340
0
 70
0
280
1
281
0
  0
BLOCK_RECORD
  5
1E3
330
9
100
AcDbSymbolTableRecord
100
AcDbBlockTableRecord
  2
*D6
340
0
 70
0
280
1
281
0
  0
BLOCK_RECORD
  5
1F2
330
9
100
AcDbSymbolTableRecord
100
AcDbBlockTableRecord
  2
*D7
340
0
 70
0
280
1
281
0
  0
BLOCK_RECORD
  5
201
330
9
100
AcDbSymbolTableRecord
100
AcDbBlockTableRecord
  2
*D8
340
0
 70
0
280
1
281
0
  0
BLOCK_RECORD
  5
210
330
9
100
AcDbSymbolTableRecord
100
AcDbBlockTableRecord
  2
*D9
340
0
 70
0
280
1
281
0
  0
BLOCK_RECORD
  5
21F
330
9
100
AcDbSymbolTableRecord
100
AcDbBlockTableRecord
  2
*D10
340
0
 70
0
280
1
281
0
  0
BLOCK_RECORD
  5
2E0
330
9
100
AcDbSymbolTableRecord
100
AcDbBlockTableRecord
  2
*D11
340
0
 70
0
280
1
281
0
  0
BLOCK_RECORD
  5
31C
330
9
100
AcDbSymbolTableRecord
100
AcDbBlockTableRecord
  2
*D12
340
0
 70
0
280
1
281
0
  0
ENDTAB
  0
ENDSEC
  0
SECTION
  2
BLOCKS
  0
BLOCK
  5
18
330
17
100
AcDbEntity
  8
0
100
AcDbBlockBegin
  2
*Model_Space
 70
0
 10
0.0
 20
0.0
 30
0.0
  3
*Model_Space
  1

  0
ENDBLK
  5
19
330
17
100
AcDbEntity
  8
0
100
AcDbBlockEnd
  0
BLOCK
  5
1C
330
1B
100
AcDbEntity
  8
0
100
AcDbBlockBegin
  2
*Paper_Space
 70
0
 10
0.0
 20
0.0
 30
0.0
  3
*Paper_Space
  1

  0
ENDBLK
  5
1D
330
1B
100
AcDbEntity
  8
0
100
AcDbBlockEnd
  0
BLOCK
  5
75
330
74
100
AcDbEntity
  8
0
100
AcDbBlockBegin
  2
_ARCHTICK
 70
0
 10
0.0
 20
0.0
 30
0.0
  3
_ARCHTICK
  1

  0
LWPOLYLINE
  5
77
330
74
100
AcDbEntity
  8
0
  6
BYBLOCK
 62
0
100
AcDbPolyline
 90
2
 70
0
 43
0.15
 10
-0.5
 20
-0.5
 10
0.5
 20
0.5
  0
ENDBLK
  5
76
330
74
100
AcDbEntity
  8
0
100
AcDbBlockEnd
  0
BLOCK
  5
79
330
78
100
AcDbEntity
  8
0
100
AcDbBlockBegin
  2
_CLOSEDFILLED
 70
0
 10
0.0
 20
0.0
 30
0.0
  3
_CLOSEDFILLED
  1

  0
SOLID
  5
7B
330
78
100
AcDbEntity
  8
0
  6
BYBLOCK
 62
0
100
AcDbTrace
 10
-1.0
 20
0.16439898372402537
 30
0.0
 11
0.0
 21
0.0
 31
0.0
 12
-1.0
 22
-0.16439898372402537
 32
0.0
 13
-1.0
 23
-0.16439898372402537
 33
0.0
  0
ENDBLK
  5
7A
330
78
100
AcDbEntity
  8
0
100
AcDbBlockEnd
  0
BLOCK
  5
85
330
84
100
AcDbEntity
  8
0
100
AcDbBlockBegin
  2
_CLOSEDBLANK
 70
0
 10
0.0
 20
0.0
 30
0.0
  3
_CLOSEDBLANK
  1

  0
LWPOLYLINE
  5
87
330
84
100
AcDbEntity
  8
0
  6
BYBLOCK
 62
0
100
AcDbPolyline
 90
3
 70
1
 10
-1.0
 20
0.16439898372402537
 10
0.0
 20
0.0
 10
-1.0
 20
-0.16439898372402537
  0
ENDBLK
  5
86
330
84
100
AcDbEntity
  8
0
100
AcDbBlockEnd
  0
BLOCK
  5
A2
330
A1
100
AcDbEntity
  8
0
100
AcDbBlockBegin
  2
A2-SECMARK
 70
0
 10
0.0
 20
0.0
 30
0.0
  3
A2-SECMARK
  1

  0
CIRCLE
  5
A4
330
A1
100
AcDbEntity
  8
S-SECTION
100
AcDbCircle
 10
0.0
 20
0.0
 30
0.0
 40
3.6
  0
ENDBLK
  5
A3
330
A1
100
AcDbEntity
  8
0
100
AcDbBlockEnd
  0
BLOCK
  5
A6
330
A5
100
AcDbEntity
  8
0
100
AcDbBlockBegin
  2
A2-LEVEL
 70
0
 10
0.0
 20
0.0
 30
0.0
  3
A2-LEVEL
  1

  0
LWPOLYLINE
  5
A8
330
A5
100
AcDbEntity
  8
S-LEVEL
100
AcDbPolyline
 90
3
 70
1
 10
0.0
 20
0.0
 10
-1.9
 20
2.8
 10
1.9
 20
2.8
  0
ENDBLK
  5
A7
330
A5
100
AcDbEntity
  8
0
100
AcDbBlockEnd
  0
BLOCK
  5
AA
330
A9
100
AcDbEntity
  8
0
100
AcDbBlockBegin
  2
A2-NORTH
 70
0
 10
0.0
 20
0.0
 30
0.0
  3
A2-NORTH
  1

  0
CIRCLE
  5
AC
330
A9
100
AcDbEntity
  8
S-TITLE
100
AcDbCircle
 10
0.0
 20
0.0
 30
0.0
 40
7.0
  0
LWPOLYLINE
  5
AD
330
A9
100
AcDbEntity
  8
S-TITLE
100
AcDbPolyline
 90
4
 70
1
 10
0.0
 20
6.0
 10
-2.2
 20
-4.2
 10
0.0
 20
-1.8
 10
2.2
 20
-4.2
  0
ENDBLK
  5
AB
330
A9
100
AcDbEntity
  8
0
100
AcDbBlockEnd
  0
BLOCK
  5
199
330
198
100
AcDbEntity
  8
0
100
AcDbBlockBegin
  2
*D1
 70
1
 10
0.0
 20
0.0
 30
0.0
  3
*D1
  1

  0
LINE
  5
19B
330
198
100
AcDbEntity
  8
0
 62
7
370
13
100
AcDbLine
 10
47.0
 20
311.0
 30
0.0
 11
47.0
 21
304.9
 31
0.0
  0
LINE
  5
19C
330
198
100
AcDbEntity
  8
0
 62
7
370
13
100
AcDbLine
 10
53.0
 20
311.0
 30
0.0
 11
53.0
 21
304.9
 31
0.0
  0
INSERT
  5
19D
330
198
100
AcDbEntity
  8
S-DIM
 62
7
100
AcDbBlockReference
  2
_ARCHTICK
 10
47.0
 20
306.0
 30
0.0
 41
1.1
 42
1.1
 50
180.0
  0
INSERT
  5
19F
330
198
100
AcDbEntity
  8
S-DIM
 62
7
100
AcDbBlockReference
  2
_ARCHTICK
 10
53.0
 20
306.0
 30
0.0
 41
1.1
 42
1.1
  0
LINE
  5
1A1
330
198
100
AcDbEntity
  8
0
 62
7
370
13
100
AcDbLine
 10
47.0
 20
306.0
 30
0.0
 11
53.0
 21
306.0
 31
0.0
  0
MTEXT
  5
1A2
330
198
100
AcDbEntity
  8
S-DIM
 62
7
100
AcDbMText
 10
50.0
 20
307.6
 30
0.0
 40
1.8
 71
5
  1
600
  7
OpenSans
  0
POINT
  5
1A3
330
198
100
AcDbEntity
  8
Defpoints
100
AcDbPoint
 10
47.0
 20
306.0
 30
0.0
  0
POINT
  5
1A4
330
198
100
AcDbEntity
  8
Defpoints
100
AcDbPoint
 10
47.0
 20
312.0
 30
0.0
  0
POINT
  5
1A5
330
198
100
AcDbEntity
  8
Defpoints
100
AcDbPoint
 10
53.0
 20
312.0
 30
0.0
  0
ENDBLK
  5
19A
330
198
100
AcDbEntity
  8
0
100
AcDbBlockEnd
  0
BLOCK
  5
1A8
330
1A7
100
AcDbEntity
  8
0
100
AcDbBlockBegin
  2
*D2
 70
1
 10
0.0
 20
0.0
 30
0.0
  3
*D2
  1

  0
LINE
  5
1AA
330
1A7
100
AcDbEntity
  8
0
 62
7
370
13
100
AcDbLine
 10
53.0
 20
311.0
 30
0.0
 11
53.0
 21
304.9
 31
0.0
  0
LINE
  5
1AB
330
1A7
100
AcDbEntity
  8
0
 62
7
370
13
100
AcDbLine
 10
82.0
 20
311.0
 30
0.0
 11
82.0
 21
304.9
 31
0.0
  0
INSERT
  5
1AC
330
1A7
100
AcDbEntity
  8
S-DIM
 62
7
100
AcDbBlockReference
  2
_ARCHTICK
 10
53.0
 20
306.0
 30
0.0
 41
1.1
 42
1.1
 50
180.0
  0
INSERT
  5
1AE
330
1A7
100
AcDbEntity
  8
S-DIM
 62
7
100
AcDbBlockReference
  2
_ARCHTICK
 10
82.0
 20
306.0
 30
0.0
 41
1.1
 42
1.1
  0
LINE
  5
1B0
330
1A7
100
AcDbEntity
  8
0
 62
7
370
13
100
AcDbLine
 10
53.0
 20
306.0
 30
0.0
 11
82.0
 21
306.0
 31
0.0
  0
MTEXT
  5
1B1
330
1A7
100
AcDbEntity
  8
S-DIM
 62
7
100
AcDbMText
 10
67.5
 20
307.6
 30
0.0
 40
1.8
 71
5
  1
2900
  7
OpenSans
  0
POINT
  5
1B2
330
1A7
100
AcDbEntity
  8
Defpoints
100
AcDbPoint
 10
53.0
 20
306.0
 30
0.0
  0
POINT
  5
1B3
330
1A7
100
AcDbEntity
  8
Defpoints
100
AcDbPoint
 10
53.0
 20
312.0
 30
0.0
  0
POINT
  5
1B4
330
1A7
100
AcDbEntity
  8
Defpoints
100
AcDbPoint
 10
82.0
 20
312.0
 30
0.0
  0
ENDBLK
  5
1A9
330
1A7
100
AcDbEntity
  8
0
100
AcDbBlockEnd
  0
BLOCK
  5
1B7
330
1B6
100
AcDbEntity
  8
0
100
AcDbBlockBegin
  2
*D3
 70
1
 10
0.0
 20
0.0
 30
0.0
  3
*D3
  1

  0
LINE
  5
1B9
330
1B6
100
AcDbEntity
  8
0
 62
7
370
13
100
AcDbLine
 10
82.0
 20
311.0
 30
0.0
 11
82.0
 21
304.9
 31
0.0
  0
LINE
  5
1BA
330
1B6
100
AcDbEntity
  8
0
 62
7
370
13
100
AcDbLine
 10
102.2
 20
311.0
 30
0.0
 11
102.2
 21
304.9
 31
0.0
  0
INSERT
  5
1BB
330
1B6
100
AcDbEntity
  8
S-DIM
 62
7
100
AcDbBlockReference
  2
_ARCHTICK
 10
82.0
 20
306.0
 30
0.0
 41
1.1
 42
1.1
 50
180.0
  0
INSERT
  5
1BD
330
1B6
100
AcDbEntity
  8
S-DIM
 62
7
100
AcDbBlockReference
  2
_ARCHTICK
 10
102.2
 20
306.0
 30
0.0
 41
1.1
 42
1.1
  0
LINE
  5
1BF
330
1B6
100
AcDbEntity
  8
0
 62
7
370
13
100
AcDbLine
 10
82.0
 20
306.0
 30
0.0
 11
102.2
 21
306.0
 31
0.0
  0
MTEXT
  5
1C0
330
1B6
100
AcDbEntity
  8
S-DIM
 62
7
100
AcDbMText
 10
92.1
 20
307.6
 30
0.0
 40
1.8
 71
5
  1
2020
  7
OpenSans
  0
POINT
  5
1C1
330
1B6
100
AcDbEntity
  8
Defpoints
100
AcDbPoint
 10
82.0
 20
306.0
 30
0.0
  0
POINT
  5
1C2
330
1B6
100
AcDbEntity
  8
Defpoints
100
AcDbPoint
 10
82.0
 20
312.0
 30
0.0
  0
POINT
  5
1C3
330
1B6
100
AcDbEntity
  8
Defpoints
100
AcDbPoint
 10
102.2
 20
312.0
 30
0.0
  0
ENDBLK
  5
1B8
330
1B6
100
AcDbEntity
  8
0
100
AcDbBlockEnd
  0
BLOCK
  5
1C6
330
1C5
100
AcDbEntity
  8
0
100
AcDbBlockBegin
  2
*D4
 70
1
 10
0.0
 20
0.0
 30
0.0
  3
*D4
  1

  0
LINE
  5
1C8
330
1C5
100
AcDbEntity
  8
0
 62
7
370
13
100
AcDbLine
 10
102.2
 20
311.0
 30
0.0
 11
102.2
 21
304.9
 31
0.0
  0
LINE
  5
1C9
330
1C5
100
AcDbEntity
  8
0
 62
7
370
13
100
AcDbLine
 10
138.3
 20
311.0
 30
0.0
 11
138.3
 21
304.9
 31
0.0
  0
INSERT
  5
1CA
330
1C5
100
AcDbEntity
  8
S-DIM
 62
7
100
AcDbBlockReference
  2
_ARCHTICK
 10
102.2
 20
306.0
 30
0.0
 41
1.1
 42
1.1
 50
180.0
  0
INSERT
  5
1CC
330
1C5
100
AcDbEntity
  8
S-DIM
 62
7
100
AcDbBlockReference
  2
_ARCHTICK
 10
138.3
 20
306.0
 30
0.0
 41
1.1
 42
1.1
  0
LINE
  5
1CE
330
1C5
100
AcDbEntity
  8
0
 62
7
370
13
100
AcDbLine
 10
102.2
 20
306.0
 30
0.0
 11
138.3
 21
306.0
 31
0.0
  0
MTEXT
  5
1CF
330
1C5
100
AcDbEntity
  8
S-DIM
 62
7
100
AcDbMText
 10
120.25
 20
307.6
 30
0.0
 40
1.8
 71
5
  1
3610
  7
OpenSans
  0
POINT
  5
1D0
330
1C5
100
AcDbEntity
  8
Defpoints
100
AcDbPoint
 10
102.2
 20
306.0
 30
0.0
  0
POINT
  5
1D1
330
1C5
100
AcDbEntity
  8
Defpoints
100
AcDbPoint
 10
102.2
 20
312.0
 30
0.0
  0
POINT
  5
1D2
330
1C5
100
AcDbEntity
  8
Defpoints
100
AcDbPoint
 10
138.3
 20
312.0
 30
0.0
  0
ENDBLK
  5
1C7
330
1C5
100
AcDbEntity
  8
0
100
AcDbBlockEnd
  0
BLOCK
  5
1D5
330
1D4
100
AcDbEntity
  8
0
100
AcDbBlockBegin
  2
*D5
 70
1
 10
0.0
 20
0.0
 30
0.0
  3
*D5
  1

  0
LINE
  5
1D7
330
1D4
100
AcDbEntity
  8
0
 62
7
370
13
100
AcDbLine
 10
138.3
 20
311.0
 30
0.0
 11
138.3
 21
304.9
 31
0.0
  0
LINE
  5
1D8
330
1D4
100
AcDbEntity
  8
0
 62
7
370
13
100
AcDbLine
 10
157.4
 20
311.0
 30
0.0
 11
157.4
 21
304.9
 31
0.0
  0
INSERT
  5
1D9
330
1D4
100
AcDbEntity
  8
S-DIM
 62
7
100
AcDbBlockReference
  2
_ARCHTICK
 10
138.3
 20
306.0
 30
0.0
 41
1.1
 42
1.1
 50
180.0
  0
INSERT
  5
1DB
330
1D4
100
AcDbEntity
  8
S-DIM
 62
7
100
AcDbBlockReference
  2
_ARCHTICK
 10
157.4
 20
306.0
 30
0.0
 41
1.1
 42
1.1
  0
LINE
  5
1DD
330
1D4
100
AcDbEntity
  8
0
 62
7
370
13
100
AcDbLine
 10
138.3
 20
306.0
 30
0.0
 11
157.4
 21
306.0
 31
0.0
  0
MTEXT
  5
1DE
330
1D4
100
AcDbEntity
  8
S-DIM
 62
7
100
AcDbMText
 10
147.85000000000002
 20
307.6
 30
0.0
 40
1.8
 71
5
  1
1910
  7
OpenSans
  0
POINT
  5
1DF
330
1D4
100
AcDbEntity
  8
Defpoints
100
AcDbPoint
 10
138.3
 20
306.0
 30
0.0
  0
POINT
  5
1E0
330
1D4
100
AcDbEntity
  8
Defpoints
100
AcDbPoint
 10
138.3
 20
312.0
 30
0.0
  0
POINT
  5
1E1
330
1D4
100
AcDbEntity
  8
Defpoints
100
AcDbPoint
 10
157.4
 20
312.0
 30
0.0
  0
ENDBLK
  5
1D6
330
1D4
100
AcDbEntity
  8
0
100
AcDbBlockEnd
  0
BLOCK
  5
1E4
330
1E3
100
AcDbEntity
  8
0
100
AcDbBlockBegin
  2
*D6
 70
1
 10
0.0
 20
0.0
 30
0.0
  3
*D6
  1

  0
LINE
  5
1E6
330
1E3
100
AcDbEntity
  8
0
 62
7
370
13
100
AcDbLine
 10
157.4
 20
311.0
 30
0.0
 11
157.4
 21
304.9
 31
0.0
  0
LINE
  5
1E7
330
1E3
100
AcDbEntity
  8
0
 62
7
370
13
100
AcDbLine
 10
175.0
 20
311.0
 30
0.0
 11
175.0
 21
304.9
 31
0.0
  0
INSERT
  5
1E8
330
1E3
100
AcDbEntity
  8
S-DIM
 62
7
100
AcDbBlockReference
  2
_ARCHTICK
 10
157.4
 20
306.0
 30
0.0
 41
1.1
 42
1.1
 50
180.0
  0
INSERT
  5
1EA
330
1E3
100
AcDbEntity
  8
S-DIM
 62
7
100
AcDbBlockReference
  2
_ARCHTICK
 10
175.0
 20
306.0
 30
0.0
 41
1.1
 42
1.1
  0
LINE
  5
1EC
330
1E3
100
AcDbEntity
  8
0
 62
7
370
13
100
AcDbLine
 10
157.4
 20
306.0
 30
0.0
 11
175.0
 21
306.0
 31
0.0
  0
MTEXT
  5
1ED
330
1E3
100
AcDbEntity
  8
S-DIM
 62
7
100
AcDbMText
 10
166.2
 20
307.6
 30
0.0
 40
1.8
 71
5
  1
1760
  7
OpenSans
  0
POINT
  5
1EE
330
1E3
100
AcDbEntity
  8
Defpoints
100
AcDbPoint
 10
157.4
 20
306.0
 30
0.0
  0
POINT
  5
1EF
330
1E3
100
AcDbEntity
  8
Defpoints
100
AcDbPoint
 10
157.4
 20
312.0
 30
0.0
  0
POINT
  5
1F0
330
1E3
100
AcDbEntity
  8
Defpoints
100
AcDbPoint
 10
175.0
 20
312.0
 30
0.0
  0
ENDBLK
  5
1E5
330
1E3
100
AcDbEntity
  8
0
100
AcDbBlockEnd
  0
BLOCK
  5
1F3
330
1F2
100
AcDbEntity
  8
0
100
AcDbBlockBegin
  2
*D7
 70
1
 10
0.0
 20
0.0
 30
0.0
  3
*D7
  1

  0
LINE
  5
1F5
330
1F2
100
AcDbEntity
  8
0
 62
7
370
13
100
AcDbLine
 10
175.0
 20
311.0
 30
0.0
 11
175.0
 21
304.9
 31
0.0
  0
LINE
  5
1F6
330
1F2
100
AcDbEntity
  8
0
 62
7
370
13
100
AcDbLine
 10
199.0
 20
311.0
 30
0.0
 11
199.0
 21
304.9
 31
0.0
  0
INSERT
  5
1F7
330
1F2
100
AcDbEntity
  8
S-DIM
 62
7
100
AcDbBlockReference
  2
_ARCHTICK
 10
175.0
 20
306.0
 30
0.0
 41
1.1
 42
1.1
 50
180.0
  0
INSERT
  5
1F9
330
1F2
100
AcDbEntity
  8
S-DIM
 62
7
100
AcDbBlockReference
  2
_ARCHTICK
 10
199.0
 20
306.0
 30
0.0
 41
1.1
 42
1.1
  0
LINE
  5
1FB
330
1F2
100
AcDbEntity
  8
0
 62
7
370
13
100
AcDbLine
 10
175.0
 20
306.0
 30
0.0
 11
199.0
 21
306.0
 31
0.0
  0
MTEXT
  5
1FC
330
1F2
100
AcDbEntity
  8
S-DIM
 62
7
100
AcDbMText
 10
187.0
 20
307.6
 30
0.0
 40
1.8
 71
5
  1
2400
  7
OpenSans
  0
POINT
  5
1FD
330
1F2
100
AcDbEntity
  8
Defpoints
100
AcDbPoint
 10
175.0
 20
306.0
 30
0.0
  0
POINT
  5
1FE
330
1F2
100
AcDbEntity
  8
Defpoints
100
AcDbPoint
 10
175.0
 20
312.0
 30
0.0
  0
POINT
  5
1FF
330
1F2
100
AcDbEntity
  8
Defpoints
100
AcDbPoint
 10
199.0
 20
312.0
 30
0.0
  0
ENDBLK
  5
1F4
330
1F2
100
AcDbEntity
  8
0
100
AcDbBlockEnd
  0
BLOCK
  5
202
330
201
100
AcDbEntity
  8
0
100
AcDbBlockBegin
  2
*D8
 70
1
 10
0.0
 20
0.0
 30
0.0
  3
*D8
  1

  0
LINE
  5
204
330
201
100
AcDbEntity
  8
0
 62
7
370
13
100
AcDbLine
 10
199.0
 20
311.0
 30
0.0
 11
199.0
 21
304.9
 31
0.0
  0
LINE
  5
205
330
201
100
AcDbEntity
  8
0
 62
7
370
13
100
AcDbLine
 10
231.0
 20
311.0
 30
0.0
 11
231.0
 21
304.9
 31
0.0
  0
INSERT
  5
206
330
201
100
AcDbEntity
  8
S-DIM
 62
7
100
AcDbBlockReference
  2
_ARCHTICK
 10
199.0
 20
306.0
 30
0.0
 41
1.1
 42
1.1
 50
180.0
  0
INSERT
  5
208
330
201
100
AcDbEntity
  8
S-DIM
 62
7
100
AcDbBlockReference
  2
_ARCHTICK
 10
231.0
 20
306.0
 30
0.0
 41
1.1
 42
1.1
  0
LINE
  5
20A
330
201
100
AcDbEntity
  8
0
 62
7
370
13
100
AcDbLine
 10
199.0
 20
306.0
 30
0.0
 11
231.0
 21
306.0
 31
0.0
  0
MTEXT
  5
20B
330
201
100
AcDbEntity
  8
S-DIM
 62
7
100
AcDbMText
 10
215.0
 20
307.6
 30
0.0
 40
1.8
 71
5
  1
3200
  7
OpenSans
  0
POINT
  5
20C
330
201
100
AcDbEntity
  8
Defpoints
100
AcDbPoint
 10
199.0
 20
306.0
 30
0.0
  0
POINT
  5
20D
330
201
100
AcDbEntity
  8
Defpoints
100
AcDbPoint
 10
199.0
 20
312.0
 30
0.0
  0
POINT
  5
20E
330
201
100
AcDbEntity
  8
Defpoints
100
AcDbPoint
 10
231.0
 20
312.0
 30
0.0
  0
ENDBLK
  5
203
330
201
100
AcDbEntity
  8
0
100
AcDbBlockEnd
  0
BLOCK
  5
211
330
210
100
AcDbEntity
  8
0
100
AcDbBlockBegin
  2
*D9
 70
1
 10
0.0
 20
0.0
 30
0.0
  3
*D9
  1

  0
LINE
  5
213
330
210
100
AcDbEntity
  8
0
 62
7
370
13
100
AcDbLine
 10
231.0
 20
311.0
 30
0.0
 11
231.0
 21
304.9
 31
0.0
  0
LINE
  5
214
330
210
100
AcDbEntity
  8
0
 62
7
370
13
100
AcDbLine
 10
261.0
 20
311.0
 30
0.0
 11
261.0
 21
304.9
 31
0.0
  0
INSERT
  5
215
330
210
100
AcDbEntity
  8
S-DIM
 62
7
100
AcDbBlockReference
  2
_ARCHTICK
 10
231.0
 20
306.0
 30
0.0
 41
1.1
 42
1.1
 50
180.0
  0
INSERT
  5
217
330
210
100
AcDbEntity
  8
S-DIM
 62
7
100
AcDbBlockReference
  2
_ARCHTICK
 10
261.0
 20
306.0
 30
0.0
 41
1.1
 42
1.1
  0
LINE
  5
219
330
210
100
AcDbEntity
  8
0
 62
7
370
13
100
AcDbLine
 10
231.0
 20
306.0
 30
0.0
 11
261.0
 21
306.0
 31
0.0
  0
MTEXT
  5
21A
330
210
100
AcDbEntity
  8
S-DIM
 62
7
100
AcDbMText
 10
246.0
 20
307.6
 30
0.0
 40
1.8
 71
5
  1
3000
  7
OpenSans
  0
POINT
  5
21B
330
210
100
AcDbEntity
  8
Defpoints
100
AcDbPoint
 10
231.0
 20
306.0
 30
0.0
  0
POINT
  5
21C
330
210
100
AcDbEntity
  8
Defpoints
100
AcDbPoint
 10
231.0
 20
312.0
 30
0.0
  0
POINT
  5
21D
330
210
100
AcDbEntity
  8
Defpoints
100
AcDbPoint
 10
261.0
 20
312.0
 30
0.0
  0
ENDBLK
  5
212
330
210
100
AcDbEntity
  8
0
100
AcDbBlockEnd
  0
BLOCK
  5
220
330
21F
100
AcDbEntity
  8
0
100
AcDbBlockBegin
  2
*D10
 70
1
 10
0.0
 20
0.0
 30
0.0
  3
*D10
  1

  0
LINE
  5
222
330
21F
100
AcDbEntity
  8
0
 62
7
370
13
100
AcDbLine
 10
261.0
 20
311.0
 30
0.0
 11
261.0
 21
304.9
 31
0.0
  0
LINE
  5
223
330
21F
100
AcDbEntity
  8
0
 62
7
370
13
100
AcDbLine
 10
267.0
 20
311.0
 30
0.0
 11
267.0
 21
304.9
 31
0.0
  0
INSERT
  5
224
330
21F
100
AcDbEntity
  8
S-DIM
 62
7
100
AcDbBlockReference
  2
_ARCHTICK
 10
261.0
 20
306.0
 30
0.0
 41
1.1
 42
1.1
 50
180.0
  0
INSERT
  5
226
330
21F
100
AcDbEntity
  8
S-DIM
 62
7
100
AcDbBlockReference
  2
_ARCHTICK
 10
267.0
 20
306.0
 30
0.0
 41
1.1
 42
1.1
  0
LINE
  5
228
330
21F
100
AcDbEntity
  8
0
 62
7
370
13
100
AcDbLine
 10
261.0
 20
306.0
 30
0.0
 11
267.0
 21
306.0
 31
0.0
  0
MTEXT
  5
229
330
21F
100
AcDbEntity
  8
S-DIM
 62
7
100
AcDbMText
 10
264.0
 20
307.6
 30
0.0
 40
1.8
 71
5
  1
600
  7
OpenSans
  0
POINT
  5
22A
330
21F
100
AcDbEntity
  8
Defpoints
100
AcDbPoint
 10
261.0
 20
306.0
 30
0.0
  0
POINT
  5
22B
330
21F
100
AcDbEntity
  8
Defpoints
100
AcDbPoint
 10
261.0
 20
312.0
 30
0.0
  0
POINT
  5
22C
330
21F
100
AcDbEntity
  8
Defpoints
100
AcDbPoint
 10
267.0
 20
312.0
 30
0.0
  0
ENDBLK
  5
221
330
21F
100
AcDbEntity
  8
0
100
AcDbBlockEnd
  0
BLOCK
  5
2E1
330
2E0
100
AcDbEntity
  8
0
100
AcDbBlockBegin
  2
*D11
 70
1
 10
0.0
 20
0.0
 30
0.0
  3
*D11
  1

  0
LINE
  5
2E3
330
2E0
100
AcDbEntity
  8
0
 62
7
370
13
100
AcDbLine
 10
46.0
 20
214.0
 30
0.0
 11
41.4
 21
214.0
 31
0.0
  0
LINE
  5
2E4
330
2E0
100
AcDbEntity
  8
0
 62
7
370
13
100
AcDbLine
 10
46.0
 20
276.0
 30
0.0
 11
41.4
 21
276.0
 31
0.0
  0
INSERT
  5
2E5
330
2E0
100
AcDbEntity
  8
S-DIM
 62
7
100
AcDbBlockReference
  2
_ARCHTICK
 10
42.5
 20
214.0
 30
0.0
 41
1.1
 42
1.1
 50
270.0
  0
INSERT
  5
2E7
330
2E0
100
AcDbEntity
  8
S-DIM
 62
7
100
AcDbBlockReference
  2
_ARCHTICK
 10
42.5
 20
276.0
 30
0.0
 41
1.1
 42
1.1
 50
90.0
  0
LINE
  5
2E9
330
2E0
100
AcDbEntity
  8
0
 62
7
370
13
100
AcDbLine
 10
42.5
 20
214.0
 30
0.0
 11
42.5
 21
276.0
 31
0.0
  0
MTEXT
  5
2EA
330
2E0
100
AcDbEntity
  8
S-DIM
 62
7
100
AcDbMText
 10
40.9
 20
245.0
 30
0.0
 40
1.8
 71
5
  1
6200
  7
OpenSans
 50
90.0
  0
POINT
  5
2EB
330
2E0
100
AcDbEntity
  8
Defpoints
100
AcDbPoint
 10
42.5
 20
214.0
 30
0.0
  0
POINT
  5
2EC
330
2E0
100
AcDbEntity
  8
Defpoints
100
AcDbPoint
 10
47.0
 20
214.0
 30
0.0
  0
POINT
  5
2ED
330
2E0
100
AcDbEntity
  8
Defpoints
100
AcDbPoint
 10
47.0
 20
276.0
 30
0.0
  0
ENDBLK
  5
2E2
330
2E0
100
AcDbEntity
  8
0
100
AcDbBlockEnd
  0
BLOCK
  5
31D
330
31C
100
AcDbEntity
  8
0
100
AcDbBlockBegin
  2
*D12
 70
1
 10
0.0
 20
0.0
 30
0.0
  3
*D12
  1

  0
LINE
  5
31F
330
31C
100
AcDbEntity
  8
0
 62
7
370
13
100
AcDbLine
 10
233.0
 20
110.0
 30
0.0
 11
256.43333333333334
 21
110.0
 31
0.0
  0
LINE
  5
320
330
31C
100
AcDbEntity
  8
0
 62
7
370
13
100
AcDbLine
 10
233.0
 20
183.33333333333331
 30
0.0
 11
256.43333333333334
 21
183.33333333333331
 31
0.0
  0
INSERT
  5
321
330
31C
100
AcDbEntity
  8
S-DIM
 62
7
100
AcDbBlockReference
  2
_ARCHTICK
 10
255.33333333333331
 20
110.0
 30
0.0
 41
1.1
 42
1.1
 50
270.0
  0
INSERT
  5
323
330
31C
100
AcDbEntity
  8
S-DIM
 62
7
100
AcDbBlockReference
  2
_ARCHTICK
 10
255.33333333333331
 20
183.33333333333331
 30
0.0
 41
1.1
 42
1.1
 50
90.0
  0
LINE
  5
325
330
31C
100
AcDbEntity
  8
0
 62
7
370
13
100
AcDbLine
 10
255.33333333333331
 20
110.0
 30
0.0
 11
255.33333333333331
 21
183.33333333333331
 31
0.0
  0
MTEXT
  5
326
330
31C
100
AcDbEntity
  8
S-DIM
 62
7
100
AcDbMText
 10
253.73333333333332
 20
146.66666666666666
 30
0.0
 40
1.8
 71
5
  1
2200
  7
OpenSans
 50
90.0
  0
POINT
  5
327
330
31C
100
AcDbEntity
  8
Defpoints
100
AcDbPoint
 10
255.33333333333331
 20
110.0
 30
0.0
  0
POINT
  5
328
330
31C
100
AcDbEntity
  8
Defpoints
100
AcDbPoint
 10
232.0
 20
110.0
 30
0.0
  0
POINT
  5
329
330
31C
100
AcDbEntity
  8
Defpoints
100
AcDbPoint
 10
232.0
 20
183.33333333333331
 30
0.0
  0
ENDBLK
  5
31E
330
31C
100
AcDbEntity
  8
0
100
AcDbBlockEnd
  0
ENDSEC
  0
SECTION
  2
ENTITIES
  0
LWPOLYLINE
  5
AE
330
17
100
AcDbEntity
  8
S-TITLE
100
AcDbPolyline
 90
4
 70
1
 10
27.0
 20
19.1
 10
567.0
 20
19.1
 10
567.0
 20
400.9
 10
27.0
 20
400.9
  0
LWPOLYLINE
  5
AF
330
17
100
AcDbEntity
  8
S-TITLE
100
AcDbPolyline
 90
4
 70
1
 10
38.8
 20
30.9
 10
555.2
 20
30.9
 10
555.2
 20
389.1
 10
38.8
 20
389.1
  0
LINE
  5
B0
330
17
100
AcDbEntity
  8
S-TITLE
100
AcDbLine
 10
464.3
 20
30.9
 30
0.0
 11
464.3
 21
389.1
 31
0.0
  0
LWPOLYLINE
  5
B1
330
17
100
AcDbEntity
  8
S-TITLE
100
AcDbPolyline
 90
4
 70
1
 10
467.0
 20
314.5
 10
552.4
 20
314.5
 10
552.4
 20
386.4
 10
467.0
 20
386.4
  0
LINE
  5
B2
330
17
100
AcDbEntity
  8
S-TITLE
100
AcDbLine
 10
467.0
 20
332.7
 30
0.0
 11
552.4
 21
332.7
 31
0.0
  0
TEXT
  5
B3
330
17
100
AcDbEntity
  8
S-TITLE
100
AcDbText
 10
509.7
 20
366.15
 30
0.0
 40
2.9
  1
UNDERGROUND CBRN-HARDENED
  7
OpenSans
 72
1
 11
509.7
 21
366.15
 31
0.0
100
AcDbText
 73
2
  0
TEXT
  5
B4
330
17
100
AcDbEntity
  8
S-TITLE
100
AcDbText
 10
509.7
 20
361.75
 30
0.0
 40
2.9
  1
BLAST-RESISTANT PROTECTIVE
  7
OpenSans
 72
1
 11
509.7
 21
361.75
 31
0.0
100
AcDbText
 73
2
  0
TEXT
  5
B5
330
17
100
AcDbEntity
  8
S-TITLE
100
AcDbText
 10
509.7
 20
357.35
 30
0.0
 40
2.9
  1
STRUCTURE + SENTRY POST
  7
OpenSans
 72
1
 11
509.7
 21
357.35
 31
0.0
100
AcDbText
 73
2
  0
TEXT
  5
B6
330
17
100
AcDbEntity
  8
S-TITLE
100
AcDbText
 10
509.7
 20
352.95000000000005
 30
0.0
 40
2.9
  1
PUNE, MAHARASHTRA
  7
OpenSans
 72
1
 11
509.7
 21
352.95000000000005
 31
0.0
100
AcDbText
 73
2
  0
TEXT
  5
B7
330
17
100
AcDbEntity
  8
S-TITLE
100
AcDbText
 10
509.7
 20
323.6
 30
0.0
 40
3.3349999999999995
  1
NOTES
  7
OpenSans
 72
1
 11
509.7
 21
323.6
 31
0.0
100
AcDbText
 73
2
  0
LWPOLYLINE
  5
B8
330
17
100
AcDbEntity
  8
S-TITLE
100
AcDbPolyline
 90
4
 70
1
 10
467.0
 20
193.4
 10
552.4
 20
193.4
 10
552.4
 20
311.8
 10
467.0
 20
311.8
  0
TEXT
  5
B9
330
17
100
AcDbEntity
  8
S-NOTE
100
AcDbText
 10
475.0
 20
305.8
 30
0.0
 40
2.0
  1
1.
  7
OpenSans
 11
475.0
 21
305.8
 31
0.0
100
AcDbText
  0
TEXT
  5
BA
330
17
100
AcDbEntity
  8
S-NOTE
100
AcDbText
 10
486.0
 20
305.8
 30
0.0
 40
2.0
  1
ALL DIMENSIONS ARE IN MM. ALL LEVELS ARE
  7
OpenSans
 11
486.0
 21
305.8
 31
0.0
100
AcDbText
  0
TEXT
  5
BB
330
17
100
AcDbEntity
  8
S-NOTE
100
AcDbText
 10
486.0
 20
302.94
 30
0.0
 40
2.0
  1
IN METRES RELATIVE TO FINISHED SITE
  7
OpenSans
 11
486.0
 21
302.94
 31
0.0
100
AcDbText
  0
TEXT
  5
BC
330
17
100
AcDbEntity
  8
S-NOTE
100
AcDbText
 10
486.0
 20
300.08
 30
0.0
 40
2.0
  1
GRADE 0.000, NEGATIVE DOWNWARDS.
  7
OpenSans
 11
486.0
 21
300.08
 31
0.0
100
AcDbText
  0
TEXT
  5
BD
330
17
100
AcDbEntity
  8
S-NOTE
100
AcDbText
 10
475.0
 20
297.21999999999997
 30
0.0
 40
2.0
  1
2.
  7
OpenSans
 11
475.0
 21
297.21999999999997
 31
0.0
100
AcDbText
  0
TEXT
  5
BE
330
17
100
AcDbEntity
  8
S-NOTE
100
AcDbText
 10
486.0
 20
297.21999999999997
 30
0.0
 40
2.0
  1
WRITTEN DIM TO BE FOLLOWED ONLY. DRG
  7
OpenSans
 11
486.0
 21
297.21999999999997
 31
0.0
100
AcDbText
  0
TEXT
  5
BF
330
17
100
AcDbEntity
  8
S-NOTE
100
AcDbText
 10
486.0
 20
294.35999999999996
 30
0.0
 40
2.0
  1
NOT TO BE SCALED.
  7
OpenSans
 11
486.0
 21
294.35999999999996
 31
0.0
100
AcDbText
  0
TEXT
  5
C0
330
17
100
AcDbEntity
  8
S-NOTE
100
AcDbText
 10
475.0
 20
291.49999999999994
 30
0.0
 40
2.0
  1
3.
  7
OpenSans
 11
475.0
 21
291.49999999999994
 31
0.0
100
AcDbText
  0
TEXT
  5
C1
330
17
100
AcDbEntity
  8
S-NOTE
100
AcDbText
 10
486.0
 20
291.49999999999994
 30
0.0
 40
2.0
  1
THIS DRG IS TO BE READ IN CONJUNCTION
  7
OpenSans
 11
486.0
 21
291.49999999999994
 31
0.0
100
AcDbText
  0
TEXT
  5
C2
330
17
100
AcDbEntity
  8
S-NOTE
100
AcDbText
 10
486.0
 20
288.63999999999993
 30
0.0
 40
2.0
  1
WITH ALL RELEVANT ARCH, STR AND
  7
OpenSans
 11
486.0
 21
288.63999999999993
 31
0.0
100
AcDbText
  0
TEXT
  5
C3
330
17
100
AcDbEntity
  8
S-NOTE
100
AcDbText
 10
486.0
 20
285.7799999999999
 30
0.0
 40
2.0
  1
SERVICES DRGS.
  7
OpenSans
 11
486.0
 21
285.7799999999999
 31
0.0
100
AcDbText
  0
TEXT
  5
C4
330
17
100
AcDbEntity
  8
S-NOTE
100
AcDbText
 10
475.0
 20
282.9199999999999
 30
0.0
 40
2.0
  1
4.
  7
OpenSans
 11
475.0
 21
282.9199999999999
 31
0.0
100
AcDbText
  0
TEXT
  5
C5
330
17
100
AcDbEntity
  8
S-NOTE
100
AcDbText
 10
486.0
 20
282.9199999999999
 30
0.0
 40
2.0
  1
PROJECT +X IS EAST AND PROJECT +Y IS
  7
OpenSans
 11
486.0
 21
282.9199999999999
 31
0.0
100
AcDbText
  0
TEXT
  5
C6
330
17
100
AcDbEntity
  8
S-NOTE
100
AcDbText
 10
486.0
 20
280.0599999999999
 30
0.0
 40
2.0
  1
NORTH. THE EXTERNAL WORKS ARE EAST OF
  7
OpenSans
 11
486.0
 21
280.0599999999999
 31
0.0
100
AcDbText
  0
TEXT
  5
C7
330
17
100
AcDbEntity
  8
S-NOTE
100
AcDbText
 10
486.0
 20
277.1999999999999
 30
0.0
 40
2.0
  1
THE BOX AND DOWNGRADIENT, AND STAND
  7
OpenSans
 11
486.0
 21
277.1999999999999
 31
0.0
100
AcDbText
  0
TEXT
  5
C8
330
17
100
AcDbEntity
  8
S-NOTE
100
AcDbText
 10
486.0
 20
274.33999999999986
 30
0.0
 40
2.0
  1
NORTH OF THE SENTRY POST ON THE
  7
OpenSans
 11
486.0
 21
274.33999999999986
 31
0.0
100
AcDbText
  0
TEXT
  5
C9
330
17
100
AcDbEntity
  8
S-NOTE
100
AcDbText
 10
486.0
 20
271.47999999999985
 30
0.0
 40
2.0
  1
OPPOSITE SIDE OF IT FROM THE APPROACH.
  7
OpenSans
 11
486.0
 21
271.47999999999985
 31
0.0
100
AcDbText
  0
TEXT
  5
CA
330
17
100
AcDbEntity
  8
S-NOTE
100
AcDbText
 10
475.0
 20
268.61999999999983
 30
0.0
 40
2.0
  1
5.
  7
OpenSans
 11
475.0
 21
268.61999999999983
 31
0.0
100
AcDbText
  0
TEXT
  5
CB
330
17
100
AcDbEntity
  8
S-NOTE
100
AcDbText
 10
486.0
 20
268.61999999999983
 30
0.0
 40
2.0
  1
THE FIVE BLAST VALVES ARE THE ONLY AIR
  7
OpenSans
 11
486.0
 21
268.61999999999983
 31
0.0
100
AcDbText
  0
TEXT
  5
CC
330
17
100
AcDbEntity
  8
S-NOTE
100
AcDbText
 10
486.0
 20
265.7599999999998
 30
0.0
 40
2.0
  1
PATHS THROUGH THE PROTECTIVE
  7
OpenSans
 11
486.0
 21
265.7599999999998
 31
0.0
100
AcDbText
  0
TEXT
  5
CD
330
17
100
AcDbEntity
  8
S-NOTE
100
AcDbText
 10
486.0
 20
262.8999999999998
 30
0.0
 40
2.0
  1
BOUNDARY. EACH IS RECESSED TO IS 4991
  7
OpenSans
 11
486.0
 21
262.8999999999998
 31
0.0
100
AcDbText
  0
TEXT
  5
CE
330
17
100
AcDbEntity
  8
S-NOTE
100
AcDbText
 10
486.0
 20
260.0399999999998
 30
0.0
 40
2.0
  1
Cl. 6.2.1 AND CARRIES A MANUAL GAS-TIGHT
  7
OpenSans
 11
486.0
 21
260.0399999999998
 31
0.0
100
AcDbText
  0
TEXT
  5
CF
330
17
100
AcDbEntity
  8
S-NOTE
100
AcDbText
 10
486.0
 20
257.1799999999998
 30
0.0
 40
2.0
  1
DAMPER INBOARD OF IT, OPERABLE FROM
  7
OpenSans
 11
486.0
 21
257.1799999999998
 31
0.0
100
AcDbText
  0
TEXT
  5
D0
330
17
100
AcDbEntity
  8
S-NOTE
100
AcDbText
 10
486.0
 20
254.31999999999977
 30
0.0
 40
2.0
  1
INSIDE WITHOUT TOOLS.
  7
OpenSans
 11
486.0
 21
254.31999999999977
 31
0.0
100
AcDbText
  0
TEXT
  5
D1
330
17
100
AcDbEntity
  8
S-NOTE
100
AcDbText
 10
475.0
 20
251.45999999999975
 30
0.0
 40
2.0
  1
6.
  7
OpenSans
 11
475.0
 21
251.45999999999975
 31
0.0
100
AcDbText
  0
TEXT
  5
D2
330
17
100
AcDbEntity
  8
S-NOTE
100
AcDbText
 10
486.0
 20
251.45999999999975
 30
0.0
 40
2.0
  1
FA-2 AND FA-3 CARRY RAW UNFILTERED AIR
  7
OpenSans
 11
486.0
 21
251.45999999999975
 31
0.0
100
AcDbText
  0
TEXT
  5
D3
330
17
100
AcDbEntity
  8
S-NOTE
100
AcDbText
 10
486.0
 20
248.59999999999974
 30
0.0
 40
2.0
  1
ACROSS THE CLEAN ZONE FROM BV-1 / BV-2
  7
OpenSans
 11
486.0
 21
248.59999999999974
 31
0.0
100
AcDbText
  0
TEXT
  5
D4
330
17
100
AcDbEntity
  8
S-NOTE
100
AcDbText
 10
486.0
 20
245.73999999999972
 30
0.0
 40
2.0
  1
TO THE FILTER TRAINS. THEY ARE A
  7
OpenSans
 11
486.0
 21
245.73999999999972
 31
0.0
100
AcDbText
  0
TEXT
  5
D5
330
17
100
AcDbEntity
  8
S-NOTE
100
AcDbText
 10
486.0
 20
242.8799999999997
 30
0.0
 40
2.0
  1
PROTECTIVE ELEMENT, NOT A DUCT, AND
  7
OpenSans
 11
486.0
 21
242.8799999999997
 31
0.0
100
AcDbText
  0
TEXT
  5
D6
330
17
100
AcDbEntity
  8
S-NOTE
100
AcDbText
 10
486.0
 20
240.0199999999997
 30
0.0
 40
2.0
  1
ARE TO BE WELDED AND PRESSURE TESTED
  7
OpenSans
 11
486.0
 21
240.0199999999997
 31
0.0
100
AcDbText
  0
TEXT
  5
D7
330
17
100
AcDbEntity
  8
S-NOTE
100
AcDbText
 10
486.0
 20
237.15999999999968
 30
0.0
 40
2.0
  1
AS SUCH.
  7
OpenSans
 11
486.0
 21
237.15999999999968
 31
0.0
100
AcDbText
  0
TEXT
  5
D8
330
17
100
AcDbEntity
  8
S-NOTE
100
AcDbText
 10
475.0
 20
234.29999999999967
 30
0.0
 40
2.0
  1
7.
  7
OpenSans
 11
475.0
 21
234.29999999999967
 31
0.0
100
AcDbText
  0
TEXT
  5
D9
330
17
100
AcDbEntity
  8
S-NOTE
100
AcDbText
 10
486.0
 20
234.29999999999967
 30
0.0
 40
2.0
  1
EMP ZONE 2 IS DESIGNED TO 80 dB FROM 10
  7
OpenSans
 11
486.0
 21
234.29999999999967
 31
0.0
100
AcDbText
  0
TEXT
  5
DA
330
17
100
AcDbEntity
  8
S-NOTE
100
AcDbText
 10
486.0
 20
231.43999999999966
 30
0.0
 40
2.0
  1
kHz TO 1 GHz TO MIL-STD-188-125-1,
  7
OpenSans
 11
486.0
 21
231.43999999999966
 31
0.0
100
AcDbText
  0
TEXT
  5
DB
330
17
100
AcDbEntity
  8
S-NOTE
100
AcDbText
 10
486.0
 20
228.57999999999964
 30
0.0
 40
2.0
  1
STANDING ALONE. NO ATTENUATION FROM
  7
OpenSans
 11
486.0
 21
228.57999999999964
 31
0.0
100
AcDbText
  0
TEXT
  5
DC
330
17
100
AcDbEntity
  8
S-NOTE
100
AcDbText
 10
486.0
 20
225.71999999999963
 30
0.0
 40
2.0
  1
THE CONCRETE BOX IS CREDITED AT ANY
  7
OpenSans
 11
486.0
 21
225.71999999999963
 31
0.0
100
AcDbText
  0
TEXT
  5
DD
330
17
100
AcDbEntity
  8
S-NOTE
100
AcDbText
 10
486.0
 20
222.85999999999962
 30
0.0
 40
2.0
  1
FREQUENCY.
  7
OpenSans
 11
486.0
 21
222.85999999999962
 31
0.0
100
AcDbText
  0
TEXT
  5
DE
330
17
100
AcDbEntity
  8
S-NOTE
100
AcDbText
 10
475.0
 20
219.9999999999996
 30
0.0
 40
2.0
  1
8.
  7
OpenSans
 11
475.0
 21
219.9999999999996
 31
0.0
100
AcDbText
  0
TEXT
  5
DF
330
17
100
AcDbEntity
  8
S-NOTE
100
AcDbText
 10
486.0
 20
219.9999999999996
 30
0.0
 40
2.0
  1
MAX BAR SPACING 150 IN BOTH CURTAINS IS
  7
OpenSans
 11
486.0
 21
219.9999999999996
 31
0.0
100
AcDbText
  0
TEXT
  5
E0
330
17
100
AcDbEntity
  8
S-NOTE
100
AcDbText
 10
486.0
 20
217.1399999999996
 30
0.0
 40
2.0
  1
AN EMP REQUIREMENT AND IS STRICTER
  7
OpenSans
 11
486.0
 21
217.1399999999996
 31
0.0
100
AcDbText
  0
TEXT
  5
E1
330
17
100
AcDbEntity
  8
S-NOTE
100
AcDbText
 10
486.0
 20
214.27999999999957
 30
0.0
 40
2.0
  1
THAN IS 456 Cl. 26.3.3. EVERY CAST-IN
  7
OpenSans
 11
486.0
 21
214.27999999999957
 31
0.0
100
AcDbText
  0
TEXT
  5
E2
330
17
100
AcDbEntity
  8
S-NOTE
100
AcDbText
 10
486.0
 20
211.41999999999956
 30
0.0
 40
2.0
  1
FRAME AND SLEEVE IS WELDED TO THE
  7
OpenSans
 11
486.0
 21
211.41999999999956
 31
0.0
100
AcDbText
  0
TEXT
  5
E3
330
17
100
AcDbEntity
  8
S-NOTE
100
AcDbText
 10
486.0
 20
208.55999999999955
 30
0.0
 40
2.0
  1
REINFORCEMENT CAGE FOR SHIELD
  7
OpenSans
 11
486.0
 21
208.55999999999955
 31
0.0
100
AcDbText
  0
TEXT
  5
E4
330
17
100
AcDbEntity
  8
S-NOTE
100
AcDbText
 10
486.0
 20
205.69999999999953
 30
0.0
 40
2.0
  1
CONTINUITY.
  7
OpenSans
 11
486.0
 21
205.69999999999953
 31
0.0
100
AcDbText
  0
TEXT
  5
E5
330
17
100
AcDbEntity
  8
S-NOTE
100
AcDbText
 10
475.0
 20
202.83999999999952
 30
0.0
 40
2.0
  1
9.
  7
OpenSans
 11
475.0
 21
202.83999999999952
 31
0.0
100
AcDbText
  0
TEXT
  5
E6
330
17
100
AcDbEntity
  8
S-NOTE
100
AcDbText
 10
486.0
 20
202.83999999999952
 30
0.0
 40
2.0
  1
CONTRACTOR TO CHECK AND VERIFY THE
  7
OpenSans
 11
486.0
 21
202.83999999999952
 31
0.0
100
AcDbText
  0
TEXT
  5
E7
330
17
100
AcDbEntity
  8
S-NOTE
100
AcDbText
 10
486.0
 20
199.9799999999995
 30
0.0
 40
2.0
  1
DRG BEFORE EXECUTION.
  7
OpenSans
 11
486.0
 21
199.9799999999995
 31
0.0
100
AcDbText
  0
LWPOLYLINE
  5
E8
330
17
100
AcDbEntity
  8
S-TITLE
100
AcDbPolyline
 90
4
 70
1
 10
467.0
 20
130.3
 10
552.4
 20
130.3
 10
552.4
 20
190.6
 10
467.0
 20
190.6
  0
TEXT
  5
E9
330
17
100
AcDbEntity
  8
S-TITLE
100
AcDbText
 10
509.7
 20
172.4790117683334
 30
0.0
 40
6.168723983760726
  1
HVAC & EMP ZONE
  7
OpenSans
 72
1
 11
509.7
 21
172.4790117683334
 31
0.0
100
AcDbText
 73
2
  0
TEXT
  5
EA
330
17
100
AcDbEntity
  8
S-TITLE
100
AcDbText
 10
509.7
 20
164.45967058944447
 30
0.0
 40
6.168723983760726
  1
LAYOUT PLANS -
  7
OpenSans
 72
1
 11
509.7
 21
164.45967058944447
 31
0.0
100
AcDbText
 73
2
  0
TEXT
  5
EB
330
17
100
AcDbEntity
  8
S-TITLE
100
AcDbText
 10
509.7
 20
156.44032941055553
 30
0.0
 40
6.168723983760726
  1
UNDERGROUND
  7
OpenSans
 72
1
 11
509.7
 21
156.44032941055553
 31
0.0
100
AcDbText
 73
2
  0
TEXT
  5
EC
330
17
100
AcDbEntity
  8
S-TITLE
100
AcDbText
 10
509.7
 20
148.4209882316666
 30
0.0
 40
6.168723983760726
  1
LEVEL
  7
OpenSans
 72
1
 11
509.7
 21
148.4209882316666
 31
0.0
100
AcDbText
 73
2
  0
LWPOLYLINE
  5
ED
330
17
100
AcDbEntity
  8
S-TITLE
100
AcDbPolyline
 90
4
 70
1
 10
467.0
 20
33.6
 10
552.4
 20
33.6
 10
552.4
 20
128.2
 10
467.0
 20
128.2
  0
LINE
  5
EE
330
17
100
AcDbEntity
  8
S-TITLE
100
AcDbLine
 10
467.0
 20
40.9
 30
0.0
 11
552.4
 21
40.9
 31
0.0
  0
LINE
  5
EF
330
17
100
AcDbEntity
  8
S-TITLE
100
AcDbLine
 10
467.0
 20
54.6
 30
0.0
 11
552.4
 21
54.6
 31
0.0
  0
LINE
  5
F0
330
17
100
AcDbEntity
  8
S-TITLE
100
AcDbLine
 10
467.0
 20
61.8
 30
0.0
 11
552.4
 21
61.8
 31
0.0
  0
LINE
  5
F1
330
17
100
AcDbEntity
  8
S-TITLE
100
AcDbLine
 10
467.0
 20
69.1
 30
0.0
 11
552.4
 21
69.1
 31
0.0
  0
LINE
  5
F2
330
17
100
AcDbEntity
  8
S-TITLE
100
AcDbLine
 10
467.0
 20
76.4
 30
0.0
 11
552.4
 21
76.4
 31
0.0
  0
LINE
  5
F3
330
17
100
AcDbEntity
  8
S-TITLE
100
AcDbLine
 10
467.0
 20
83.6
 30
0.0
 11
552.4
 21
83.6
 31
0.0
  0
LINE
  5
F4
330
17
100
AcDbEntity
  8
S-TITLE
100
AcDbLine
 10
467.0
 20
96.9
 30
0.0
 11
552.4
 21
96.9
 31
0.0
  0
TEXT
  5
F5
330
17
100
AcDbEntity
  8
S-TITLE
100
AcDbText
 10
509.7
 20
116.827
 30
0.0
 40
6.58
  1
CBRN HARDENED
  7
OpenSans
 72
1
 11
509.7
 21
116.827
 31
0.0
100
AcDbText
 73
2
  0
TEXT
  5
F6
330
17
100
AcDbEntity
  8
S-TITLE
100
AcDbText
 10
509.7
 20
108.273
 30
0.0
 40
6.58
  1
UG OPS ROOM
  7
OpenSans
 72
1
 11
509.7
 21
108.273
 31
0.0
100
AcDbText
 73
2
  0
TEXT
  5
F7
330
17
100
AcDbEntity
  8
S-TITLE
100
AcDbText
 10
509.7
 20
90.25
 30
0.0
 40
7.0
  1
SHEET 10
  7
OpenSans
 72
1
 11
509.7
 21
90.25
 31
0.0
100
AcDbText
 73
2
  0
TEXT
  5
F8
330
17
100
AcDbEntity
  8
S-TITLE
100
AcDbText
 10
509.7
 20
47.75
 30
0.0
 40
7.0
  1
MEP010
  7
OpenSans
 72
1
 11
509.7
 21
47.75
 31
0.0
100
AcDbText
 73
2
  0
TEXT
  5
F9
330
17
100
AcDbEntity
  8
S-TITLE
100
AcDbText
 10
471.0
 20
80.0
 30
0.0
 40
3.2
  1
Project number
  7
OpenSans
 11
471.0
 21
80.0
 31
0.0
100
AcDbText
 73
2
  0
TEXT
  5
FA
330
17
100
AcDbEntity
  8
S-TITLE
100
AcDbText
 10
548.4
 20
80.0
 30
0.0
 40
3.2
  1
01
  7
OpenSans
 72
2
 11
548.4
 21
80.0
 31
0.0
100
AcDbText
 73
2
  0
TEXT
  5
FB
330
17
100
AcDbEntity
  8
S-TITLE
100
AcDbText
 10
471.0
 20
72.75
 30
0.0
 40
3.2
  1
Date
  7
OpenSans
 11
471.0
 21
72.75
 31
0.0
100
AcDbText
 73
2
  0
TEXT
  5
FC
330
17
100
AcDbEntity
  8
S-TITLE
100
AcDbText
 10
548.4
 20
72.75
 30
0.0
 40
3.2
  1
16 SEP 2026
  7
OpenSans
 72
2
 11
548.4
 21
72.75
 31
0.0
100
AcDbText
 73
2
  0
TEXT
  5
FD
330
17
100
AcDbEntity
  8
S-TITLE
100
AcDbText
 10
471.0
 20
65.44999999999999
 30
0.0
 40
3.2
  1
Drawn by
  7
OpenSans
 11
471.0
 21
65.44999999999999
 31
0.0
100
AcDbText
 73
2
  0
TEXT
  5
FE
330
17
100
AcDbEntity
  8
S-TITLE
100
AcDbText
 10
548.4
 20
65.44999999999999
 30
0.0
 40
3.2
  1
SYN 01
  7
OpenSans
 72
2
 11
548.4
 21
65.44999999999999
 31
0.0
100
AcDbText
 73
2
  0
TEXT
  5
FF
330
17
100
AcDbEntity
  8
S-TITLE
100
AcDbText
 10
471.0
 20
58.2
 30
0.0
 40
3.2
  1
Checked by
  7
OpenSans
 11
471.0
 21
58.2
 31
0.0
100
AcDbText
 73
2
  0
TEXT
  5
100
330
17
100
AcDbEntity
  8
S-TITLE
100
AcDbText
 10
548.4
 20
58.2
 30
0.0
 40
3.2
  1
DR IR CHAUDHARI
  7
OpenSans
 72
2
 11
548.4
 21
58.2
 31
0.0
100
AcDbText
 73
2
  0
TEXT
  5
101
330
17
100
AcDbEntity
  8
S-TITLE
100
AcDbText
 10
471.0
 20
37.25
 30
0.0
 40
3.2
  1
Scale
  7
OpenSans
 11
471.0
 21
37.25
 31
0.0
100
AcDbText
 73
2
  0
TEXT
  5
102
330
17
100
AcDbEntity
  8
S-TITLE
100
AcDbText
 10
548.4
 20
37.25
 30
0.0
 40
3.2
  1
As indicated
  7
OpenSans
 72
2
 11
548.4
 21
37.25
 31
0.0
100
AcDbText
 73
2
  0
LWPOLYLINE
  5
110
330
17
100
AcDbEntity
  8
S-CONCRETE
100
AcDbPolyline
 90
4
 70
1
 10
47.0
 20
312.0
 10
267.0
 20
312.0
 10
267.0
 20
374.0
 10
47.0
 20
374.0
  0
LWPOLYLINE
  5
111
330
17
100
AcDbEntity
  8
S-CONCRETE-THIN
100
AcDbPolyline
 90
4
 70
1
 10
53.0
 20
318.0
 10
261.0
 20
318.0
 10
261.0
 20
368.0
 10
53.0
 20
368.0
  0
LINE
  5
112
330
17
100
AcDbEntity
  8
S-CONCRETE-THIN
100
AcDbLine
 10
82.0
 20
318.0
 30
0.0
 11
82.0
 21
368.0
 31
0.0
  0
LINE
  5
113
330
17
100
AcDbEntity
  8
S-CONCRETE-THIN
100
AcDbLine
 10
83.1
 20
318.0
 30
0.0
 11
83.1
 21
368.0
 31
0.0
  0
LINE
  5
114
330
17
100
AcDbEntity
  8
S-CONCRETE-THIN
100
AcDbLine
 10
101.1
 20
318.0
 30
0.0
 11
101.1
 21
368.0
 31
0.0
  0
LINE
  5
115
330
17
100
AcDbEntity
  8
S-CONCRETE-THIN
100
AcDbLine
 10
102.2
 20
318.0
 30
0.0
 11
102.2
 21
368.0
 31
0.0
  0
LINE
  5
116
330
17
100
AcDbEntity
  8
S-CONCRETE-THIN
100
AcDbLine
 10
137.2
 20
318.0
 30
0.0
 11
137.2
 21
368.0
 31
0.0
  0
LINE
  5
117
330
17
100
AcDbEntity
  8
S-CONCRETE-THIN
100
AcDbLine
 10
138.3
 20
318.0
 30
0.0
 11
138.3
 21
368.0
 31
0.0
  0
LINE
  5
118
330
17
100
AcDbEntity
  8
S-CONCRETE-THIN
100
AcDbLine
 10
156.3
 20
318.0
 30
0.0
 11
156.3
 21
368.0
 31
0.0
  0
LINE
  5
119
330
17
100
AcDbEntity
  8
S-CONCRETE-THIN
100
AcDbLine
 10
157.4
 20
318.0
 30
0.0
 11
157.4
 21
368.0
 31
0.0
  0
LWPOLYLINE
  5
11A
330
17
100
AcDbEntity
  8
S-CONCRETE-THIN
100
AcDbPolyline
 90
4
 70
1
 10
173.0
 20
318.0
 10
175.0
 20
318.0
 10
175.0
 20
368.0
 10
173.0
 20
368.0
  0
LWPOLYLINE
  5
11B
330
17
100
AcDbEntity
  8
S-CONCRETE-THIN
100
AcDbPolyline
 90
4
 70
1
 10
195.0
 20
318.0
 10
199.0
 20
318.0
 10
199.0
 20
368.0
 10
195.0
 20
368.0
  0
LWPOLYLINE
  5
11C
330
17
100
AcDbEntity
  8
S-CONCRETE-THIN
100
AcDbPolyline
 90
4
 70
1
 10
227.0
 20
318.0
 10
231.0
 20
318.0
 10
231.0
 20
368.0
 10
227.0
 20
368.0
  0
LINE
  5
11D
330
17
100
AcDbEntity
  8
S-CENTER
100
AcDbLine
 10
195.0
 20
318.0
 30
0.0
 11
199.0
 21
318.0
 31
0.0
  0
LINE
  5
11E
330
17
100
AcDbEntity
  8
S-CENTER
100
AcDbLine
 10
195.0
 20
330.0
 30
0.0
 11
199.0
 21
330.0
 31
0.0
  0
LINE
  5
11F
330
17
100
AcDbEntity
  8
S-CENTER
100
AcDbLine
 10
227.0
 20
318.0
 30
0.0
 11
231.0
 21
318.0
 31
0.0
  0
LINE
  5
120
330
17
100
AcDbEntity
  8
S-CENTER
100
AcDbLine
 10
227.0
 20
330.0
 30
0.0
 11
231.0
 21
330.0
 31
0.0
  0
CIRCLE
  5
121
330
17
100
AcDbEntity
  8
S-CONCRETE-THIN
100
AcDbCircle
 10
67.5
 20
332.5
 30
0.0
 40
7.0
  0
CIRCLE
  5
122
330
17
100
AcDbEntity
  8
S-CONCRETE-THIN
100
AcDbCircle
 10
67.5
 20
332.5
 30
0.0
 40
9.5
  0
CIRCLE
  5
123
330
17
100
AcDbEntity
  8
S-CONCRETE-THIN
100
AcDbCircle
 10
246.0
 20
332.5
 30
0.0
 40
7.0
  0
CIRCLE
  5
124
330
17
100
AcDbEntity
  8
S-CONCRETE-THIN
100
AcDbCircle
 10
246.0
 20
332.5
 30
0.0
 40
9.5
  0
TEXT
  5
125
330
17
100
AcDbEntity
  8
S-TEXT
100
AcDbText
 10
67.5
 20
320.0
 30
0.0
 40
1.9
  1
U-01
  7
OpenSans
 72
1
 11
67.5
 21
320.0
 31
0.0
100
AcDbText
 73
2
  0
TEXT
  5
126
330
17
100
AcDbEntity
  8
S-TEXT
100
AcDbText
 10
92.1
 20
320.0
 30
0.0
 40
1.9
  1
U-02
  7
OpenSans
 72
1
 11
92.1
 21
320.0
 31
0.0
100
AcDbText
 73
2
  0
TEXT
  5
127
330
17
100
AcDbEntity
  8
S-TEXT
100
AcDbText
 10
119.7
 20
320.0
 30
0.0
 40
1.9
  1
U-03
  7
OpenSans
 72
1
 11
119.7
 21
320.0
 31
0.0
100
AcDbText
 73
2
  0
TEXT
  5
128
330
17
100
AcDbEntity
  8
S-TEXT
100
AcDbText
 10
147.3
 20
320.0
 30
0.0
 40
1.9
  1
U-04
  7
OpenSans
 72
1
 11
147.3
 21
320.0
 31
0.0
100
AcDbText
 73
2
  0
TEXT
  5
129
330
17
100
AcDbEntity
  8
S-TEXT
100
AcDbText
 10
165.2
 20
320.0
 30
0.0
 40
1.9
  1
U-05
  7
OpenSans
 72
1
 11
165.2
 21
320.0
 31
0.0
100
AcDbText
 73
2
  0
TEXT
  5
12A
330
17
100
AcDbEntity
  8
S-TEXT
100
AcDbText
 10
185.0
 20
320.0
 30
0.0
 40
1.9
  1
U-06
  7
OpenSans
 72
1
 11
185.0
 21
320.0
 31
0.0
100
AcDbText
 73
2
  0
TEXT
  5
12B
330
17
100
AcDbEntity
  8
S-TEXT
100
AcDbText
 10
213.0
 20
320.0
 30
0.0
 40
1.9
  1
U-07
  7
OpenSans
 72
1
 11
213.0
 21
320.0
 31
0.0
100
AcDbText
 73
2
  0
TEXT
  5
12C
330
17
100
AcDbEntity
  8
S-TEXT
100
AcDbText
 10
246.0
 20
320.0
 30
0.0
 40
1.9
  1
U-08
  7
OpenSans
 72
1
 11
246.0
 21
320.0
 31
0.0
100
AcDbText
 73
2
  0
INSERT
  5
12D
330
17
100
AcDbEntity
  8
S-TITLE
100
AcDbBlockReference
  2
A2-NORTH
 10
274.5
 20
358.0
 30
0.0
  0
TEXT
  5
12F
330
17
100
AcDbEntity
  8
S-TITLE
100
AcDbText
 10
274.5
 20
367.6
 30
0.0
 40
1.8
  1
N
  7
OpenSans
 72
1
 11
274.5
 21
367.6
 31
0.0
100
AcDbText
 73
1
  0
LINE
  5
130
330
17
100
AcDbEntity
  8
S-CONCRETE-THIN
100
AcDbLine
 10
175.0
 20
348.0
 30
0.0
 11
195.0
 21
348.0
 31
0.0
  0
TEXT
  5
131
330
17
100
AcDbEntity
  8
S-TEXT
100
AcDbText
 10
185.0
 20
357.1
 30
0.0
 40
1.75
  1
STAGE 1
  7
OpenSans
 72
1
 11
185.0
 21
357.1
 31
0.0
100
AcDbText
 73
2
  0
LINE
  5
132
330
17
100
AcDbEntity
  8
S-CONCRETE-THIN
100
AcDbLine
 10
175.0
 20
333.0
 30
0.0
 11
195.0
 21
333.0
 31
0.0
  0
TEXT
  5
133
330
17
100
AcDbEntity
  8
S-TEXT
100
AcDbText
 10
185.0
 20
339.6
 30
0.0
 40
1.75
  1
STAGE 2
  7
OpenSans
 72
1
 11
185.0
 21
339.6
 31
0.0
100
AcDbText
 73
2
  0
LINE
  5
134
330
17
100
AcDbEntity
  8
S-CONCRETE-THIN
100
AcDbLine
 10
175.0
 20
318.0
 30
0.0
 11
195.0
 21
318.0
 31
0.0
  0
TEXT
  5
135
330
17
100
AcDbEntity
  8
S-TEXT
100
AcDbText
 10
185.0
 20
324.6
 30
0.0
 40
1.75
  1
STAGE 3
  7
OpenSans
 72
1
 11
185.0
 21
324.6
 31
0.0
100
AcDbText
 73
2
  0
LINE
  5
136
330
17
100
AcDbEntity
  8
S-HIDDEN
100
AcDbLine
 10
199.0
 20
349.6
 30
0.0
 11
200.8
 21
349.6
 31
0.0
  0
LINE
  5
137
330
17
100
AcDbEntity
  8
S-HIDDEN
100
AcDbLine
 10
202.0
 20
349.6
 30
0.0
 11
203.8
 21
349.6
 31
0.0
  0
LINE
  5
138
330
17
100
AcDbEntity
  8
S-HIDDEN
100
AcDbLine
 10
205.0
 20
349.6
 30
0.0
 11
206.8
 21
349.6
 31
0.0
  0
LINE
  5
139
330
17
100
AcDbEntity
  8
S-HIDDEN
100
AcDbLine
 10
208.0
 20
349.6
 30
0.0
 11
209.8
 21
349.6
 31
0.0
  0
LINE
  5
13A
330
17
100
AcDbEntity
  8
S-HIDDEN
100
AcDbLine
 10
211.0
 20
349.6
 30
0.0
 11
212.8
 21
349.6
 31
0.0
  0
LINE
  5
13B
330
17
100
AcDbEntity
  8
S-HIDDEN
100
AcDbLine
 10
214.0
 20
349.6
 30
0.0
 11
215.8
 21
349.6
 31
0.0
  0
LINE
  5
13C
330
17
100
AcDbEntity
  8
S-HIDDEN
100
AcDbLine
 10
217.0
 20
349.6
 30
0.0
 11
218.8
 21
349.6
 31
0.0
  0
LINE
  5
13D
330
17
100
AcDbEntity
  8
S-HIDDEN
100
AcDbLine
 10
220.0
 20
349.6
 30
0.0
 11
221.8
 21
349.6
 31
0.0
  0
LINE
  5
13E
330
17
100
AcDbEntity
  8
S-HIDDEN
100
AcDbLine
 10
223.0
 20
349.6
 30
0.0
 11
224.8
 21
349.6
 31
0.0
  0
LINE
  5
13F
330
17
100
AcDbEntity
  8
S-HIDDEN
100
AcDbLine
 10
226.0
 20
349.6
 30
0.0
 11
227.0
 21
349.6
 31
0.0
  0
TEXT
  5
140
330
17
100
AcDbEntity
  8
S-TEXT
100
AcDbText
 10
213.0
 20
344.0
 30
0.0
 40
1.75
  1
STAIR VOID OVER
  7
OpenSans
 72
1
 11
213.0
 21
344.0
 31
0.0
100
AcDbText
 73
2
  0
LINE
  5
141
330
17
100
AcDbEntity
  8
S-HIDDEN
100
AcDbLine
 10
157.68
 20
321.0
 30
0.0
 11
159.48000000000002
 21
321.0
 31
0.0
  0
LINE
  5
142
330
17
100
AcDbEntity
  8
S-HIDDEN
100
AcDbLine
 10
160.68
 20
321.0
 30
0.0
 11
162.48000000000002
 21
321.0
 31
0.0
  0
LINE
  5
143
330
17
100
AcDbEntity
  8
S-HIDDEN
100
AcDbLine
 10
163.68
 20
321.0
 30
0.0
 11
165.48000000000002
 21
321.0
 31
0.0
  0
LINE
  5
144
330
17
100
AcDbEntity
  8
S-HIDDEN
100
AcDbLine
 10
166.68
 20
321.0
 30
0.0
 11
168.48000000000002
 21
321.0
 31
0.0
  0
LINE
  5
145
330
17
100
AcDbEntity
  8
S-HIDDEN
100
AcDbLine
 10
169.68
 20
321.0
 30
0.0
 11
171.48000000000002
 21
321.0
 31
0.0
  0
LINE
  5
146
330
17
100
AcDbEntity
  8
S-HIDDEN
100
AcDbLine
 10
157.68
 20
336.0
 30
0.0
 11
159.48000000000002
 21
336.0
 31
0.0
  0
LINE
  5
147
330
17
100
AcDbEntity
  8
S-HIDDEN
100
AcDbLine
 10
160.68
 20
336.0
 30
0.0
 11
162.48000000000002
 21
336.0
 31
0.0
  0
LINE
  5
148
330
17
100
AcDbEntity
  8
S-HIDDEN
100
AcDbLine
 10
163.68
 20
336.0
 30
0.0
 11
165.48000000000002
 21
336.0
 31
0.0
  0
LINE
  5
149
330
17
100
AcDbEntity
  8
S-HIDDEN
100
AcDbLine
 10
166.68
 20
336.0
 30
0.0
 11
168.48000000000002
 21
336.0
 31
0.0
  0
LINE
  5
14A
330
17
100
AcDbEntity
  8
S-HIDDEN
100
AcDbLine
 10
169.68
 20
336.0
 30
0.0
 11
171.48000000000002
 21
336.0
 31
0.0
  0
LINE
  5
14B
330
17
100
AcDbEntity
  8
S-HIDDEN
100
AcDbLine
 10
157.68
 20
321.0
 30
0.0
 11
157.68
 21
322.8
 31
0.0
  0
LINE
  5
14C
330
17
100
AcDbEntity
  8
S-HIDDEN
100
AcDbLine
 10
157.68
 20
324.0
 30
0.0
 11
157.68
 21
325.8
 31
0.0
  0
LINE
  5
14D
330
17
100
AcDbEntity
  8
S-HIDDEN
100
AcDbLine
 10
157.68
 20
327.0
 30
0.0
 11
157.68
 21
328.8
 31
0.0
  0
LINE
  5
14E
330
17
100
AcDbEntity
  8
S-HIDDEN
100
AcDbLine
 10
157.68
 20
330.0
 30
0.0
 11
157.68
 21
331.8
 31
0.0
  0
LINE
  5
14F
330
17
100
AcDbEntity
  8
S-HIDDEN
100
AcDbLine
 10
157.68
 20
333.0
 30
0.0
 11
157.68
 21
334.8
 31
0.0
  0
LINE
  5
150
330
17
100
AcDbEntity
  8
S-HIDDEN
100
AcDbLine
 10
172.68
 20
321.0
 30
0.0
 11
172.68
 21
322.8
 31
0.0
  0
LINE
  5
151
330
17
100
AcDbEntity
  8
S-HIDDEN
100
AcDbLine
 10
172.68
 20
324.0
 30
0.0
 11
172.68
 21
325.8
 31
0.0
  0
LINE
  5
152
330
17
100
AcDbEntity
  8
S-HIDDEN
100
AcDbLine
 10
172.68
 20
327.0
 30
0.0
 11
172.68
 21
328.8
 31
0.0
  0
LINE
  5
153
330
17
100
AcDbEntity
  8
S-HIDDEN
100
AcDbLine
 10
172.68
 20
330.0
 30
0.0
 11
172.68
 21
331.8
 31
0.0
  0
LINE
  5
154
330
17
100
AcDbEntity
  8
S-HIDDEN
100
AcDbLine
 10
172.68
 20
333.0
 30
0.0
 11
172.68
 21
334.8
 31
0.0
  0
CIRCLE
  5
155
330
17
100
AcDbEntity
  8
M-EQUIP
100
AcDbCircle
 10
161.68
 20
328.5
 30
0.0
 40
2.1
  0
CIRCLE
  5
156
330
17
100
AcDbEntity
  8
M-EQUIP
100
AcDbCircle
 10
168.68
 20
328.5
 30
0.0
 40
2.1
  0
TEXT
  5
157
330
17
100
AcDbEntity
  8
S-TEXT
100
AcDbText
 10
165.18
 20
333.2
 30
0.0
 40
1.75
  1
SU-01
  7
OpenSans
 72
1
 11
165.18
 21
333.2
 31
0.0
100
AcDbText
 73
2
  0
LWPOLYLINE
  5
158
330
17
100
AcDbEntity
  8
M-EQUIP
100
AcDbPolyline
 90
4
 70
1
 10
157.98000000000002
 20
351.0
 10
172.48000000000002
 20
351.0
 10
172.48000000000002
 20
367.5
 10
157.98000000000002
 20
367.5
  0
TEXT
  5
159
330
17
100
AcDbEntity
  8
S-TEXT
100
AcDbText
 10
165.23000000000002
 20
358.35
 30
0.0
 40
1.9
  1
AHU-1
  7
OpenSans
 72
1
 11
165.23000000000002
 21
358.35
 31
0.0
100
AcDbText
 73
2
  0
LWPOLYLINE
  5
15A
330
17
100
AcDbEntity
  8
M-EQUIP
100
AcDbPolyline
 90
4
 70
1
 10
157.98000000000002
 20
339.0
 10
172.48000000000002
 20
339.0
 10
172.48000000000002
 20
350.0
 10
157.98000000000002
 20
350.0
  0
TEXT
  5
15B
330
17
100
AcDbEntity
  8
S-TEXT
100
AcDbText
 10
165.23000000000002
 20
343.6
 30
0.0
 40
1.9
  1
AHU-2
  7
OpenSans
 72
1
 11
165.23000000000002
 21
343.6
 31
0.0
100
AcDbText
 73
2
  0
CIRCLE
  5
15C
330
17
100
AcDbEntity
  8
M-VALVE
100
AcDbCircle
 10
52.980000000000004
 20
334.0
 30
0.0
 40
1.7
  0
LINE
  5
15D
330
17
100
AcDbEntity
  8
M-VALVE
100
AcDbLine
 10
51.28
 20
332.3
 30
0.0
 11
54.68
 21
335.7
 31
0.0
  0
LINE
  5
15E
330
17
100
AcDbEntity
  8
M-VALVE
100
AcDbLine
 10
51.28
 20
335.7
 30
0.0
 11
54.68
 21
332.3
 31
0.0
  0
CIRCLE
  5
15F
330
17
100
AcDbEntity
  8
M-VALVE
100
AcDbCircle
 10
52.980000000000004
 20
352.0
 30
0.0
 40
1.7
  0
LINE
  5
160
330
17
100
AcDbEntity
  8
M-VALVE
100
AcDbLine
 10
51.28
 20
350.3
 30
0.0
 11
54.68
 21
353.7
 31
0.0
  0
LINE
  5
161
330
17
100
AcDbEntity
  8
M-VALVE
100
AcDbLine
 10
51.28
 20
353.7
 30
0.0
 11
54.68
 21
350.3
 31
0.0
  0
CIRCLE
  5
162
330
17
100
AcDbEntity
  8
M-VALVE
100
AcDbCircle
 10
196.98
 20
361.0
 30
0.0
 40
1.7
  0
LINE
  5
163
330
17
100
AcDbEntity
  8
M-VALVE
100
AcDbLine
 10
195.28
 20
359.3
 30
0.0
 11
198.68
 21
362.7
 31
0.0
  0
LINE
  5
164
330
17
100
AcDbEntity
  8
M-VALVE
100
AcDbLine
 10
195.28
 20
362.7
 30
0.0
 11
198.68
 21
359.3
 31
0.0
  0
CIRCLE
  5
165
330
17
100
AcDbEntity
  8
M-VALVE
100
AcDbCircle
 10
260.98
 20
325.0
 30
0.0
 40
2.95
  0
LINE
  5
166
330
17
100
AcDbEntity
  8
M-VALVE
100
AcDbLine
 10
258.03
 20
322.05
 30
0.0
 11
263.93
 21
327.95
 31
0.0
  0
LINE
  5
167
330
17
100
AcDbEntity
  8
M-VALVE
100
AcDbLine
 10
258.03
 20
327.95
 30
0.0
 11
263.93
 21
322.05
 31
0.0
  0
CIRCLE
  5
168
330
17
100
AcDbEntity
  8
M-VALVE
100
AcDbCircle
 10
260.98
 20
359.0
 30
0.0
 40
2.95
  0
LINE
  5
169
330
17
100
AcDbEntity
  8
M-VALVE
100
AcDbLine
 10
258.03
 20
356.05
 30
0.0
 11
263.93
 21
361.95
 31
0.0
  0
LINE
  5
16A
330
17
100
AcDbEntity
  8
M-VALVE
100
AcDbLine
 10
258.03
 20
361.95
 30
0.0
 11
263.93
 21
356.05
 31
0.0
  0
LWPOLYLINE
  5
16B
330
17
100
AcDbEntity
  8
M-DUCT-RAW
100
AcDbPolyline
 90
6
 70
0
 10
52.980000000000004
 20
334.0
 10
58.0
 20
334.0
 10
58.0
 20
342.0
 10
153.0
 20
342.0
 10
153.0
 20
359.25
 10
157.98000000000002
 20
359.25
  0
LWPOLYLINE
  5
16C
330
17
100
AcDbEntity
  8
M-DUCT-RAW
100
AcDbPolyline
 90
4
 70
0
 10
52.980000000000004
 20
352.0
 10
149.0
 20
352.0
 10
149.0
 20
344.5
 10
157.98000000000002
 20
344.5
  0
TEXT
  5
16D
330
17
100
AcDbEntity
  8
S-TEXT
100
AcDbText
 10
107.0
 20
344.2
 30
0.0
 40
1.75
  1
FA-2 / FA-3  RAW UNFILTERED AIR, 11.2 m
  7
OpenSans
 72
1
 11
107.0
 21
344.2
 31
0.0
100
AcDbText
 73
2
  0
LWPOLYLINE
  5
16E
330
17
100
AcDbEntity
  8
M-DUCT-SUPPLY
100
AcDbPolyline
 90
2
 70
0
 10
157.98000000000002
 20
363.0
 10
62.0
 20
363.0
  0
LWPOLYLINE
  5
16F
330
17
100
AcDbEntity
  8
M-DUCT-SUPPLY
100
AcDbPolyline
 90
2
 70
0
 10
168.0
 20
339.0
 10
168.0
 20
337.5
  0
LWPOLYLINE
  5
170
330
17
100
AcDbEntity
  8
M-DUCT-SUPPLY
100
AcDbPolyline
 90
4
 70
1
 10
65.9
 20
361.4
 10
69.1
 20
361.4
 10
69.1
 20
364.6
 10
65.9
 20
364.6
  0
LWPOLYLINE
  5
171
330
17
100
AcDbEntity
  8
M-DUCT-SUPPLY
100
AcDbPolyline
 90
4
 70
1
 10
90.5
 20
361.4
 10
93.7
 20
361.4
 10
93.7
 20
364.6
 10
90.5
 20
364.6
  0
LWPOLYLINE
  5
172
330
17
100
AcDbEntity
  8
M-DUCT-SUPPLY
100
AcDbPolyline
 90
4
 70
1
 10
109.4
 20
361.4
 10
112.6
 20
361.4
 10
112.6
 20
364.6
 10
109.4
 20
364.6
  0
LWPOLYLINE
  5
173
330
17
100
AcDbEntity
  8
M-DUCT-SUPPLY
100
AcDbPolyline
 90
4
 70
1
 10
126.4
 20
361.4
 10
129.6
 20
361.4
 10
129.6
 20
364.6
 10
126.4
 20
364.6
  0
LWPOLYLINE
  5
174
330
17
100
AcDbEntity
  8
M-DUCT-SUPPLY
100
AcDbPolyline
 90
4
 70
1
 10
141.4
 20
361.4
 10
144.6
 20
361.4
 10
144.6
 20
364.6
 10
141.4
 20
364.6
  0
LWPOLYLINE
  5
175
330
17
100
AcDbEntity
  8
M-DUCT-SUPPLY
100
AcDbPolyline
 90
4
 70
1
 10
150.4
 20
361.4
 10
153.6
 20
361.4
 10
153.6
 20
364.6
 10
150.4
 20
364.6
  0
TEXT
  5
176
330
17
100
AcDbEntity
  8
S-TEXT
100
AcDbText
 10
107.0
 20
365.2
 30
0.0
 40
1.75
  1
SA-1 .. SA-4  FILTERED SUPPLY, SD-01 .. SD-05 TERMINALS
  7
OpenSans
 72
1
 11
107.0
 21
365.2
 31
0.0
100
AcDbText
 73
2
  0
LWPOLYLINE
  5
177
330
17
100
AcDbEntity
  8
M-DUCT-EXTRACT
100
AcDbPolyline
 90
3
 70
0
 10
92.1
 20
324.0
 10
177.0
 20
324.0
 10
177.0
 20
325.5
  0
LWPOLYLINE
  5
178
330
17
100
AcDbEntity
  8
M-DUCT-EXTRACT
100
AcDbPolyline
 90
4
 70
1
 10
90.5
 20
322.4
 10
93.7
 20
322.4
 10
93.7
 20
325.6
 10
90.5
 20
325.6
  0
LWPOLYLINE
  5
179
330
17
100
AcDbEntity
  8
M-DUCT-EXTRACT
100
AcDbPolyline
 90
2
 70
0
 10
185.0
 20
361.0
 10
196.98
 20
361.0
  0
LWPOLYLINE
  5
17A
330
17
100
AcDbEntity
  8
M-DUCT-SUPPLY
100
AcDbPolyline
 90
4
 70
1
 10
182.0
 20
347.1
 10
188.0
 20
347.1
 10
188.0
 20
348.9
 10
182.0
 20
348.9
  0
LWPOLYLINE
  5
17B
330
17
100
AcDbEntity
  8
M-DUCT-SUPPLY
100
AcDbPolyline
 90
4
 70
1
 10
182.0
 20
332.1
 10
188.0
 20
332.1
 10
188.0
 20
333.9
 10
182.0
 20
333.9
  0
LWPOLYLINE
  5
17C
330
17
100
AcDbEntity
  8
M-DUCT-SUPPLY
100
AcDbPolyline
 90
4
 70
1
 10
173.0
 20
342.1
 10
175.0
 20
342.1
 10
175.0
 20
343.9
 10
173.0
 20
343.9
  0
TEXT
  5
17D
330
17
100
AcDbEntity
  8
S-TEXT
100
AcDbText
 10
117.0
 20
325.8
 30
0.0
 40
1.75
  1
EA-1 EXTRACT
  7
OpenSans
 72
1
 11
117.0
 21
325.8
 31
0.0
100
AcDbText
 73
2
  0
LWPOLYLINE
  5
17E
330
17
100
AcDbEntity
  8
M-DUCT-GEN
100
AcDbPolyline
 90
4
 70
1
 10
272.98
 20
329.5
 10
278.98
 20
329.5
 10
278.98
 20
335.5
 10
272.98
 20
335.5
  0
LWPOLYLINE
  5
17F
330
17
100
AcDbEntity
  8
M-DUCT-GEN
100
AcDbPolyline
 90
3
 70
0
 10
260.98
 20
325.0
 10
270.5
 20
325.0
 10
270.5
 20
329.5
  0
LWPOLYLINE
  5
180
330
17
100
AcDbEntity
  8
M-DUCT-GEN
100
AcDbPolyline
 90
3
 70
0
 10
260.98
 20
359.0
 10
275.5
 20
359.0
 10
275.5
 20
335.5
  0
LWPOLYLINE
  5
181
330
17
100
AcDbEntity
  8
M-EQUIP
100
AcDbPolyline
 90
4
 70
1
 10
237.0
 20
339.0
 10
253.0
 20
339.0
 10
253.0
 20
355.0
 10
237.0
 20
355.0
  0
TEXT
  5
182
330
17
100
AcDbEntity
  8
S-TEXT
100
AcDbText
 10
245.0
 20
346.1
 30
0.0
 40
1.9
  1
GEN-1
  7
OpenSans
 72
1
 11
245.0
 21
346.1
 31
0.0
100
AcDbText
 73
2
  0
LWPOLYLINE
  5
183
330
17
100
AcDbEntity
  8
M-EQUIP
100
AcDbPolyline
 90
4
 70
1
 10
248.98
 20
356.0
 10
260.98
 20
356.0
 10
260.98
 20
368.0
 10
248.98
 20
368.0
  0
TEXT
  5
184
330
17
100
AcDbEntity
  8
S-TEXT
100
AcDbText
 10
254.98
 20
361.1
 30
0.0
 40
1.75
  1
TK-01
  7
OpenSans
 72
1
 11
254.98
 21
361.1
 31
0.0
100
AcDbText
 73
2
  0
LWPOLYLINE
  5
185
330
17
100
AcDbEntity
  8
M-EQUIP
100
AcDbPolyline
 90
4
 70
1
 10
160.98000000000002
 20
368.0
 10
168.98000000000002
 20
368.0
 10
168.98000000000002
 20
374.0
 10
160.98000000000002
 20
374.0
  0
TEXT
  5
186
330
17
100
AcDbEntity
  8
S-TEXT
100
AcDbText
 10
45.8
 20
334.0
 30
0.0
 40
1.9
  1
BV-1
  7
OpenSans
 72
2
 11
45.8
 21
334.0
 31
0.0
100
AcDbText
 73
2
  0
TEXT
  5
187
330
17
100
AcDbEntity
  8
S-TEXT
100
AcDbText
 10
45.8
 20
352.0
 30
0.0
 40
1.9
  1
BV-2
  7
OpenSans
 72
2
 11
45.8
 21
352.0
 31
0.0
100
AcDbText
 73
2
  0
TEXT
  5
188
330
17
100
AcDbEntity
  8
S-TEXT
100
AcDbText
 10
208.0
 20
360.1
 30
0.0
 40
1.9
  1
BV-3
  7
OpenSans
 72
1
 11
208.0
 21
360.1
 31
0.0
100
AcDbText
 73
2
  0
TEXT
  5
189
330
17
100
AcDbEntity
  8
S-TEXT
100
AcDbText
 10
254.0
 20
324.1
 30
0.0
 40
1.9
  1
BV-4
  7
OpenSans
 72
1
 11
254.0
 21
324.1
 31
0.0
100
AcDbText
 73
2
  0
TEXT
  5
18A
330
17
100
AcDbEntity
  8
S-TEXT
100
AcDbText
 10
240.0
 20
361.1
 30
0.0
 40
1.9
  1
BV-5
  7
OpenSans
 72
1
 11
240.0
 21
361.1
 31
0.0
100
AcDbText
 73
2
  0
TEXT
  5
18B
330
17
100
AcDbEntity
  8
S-TEXT
100
AcDbText
 10
144.0
 20
336.6
 30
0.0
 40
1.75
  1
CO2-1 / O2-1 / DH-1  BAY 5
  7
OpenSans
 72
2
 11
144.0
 21
336.6
 31
0.0
100
AcDbText
  0
LINE
  5
18C
330
17
100
AcDbEntity
  8
M-DUCT-RAW
100
AcDbLine
 10
41.6
 20
343.0
 30
0.0
 11
46.6
 21
343.0
 31
0.0
  0
LWPOLYLINE
  5
18D
330
17
100
AcDbEntity
  8
M-DUCT-RAW
100
AcDbPolyline
 90
3
 70
0
 10
45.0
 20
343.9
 10
46.6
 20
343.0
 10
45.0
 20
342.1
  0
LINE
  5
18E
330
17
100
AcDbEntity
  8
S-CALLOUT
100
AcDbLine
 10
164.98000000000002
 20
374.0
 30
0.0
 11
97.0
 21
386.0
 31
0.0
  0
LINE
  5
18F
330
17
100
AcDbEntity
  8
S-CALLOUT
100
AcDbLine
 10
97.0
 20
386.0
 30
0.0
 11
99.6
 21
386.0
 31
0.0
  0
TEXT
  5
190
330
17
100
AcDbEntity
  8
S-TEXT
100
AcDbText
 10
100.39999999999999
 20
386.0
 30
0.0
 40
1.9
  1
SEP  SERVICE ENTRY PLATE - PD-05 DN50 SUMP RISING MAIN
  7
OpenSans
 11
100.39999999999999
 21
386.0
 31
0.0
100
AcDbText
 73
2
  0
LINE
  5
191
330
17
100
AcDbEntity
  8
S-CALLOUT
100
AcDbLine
 10
165.23000000000002
 20
367.5
 30
0.0
 11
165.0
 21
381.2
 31
0.0
  0
LINE
  5
192
330
17
100
AcDbEntity
  8
S-CALLOUT
100
AcDbLine
 10
165.0
 20
381.2
 30
0.0
 11
167.6
 21
381.2
 31
0.0
  0
TEXT
  5
193
330
17
100
AcDbEntity
  8
S-TEXT
100
AcDbText
 10
168.4
 20
381.2
 30
0.0
 40
1.9
  1
AHU-1 / AHU-2  NBC FILTER TRAINS 300 m3/h - EITHER TRAIN CARRIES THE WHOLE DUTY
  7
OpenSans
 11
168.4
 21
381.2
 31
0.0
100
AcDbText
 73
2
  0
LINE
  5
194
330
17
100
AcDbEntity
  8
S-CALLOUT
100
AcDbLine
 10
275.98
 20
335.5
 30
0.0
 11
197.0
 21
376.4
 31
0.0
  0
LINE
  5
195
330
17
100
AcDbEntity
  8
S-CALLOUT
100
AcDbLine
 10
197.0
 20
376.4
 30
0.0
 11
194.4
 21
376.4
 31
0.0
  0
TEXT
  5
196
330
17
100
AcDbEntity
  8
S-TEXT
100
AcDbText
 10
193.6
 20
376.4
 30
0.0
 40
1.9
  1
SH-2 GENERATOR AIR SHAFT 600 x 600, EAST;   FA-1 ENTERS FROM THE SH-1 FRESH-AIR SHAFT, WEST OF THE BOX
  7
OpenSans
 72
2
 11
193.6
 21
376.4
 31
0.0
100
AcDbText
 73
2
  0
DIMENSION
  5
197
330
17
100
AcDbEntity
  8
S-DIM
100
AcDbDimension
280
0
  2
*D1
  3
A2-DIM-S
 10
47.0
 20
306.0
 30
0.0
 11
50.0
 21
307.6
 31
0.0
 70
32
 71
5
  1
<>
100
AcDbAlignedDimension
 13
47.0
 23
312.0
 33
0.0
 14
53.0
 24
312.0
 34
0.0
 50
0.0
100
AcDbRotatedDimension
1001
ACAD
1000
DSTYLE
1002
{
1070
144
1040
100.0
1002
}
  0
DIMENSION
  5
1A6
330
17
100
AcDbEntity
  8
S-DIM
100
AcDbDimension
280
0
  2
*D2
  3
A2-DIM-S
 10
53.0
 20
306.0
 30
0.0
 11
67.5
 21
307.6
 31
0.0
 70
32
 71
5
  1
<>
100
AcDbAlignedDimension
 13
53.0
 23
312.0
 33
0.0
 14
82.0
 24
312.0
 34
0.0
 50
0.0
100
AcDbRotatedDimension
1001
ACAD
1000
DSTYLE
1002
{
1070
144
1040
100.0
1002
}
  0
DIMENSION
  5
1B5
330
17
100
AcDbEntity
  8
S-DIM
100
AcDbDimension
280
0
  2
*D3
  3
A2-DIM-S
 10
82.0
 20
306.0
 30
0.0
 11
92.1
 21
307.6
 31
0.0
 70
32
 71
5
  1
<>
100
AcDbAlignedDimension
 13
82.0
 23
312.0
 33
0.0
 14
102.2
 24
312.0
 34
0.0
 50
0.0
100
AcDbRotatedDimension
1001
ACAD
1000
DSTYLE
1002
{
1070
144
1040
100.0
1002
}
  0
DIMENSION
  5
1C4
330
17
100
AcDbEntity
  8
S-DIM
100
AcDbDimension
280
0
  2
*D4
  3
A2-DIM-S
 10
102.2
 20
306.0
 30
0.0
 11
120.25
 21
307.6
 31
0.0
 70
32
 71
5
  1
<>
100
AcDbAlignedDimension
 13
102.2
 23
312.0
 33
0.0
 14
138.3
 24
312.0
 34
0.0
 50
0.0
100
AcDbRotatedDimension
1001
ACAD
1000
DSTYLE
1002
{
1070
144
1040
100.0
1002
}
  0
DIMENSION
  5
1D3
330
17
100
AcDbEntity
  8
S-DIM
100
AcDbDimension
280
0
  2
*D5
  3
A2-DIM-S
 10
138.3
 20
306.0
 30
0.0
 11
147.85000000000002
 21
307.6
 31
0.0
 70
32
 71
5
  1
<>
100
AcDbAlignedDimension
 13
138.3
 23
312.0
 33
0.0
 14
157.4
 24
312.0
 34
0.0
 50
0.0
100
AcDbRotatedDimension
1001
ACAD
1000
DSTYLE
1002
{
1070
144
1040
100.0
1002
}
  0
DIMENSION
  5
1E2
330
17
100
AcDbEntity
  8
S-DIM
100
AcDbDimension
280
0
  2
*D6
  3
A2-DIM-S
 10
157.4
 20
306.0
 30
0.0
 11
166.2
 21
307.6
 31
0.0
 70
32
 71
5
  1
<>
100
AcDbAlignedDimension
 13
157.4
 23
312.0
 33
0.0
 14
175.0
 24
312.0
 34
0.0
 50
0.0
100
AcDbRotatedDimension
1001
ACAD
1000
DSTYLE
1002
{
1070
144
1040
100.0
1002
}
  0
DIMENSION
  5
1F1
330
17
100
AcDbEntity
  8
S-DIM
100
AcDbDimension
280
0
  2
*D7
  3
A2-DIM-S
 10
175.0
 20
306.0
 30
0.0
 11
187.0
 21
307.6
 31
0.0
 70
32
 71
5
  1
<>
100
AcDbAlignedDimension
 13
175.0
 23
312.0
 33
0.0
 14
199.0
 24
312.0
 34
0.0
 50
0.0
100
AcDbRotatedDimension
1001
ACAD
1000
DSTYLE
1002
{
1070
144
1040
100.0
1002
}
  0
DIMENSION
  5
200
330
17
100
AcDbEntity
  8
S-DIM
100
AcDbDimension
280
0
  2
*D8
  3
A2-DIM-S
 10
199.0
 20
306.0
 30
0.0
 11
215.0
 21
307.6
 31
0.0
 70
32
 71
5
  1
<>
100
AcDbAlignedDimension
 13
199.0
 23
312.0
 33
0.0
 14
231.0
 24
312.0
 34
0.0
 50
0.0
100
AcDbRotatedDimension
1001
ACAD
1000
DSTYLE
1002
{
1070
144
1040
100.0
1002
}
  0
DIMENSION
  5
20F
330
17
100
AcDbEntity
  8
S-DIM
100
AcDbDimension
280
0
  2
*D9
  3
A2-DIM-S
 10
231.0
 20
306.0
 30
0.0
 11
246.0
 21
307.6
 31
0.0
 70
32
 71
5
  1
<>
100
AcDbAlignedDimension
 13
231.0
 23
312.0
 33
0.0
 14
261.0
 24
312.0
 34
0.0
 50
0.0
100
AcDbRotatedDimension
1001
ACAD
1000
DSTYLE
1002
{
1070
144
1040
100.0
1002
}
  0
DIMENSION
  5
21E
330
17
100
AcDbEntity
  8
S-DIM
100
AcDbDimension
280
0
  2
*D10
  3
A2-DIM-S
 10
261.0
 20
306.0
 30
0.0
 11
264.0
 21
307.6
 31
0.0
 70
32
 71
5
  1
<>
100
AcDbAlignedDimension
 13
261.0
 23
312.0
 33
0.0
 14
267.0
 24
312.0
 34
0.0
 50
0.0
100
AcDbRotatedDimension
1001
ACAD
1000
DSTYLE
1002
{
1070
144
1040
100.0
1002
}
  0
CIRCLE
  5
22D
330
17
100
AcDbEntity
  8
S-TITLE
100
AcDbCircle
 10
47.0
 20
298.0
 30
0.0
 40
4.0
  0
TEXT
  5
22E
330
17
100
AcDbEntity
  8
S-TITLE
100
AcDbText
 10
47.0
 20
298.0
 30
0.0
 40
3.6720000000000006
  1
1
  7
OpenSans
 72
1
 11
47.0
 21
298.0
 31
0.0
100
AcDbText
 73
2
  0
TEXT
  5
22F
330
17
100
AcDbEntity
  8
S-TITLE
100
AcDbText
 10
55.2
 20
299.0
 30
0.0
 40
4.933882080360953
  1
HVAC SERVICES LAYOUT PLAN - UNDERGROUND LEVEL (-)6.100
  7
OpenSans
 11
55.2
 21
299.0
 31
0.0
100
AcDbText
  0
LINE
  5
230
330
17
100
AcDbEntity
  8
S-TITLE
100
AcDbLine
 10
52.6
 20
297.6
 30
0.0
 11
272.0
 21
297.6
 31
0.0
  0
TEXT
  5
231
330
17
100
AcDbEntity
  8
S-TEXT
100
AcDbText
 10
55.2
 20
291.4
 30
0.0
 40
3.2975987448679165
  1
1 : 100   FIVE BLAST VALVES ARE THE ONLY AIR PATHS THROUGH THE PROTECTIVE BOUNDARY
  7
OpenSans
 11
55.2
 21
291.4
 31
0.0
100
AcDbText
  0
LWPOLYLINE
  5
232
330
17
100
AcDbEntity
  8
M-EMP-Z1
100
AcDbPolyline
 90
4
 70
1
 10
47.0
 20
214.0
 10
267.0
 20
214.0
 10
267.0
 20
276.0
 10
47.0
 20
276.0
  0
LWPOLYLINE
  5
233
330
17
100
AcDbEntity
  8
S-CONCRETE-THIN
100
AcDbPolyline
 90
4
 70
1
 10
53.0
 20
220.0
 10
261.0
 20
220.0
 10
261.0
 20
270.0
 10
53.0
 20
270.0
  0
LINE
  5
234
330
17
100
AcDbEntity
  8
S-CONCRETE-THIN
100
AcDbLine
 10
82.0
 20
220.0
 30
0.0
 11
82.0
 21
270.0
 31
0.0
  0
LINE
  5
235
330
17
100
AcDbEntity
  8
S-CONCRETE-THIN
100
AcDbLine
 10
83.1
 20
220.0
 30
0.0
 11
83.1
 21
270.0
 31
0.0
  0
LINE
  5
236
330
17
100
AcDbEntity
  8
S-CONCRETE-THIN
100
AcDbLine
 10
101.1
 20
220.0
 30
0.0
 11
101.1
 21
270.0
 31
0.0
  0
LINE
  5
237
330
17
100
AcDbEntity
  8
S-CONCRETE-THIN
100
AcDbLine
 10
102.2
 20
220.0
 30
0.0
 11
102.2
 21
270.0
 31
0.0
  0
LINE
  5
238
330
17
100
AcDbEntity
  8
S-CONCRETE-THIN
100
AcDbLine
 10
137.2
 20
220.0
 30
0.0
 11
137.2
 21
270.0
 31
0.0
  0
LINE
  5
239
330
17
100
AcDbEntity
  8
S-CONCRETE-THIN
100
AcDbLine
 10
138.3
 20
220.0
 30
0.0
 11
138.3
 21
270.0
 31
0.0
  0
LINE
  5
23A
330
17
100
AcDbEntity
  8
S-CONCRETE-THIN
100
AcDbLine
 10
156.3
 20
220.0
 30
0.0
 11
156.3
 21
270.0
 31
0.0
  0
LINE
  5
23B
330
17
100
AcDbEntity
  8
S-CONCRETE-THIN
100
AcDbLine
 10
157.4
 20
220.0
 30
0.0
 11
157.4
 21
270.0
 31
0.0
  0
LWPOLYLINE
  5
23C
330
17
100
AcDbEntity
  8
S-CONCRETE-THIN
100
AcDbPolyline
 90
4
 70
1
 10
173.0
 20
220.0
 10
175.0
 20
220.0
 10
175.0
 20
270.0
 10
173.0
 20
270.0
  0
LWPOLYLINE
  5
23D
330
17
100
AcDbEntity
  8
S-CONCRETE-THIN
100
AcDbPolyline
 90
4
 70
1
 10
195.0
 20
220.0
 10
199.0
 20
220.0
 10
199.0
 20
270.0
 10
195.0
 20
270.0
  0
LWPOLYLINE
  5
23E
330
17
100
AcDbEntity
  8
S-CONCRETE-THIN
100
AcDbPolyline
 90
4
 70
1
 10
227.0
 20
220.0
 10
231.0
 20
220.0
 10
231.0
 20
270.0
 10
227.0
 20
270.0
  0
LINE
  5
23F
330
17
100
AcDbEntity
  8
S-CENTER
100
AcDbLine
 10
195.0
 20
220.0
 30
0.0
 11
199.0
 21
220.0
 31
0.0
  0
LINE
  5
240
330
17
100
AcDbEntity
  8
S-CENTER
100
AcDbLine
 10
195.0
 20
232.0
 30
0.0
 11
199.0
 21
232.0
 31
0.0
  0
LINE
  5
241
330
17
100
AcDbEntity
  8
S-CENTER
100
AcDbLine
 10
227.0
 20
220.0
 30
0.0
 11
231.0
 21
220.0
 31
0.0
  0
LINE
  5
242
330
17
100
AcDbEntity
  8
S-CENTER
100
AcDbLine
 10
227.0
 20
232.0
 30
0.0
 11
231.0
 21
232.0
 31
0.0
  0
CIRCLE
  5
243
330
17
100
AcDbEntity
  8
S-CONCRETE-THIN
100
AcDbCircle
 10
67.5
 20
234.5
 30
0.0
 40
7.0
  0
CIRCLE
  5
244
330
17
100
AcDbEntity
  8
S-CONCRETE-THIN
100
AcDbCircle
 10
67.5
 20
234.5
 30
0.0
 40
9.5
  0
CIRCLE
  5
245
330
17
100
AcDbEntity
  8
S-CONCRETE-THIN
100
AcDbCircle
 10
246.0
 20
234.5
 30
0.0
 40
7.0
  0
CIRCLE
  5
246
330
17
100
AcDbEntity
  8
S-CONCRETE-THIN
100
AcDbCircle
 10
246.0
 20
234.5
 30
0.0
 40
9.5
  0
TEXT
  5
247
330
17
100
AcDbEntity
  8
S-TEXT
100
AcDbText
 10
67.5
 20
222.0
 30
0.0
 40
1.9
  1
U-01
  7
OpenSans
 72
1
 11
67.5
 21
222.0
 31
0.0
100
AcDbText
 73
2
  0
TEXT
  5
248
330
17
100
AcDbEntity
  8
S-TEXT
100
AcDbText
 10
92.1
 20
222.0
 30
0.0
 40
1.9
  1
U-02
  7
OpenSans
 72
1
 11
92.1
 21
222.0
 31
0.0
100
AcDbText
 73
2
  0
TEXT
  5
249
330
17
100
AcDbEntity
  8
S-TEXT
100
AcDbText
 10
119.7
 20
222.0
 30
0.0
 40
1.9
  1
U-03
  7
OpenSans
 72
1
 11
119.7
 21
222.0
 31
0.0
100
AcDbText
 73
2
  0
TEXT
  5
24A
330
17
100
AcDbEntity
  8
S-TEXT
100
AcDbText
 10
147.3
 20
222.0
 30
0.0
 40
1.9
  1
U-04
  7
OpenSans
 72
1
 11
147.3
 21
222.0
 31
0.0
100
AcDbText
 73
2
  0
TEXT
  5
24B
330
17
100
AcDbEntity
  8
S-TEXT
100
AcDbText
 10
165.2
 20
222.0
 30
0.0
 40
1.9
  1
U-05
  7
OpenSans
 72
1
 11
165.2
 21
222.0
 31
0.0
100
AcDbText
 73
2
  0
TEXT
  5
24C
330
17
100
AcDbEntity
  8
S-TEXT
100
AcDbText
 10
185.0
 20
222.0
 30
0.0
 40
1.9
  1
U-06
  7
OpenSans
 72
1
 11
185.0
 21
222.0
 31
0.0
100
AcDbText
 73
2
  0
TEXT
  5
24D
330
17
100
AcDbEntity
  8
S-TEXT
100
AcDbText
 10
213.0
 20
222.0
 30
0.0
 40
1.9
  1
U-07
  7
OpenSans
 72
1
 11
213.0
 21
222.0
 31
0.0
100
AcDbText
 73
2
  0
TEXT
  5
24E
330
17
100
AcDbEntity
  8
S-TEXT
100
AcDbText
 10
246.0
 20
222.0
 30
0.0
 40
1.9
  1
U-08
  7
OpenSans
 72
1
 11
246.0
 21
222.0
 31
0.0
100
AcDbText
 73
2
  0
INSERT
  5
24F
330
17
100
AcDbEntity
  8
S-TITLE
100
AcDbBlockReference
  2
A2-NORTH
 10
274.5
 20
258.0
 30
0.0
  0
TEXT
  5
251
330
17
100
AcDbEntity
  8
S-TITLE
100
AcDbText
 10
274.5
 20
267.6
 30
0.0
 40
1.8
  1
N
  7
OpenSans
 72
1
 11
274.5
 21
267.6
 31
0.0
100
AcDbText
 73
1
  0
LWPOLYLINE
  5
252
330
17
100
AcDbEntity
  8
M-EMP-Z2
100
AcDbPolyline
 90
4
 70
1
 10
105.2
 20
251.0
 10
129.2
 20
251.0
 10
129.2
 20
267.0
 10
105.2
 20
267.0
  0
LWPOLYLINE
  5
253
330
17
100
AcDbEntity
  8
M-EMP-Z2
100
AcDbPolyline
 90
4
 70
1
 10
105.7
 20
251.5
 10
128.7
 20
251.5
 10
128.7
 20
266.5
 10
105.7
 20
266.5
  0
HATCH
  5
254
330
17
100
AcDbEntity
  8
S-HATCH
 62
7
100
AcDbHatch
 10
0.0
 20
0.0
 30
0.0
210
0.0
220
0.0
230
1.0
  2
ANSI31
 70
0
 71
0
 91
2
 92
3
 72
0
 73
1
 93
4
 10
105.2
 20
251.0
 10
129.2
 20
251.0
 10
129.2
 20
267.0
 10
105.2
 20
267.0
 97
0
 92
18
 72
0
 73
1
 93
4
 10
105.7
 20
251.5
 10
128.7
 20
251.5
 10
128.7
 20
266.5
 10
105.7
 20
266.5
 97
0
 75
1
 76
1
 52
0.0
 41
0.5
 77
0
 78
1
 53
45.0
 43
0.0
 44
0.0
 45
-1.1225320152
 46
1.1225320152
 79
0
 98
0
  0
TEXT
  5
255
330
17
100
AcDbEntity
  8
S-TEXT
100
AcDbText
 10
117.2
 20
257.9
 30
0.0
 40
1.9
  1
EMP ZONE 2
  7
OpenSans
 72
1
 11
117.2
 21
257.9
 31
0.0
100
AcDbText
 73
2
  0
LINE
  5
256
330
17
100
AcDbEntity
  8
M-EMP-BOND
100
AcDbLine
 10
112.2
 20
251.0
 30
0.0
 11
121.2
 21
251.0
 31
0.0
  0
ARC
  5
257
330
17
100
AcDbEntity
  8
M-EMP-BOND
100
AcDbCircle
 10
112.2
 20
251.0
 30
0.0
 40
9.0
100
AcDbArc
 50
0.0
 51
72.0
  0
LWPOLYLINE
  5
258
330
17
100
AcDbEntity
  8
M-EMP-BOND
100
AcDbPolyline
 90
4
 70
1
 10
122.2
 20
266.5
 10
127.2
 20
266.5
 10
127.2
 20
267.0
 10
122.2
 20
267.0
  0
LINE
  5
259
330
17
100
AcDbEntity
  8
M-EMP-BOND
100
AcDbLine
 10
106.4
 20
251.0
 30
0.0
 11
106.4
 21
246.0
 31
0.0
  0
LINE
  5
25A
330
17
100
AcDbEntity
  8
M-EMP-BOND
100
AcDbLine
 10
109.4
 20
251.0
 30
0.0
 11
109.4
 21
246.0
 31
0.0
  0
TEXT
  5
25B
330
17
100
AcDbEntity
  8
S-TEXT
100
AcDbText
 10
117.2
 20
244.0
 30
0.0
 40
1.75
  1
PoE-1 .. PoE-5
  7
OpenSans
 72
1
 11
117.2
 21
244.0
 31
0.0
100
AcDbText
 73
2
  0
CIRCLE
  5
25C
330
17
100
AcDbEntity
  8
M-EMP-Z2
100
AcDbCircle
 10
52.980000000000004
 20
236.0
 30
0.0
 40
1.15
  0
CIRCLE
  5
25D
330
17
100
AcDbEntity
  8
M-EMP-Z2
100
AcDbCircle
 10
52.980000000000004
 20
236.0
 30
0.0
 40
0.5
  0
HATCH
  5
25E
330
17
100
AcDbEntity
  8
M-EMP-Z2
 62
1
100
AcDbHatch
 10
0.0
 20
0.0
 30
0.0
210
0.0
220
0.0
230
1.0
  2
SOLID
 70
1
 71
0
 91
1
 92
3
 72
0
 73
1
 93
16
 10
53.480000000000004
 20
236.0
 10
53.44193976625565
 20
236.19134171618254
 10
53.33355339059328
 20
236.35355339059328
 10
53.171341716182546
 20
236.46193976625565
 10
52.980000000000004
 20
236.5
 10
52.78865828381746
 20
236.46193976625565
 10
52.62644660940673
 20
236.35355339059328
 10
52.51806023374436
 20
236.19134171618254
 10
52.480000000000004
 20
236.0
 10
52.51806023374436
 20
235.80865828381746
 10
52.62644660940673
 20
235.64644660940672
 10
52.78865828381746
 20
235.53806023374435
 10
52.980000000000004
 20
235.5
 10
53.171341716182546
 20
235.53806023374435
 10
53.33355339059328
 20
235.64644660940672
 10
53.44193976625565
 20
235.80865828381746
 97
0
 75
0
 76
1
 98
0
  0
CIRCLE
  5
25F
330
17
100
AcDbEntity
  8
M-EMP-Z2
100
AcDbCircle
 10
52.980000000000004
 20
254.0
 30
0.0
 40
1.15
  0
CIRCLE
  5
260
330
17
100
AcDbEntity
  8
M-EMP-Z2
100
AcDbCircle
 10
52.980000000000004
 20
254.0
 30
0.0
 40
0.5
  0
HATCH
  5
261
330
17
100
AcDbEntity
  8
M-EMP-Z2
 62
1
100
AcDbHatch
 10
0.0
 20
0.0
 30
0.0
210
0.0
220
0.0
230
1.0
  2
SOLID
 70
1
 71
0
 91
1
 92
3
 72
0
 73
1
 93
16
 10
53.480000000000004
 20
254.0
 10
53.44193976625565
 20
254.19134171618254
 10
53.33355339059328
 20
254.35355339059328
 10
53.171341716182546
 20
254.46193976625565
 10
52.980000000000004
 20
254.5
 10
52.78865828381746
 20
254.46193976625565
 10
52.62644660940673
 20
254.35355339059328
 10
52.51806023374436
 20
254.19134171618254
 10
52.480000000000004
 20
254.0
 10
52.51806023374436
 20
253.80865828381746
 10
52.62644660940673
 20
253.64644660940672
 10
52.78865828381746
 20
253.53806023374435
 10
52.980000000000004
 20
253.5
 10
53.171341716182546
 20
253.53806023374435
 10
53.33355339059328
 20
253.64644660940672
 10
53.44193976625565
 20
253.80865828381746
 97
0
 75
0
 76
1
 98
0
  0
CIRCLE
  5
262
330
17
100
AcDbEntity
  8
M-EMP-Z2
100
AcDbCircle
 10
196.98
 20
263.0
 30
0.0
 40
1.15
  0
CIRCLE
  5
263
330
17
100
AcDbEntity
  8
M-EMP-Z2
100
AcDbCircle
 10
196.98
 20
263.0
 30
0.0
 40
0.5
  0
HATCH
  5
264
330
17
100
AcDbEntity
  8
M-EMP-Z2
 62
1
100
AcDbHatch
 10
0.0
 20
0.0
 30
0.0
210
0.0
220
0.0
230
1.0
  2
SOLID
 70
1
 71
0
 91
1
 92
3
 72
0
 73
1
 93
16
 10
197.48
 20
263.0
 10
197.44193976625564
 20
263.19134171618254
 10
197.33355339059327
 20
263.3535533905933
 10
197.17134171618252
 20
263.4619397662556
 10
196.98
 20
263.5
 10
196.78865828381745
 20
263.4619397662556
 10
196.6264466094067
 20
263.3535533905933
 10
196.51806023374434
 20
263.19134171618254
 10
196.48
 20
263.0
 10
196.51806023374434
 20
262.80865828381746
 10
196.6264466094067
 20
262.6464466094067
 10
196.78865828381745
 20
262.5380602337444
 10
196.98
 20
262.5
 10
197.17134171618252
 20
262.5380602337444
 10
197.33355339059327
 20
262.6464466094067
 10
197.44193976625564
 20
262.80865828381746
 97
0
 75
0
 76
1
 98
0
  0
CIRCLE
  5
265
330
17
100
AcDbEntity
  8
M-EMP-Z2
100
AcDbCircle
 10
260.98
 20
227.0
 30
0.0
 40
1.15
  0
CIRCLE
  5
266
330
17
100
AcDbEntity
  8
M-EMP-Z2
100
AcDbCircle
 10
260.98
 20
227.0
 30
0.0
 40
0.5
  0
HATCH
  5
267
330
17
100
AcDbEntity
  8
M-EMP-Z2
 62
1
100
AcDbHatch
 10
0.0
 20
0.0
 30
0.0
210
0.0
220
0.0
230
1.0
  2
SOLID
 70
1
 71
0
 91
1
 92
3
 72
0
 73
1
 93
16
 10
261.48
 20
227.0
 10
261.44193976625564
 20
227.19134171618254
 10
261.3335533905933
 20
227.35355339059328
 10
261.17134171618255
 20
227.46193976625565
 10
260.98
 20
227.5
 10
260.7886582838175
 20
227.46193976625565
 10
260.62644660940674
 20
227.35355339059328
 10
260.5180602337444
 20
227.19134171618254
 10
260.48
 20
227.0
 10
260.5180602337444
 20
226.80865828381746
 10
260.62644660940674
 20
226.64644660940672
 10
260.7886582838175
 20
226.53806023374435
 10
260.98
 20
226.5
 10
261.17134171618255
 20
226.53806023374435
 10
261.3335533905933
 20
226.64644660940672
 10
261.44193976625564
 20
226.80865828381746
 97
0
 75
0
 76
1
 98
0
  0
CIRCLE
  5
268
330
17
100
AcDbEntity
  8
M-EMP-Z2
100
AcDbCircle
 10
260.98
 20
261.0
 30
0.0
 40
1.15
  0
CIRCLE
  5
269
330
17
100
AcDbEntity
  8
M-EMP-Z2
100
AcDbCircle
 10
260.98
 20
261.0
 30
0.0
 40
0.5
  0
HATCH
  5
26A
330
17
100
AcDbEntity
  8
M-EMP-Z2
 62
1
100
AcDbHatch
 10
0.0
 20
0.0
 30
0.0
210
0.0
220
0.0
230
1.0
  2
SOLID
 70
1
 71
0
 91
1
 92
3
 72
0
 73
1
 93
16
 10
261.48
 20
261.0
 10
261.44193976625564
 20
261.19134171618254
 10
261.3335533905933
 20
261.3535533905933
 10
261.17134171618255
 20
261.4619397662556
 10
260.98
 20
261.5
 10
260.7886582838175
 20
261.4619397662556
 10
260.62644660940674
 20
261.3535533905933
 10
260.5180602337444
 20
261.19134171618254
 10
260.48
 20
261.0
 10
260.5180602337444
 20
260.80865828381746
 10
260.62644660940674
 20
260.6464466094067
 10
260.7886582838175
 20
260.5380602337444
 10
260.98
 20
260.5
 10
261.17134171618255
 20
260.5380602337444
 10
261.3335533905933
 20
260.6464466094067
 10
261.44193976625564
 20
260.80865828381746
 97
0
 75
0
 76
1
 98
0
  0
CIRCLE
  5
26B
330
17
100
AcDbEntity
  8
M-EMP-Z2
100
AcDbCircle
 10
164.98000000000002
 20
273.0
 30
0.0
 40
1.15
  0
CIRCLE
  5
26C
330
17
100
AcDbEntity
  8
M-EMP-Z2
100
AcDbCircle
 10
164.98000000000002
 20
273.0
 30
0.0
 40
0.5
  0
HATCH
  5
26D
330
17
100
AcDbEntity
  8
M-EMP-Z2
 62
1
100
AcDbHatch
 10
0.0
 20
0.0
 30
0.0
210
0.0
220
0.0
230
1.0
  2
SOLID
 70
1
 71
0
 91
1
 92
3
 72
0
 73
1
 93
16
 10
165.48000000000002
 20
273.0
 10
165.44193976625567
 20
273.19134171618254
 10
165.3335533905933
 20
273.3535533905933
 10
165.17134171618255
 20
273.4619397662556
 10
164.98000000000002
 20
273.5
 10
164.78865828381748
 20
273.4619397662556
 10
164.62644660940674
 20
273.3535533905933
 10
164.51806023374436
 20
273.19134171618254
 10
164.48000000000002
 20
273.0
 10
164.51806023374436
 20
272.80865828381746
 10
164.62644660940674
 20
272.6464466094067
 10
164.78865828381748
 20
272.5380602337444
 10
164.98000000000002
 20
272.5
 10
165.17134171618255
 20
272.5380602337444
 10
165.3335533905933
 20
272.6464466094067
 10
165.44193976625567
 20
272.80865828381746
 97
0
 75
0
 76
1
 98
0
  0
CIRCLE
  5
26E
330
17
100
AcDbEntity
  8
M-EMP-Z2
100
AcDbCircle
 10
67.5
 20
234.5
 30
0.0
 40
1.15
  0
CIRCLE
  5
26F
330
17
100
AcDbEntity
  8
M-EMP-Z2
100
AcDbCircle
 10
67.5
 20
234.5
 30
0.0
 40
0.5
  0
HATCH
  5
270
330
17
100
AcDbEntity
  8
M-EMP-Z2
 62
1
100
AcDbHatch
 10
0.0
 20
0.0
 30
0.0
210
0.0
220
0.0
230
1.0
  2
SOLID
 70
1
 71
0
 91
1
 92
3
 72
0
 73
1
 93
16
 10
68.0
 20
234.5
 10
67.96193976625564
 20
234.69134171618254
 10
67.85355339059328
 20
234.85355339059328
 10
67.69134171618255
 20
234.96193976625565
 10
67.5
 20
235.0
 10
67.30865828381745
 20
234.96193976625565
 10
67.14644660940672
 20
234.85355339059328
 10
67.03806023374436
 20
234.69134171618254
 10
67.0
 20
234.5
 10
67.03806023374436
 20
234.30865828381746
 10
67.14644660940672
 20
234.14644660940672
 10
67.30865828381745
 20
234.03806023374435
 10
67.5
 20
234.0
 10
67.69134171618255
 20
234.03806023374435
 10
67.85355339059328
 20
234.14644660940672
 10
67.96193976625564
 20
234.30865828381746
 97
0
 75
0
 76
1
 98
0
  0
CIRCLE
  5
271
330
17
100
AcDbEntity
  8
M-EMP-Z2
100
AcDbCircle
 10
246.0
 20
234.5
 30
0.0
 40
1.15
  0
CIRCLE
  5
272
330
17
100
AcDbEntity
  8
M-EMP-Z2
100
AcDbCircle
 10
246.0
 20
234.5
 30
0.0
 40
0.5
  0
HATCH
  5
273
330
17
100
AcDbEntity
  8
M-EMP-Z2
 62
1
100
AcDbHatch
 10
0.0
 20
0.0
 30
0.0
210
0.0
220
0.0
230
1.0
  2
SOLID
 70
1
 71
0
 91
1
 92
3
 72
0
 73
1
 93
16
 10
246.5
 20
234.5
 10
246.46193976625565
 20
234.69134171618254
 10
246.35355339059328
 20
234.85355339059328
 10
246.19134171618254
 20
234.96193976625565
 10
246.0
 20
235.0
 10
245.80865828381746
 20
234.96193976625565
 10
245.64644660940672
 20
234.85355339059328
 10
245.53806023374435
 20
234.69134171618254
 10
245.5
 20
234.5
 10
245.53806023374435
 20
234.30865828381746
 10
245.64644660940672
 20
234.14644660940672
 10
245.80865828381746
 20
234.03806023374435
 10
246.0
 20
234.0
 10
246.19134171618254
 20
234.03806023374435
 10
246.35355339059328
 20
234.14644660940672
 10
246.46193976625565
 20
234.30865828381746
 97
0
 75
0
 76
1
 98
0
  0
LWPOLYLINE
  5
274
330
17
100
AcDbEntity
  8
M-EMP-Z2
100
AcDbPolyline
 90
4
 70
1
 10
199.0
 20
220.0
 10
227.0
 20
220.0
 10
227.0
 20
251.6
 10
199.0
 20
251.6
  0
LINE
  5
275
330
17
100
AcDbEntity
  8
S-CENTER
100
AcDbLine
 10
199.0
 20
220.0
 30
0.0
 11
227.0
 21
251.6
 31
0.0
  0
LINE
  5
276
330
17
100
AcDbEntity
  8
S-CENTER
100
AcDbLine
 10
199.0
 20
251.6
 30
0.0
 11
227.0
 21
220.0
 31
0.0
  0
LINE
  5
277
330
17
100
AcDbEntity
  8
M-EMP-BOND
100
AcDbLine
 10
107.0
 20
214.0
 30
0.0
 11
107.0
 21
215.2
 31
0.0
  0
LINE
  5
278
330
17
100
AcDbEntity
  8
M-EMP-BOND
100
AcDbLine
 10
107.0
 20
216.2
 30
0.0
 11
107.0
 21
217.4
 31
0.0
  0
LINE
  5
279
330
17
100
AcDbEntity
  8
M-EMP-BOND
100
AcDbLine
 10
107.0
 20
218.4
 30
0.0
 11
107.0
 21
219.6
 31
0.0
  0
LINE
  5
27A
330
17
100
AcDbEntity
  8
M-EMP-BOND
100
AcDbLine
 10
107.0
 20
220.6
 30
0.0
 11
107.0
 21
221.8
 31
0.0
  0
LINE
  5
27B
330
17
100
AcDbEntity
  8
M-EMP-BOND
100
AcDbLine
 10
107.0
 20
222.8
 30
0.0
 11
107.0
 21
224.0
 31
0.0
  0
LINE
  5
27C
330
17
100
AcDbEntity
  8
M-EMP-BOND
100
AcDbLine
 10
107.0
 20
225.0
 30
0.0
 11
107.0
 21
226.2
 31
0.0
  0
LINE
  5
27D
330
17
100
AcDbEntity
  8
M-EMP-BOND
100
AcDbLine
 10
107.0
 20
227.2
 30
0.0
 11
107.0
 21
228.4
 31
0.0
  0
LINE
  5
27E
330
17
100
AcDbEntity
  8
M-EMP-BOND
100
AcDbLine
 10
107.0
 20
229.4
 30
0.0
 11
107.0
 21
230.6
 31
0.0
  0
LINE
  5
27F
330
17
100
AcDbEntity
  8
M-EMP-BOND
100
AcDbLine
 10
107.0
 20
231.6
 30
0.0
 11
107.0
 21
232.8
 31
0.0
  0
LINE
  5
280
330
17
100
AcDbEntity
  8
M-EMP-BOND
100
AcDbLine
 10
107.0
 20
233.8
 30
0.0
 11
107.0
 21
235.0
 31
0.0
  0
LINE
  5
281
330
17
100
AcDbEntity
  8
M-EMP-BOND
100
AcDbLine
 10
107.0
 20
236.0
 30
0.0
 11
107.0
 21
237.2
 31
0.0
  0
LINE
  5
282
330
17
100
AcDbEntity
  8
M-EMP-BOND
100
AcDbLine
 10
107.0
 20
238.2
 30
0.0
 11
107.0
 21
239.4
 31
0.0
  0
LINE
  5
283
330
17
100
AcDbEntity
  8
M-EMP-BOND
100
AcDbLine
 10
107.0
 20
240.4
 30
0.0
 11
107.0
 21
241.6
 31
0.0
  0
LINE
  5
284
330
17
100
AcDbEntity
  8
M-EMP-BOND
100
AcDbLine
 10
107.0
 20
242.6
 30
0.0
 11
107.0
 21
243.79999999999998
 31
0.0
  0
LINE
  5
285
330
17
100
AcDbEntity
  8
M-EMP-BOND
100
AcDbLine
 10
107.0
 20
244.79999999999998
 30
0.0
 11
107.0
 21
246.0
 31
0.0
  0
LINE
  5
286
330
17
100
AcDbEntity
  8
M-EMP-BOND
100
AcDbLine
 10
107.0
 20
247.0
 30
0.0
 11
107.0
 21
248.2
 31
0.0
  0
LINE
  5
287
330
17
100
AcDbEntity
  8
M-EMP-BOND
100
AcDbLine
 10
107.0
 20
249.2
 30
0.0
 11
107.0
 21
250.4
 31
0.0
  0
LINE
  5
288
330
17
100
AcDbEntity
  8
M-EMP-BOND
100
AcDbLine
 10
107.0
 20
251.4
 30
0.0
 11
107.0
 21
252.6
 31
0.0
  0
LINE
  5
289
330
17
100
AcDbEntity
  8
M-EMP-BOND
100
AcDbLine
 10
107.0
 20
253.6
 30
0.0
 11
107.0
 21
254.8
 31
0.0
  0
LINE
  5
28A
330
17
100
AcDbEntity
  8
M-EMP-BOND
100
AcDbLine
 10
107.0
 20
255.8
 30
0.0
 11
107.0
 21
257.0
 31
0.0
  0
LINE
  5
28B
330
17
100
AcDbEntity
  8
M-EMP-BOND
100
AcDbLine
 10
107.0
 20
258.0
 30
0.0
 11
107.0
 21
259.2
 31
0.0
  0
LINE
  5
28C
330
17
100
AcDbEntity
  8
M-EMP-BOND
100
AcDbLine
 10
107.0
 20
260.2
 30
0.0
 11
107.0
 21
261.40000000000003
 31
0.0
  0
LINE
  5
28D
330
17
100
AcDbEntity
  8
M-EMP-BOND
100
AcDbLine
 10
107.0
 20
262.40000000000003
 30
0.0
 11
107.0
 21
263.6
 31
0.0
  0
LINE
  5
28E
330
17
100
AcDbEntity
  8
M-EMP-BOND
100
AcDbLine
 10
107.0
 20
264.6
 30
0.0
 11
107.0
 21
265.8
 31
0.0
  0
LINE
  5
28F
330
17
100
AcDbEntity
  8
M-EMP-BOND
100
AcDbLine
 10
107.0
 20
266.8
 30
0.0
 11
107.0
 21
268.0
 31
0.0
  0
LINE
  5
290
330
17
100
AcDbEntity
  8
M-EMP-BOND
100
AcDbLine
 10
107.0
 20
269.0
 30
0.0
 11
107.0
 21
270.20000000000005
 31
0.0
  0
LINE
  5
291
330
17
100
AcDbEntity
  8
M-EMP-BOND
100
AcDbLine
 10
107.0
 20
271.20000000000005
 30
0.0
 11
107.0
 21
272.40000000000003
 31
0.0
  0
LINE
  5
292
330
17
100
AcDbEntity
  8
M-EMP-BOND
100
AcDbLine
 10
107.0
 20
273.40000000000003
 30
0.0
 11
107.0
 21
274.6
 31
0.0
  0
LINE
  5
293
330
17
100
AcDbEntity
  8
M-EMP-BOND
100
AcDbLine
 10
107.0
 20
275.6
 30
0.0
 11
107.0
 21
276.0
 31
0.0
  0
LINE
  5
294
330
17
100
AcDbEntity
  8
M-EMP-BOND
100
AcDbLine
 10
167.0
 20
214.0
 30
0.0
 11
167.0
 21
215.2
 31
0.0
  0
LINE
  5
295
330
17
100
AcDbEntity
  8
M-EMP-BOND
100
AcDbLine
 10
167.0
 20
216.2
 30
0.0
 11
167.0
 21
217.4
 31
0.0
  0
LINE
  5
296
330
17
100
AcDbEntity
  8
M-EMP-BOND
100
AcDbLine
 10
167.0
 20
218.4
 30
0.0
 11
167.0
 21
219.6
 31
0.0
  0
LINE
  5
297
330
17
100
AcDbEntity
  8
M-EMP-BOND
100
AcDbLine
 10
167.0
 20
220.6
 30
0.0
 11
167.0
 21
221.8
 31
0.0
  0
LINE
  5
298
330
17
100
AcDbEntity
  8
M-EMP-BOND
100
AcDbLine
 10
167.0
 20
222.8
 30
0.0
 11
167.0
 21
224.0
 31
0.0
  0
LINE
  5
299
330
17
100
AcDbEntity
  8
M-EMP-BOND
100
AcDbLine
 10
167.0
 20
225.0
 30
0.0
 11
167.0
 21
226.2
 31
0.0
  0
LINE
  5
29A
330
17
100
AcDbEntity
  8
M-EMP-BOND
100
AcDbLine
 10
167.0
 20
227.2
 30
0.0
 11
167.0
 21
228.4
 31
0.0
  0
LINE
  5
29B
330
17
100
AcDbEntity
  8
M-EMP-BOND
100
AcDbLine
 10
167.0
 20
229.4
 30
0.0
 11
167.0
 21
230.6
 31
0.0
  0
LINE
  5
29C
330
17
100
AcDbEntity
  8
M-EMP-BOND
100
AcDbLine
 10
167.0
 20
231.6
 30
0.0
 11
167.0
 21
232.8
 31
0.0
  0
LINE
  5
29D
330
17
100
AcDbEntity
  8
M-EMP-BOND
100
AcDbLine
 10
167.0
 20
233.8
 30
0.0
 11
167.0
 21
235.0
 31
0.0
  0
LINE
  5
29E
330
17
100
AcDbEntity
  8
M-EMP-BOND
100
AcDbLine
 10
167.0
 20
236.0
 30
0.0
 11
167.0
 21
237.2
 31
0.0
  0
LINE
  5
29F
330
17
100
AcDbEntity
  8
M-EMP-BOND
100
AcDbLine
 10
167.0
 20
238.2
 30
0.0
 11
167.0
 21
239.4
 31
0.0
  0
LINE
  5
2A0
330
17
100
AcDbEntity
  8
M-EMP-BOND
100
AcDbLine
 10
167.0
 20
240.4
 30
0.0
 11
167.0
 21
241.6
 31
0.0
  0
LINE
  5
2A1
330
17
100
AcDbEntity
  8
M-EMP-BOND
100
AcDbLine
 10
167.0
 20
242.6
 30
0.0
 11
167.0
 21
243.79999999999998
 31
0.0
  0
LINE
  5
2A2
330
17
100
AcDbEntity
  8
M-EMP-BOND
100
AcDbLine
 10
167.0
 20
244.79999999999998
 30
0.0
 11
167.0
 21
246.0
 31
0.0
  0
LINE
  5
2A3
330
17
100
AcDbEntity
  8
M-EMP-BOND
100
AcDbLine
 10
167.0
 20
247.0
 30
0.0
 11
167.0
 21
248.2
 31
0.0
  0
LINE
  5
2A4
330
17
100
AcDbEntity
  8
M-EMP-BOND
100
AcDbLine
 10
167.0
 20
249.2
 30
0.0
 11
167.0
 21
250.4
 31
0.0
  0
LINE
  5
2A5
330
17
100
AcDbEntity
  8
M-EMP-BOND
100
AcDbLine
 10
167.0
 20
251.4
 30
0.0
 11
167.0
 21
252.6
 31
0.0
  0
LINE
  5
2A6
330
17
100
AcDbEntity
  8
M-EMP-BOND
100
AcDbLine
 10
167.0
 20
253.6
 30
0.0
 11
167.0
 21
254.8
 31
0.0
  0
LINE
  5
2A7
330
17
100
AcDbEntity
  8
M-EMP-BOND
100
AcDbLine
 10
167.0
 20
255.8
 30
0.0
 11
167.0
 21
257.0
 31
0.0
  0
LINE
  5
2A8
330
17
100
AcDbEntity
  8
M-EMP-BOND
100
AcDbLine
 10
167.0
 20
258.0
 30
0.0
 11
167.0
 21
259.2
 31
0.0
  0
LINE
  5
2A9
330
17
100
AcDbEntity
  8
M-EMP-BOND
100
AcDbLine
 10
167.0
 20
260.2
 30
0.0
 11
167.0
 21
261.40000000000003
 31
0.0
  0
LINE
  5
2AA
330
17
100
AcDbEntity
  8
M-EMP-BOND
100
AcDbLine
 10
167.0
 20
262.40000000000003
 30
0.0
 11
167.0
 21
263.6
 31
0.0
  0
LINE
  5
2AB
330
17
100
AcDbEntity
  8
M-EMP-BOND
100
AcDbLine
 10
167.0
 20
264.6
 30
0.0
 11
167.0
 21
265.8
 31
0.0
  0
LINE
  5
2AC
330
17
100
AcDbEntity
  8
M-EMP-BOND
100
AcDbLine
 10
167.0
 20
266.8
 30
0.0
 11
167.0
 21
268.0
 31
0.0
  0
LINE
  5
2AD
330
17
100
AcDbEntity
  8
M-EMP-BOND
100
AcDbLine
 10
167.0
 20
269.0
 30
0.0
 11
167.0
 21
270.20000000000005
 31
0.0
  0
LINE
  5
2AE
330
17
100
AcDbEntity
  8
M-EMP-BOND
100
AcDbLine
 10
167.0
 20
271.20000000000005
 30
0.0
 11
167.0
 21
272.40000000000003
 31
0.0
  0
LINE
  5
2AF
330
17
100
AcDbEntity
  8
M-EMP-BOND
100
AcDbLine
 10
167.0
 20
273.40000000000003
 30
0.0
 11
167.0
 21
274.6
 31
0.0
  0
LINE
  5
2B0
330
17
100
AcDbEntity
  8
M-EMP-BOND
100
AcDbLine
 10
167.0
 20
275.6
 30
0.0
 11
167.0
 21
276.0
 31
0.0
  0
LINE
  5
2B1
330
17
100
AcDbEntity
  8
M-EMP-BOND
100
AcDbLine
 10
227.0
 20
214.0
 30
0.0
 11
227.0
 21
215.2
 31
0.0
  0
LINE
  5
2B2
330
17
100
AcDbEntity
  8
M-EMP-BOND
100
AcDbLine
 10
227.0
 20
216.2
 30
0.0
 11
227.0
 21
217.4
 31
0.0
  0
LINE
  5
2B3
330
17
100
AcDbEntity
  8
M-EMP-BOND
100
AcDbLine
 10
227.0
 20
218.4
 30
0.0
 11
227.0
 21
219.6
 31
0.0
  0
LINE
  5
2B4
330
17
100
AcDbEntity
  8
M-EMP-BOND
100
AcDbLine
 10
227.0
 20
220.6
 30
0.0
 11
227.0
 21
221.8
 31
0.0
  0
LINE
  5
2B5
330
17
100
AcDbEntity
  8
M-EMP-BOND
100
AcDbLine
 10
227.0
 20
222.8
 30
0.0
 11
227.0
 21
224.0
 31
0.0
  0
LINE
  5
2B6
330
17
100
AcDbEntity
  8
M-EMP-BOND
100
AcDbLine
 10
227.0
 20
225.0
 30
0.0
 11
227.0
 21
226.2
 31
0.0
  0
LINE
  5
2B7
330
17
100
AcDbEntity
  8
M-EMP-BOND
100
AcDbLine
 10
227.0
 20
227.2
 30
0.0
 11
227.0
 21
228.4
 31
0.0
  0
LINE
  5
2B8
330
17
100
AcDbEntity
  8
M-EMP-BOND
100
AcDbLine
 10
227.0
 20
229.4
 30
0.0
 11
227.0
 21
230.6
 31
0.0
  0
LINE
  5
2B9
330
17
100
AcDbEntity
  8
M-EMP-BOND
100
AcDbLine
 10
227.0
 20
231.6
 30
0.0
 11
227.0
 21
232.8
 31
0.0
  0
LINE
  5
2BA
330
17
100
AcDbEntity
  8
M-EMP-BOND
100
AcDbLine
 10
227.0
 20
233.8
 30
0.0
 11
227.0
 21
235.0
 31
0.0
  0
LINE
  5
2BB
330
17
100
AcDbEntity
  8
M-EMP-BOND
100
AcDbLine
 10
227.0
 20
236.0
 30
0.0
 11
227.0
 21
237.2
 31
0.0
  0
LINE
  5
2BC
330
17
100
AcDbEntity
  8
M-EMP-BOND
100
AcDbLine
 10
227.0
 20
238.2
 30
0.0
 11
227.0
 21
239.4
 31
0.0
  0
LINE
  5
2BD
330
17
100
AcDbEntity
  8
M-EMP-BOND
100
AcDbLine
 10
227.0
 20
240.4
 30
0.0
 11
227.0
 21
241.6
 31
0.0
  0
LINE
  5
2BE
330
17
100
AcDbEntity
  8
M-EMP-BOND
100
AcDbLine
 10
227.0
 20
242.6
 30
0.0
 11
227.0
 21
243.79999999999998
 31
0.0
  0
LINE
  5
2BF
330
17
100
AcDbEntity
  8
M-EMP-BOND
100
AcDbLine
 10
227.0
 20
244.79999999999998
 30
0.0
 11
227.0
 21
246.0
 31
0.0
  0
LINE
  5
2C0
330
17
100
AcDbEntity
  8
M-EMP-BOND
100
AcDbLine
 10
227.0
 20
247.0
 30
0.0
 11
227.0
 21
248.2
 31
0.0
  0
LINE
  5
2C1
330
17
100
AcDbEntity
  8
M-EMP-BOND
100
AcDbLine
 10
227.0
 20
249.2
 30
0.0
 11
227.0
 21
250.4
 31
0.0
  0
LINE
  5
2C2
330
17
100
AcDbEntity
  8
M-EMP-BOND
100
AcDbLine
 10
227.0
 20
251.4
 30
0.0
 11
227.0
 21
252.6
 31
0.0
  0
LINE
  5
2C3
330
17
100
AcDbEntity
  8
M-EMP-BOND
100
AcDbLine
 10
227.0
 20
253.6
 30
0.0
 11
227.0
 21
254.8
 31
0.0
  0
LINE
  5
2C4
330
17
100
AcDbEntity
  8
M-EMP-BOND
100
AcDbLine
 10
227.0
 20
255.8
 30
0.0
 11
227.0
 21
257.0
 31
0.0
  0
LINE
  5
2C5
330
17
100
AcDbEntity
  8
M-EMP-BOND
100
AcDbLine
 10
227.0
 20
258.0
 30
0.0
 11
227.0
 21
259.2
 31
0.0
  0
LINE
  5
2C6
330
17
100
AcDbEntity
  8
M-EMP-BOND
100
AcDbLine
 10
227.0
 20
260.2
 30
0.0
 11
227.0
 21
261.40000000000003
 31
0.0
  0
LINE
  5
2C7
330
17
100
AcDbEntity
  8
M-EMP-BOND
100
AcDbLine
 10
227.0
 20
262.40000000000003
 30
0.0
 11
227.0
 21
263.6
 31
0.0
  0
LINE
  5
2C8
330
17
100
AcDbEntity
  8
M-EMP-BOND
100
AcDbLine
 10
227.0
 20
264.6
 30
0.0
 11
227.0
 21
265.8
 31
0.0
  0
LINE
  5
2C9
330
17
100
AcDbEntity
  8
M-EMP-BOND
100
AcDbLine
 10
227.0
 20
266.8
 30
0.0
 11
227.0
 21
268.0
 31
0.0
  0
LINE
  5
2CA
330
17
100
AcDbEntity
  8
M-EMP-BOND
100
AcDbLine
 10
227.0
 20
269.0
 30
0.0
 11
227.0
 21
270.20000000000005
 31
0.0
  0
LINE
  5
2CB
330
17
100
AcDbEntity
  8
M-EMP-BOND
100
AcDbLine
 10
227.0
 20
271.20000000000005
 30
0.0
 11
227.0
 21
272.40000000000003
 31
0.0
  0
LINE
  5
2CC
330
17
100
AcDbEntity
  8
M-EMP-BOND
100
AcDbLine
 10
227.0
 20
273.40000000000003
 30
0.0
 11
227.0
 21
274.6
 31
0.0
  0
LINE
  5
2CD
330
17
100
AcDbEntity
  8
M-EMP-BOND
100
AcDbLine
 10
227.0
 20
275.6
 30
0.0
 11
227.0
 21
276.0
 31
0.0
  0
TEXT
  5
2CE
330
17
100
AcDbEntity
  8
S-TEXT
100
AcDbText
 10
45.8
 20
236.0
 30
0.0
 40
1.9
  1
BV-1
  7
OpenSans
 72
2
 11
45.8
 21
236.0
 31
0.0
100
AcDbText
 73
2
  0
TEXT
  5
2CF
330
17
100
AcDbEntity
  8
S-TEXT
100
AcDbText
 10
45.8
 20
254.0
 30
0.0
 40
1.9
  1
BV-2
  7
OpenSans
 72
2
 11
45.8
 21
254.0
 31
0.0
100
AcDbText
 73
2
  0
TEXT
  5
2D0
330
17
100
AcDbEntity
  8
S-TEXT
100
AcDbText
 10
67.5
 20
225.5
 30
0.0
 40
1.75
  1
ESC1
  7
OpenSans
 72
1
 11
67.5
 21
225.5
 31
0.0
100
AcDbText
 73
2
  0
TEXT
  5
2D1
330
17
100
AcDbEntity
  8
S-TEXT
100
AcDbText
 10
246.0
 20
225.5
 30
0.0
 40
1.75
  1
ESC2
  7
OpenSans
 72
1
 11
246.0
 21
225.5
 31
0.0
100
AcDbText
 73
2
  0
TEXT
  5
2D2
330
17
100
AcDbEntity
  8
S-TEXT
100
AcDbText
 10
208.0
 20
262.1
 30
0.0
 40
1.9
  1
BV-3
  7
OpenSans
 72
1
 11
208.0
 21
262.1
 31
0.0
100
AcDbText
 73
2
  0
TEXT
  5
2D3
330
17
100
AcDbEntity
  8
S-TEXT
100
AcDbText
 10
256.0
 20
221.0
 30
0.0
 40
1.9
  1
BV-4
  7
OpenSans
 72
1
 11
256.0
 21
221.0
 31
0.0
100
AcDbText
 73
2
  0
TEXT
  5
2D4
330
17
100
AcDbEntity
  8
S-TEXT
100
AcDbText
 10
253.0
 20
264.5
 30
0.0
 40
1.9
  1
BV-5
  7
OpenSans
 72
1
 11
253.0
 21
264.5
 31
0.0
100
AcDbText
 73
2
  0
TEXT
  5
2D5
330
17
100
AcDbEntity
  8
S-TEXT
100
AcDbText
 10
213.0
 20
235.0
 30
0.0
 40
1.75
  1
VOID
  7
OpenSans
 72
1
 11
213.0
 21
235.0
 31
0.0
100
AcDbText
 73
2
  0
LINE
  5
2D6
330
17
100
AcDbEntity
  8
S-CALLOUT
100
AcDbLine
 10
107.0
 20
276.0
 30
0.0
 11
61.0
 21
284.0
 31
0.0
  0
LINE
  5
2D7
330
17
100
AcDbEntity
  8
S-CALLOUT
100
AcDbLine
 10
61.0
 20
284.0
 30
0.0
 11
63.6
 21
284.0
 31
0.0
  0
TEXT
  5
2D8
330
17
100
AcDbEntity
  8
S-TEXT
100
AcDbText
 10
64.4
 20
284.0
 30
0.0
 40
1.9
  1
EMP ZONE 1 - THE BURIED BOX, ALL EIGHT BAYS.  CAGE AT 150 IN BOTH CURTAINS;  WELDED Cu / GALVANISED EMP STRAP AT EVERY CONSTRUCTION JOINT
  7
OpenSans
 11
64.4
 21
284.0
 31
0.0
100
AcDbText
 73
2
  0
LINE
  5
2D9
330
17
100
AcDbEntity
  8
S-CALLOUT
100
AcDbLine
 10
117.2
 20
267.0
 30
0.0
 11
103.0
 21
279.2
 31
0.0
  0
LINE
  5
2DA
330
17
100
AcDbEntity
  8
S-CALLOUT
100
AcDbLine
 10
103.0
 20
279.2
 30
0.0
 11
105.6
 21
279.2
 31
0.0
  0
TEXT
  5
2DB
330
17
100
AcDbEntity
  8
S-TEXT
100
AcDbText
 10
106.39999999999999
 20
279.2
 30
0.0
 40
1.9
  1
EMP ZONE 2 - WELDED STEEL ENCLOSURE 2400 x 1600 x 2200, 80 dB STANDING ALONE
  7
OpenSans
 11
106.39999999999999
 21
279.2
 31
0.0
100
AcDbText
 73
2
  0
LINE
  5
2DC
330
17
100
AcDbEntity
  8
S-CALLOUT
100
AcDbLine
 10
164.98000000000002
 20
273.0
 30
0.0
 11
175.0
 21
208.0
 31
0.0
  0
LINE
  5
2DD
330
17
100
AcDbEntity
  8
S-CALLOUT
100
AcDbLine
 10
175.0
 20
208.0
 30
0.0
 11
172.4
 21
208.0
 31
0.0
  0
TEXT
  5
2DE
330
17
100
AcDbEntity
  8
S-TEXT
100
AcDbText
 10
171.6
 20
208.0
 30
0.0
 40
1.9
  1
SEP MCT FRAME AND EVERY CAST-IN SLEEVE WELDED TO THE REINFORCEMENT CAGE
  7
OpenSans
 72
2
 11
171.6
 21
208.0
 31
0.0
100
AcDbText
 73
2
  0
DIMENSION
  5
2DF
330
17
100
AcDbEntity
  8
S-DIM
100
AcDbDimension
280
0
  2
*D11
  3
A2-DIM-S
 10
42.5
 20
214.0
 30
0.0
 11
40.9
 21
245.0
 31
0.0
 70
32
 71
5
  1
<>
100
AcDbAlignedDimension
 13
47.0
 23
214.0
 33
0.0
 14
47.0
 24
276.0
 34
0.0
 50
90.0
100
AcDbRotatedDimension
1001
ACAD
1000
DSTYLE
1002
{
1070
144
1040
100.0
1002
}
  0
CIRCLE
  5
2EE
330
17
100
AcDbEntity
  8
S-TITLE
100
AcDbCircle
 10
47.0
 20
200.0
 30
0.0
 40
4.0
  0
TEXT
  5
2EF
330
17
100
AcDbEntity
  8
S-TITLE
100
AcDbText
 10
47.0
 20
200.0
 30
0.0
 40
3.6720000000000006
  1
2
  7
OpenSans
 72
1
 11
47.0
 21
200.0
 31
0.0
100
AcDbText
 73
2
  0
TEXT
  5
2F0
330
17
100
AcDbEntity
  8
S-TITLE
100
AcDbText
 10
55.2
 20
201.0
 30
0.0
 40
5.4
  1
EMP ZONE LAYOUT PLAN - UNDERGROUND LEVEL (-)6.100
  7
OpenSans
 11
55.2
 21
201.0
 31
0.0
100
AcDbText
  0
LINE
  5
2F1
330
17
100
AcDbEntity
  8
S-TITLE
100
AcDbLine
 10
52.6
 20
199.6
 30
0.0
 11
272.0
 21
199.6
 31
0.0
  0
TEXT
  5
2F2
330
17
100
AcDbEntity
  8
S-TEXT
100
AcDbText
 10
55.2
 20
193.4
 30
0.0
 40
3.3
  1
1 : 100   EMP ZONE IS NOT THE CLEANLINESS ZONE
  7
OpenSans
 11
55.2
 21
193.4
 31
0.0
100
AcDbText
  0
LWPOLYLINE
  5
2F3
330
17
100
AcDbEntity
  8
M-EMP-Z2
100
AcDbPolyline
 90
4
 70
1
 10
54.0
 20
110.0
 10
134.0
 20
110.0
 10
134.0
 20
163.33333333333334
 10
54.0
 20
163.33333333333334
  0
LWPOLYLINE
  5
2F4
330
17
100
AcDbEntity
  8
M-EMP-Z2
100
AcDbPolyline
 90
4
 70
1
 10
55.666666666666664
 20
111.66666666666667
 10
132.33333333333331
 20
111.66666666666667
 10
132.33333333333331
 20
161.66666666666666
 10
55.666666666666664
 20
161.66666666666666
  0
HATCH
  5
2F5
330
17
100
AcDbEntity
  8
S-HATCH
 62
7
100
AcDbHatch
 10
0.0
 20
0.0
 30
0.0
210
0.0
220
0.0
230
1.0
  2
ANSI31
 70
0
 71
0
 91
2
 92
3
 72
0
 73
1
 93
4
 10
54.0
 20
110.0
 10
134.0
 20
110.0
 10
134.0
 20
163.33333333333334
 10
54.0
 20
163.33333333333334
 97
0
 92
18
 72
0
 73
1
 93
4
 10
55.666666666666664
 20
111.66666666666667
 10
132.33333333333331
 20
111.66666666666667
 10
132.33333333333331
 20
161.66666666666666
 10
55.666666666666664
 20
161.66666666666666
 97
0
 75
1
 76
1
 52
0.0
 41
0.55
 77
0
 78
1
 53
45.0
 43
0.0
 44
0.0
 45
-1.2347852167
 46
1.2347852167
 79
0
 98
0
  0
TEXT
  5
2F6
330
17
100
AcDbEntity
  8
S-TEXT
100
AcDbText
 10
94.0
 20
138.66666666666666
 30
0.0
 40
1.75
  1
INTERNAL 2300 x 1500 x 2100
  7
OpenSans
 72
1
 11
94.0
 21
138.66666666666666
 31
0.0
100
AcDbText
 73
2
  0
TEXT
  5
2F7
330
17
100
AcDbEntity
  8
S-TEXT
100
AcDbText
 10
94.0
 20
126.0
 30
0.0
 40
1.75
  1
PANEL 50, WELDED THROUGHOUT
  7
OpenSans
 72
1
 11
94.0
 21
126.0
 31
0.0
100
AcDbText
 73
2
  0
LWPOLYLINE
  5
2F8
330
17
100
AcDbEntity
  8
M-EMP-BOND
100
AcDbPolyline
 90
4
 70
1
 10
54.0
 20
118.33333333333333
 10
55.666666666666664
 20
118.33333333333333
 10
55.666666666666664
 20
148.33333333333334
 10
54.0
 20
148.33333333333334
  0
TEXT
  5
2F9
330
17
100
AcDbEntity
  8
S-TEXT
100
AcDbText
 10
65.0
 20
133.33333333333334
 30
0.0
 40
1.75
  1
PoE-1
  7
OpenSans
 72
1
 11
65.0
 21
133.33333333333334
 31
0.0
100
AcDbText
 73
2
  0
LWPOLYLINE
  5
2FA
330
17
100
AcDbEntity
  8
M-EMP-BOND
100
AcDbPolyline
 90
4
 70
1
 10
132.33333333333331
 20
126.66666666666667
 10
134.0
 20
126.66666666666667
 10
134.0
 20
146.66666666666666
 10
132.33333333333331
 20
146.66666666666666
  0
TEXT
  5
2FB
330
17
100
AcDbEntity
  8
S-TEXT
100
AcDbText
 10
122.66666666666667
 20
136.66666666666666
 30
0.0
 40
1.75
  1
PoE-2
  7
OpenSans
 72
1
 11
122.66666666666667
 21
136.66666666666666
 31
0.0
100
AcDbText
 73
2
  0
LWPOLYLINE
  5
2FC
330
17
100
AcDbEntity
  8
M-EMP-BOND
100
AcDbPolyline
 90
4
 70
1
 10
80.33333333333333
 20
110.0
 10
87.66666666666666
 20
110.0
 10
87.66666666666666
 20
111.66666666666667
 10
80.33333333333333
 20
111.66666666666667
  0
TEXT
  5
2FD
330
17
100
AcDbEntity
  8
S-TEXT
100
AcDbText
 10
84.0
 20
119.33333333333333
 30
0.0
 40
1.75
  1
PoE-3
  7
OpenSans
 72
1
 11
84.0
 21
119.33333333333333
 31
0.0
100
AcDbText
 73
2
  0
LWPOLYLINE
  5
2FE
330
17
100
AcDbEntity
  8
M-EMP-BOND
100
AcDbPolyline
 90
4
 70
1
 10
100.33333333333334
 20
110.0
 10
107.66666666666666
 20
110.0
 10
107.66666666666666
 20
111.66666666666667
 10
100.33333333333334
 20
111.66666666666667
  0
TEXT
  5
2FF
330
17
100
AcDbEntity
  8
S-TEXT
100
AcDbText
 10
104.0
 20
119.33333333333333
 30
0.0
 40
1.75
  1
PoE-4
  7
OpenSans
 72
1
 11
104.0
 21
119.33333333333333
 31
0.0
100
AcDbText
 73
2
  0
LINE
  5
300
330
17
100
AcDbEntity
  8
S-CONCRETE
100
AcDbLine
 10
44.0
 20
96.66666666666667
 30
0.0
 11
44.0
 21
176.66666666666669
 31
0.0
  0
LINE
  5
301
330
17
100
AcDbEntity
  8
S-CONCRETE
100
AcDbLine
 10
40.0
 20
173.33333333333334
 30
0.0
 11
144.0
 21
173.33333333333334
 31
0.0
  0
HATCH
  5
302
330
17
100
AcDbEntity
  8
S-HATCH
 62
7
100
AcDbHatch
 10
0.0
 20
0.0
 30
0.0
210
0.0
220
0.0
230
1.0
  2
ANSI31
 70
0
 71
0
 91
1
 92
3
 72
0
 73
1
 93
4
 10
40.0
 20
173.33333333333334
 10
144.0
 20
173.33333333333334
 10
144.0
 20
178.66666666666669
 10
40.0
 20
178.66666666666669
 97
0
 75
1
 76
1
 52
0.0
 41
0.7
 77
0
 78
1
 53
45.0
 43
0.0
 44
0.0
 45
-1.5715448212
 46
1.5715448212
 79
0
 98
0
  0
HATCH
  5
303
330
17
100
AcDbEntity
  8
S-HATCH
 62
7
100
AcDbHatch
 10
0.0
 20
0.0
 30
0.0
210
0.0
220
0.0
230
1.0
  2
ANSI31
 70
0
 71
0
 91
1
 92
3
 72
0
 73
1
 93
4
 10
38.666666666666664
 20
96.66666666666667
 10
44.0
 20
96.66666666666667
 10
44.0
 20
178.66666666666669
 10
38.666666666666664
 20
178.66666666666669
 97
0
 75
1
 76
1
 52
0.0
 41
0.7
 77
0
 78
1
 53
45.0
 43
0.0
 44
0.0
 45
-1.5715448212
 46
1.5715448212
 79
0
 98
0
  0
TEXT
  5
304
330
17
100
AcDbEntity
  8
S-TEXT
100
AcDbText
 10
100.66666666666666
 20
175.33333333333331
 30
0.0
 40
1.75
  1
BAY 3 NORTH WALL
  7
OpenSans
 72
1
 11
100.66666666666666
 21
175.33333333333331
 31
0.0
100
AcDbText
 73
2
  0
TEXT
  5
305
330
17
100
AcDbEntity
  8
S-TEXT
100
AcDbText
 10
92.33333333333334
 20
168.33333333333334
 30
0.0
 40
1.75
  1
300 GAP
  7
OpenSans
 72
1
 11
92.33333333333334
 21
168.33333333333334
 31
0.0
100
AcDbText
 73
2
  0
TEXT
  5
306
330
17
100
AcDbEntity
  8
S-TEXT
100
AcDbText
 10
49.0
 20
141.66666666666666
 30
0.0
 40
1.75
  1
300
 50
90.0
  7
OpenSans
 72
1
 11
49.0
 21
141.66666666666666
 31
0.0
100
AcDbText
 73
2
  0
TEXT
  5
307
330
17
100
AcDbEntity
  8
S-TEXT
100
AcDbText
 10
94.0
 20
152.66666666666666
 30
0.0
 40
1.75
  1
EXTERNAL 2400 x 1600 x 2200
  7
OpenSans
 72
1
 11
94.0
 21
152.66666666666666
 31
0.0
100
AcDbText
 73
2
  0
TEXT
  5
308
330
17
100
AcDbEntity
  8
S-TEXT
100
AcDbText
 10
94.0
 20
106.5
 30
0.0
 40
1.9
  1
PLAN
  7
OpenSans
 72
1
 11
94.0
 21
106.5
 31
0.0
100
AcDbText
 73
2
  0
LWPOLYLINE
  5
309
330
17
100
AcDbEntity
  8
M-EMP-Z2
100
AcDbPolyline
 90
4
 70
1
 10
152.0
 20
110.0
 10
232.0
 20
110.0
 10
232.0
 20
183.33333333333331
 10
152.0
 20
183.33333333333331
  0
LWPOLYLINE
  5
30A
330
17
100
AcDbEntity
  8
M-EMP-Z2
100
AcDbPolyline
 90
4
 70
1
 10
153.66666666666666
 20
111.66666666666667
 10
230.33333333333331
 20
111.66666666666667
 10
230.33333333333331
 20
181.66666666666669
 10
153.66666666666666
 20
181.66666666666669
  0
HATCH
  5
30B
330
17
100
AcDbEntity
  8
S-HATCH
 62
7
100
AcDbHatch
 10
0.0
 20
0.0
 30
0.0
210
0.0
220
0.0
230
1.0
  2
ANSI31
 70
0
 71
0
 91
2
 92
3
 72
0
 73
1
 93
4
 10
152.0
 20
110.0
 10
232.0
 20
110.0
 10
232.0
 20
183.33333333333331
 10
152.0
 20
183.33333333333331
 97
0
 92
18
 72
0
 73
1
 93
4
 10
153.66666666666666
 20
111.66666666666667
 10
230.33333333333331
 20
111.66666666666667
 10
230.33333333333331
 20
181.66666666666669
 10
153.66666666666666
 20
181.66666666666669
 97
0
 75
1
 76
1
 52
0.0
 41
0.55
 77
0
 78
1
 53
45.0
 43
0.0
 44
0.0
 45
-1.2347852167
 46
1.2347852167
 79
0
 98
0
  0
LINE
  5
30C
330
17
100
AcDbEntity
  8
S-CONCRETE
100
AcDbLine
 10
138.66666666666666
 20
110.0
 30
0.0
 11
262.0
 21
110.0
 31
0.0
  0
HATCH
  5
30D
330
17
100
AcDbEntity
  8
S-HATCH
 62
7
100
AcDbHatch
 10
0.0
 20
0.0
 30
0.0
210
0.0
220
0.0
230
1.0
  2
ANSI31
 70
0
 71
0
 91
1
 92
3
 72
0
 73
1
 93
4
 10
138.66666666666666
 20
110.0
 10
262.0
 20
110.0
 10
262.0
 20
102.66666666666667
 10
138.66666666666666
 20
102.66666666666667
 97
0
 75
1
 76
1
 52
0.0
 41
0.7
 77
0
 78
1
 53
45.0
 43
0.0
 44
0.0
 45
-1.5715448212
 46
1.5715448212
 79
0
 98
0
  0
INSERT
  5
30E
330
17
100
AcDbEntity
  8
S-LEVEL
100
AcDbBlockReference
  2
A2-LEVEL
 10
262.0
 20
110.0
 30
0.0
  0
TEXT
  5
310
330
17
100
AcDbEntity
  8
S-LEVEL
100
AcDbText
 10
264.6
 20
112.6
 30
0.0
 40
1.8
  1
(-)6.100
  7
OpenSans
 11
264.6
 21
112.6
 31
0.0
100
AcDbText
 73
2
  0
LWPOLYLINE
  5
311
330
17
100
AcDbEntity
  8
M-EMP-BOND
100
AcDbPolyline
 90
4
 70
1
 10
152.0
 20
116.66666666666667
 10
153.66666666666666
 20
116.66666666666667
 10
153.66666666666666
 20
176.66666666666669
 10
152.0
 20
176.66666666666669
  0
TEXT
  5
312
330
17
100
AcDbEntity
  8
S-TEXT
100
AcDbText
 10
164.0
 20
146.66666666666666
 30
0.0
 40
1.75
  1
PoE-1
  7
OpenSans
 72
1
 11
164.0
 21
146.66666666666666
 31
0.0
100
AcDbText
 73
2
  0
LWPOLYLINE
  5
313
330
17
100
AcDbEntity
  8
M-EMP-BOND
100
AcDbPolyline
 90
4
 70
1
 10
230.33333333333331
 20
153.33333333333334
 10
232.0
 20
153.33333333333334
 10
232.0
 20
173.33333333333334
 10
230.33333333333331
 20
173.33333333333334
  0
LINE
  5
314
330
17
100
AcDbEntity
  8
M-EMP-BOND
100
AcDbLine
 10
230.33333333333331
 20
153.33333333333334
 30
0.0
 11
232.0
 21
153.33333333333334
 31
0.0
  0
LINE
  5
315
330
17
100
AcDbEntity
  8
M-EMP-BOND
100
AcDbLine
 10
230.33333333333331
 20
160.0
 30
0.0
 11
232.0
 21
160.0
 31
0.0
  0
LINE
  5
316
330
17
100
AcDbEntity
  8
M-EMP-BOND
100
AcDbLine
 10
230.33333333333331
 20
166.66666666666666
 30
0.0
 11
232.0
 21
166.66666666666666
 31
0.0
  0
LINE
  5
317
330
17
100
AcDbEntity
  8
M-EMP-BOND
100
AcDbLine
 10
230.33333333333331
 20
173.33333333333334
 30
0.0
 11
232.0
 21
173.33333333333334
 31
0.0
  0
TEXT
  5
318
330
17
100
AcDbEntity
  8
S-TEXT
100
AcDbText
 10
216.0
 20
163.33333333333334
 30
0.0
 40
1.75
  1
PoE-2  6 CELL
  7
OpenSans
 72
1
 11
216.0
 21
163.33333333333334
 31
0.0
100
AcDbText
 73
2
  0
LWPOLYLINE
  5
319
330
17
100
AcDbEntity
  8
M-EMP-BOND
100
AcDbPolyline
 90
3
 70
0
 10
188.66666666666666
 20
110.0
 10
188.66666666666666
 20
96.0
 10
212.0
 20
96.0
  0
TEXT
  5
31A
330
17
100
AcDbEntity
  8
S-TEXT
100
AcDbText
 10
215.33333333333334
 20
96.0
 30
0.0
 40
1.75
  1
PoE-5  SINGLE-POINT BOND TO THE CAGE
  7
OpenSans
 11
215.33333333333334
 21
96.0
 31
0.0
100
AcDbText
 73
2
  0
DIMENSION
  5
31B
330
17
100
AcDbEntity
  8
S-DIM
100
AcDbDimension
280
0
  2
*D12
  3
A2-DIM-S
 10
255.33333333333331
 20
110.0
 30
0.0
 11
253.73333333333332
 21
146.66666666666666
 31
0.0
 70
32
 71
5
  1
<>
100
AcDbAlignedDimension
 13
232.0
 23
110.0
 33
0.0
 14
232.0
 24
183.33333333333331
 34
0.0
 50
90.0
100
AcDbRotatedDimension
1001
ACAD
1000
DSTYLE
1002
{
1070
144
1040
30.0
1002
}
  0
TEXT
  5
32A
330
17
100
AcDbEntity
  8
S-TEXT
100
AcDbText
 10
192.0
 20
106.5
 30
0.0
 40
1.9
  1
SECTION
  7
OpenSans
 72
1
 11
192.0
 21
106.5
 31
0.0
100
AcDbText
 73
2
  0
CIRCLE
  5
32B
330
17
100
AcDbEntity
  8
S-TITLE
100
AcDbCircle
 10
47.0
 20
98.0
 30
0.0
 40
4.0
  0
TEXT
  5
32C
330
17
100
AcDbEntity
  8
S-TITLE
100
AcDbText
 10
47.0
 20
98.0
 30
0.0
 40
3.6720000000000006
  1
3
  7
OpenSans
 72
1
 11
47.0
 21
98.0
 31
0.0
100
AcDbText
 73
2
  0
TEXT
  5
32D
330
17
100
AcDbEntity
  8
S-TITLE
100
AcDbText
 10
55.2
 20
99.0
 30
0.0
 40
5.4
  1
EMP ZONE 2 ENCLOSURE - PLAN AND SECTION
  7
OpenSans
 11
55.2
 21
99.0
 31
0.0
100
AcDbText
  0
LINE
  5
32E
330
17
100
AcDbEntity
  8
S-TITLE
100
AcDbLine
 10
52.6
 20
97.6
 30
0.0
 11
272.0
 21
97.6
 31
0.0
  0
TEXT
  5
32F
330
17
100
AcDbEntity
  8
S-TEXT
100
AcDbText
 10
55.2
 20
91.4
 30
0.0
 40
3.3
  1
1 : 30   PANEL 50 WELDED THROUGHOUT
  7
OpenSans
 11
55.2
 21
91.4
 31
0.0
100
AcDbText
  0
LWPOLYLINE
  5
330
330
17
100
AcDbEntity
  8
M-EQUIP
100
AcDbPolyline
 90
4
 70
1
 10
58.0
 20
67.0
 10
81.2
 20
67.0
 10
81.2
 20
76.6
 10
58.0
 20
76.6
  0
TEXT
  5
331
330
17
100
AcDbEntity
  8
S-TEXT
100
AcDbText
 10
69.6
 20
73.39999999999999
 30
0.0
 40
1.75
  1
WEATHER
  7
OpenSans
 72
1
 11
69.6
 21
73.39999999999999
 31
0.0
100
AcDbText
 73
2
  0
TEXT
  5
332
330
17
100
AcDbEntity
  8
S-TEXT
100
AcDbText
 10
69.6
 20
69.4
 30
0.0
 40
1.75
  1
LOUVRE
  7
OpenSans
 72
1
 11
69.6
 21
69.4
 31
0.0
100
AcDbText
 73
2
  0
LWPOLYLINE
  5
333
330
17
100
AcDbEntity
  8
M-EQUIP
100
AcDbPolyline
 90
4
 70
1
 10
84.8
 20
67.0
 10
108.0
 20
67.0
 10
108.0
 20
76.6
 10
84.8
 20
76.6
  0
TEXT
  5
334
330
17
100
AcDbEntity
  8
S-TEXT
100
AcDbText
 10
96.39999999999999
 20
73.39999999999999
 30
0.0
 40
1.75
  1
BLAST
  7
OpenSans
 72
1
 11
96.39999999999999
 21
73.39999999999999
 31
0.0
100
AcDbText
 73
2
  0
TEXT
  5
335
330
17
100
AcDbEntity
  8
S-TEXT
100
AcDbText
 10
96.39999999999999
 20
69.4
 30
0.0
 40
1.75
  1
VALVE
  7
OpenSans
 72
1
 11
96.39999999999999
 21
69.4
 31
0.0
100
AcDbText
 73
2
  0
LINE
  5
336
330
17
100
AcDbEntity
  8
M-DUCT-SUPPLY
100
AcDbLine
 10
81.2
 20
71.8
 30
0.0
 11
84.8
 21
71.8
 31
0.0
  0
LWPOLYLINE
  5
337
330
17
100
AcDbEntity
  8
M-EQUIP
100
AcDbPolyline
 90
4
 70
1
 10
111.6
 20
67.0
 10
134.79999999999998
 20
67.0
 10
134.79999999999998
 20
76.6
 10
111.6
 20
76.6
  0
TEXT
  5
338
330
17
100
AcDbEntity
  8
S-TEXT
100
AcDbText
 10
123.19999999999999
 20
73.39999999999999
 30
0.0
 40
1.75
  1
GAS-TIGHT
  7
OpenSans
 72
1
 11
123.19999999999999
 21
73.39999999999999
 31
0.0
100
AcDbText
 73
2
  0
TEXT
  5
339
330
17
100
AcDbEntity
  8
S-TEXT
100
AcDbText
 10
123.19999999999999
 20
69.4
 30
0.0
 40
1.75
  1
DAMPER
  7
OpenSans
 72
1
 11
123.19999999999999
 21
69.4
 31
0.0
100
AcDbText
 73
2
  0
LINE
  5
33A
330
17
100
AcDbEntity
  8
M-DUCT-SUPPLY
100
AcDbLine
 10
108.0
 20
71.8
 30
0.0
 11
111.6
 21
71.8
 31
0.0
  0
LWPOLYLINE
  5
33B
330
17
100
AcDbEntity
  8
M-EQUIP
100
AcDbPolyline
 90
4
 70
1
 10
138.4
 20
67.0
 10
161.6
 20
67.0
 10
161.6
 20
76.6
 10
138.4
 20
76.6
  0
TEXT
  5
33C
330
17
100
AcDbEntity
  8
S-TEXT
100
AcDbText
 10
150.0
 20
73.39999999999999
 30
0.0
 40
1.75
  1
G4 / F7
  7
OpenSans
 72
1
 11
150.0
 21
73.39999999999999
 31
0.0
100
AcDbText
 73
2
  0
TEXT
  5
33D
330
17
100
AcDbEntity
  8
S-TEXT
100
AcDbText
 10
150.0
 20
69.4
 30
0.0
 40
1.75
  1
PRE-FILTER
  7
OpenSans
 72
1
 11
150.0
 21
69.4
 31
0.0
100
AcDbText
 73
2
  0
LINE
  5
33E
330
17
100
AcDbEntity
  8
M-DUCT-SUPPLY
100
AcDbLine
 10
134.8
 20
71.8
 30
0.0
 11
138.4
 21
71.8
 31
0.0
  0
LWPOLYLINE
  5
33F
330
17
100
AcDbEntity
  8
M-EQUIP
100
AcDbPolyline
 90
4
 70
1
 10
165.2
 20
67.0
 10
188.39999999999998
 20
67.0
 10
188.39999999999998
 20
76.6
 10
165.2
 20
76.6
  0
TEXT
  5
340
330
17
100
AcDbEntity
  8
S-TEXT
100
AcDbText
 10
176.79999999999998
 20
73.39999999999999
 30
0.0
 40
1.75
  1
H14
  7
OpenSans
 72
1
 11
176.79999999999998
 21
73.39999999999999
 31
0.0
100
AcDbText
 73
2
  0
TEXT
  5
341
330
17
100
AcDbEntity
  8
S-TEXT
100
AcDbText
 10
176.79999999999998
 20
69.4
 30
0.0
 40
1.75
  1
HEPA
  7
OpenSans
 72
1
 11
176.79999999999998
 21
69.4
 31
0.0
100
AcDbText
 73
2
  0
LINE
  5
342
330
17
100
AcDbEntity
  8
M-DUCT-SUPPLY
100
AcDbLine
 10
161.6
 20
71.8
 30
0.0
 11
165.2
 21
71.8
 31
0.0
  0
LWPOLYLINE
  5
343
330
17
100
AcDbEntity
  8
M-EQUIP
100
AcDbPolyline
 90
4
 70
1
 10
192.0
 20
67.0
 10
215.2
 20
67.0
 10
215.2
 20
76.6
 10
192.0
 20
76.6
  0
TEXT
  5
344
330
17
100
AcDbEntity
  8
S-TEXT
100
AcDbText
 10
203.6
 20
73.39999999999999
 30
0.0
 40
1.75
  1
ASZM-TEDA
  7
OpenSans
 72
1
 11
203.6
 21
73.39999999999999
 31
0.0
100
AcDbText
 73
2
  0
TEXT
  5
345
330
17
100
AcDbEntity
  8
S-TEXT
100
AcDbText
 10
203.6
 20
69.4
 30
0.0
 40
1.75
  1
CARBON
  7
OpenSans
 72
1
 11
203.6
 21
69.4
 31
0.0
100
AcDbText
 73
2
  0
LINE
  5
346
330
17
100
AcDbEntity
  8
M-DUCT-SUPPLY
100
AcDbLine
 10
188.4
 20
71.8
 30
0.0
 11
192.0
 21
71.8
 31
0.0
  0
LWPOLYLINE
  5
347
330
17
100
AcDbEntity
  8
M-EQUIP
100
AcDbPolyline
 90
4
 70
1
 10
218.8
 20
67.0
 10
242.0
 20
67.0
 10
242.0
 20
76.6
 10
218.8
 20
76.6
  0
TEXT
  5
348
330
17
100
AcDbEntity
  8
S-TEXT
100
AcDbText
 10
230.4
 20
73.39999999999999
 30
0.0
 40
1.75
  1
FAN +
  7
OpenSans
 72
1
 11
230.4
 21
73.39999999999999
 31
0.0
100
AcDbText
 73
2
  0
TEXT
  5
349
330
17
100
AcDbEntity
  8
S-TEXT
100
AcDbText
 10
230.4
 20
69.4
 30
0.0
 40
1.75
  1
HAND CRANK
  7
OpenSans
 72
1
 11
230.4
 21
69.4
 31
0.0
100
AcDbText
 73
2
  0
LINE
  5
34A
330
17
100
AcDbEntity
  8
M-DUCT-SUPPLY
100
AcDbLine
 10
215.20000000000002
 20
71.8
 30
0.0
 11
218.8
 21
71.8
 31
0.0
  0
LWPOLYLINE
  5
34B
330
17
100
AcDbEntity
  8
M-EQUIP
100
AcDbPolyline
 90
4
 70
1
 10
245.6
 20
67.0
 10
268.8
 20
67.0
 10
268.8
 20
76.6
 10
245.6
 20
76.6
  0
TEXT
  5
34C
330
17
100
AcDbEntity
  8
S-TEXT
100
AcDbText
 10
257.2
 20
73.39999999999999
 30
0.0
 40
1.75
  1
PLENUM
  7
OpenSans
 72
1
 11
257.2
 21
73.39999999999999
 31
0.0
100
AcDbText
 73
2
  0
TEXT
  5
34D
330
17
100
AcDbEntity
  8
S-TEXT
100
AcDbText
 10
257.2
 20
69.4
 30
0.0
 40
1.75
  1
+50 .. +100 Pa
  7
OpenSans
 72
1
 11
257.2
 21
69.4
 31
0.0
100
AcDbText
 73
2
  0
LINE
  5
34E
330
17
100
AcDbEntity
  8
M-DUCT-SUPPLY
100
AcDbLine
 10
242.0
 20
71.8
 30
0.0
 11
245.6
 21
71.8
 31
0.0
  0
LINE
  5
34F
330
17
100
AcDbEntity
  8
M-DUCT-RAW
100
AcDbLine
 10
50.0
 20
71.8
 30
0.0
 11
58.0
 21
71.8
 31
0.0
  0
TEXT
  5
350
330
17
100
AcDbEntity
  8
S-TEXT
100
AcDbText
 10
49.6
 20
71.8
 30
0.0
 40
1.75
  1
SH-1
  7
OpenSans
 72
2
 11
49.6
 21
71.8
 31
0.0
100
AcDbText
 73
2
  0
LWPOLYLINE
  5
351
330
17
100
AcDbEntity
  8
M-EQUIP
100
AcDbPolyline
 90
4
 70
1
 10
58.0
 20
52.0
 10
97.27999999999999
 20
52.0
 10
97.27999999999999
 20
61.6
 10
58.0
 20
61.6
  0
TEXT
  5
352
330
17
100
AcDbEntity
  8
S-TEXT
100
AcDbText
 10
77.63999999999999
 20
58.4
 30
0.0
 40
1.75
  1
U-01 .. U-05 CLEAN ZONE
  7
OpenSans
 72
1
 11
77.63999999999999
 21
58.4
 31
0.0
100
AcDbText
 73
2
  0
TEXT
  5
353
330
17
100
AcDbEntity
  8
S-TEXT
100
AcDbText
 10
77.63999999999999
 20
54.4
 30
0.0
 40
1.75
  1
+50 TO +100 Pa
  7
OpenSans
 72
1
 11
77.63999999999999
 21
54.4
 31
0.0
100
AcDbText
 73
2
  0
LWPOLYLINE
  5
354
330
17
100
AcDbEntity
  8
M-EQUIP
100
AcDbPolyline
 90
4
 70
1
 10
100.88
 20
52.0
 10
140.15999999999997
 20
52.0
 10
140.15999999999997
 20
61.6
 10
100.88
 20
61.6
  0
TEXT
  5
355
330
17
100
AcDbEntity
  8
S-TEXT
100
AcDbText
 10
120.51999999999998
 20
58.4
 30
0.0
 40
1.75
  1
AIRLOCK STAGE 1
  7
OpenSans
 72
1
 11
120.51999999999998
 21
58.4
 31
0.0
100
AcDbText
 73
2
  0
TEXT
  5
356
330
17
100
AcDbEntity
  8
S-TEXT
100
AcDbText
 10
120.51999999999998
 20
54.4
 30
0.0
 40
1.75
  1
+35 Pa
  7
OpenSans
 72
1
 11
120.51999999999998
 21
54.4
 31
0.0
100
AcDbText
 73
2
  0
LINE
  5
357
330
17
100
AcDbEntity
  8
M-DUCT-EXTRACT
100
AcDbLine
 10
97.28
 20
56.8
 30
0.0
 11
100.88
 21
56.8
 31
0.0
  0
LWPOLYLINE
  5
358
330
17
100
AcDbEntity
  8
M-EQUIP
100
AcDbPolyline
 90
4
 70
1
 10
143.76
 20
52.0
 10
183.03999999999996
 20
52.0
 10
183.03999999999996
 20
61.6
 10
143.76
 20
61.6
  0
TEXT
  5
359
330
17
100
AcDbEntity
  8
S-TEXT
100
AcDbText
 10
163.39999999999998
 20
58.4
 30
0.0
 40
1.75
  1
AIRLOCK STAGE 2
  7
OpenSans
 72
1
 11
163.39999999999998
 21
58.4
 31
0.0
100
AcDbText
 73
2
  0
TEXT
  5
35A
330
17
100
AcDbEntity
  8
S-TEXT
100
AcDbText
 10
163.39999999999998
 20
54.4
 30
0.0
 40
1.75
  1
+20 Pa
  7
OpenSans
 72
1
 11
163.39999999999998
 21
54.4
 31
0.0
100
AcDbText
 73
2
  0
LINE
  5
35B
330
17
100
AcDbEntity
  8
M-DUCT-EXTRACT
100
AcDbLine
 10
140.16
 20
56.8
 30
0.0
 11
143.76
 21
56.8
 31
0.0
  0
LWPOLYLINE
  5
35C
330
17
100
AcDbEntity
  8
M-EQUIP
100
AcDbPolyline
 90
4
 70
1
 10
186.63999999999996
 20
52.0
 10
225.91999999999996
 20
52.0
 10
225.91999999999996
 20
61.6
 10
186.63999999999996
 20
61.6
  0
TEXT
  5
35D
330
17
100
AcDbEntity
  8
S-TEXT
100
AcDbText
 10
206.27999999999994
 20
58.4
 30
0.0
 40
1.75
  1
AIRLOCK STAGE 3
  7
OpenSans
 72
1
 11
206.27999999999994
 21
58.4
 31
0.0
100
AcDbText
 73
2
  0
TEXT
  5
35E
330
17
100
AcDbEntity
  8
S-TEXT
100
AcDbText
 10
206.27999999999994
 20
54.4
 30
0.0
 40
1.75
  1
+10 Pa
  7
OpenSans
 72
1
 11
206.27999999999994
 21
54.4
 31
0.0
100
AcDbText
 73
2
  0
LINE
  5
35F
330
17
100
AcDbEntity
  8
M-DUCT-EXTRACT
100
AcDbLine
 10
183.03999999999996
 20
56.8
 30
0.0
 11
186.63999999999996
 21
56.8
 31
0.0
  0
LWPOLYLINE
  5
360
330
17
100
AcDbEntity
  8
M-EQUIP
100
AcDbPolyline
 90
4
 70
1
 10
229.51999999999995
 20
52.0
 10
268.79999999999995
 20
52.0
 10
268.79999999999995
 20
61.6
 10
229.51999999999995
 20
61.6
  0
TEXT
  5
361
330
17
100
AcDbEntity
  8
S-TEXT
100
AcDbText
 10
249.15999999999994
 20
58.4
 30
0.0
 40
1.75
  1
BV-3 / OPRV-1
  7
OpenSans
 72
1
 11
249.15999999999994
 21
58.4
 31
0.0
100
AcDbText
 73
2
  0
TEXT
  5
362
330
17
100
AcDbEntity
  8
S-TEXT
100
AcDbText
 10
249.15999999999994
 20
54.4
 30
0.0
 40
1.75
  1
TO BAY 7
  7
OpenSans
 72
1
 11
249.15999999999994
 21
54.4
 31
0.0
100
AcDbText
 73
2
  0
LINE
  5
363
330
17
100
AcDbEntity
  8
M-DUCT-EXTRACT
100
AcDbLine
 10
225.91999999999996
 20
56.8
 30
0.0
 11
229.51999999999995
 21
56.8
 31
0.0
  0
LWPOLYLINE
  5
364
330
17
100
AcDbEntity
  8
M-DUCT-SUPPLY
100
AcDbPolyline
 90
5
 70
0
 10
268.79999999999995
 20
71.8
 10
271.99999999999994
 20
71.8
 10
271.99999999999994
 20
64.0
 10
77.63999999999999
 20
64.0
 10
77.63999999999999
 20
61.6
  0
CIRCLE
  5
365
330
17
100
AcDbEntity
  8
S-TITLE
100
AcDbCircle
 10
47.0
 20
42.0
 30
0.0
 40
4.0
  0
TEXT
  5
366
330
17
100
AcDbEntity
  8
S-TITLE
100
AcDbText
 10
47.0
 20
42.0
 30
0.0
 40
3.6720000000000006
  1
4
  7
OpenSans
 72
1
 11
47.0
 21
42.0
 31
0.0
100
AcDbText
 73
2
  0
TEXT
  5
367
330
17
100
AcDbEntity
  8
S-TITLE
100
AcDbText
 10
55.2
 20
43.0
 30
0.0
 40
4.547634033944027
  1
PROTECTIVE VENTILATION SCHEMATIC - FILTER TRAIN AND CASCADE
  7
OpenSans
 11
55.2
 21
43.0
 31
0.0
100
AcDbText
  0
LINE
  5
368
330
17
100
AcDbEntity
  8
S-TITLE
100
AcDbLine
 10
52.6
 20
41.6
 30
0.0
 11
272.0
 21
41.6
 31
0.0
  0
TEXT
  5
369
330
17
100
AcDbEntity
  8
S-TEXT
100
AcDbText
 10
55.2
 20
35.4
 30
0.0
 40
2.458639888796895
  1
SCHEMATIC ONLY   ONE TRAIN CARRIES THE WHOLE DUTY;  THE PLENUM OVERPRESSURE SETS THE DIRECTION OF EVERY LEAK
  7
OpenSans
 11
55.2
 21
35.4
 31
0.0
100
AcDbText
  0
LWPOLYLINE
  5
36A
330
17
100
AcDbEntity
  8
S-TABLE
100
AcDbPolyline
 90
4
 70
1
 10
282.0
 20
376.59999999999997
 10
460.0
 20
376.59999999999997
 10
460.0
 20
383.0
 10
282.0
 20
383.0
  0
TEXT
  5
36B
330
17
100
AcDbEntity
  8
S-TABLE
100
AcDbText
 10
371.0
 20
379.8
 30
0.0
 40
3.8
  1
HVAC EQUIPMENT SCHEDULE
  7
OpenSans
 72
1
 11
371.0
 21
379.8
 31
0.0
100
AcDbText
 73
2
  0
LWPOLYLINE
  5
36C
330
17
100
AcDbEntity
  8
S-TABLE
100
AcDbPolyline
 90
4
 70
1
 10
282.0
 20
370.3978723404256
 10
460.0
 20
370.3978723404256
 10
460.0
 20
376.6
 10
282.0
 20
376.6
  0
TEXT
  5
36D
330
17
100
AcDbEntity
  8
S-TABLE
100
AcDbText
 10
286.83069042062726
 20
373.4989361702128
 30
0.0
 40
1.88
  1
TAG
  7
OpenSans
 72
1
 11
286.83069042062726
 21
373.4989361702128
 31
0.0
100
AcDbText
 73
2
  0
LINE
  5
36E
330
17
100
AcDbEntity
  8
S-TABLE
100
AcDbLine
 10
291.66138084125447
 20
370.3978723404256
 30
0.0
 11
291.66138084125447
 21
376.6
 31
0.0
  0
TEXT
  5
36F
330
17
100
AcDbEntity
  8
S-TABLE
100
AcDbText
 10
309.3189997533534
 20
373.4989361702128
 30
0.0
 40
1.88
  1
ITEM
  7
OpenSans
 72
1
 11
309.3189997533534
 21
373.4989361702128
 31
0.0
100
AcDbText
 73
2
  0
LINE
  5
370
330
17
100
AcDbEntity
  8
S-TABLE
100
AcDbLine
 10
326.9766186654524
 20
370.3978723404256
 30
0.0
 11
326.9766186654524
 21
376.6
 31
0.0
  0
TEXT
  5
371
330
17
100
AcDbEntity
  8
S-TABLE
100
AcDbText
 10
334.78181076517353
 20
373.4989361702128
 30
0.0
 40
1.88
  1
DUTY
  7
OpenSans
 72
1
 11
334.78181076517353
 21
373.4989361702128
 31
0.0
100
AcDbText
 73
2
  0
LINE
  5
372
330
17
100
AcDbEntity
  8
S-TABLE
100
AcDbLine
 10
342.5870028648946
 20
370.3978723404256
 30
0.0
 11
342.5870028648946
 21
376.6
 31
0.0
  0
TEXT
  5
373
330
17
100
AcDbEntity
  8
S-TABLE
100
AcDbText
 10
354.67223936099566
 20
373.4989361702128
 30
0.0
 40
1.88
  1
POSITION
  7
OpenSans
 72
1
 11
354.67223936099566
 21
373.4989361702128
 31
0.0
100
AcDbText
 73
2
  0
LINE
  5
374
330
17
100
AcDbEntity
  8
S-TABLE
100
AcDbLine
 10
366.7574758570968
 20
370.3978723404256
 30
0.0
 11
366.7574758570968
 21
376.6
 31
0.0
  0
TEXT
  5
375
330
17
100
AcDbEntity
  8
S-TABLE
100
AcDbText
 10
413.3787379285484
 20
373.4989361702128
 30
0.0
 40
1.88
  1
NOTES
  7
OpenSans
 72
1
 11
413.3787379285484
 21
373.4989361702128
 31
0.0
100
AcDbText
 73
2
  0
LWPOLYLINE
  5
376
330
17
100
AcDbEntity
  8
S-TABLE
100
AcDbPolyline
 90
4
 70
1
 10
282.0
 20
364.19574468085113
 10
460.0
 20
364.19574468085113
 10
460.0
 20
370.3978723404256
 10
282.0
 20
370.3978723404256
  0
TEXT
  5
377
330
17
100
AcDbEntity
  8
S-TABLE
100
AcDbText
 10
286.83069042062726
 20
367.29680851063836
 30
0.0
 40
1.7
  1
AHU-1
  7
OpenSans
 72
1
 11
286.83069042062726
 21
367.29680851063836
 31
0.0
100
AcDbText
 73
2
  0
LINE
  5
378
330
17
100
AcDbEntity
  8
S-TABLE
100
AcDbLine
 10
291.66138084125447
 20
364.19574468085113
 30
0.0
 11
291.66138084125447
 21
370.3978723404256
 31
0.0
  0
TEXT
  5
379
330
17
100
AcDbEntity
  8
S-TABLE
100
AcDbText
 10
293.06138084125445
 20
367.29680851063836
 30
0.0
 40
1.7
  1
NBC FILTER TRAIN 1
  7
OpenSans
 11
293.06138084125445
 21
367.29680851063836
 31
0.0
100
AcDbText
 73
2
  0
LINE
  5
37A
330
17
100
AcDbEntity
  8
S-TABLE
100
AcDbLine
 10
326.9766186654524
 20
364.19574468085113
 30
0.0
 11
326.9766186654524
 21
370.3978723404256
 31
0.0
  0
TEXT
  5
37B
330
17
100
AcDbEntity
  8
S-TABLE
100
AcDbText
 10
334.78181076517353
 20
367.29680851063836
 30
0.0
 40
1.7
  1
300 m3/h
  7
OpenSans
 72
1
 11
334.78181076517353
 21
367.29680851063836
 31
0.0
100
AcDbText
 73
2
  0
LINE
  5
37C
330
17
100
AcDbEntity
  8
S-TABLE
100
AcDbLine
 10
342.5870028648946
 20
364.19574468085113
 30
0.0
 11
342.5870028648946
 21
370.3978723404256
 31
0.0
  0
TEXT
  5
37D
330
17
100
AcDbEntity
  8
S-TABLE
100
AcDbText
 10
343.9870028648946
 20
367.29680851063836
 30
0.0
 40
1.7
  1
BAY 5
  7
OpenSans
 11
343.9870028648946
 21
367.29680851063836
 31
0.0
100
AcDbText
 73
2
  0
LINE
  5
37E
330
17
100
AcDbEntity
  8
S-TABLE
100
AcDbLine
 10
366.7574758570968
 20
364.19574468085113
 30
0.0
 11
366.7574758570968
 21
370.3978723404256
 31
0.0
  0
TEXT
  5
37F
330
17
100
AcDbEntity
  8
S-TABLE
100
AcDbText
 10
368.15747585709676
 20
367.29680851063836
 30
0.0
 40
1.7
  1
LOUVRE + BLAST VALVE + G4/F7 + H14 HEPA + ASZM-TEDA CARBON + FAN
  7
OpenSans
 11
368.15747585709676
 21
367.29680851063836
 31
0.0
100
AcDbText
 73
2
  0
LWPOLYLINE
  5
380
330
17
100
AcDbEntity
  8
S-TABLE
100
AcDbPolyline
 90
4
 70
1
 10
282.0
 20
357.9936170212767
 10
460.0
 20
357.9936170212767
 10
460.0
 20
364.19574468085113
 10
282.0
 20
364.19574468085113
  0
TEXT
  5
381
330
17
100
AcDbEntity
  8
S-TABLE
100
AcDbText
 10
286.83069042062726
 20
361.0946808510639
 30
0.0
 40
1.7
  1
AHU-2
  7
OpenSans
 72
1
 11
286.83069042062726
 21
361.0946808510639
 31
0.0
100
AcDbText
 73
2
  0
LINE
  5
382
330
17
100
AcDbEntity
  8
S-TABLE
100
AcDbLine
 10
291.66138084125447
 20
357.9936170212767
 30
0.0
 11
291.66138084125447
 21
364.19574468085113
 31
0.0
  0
TEXT
  5
383
330
17
100
AcDbEntity
  8
S-TABLE
100
AcDbText
 10
293.06138084125445
 20
361.0946808510639
 30
0.0
 40
1.7
  1
NBC FILTER TRAIN 2
  7
OpenSans
 11
293.06138084125445
 21
361.0946808510639
 31
0.0
100
AcDbText
 73
2
  0
LINE
  5
384
330
17
100
AcDbEntity
  8
S-TABLE
100
AcDbLine
 10
326.9766186654524
 20
357.9936170212767
 30
0.0
 11
326.9766186654524
 21
364.19574468085113
 31
0.0
  0
TEXT
  5
385
330
17
100
AcDbEntity
  8
S-TABLE
100
AcDbText
 10
334.78181076517353
 20
361.0946808510639
 30
0.0
 40
1.7
  1
300 m3/h
  7
OpenSans
 72
1
 11
334.78181076517353
 21
361.0946808510639
 31
0.0
100
AcDbText
 73
2
  0
LINE
  5
386
330
17
100
AcDbEntity
  8
S-TABLE
100
AcDbLine
 10
342.5870028648946
 20
357.9936170212767
 30
0.0
 11
342.5870028648946
 21
364.19574468085113
 31
0.0
  0
TEXT
  5
387
330
17
100
AcDbEntity
  8
S-TABLE
100
AcDbText
 10
343.9870028648946
 20
361.0946808510639
 30
0.0
 40
1.7
  1
BAY 5
  7
OpenSans
 11
343.9870028648946
 21
361.0946808510639
 31
0.0
100
AcDbText
 73
2
  0
LINE
  5
388
330
17
100
AcDbEntity
  8
S-TABLE
100
AcDbLine
 10
366.7574758570968
 20
357.9936170212767
 30
0.0
 11
366.7574758570968
 21
364.19574468085113
 31
0.0
  0
TEXT
  5
389
330
17
100
AcDbEntity
  8
S-TABLE
100
AcDbText
 10
368.15747585709676
 20
361.0946808510639
 30
0.0
 40
1.7
  1
IDENTICAL TO AHU-1, STANDBY. EITHER TRAIN CARRIES THE WHOLE DUTY
  7
OpenSans
 11
368.15747585709676
 21
361.0946808510639
 31
0.0
100
AcDbText
 73
2
  0
LWPOLYLINE
  5
38A
330
17
100
AcDbEntity
  8
S-TABLE
100
AcDbPolyline
 90
4
 70
1
 10
282.0
 20
351.79148936170225
 10
460.0
 20
351.79148936170225
 10
460.0
 20
357.9936170212767
 10
282.0
 20
357.9936170212767
  0
TEXT
  5
38B
330
17
100
AcDbEntity
  8
S-TABLE
100
AcDbText
 10
286.83069042062726
 20
354.89255319148947
 30
0.0
 40
1.7
  1
FAN-1
  7
OpenSans
 72
1
 11
286.83069042062726
 21
354.89255319148947
 31
0.0
100
AcDbText
 73
2
  0
LINE
  5
38C
330
17
100
AcDbEntity
  8
S-TABLE
100
AcDbLine
 10
291.66138084125447
 20
351.79148936170225
 30
0.0
 11
291.66138084125447
 21
357.9936170212767
 31
0.0
  0
TEXT
  5
38D
330
17
100
AcDbEntity
  8
S-TABLE
100
AcDbText
 10
293.06138084125445
 20
354.89255319148947
 30
0.0
 40
1.7
  1
SUPPLY FAN, TRAIN 1
  7
OpenSans
 11
293.06138084125445
 21
354.89255319148947
 31
0.0
100
AcDbText
 73
2
  0
LINE
  5
38E
330
17
100
AcDbEntity
  8
S-TABLE
100
AcDbLine
 10
326.9766186654524
 20
351.79148936170225
 30
0.0
 11
326.9766186654524
 21
357.9936170212767
 31
0.0
  0
TEXT
  5
38F
330
17
100
AcDbEntity
  8
S-TABLE
100
AcDbText
 10
334.78181076517353
 20
354.89255319148947
 30
0.0
 40
1.7
  1
300 m3/h
  7
OpenSans
 72
1
 11
334.78181076517353
 21
354.89255319148947
 31
0.0
100
AcDbText
 73
2
  0
LINE
  5
390
330
17
100
AcDbEntity
  8
S-TABLE
100
AcDbLine
 10
342.5870028648946
 20
351.79148936170225
 30
0.0
 11
342.5870028648946
 21
357.9936170212767
 31
0.0
  0
TEXT
  5
391
330
17
100
AcDbEntity
  8
S-TABLE
100
AcDbText
 10
343.9870028648946
 20
354.89255319148947
 30
0.0
 40
1.7
  1
WITHIN AHU-1
  7
OpenSans
 11
343.9870028648946
 21
354.89255319148947
 31
0.0
100
AcDbText
 73
2
  0
LINE
  5
392
330
17
100
AcDbEntity
  8
S-TABLE
100
AcDbLine
 10
366.7574758570968
 20
351.79148936170225
 30
0.0
 11
366.7574758570968
 21
357.9936170212767
 31
0.0
  0
TEXT
  5
393
330
17
100
AcDbEntity
  8
S-TABLE
100
AcDbText
 10
368.15747585709676
 20
354.89255319148947
 30
0.0
 40
1.7
  1
ELECTRIC DRIVE PLUS HAND CRANK
  7
OpenSans
 11
368.15747585709676
 21
354.89255319148947
 31
0.0
100
AcDbText
 73
2
  0
LWPOLYLINE
  5
394
330
17
100
AcDbEntity
  8
S-TABLE
100
AcDbPolyline
 90
4
 70
1
 10
282.0
 20
345.5893617021278
 10
460.0
 20
345.5893617021278
 10
460.0
 20
351.79148936170225
 10
282.0
 20
351.79148936170225
  0
TEXT
  5
395
330
17
100
AcDbEntity
  8
S-TABLE
100
AcDbText
 10
286.83069042062726
 20
348.690425531915
 30
0.0
 40
1.7
  1
FAN-2
  7
OpenSans
 72
1
 11
286.83069042062726
 21
348.690425531915
 31
0.0
100
AcDbText
 73
2
  0
LINE
  5
396
330
17
100
AcDbEntity
  8
S-TABLE
100
AcDbLine
 10
291.66138084125447
 20
345.5893617021278
 30
0.0
 11
291.66138084125447
 21
351.79148936170225
 31
0.0
  0
TEXT
  5
397
330
17
100
AcDbEntity
  8
S-TABLE
100
AcDbText
 10
293.06138084125445
 20
348.690425531915
 30
0.0
 40
1.7
  1
SUPPLY FAN, TRAIN 2
  7
OpenSans
 11
293.06138084125445
 21
348.690425531915
 31
0.0
100
AcDbText
 73
2
  0
LINE
  5
398
330
17
100
AcDbEntity
  8
S-TABLE
100
AcDbLine
 10
326.9766186654524
 20
345.5893617021278
 30
0.0
 11
326.9766186654524
 21
351.79148936170225
 31
0.0
  0
TEXT
  5
399
330
17
100
AcDbEntity
  8
S-TABLE
100
AcDbText
 10
334.78181076517353
 20
348.690425531915
 30
0.0
 40
1.7
  1
300 m3/h
  7
OpenSans
 72
1
 11
334.78181076517353
 21
348.690425531915
 31
0.0
100
AcDbText
 73
2
  0
LINE
  5
39A
330
17
100
AcDbEntity
  8
S-TABLE
100
AcDbLine
 10
342.5870028648946
 20
345.5893617021278
 30
0.0
 11
342.5870028648946
 21
351.79148936170225
 31
0.0
  0
TEXT
  5
39B
330
17
100
AcDbEntity
  8
S-TABLE
100
AcDbText
 10
343.9870028648946
 20
348.690425531915
 30
0.0
 40
1.7
  1
WITHIN AHU-2
  7
OpenSans
 11
343.9870028648946
 21
348.690425531915
 31
0.0
100
AcDbText
 73
2
  0
LINE
  5
39C
330
17
100
AcDbEntity
  8
S-TABLE
100
AcDbLine
 10
366.7574758570968
 20
345.5893617021278
 30
0.0
 11
366.7574758570968
 21
351.79148936170225
 31
0.0
  0
TEXT
  5
39D
330
17
100
AcDbEntity
  8
S-TABLE
100
AcDbText
 10
368.15747585709676
 20
348.690425531915
 30
0.0
 40
1.7
  1
AS FAN-1
  7
OpenSans
 11
368.15747585709676
 21
348.690425531915
 31
0.0
100
AcDbText
 73
2
  0
LWPOLYLINE
  5
39E
330
17
100
AcDbEntity
  8
S-TABLE
100
AcDbPolyline
 90
4
 70
1
 10
282.0
 20
339.38723404255336
 10
460.0
 20
339.38723404255336
 10
460.0
 20
345.5893617021278
 10
282.0
 20
345.5893617021278
  0
TEXT
  5
39F
330
17
100
AcDbEntity
  8
S-TABLE
100
AcDbText
 10
286.83069042062726
 20
342.4882978723406
 30
0.0
 40
1.7
  1
CO2-1
  7
OpenSans
 72
1
 11
286.83069042062726
 21
342.4882978723406
 31
0.0
100
AcDbText
 73
2
  0
LINE
  5
3A0
330
17
100
AcDbEntity
  8
S-TABLE
100
AcDbLine
 10
291.66138084125447
 20
339.38723404255336
 30
0.0
 11
291.66138084125447
 21
345.5893617021278
 31
0.0
  0
TEXT
  5
3A1
330
17
100
AcDbEntity
  8
S-TABLE
100
AcDbText
 10
293.06138084125445
 20
342.4882978723406
 30
0.0
 40
1.7
  1
CO2 SCRUBBER, SODA LIME
  7
OpenSans
 11
293.06138084125445
 21
342.4882978723406
 31
0.0
100
AcDbText
 73
2
  0
LINE
  5
3A2
330
17
100
AcDbEntity
  8
S-TABLE
100
AcDbLine
 10
326.9766186654524
 20
339.38723404255336
 30
0.0
 11
326.9766186654524
 21
345.5893617021278
 31
0.0
  0
TEXT
  5
3A3
330
17
100
AcDbEntity
  8
S-TABLE
100
AcDbText
 10
334.78181076517353
 20
342.4882978723406
 30
0.0
 40
1.7
  1
20 kg/day
  7
OpenSans
 72
1
 11
334.78181076517353
 21
342.4882978723406
 31
0.0
100
AcDbText
 73
2
  0
LINE
  5
3A4
330
17
100
AcDbEntity
  8
S-TABLE
100
AcDbLine
 10
342.5870028648946
 20
339.38723404255336
 30
0.0
 11
342.5870028648946
 21
345.5893617021278
 31
0.0
  0
TEXT
  5
3A5
330
17
100
AcDbEntity
  8
S-TABLE
100
AcDbText
 10
343.9870028648946
 20
342.4882978723406
 30
0.0
 40
1.7
  1
BAY 5
  7
OpenSans
 11
343.9870028648946
 21
342.4882978723406
 31
0.0
100
AcDbText
 73
2
  0
LINE
  5
3A6
330
17
100
AcDbEntity
  8
S-TABLE
100
AcDbLine
 10
366.7574758570968
 20
339.38723404255336
 30
0.0
 11
366.7574758570968
 21
345.5893617021278
 31
0.0
  0
TEXT
  5
3A7
330
17
100
AcDbEntity
  8
S-TABLE
100
AcDbText
 10
368.15747585709676
 20
342.4882978723406
 30
0.0
 40
1.7
  1
40 kg STORE = 48 h OF CLOSED MODE
  7
OpenSans
 11
368.15747585709676
 21
342.4882978723406
 31
0.0
100
AcDbText
 73
2
  0
LWPOLYLINE
  5
3A8
330
17
100
AcDbEntity
  8
S-TABLE
100
AcDbPolyline
 90
4
 70
1
 10
282.0
 20
333.1851063829789
 10
460.0
 20
333.1851063829789
 10
460.0
 20
339.38723404255336
 10
282.0
 20
339.38723404255336
  0
TEXT
  5
3A9
330
17
100
AcDbEntity
  8
S-TABLE
100
AcDbText
 10
286.83069042062726
 20
336.28617021276614
 30
0.0
 40
1.7
  1
O2-1
  7
OpenSans
 72
1
 11
286.83069042062726
 21
336.28617021276614
 31
0.0
100
AcDbText
 73
2
  0
LINE
  5
3AA
330
17
100
AcDbEntity
  8
S-TABLE
100
AcDbLine
 10
291.66138084125447
 20
333.1851063829789
 30
0.0
 11
291.66138084125447
 21
339.38723404255336
 31
0.0
  0
TEXT
  5
3AB
330
17
100
AcDbEntity
  8
S-TABLE
100
AcDbText
 10
293.06138084125445
 20
336.28617021276614
 30
0.0
 40
1.7
  1
OXYGEN STORE
  7
OpenSans
 11
293.06138084125445
 21
336.28617021276614
 31
0.0
100
AcDbText
 73
2
  0
LINE
  5
3AC
330
17
100
AcDbEntity
  8
S-TABLE
100
AcDbLine
 10
326.9766186654524
 20
333.1851063829789
 30
0.0
 11
326.9766186654524
 21
339.38723404255336
 31
0.0
  0
TEXT
  5
3AD
330
17
100
AcDbEntity
  8
S-TABLE
100
AcDbText
 10
334.78181076517353
 20
336.28617021276614
 30
0.0
 40
1.7
  1
4.5 m3/day
  7
OpenSans
 72
1
 11
334.78181076517353
 21
336.28617021276614
 31
0.0
100
AcDbText
 73
2
  0
LINE
  5
3AE
330
17
100
AcDbEntity
  8
S-TABLE
100
AcDbLine
 10
342.5870028648946
 20
333.1851063829789
 30
0.0
 11
342.5870028648946
 21
339.38723404255336
 31
0.0
  0
TEXT
  5
3AF
330
17
100
AcDbEntity
  8
S-TABLE
100
AcDbText
 10
343.9870028648946
 20
336.28617021276614
 30
0.0
 40
1.7
  1
BAY 5
  7
OpenSans
 11
343.9870028648946
 21
336.28617021276614
 31
0.0
100
AcDbText
 73
2
  0
LINE
  5
3B0
330
17
100
AcDbEntity
  8
S-TABLE
100
AcDbLine
 10
366.7574758570968
 20
333.1851063829789
 30
0.0
 11
366.7574758570968
 21
339.38723404255336
 31
0.0
  0
TEXT
  5
3B1
330
17
100
AcDbEntity
  8
S-TABLE
100
AcDbText
 10
368.15747585709676
 20
336.28617021276614
 30
0.0
 40
1.7
  1
2 No. 50 L CYLINDERS AT 150 bar = 15 m3
  7
OpenSans
 11
368.15747585709676
 21
336.28617021276614
 31
0.0
100
AcDbText
 73
2
  0
LWPOLYLINE
  5
3B2
330
17
100
AcDbEntity
  8
S-TABLE
100
AcDbPolyline
 90
4
 70
1
 10
282.0
 20
326.98297872340447
 10
460.0
 20
326.98297872340447
 10
460.0
 20
333.1851063829789
 10
282.0
 20
333.1851063829789
  0
TEXT
  5
3B3
330
17
100
AcDbEntity
  8
S-TABLE
100
AcDbText
 10
286.83069042062726
 20
330.0840425531917
 30
0.0
 40
1.7
  1
DH-1
  7
OpenSans
 72
1
 11
286.83069042062726
 21
330.0840425531917
 31
0.0
100
AcDbText
 73
2
  0
LINE
  5
3B4
330
17
100
AcDbEntity
  8
S-TABLE
100
AcDbLine
 10
291.66138084125447
 20
326.98297872340447
 30
0.0
 11
291.66138084125447
 21
333.1851063829789
 31
0.0
  0
TEXT
  5
3B5
330
17
100
AcDbEntity
  8
S-TABLE
100
AcDbText
 10
293.06138084125445
 20
330.0840425531917
 30
0.0
 40
1.7
  1
DEHUMIDIFIER
  7
OpenSans
 11
293.06138084125445
 21
330.0840425531917
 31
0.0
100
AcDbText
 73
2
  0
LINE
  5
3B6
330
17
100
AcDbEntity
  8
S-TABLE
100
AcDbLine
 10
326.9766186654524
 20
326.98297872340447
 30
0.0
 11
326.9766186654524
 21
333.1851063829789
 31
0.0
  0
TEXT
  5
3B7
330
17
100
AcDbEntity
  8
S-TABLE
100
AcDbText
 10
334.78181076517353
 20
330.0840425531917
 30
0.0
 40
1.7
  1
-
  7
OpenSans
 72
1
 11
334.78181076517353
 21
330.0840425531917
 31
0.0
100
AcDbText
 73
2
  0
LINE
  5
3B8
330
17
100
AcDbEntity
  8
S-TABLE
100
AcDbLine
 10
342.5870028648946
 20
326.98297872340447
 30
0.0
 11
342.5870028648946
 21
333.1851063829789
 31
0.0
  0
TEXT
  5
3B9
330
17
100
AcDbEntity
  8
S-TABLE
100
AcDbText
 10
343.9870028648946
 20
330.0840425531917
 30
0.0
 40
1.7
  1
BAY 5
  7
OpenSans
 11
343.9870028648946
 21
330.0840425531917
 31
0.0
100
AcDbText
 73
2
  0
LINE
  5
3BA
330
17
100
AcDbEntity
  8
S-TABLE
100
AcDbLine
 10
366.7574758570968
 20
326.98297872340447
 30
0.0
 11
366.7574758570968
 21
333.1851063829789
 31
0.0
  0
TEXT
  5
3BB
330
17
100
AcDbEntity
  8
S-TABLE
100
AcDbText
 10
368.15747585709676
 20
330.0840425531917
 30
0.0
 40
1.7
  1
CONDENSATE TO THE CLEAN SUMP THROUGH A 75 DEEP-SEAL TRAP
  7
OpenSans
 11
368.15747585709676
 21
330.0840425531917
 31
0.0
100
AcDbText
 73
2
  0
LWPOLYLINE
  5
3BC
330
17
100
AcDbEntity
  8
S-TABLE
100
AcDbPolyline
 90
4
 70
1
 10
282.0
 20
320.78085106383
 10
460.0
 20
320.78085106383
 10
460.0
 20
326.98297872340447
 10
282.0
 20
326.98297872340447
  0
TEXT
  5
3BD
330
17
100
AcDbEntity
  8
S-TABLE
100
AcDbText
 10
286.83069042062726
 20
323.88191489361725
 30
0.0
 40
1.7
  1
GEN-1
  7
OpenSans
 72
1
 11
286.83069042062726
 21
323.88191489361725
 31
0.0
100
AcDbText
 73
2
  0
LINE
  5
3BE
330
17
100
AcDbEntity
  8
S-TABLE
100
AcDbLine
 10
291.66138084125447
 20
320.78085106383
 30
0.0
 11
291.66138084125447
 21
326.98297872340447
 31
0.0
  0
TEXT
  5
3BF
330
17
100
AcDbEntity
  8
S-TABLE
100
AcDbText
 10
293.06138084125445
 20
323.88191489361725
 30
0.0
 40
1.7
  1
GENERATOR
  7
OpenSans
 11
293.06138084125445
 21
323.88191489361725
 31
0.0
100
AcDbText
 73
2
  0
LINE
  5
3C0
330
17
100
AcDbEntity
  8
S-TABLE
100
AcDbLine
 10
326.9766186654524
 20
320.78085106383
 30
0.0
 11
326.9766186654524
 21
326.98297872340447
 31
0.0
  0
TEXT
  5
3C1
330
17
100
AcDbEntity
  8
S-TABLE
100
AcDbText
 10
334.78181076517353
 20
323.88191489361725
 30
0.0
 40
1.7
  1
15 kVA
  7
OpenSans
 72
1
 11
334.78181076517353
 21
323.88191489361725
 31
0.0
100
AcDbText
 73
2
  0
LINE
  5
3C2
330
17
100
AcDbEntity
  8
S-TABLE
100
AcDbLine
 10
342.5870028648946
 20
320.78085106383
 30
0.0
 11
342.5870028648946
 21
326.98297872340447
 31
0.0
  0
TEXT
  5
3C3
330
17
100
AcDbEntity
  8
S-TABLE
100
AcDbText
 10
343.9870028648946
 20
323.88191489361725
 30
0.0
 40
1.7
  1
BAY 8
  7
OpenSans
 11
343.9870028648946
 21
323.88191489361725
 31
0.0
100
AcDbText
 73
2
  0
LINE
  5
3C4
330
17
100
AcDbEntity
  8
S-TABLE
100
AcDbLine
 10
366.7574758570968
 20
320.78085106383
 30
0.0
 11
366.7574758570968
 21
326.98297872340447
 31
0.0
  0
TEXT
  5
3C5
330
17
100
AcDbEntity
  8
S-TABLE
100
AcDbText
 10
368.15747585709676
 20
323.88191489361725
 30
0.0
 40
1.7
  1
COMBUSTION AND COOLING AIR 2600 m3/h THROUGH BV-4 / BV-5
  7
OpenSans
 11
368.15747585709676
 21
323.88191489361725
 31
0.0
100
AcDbText
 73
2
  0
LWPOLYLINE
  5
3C6
330
17
100
AcDbEntity
  8
S-TABLE
100
AcDbPolyline
 90
4
 70
1
 10
282.0
 20
314.5787234042556
 10
460.0
 20
314.5787234042556
 10
460.0
 20
320.78085106383
 10
282.0
 20
320.78085106383
  0
TEXT
  5
3C7
330
17
100
AcDbEntity
  8
S-TABLE
100
AcDbText
 10
286.83069042062726
 20
317.6797872340428
 30
0.0
 40
1.7
  1
SH-1
  7
OpenSans
 72
1
 11
286.83069042062726
 21
317.6797872340428
 31
0.0
100
AcDbText
 73
2
  0
LINE
  5
3C8
330
17
100
AcDbEntity
  8
S-TABLE
100
AcDbLine
 10
291.66138084125447
 20
314.5787234042556
 30
0.0
 11
291.66138084125447
 21
320.78085106383
 31
0.0
  0
TEXT
  5
3C9
330
17
100
AcDbEntity
  8
S-TABLE
100
AcDbText
 10
293.06138084125445
 20
317.6797872340428
 30
0.0
 40
1.7
  1
FRESH-AIR SHAFT
  7
OpenSans
 11
293.06138084125445
 21
317.6797872340428
 31
0.0
100
AcDbText
 73
2
  0
LINE
  5
3CA
330
17
100
AcDbEntity
  8
S-TABLE
100
AcDbLine
 10
326.9766186654524
 20
314.5787234042556
 30
0.0
 11
326.9766186654524
 21
320.78085106383
 31
0.0
  0
TEXT
  5
3CB
330
17
100
AcDbEntity
  8
S-TABLE
100
AcDbText
 10
334.78181076517353
 20
317.6797872340428
 30
0.0
 40
1.7
  1
600 x 600
  7
OpenSans
 72
1
 11
334.78181076517353
 21
317.6797872340428
 31
0.0
100
AcDbText
 73
2
  0
LINE
  5
3CC
330
17
100
AcDbEntity
  8
S-TABLE
100
AcDbLine
 10
342.5870028648946
 20
314.5787234042556
 30
0.0
 11
342.5870028648946
 21
320.78085106383
 31
0.0
  0
TEXT
  5
3CD
330
17
100
AcDbEntity
  8
S-TABLE
100
AcDbText
 10
343.9870028648946
 20
317.6797872340428
 30
0.0
 40
1.7
  1
WEST OF THE BOX
  7
OpenSans
 11
343.9870028648946
 21
317.6797872340428
 31
0.0
100
AcDbText
 73
2
  0
LINE
  5
3CE
330
17
100
AcDbEntity
  8
S-TABLE
100
AcDbLine
 10
366.7574758570968
 20
314.5787234042556
 30
0.0
 11
366.7574758570968
 21
320.78085106383
 31
0.0
  0
TEXT
  5
3CF
330
17
100
AcDbEntity
  8
S-TABLE
100
AcDbText
 10
368.15747585709676
 20
317.6797872340428
 30
0.0
 40
1.7
  1
GOOSENECK HEAD +1.500. 12.3 m FROM THE INTAKE TO THE ENTRY
  7
OpenSans
 11
368.15747585709676
 21
317.6797872340428
 31
0.0
100
AcDbText
 73
2
  0
LWPOLYLINE
  5
3D0
330
17
100
AcDbEntity
  8
S-TABLE
100
AcDbPolyline
 90
4
 70
1
 10
282.0
 20
308.37659574468114
 10
460.0
 20
308.37659574468114
 10
460.0
 20
314.5787234042556
 10
282.0
 20
314.5787234042556
  0
TEXT
  5
3D1
330
17
100
AcDbEntity
  8
S-TABLE
100
AcDbText
 10
286.83069042062726
 20
311.47765957446836
 30
0.0
 40
1.7
  1
SH-2
  7
OpenSans
 72
1
 11
286.83069042062726
 21
311.47765957446836
 31
0.0
100
AcDbText
 73
2
  0
LINE
  5
3D2
330
17
100
AcDbEntity
  8
S-TABLE
100
AcDbLine
 10
291.66138084125447
 20
308.37659574468114
 30
0.0
 11
291.66138084125447
 21
314.5787234042556
 31
0.0
  0
TEXT
  5
3D3
330
17
100
AcDbEntity
  8
S-TABLE
100
AcDbText
 10
293.06138084125445
 20
311.47765957446836
 30
0.0
 40
1.7
  1
GENERATOR AIR SHAFT
  7
OpenSans
 11
293.06138084125445
 21
311.47765957446836
 31
0.0
100
AcDbText
 73
2
  0
LINE
  5
3D4
330
17
100
AcDbEntity
  8
S-TABLE
100
AcDbLine
 10
326.9766186654524
 20
308.37659574468114
 30
0.0
 11
326.9766186654524
 21
314.5787234042556
 31
0.0
  0
TEXT
  5
3D5
330
17
100
AcDbEntity
  8
S-TABLE
100
AcDbText
 10
334.78181076517353
 20
311.47765957446836
 30
0.0
 40
1.7
  1
600 x 600
  7
OpenSans
 72
1
 11
334.78181076517353
 21
311.47765957446836
 31
0.0
100
AcDbText
 73
2
  0
LINE
  5
3D6
330
17
100
AcDbEntity
  8
S-TABLE
100
AcDbLine
 10
342.5870028648946
 20
308.37659574468114
 30
0.0
 11
342.5870028648946
 21
314.5787234042556
 31
0.0
  0
TEXT
  5
3D7
330
17
100
AcDbEntity
  8
S-TABLE
100
AcDbText
 10
343.9870028648946
 20
311.47765957446836
 30
0.0
 40
1.7
  1
X 22598 - 23198
  7
OpenSans
 11
343.9870028648946
 21
311.47765957446836
 31
0.0
100
AcDbText
 73
2
  0
LINE
  5
3D8
330
17
100
AcDbEntity
  8
S-TABLE
100
AcDbLine
 10
366.7574758570968
 20
308.37659574468114
 30
0.0
 11
366.7574758570968
 21
314.5787234042556
 31
0.0
  0
TEXT
  5
3D9
330
17
100
AcDbEntity
  8
S-TABLE
100
AcDbText
 10
368.15747585709676
 20
311.47765957446836
 30
0.0
 40
1.7
  1
SERVES BV-4 AND BV-5. OUTSIDE THE GAS-TIGHT ENVELOPE
  7
OpenSans
 11
368.15747585709676
 21
311.47765957446836
 31
0.0
100
AcDbText
 73
2
  0
LWPOLYLINE
  5
3DA
330
17
100
AcDbEntity
  8
S-TABLE
100
AcDbPolyline
 90
4
 70
1
 10
282.0
 20
295.9765957446811
 10
460.0
 20
295.9765957446811
 10
460.0
 20
302.37659574468114
 10
282.0
 20
302.37659574468114
  0
TEXT
  5
3DB
330
17
100
AcDbEntity
  8
S-TABLE
100
AcDbText
 10
371.0
 20
299.17659574468115
 30
0.0
 40
3.8
  1
BLAST VALVE AND GAS-TIGHT DAMPER SCHEDULE
  7
OpenSans
 72
1
 11
371.0
 21
299.17659574468115
 31
0.0
100
AcDbText
 73
2
  0
LWPOLYLINE
  5
3DC
330
17
100
AcDbEntity
  8
S-TABLE
100
AcDbPolyline
 90
4
 70
1
 10
282.0
 20
289.7744680851067
 10
460.0
 20
289.7744680851067
 10
460.0
 20
295.97659574468116
 10
282.0
 20
295.97659574468116
  0
TEXT
  5
3DD
330
17
100
AcDbEntity
  8
S-TABLE
100
AcDbText
 10
288.176829771573
 20
292.87553191489394
 30
0.0
 40
1.88
  1
TAG
  7
OpenSans
 72
1
 11
288.176829771573
 21
292.87553191489394
 31
0.0
100
AcDbText
 73
2
  0
LINE
  5
3DE
330
17
100
AcDbEntity
  8
S-TABLE
100
AcDbLine
 10
294.35365954314597
 20
289.7744680851067
 30
0.0
 11
294.35365954314597
 21
295.97659574468116
 31
0.0
  0
TEXT
  5
3DF
330
17
100
AcDbEntity
  8
S-TABLE
100
AcDbText
 10
315.68194945374677
 20
292.87553191489394
 30
0.0
 40
1.88
  1
TYPE
  7
OpenSans
 72
1
 11
315.68194945374677
 21
292.87553191489394
 31
0.0
100
AcDbText
 73
2
  0
LINE
  5
3E0
330
17
100
AcDbEntity
  8
S-TABLE
100
AcDbLine
 10
337.01023936434757
 20
289.7744680851067
 30
0.0
 11
337.01023936434757
 21
295.97659574468116
 31
0.0
  0
TEXT
  5
3E1
330
17
100
AcDbEntity
  8
S-TABLE
100
AcDbText
 10
358.4288270846446
 20
292.87553191489394
 30
0.0
 40
1.88
  1
POSITION
  7
OpenSans
 72
1
 11
358.4288270846446
 21
292.87553191489394
 31
0.0
100
AcDbText
 73
2
  0
LINE
  5
3E2
330
17
100
AcDbEntity
  8
S-TABLE
100
AcDbLine
 10
379.8474148049416
 20
289.7744680851067
 30
0.0
 11
379.8474148049416
 21
295.97659574468116
 31
0.0
  0
TEXT
  5
3E3
330
17
100
AcDbEntity
  8
S-TABLE
100
AcDbText
 10
419.92370740247077
 20
292.87553191489394
 30
0.0
 40
1.88
  1
FUNCTION
  7
OpenSans
 72
1
 11
419.92370740247077
 21
292.87553191489394
 31
0.0
100
AcDbText
 73
2
  0
LWPOLYLINE
  5
3E4
330
17
100
AcDbEntity
  8
S-TABLE
100
AcDbPolyline
 90
4
 70
1
 10
282.0
 20
283.5723404255323
 10
460.0
 20
283.5723404255323
 10
460.0
 20
289.7744680851067
 10
282.0
 20
289.7744680851067
  0
TEXT
  5
3E5
330
17
100
AcDbEntity
  8
S-TABLE
100
AcDbText
 10
288.176829771573
 20
286.6734042553195
 30
0.0
 40
1.7
  1
BV-1
  7
OpenSans
 72
1
 11
288.176829771573
 21
286.6734042553195
 31
0.0
100
AcDbText
 73
2
  0
LINE
  5
3E6
330
17
100
AcDbEntity
  8
S-TABLE
100
AcDbLine
 10
294.35365954314597
 20
283.5723404255323
 30
0.0
 11
294.35365954314597
 21
289.7744680851067
 31
0.0
  0
TEXT
  5
3E7
330
17
100
AcDbEntity
  8
S-TABLE
100
AcDbText
 10
295.75365954314594
 20
286.6734042553195
 30
0.0
 40
1.7
  1
BLAST VALVE DN100
  7
OpenSans
 11
295.75365954314594
 21
286.6734042553195
 31
0.0
100
AcDbText
 73
2
  0
LINE
  5
3E8
330
17
100
AcDbEntity
  8
S-TABLE
100
AcDbLine
 10
337.01023936434757
 20
283.5723404255323
 30
0.0
 11
337.01023936434757
 21
289.7744680851067
 31
0.0
  0
TEXT
  5
3E9
330
17
100
AcDbEntity
  8
S-TABLE
100
AcDbText
 10
338.41023936434755
 20
286.6734042553195
 30
0.0
 40
1.7
  1
W1 WEST WALL, (598, 2200)
  7
OpenSans
 11
338.41023936434755
 21
286.6734042553195
 31
0.0
100
AcDbText
 73
2
  0
LINE
  5
3EA
330
17
100
AcDbEntity
  8
S-TABLE
100
AcDbLine
 10
379.8474148049416
 20
283.5723404255323
 30
0.0
 11
379.8474148049416
 21
289.7744680851067
 31
0.0
  0
TEXT
  5
3EB
330
17
100
AcDbEntity
  8
S-TABLE
100
AcDbText
 10
381.24741480494157
 20
286.6734042553195
 30
0.0
 40
1.7
  1
FRESH AIR, TRAIN 1
  7
OpenSans
 11
381.24741480494157
 21
286.6734042553195
 31
0.0
100
AcDbText
 73
2
  0
LWPOLYLINE
  5
3EC
330
17
100
AcDbEntity
  8
S-TABLE
100
AcDbPolyline
 90
4
 70
1
 10
282.0
 20
277.37021276595783
 10
460.0
 20
277.37021276595783
 10
460.0
 20
283.5723404255323
 10
282.0
 20
283.5723404255323
  0
TEXT
  5
3ED
330
17
100
AcDbEntity
  8
S-TABLE
100
AcDbText
 10
288.176829771573
 20
280.47127659574505
 30
0.0
 40
1.7
  1
BV-2
  7
OpenSans
 72
1
 11
288.176829771573
 21
280.47127659574505
 31
0.0
100
AcDbText
 73
2
  0
LINE
  5
3EE
330
17
100
AcDbEntity
  8
S-TABLE
100
AcDbLine
 10
294.35365954314597
 20
277.37021276595783
 30
0.0
 11
294.35365954314597
 21
283.5723404255323
 31
0.0
  0
TEXT
  5
3EF
330
17
100
AcDbEntity
  8
S-TABLE
100
AcDbText
 10
295.75365954314594
 20
280.47127659574505
 30
0.0
 40
1.7
  1
BLAST VALVE DN100
  7
OpenSans
 11
295.75365954314594
 21
280.47127659574505
 31
0.0
100
AcDbText
 73
2
  0
LINE
  5
3F0
330
17
100
AcDbEntity
  8
S-TABLE
100
AcDbLine
 10
337.01023936434757
 20
277.37021276595783
 30
0.0
 11
337.01023936434757
 21
283.5723404255323
 31
0.0
  0
TEXT
  5
3F1
330
17
100
AcDbEntity
  8
S-TABLE
100
AcDbText
 10
338.41023936434755
 20
280.47127659574505
 30
0.0
 40
1.7
  1
W1 WEST WALL, (598, 4000)
  7
OpenSans
 11
338.41023936434755
 21
280.47127659574505
 31
0.0
100
AcDbText
 73
2
  0
LINE
  5
3F2
330
17
100
AcDbEntity
  8
S-TABLE
100
AcDbLine
 10
379.8474148049416
 20
277.37021276595783
 30
0.0
 11
379.8474148049416
 21
283.5723404255323
 31
0.0
  0
TEXT
  5
3F3
330
17
100
AcDbEntity
  8
S-TABLE
100
AcDbText
 10
381.24741480494157
 20
280.47127659574505
 30
0.0
 40
1.7
  1
FRESH AIR, TRAIN 2
  7
OpenSans
 11
381.24741480494157
 21
280.47127659574505
 31
0.0
100
AcDbText
 73
2
  0
LWPOLYLINE
  5
3F4
330
17
100
AcDbEntity
  8
S-TABLE
100
AcDbPolyline
 90
4
 70
1
 10
282.0
 20
271.1680851063834
 10
460.0
 20
271.1680851063834
 10
460.0
 20
277.37021276595783
 10
282.0
 20
277.37021276595783
  0
TEXT
  5
3F5
330
17
100
AcDbEntity
  8
S-TABLE
100
AcDbText
 10
288.176829771573
 20
274.2691489361706
 30
0.0
 40
1.7
  1
BV-3
  7
OpenSans
 72
1
 11
288.176829771573
 21
274.2691489361706
 31
0.0
100
AcDbText
 73
2
  0
LINE
  5
3F6
330
17
100
AcDbEntity
  8
S-TABLE
100
AcDbLine
 10
294.35365954314597
 20
271.1680851063834
 30
0.0
 11
294.35365954314597
 21
277.37021276595783
 31
0.0
  0
TEXT
  5
3F7
330
17
100
AcDbEntity
  8
S-TABLE
100
AcDbText
 10
295.75365954314594
 20
274.2691489361706
 30
0.0
 40
1.7
  1
BLAST VALVE DN100
  7
OpenSans
 11
295.75365954314594
 21
274.2691489361706
 31
0.0
100
AcDbText
 73
2
  0
LINE
  5
3F8
330
17
100
AcDbEntity
  8
S-TABLE
100
AcDbLine
 10
337.01023936434757
 20
271.1680851063834
 30
0.0
 11
337.01023936434757
 21
277.37021276595783
 31
0.0
  0
TEXT
  5
3F9
330
17
100
AcDbEntity
  8
S-TABLE
100
AcDbText
 10
338.41023936434755
 20
274.2691489361706
 30
0.0
 40
1.7
  1
IN W6, (14998, 4900)
  7
OpenSans
 11
338.41023936434755
 21
274.2691489361706
 31
0.0
100
AcDbText
 73
2
  0
LINE
  5
3FA
330
17
100
AcDbEntity
  8
S-TABLE
100
AcDbLine
 10
379.8474148049416
 20
271.1680851063834
 30
0.0
 11
379.8474148049416
 21
277.37021276595783
 31
0.0
  0
TEXT
  5
3FB
330
17
100
AcDbEntity
  8
S-TABLE
100
AcDbText
 10
381.24741480494157
 20
274.2691489361706
 30
0.0
 40
1.7
  1
EXHAUST AND OVERPRESSURE RELIEF, TO BAY 7
  7
OpenSans
 11
381.24741480494157
 21
274.2691489361706
 31
0.0
100
AcDbText
 73
2
  0
LWPOLYLINE
  5
3FC
330
17
100
AcDbEntity
  8
S-TABLE
100
AcDbPolyline
 90
4
 70
1
 10
282.0
 20
264.96595744680894
 10
460.0
 20
264.96595744680894
 10
460.0
 20
271.1680851063834
 10
282.0
 20
271.1680851063834
  0
TEXT
  5
3FD
330
17
100
AcDbEntity
  8
S-TABLE
100
AcDbText
 10
288.176829771573
 20
268.06702127659617
 30
0.0
 40
1.7
  1
BV-4
  7
OpenSans
 72
1
 11
288.176829771573
 21
268.06702127659617
 31
0.0
100
AcDbText
 73
2
  0
LINE
  5
3FE
330
17
100
AcDbEntity
  8
S-TABLE
100
AcDbLine
 10
294.35365954314597
 20
264.96595744680894
 30
0.0
 11
294.35365954314597
 21
271.1680851063834
 31
0.0
  0
TEXT
  5
3FF
330
17
100
AcDbEntity
  8
S-TABLE
100
AcDbText
 10
295.75365954314594
 20
268.06702127659617
 30
0.0
 40
1.7
  1
BLAST VALVE DN350
  7
OpenSans
 11
295.75365954314594
 21
268.06702127659617
 31
0.0
100
AcDbText
 73
2
  0
LINE
  5
400
330
17
100
AcDbEntity
  8
S-TABLE
100
AcDbLine
 10
337.01023936434757
 20
264.96595744680894
 30
0.0
 11
337.01023936434757
 21
271.1680851063834
 31
0.0
  0
TEXT
  5
401
330
17
100
AcDbEntity
  8
S-TABLE
100
AcDbText
 10
338.41023936434755
 20
268.06702127659617
 30
0.0
 40
1.7
  1
W4 EAST WALL, (21398, 1300)
  7
OpenSans
 11
338.41023936434755
 21
268.06702127659617
 31
0.0
100
AcDbText
 73
2
  0
LINE
  5
402
330
17
100
AcDbEntity
  8
S-TABLE
100
AcDbLine
 10
379.8474148049416
 20
264.96595744680894
 30
0.0
 11
379.8474148049416
 21
271.1680851063834
 31
0.0
  0
TEXT
  5
403
330
17
100
AcDbEntity
  8
S-TABLE
100
AcDbText
 10
381.24741480494157
 20
268.06702127659617
 30
0.0
 40
1.7
  1
GENERATOR INTAKE
  7
OpenSans
 11
381.24741480494157
 21
268.06702127659617
 31
0.0
100
AcDbText
 73
2
  0
LWPOLYLINE
  5
404
330
17
100
AcDbEntity
  8
S-TABLE
100
AcDbPolyline
 90
4
 70
1
 10
282.0
 20
258.7638297872345
 10
460.0
 20
258.7638297872345
 10
460.0
 20
264.96595744680894
 10
282.0
 20
264.96595744680894
  0
TEXT
  5
405
330
17
100
AcDbEntity
  8
S-TABLE
100
AcDbText
 10
288.176829771573
 20
261.8648936170217
 30
0.0
 40
1.7
  1
BV-5
  7
OpenSans
 72
1
 11
288.176829771573
 21
261.8648936170217
 31
0.0
100
AcDbText
 73
2
  0
LINE
  5
406
330
17
100
AcDbEntity
  8
S-TABLE
100
AcDbLine
 10
294.35365954314597
 20
258.7638297872345
 30
0.0
 11
294.35365954314597
 21
264.96595744680894
 31
0.0
  0
TEXT
  5
407
330
17
100
AcDbEntity
  8
S-TABLE
100
AcDbText
 10
295.75365954314594
 20
261.8648936170217
 30
0.0
 40
1.7
  1
BLAST VALVE DN350
  7
OpenSans
 11
295.75365954314594
 21
261.8648936170217
 31
0.0
100
AcDbText
 73
2
  0
LINE
  5
408
330
17
100
AcDbEntity
  8
S-TABLE
100
AcDbLine
 10
337.01023936434757
 20
258.7638297872345
 30
0.0
 11
337.01023936434757
 21
264.96595744680894
 31
0.0
  0
TEXT
  5
409
330
17
100
AcDbEntity
  8
S-TABLE
100
AcDbText
 10
338.41023936434755
 20
261.8648936170217
 30
0.0
 40
1.7
  1
W4 EAST WALL, (21398, 4700)
  7
OpenSans
 11
338.41023936434755
 21
261.8648936170217
 31
0.0
100
AcDbText
 73
2
  0
LINE
  5
40A
330
17
100
AcDbEntity
  8
S-TABLE
100
AcDbLine
 10
379.8474148049416
 20
258.7638297872345
 30
0.0
 11
379.8474148049416
 21
264.96595744680894
 31
0.0
  0
TEXT
  5
40B
330
17
100
AcDbEntity
  8
S-TABLE
100
AcDbText
 10
381.24741480494157
 20
261.8648936170217
 30
0.0
 40
1.7
  1
GENERATOR EXHAUST
  7
OpenSans
 11
381.24741480494157
 21
261.8648936170217
 31
0.0
100
AcDbText
 73
2
  0
LWPOLYLINE
  5
40C
330
17
100
AcDbEntity
  8
S-TABLE
100
AcDbPolyline
 90
4
 70
1
 10
282.0
 20
252.56170212766003
 10
460.0
 20
252.56170212766003
 10
460.0
 20
258.7638297872345
 10
282.0
 20
258.7638297872345
  0
TEXT
  5
40D
330
17
100
AcDbEntity
  8
S-TABLE
100
AcDbText
 10
283.6
 20
255.66276595744728
 30
0.0
 40
1.88
  1
ALL FIVE:  CLOSE IN UNDER 2 ms AND HOLD 1.3 s.  RECESSED, IS 4991 Cl. 6.2.1.  DN100 DISC 3.0 kN;  DN350 DISC 36.8 kN RECESSED
  7
OpenSans
 11
283.6
 21
255.66276595744728
 31
0.0
100
AcDbText
 73
2
  0
LWPOLYLINE
  5
40E
330
17
100
AcDbEntity
  8
S-TABLE
100
AcDbPolyline
 90
4
 70
1
 10
282.0
 20
246.35957446808555
 10
460.0
 20
246.35957446808555
 10
460.0
 20
252.56170212766003
 10
282.0
 20
252.56170212766003
  0
TEXT
  5
40F
330
17
100
AcDbEntity
  8
S-TABLE
100
AcDbText
 10
288.176829771573
 20
249.4606382978728
 30
0.0
 40
1.7
  1
GD-01
  7
OpenSans
 72
1
 11
288.176829771573
 21
249.4606382978728
 31
0.0
100
AcDbText
 73
2
  0
LINE
  5
410
330
17
100
AcDbEntity
  8
S-TABLE
100
AcDbLine
 10
294.35365954314597
 20
246.35957446808555
 30
0.0
 11
294.35365954314597
 21
252.56170212766003
 31
0.0
  0
TEXT
  5
411
330
17
100
AcDbEntity
  8
S-TABLE
100
AcDbText
 10
295.75365954314594
 20
249.4606382978728
 30
0.0
 40
1.7
  1
MANUAL GAS-TIGHT DAMPER
  7
OpenSans
 11
295.75365954314594
 21
249.4606382978728
 31
0.0
100
AcDbText
 73
2
  0
LINE
  5
412
330
17
100
AcDbEntity
  8
S-TABLE
100
AcDbLine
 10
337.01023936434757
 20
246.35957446808555
 30
0.0
 11
337.01023936434757
 21
252.56170212766003
 31
0.0
  0
TEXT
  5
413
330
17
100
AcDbEntity
  8
S-TABLE
100
AcDbText
 10
338.41023936434755
 20
249.4606382978728
 30
0.0
 40
1.7
  1
INBOARD OF BV-1
  7
OpenSans
 11
338.41023936434755
 21
249.4606382978728
 31
0.0
100
AcDbText
 73
2
  0
LINE
  5
414
330
17
100
AcDbEntity
  8
S-TABLE
100
AcDbLine
 10
379.8474148049416
 20
246.35957446808555
 30
0.0
 11
379.8474148049416
 21
252.56170212766003
 31
0.0
  0
TEXT
  5
415
330
17
100
AcDbEntity
  8
S-TABLE
100
AcDbText
 10
381.24741480494157
 20
249.4606382978728
 30
0.0
 40
1.7
  1
QUARTER-TURN, OPERABLE FROM INSIDE WITHOUT TOOLS
  7
OpenSans
 11
381.24741480494157
 21
249.4606382978728
 31
0.0
100
AcDbText
 73
2
  0
LWPOLYLINE
  5
416
330
17
100
AcDbEntity
  8
S-TABLE
100
AcDbPolyline
 90
4
 70
1
 10
282.0
 20
240.15744680851108
 10
460.0
 20
240.15744680851108
 10
460.0
 20
246.35957446808555
 10
282.0
 20
246.35957446808555
  0
TEXT
  5
417
330
17
100
AcDbEntity
  8
S-TABLE
100
AcDbText
 10
288.176829771573
 20
243.25851063829833
 30
0.0
 40
1.7
  1
GD-02
  7
OpenSans
 72
1
 11
288.176829771573
 21
243.25851063829833
 31
0.0
100
AcDbText
 73
2
  0
LINE
  5
418
330
17
100
AcDbEntity
  8
S-TABLE
100
AcDbLine
 10
294.35365954314597
 20
240.15744680851108
 30
0.0
 11
294.35365954314597
 21
246.35957446808555
 31
0.0
  0
TEXT
  5
419
330
17
100
AcDbEntity
  8
S-TABLE
100
AcDbText
 10
295.75365954314594
 20
243.25851063829833
 30
0.0
 40
1.7
  1
MANUAL GAS-TIGHT DAMPER
  7
OpenSans
 11
295.75365954314594
 21
243.25851063829833
 31
0.0
100
AcDbText
 73
2
  0
LINE
  5
41A
330
17
100
AcDbEntity
  8
S-TABLE
100
AcDbLine
 10
337.01023936434757
 20
240.15744680851108
 30
0.0
 11
337.01023936434757
 21
246.35957446808555
 31
0.0
  0
TEXT
  5
41B
330
17
100
AcDbEntity
  8
S-TABLE
100
AcDbText
 10
338.41023936434755
 20
243.25851063829833
 30
0.0
 40
1.7
  1
INBOARD OF BV-2
  7
OpenSans
 11
338.41023936434755
 21
243.25851063829833
 31
0.0
100
AcDbText
 73
2
  0
LINE
  5
41C
330
17
100
AcDbEntity
  8
S-TABLE
100
AcDbLine
 10
379.8474148049416
 20
240.15744680851108
 30
0.0
 11
379.8474148049416
 21
246.35957446808555
 31
0.0
  0
TEXT
  5
41D
330
17
100
AcDbEntity
  8
S-TABLE
100
AcDbText
 10
381.24741480494157
 20
243.25851063829833
 30
0.0
 40
1.7
  1
AS GD-01
  7
OpenSans
 11
381.24741480494157
 21
243.25851063829833
 31
0.0
100
AcDbText
 73
2
  0
LWPOLYLINE
  5
41E
330
17
100
AcDbEntity
  8
S-TABLE
100
AcDbPolyline
 90
4
 70
1
 10
282.0
 20
233.9553191489366
 10
460.0
 20
233.9553191489366
 10
460.0
 20
240.15744680851108
 10
282.0
 20
240.15744680851108
  0
TEXT
  5
41F
330
17
100
AcDbEntity
  8
S-TABLE
100
AcDbText
 10
288.176829771573
 20
237.05638297872386
 30
0.0
 40
1.7
  1
GD-03
  7
OpenSans
 72
1
 11
288.176829771573
 21
237.05638297872386
 31
0.0
100
AcDbText
 73
2
  0
LINE
  5
420
330
17
100
AcDbEntity
  8
S-TABLE
100
AcDbLine
 10
294.35365954314597
 20
233.9553191489366
 30
0.0
 11
294.35365954314597
 21
240.15744680851108
 31
0.0
  0
TEXT
  5
421
330
17
100
AcDbEntity
  8
S-TABLE
100
AcDbText
 10
295.75365954314594
 20
237.05638297872386
 30
0.0
 40
1.7
  1
MANUAL GAS-TIGHT DAMPER
  7
OpenSans
 11
295.75365954314594
 21
237.05638297872386
 31
0.0
100
AcDbText
 73
2
  0
LINE
  5
422
330
17
100
AcDbEntity
  8
S-TABLE
100
AcDbLine
 10
337.01023936434757
 20
233.9553191489366
 30
0.0
 11
337.01023936434757
 21
240.15744680851108
 31
0.0
  0
TEXT
  5
423
330
17
100
AcDbEntity
  8
S-TABLE
100
AcDbText
 10
338.41023936434755
 20
237.05638297872386
 30
0.0
 40
1.7
  1
INBOARD OF BV-3
  7
OpenSans
 11
338.41023936434755
 21
237.05638297872386
 31
0.0
100
AcDbText
 73
2
  0
LINE
  5
424
330
17
100
AcDbEntity
  8
S-TABLE
100
AcDbLine
 10
379.8474148049416
 20
233.9553191489366
 30
0.0
 11
379.8474148049416
 21
240.15744680851108
 31
0.0
  0
TEXT
  5
425
330
17
100
AcDbEntity
  8
S-TABLE
100
AcDbText
 10
381.24741480494157
 20
237.05638297872386
 30
0.0
 40
1.7
  1
AS GD-01
  7
OpenSans
 11
381.24741480494157
 21
237.05638297872386
 31
0.0
100
AcDbText
 73
2
  0
LWPOLYLINE
  5
426
330
17
100
AcDbEntity
  8
S-TABLE
100
AcDbPolyline
 90
4
 70
1
 10
282.0
 20
227.75319148936214
 10
460.0
 20
227.75319148936214
 10
460.0
 20
233.9553191489366
 10
282.0
 20
233.9553191489366
  0
TEXT
  5
427
330
17
100
AcDbEntity
  8
S-TABLE
100
AcDbText
 10
288.176829771573
 20
230.8542553191494
 30
0.0
 40
1.7
  1
GD-04
  7
OpenSans
 72
1
 11
288.176829771573
 21
230.8542553191494
 31
0.0
100
AcDbText
 73
2
  0
LINE
  5
428
330
17
100
AcDbEntity
  8
S-TABLE
100
AcDbLine
 10
294.35365954314597
 20
227.75319148936214
 30
0.0
 11
294.35365954314597
 21
233.9553191489366
 31
0.0
  0
TEXT
  5
429
330
17
100
AcDbEntity
  8
S-TABLE
100
AcDbText
 10
295.75365954314594
 20
230.8542553191494
 30
0.0
 40
1.7
  1
MANUAL GAS-TIGHT DAMPER
  7
OpenSans
 11
295.75365954314594
 21
230.8542553191494
 31
0.0
100
AcDbText
 73
2
  0
LINE
  5
42A
330
17
100
AcDbEntity
  8
S-TABLE
100
AcDbLine
 10
337.01023936434757
 20
227.75319148936214
 30
0.0
 11
337.01023936434757
 21
233.9553191489366
 31
0.0
  0
TEXT
  5
42B
330
17
100
AcDbEntity
  8
S-TABLE
100
AcDbText
 10
338.41023936434755
 20
230.8542553191494
 30
0.0
 40
1.7
  1
INBOARD OF BV-4
  7
OpenSans
 11
338.41023936434755
 21
230.8542553191494
 31
0.0
100
AcDbText
 73
2
  0
LINE
  5
42C
330
17
100
AcDbEntity
  8
S-TABLE
100
AcDbLine
 10
379.8474148049416
 20
227.75319148936214
 30
0.0
 11
379.8474148049416
 21
233.9553191489366
 31
0.0
  0
TEXT
  5
42D
330
17
100
AcDbEntity
  8
S-TABLE
100
AcDbText
 10
381.24741480494157
 20
230.8542553191494
 30
0.0
 40
1.7
  1
AS GD-01
  7
OpenSans
 11
381.24741480494157
 21
230.8542553191494
 31
0.0
100
AcDbText
 73
2
  0
LWPOLYLINE
  5
42E
330
17
100
AcDbEntity
  8
S-TABLE
100
AcDbPolyline
 90
4
 70
1
 10
282.0
 20
221.55106382978767
 10
460.0
 20
221.55106382978767
 10
460.0
 20
227.75319148936214
 10
282.0
 20
227.75319148936214
  0
TEXT
  5
42F
330
17
100
AcDbEntity
  8
S-TABLE
100
AcDbText
 10
288.176829771573
 20
224.65212765957492
 30
0.0
 40
1.7
  1
GD-05
  7
OpenSans
 72
1
 11
288.176829771573
 21
224.65212765957492
 31
0.0
100
AcDbText
 73
2
  0
LINE
  5
430
330
17
100
AcDbEntity
  8
S-TABLE
100
AcDbLine
 10
294.35365954314597
 20
221.55106382978767
 30
0.0
 11
294.35365954314597
 21
227.75319148936214
 31
0.0
  0
TEXT
  5
431
330
17
100
AcDbEntity
  8
S-TABLE
100
AcDbText
 10
295.75365954314594
 20
224.65212765957492
 30
0.0
 40
1.7
  1
MANUAL GAS-TIGHT DAMPER
  7
OpenSans
 11
295.75365954314594
 21
224.65212765957492
 31
0.0
100
AcDbText
 73
2
  0
LINE
  5
432
330
17
100
AcDbEntity
  8
S-TABLE
100
AcDbLine
 10
337.01023936434757
 20
221.55106382978767
 30
0.0
 11
337.01023936434757
 21
227.75319148936214
 31
0.0
  0
TEXT
  5
433
330
17
100
AcDbEntity
  8
S-TABLE
100
AcDbText
 10
338.41023936434755
 20
224.65212765957492
 30
0.0
 40
1.7
  1
INBOARD OF BV-5
  7
OpenSans
 11
338.41023936434755
 21
224.65212765957492
 31
0.0
100
AcDbText
 73
2
  0
LINE
  5
434
330
17
100
AcDbEntity
  8
S-TABLE
100
AcDbLine
 10
379.8474148049416
 20
221.55106382978767
 30
0.0
 11
379.8474148049416
 21
227.75319148936214
 31
0.0
  0
TEXT
  5
435
330
17
100
AcDbEntity
  8
S-TABLE
100
AcDbText
 10
381.24741480494157
 20
224.65212765957492
 30
0.0
 40
1.7
  1
AS GD-01
  7
OpenSans
 11
381.24741480494157
 21
224.65212765957492
 31
0.0
100
AcDbText
 73
2
  0
LWPOLYLINE
  5
436
330
17
100
AcDbEntity
  8
S-TABLE
100
AcDbPolyline
 90
4
 70
1
 10
282.0
 20
215.3489361702132
 10
460.0
 20
215.3489361702132
 10
460.0
 20
221.55106382978767
 10
282.0
 20
221.55106382978767
  0
TEXT
  5
437
330
17
100
AcDbEntity
  8
S-TABLE
100
AcDbText
 10
288.176829771573
 20
218.45000000000044
 30
0.0
 40
1.7
  1
OPRV-1
  7
OpenSans
 72
1
 11
288.176829771573
 21
218.45000000000044
 31
0.0
100
AcDbText
 73
2
  0
LINE
  5
438
330
17
100
AcDbEntity
  8
S-TABLE
100
AcDbLine
 10
294.35365954314597
 20
215.3489361702132
 30
0.0
 11
294.35365954314597
 21
221.55106382978767
 31
0.0
  0
TEXT
  5
439
330
17
100
AcDbEntity
  8
S-TABLE
100
AcDbText
 10
295.75365954314594
 20
218.45000000000044
 30
0.0
 40
1.7
  1
OVERPRESSURE RELIEF VALVE
  7
OpenSans
 11
295.75365954314594
 21
218.45000000000044
 31
0.0
100
AcDbText
 73
2
  0
LINE
  5
43A
330
17
100
AcDbEntity
  8
S-TABLE
100
AcDbLine
 10
337.01023936434757
 20
215.3489361702132
 30
0.0
 11
337.01023936434757
 21
221.55106382978767
 31
0.0
  0
TEXT
  5
43B
330
17
100
AcDbEntity
  8
S-TABLE
100
AcDbText
 10
338.41023936434755
 20
218.45000000000044
 30
0.0
 40
1.7
  1
WITH BV-3, IN W6
  7
OpenSans
 11
338.41023936434755
 21
218.45000000000044
 31
0.0
100
AcDbText
 73
2
  0
LINE
  5
43C
330
17
100
AcDbEntity
  8
S-TABLE
100
AcDbLine
 10
379.8474148049416
 20
215.3489361702132
 30
0.0
 11
379.8474148049416
 21
221.55106382978767
 31
0.0
  0
TEXT
  5
43D
330
17
100
AcDbEntity
  8
S-TABLE
100
AcDbText
 10
381.24741480494157
 20
218.45000000000044
 30
0.0
 40
1.7
  1
HOLDS THE CLEAN ZONE AT +50 TO +100 Pa
  7
OpenSans
 11
381.24741480494157
 21
218.45000000000044
 31
0.0
100
AcDbText
 73
2
  0
LWPOLYLINE
  5
43E
330
17
100
AcDbEntity
  8
S-TABLE
100
AcDbPolyline
 90
4
 70
1
 10
282.0
 20
202.9489361702132
 10
460.0
 20
202.9489361702132
 10
460.0
 20
209.3489361702132
 10
282.0
 20
209.3489361702132
  0
TEXT
  5
43F
330
17
100
AcDbEntity
  8
S-TABLE
100
AcDbText
 10
371.0
 20
206.14893617021318
 30
0.0
 40
3.8
  1
EMP ZONE SCHEDULE
  7
OpenSans
 72
1
 11
371.0
 21
206.14893617021318
 31
0.0
100
AcDbText
 73
2
  0
LWPOLYLINE
  5
440
330
17
100
AcDbEntity
  8
S-TABLE
100
AcDbPolyline
 90
4
 70
1
 10
282.0
 20
196.74680851063872
 10
460.0
 20
196.74680851063872
 10
460.0
 20
202.9489361702132
 10
282.0
 20
202.9489361702132
  0
TEXT
  5
441
330
17
100
AcDbEntity
  8
S-TABLE
100
AcDbText
 10
291.97519123342533
 20
199.84787234042597
 30
0.0
 40
2.23
  1
ZONE
  7
OpenSans
 72
1
 11
291.97519123342533
 21
199.84787234042597
 31
0.0
100
AcDbText
 73
2
  0
LINE
  5
442
330
17
100
AcDbEntity
  8
S-TABLE
100
AcDbLine
 10
301.9503824668506
 20
196.74680851063872
 30
0.0
 11
301.9503824668506
 21
202.9489361702132
 31
0.0
  0
TEXT
  5
443
330
17
100
AcDbEntity
  8
S-TABLE
100
AcDbText
 10
328.3095831832238
 20
199.84787234042597
 30
0.0
 40
2.23
  1
WHAT IT IS
  7
OpenSans
 72
1
 11
328.3095831832238
 21
199.84787234042597
 31
0.0
100
AcDbText
 73
2
  0
LINE
  5
444
330
17
100
AcDbEntity
  8
S-TABLE
100
AcDbLine
 10
354.668783899597
 20
196.74680851063872
 30
0.0
 11
354.668783899597
 21
202.9489361702132
 31
0.0
  0
TEXT
  5
445
330
17
100
AcDbEntity
  8
S-TABLE
100
AcDbText
 10
390.56760991187974
 20
199.84787234042597
 30
0.0
 40
2.23
  1
SHIELDING MECHANISM
  7
OpenSans
 72
1
 11
390.56760991187974
 21
199.84787234042597
 31
0.0
100
AcDbText
 73
2
  0
LINE
  5
446
330
17
100
AcDbEntity
  8
S-TABLE
100
AcDbLine
 10
426.4664359241625
 20
196.74680851063872
 30
0.0
 11
426.4664359241625
 21
202.9489361702132
 31
0.0
  0
TEXT
  5
447
330
17
100
AcDbEntity
  8
S-TABLE
100
AcDbText
 10
443.2332179620812
 20
199.84787234042597
 30
0.0
 40
2.23
  1
PERFORMANCE
  7
OpenSans
 72
1
 11
443.2332179620812
 21
199.84787234042597
 31
0.0
100
AcDbText
 73
2
  0
LWPOLYLINE
  5
448
330
17
100
AcDbEntity
  8
S-TABLE
100
AcDbPolyline
 90
4
 70
1
 10
282.0
 20
190.54468085106424
 10
460.0
 20
190.54468085106424
 10
460.0
 20
196.74680851063872
 10
282.0
 20
196.74680851063872
  0
TEXT
  5
449
330
17
100
AcDbEntity
  8
S-TABLE
100
AcDbText
 10
291.97519123342533
 20
193.6457446808515
 30
0.0
 40
2.03
  1
EMP ZONE 0
  7
OpenSans
 72
1
 11
291.97519123342533
 21
193.6457446808515
 31
0.0
100
AcDbText
 73
2
  0
LINE
  5
44A
330
17
100
AcDbEntity
  8
S-TABLE
100
AcDbLine
 10
301.9503824668506
 20
190.54468085106424
 30
0.0
 11
301.9503824668506
 21
196.74680851063872
 31
0.0
  0
TEXT
  5
44B
330
17
100
AcDbEntity
  8
S-TABLE
100
AcDbText
 10
303.3503824668506
 20
193.6457446808515
 30
0.0
 40
2.03
  1
EVERYTHING ABOVE GRADE
  7
OpenSans
 11
303.3503824668506
 21
193.6457446808515
 31
0.0
100
AcDbText
 73
2
  0
LINE
  5
44C
330
17
100
AcDbEntity
  8
S-TABLE
100
AcDbLine
 10
354.668783899597
 20
190.54468085106424
 30
0.0
 11
354.668783899597
 21
196.74680851063872
 31
0.0
  0
TEXT
  5
44D
330
17
100
AcDbEntity
  8
S-TABLE
100
AcDbText
 10
356.06878389959695
 20
193.6457446808515
 30
0.0
 40
2.03
  1
NONE CREDITED
  7
OpenSans
 11
356.06878389959695
 21
193.6457446808515
 31
0.0
100
AcDbText
 73
2
  0
LINE
  5
44E
330
17
100
AcDbEntity
  8
S-TABLE
100
AcDbLine
 10
426.4664359241625
 20
190.54468085106424
 30
0.0
 11
426.4664359241625
 21
196.74680851063872
 31
0.0
  0
TEXT
  5
44F
330
17
100
AcDbEntity
  8
S-TABLE
100
AcDbText
 10
427.8664359241625
 20
193.6457446808515
 30
0.0
 40
2.03
  1
0 dB
  7
OpenSans
 11
427.8664359241625
 21
193.6457446808515
 31
0.0
100
AcDbText
 73
2
  0
LWPOLYLINE
  5
450
330
17
100
AcDbEntity
  8
S-TABLE
100
AcDbPolyline
 90
4
 70
1
 10
282.0
 20
184.34255319148977
 10
460.0
 20
184.34255319148977
 10
460.0
 20
190.54468085106424
 10
282.0
 20
190.54468085106424
  0
TEXT
  5
451
330
17
100
AcDbEntity
  8
S-TABLE
100
AcDbText
 10
291.97519123342533
 20
187.44361702127702
 30
0.0
 40
2.03
  1
EMP ZONE 1
  7
OpenSans
 72
1
 11
291.97519123342533
 21
187.44361702127702
 31
0.0
100
AcDbText
 73
2
  0
LINE
  5
452
330
17
100
AcDbEntity
  8
S-TABLE
100
AcDbLine
 10
301.9503824668506
 20
184.34255319148977
 30
0.0
 11
301.9503824668506
 21
190.54468085106424
 31
0.0
  0
TEXT
  5
453
330
17
100
AcDbEntity
  8
S-TABLE
100
AcDbText
 10
303.3503824668506
 20
187.44361702127702
 30
0.0
 40
2.03
  1
THE BURIED BOX, ALL EIGHT BAYS
  7
OpenSans
 11
303.3503824668506
 21
187.44361702127702
 31
0.0
100
AcDbText
 73
2
  0
LINE
  5
454
330
17
100
AcDbEntity
  8
S-TABLE
100
AcDbLine
 10
354.668783899597
 20
184.34255319148977
 30
0.0
 11
354.668783899597
 21
190.54468085106424
 31
0.0
  0
TEXT
  5
455
330
17
100
AcDbEntity
  8
S-TABLE
100
AcDbText
 10
356.06878389959695
 20
187.44361702127702
 30
0.0
 40
2.03
  1
REINFORCEMENT CAGE AT 150, BOTH CURTAINS
  7
OpenSans
 11
356.06878389959695
 21
187.44361702127702
 31
0.0
100
AcDbText
 73
2
  0
LINE
  5
456
330
17
100
AcDbEntity
  8
S-TABLE
100
AcDbLine
 10
426.4664359241625
 20
184.34255319148977
 30
0.0
 11
426.4664359241625
 21
190.54468085106424
 31
0.0
  0
TEXT
  5
457
330
17
100
AcDbEntity
  8
S-TABLE
100
AcDbText
 10
427.8664359241625
 20
187.44361702127702
 30
0.0
 40
2.03
  1
100 dB AT 10 kHz
  7
OpenSans
 11
427.8664359241625
 21
187.44361702127702
 31
0.0
100
AcDbText
 73
2
  0
LWPOLYLINE
  5
458
330
17
100
AcDbEntity
  8
S-TABLE
100
AcDbPolyline
 90
4
 70
1
 10
282.0
 20
178.1404255319153
 10
460.0
 20
178.1404255319153
 10
460.0
 20
184.34255319148977
 10
282.0
 20
184.34255319148977
  0
TEXT
  5
459
330
17
100
AcDbEntity
  8
S-TABLE
100
AcDbText
 10
291.97519123342533
 20
181.24148936170255
 30
0.0
 40
2.03
  1
EMP ZONE 2
  7
OpenSans
 72
1
 11
291.97519123342533
 21
181.24148936170255
 31
0.0
100
AcDbText
 73
2
  0
LINE
  5
45A
330
17
100
AcDbEntity
  8
S-TABLE
100
AcDbLine
 10
301.9503824668506
 20
178.1404255319153
 30
0.0
 11
301.9503824668506
 21
184.34255319148977
 31
0.0
  0
TEXT
  5
45B
330
17
100
AcDbEntity
  8
S-TABLE
100
AcDbText
 10
303.3503824668506
 20
181.24148936170255
 30
0.0
 40
2.03
  1
WELDED STEEL ENCLOSURE, BAY 3
  7
OpenSans
 11
303.3503824668506
 21
181.24148936170255
 31
0.0
100
AcDbText
 73
2
  0
LINE
  5
45C
330
17
100
AcDbEntity
  8
S-TABLE
100
AcDbLine
 10
354.668783899597
 20
178.1404255319153
 30
0.0
 11
354.668783899597
 21
184.34255319148977
 31
0.0
  0
TEXT
  5
45D
330
17
100
AcDbEntity
  8
S-TABLE
100
AcDbText
 10
356.06878389959695
 20
181.24148936170255
 30
0.0
 40
2.03
  1
SOLID WELDED STEEL, PANEL 50
  7
OpenSans
 11
356.06878389959695
 21
181.24148936170255
 31
0.0
100
AcDbText
 73
2
  0
LINE
  5
45E
330
17
100
AcDbEntity
  8
S-TABLE
100
AcDbLine
 10
426.4664359241625
 20
178.1404255319153
 30
0.0
 11
426.4664359241625
 21
184.34255319148977
 31
0.0
  0
TEXT
  5
45F
330
17
100
AcDbEntity
  8
S-TABLE
100
AcDbText
 10
427.8664359241625
 20
181.24148936170255
 30
0.0
 40
2.03
  1
80 dB, 10 kHz - 1 GHz
  7
OpenSans
 11
427.8664359241625
 21
181.24148936170255
 31
0.0
100
AcDbText
 73
2
  0
LWPOLYLINE
  5
460
330
17
100
AcDbEntity
  8
S-TABLE
100
AcDbPolyline
 90
4
 70
1
 10
282.0
 20
171.93829787234083
 10
460.0
 20
171.93829787234083
 10
460.0
 20
178.1404255319153
 10
282.0
 20
178.1404255319153
  0
TEXT
  5
461
330
17
100
AcDbEntity
  8
S-TABLE
100
AcDbText
 10
283.6
 20
175.03936170212808
 30
0.0
 40
2.23
  1
EMP ZONE 2 EXTERNAL 2400 x 1600 x 2200 AT X 5820-8220, Y 3700-5300, INTERNAL 2300 x 1500 x 2100
  7
OpenSans
 11
283.6
 21
175.03936170212808
 31
0.0
100
AcDbText
 73
2
  0
LWPOLYLINE
  5
462
330
17
100
AcDbEntity
  8
S-TABLE
100
AcDbPolyline
 90
4
 70
1
 10
282.0
 20
165.73617021276635
 10
460.0
 20
165.73617021276635
 10
460.0
 20
171.93829787234083
 10
282.0
 20
171.93829787234083
  0
TEXT
  5
463
330
17
100
AcDbEntity
  8
S-TABLE
100
AcDbText
 10
283.6
 20
168.8372340425536
 30
0.0
 40
2.23
  1
EMP ZONE 2 IS VERIFIED BY A FULL IEEE Std 299 SURVEY - A HOLD POINT BEFORE ANY EQUIPMENT IS INSTALLED
  7
OpenSans
 11
283.6
 21
168.8372340425536
 31
0.0
100
AcDbText
 73
2
  0
LWPOLYLINE
  5
464
330
17
100
AcDbEntity
  8
S-TABLE
100
AcDbPolyline
 90
4
 70
1
 10
282.0
 20
153.33617021276635
 10
460.0
 20
153.33617021276635
 10
460.0
 20
159.73617021276635
 10
282.0
 20
159.73617021276635
  0
TEXT
  5
465
330
17
100
AcDbEntity
  8
S-TABLE
100
AcDbText
 10
371.0
 20
156.53617021276634
 30
0.0
 40
3.8
  1
ENVELOPE PENETRATION REGISTER
  7
OpenSans
 72
1
 11
371.0
 21
156.53617021276634
 31
0.0
100
AcDbText
 73
2
  0
LWPOLYLINE
  5
466
330
17
100
AcDbEntity
  8
S-TABLE
100
AcDbPolyline
 90
4
 70
1
 10
282.0
 20
147.13404255319188
 10
460.0
 20
147.13404255319188
 10
460.0
 20
153.33617021276635
 10
282.0
 20
153.33617021276635
  0
TEXT
  5
467
330
17
100
AcDbEntity
  8
S-TABLE
100
AcDbText
 10
289.2065593733771
 20
150.23510638297913
 30
0.0
 40
2.6808510638297873
  1
TAG
  7
OpenSans
 72
1
 11
289.2065593733771
 21
150.23510638297913
 31
0.0
100
AcDbText
 73
2
  0
LINE
  5
468
330
17
100
AcDbEntity
  8
S-TABLE
100
AcDbLine
 10
296.41311874675426
 20
147.13404255319188
 30
0.0
 11
296.41311874675426
 21
153.33617021276635
 31
0.0
  0
TEXT
  5
469
330
17
100
AcDbEntity
  8
S-TABLE
100
AcDbText
 10
319.96139467463536
 20
150.23510638297913
 30
0.0
 40
2.6808510638297873
  1
KIND
  7
OpenSans
 72
1
 11
319.96139467463536
 21
150.23510638297913
 31
0.0
100
AcDbText
 73
2
  0
LINE
  5
46A
330
17
100
AcDbEntity
  8
S-TABLE
100
AcDbLine
 10
343.50967060251645
 20
147.13404255319188
 30
0.0
 11
343.50967060251645
 21
153.33617021276635
 31
0.0
  0
TEXT
  5
46B
330
17
100
AcDbEntity
  8
S-TABLE
100
AcDbText
 10
355.7312604158103
 20
150.23510638297913
 30
0.0
 40
2.6808510638297873
  1
BORE
  7
OpenSans
 72
1
 11
355.7312604158103
 21
150.23510638297913
 31
0.0
100
AcDbText
 73
2
  0
LINE
  5
46C
330
17
100
AcDbEntity
  8
S-TABLE
100
AcDbLine
 10
367.9528502291042
 20
147.13404255319188
 30
0.0
 11
367.9528502291042
 21
153.33617021276635
 31
0.0
  0
TEXT
  5
46D
330
17
100
AcDbEntity
  8
S-TABLE
100
AcDbText
 10
375.170164719164
 20
150.23510638297913
 30
0.0
 40
2.6808510638297873
  1
WALL
  7
OpenSans
 72
1
 11
375.170164719164
 21
150.23510638297913
 31
0.0
100
AcDbText
 73
2
  0
LINE
  5
46E
330
17
100
AcDbEntity
  8
S-TABLE
100
AcDbLine
 10
382.38747920922384
 20
147.13404255319188
 30
0.0
 11
382.38747920922384
 21
153.33617021276635
 31
0.0
  0
TEXT
  5
46F
330
17
100
AcDbEntity
  8
S-TABLE
100
AcDbText
 10
421.1937396046119
 20
150.23510638297913
 30
0.0
 40
2.6808510638297873
  1
HOST
  7
OpenSans
 72
1
 11
421.1937396046119
 21
150.23510638297913
 31
0.0
100
AcDbText
 73
2
  0
LWPOLYLINE
  5
470
330
17
100
AcDbEntity
  8
S-TABLE
100
AcDbPolyline
 90
4
 70
1
 10
282.0
 20
140.9319148936174
 10
460.0
 20
140.9319148936174
 10
460.0
 20
147.13404255319188
 10
282.0
 20
147.13404255319188
  0
TEXT
  5
471
330
17
100
AcDbEntity
  8
S-TABLE
100
AcDbText
 10
289.2065593733771
 20
144.03297872340465
 30
0.0
 40
2.480851063829787
  1
BV-1
  7
OpenSans
 72
1
 11
289.2065593733771
 21
144.03297872340465
 31
0.0
100
AcDbText
 73
2
  0
LINE
  5
472
330
17
100
AcDbEntity
  8
S-TABLE
100
AcDbLine
 10
296.41311874675426
 20
140.9319148936174
 30
0.0
 11
296.41311874675426
 21
147.13404255319188
 31
0.0
  0
TEXT
  5
473
330
17
100
AcDbEntity
  8
S-TABLE
100
AcDbText
 10
297.81311874675424
 20
144.03297872340465
 30
0.0
 40
2.480851063829787
  1
BLAST VALVE
  7
OpenSans
 11
297.81311874675424
 21
144.03297872340465
 31
0.0
100
AcDbText
 73
2
  0
LINE
  5
474
330
17
100
AcDbEntity
  8
S-TABLE
100
AcDbLine
 10
343.50967060251645
 20
140.9319148936174
 30
0.0
 11
343.50967060251645
 21
147.13404255319188
 31
0.0
  0
TEXT
  5
475
330
17
100
AcDbEntity
  8
S-TABLE
100
AcDbText
 10
355.7312604158103
 20
144.03297872340465
 30
0.0
 40
2.480851063829787
  1
100 DIA
  7
OpenSans
 72
1
 11
355.7312604158103
 21
144.03297872340465
 31
0.0
100
AcDbText
 73
2
  0
LINE
  5
476
330
17
100
AcDbEntity
  8
S-TABLE
100
AcDbLine
 10
367.9528502291042
 20
140.9319148936174
 30
0.0
 11
367.9528502291042
 21
147.13404255319188
 31
0.0
  0
TEXT
  5
477
330
17
100
AcDbEntity
  8
S-TABLE
100
AcDbText
 10
375.170164719164
 20
144.03297872340465
 30
0.0
 40
2.480851063829787
  1
600
  7
OpenSans
 72
1
 11
375.170164719164
 21
144.03297872340465
 31
0.0
100
AcDbText
 73
2
  0
LINE
  5
478
330
17
100
AcDbEntity
  8
S-TABLE
100
AcDbLine
 10
382.38747920922384
 20
140.9319148936174
 30
0.0
 11
382.38747920922384
 21
147.13404255319188
 31
0.0
  0
TEXT
  5
479
330
17
100
AcDbEntity
  8
S-TABLE
100
AcDbText
 10
383.7874792092238
 20
144.03297872340465
 30
0.0
 40
2.480851063829787
  1
W1 WEST WALL, BAY 1
  7
OpenSans
 11
383.7874792092238
 21
144.03297872340465
 31
0.0
100
AcDbText
 73
2
  0
LWPOLYLINE
  5
47A
330
17
100
AcDbEntity
  8
S-TABLE
100
AcDbPolyline
 90
4
 70
1
 10
282.0
 20
134.72978723404293
 10
460.0
 20
134.72978723404293
 10
460.0
 20
140.9319148936174
 10
282.0
 20
140.9319148936174
  0
TEXT
  5
47B
330
17
100
AcDbEntity
  8
S-TABLE
100
AcDbText
 10
289.2065593733771
 20
137.83085106383018
 30
0.0
 40
2.480851063829787
  1
BV-2
  7
OpenSans
 72
1
 11
289.2065593733771
 21
137.83085106383018
 31
0.0
100
AcDbText
 73
2
  0
LINE
  5
47C
330
17
100
AcDbEntity
  8
S-TABLE
100
AcDbLine
 10
296.41311874675426
 20
134.72978723404293
 30
0.0
 11
296.41311874675426
 21
140.9319148936174
 31
0.0
  0
TEXT
  5
47D
330
17
100
AcDbEntity
  8
S-TABLE
100
AcDbText
 10
297.81311874675424
 20
137.83085106383018
 30
0.0
 40
2.480851063829787
  1
BLAST VALVE
  7
OpenSans
 11
297.81311874675424
 21
137.83085106383018
 31
0.0
100
AcDbText
 73
2
  0
LINE
  5
47E
330
17
100
AcDbEntity
  8
S-TABLE
100
AcDbLine
 10
343.50967060251645
 20
134.72978723404293
 30
0.0
 11
343.50967060251645
 21
140.9319148936174
 31
0.0
  0
TEXT
  5
47F
330
17
100
AcDbEntity
  8
S-TABLE
100
AcDbText
 10
355.7312604158103
 20
137.83085106383018
 30
0.0
 40
2.480851063829787
  1
100 DIA
  7
OpenSans
 72
1
 11
355.7312604158103
 21
137.83085106383018
 31
0.0
100
AcDbText
 73
2
  0
LINE
  5
480
330
17
100
AcDbEntity
  8
S-TABLE
100
AcDbLine
 10
367.9528502291042
 20
134.72978723404293
 30
0.0
 11
367.9528502291042
 21
140.9319148936174
 31
0.0
  0
TEXT
  5
481
330
17
100
AcDbEntity
  8
S-TABLE
100
AcDbText
 10
375.170164719164
 20
137.83085106383018
 30
0.0
 40
2.480851063829787
  1
600
  7
OpenSans
 72
1
 11
375.170164719164
 21
137.83085106383018
 31
0.0
100
AcDbText
 73
2
  0
LINE
  5
482
330
17
100
AcDbEntity
  8
S-TABLE
100
AcDbLine
 10
382.38747920922384
 20
134.72978723404293
 30
0.0
 11
382.38747920922384
 21
140.9319148936174
 31
0.0
  0
TEXT
  5
483
330
17
100
AcDbEntity
  8
S-TABLE
100
AcDbText
 10
383.7874792092238
 20
137.83085106383018
 30
0.0
 40
2.480851063829787
  1
W1 WEST WALL, BAY 1
  7
OpenSans
 11
383.7874792092238
 21
137.83085106383018
 31
0.0
100
AcDbText
 73
2
  0
LWPOLYLINE
  5
484
330
17
100
AcDbEntity
  8
S-TABLE
100
AcDbPolyline
 90
4
 70
1
 10
282.0
 20
128.52765957446846
 10
460.0
 20
128.52765957446846
 10
460.0
 20
134.72978723404293
 10
282.0
 20
134.72978723404293
  0
TEXT
  5
485
330
17
100
AcDbEntity
  8
S-TABLE
100
AcDbText
 10
289.2065593733771
 20
131.6287234042557
 30
0.0
 40
2.480851063829787
  1
BV-3
  7
OpenSans
 72
1
 11
289.2065593733771
 21
131.6287234042557
 31
0.0
100
AcDbText
 73
2
  0
LINE
  5
486
330
17
100
AcDbEntity
  8
S-TABLE
100
AcDbLine
 10
296.41311874675426
 20
128.52765957446846
 30
0.0
 11
296.41311874675426
 21
134.72978723404293
 31
0.0
  0
TEXT
  5
487
330
17
100
AcDbEntity
  8
S-TABLE
100
AcDbText
 10
297.81311874675424
 20
131.6287234042557
 30
0.0
 40
2.480851063829787
  1
BLAST VALVE
  7
OpenSans
 11
297.81311874675424
 21
131.6287234042557
 31
0.0
100
AcDbText
 73
2
  0
LINE
  5
488
330
17
100
AcDbEntity
  8
S-TABLE
100
AcDbLine
 10
343.50967060251645
 20
128.52765957446846
 30
0.0
 11
343.50967060251645
 21
134.72978723404293
 31
0.0
  0
TEXT
  5
489
330
17
100
AcDbEntity
  8
S-TABLE
100
AcDbText
 10
355.7312604158103
 20
131.6287234042557
 30
0.0
 40
2.480851063829787
  1
100 DIA
  7
OpenSans
 72
1
 11
355.7312604158103
 21
131.6287234042557
 31
0.0
100
AcDbText
 73
2
  0
LINE
  5
48A
330
17
100
AcDbEntity
  8
S-TABLE
100
AcDbLine
 10
367.9528502291042
 20
128.52765957446846
 30
0.0
 11
367.9528502291042
 21
134.72978723404293
 31
0.0
  0
TEXT
  5
48B
330
17
100
AcDbEntity
  8
S-TABLE
100
AcDbText
 10
375.170164719164
 20
131.6287234042557
 30
0.0
 40
2.480851063829787
  1
400
  7
OpenSans
 72
1
 11
375.170164719164
 21
131.6287234042557
 31
0.0
100
AcDbText
 73
2
  0
LINE
  5
48C
330
17
100
AcDbEntity
  8
S-TABLE
100
AcDbLine
 10
382.38747920922384
 20
128.52765957446846
 30
0.0
 11
382.38747920922384
 21
134.72978723404293
 31
0.0
  0
TEXT
  5
48D
330
17
100
AcDbEntity
  8
S-TABLE
100
AcDbText
 10
383.7874792092238
 20
131.6287234042557
 30
0.0
 40
2.480851063829787
  1
W6, (14998, 4900)
  7
OpenSans
 11
383.7874792092238
 21
131.6287234042557
 31
0.0
100
AcDbText
 73
2
  0
LWPOLYLINE
  5
48E
330
17
100
AcDbEntity
  8
S-TABLE
100
AcDbPolyline
 90
4
 70
1
 10
282.0
 20
122.32553191489399
 10
460.0
 20
122.32553191489399
 10
460.0
 20
128.52765957446846
 10
282.0
 20
128.52765957446846
  0
TEXT
  5
48F
330
17
100
AcDbEntity
  8
S-TABLE
100
AcDbText
 10
289.2065593733771
 20
125.42659574468122
 30
0.0
 40
2.480851063829787
  1
BV-4
  7
OpenSans
 72
1
 11
289.2065593733771
 21
125.42659574468122
 31
0.0
100
AcDbText
 73
2
  0
LINE
  5
490
330
17
100
AcDbEntity
  8
S-TABLE
100
AcDbLine
 10
296.41311874675426
 20
122.32553191489399
 30
0.0
 11
296.41311874675426
 21
128.52765957446846
 31
0.0
  0
TEXT
  5
491
330
17
100
AcDbEntity
  8
S-TABLE
100
AcDbText
 10
297.81311874675424
 20
125.42659574468122
 30
0.0
 40
2.480851063829787
  1
BLAST VALVE
  7
OpenSans
 11
297.81311874675424
 21
125.42659574468122
 31
0.0
100
AcDbText
 73
2
  0
LINE
  5
492
330
17
100
AcDbEntity
  8
S-TABLE
100
AcDbLine
 10
343.50967060251645
 20
122.32553191489399
 30
0.0
 11
343.50967060251645
 21
128.52765957446846
 31
0.0
  0
TEXT
  5
493
330
17
100
AcDbEntity
  8
S-TABLE
100
AcDbText
 10
355.7312604158103
 20
125.42659574468122
 30
0.0
 40
2.480851063829787
  1
350 DIA
  7
OpenSans
 72
1
 11
355.7312604158103
 21
125.42659574468122
 31
0.0
100
AcDbText
 73
2
  0
LINE
  5
494
330
17
100
AcDbEntity
  8
S-TABLE
100
AcDbLine
 10
367.9528502291042
 20
122.32553191489399
 30
0.0
 11
367.9528502291042
 21
128.52765957446846
 31
0.0
  0
TEXT
  5
495
330
17
100
AcDbEntity
  8
S-TABLE
100
AcDbText
 10
375.170164719164
 20
125.42659574468122
 30
0.0
 40
2.480851063829787
  1
600
  7
OpenSans
 72
1
 11
375.170164719164
 21
125.42659574468122
 31
0.0
100
AcDbText
 73
2
  0
LINE
  5
496
330
17
100
AcDbEntity
  8
S-TABLE
100
AcDbLine
 10
382.38747920922384
 20
122.32553191489399
 30
0.0
 11
382.38747920922384
 21
128.52765957446846
 31
0.0
  0
TEXT
  5
497
330
17
100
AcDbEntity
  8
S-TABLE
100
AcDbText
 10
383.7874792092238
 20
125.42659574468122
 30
0.0
 40
2.480851063829787
  1
EAST WALL, BAY 8
  7
OpenSans
 11
383.7874792092238
 21
125.42659574468122
 31
0.0
100
AcDbText
 73
2
  0
LWPOLYLINE
  5
498
330
17
100
AcDbEntity
  8
S-TABLE
100
AcDbPolyline
 90
4
 70
1
 10
282.0
 20
116.12340425531951
 10
460.0
 20
116.12340425531951
 10
460.0
 20
122.32553191489399
 10
282.0
 20
122.32553191489399
  0
TEXT
  5
499
330
17
100
AcDbEntity
  8
S-TABLE
100
AcDbText
 10
289.2065593733771
 20
119.22446808510675
 30
0.0
 40
2.480851063829787
  1
BV-5
  7
OpenSans
 72
1
 11
289.2065593733771
 21
119.22446808510675
 31
0.0
100
AcDbText
 73
2
  0
LINE
  5
49A
330
17
100
AcDbEntity
  8
S-TABLE
100
AcDbLine
 10
296.41311874675426
 20
116.12340425531951
 30
0.0
 11
296.41311874675426
 21
122.32553191489399
 31
0.0
  0
TEXT
  5
49B
330
17
100
AcDbEntity
  8
S-TABLE
100
AcDbText
 10
297.81311874675424
 20
119.22446808510675
 30
0.0
 40
2.480851063829787
  1
BLAST VALVE
  7
OpenSans
 11
297.81311874675424
 21
119.22446808510675
 31
0.0
100
AcDbText
 73
2
  0
LINE
  5
49C
330
17
100
AcDbEntity
  8
S-TABLE
100
AcDbLine
 10
343.50967060251645
 20
116.12340425531951
 30
0.0
 11
343.50967060251645
 21
122.32553191489399
 31
0.0
  0
TEXT
  5
49D
330
17
100
AcDbEntity
  8
S-TABLE
100
AcDbText
 10
355.7312604158103
 20
119.22446808510675
 30
0.0
 40
2.480851063829787
  1
350 DIA
  7
OpenSans
 72
1
 11
355.7312604158103
 21
119.22446808510675
 31
0.0
100
AcDbText
 73
2
  0
LINE
  5
49E
330
17
100
AcDbEntity
  8
S-TABLE
100
AcDbLine
 10
367.9528502291042
 20
116.12340425531951
 30
0.0
 11
367.9528502291042
 21
122.32553191489399
 31
0.0
  0
TEXT
  5
49F
330
17
100
AcDbEntity
  8
S-TABLE
100
AcDbText
 10
375.170164719164
 20
119.22446808510675
 30
0.0
 40
2.480851063829787
  1
600
  7
OpenSans
 72
1
 11
375.170164719164
 21
119.22446808510675
 31
0.0
100
AcDbText
 73
2
  0
LINE
  5
4A0
330
17
100
AcDbEntity
  8
S-TABLE
100
AcDbLine
 10
382.38747920922384
 20
116.12340425531951
 30
0.0
 11
382.38747920922384
 21
122.32553191489399
 31
0.0
  0
TEXT
  5
4A1
330
17
100
AcDbEntity
  8
S-TABLE
100
AcDbText
 10
383.7874792092238
 20
119.22446808510675
 30
0.0
 40
2.480851063829787
  1
EAST WALL, BAY 8
  7
OpenSans
 11
383.7874792092238
 21
119.22446808510675
 31
0.0
100
AcDbText
 73
2
  0
LWPOLYLINE
  5
4A2
330
17
100
AcDbEntity
  8
S-TABLE
100
AcDbPolyline
 90
4
 70
1
 10
282.0
 20
109.92127659574504
 10
460.0
 20
109.92127659574504
 10
460.0
 20
116.12340425531951
 10
282.0
 20
116.12340425531951
  0
TEXT
  5
4A3
330
17
100
AcDbEntity
  8
S-TABLE
100
AcDbText
 10
289.2065593733771
 20
113.02234042553228
 30
0.0
 40
2.480851063829787
  1
SEP
  7
OpenSans
 72
1
 11
289.2065593733771
 21
113.02234042553228
 31
0.0
100
AcDbText
 73
2
  0
LINE
  5
4A4
330
17
100
AcDbEntity
  8
S-TABLE
100
AcDbLine
 10
296.41311874675426
 20
109.92127659574504
 30
0.0
 11
296.41311874675426
 21
116.12340425531951
 31
0.0
  0
TEXT
  5
4A5
330
17
100
AcDbEntity
  8
S-TABLE
100
AcDbText
 10
297.81311874675424
 20
113.02234042553228
 30
0.0
 40
2.480851063829787
  1
SERVICE ENTRY PLATE
  7
OpenSans
 11
297.81311874675424
 21
113.02234042553228
 31
0.0
100
AcDbText
 73
2
  0
LINE
  5
4A6
330
17
100
AcDbEntity
  8
S-TABLE
100
AcDbLine
 10
343.50967060251645
 20
109.92127659574504
 30
0.0
 11
343.50967060251645
 21
116.12340425531951
 31
0.0
  0
TEXT
  5
4A7
330
17
100
AcDbEntity
  8
S-TABLE
100
AcDbText
 10
355.7312604158103
 20
113.02234042553228
 30
0.0
 40
2.480851063829787
  1
800 WIDE
  7
OpenSans
 72
1
 11
355.7312604158103
 21
113.02234042553228
 31
0.0
100
AcDbText
 73
2
  0
LINE
  5
4A8
330
17
100
AcDbEntity
  8
S-TABLE
100
AcDbLine
 10
367.9528502291042
 20
109.92127659574504
 30
0.0
 11
367.9528502291042
 21
116.12340425531951
 31
0.0
  0
TEXT
  5
4A9
330
17
100
AcDbEntity
  8
S-TABLE
100
AcDbText
 10
375.170164719164
 20
113.02234042553228
 30
0.0
 40
2.480851063829787
  1
600
  7
OpenSans
 72
1
 11
375.170164719164
 21
113.02234042553228
 31
0.0
100
AcDbText
 73
2
  0
LINE
  5
4AA
330
17
100
AcDbEntity
  8
S-TABLE
100
AcDbLine
 10
382.38747920922384
 20
109.92127659574504
 30
0.0
 11
382.38747920922384
 21
116.12340425531951
 31
0.0
  0
TEXT
  5
4AB
330
17
100
AcDbEntity
  8
S-TABLE
100
AcDbText
 10
383.7874792092238
 20
113.02234042553228
 30
0.0
 40
2.480851063829787
  1
NORTH WALL, X 11398-12198
  7
OpenSans
 11
383.7874792092238
 21
113.02234042553228
 31
0.0
100
AcDbText
 73
2
  0
LWPOLYLINE
  5
4AC
330
17
100
AcDbEntity
  8
S-TABLE
100
AcDbPolyline
 90
4
 70
1
 10
282.0
 20
103.71914893617057
 10
460.0
 20
103.71914893617057
 10
460.0
 20
109.92127659574504
 10
282.0
 20
109.92127659574504
  0
TEXT
  5
4AD
330
17
100
AcDbEntity
  8
S-TABLE
100
AcDbText
 10
289.2065593733771
 20
106.8202127659578
 30
0.0
 40
2.480851063829787
  1
PD-05
  7
OpenSans
 72
1
 11
289.2065593733771
 21
106.8202127659578
 31
0.0
100
AcDbText
 73
2
  0
LINE
  5
4AE
330
17
100
AcDbEntity
  8
S-TABLE
100
AcDbLine
 10
296.41311874675426
 20
103.71914893617057
 30
0.0
 11
296.41311874675426
 21
109.92127659574504
 31
0.0
  0
TEXT
  5
4AF
330
17
100
AcDbEntity
  8
S-TABLE
100
AcDbText
 10
297.81311874675424
 20
106.8202127659578
 30
0.0
 40
2.480851063829787
  1
RISING MAIN BORE
  7
OpenSans
 11
297.81311874675424
 21
106.8202127659578
 31
0.0
100
AcDbText
 73
2
  0
LINE
  5
4B0
330
17
100
AcDbEntity
  8
S-TABLE
100
AcDbLine
 10
343.50967060251645
 20
103.71914893617057
 30
0.0
 11
343.50967060251645
 21
109.92127659574504
 31
0.0
  0
TEXT
  5
4B1
330
17
100
AcDbEntity
  8
S-TABLE
100
AcDbText
 10
355.7312604158103
 20
106.8202127659578
 30
0.0
 40
2.480851063829787
  1
50 DIA
  7
OpenSans
 72
1
 11
355.7312604158103
 21
106.8202127659578
 31
0.0
100
AcDbText
 73
2
  0
LINE
  5
4B2
330
17
100
AcDbEntity
  8
S-TABLE
100
AcDbLine
 10
367.9528502291042
 20
103.71914893617057
 30
0.0
 11
367.9528502291042
 21
109.92127659574504
 31
0.0
  0
TEXT
  5
4B3
330
17
100
AcDbEntity
  8
S-TABLE
100
AcDbText
 10
375.170164719164
 20
106.8202127659578
 30
0.0
 40
2.480851063829787
  1
600
  7
OpenSans
 72
1
 11
375.170164719164
 21
106.8202127659578
 31
0.0
100
AcDbText
 73
2
  0
LINE
  5
4B4
330
17
100
AcDbEntity
  8
S-TABLE
100
AcDbLine
 10
382.38747920922384
 20
103.71914893617057
 30
0.0
 11
382.38747920922384
 21
109.92127659574504
 31
0.0
  0
TEXT
  5
4B5
330
17
100
AcDbEntity
  8
S-TABLE
100
AcDbText
 10
383.7874792092238
 20
106.8202127659578
 30
0.0
 40
2.480851063829787
  1
THROUGH THE SERVICE ENTRY PLATE
  7
OpenSans
 11
383.7874792092238
 21
106.8202127659578
 31
0.0
100
AcDbText
 73
2
  0
LWPOLYLINE
  5
4B6
330
17
100
AcDbEntity
  8
S-TABLE
100
AcDbPolyline
 90
4
 70
1
 10
282.0
 20
97.5170212765961
 10
460.0
 20
97.5170212765961
 10
460.0
 20
103.71914893617057
 10
282.0
 20
103.71914893617057
  0
TEXT
  5
4B7
330
17
100
AcDbEntity
  8
S-TABLE
100
AcDbText
 10
289.2065593733771
 20
100.61808510638333
 30
0.0
 40
2.480851063829787
  1
ESC1
  7
OpenSans
 72
1
 11
289.2065593733771
 21
100.61808510638333
 31
0.0
100
AcDbText
 73
2
  0
LINE
  5
4B8
330
17
100
AcDbEntity
  8
S-TABLE
100
AcDbLine
 10
296.41311874675426
 20
97.5170212765961
 30
0.0
 11
296.41311874675426
 21
103.71914893617057
 31
0.0
  0
TEXT
  5
4B9
330
17
100
AcDbEntity
  8
S-TABLE
100
AcDbText
 10
297.81311874675424
 20
100.61808510638333
 30
0.0
 40
2.480851063829787
  1
ESCAPE SHAFT
  7
OpenSans
 11
297.81311874675424
 21
100.61808510638333
 31
0.0
100
AcDbText
 73
2
  0
LINE
  5
4BA
330
17
100
AcDbEntity
  8
S-TABLE
100
AcDbLine
 10
343.50967060251645
 20
97.5170212765961
 30
0.0
 11
343.50967060251645
 21
103.71914893617057
 31
0.0
  0
TEXT
  5
4BB
330
17
100
AcDbEntity
  8
S-TABLE
100
AcDbText
 10
355.7312604158103
 20
100.61808510638333
 30
0.0
 40
2.480851063829787
  1
1400 DIA
  7
OpenSans
 72
1
 11
355.7312604158103
 21
100.61808510638333
 31
0.0
100
AcDbText
 73
2
  0
LINE
  5
4BC
330
17
100
AcDbEntity
  8
S-TABLE
100
AcDbLine
 10
367.9528502291042
 20
97.5170212765961
 30
0.0
 11
367.9528502291042
 21
103.71914893617057
 31
0.0
  0
TEXT
  5
4BD
330
17
100
AcDbEntity
  8
S-TABLE
100
AcDbText
 10
375.170164719164
 20
100.61808510638333
 30
0.0
 40
2.480851063829787
  1
3050
  7
OpenSans
 72
1
 11
375.170164719164
 21
100.61808510638333
 31
0.0
100
AcDbText
 73
2
  0
LINE
  5
4BE
330
17
100
AcDbEntity
  8
S-TABLE
100
AcDbLine
 10
382.38747920922384
 20
97.5170212765961
 30
0.0
 11
382.38747920922384
 21
103.71914893617057
 31
0.0
  0
TEXT
  5
4BF
330
17
100
AcDbEntity
  8
S-TABLE
100
AcDbText
 10
383.7874792092238
 20
100.61808510638333
 30
0.0
 40
2.480851063829787
  1
BAY 1, (2050, 2050)
  7
OpenSans
 11
383.7874792092238
 21
100.61808510638333
 31
0.0
100
AcDbText
 73
2
  0
LWPOLYLINE
  5
4C0
330
17
100
AcDbEntity
  8
S-TABLE
100
AcDbPolyline
 90
4
 70
1
 10
282.0
 20
91.31489361702162
 10
460.0
 20
91.31489361702162
 10
460.0
 20
97.5170212765961
 10
282.0
 20
97.5170212765961
  0
TEXT
  5
4C1
330
17
100
AcDbEntity
  8
S-TABLE
100
AcDbText
 10
289.2065593733771
 20
94.41595744680886
 30
0.0
 40
2.480851063829787
  1
ESC2
  7
OpenSans
 72
1
 11
289.2065593733771
 21
94.41595744680886
 31
0.0
100
AcDbText
 73
2
  0
LINE
  5
4C2
330
17
100
AcDbEntity
  8
S-TABLE
100
AcDbLine
 10
296.41311874675426
 20
91.31489361702162
 30
0.0
 11
296.41311874675426
 21
97.5170212765961
 31
0.0
  0
TEXT
  5
4C3
330
17
100
AcDbEntity
  8
S-TABLE
100
AcDbText
 10
297.81311874675424
 20
94.41595744680886
 30
0.0
 40
2.480851063829787
  1
ESCAPE SHAFT
  7
OpenSans
 11
297.81311874675424
 21
94.41595744680886
 31
0.0
100
AcDbText
 73
2
  0
LINE
  5
4C4
330
17
100
AcDbEntity
  8
S-TABLE
100
AcDbLine
 10
343.50967060251645
 20
91.31489361702162
 30
0.0
 11
343.50967060251645
 21
97.5170212765961
 31
0.0
  0
TEXT
  5
4C5
330
17
100
AcDbEntity
  8
S-TABLE
100
AcDbText
 10
355.7312604158103
 20
94.41595744680886
 30
0.0
 40
2.480851063829787
  1
1400 DIA
  7
OpenSans
 72
1
 11
355.7312604158103
 21
94.41595744680886
 31
0.0
100
AcDbText
 73
2
  0
LINE
  5
4C6
330
17
100
AcDbEntity
  8
S-TABLE
100
AcDbLine
 10
367.9528502291042
 20
91.31489361702162
 30
0.0
 11
367.9528502291042
 21
97.5170212765961
 31
0.0
  0
TEXT
  5
4C7
330
17
100
AcDbEntity
  8
S-TABLE
100
AcDbText
 10
375.170164719164
 20
94.41595744680886
 30
0.0
 40
2.480851063829787
  1
3600
  7
OpenSans
 72
1
 11
375.170164719164
 21
94.41595744680886
 31
0.0
100
AcDbText
 73
2
  0
LINE
  5
4C8
330
17
100
AcDbEntity
  8
S-TABLE
100
AcDbLine
 10
382.38747920922384
 20
91.31489361702162
 30
0.0
 11
382.38747920922384
 21
97.5170212765961
 31
0.0
  0
TEXT
  5
4C9
330
17
100
AcDbEntity
  8
S-TABLE
100
AcDbText
 10
383.7874792092238
 20
94.41595744680886
 30
0.0
 40
2.480851063829787
  1
BAY 8, (19900, 2050)
  7
OpenSans
 11
383.7874792092238
 21
94.41595744680886
 31
0.0
100
AcDbText
 73
2
  0
LWPOLYLINE
  5
4CA
330
17
100
AcDbEntity
  8
S-TABLE
100
AcDbPolyline
 90
4
 70
1
 10
282.0
 20
85.11276595744715
 10
460.0
 20
85.11276595744715
 10
460.0
 20
91.31489361702162
 10
282.0
 20
91.31489361702162
  0
TEXT
  5
4CB
330
17
100
AcDbEntity
  8
S-TABLE
100
AcDbText
 10
289.2065593733771
 20
88.21382978723439
 30
0.0
 40
2.480851063829787
  1
VOID
  7
OpenSans
 72
1
 11
289.2065593733771
 21
88.21382978723439
 31
0.0
100
AcDbText
 73
2
  0
LINE
  5
4CC
330
17
100
AcDbEntity
  8
S-TABLE
100
AcDbLine
 10
296.41311874675426
 20
85.11276595744715
 30
0.0
 11
296.41311874675426
 21
91.31489361702162
 31
0.0
  0
TEXT
  5
4CD
330
17
100
AcDbEntity
  8
S-TABLE
100
AcDbText
 10
297.81311874675424
 20
88.21382978723439
 30
0.0
 40
2.480851063829787
  1
STAIR VOID
  7
OpenSans
 11
297.81311874675424
 21
88.21382978723439
 31
0.0
100
AcDbText
 73
2
  0
LINE
  5
4CE
330
17
100
AcDbEntity
  8
S-TABLE
100
AcDbLine
 10
343.50967060251645
 20
85.11276595744715
 30
0.0
 11
343.50967060251645
 21
91.31489361702162
 31
0.0
  0
TEXT
  5
4CF
330
17
100
AcDbEntity
  8
S-TABLE
100
AcDbText
 10
355.7312604158103
 20
88.21382978723439
 30
0.0
 40
2.480851063829787
  1
3160 WIDE
  7
OpenSans
 72
1
 11
355.7312604158103
 21
88.21382978723439
 31
0.0
100
AcDbText
 73
2
  0
LINE
  5
4D0
330
17
100
AcDbEntity
  8
S-TABLE
100
AcDbLine
 10
367.9528502291042
 20
85.11276595744715
 30
0.0
 11
367.9528502291042
 21
91.31489361702162
 31
0.0
  0
TEXT
  5
4D1
330
17
100
AcDbEntity
  8
S-TABLE
100
AcDbText
 10
375.170164719164
 20
88.21382978723439
 30
0.0
 40
2.480851063829787
  1
900
  7
OpenSans
 72
1
 11
375.170164719164
 21
88.21382978723439
 31
0.0
100
AcDbText
 73
2
  0
LINE
  5
4D2
330
17
100
AcDbEntity
  8
S-TABLE
100
AcDbLine
 10
382.38747920922384
 20
85.11276595744715
 30
0.0
 11
382.38747920922384
 21
91.31489361702162
 31
0.0
  0
TEXT
  5
4D3
330
17
100
AcDbEntity
  8
S-TABLE
100
AcDbText
 10
383.7874792092238
 20
88.21382978723439
 30
0.0
 40
2.480851063829787
  1
PRESSURE SLAB, BAY 7
  7
OpenSans
 11
383.7874792092238
 21
88.21382978723439
 31
0.0
100
AcDbText
 73
2
  0
LWPOLYLINE
  5
4D4
330
17
100
AcDbEntity
  8
S-TABLE
100
AcDbPolyline
 90
4
 70
1
 10
282.0
 20
72.71276595744716
 10
460.0
 20
72.71276595744716
 10
460.0
 20
79.11276595744715
 10
282.0
 20
79.11276595744715
  0
TEXT
  5
4D5
330
17
100
AcDbEntity
  8
S-TABLE
100
AcDbText
 10
371.0
 20
75.91276595744715
 30
0.0
 40
3.8
  1
EMP ZONE 2 - POINT-OF-ENTRY SCHEDULE
  7
OpenSans
 72
1
 11
371.0
 21
75.91276595744715
 31
0.0
100
AcDbText
 73
2
  0
LWPOLYLINE
  5
4D6
330
17
100
AcDbEntity
  8
S-TABLE
100
AcDbPolyline
 90
4
 70
1
 10
282.0
 20
66.51063829787267
 10
460.0
 20
66.51063829787267
 10
460.0
 20
72.71276595744715
 10
282.0
 20
72.71276595744715
  0
TEXT
  5
4D7
330
17
100
AcDbEntity
  8
S-TABLE
100
AcDbText
 10
286.8942293189017
 20
69.61170212765991
 30
0.0
 40
2.13
  1
PoE
  7
OpenSans
 72
1
 11
286.8942293189017
 21
69.61170212765991
 31
0.0
100
AcDbText
 73
2
  0
LINE
  5
4D8
330
17
100
AcDbEntity
  8
S-TABLE
100
AcDbLine
 10
291.7884586378034
 20
66.51063829787267
 30
0.0
 11
291.7884586378034
 21
72.71276595744715
 31
0.0
  0
TEXT
  5
4D9
330
17
100
AcDbEntity
  8
S-TABLE
100
AcDbText
 10
311.8241151437559
 20
69.61170212765991
 30
0.0
 40
2.13
  1
KIND
  7
OpenSans
 72
1
 11
311.8241151437559
 21
69.61170212765991
 31
0.0
100
AcDbText
 73
2
  0
LINE
  5
4DA
330
17
100
AcDbEntity
  8
S-TABLE
100
AcDbLine
 10
331.85977164970836
 20
66.51063829787267
 30
0.0
 11
331.85977164970836
 21
72.71276595744715
 31
0.0
  0
TEXT
  5
4DB
330
17
100
AcDbEntity
  8
S-TABLE
100
AcDbText
 10
338.01757495067596
 20
69.61170212765991
 30
0.0
 40
2.13
  1
REF
  7
OpenSans
 72
1
 11
338.01757495067596
 21
69.61170212765991
 31
0.0
100
AcDbText
 73
2
  0
LINE
  5
4DC
330
17
100
AcDbEntity
  8
S-TABLE
100
AcDbLine
 10
344.1753782516435
 20
66.51063829787267
 30
0.0
 11
344.1753782516435
 21
72.71276595744715
 31
0.0
  0
TEXT
  5
4DD
330
17
100
AcDbEntity
  8
S-TABLE
100
AcDbText
 10
402.0876891258217
 20
69.61170212765991
 30
0.0
 40
2.13
  1
TREATMENT
  7
OpenSans
 72
1
 11
402.0876891258217
 21
69.61170212765991
 31
0.0
100
AcDbText
 73
2
  0
LWPOLYLINE
  5
4DE
330
17
100
AcDbEntity
  8
S-TABLE
100
AcDbPolyline
 90
4
 70
1
 10
282.0
 20
60.30851063829821
 10
460.0
 20
60.30851063829821
 10
460.0
 20
66.51063829787267
 10
282.0
 20
66.51063829787267
  0
TEXT
  5
4DF
330
17
100
AcDbEntity
  8
S-TABLE
100
AcDbText
 10
286.8942293189017
 20
63.40957446808544
 30
0.0
 40
1.93
  1
PoE-1
  7
OpenSans
 72
1
 11
286.8942293189017
 21
63.40957446808544
 31
0.0
100
AcDbText
 73
2
  0
LINE
  5
4E0
330
17
100
AcDbEntity
  8
S-TABLE
100
AcDbLine
 10
291.7884586378034
 20
60.30851063829821
 30
0.0
 11
291.7884586378034
 21
66.51063829787267
 31
0.0
  0
TEXT
  5
4E1
330
17
100
AcDbEntity
  8
S-TABLE
100
AcDbText
 10
293.18845863780336
 20
63.40957446808544
 30
0.0
 40
1.93
  1
ACCESS - SHIELDED DOOR
  7
OpenSans
 11
293.18845863780336
 21
63.40957446808544
 31
0.0
100
AcDbText
 73
2
  0
LINE
  5
4E2
330
17
100
AcDbEntity
  8
S-TABLE
100
AcDbLine
 10
331.85977164970836
 20
60.30851063829821
 30
0.0
 11
331.85977164970836
 21
66.51063829787267
 31
0.0
  0
TEXT
  5
4E3
330
17
100
AcDbEntity
  8
S-TABLE
100
AcDbText
 10
338.01757495067596
 20
63.40957446808544
 30
0.0
 40
1.93
  1
5.4
  7
OpenSans
 72
1
 11
338.01757495067596
 21
63.40957446808544
 31
0.0
100
AcDbText
 73
2
  0
LINE
  5
4E4
330
17
100
AcDbEntity
  8
S-TABLE
100
AcDbLine
 10
344.1753782516435
 20
60.30851063829821
 30
0.0
 11
344.1753782516435
 21
66.51063829787267
 31
0.0
  0
TEXT
  5
4E5
330
17
100
AcDbEntity
  8
S-TABLE
100
AcDbText
 10
345.5753782516435
 20
63.40957446808544
 30
0.0
 40
1.93
  1
RF-GASKETED OR KNIFE-EDGE SHIELDED DOOR, SE CERTIFIED TO THE ENCLOSURE
  7
OpenSans
 11
345.5753782516435
 21
63.40957446808544
 31
0.0
100
AcDbText
 73
2
  0
LWPOLYLINE
  5
4E6
330
17
100
AcDbEntity
  8
S-TABLE
100
AcDbPolyline
 90
4
 70
1
 10
282.0
 20
54.106382978723744
 10
460.0
 20
54.106382978723744
 10
460.0
 20
60.30851063829821
 10
282.0
 20
60.30851063829821
  0
TEXT
  5
4E7
330
17
100
AcDbEntity
  8
S-TABLE
100
AcDbText
 10
286.8942293189017
 20
57.20744680851097
 30
0.0
 40
1.93
  1
PoE-2
  7
OpenSans
 72
1
 11
286.8942293189017
 21
57.20744680851097
 31
0.0
100
AcDbText
 73
2
  0
LINE
  5
4E8
330
17
100
AcDbEntity
  8
S-TABLE
100
AcDbLine
 10
291.7884586378034
 20
54.106382978723744
 30
0.0
 11
291.7884586378034
 21
60.30851063829821
 31
0.0
  0
TEXT
  5
4E9
330
17
100
AcDbEntity
  8
S-TABLE
100
AcDbText
 10
293.18845863780336
 20
57.20744680851097
 30
0.0
 40
1.93
  1
VENTILATION - HONEYCOMB
  7
OpenSans
 11
293.18845863780336
 21
57.20744680851097
 31
0.0
100
AcDbText
 73
2
  0
LINE
  5
4EA
330
17
100
AcDbEntity
  8
S-TABLE
100
AcDbLine
 10
331.85977164970836
 20
54.106382978723744
 30
0.0
 11
331.85977164970836
 21
60.30851063829821
 31
0.0
  0
TEXT
  5
4EB
330
17
100
AcDbEntity
  8
S-TABLE
100
AcDbText
 10
338.01757495067596
 20
57.20744680851097
 30
0.0
 40
1.93
  1
5.5
  7
OpenSans
 72
1
 11
338.01757495067596
 21
57.20744680851097
 31
0.0
100
AcDbText
 73
2
  0
LINE
  5
4EC
330
17
100
AcDbEntity
  8
S-TABLE
100
AcDbLine
 10
344.1753782516435
 20
54.106382978723744
 30
0.0
 11
344.1753782516435
 21
60.30851063829821
 31
0.0
  0
TEXT
  5
4ED
330
17
100
AcDbEntity
  8
S-TABLE
100
AcDbText
 10
345.5753782516435
 20
57.20744680851097
 30
0.0
 40
1.93
  1
6 mm CELL x 25 mm DEEP WAVEGUIDE PANEL, FRAME WELDED TO THE ENCLOSURE
  7
OpenSans
 11
345.5753782516435
 21
57.20744680851097
 31
0.0
100
AcDbText
 73
2
  0
LWPOLYLINE
  5
4EE
330
17
100
AcDbEntity
  8
S-TABLE
100
AcDbPolyline
 90
4
 70
1
 10
282.0
 20
47.90425531914928
 10
460.0
 20
47.90425531914928
 10
460.0
 20
54.106382978723744
 10
282.0
 20
54.106382978723744
  0
TEXT
  5
4EF
330
17
100
AcDbEntity
  8
S-TABLE
100
AcDbText
 10
286.8942293189017
 20
51.00531914893651
 30
0.0
 40
1.93
  1
PoE-3
  7
OpenSans
 72
1
 11
286.8942293189017
 21
51.00531914893651
 31
0.0
100
AcDbText
 73
2
  0
LINE
  5
4F0
330
17
100
AcDbEntity
  8
S-TABLE
100
AcDbLine
 10
291.7884586378034
 20
47.90425531914928
 30
0.0
 11
291.7884586378034
 21
54.106382978723744
 31
0.0
  0
TEXT
  5
4F1
330
17
100
AcDbEntity
  8
S-TABLE
100
AcDbText
 10
293.18845863780336
 20
51.00531914893651
 30
0.0
 40
1.93
  1
POWER - PCI
  7
OpenSans
 11
293.18845863780336
 21
51.00531914893651
 31
0.0
100
AcDbText
 73
2
  0
LINE
  5
4F2
330
17
100
AcDbEntity
  8
S-TABLE
100
AcDbLine
 10
331.85977164970836
 20
47.90425531914928
 30
0.0
 11
331.85977164970836
 21
54.106382978723744
 31
0.0
  0
TEXT
  5
4F3
330
17
100
AcDbEntity
  8
S-TABLE
100
AcDbText
 10
338.01757495067596
 20
51.00531914893651
 30
0.0
 40
1.93
  1
5.7.2.1
  7
OpenSans
 72
1
 11
338.01757495067596
 21
51.00531914893651
 31
0.0
100
AcDbText
 73
2
  0
LINE
  5
4F4
330
17
100
AcDbEntity
  8
S-TABLE
100
AcDbLine
 10
344.1753782516435
 20
47.90425531914928
 30
0.0
 11
344.1753782516435
 21
54.106382978723744
 31
0.0
  0
TEXT
  5
4F5
330
17
100
AcDbEntity
  8
S-TABLE
100
AcDbText
 10
345.5753782516435
 20
51.00531914893651
 30
0.0
 40
1.93
  1
PROTECTIVE DEVICE ON EVERY CONDUCTOR, MOUNTED ON THE BOUNDARY
  7
OpenSans
 11
345.5753782516435
 21
51.00531914893651
 31
0.0
100
AcDbText
 73
2
  0
LWPOLYLINE
  5
4F6
330
17
100
AcDbEntity
  8
S-TABLE
100
AcDbPolyline
 90
4
 70
1
 10
282.0
 20
41.70212765957481
 10
460.0
 20
41.70212765957481
 10
460.0
 20
47.90425531914928
 10
282.0
 20
47.90425531914928
  0
TEXT
  5
4F7
330
17
100
AcDbEntity
  8
S-TABLE
100
AcDbText
 10
286.8942293189017
 20
44.80319148936204
 30
0.0
 40
1.93
  1
PoE-4
  7
OpenSans
 72
1
 11
286.8942293189017
 21
44.80319148936204
 31
0.0
100
AcDbText
 73
2
  0
LINE
  5
4F8
330
17
100
AcDbEntity
  8
S-TABLE
100
AcDbLine
 10
291.7884586378034
 20
41.70212765957481
 30
0.0
 11
291.7884586378034
 21
47.90425531914928
 31
0.0
  0
TEXT
  5
4F9
330
17
100
AcDbEntity
  8
S-TABLE
100
AcDbText
 10
293.18845863780336
 20
44.80319148936204
 30
0.0
 40
1.93
  1
SIGNAL - FIBRE
  7
OpenSans
 11
293.18845863780336
 21
44.80319148936204
 31
0.0
100
AcDbText
 73
2
  0
LINE
  5
4FA
330
17
100
AcDbEntity
  8
S-TABLE
100
AcDbLine
 10
331.85977164970836
 20
41.70212765957481
 30
0.0
 11
331.85977164970836
 21
47.90425531914928
 31
0.0
  0
TEXT
  5
4FB
330
17
100
AcDbEntity
  8
S-TABLE
100
AcDbText
 10
338.01757495067596
 20
44.80319148936204
 30
0.0
 40
1.93
  1
5.7.4.1
  7
OpenSans
 72
1
 11
338.01757495067596
 21
44.80319148936204
 31
0.0
100
AcDbText
 73
2
  0
LINE
  5
4FC
330
17
100
AcDbEntity
  8
S-TABLE
100
AcDbLine
 10
344.1753782516435
 20
41.70212765957481
 30
0.0
 11
344.1753782516435
 21
47.90425531914928
 31
0.0
  0
TEXT
  5
4FD
330
17
100
AcDbEntity
  8
S-TABLE
100
AcDbText
 10
345.5753782516435
 20
44.80319148936204
 30
0.0
 40
1.93
  1
OPTICAL FIBRE, NO METALLIC STRENGTH MEMBER AND NO METALLIC ARMOUR
  7
OpenSans
 11
345.5753782516435
 21
44.80319148936204
 31
0.0
100
AcDbText
 73
2
  0
LWPOLYLINE
  5
4FE
330
17
100
AcDbEntity
  8
S-TABLE
100
AcDbPolyline
 90
4
 70
1
 10
282.0
 20
35.50000000000035
 10
460.0
 20
35.50000000000035
 10
460.0
 20
41.70212765957481
 10
282.0
 20
41.70212765957481
  0
TEXT
  5
4FF
330
17
100
AcDbEntity
  8
S-TABLE
100
AcDbText
 10
286.8942293189017
 20
38.60106382978758
 30
0.0
 40
1.93
  1
PoE-5
  7
OpenSans
 72
1
 11
286.8942293189017
 21
38.60106382978758
 31
0.0
100
AcDbText
 73
2
  0
LINE
  5
500
330
17
100
AcDbEntity
  8
S-TABLE
100
AcDbLine
 10
291.7884586378034
 20
35.50000000000035
 30
0.0
 11
291.7884586378034
 21
41.70212765957481
 31
0.0
  0
TEXT
  5
501
330
17
100
AcDbEntity
  8
S-TABLE
100
AcDbText
 10
293.18845863780336
 20
38.60106382978758
 30
0.0
 40
1.93
  1
BONDING AND EARTHING
  7
OpenSans
 11
293.18845863780336
 21
38.60106382978758
 31
0.0
100
AcDbText
 73
2
  0
LINE
  5
502
330
17
100
AcDbEntity
  8
S-TABLE
100
AcDbLine
 10
331.85977164970836
 20
35.50000000000035
 30
0.0
 11
331.85977164970836
 21
41.70212765957481
 31
0.0
  0
TEXT
  5
503
330
17
100
AcDbEntity
  8
S-TABLE
100
AcDbText
 10
338.01757495067596
 20
38.60106382978758
 30
0.0
 40
1.93
  1
IS 3043
  7
OpenSans
 72
1
 11
338.01757495067596
 21
38.60106382978758
 31
0.0
100
AcDbText
 73
2
  0
LINE
  5
504
330
17
100
AcDbEntity
  8
S-TABLE
100
AcDbLine
 10
344.1753782516435
 20
35.50000000000035
 30
0.0
 11
344.1753782516435
 21
41.70212765957481
 31
0.0
  0
TEXT
  5
505
330
17
100
AcDbEntity
  8
S-TABLE
100
AcDbText
 10
345.5753782516435
 20
38.60106382978758
 30
0.0
 40
1.93
  1
100 x 50 x 3 STRAPS, 3.0 m x 16 mm RODS, EARTH RESISTANCE 5 ohm OR LESS
  7
OpenSans
 11
345.5753782516435
 21
38.60106382978758
 31
0.0
100
AcDbText
 73
2
  0
ENDSEC
  0
SECTION
  2
OBJECTS
  0
DICTIONARY
  5
A
330
0
100
AcDbDictionary
281
1
  3
ACAD_COLOR
350
B
  3
ACAD_GROUP
350
C
  3
ACAD_LAYOUT
350
D
  3
ACAD_MATERIAL
350
E
  3
ACAD_MLEADERSTYLE
350
F
  3
ACAD_MLINESTYLE
350
10
  3
ACAD_PLOTSETTINGS
350
11
  3
ACAD_PLOTSTYLENAME
350
12
  3
ACAD_SCALELIST
350
14
  3
ACAD_TABLESTYLE
350
15
  3
ACAD_VISUALSTYLE
350
16
  3
EZDXF_META
350
2D
  0
DICTIONARY
  5
B
330
A
100
AcDbDictionary
281
1
  0
DICTIONARY
  5
C
330
A
100
AcDbDictionary
281
1
  0
DICTIONARY
  5
D
330
A
100
AcDbDictionary
281
1
  3
Model
350
1A
  3
Layout1
350
1E
  0
DICTIONARY
  5
E
330
A
100
AcDbDictionary
281
1
  3
ByBlock
350
1F
  3
ByLayer
350
20
  3
Global
350
21
  0
DICTIONARY
  5
F
330
A
100
AcDbDictionary
281
1
  3
Standard
350
2C
  0
DICTIONARY
  5
10
330
A
100
AcDbDictionary
281
1
  3
Standard
350
22
  0
DICTIONARY
  5
11
330
A
100
AcDbDictionary
281
1
  0
ACDBDICTIONARYWDFLT
  5
12
330
A
100
AcDbDictionary
281
1
  3
Normal
350
13
100
AcDbDictionaryWithDefault
340
13
  0
ACDBPLACEHOLDER
  5
13
330
12
  0
DICTIONARY
  5
14
330
A
100
AcDbDictionary
281
1
  0
DICTIONARY
  5
15
330
A
100
AcDbDictionary
281
1
  0
DICTIONARY
  5
16
330
A
100
AcDbDictionary
281
1
  3
2dWireframe
350
5A
  3
Basic
350
5B
  3
Brighten
350
5C
  3
ColorChange
350
5D
  3
Conceptual
350
5E
  3
Dim
350
5F
  3
EdgeColorOff
350
60
  3
Facepattern
350
61
  3
Flat
350
62
  3
FlatWithEdges
350
63
  3
Gouraud
350
64
  3
GouraudWithEdges
350
65
  3
Hidden
350
66
  3
JitterOff
350
67
  3
Linepattern
350
68
  3
Modeling
350
69
  3
OverhangOff
350
6A
  3
Realistic
350
6B
  3
Shaded
350
6C
  3
Shaded with edges
350
6D
  3
Shades of Gray
350
6E
  3
Sketchy
350
6F
  3
Thicken
350
70
  3
Wireframe
350
71
  3
X-Ray
350
72
  0
LAYOUT
  5
1A
330
D
100
AcDbPlotSettings
  1

  4
A3
  6

 40
7.5
 41
20.0
 42
7.5
 43
20.0
 44
420.0
 45
297.0
 46
0.0
 47
0.0
 48
0.0
 49
0.0
140
0.0
141
0.0
142
1.0
143
1.0
 70
1024
 72
1
 73
0
 74
5
  7

 75
16
 76
0
 77
2
 78
300
147
1.0
148
0.0
149
0.0
100
AcDbLayout
  1
Model
 70
1
 71
0
 10
0.0
 20
0.0
 11
420.0
 21
297.0
 12
0.0
 22
0.0
 32
0.0
 14
1e+20
 24
1e+20
 34
1e+20
 15
-1e+20
 25
-1e+20
 35
-1e+20
146
0.0
 13
0.0
 23
0.0
 33
0.0
 16
1.0
 26
0.0
 36
0.0
 17
0.0
 27
1.0
 37
0.0
 76
1
330
17
  0
LAYOUT
  5
1E
330
D
100
AcDbPlotSettings
  1

  4
A3
  6

 40
7.5
 41
20.0
 42
7.5
 43
20.0
 44
420.0
 45
297.0
 46
0.0
 47
0.0
 48
0.0
 49
0.0
140
0.0
141
0.0
142
1.0
143
1.0
 70
0
 72
1
 73
0
 74
5
  7

 75
16
 76
0
 77
2
 78
300
147
1.0
148
0.0
149
0.0
100
AcDbLayout
  1
Layout1
 70
1
 71
1
 10
0.0
 20
0.0
 11
420.0
 21
297.0
 12
0.0
 22
0.0
 32
0.0
 14
1e+20
 24
1e+20
 34
1e+20
 15
-1e+20
 25
-1e+20
 35
-1e+20
146
0.0
 13
0.0
 23
0.0
 33
0.0
 16
1.0
 26
0.0
 36
0.0
 17
0.0
 27
1.0
 37
0.0
 76
1
330
1B
  0
MATERIAL
  5
1F
102
{ACAD_REACTORS
330
E
102
}
330
E
100
AcDbMaterial
  1
ByBlock
  2

 70
0
 40
1.0
 71
1
 41
1.0
 91
-1023410177
 42
1.0
 72
1
  3

 73
1
 74
1
 75
1
 44
0.5
 73
0
 45
1.0
 46
1.0
 77
1
  4

 78
1
 79
1
170
1
 48
1.0
171
1
  6

172
1
173
1
174
1
140
1.0
141
1.0
175
1
  7

176
1
177
1
178
1
143
1.0
179
1
  8

270
1
271
1
272
1
145
1.0
146
1.0
273
1
  9

274
1
275
1
276
1
 42
1.0
 72
1
  3

 73
1
 74
1
 75
1
 94
63
  0
MATERIAL
  5
20
102
{ACAD_REACTORS
330
E
102
}
330
E
100
AcDbMaterial
  1
ByLayer
  2

 70
0
 40
1.0
 71
1
 41
1.0
 91
-1023410177
 42
1.0
 72
1
  3

 73
1
 74
1
 75
1
 44
0.5
 73
0
 45
1.0
 46
1.0
 77
1
  4

 78
1
 79
1
170
1
 48
1.0
171
1
  6

172
1
173
1
174
1
140
1.0
141
1.0
175
1
  7

176
1
177
1
178
1
143
1.0
179
1
  8

270
1
271
1
272
1
145
1.0
146
1.0
273
1
  9

274
1
275
1
276
1
 42
1.0
 72
1
  3

 73
1
 74
1
 75
1
 94
63
  0
MATERIAL
  5
21
102
{ACAD_REACTORS
330
E
102
}
330
E
100
AcDbMaterial
  1
Global
  2

 70
0
 40
1.0
 71
1
 41
1.0
 91
-1023410177
 42
1.0
 72
1
  3

 73
1
 74
1
 75
1
 44
0.5
 73
0
 45
1.0
 46
1.0
 77
1
  4

 78
1
 79
1
170
1
 48
1.0
171
1
  6

172
1
173
1
174
1
140
1.0
141
1.0
175
1
  7

176
1
177
1
178
1
143
1.0
179
1
  8

270
1
271
1
272
1
145
1.0
146
1.0
273
1
  9

274
1
275
1
276
1
 42
1.0
 72
1
  3

 73
1
 74
1
 75
1
 94
63
  0
MLINESTYLE
  5
22
102
{ACAD_REACTORS
330
10
102
}
330
10
100
AcDbMlineStyle
  2
Standard
 70
0
  3

 62
256
 51
90.0
 52
90.0
 71
2
 49
0.5
 62
256
  6
BYLAYER
 49
-0.5
 62
256
  6
BYLAYER
  0
MLEADERSTYLE
  5
2C
102
{ACAD_REACTORS
330
F
102
}
330
F
100
AcDbMLeaderStyle
179
2
170
2
171
1
172
0
 90
2
 40
0.0
 41
0.0
173
1
 91
-1056964608
 92
-2
290
1
 42
2.0
291
1
 43
8.0
  3
Standard
 44
4.0
300

342
29
174
1
175
1
176
0
178
1
 93
-1056964608
 45
4.0
292
0
297
0
 46
4.0
 94
-1056964608
 47
1.0
 49
1.0
140
1.0
294
1
141
0.0
177
0
142
1.0
295
0
296
0
143
3.75
271
0
272
9
273
9
  0
DICTIONARY
  5
2D
330
A
100
AcDbDictionary
280
1
281
1
  3
CREATED_BY_EZDXF
350
2E
  3
WRITTEN_BY_EZDXF
350
508
  0
DICTIONARYVAR
  5
2E
330
2D
100
DictionaryVariables
280
0
  1
1.4.4 @ 2026-09-16T13:37:31.966498+00:00
  0
VISUALSTYLE
  5
5A
102
{ACAD_REACTORS
330
16
102
}
330
16
100
AcDbVisualStyle
  2
2dWireframe
 70
4
 90
0
 40
0.6
 62
7
290
0
291
0
  0
VISUALSTYLE
  5
5B
102
{ACAD_REACTORS
330
16
102
}
330
16
100
AcDbVisualStyle
  2
Basic
 70
7
 90
1
 40
0.6
 62
7
290
0
291
1
  0
VISUALSTYLE
  5
5C
102
{ACAD_REACTORS
330
16
102
}
330
16
100
AcDbVisualStyle
  2
Brighten
 70
12
 90
2
 40
0.6
 62
7
290
0
291
1
  0
VISUALSTYLE
  5
5D
102
{ACAD_REACTORS
330
16
102
}
330
16
100
AcDbVisualStyle
  2
ColorChange
 70
16
 90
2
 40
0.6
 62
8
290
0
291
1
  0
VISUALSTYLE
  5
5E
102
{ACAD_REACTORS
330
16
102
}
330
16
100
AcDbVisualStyle
  2
Conceptual
 70
9
 90
3
 40
0.6
 62
7
290
0
291
0
  0
VISUALSTYLE
  5
5F
102
{ACAD_REACTORS
330
16
102
}
330
16
100
AcDbVisualStyle
  2
Dim
 70
11
 90
2
 40
0.6
 62
7
290
0
291
1
  0
VISUALSTYLE
  5
60
102
{ACAD_REACTORS
330
16
102
}
330
16
100
AcDbVisualStyle
  2
EdgeColorOff
 70
22
 90
2
 40
0.6
 62
7
290
0
291
1
  0
VISUALSTYLE
  5
61
102
{ACAD_REACTORS
330
16
102
}
330
16
100
AcDbVisualStyle
  2
Facepattern
 70
15
 90
2
 40
0.6
 62
7
290
0
291
1
  0
VISUALSTYLE
  5
62
102
{ACAD_REACTORS
330
16
102
}
330
16
100
AcDbVisualStyle
  2
Flat
 70
0
 90
2
 40
0.6
 62
7
290
0
291
1
  0
VISUALSTYLE
  5
63
102
{ACAD_REACTORS
330
16
102
}
330
16
100
AcDbVisualStyle
  2
FlatWithEdges
 70
1
 90
2
 40
0.6
 62
7
290
0
291
1
  0
VISUALSTYLE
  5
64
102
{ACAD_REACTORS
330
16
102
}
330
16
100
AcDbVisualStyle
  2
Gouraud
 70
2
 90
2
 40
0.6
 62
7
290
0
291
1
  0
VISUALSTYLE
  5
65
102
{ACAD_REACTORS
330
16
102
}
330
16
100
AcDbVisualStyle
  2
GouraudWithEdges
 70
3
 90
2
 40
0.6
 62
7
290
0
291
1
  0
VISUALSTYLE
  5
66
102
{ACAD_REACTORS
330
16
102
}
330
16
100
AcDbVisualStyle
  2
Hidden
 70
6
 90
1
 40
0.6
 62
7
290
0
291
0
  0
VISUALSTYLE
  5
67
102
{ACAD_REACTORS
330
16
102
}
330
16
100
AcDbVisualStyle
  2
JitterOff
 70
20
 90
2
 40
0.6
 62
7
290
0
291
1
  0
VISUALSTYLE
  5
68
102
{ACAD_REACTORS
330
16
102
}
330
16
100
AcDbVisualStyle
  2
Linepattern
 70
14
 90
2
 40
0.6
 62
7
290
0
291
1
  0
VISUALSTYLE
  5
69
102
{ACAD_REACTORS
330
16
102
}
330
16
100
AcDbVisualStyle
  2
Modeling
 70
10
 90
2
 40
0.6
 62
7
290
0
291
0
  0
VISUALSTYLE
  5
6A
102
{ACAD_REACTORS
330
16
102
}
330
16
100
AcDbVisualStyle
  2
OverhangOff
 70
21
 90
2
 40
0.6
 62
7
290
0
291
1
  0
VISUALSTYLE
  5
6B
102
{ACAD_REACTORS
330
16
102
}
330
16
100
AcDbVisualStyle
  2
Realistic
 70
8
 90
2
 40
0.6
 62
7
290
0
291
0
  0
VISUALSTYLE
  5
6C
102
{ACAD_REACTORS
330
16
102
}
330
16
100
AcDbVisualStyle
  2
Shaded
 70
27
 90
2
 40
0.6
 62
7
290
0
291
0
  0
VISUALSTYLE
  5
6D
102
{ACAD_REACTORS
330
16
102
}
330
16
100
AcDbVisualStyle
  2
Shaded with edges
 70
26
 90
2
 40
0.6
 62
7
290
0
291
0
  0
VISUALSTYLE
  5
6E
102
{ACAD_REACTORS
330
16
102
}
330
16
100
AcDbVisualStyle
  2
Shades of Gray
 70
23
 90
2
 40
0.6
 62
7
290
0
291
0
  0
VISUALSTYLE
  5
6F
102
{ACAD_REACTORS
330
16
102
}
330
16
100
AcDbVisualStyle
  2
Sketchy
 70
24
 90
1
 40
0.6
 62
7
290
0
291
0
  0
VISUALSTYLE
  5
70
102
{ACAD_REACTORS
330
16
102
}
330
16
100
AcDbVisualStyle
  2
Thicken
 70
13
 90
2
 40
0.6
 62
7
290
0
291
1
  0
VISUALSTYLE
  5
71
102
{ACAD_REACTORS
330
16
102
}
330
16
100
AcDbVisualStyle
  2
Wireframe
 70
5
 90
0
 40
0.6
 62
7
290
0
291
0
  0
VISUALSTYLE
  5
72
102
{ACAD_REACTORS
330
16
102
}
330
16
100
AcDbVisualStyle
  2
X-Ray
 70
25
 90
2
 40
0.5
 62
7
290
0
291
0
  0
DICTIONARYVAR
  5
508
330
2D
100
DictionaryVariables
280
0
  1
1.4.4 @ 2026-09-16T13:37:32.035398+00:00
  0
ENDSEC
  0
EOF
