  0
SECTION
  2
HEADER
  9
$ACADVER
  1
AC1024
  9
$ACADMAINTVER
 70
6
  9
$DWGCODEPAGE
  3
ANSI_1252
  9
$LASTSAVEDBY
  1
ezdxf
  9
$INSBASE
 10
0.0
 20
0.0
 30
0.0
  9
$EXTMIN
 10
1e+20
 20
1e+20
 30
1e+20
  9
$EXTMAX
 10
-1e+20
 20
-1e+20
 30
-1e+20
  9
$LIMMIN
 10
0.0
 20
0.0
  9
$LIMMAX
 10
420.0
 20
297.0
  9
$ORTHOMODE
 70
0
  9
$REGENMODE
 70
1
  9
$FILLMODE
 70
1
  9
$QTEXTMODE
 70
0
  9
$MIRRTEXT
 70
1
  9
$LTSCALE
 40
1.0
  9
$ATTMODE
 70
1
  9
$TEXTSIZE
 40
2.5
  9
$TRACEWID
 40
1.0
  9
$TEXTSTYLE
  7
OpenSans
  9
$CLAYER
  8
0
  9
$CELTYPE
  6
ByLayer
  9
$CECOLOR
 62
256
  9
$CELTSCALE
 40
1.0
  9
$DISPSILH
 70
0
  9
$DIMSCALE
 40
1.0
  9
$DIMASZ
 40
0.175
  9
$DIMEXO
 40
0.125
  9
$DIMDLI
 40
3.75
  9
$DIMRND
 40
0.0
  9
$DIMDLE
 40
0.0
  9
$DIMEXE
 40
0.375
  9
$DIMTP
 40
0.0
  9
$DIMTM
 40
0.0
  9
$DIMTXT
 40
0.25
  9
$DIMCEN
 40
2.5
  9
$DIMTSZ
 40
0.0
  9
$DIMTOL
 70
0
  9
$DIMLIM
 70
0
  9
$DIMTIH
 70
0
  9
$DIMTOH
 70
0
  9
$DIMSE1
 70
0
  9
$DIMSE2
 70
0
  9
$DIMTAD
 70
1
  9
$DIMZIN
 70
12
  9
$DIMBLK
  1
ARCHTICK
  9
$DIMASO
 70
1
  9
$DIMSHO
 70
1
  9
$DIMPOST
  1

  9
$DIMAPOST
  1

  9
$DIMALT
 70
0
  9
$DIMALTD
 70
3
  9
$DIMALTF
 40
0.03937007874
  9
$DIMLFAC
 40
100.0
  9
$DIMTOFL
 70
1
  9
$DIMTVP
 40
0.0
  9
$DIMTIX
 70
0
  9
$DIMSOXD
 70
0
  9
$DIMSAH
 70
0
  9
$DIMBLK1
  1

  9
$DIMBLK2
  1

  9
$DIMSTYLE
  2
EZDXF
  9
$DIMCLRD
 70
0
  9
$DIMCLRE
 70
0
  9
$DIMCLRT
 70
0
  9
$DIMTFAC
 40
0.5
  9
$DIMGAP
 40
0.1
  9
$DIMJUST
 70
0
  9
$DIMSD1
 70
0
  9
$DIMSD2
 70
0
  9
$DIMTOLJ
 70
0
  9
$DIMTZIN
 70
8
  9
$DIMALTZ
 70
0
  9
$DIMALTTZ
 70
0
  9
$DIMUPT
 70
1
  9
$DIMDEC
 70
2
  9
$DIMTDEC
 70
2
  9
$DIMALTU
 70
2
  9
$DIMALTTD
 70
3
  9
$DIMTXSTY
  7
OpenSansCondensed-Light
  9
$DIMAUNIT
 70
0
  9
$DIMADEC
 70
2
  9
$DIMALTRND
 40
0.0
  9
$DIMAZIN
 70
3
  9
$DIMDSEP
 70
46
  9
$DIMATFIT
 70
3
  9
$DIMFRAC
 70
0
  9
$DIMLDRBLK
  1

  9
$DIMLUNIT
 70
2
  9
$DIMLWD
 70
-2
  9
$DIMLWE
 70
-2
  9
$DIMTMOVE
 70
2
  9
$DIMFXL
 40
1.0
  9
$DIMFXLON
 70
0
  9
$DIMJOGANG
 40
0.785398163397
  9
$DIMTFILL
 70
0
  9
$DIMTFILLCLR
 70
0
  9
$DIMARCSYM
 70
0
  9
$DIMLTYPE
  6

  9
$DIMLTEX1
  6

  9
$DIMLTEX2
  6

  9
$DIMTXTDIRECTION
 70
0
  9
$LUNITS
 70
2
  9
$LUPREC
 70
4
  9
$SKETCHINC
 40
1.0
  9
$FILLETRAD
 40
10.0
  9
$AUNITS
 70
0
  9
$AUPREC
 70
2
  9
$MENU
  1
.
  9
$ELEVATION
 40
0.0
  9
$PELEVATION
 40
0.0
  9
$THICKNESS
 40
0.0
  9
$LIMCHECK
 70
0
  9
$CHAMFERA
 40
0.0
  9
$CHAMFERB
 40
0.0
  9
$CHAMFERC
 40
0.0
  9
$CHAMFERD
 40
0.0
  9
$SKPOLY
 70
0
  9
$TDCREATE
 40
2461302.362604167
  9
$TDUCREATE
 40
2458532.153996898
  9
$TDUPDATE
 40
2461302.362604167
  9
$TDUUPDATE
 40
2458532.1544311
  9
$TDINDWG
 40
0.0
  9
$TDUSRTIMER
 40
0.0
  9
$USRTIMER
 70
1
  9
$ANGBASE
 50
0.0
  9
$ANGDIR
 70
0
  9
$PDMODE
 70
0
  9
$PDSIZE
 40
0.0
  9
$PLINEWID
 40
0.0
  9
$SPLFRAME
 70
0
  9
$SPLINETYPE
 70
6
  9
$SPLINESEGS
 70
8
  9
$HANDSEED
  5
44C
  9
$SURFTAB1
 70
6
  9
$SURFTAB2
 70
6
  9
$SURFTYPE
 70
6
  9
$SURFU
 70
6
  9
$SURFV
 70
6
  9
$UCSBASE
  2

  9
$UCSNAME
  2

  9
$UCSORG
 10
0.0
 20
0.0
 30
0.0
  9
$UCSXDIR
 10
1.0
 20
0.0
 30
0.0
  9
$UCSYDIR
 10
0.0
 20
1.0
 30
0.0
  9
$UCSORTHOREF
  2

  9
$UCSORTHOVIEW
 70
0
  9
$UCSORGTOP
 10
0.0
 20
0.0
 30
0.0
  9
$UCSORGBOTTOM
 10
0.0
 20
0.0
 30
0.0
  9
$UCSORGLEFT
 10
0.0
 20
0.0
 30
0.0
  9
$UCSORGRIGHT
 10
0.0
 20
0.0
 30
0.0
  9
$UCSORGFRONT
 10
0.0
 20
0.0
 30
0.0
  9
$UCSORGBACK
 10
0.0
 20
0.0
 30
0.0
  9
$PUCSBASE
  2

  9
$PUCSNAME
  2

  9
$PUCSORG
 10
0.0
 20
0.0
 30
0.0
  9
$PUCSXDIR
 10
1.0
 20
0.0
 30
0.0
  9
$PUCSYDIR
 10
0.0
 20
1.0
 30
0.0
  9
$PUCSORTHOREF
  2

  9
$PUCSORTHOVIEW
 70
0
  9
$PUCSORGTOP
 10
0.0
 20
0.0
 30
0.0
  9
$PUCSORGBOTTOM
 10
0.0
 20
0.0
 30
0.0
  9
$PUCSORGLEFT
 10
0.0
 20
0.0
 30
0.0
  9
$PUCSORGRIGHT
 10
0.0
 20
0.0
 30
0.0
  9
$PUCSORGFRONT
 10
0.0
 20
0.0
 30
0.0
  9
$PUCSORGBACK
 10
0.0
 20
0.0
 30
0.0
  9
$USERI1
 70
0
  9
$USERI2
 70
0
  9
$USERI3
 70
0
  9
$USERI4
 70
0
  9
$USERI5
 70
0
  9
$USERR1
 40
0.0
  9
$USERR2
 40
0.0
  9
$USERR3
 40
0.0
  9
$USERR4
 40
0.0
  9
$USERR5
 40
0.0
  9
$WORLDVIEW
 70
1
  9
$SHADEDGE
 70
3
  9
$SHADEDIF
 70
70
  9
$TILEMODE
 70
1
  9
$MAXACTVP
 70
64
  9
$PINSBASE
 10
0.0
 20
0.0
 30
0.0
  9
$PLIMCHECK
 70
0
  9
$PEXTMIN
 10
1e+20
 20
1e+20
 30
1e+20
  9
$PEXTMAX
 10
-1e+20
 20
-1e+20
 30
-1e+20
  9
$PLIMMIN
 10
0.0
 20
0.0
  9
$PLIMMAX
 10
420.0
 20
297.0
  9
$UNITMODE
 70
0
  9
$VISRETAIN
 70
1
  9
$PLINEGEN
 70
0
  9
$PSLTSCALE
 70
1
  9
$TREEDEPTH
 70
3020
  9
$CMLSTYLE
  2
Standard
  9
$CMLJUST
 70
0
  9
$CMLSCALE
 40
20.0
  9
$PROXYGRAPHICS
 70
1
  9
$MEASUREMENT
 70
1
  9
$CELWEIGHT
370
-1
  9
$ENDCAPS
280
0
  9
$JOINSTYLE
280
0
  9
$LWDISPLAY
290
0
  9
$INSUNITS
 70
4
  9
$HYPERLINKBASE
  1

  9
$STYLESHEET
  1

  9
$XEDIT
290
1
  9
$CEPSNTYPE
380
0
  9
$PSTYLEMODE
290
1
  9
$FINGERPRINTGUID
  2
{313C75E3-1EFA-46DF-AB84-A0C99BE0BC56}
  9
$VERSIONGUID
  2
{01AC40F6-BA90-4783-852E-57C62C9A4C8E}
  9
$EXTNAMES
290
1
  9
$PSVPSCALE
 40
0.0
  9
$OLESTARTUP
290
0
  9
$SORTENTS
280
127
  9
$INDEXCTL
280
0
  9
$HIDETEXT
280
1
  9
$XCLIPFRAME
280
1
  9
$HALOGAP
280
0
  9
$OBSCOLOR
 70
257
  9
$OBSLTYPE
280
0
  9
$INTERSECTIONDISPLAY
280
0
  9
$INTERSECTIONCOLOR
 70
257
  9
$DIMASSOC
280
2
  9
$PROJECTNAME
  1

  9
$CAMERADISPLAY
290
0
  9
$LENSLENGTH
 40
50.0
  9
$CAMERAHEIGHT
 40
0.0
  9
$STEPSPERSEC
 40
24.0
  9
$STEPSIZE
 40
100.0
  9
$3DDWFPREC
 40
2.0
  9
$PSOLWIDTH
 40
0.005
  9
$PSOLHEIGHT
 40
0.08
  9
$LOFTANG1
 40
1.570796326795
  9
$LOFTANG2
 40
1.570796326795
  9
$LOFTMAG1
 40
0.0
  9
$LOFTMAG2
 40
0.0
  9
$LOFTPARAM
 70
7
  9
$LOFTNORMALS
280
1
  9
$LATITUDE
 40
37.795
  9
$LONGITUDE
 40
-122.394
  9
$NORTHDIRECTION
 40
0.0
  9
$TIMEZONE
 70
-8000
  9
$LIGHTGLYPHDISPLAY
280
1
  9
$TILEMODELIGHTSYNCH
280
1
  9
$CMATERIAL
347
20
  9
$SOLIDHIST
280
0
  9
$SHOWHIST
280
1
  9
$DWFFRAME
280
2
  9
$DGNFRAME
280
2
  9
$REALWORLDSCALE
290
1
  9
$INTERFERECOLOR
 62
256
  9
$CSHADOW
280
0
  9
$SHADOWPLANELOCATION
 40
0.0
  0
ENDSEC
  0
SECTION
  2
CLASSES
  0
CLASS
  1
ACDBDICTIONARYWDFLT
  2
AcDbDictionaryWithDefault
  3
ObjectDBX Classes
 90
0
 91
0
280
0
281
0
  0
CLASS
  1
SUN
  2
AcDbSun
  3
SCENEOE
 90
1153
 91
0
280
0
281
0
  0
CLASS
  1
VISUALSTYLE
  2
AcDbVisualStyle
  3
ObjectDBX Classes
 90
4095
 91
0
280
0
281
0
  0
CLASS
  1
MATERIAL
  2
AcDbMaterial
  3
ObjectDBX Classes
 90
1153
 91
0
280
0
281
0
  0
CLASS
  1
SCALE
  2
AcDbScale
  3
ObjectDBX Classes
 90
1153
 91
0
280
0
281
0
  0
CLASS
  1
TABLESTYLE
  2
AcDbTableStyle
  3
ObjectDBX Classes
 90
4095
 91
0
280
0
281
0
  0
CLASS
  1
MLEADERSTYLE
  2
AcDbMLeaderStyle
  3
ACDB_MLEADERSTYLE_CLASS
 90
4095
 91
0
280
0
281
0
  0
CLASS
  1
DICTIONARYVAR
  2
AcDbDictionaryVar
  3
ObjectDBX Classes
 90
0
 91
0
280
0
281
0
  0
CLASS
  1
CELLSTYLEMAP
  2
AcDbCellStyleMap
  3
ObjectDBX Classes
 90
1152
 91
0
280
0
281
0
  0
CLASS
  1
MENTALRAYRENDERSETTINGS
  2
AcDbMentalRayRenderSettings
  3
SCENEOE
 90
1024
 91
0
280
0
281
0
  0
CLASS
  1
ACDBDETAILVIEWSTYLE
  2
AcDbDetailViewStyle
  3
ObjectDBX Classes
 90
1025
 91
0
280
0
281
0
  0
CLASS
  1
ACDBSECTIONVIEWSTYLE
  2
AcDbSectionViewStyle
  3
ObjectDBX Classes
 90
1025
 91
0
280
0
281
0
  0
CLASS
  1
RASTERVARIABLES
  2
AcDbRasterVariables
  3
ISM
 90
0
 91
0
280
0
281
0
  0
CLASS
  1
ACDBPLACEHOLDER
  2
AcDbPlaceHolder
  3
ObjectDBX Classes
 90
0
 91
0
280
0
281
0
  0
CLASS
  1
LAYOUT
  2
AcDbLayout
  3
ObjectDBX Classes
 90
0
 91
0
280
0
281
0
  0
ENDSEC
  0
SECTION
  2
TABLES
  0
TABLE
  2
VPORT
  5
8
330
0
100
AcDbSymbolTable
 70
1
  0
VPORT
  5
23
330
8
100
AcDbSymbolTableRecord
100
AcDbViewportTableRecord
  2
*Active
 70
0
 10
0.0
 20
0.0
 11
1.0
 21
1.0
 12
0.0
 22
0.0
 13
0.0
 23
0.0
 14
0.5
 24
0.5
 15
0.5
 25
0.5
 16
0.0
 26
0.0
 36
1.0
 17
0.0
 27
0.0
 37
0.0
 40
1000.0
 41
1.34
 42
50.0
 43
0.0
 44
0.0
 50
0.0
 51
0.0
 71
0
 72
1000
 73
1
 74
3
 75
0
 76
0
 77
0
 78
0
281
0
 65
0
146
0.0
  0
ENDTAB
  0
TABLE
  2
LTYPE
  5
2
330
0
100
AcDbSymbolTable
 70
21
  0
LTYPE
  5
24
330
2
100
AcDbSymbolTableRecord
100
AcDbLinetypeTableRecord
  2
ByBlock
 70
0
  3

 72
65
 73
0
 40
0.0
  0
LTYPE
  5
25
330
2
100
AcDbSymbolTableRecord
100
AcDbLinetypeTableRecord
  2
ByLayer
 70
0
  3

 72
65
 73
0
 40
0.0
  0
LTYPE
  5
26
330
2
100
AcDbSymbolTableRecord
100
AcDbLinetypeTableRecord
  2
Continuous
 70
0
  3

 72
65
 73
0
 40
0.0
  0
LTYPE
  5
2F
330
2
100
AcDbSymbolTableRecord
100
AcDbLinetypeTableRecord
  2
CENTER
 70
0
  3
Center ____ _ ____ _ ____ _ ____ _ ____ _ ____
 72
65
 73
4
 40
5.08
 49
3.175
 74
0
 49
-0.635
 74
0
 49
0.635
 74
0
 49
-0.635
 74
0
  0
LTYPE
  5
30
330
2
100
AcDbSymbolTableRecord
100
AcDbLinetypeTableRecord
  2
CENTERX2
 70
0
  3
Center (2x) ________  __  ________  __  ________
 72
65
 73
4
 40
8.89
 49
6.35
 74
0
 49
-0.635
 74
0
 49
1.27
 74
0
 49
-0.635
 74
0
  0
LTYPE
  5
31
330
2
100
AcDbSymbolTableRecord
100
AcDbLinetypeTableRecord
  2
CENTER2
 70
0
  3
Center (.5x) ____ _ ____ _ ____ _ ____ _ ____
 72
65
 73
4
 40
2.54
 49
1.587
 74
0
 49
-0.318
 74
0
 49
0.318
 74
0
 49
-0.318
 74
0
  0
LTYPE
  5
32
330
2
100
AcDbSymbolTableRecord
100
AcDbLinetypeTableRecord
  2
DASHED
 70
0
  3
Dashed __ __ __ __ __ __ __ __ __ __ __ __ __ _
 72
65
 73
2
 40
1.524
 49
1.27
 74
0
 49
-0.254
 74
0
  0
LTYPE
  5
33
330
2
100
AcDbSymbolTableRecord
100
AcDbLinetypeTableRecord
  2
DASHEDX2
 70
0
  3
Dashed (2x) ____  ____  ____  ____  ____  ____
 72
65
 73
2
 40
3.048
 49
2.54
 74
0
 49
-0.508
 74
0
  0
LTYPE
  5
34
330
2
100
AcDbSymbolTableRecord
100
AcDbLinetypeTableRecord
  2
DASHED2
 70
0
  3
Dashed (.5x) _ _ _ _ _ _ _ _ _ _ _ _ _ _
 72
65
 73
2
 40
0.762
 49
0.635
 74
0
 49
-0.127
 74
0
  0
LTYPE
  5
35
330
2
100
AcDbSymbolTableRecord
100
AcDbLinetypeTableRecord
  2
PHANTOM
 70
0
  3
Phantom ______  __  __  ______  __  __  ______
 72
65
 73
6
 40
6.35
 49
3.175
 74
0
 49
-0.635
 74
0
 49
0.635
 74
0
 49
-0.635
 74
0
 49
0.635
 74
0
 49
-0.635
 74
0
  0
LTYPE
  5
36
330
2
100
AcDbSymbolTableRecord
100
AcDbLinetypeTableRecord
  2
PHANTOMX2
 70
0
  3
Phantom (2x)____________    ____    ____    ____________
 72
65
 73
6
 40
10.795
 49
6.35
 74
0
 49
-0.635
 74
0
 49
1.27
 74
0
 49
-0.635
 74
0
 49
1.27
 74
0
 49
-0.635
 74
0
  0
LTYPE
  5
37
330
2
100
AcDbSymbolTableRecord
100
AcDbLinetypeTableRecord
  2
PHANTOM2
 70
0
  3
Phantom (.5x) ___ _ _ ___ _ _ ___ _ _ ___ _ _ ___
 72
65
 73
6
 40
3.175
 49
1.587
 74
0
 49
-0.318
 74
0
 49
0.318
 74
0
 49
-0.318
 74
0
 49
0.318
 74
0
 49
-0.318
 74
0
  0
LTYPE
  5
38
330
2
100
AcDbSymbolTableRecord
100
AcDbLinetypeTableRecord
  2
DASHDOT
 70
0
  3
Dash dot __ . __ . __ . __ . __ . __ . __ . __
 72
65
 73
4
 40
3.556
 49
2.54
 74
0
 49
-0.508
 74
0
 49
0.0
 74
0
 49
-0.508
 74
0
  0
LTYPE
  5
39
330
2
100
AcDbSymbolTableRecord
100
AcDbLinetypeTableRecord
  2
DASHDOTX2
 70
0
  3
Dash dot (2x) ____  .  ____  .  ____  .  ____
 72
65
 73
4
 40
6.096
 49
5.08
 74
0
 49
-0.508
 74
0
 49
0.0
 74
0
 49
-0.508
 74
0
  0
LTYPE
  5
3A
330
2
100
AcDbSymbolTableRecord
100
AcDbLinetypeTableRecord
  2
DASHDOT2
 70
0
  3
Dash dot (.5x) _ . _ . _ . _ . _ . _ . _ . _
 72
65
 73
4
 40
1.778
 49
1.27
 74
0
 49
-0.254
 74
0
 49
0.0
 74
0
 49
-0.254
 74
0
  0
LTYPE
  5
3B
330
2
100
AcDbSymbolTableRecord
100
AcDbLinetypeTableRecord
  2
DOT
 70
0
  3
Dot .  .  .  .  .  .  .  .  .  .  .  .  .  .  .  .
 72
65
 73
2
 40
0.508
 49
0.0
 74
0
 49
-0.508
 74
0
  0
LTYPE
  5
3C
330
2
100
AcDbSymbolTableRecord
100
AcDbLinetypeTableRecord
  2
DOTX2
 70
0
  3
Dot (2x) .    .    .    .    .    .    .    . 
 72
65
 73
2
 40
1.016
 49
0.0
 74
0
 49
-1.016
 74
0
  0
LTYPE
  5
3D
330
2
100
AcDbSymbolTableRecord
100
AcDbLinetypeTableRecord
  2
DOT2
 70
0
  3
Dot (.5) . . . . . . . . . . . . . . . . . . . 
 72
65
 73
2
 40
0.254
 49
0.0
 74
0
 49
-0.254
 74
0
  0
LTYPE
  5
3E
330
2
100
AcDbSymbolTableRecord
100
AcDbLinetypeTableRecord
  2
DIVIDE
 70
0
  3
Divide __ . . __ . . __ . . __ . . __ . . __
 72
65
 73
6
 40
4.064
 49
2.54
 74
0
 49
-0.508
 74
0
 49
0.0
 74
0
 49
-0.508
 74
0
 49
0.0
 74
0
 49
-0.508
 74
0
  0
LTYPE
  5
3F
330
2
100
AcDbSymbolTableRecord
100
AcDbLinetypeTableRecord
  2
DIVIDEX2
 70
0
  3
Divide (2x) ____  . .  ____  . .  ____  . .  ____
 72
65
 73
6
 40
6.604
 49
5.08
 74
0
 49
-0.508
 74
0
 49
0.0
 74
0
 49
-0.508
 74
0
 49
0.0
 74
0
 49
-0.508
 74
0
  0
LTYPE
  5
40
330
2
100
AcDbSymbolTableRecord
100
AcDbLinetypeTableRecord
  2
DIVIDE2
 70
0
  3
Divide(.5x) _ . _ . _ . _ . _ . _ . _ . _
 72
65
 73
6
 40
2.032
 49
1.27
 74
0
 49
-0.254
 74
0
 49
0.0
 74
0
 49
-0.254
 74
0
 49
0.0
 74
0
 49
-0.254
 74
0
  0
ENDTAB
  0
TABLE
  2
LAYER
  5
1
330
0
100
AcDbSymbolTable
 70
22
  0
LAYER
  5
27
330
1
100
AcDbSymbolTableRecord
100
AcDbLayerTableRecord
  2
0
 70
0
 62
7
  6
Continuous
370
-3
390
13
347
21
  0
LAYER
  5
28
330
1
100
AcDbSymbolTableRecord
100
AcDbLayerTableRecord
  2
Defpoints
 70
0
 62
7
  6
Continuous
290
0
370
-3
390
13
347
21
  0
LAYER
  5
8A
330
1
100
AcDbSymbolTableRecord
100
AcDbLayerTableRecord
  2
S-CONCRETE
 70
0
 62
7
  6
Continuous
370
-3
390
13
347
21
1001
AcAecLayerStandard
1000

1000
Structural concrete, cut
  0
LAYER
  5
8C
330
1
100
AcDbSymbolTableRecord
100
AcDbLayerTableRecord
  2
S-CONCRETE-THIN
 70
0
 62
7
  6
Continuous
370
-3
390
13
347
21
1001
AcAecLayerStandard
1000

1000
Concrete outlines, uncut
  0
LAYER
  5
8D
330
1
100
AcDbSymbolTableRecord
100
AcDbLayerTableRecord
  2
S-HIDDEN
 70
0
 62
8
  6
Continuous
370
-3
390
13
347
21
1001
AcAecLayerStandard
1000

1000
Concrete and features beyond / below
  0
LAYER
  5
8E
330
1
100
AcDbSymbolTableRecord
100
AcDbLayerTableRecord
  2
S-REBAR-MAIN
 70
0
 62
1
  6
Continuous
370
-3
390
13
347
21
1001
AcAecLayerStandard
1000

1000
Main reinforcement
  0
LAYER
  5
8F
330
1
100
AcDbSymbolTableRecord
100
AcDbLayerTableRecord
  2
S-REBAR-DIST
 70
0
 62
5
  6
Continuous
370
-3
390
13
347
21
1001
AcAecLayerStandard
1000

1000
Distribution reinforcement
  0
LAYER
  5
90
330
1
100
AcDbSymbolTableRecord
100
AcDbLayerTableRecord
  2
S-REBAR-STIRRUP
 70
0
 62
5
  6
Continuous
370
-3
390
13
347
21
1001
AcAecLayerStandard
1000

1000
Links and stirrups
  0
LAYER
  5
91
330
1
100
AcDbSymbolTableRecord
100
AcDbLayerTableRecord
  2
S-REBAR-SEC
 70
0
 62
1
  6
Continuous
370
-3
390
13
347
21
1001
AcAecLayerStandard
1000

1000
Trimmers, jamb bars, starters, additional bars
  0
LAYER
  5
92
330
1
100
AcDbSymbolTableRecord
100
AcDbLayerTableRecord
  2
S-DIM
 70
0
 62
7
  6
Continuous
370
-3
390
13
347
21
1001
AcAecLayerStandard
1000

1000
Dimensions
  0
LAYER
  5
93
330
1
100
AcDbSymbolTableRecord
100
AcDbLayerTableRecord
  2
S-TEXT
 70
0
 62
7
  6
Continuous
370
-3
390
13
347
21
1001
AcAecLayerStandard
1000

1000
General annotation
  0
LAYER
  5
94
330
1
100
AcDbSymbolTableRecord
100
AcDbLayerTableRecord
  2
S-NOTE
 70
0
 62
7
  6
Continuous
370
-3
390
13
347
21
1001
AcAecLayerStandard
1000

1000
Note panels
  0
LAYER
  5
95
330
1
100
AcDbSymbolTableRecord
100
AcDbLayerTableRecord
  2
S-CALLOUT
 70
0
 62
7
  6
Continuous
370
-3
390
13
347
21
1001
AcAecLayerStandard
1000

1000
Bar-mark tags and leaders
  0
LAYER
  5
96
330
1
100
AcDbSymbolTableRecord
100
AcDbLayerTableRecord
  2
S-SECTION
 70
0
 62
7
  6
Continuous
370
-3
390
13
347
21
1001
AcAecLayerStandard
1000

1000
Section and detail markers
  0
LAYER
  5
97
330
1
100
AcDbSymbolTableRecord
100
AcDbLayerTableRecord
  2
S-GRID
 70
0
 62
7
  6
Continuous
370
-3
390
13
347
21
1001
AcAecLayerStandard
1000

1000
Grid lines and bubbles
  0
LAYER
  5
98
330
1
100
AcDbSymbolTableRecord
100
AcDbLayerTableRecord
  2
S-CENTER
 70
0
 62
7
  6
Continuous
370
-3
390
13
347
21
1001
AcAecLayerStandard
1000

1000
Centrelines and void diagonals
  0
LAYER
  5
99
330
1
100
AcDbSymbolTableRecord
100
AcDbLayerTableRecord
  2
S-HATCH
 70
0
 62
8
  6
Continuous
370
-3
390
13
347
21
1001
AcAecLayerStandard
1000

1000
Section hatch
  0
LAYER
  5
9A
330
1
100
AcDbSymbolTableRecord
100
AcDbLayerTableRecord
  2
S-TITLE
 70
0
 62
7
  6
Continuous
370
-3
390
13
347
21
1001
AcAecLayerStandard
1000

1000
Border, title block, view titles
  0
LAYER
  5
9B
330
1
100
AcDbSymbolTableRecord
100
AcDbLayerTableRecord
  2
S-EXISTING
 70
0
 62
8
  6
Continuous
370
-3
390
13
347
21
1001
AcAecLayerStandard
1000

1000
Soil, rock, fill and cover build-up
  0
LAYER
  5
9C
330
1
100
AcDbSymbolTableRecord
100
AcDbLayerTableRecord
  2
S-WATERPROOF
 70
0
 62
7
  6
Continuous
370
-3
390
13
347
21
1001
AcAecLayerStandard
1000

1000
Tanking, waterstops, groundwater table
  0
LAYER
  5
9D
330
1
100
AcDbSymbolTableRecord
100
AcDbLayerTableRecord
  2
S-LEVEL
 70
0
 62
7
  6
Continuous
370
-3
390
13
347
21
1001
AcAecLayerStandard
1000

1000
Level markers
  0
LAYER
  5
9E
330
1
100
AcDbSymbolTableRecord
100
AcDbLayerTableRecord
  2
S-TABLE
 70
0
 62
7
  6
Continuous
370
-3
390
13
347
21
1001
AcAecLayerStandard
1000

1000
Tables and schedules
  0
ENDTAB
  0
TABLE
  2
STYLE
  5
5
330
0
100
AcDbSymbolTable
 70
26
  0
STYLE
  5
29
330
5
100
AcDbSymbolTableRecord
100
AcDbTextStyleTableRecord
  2
Standard
 70
0
 40
0.0
 41
1.0
 50
0.0
 71
0
 42
2.5
  3
txt
  4

  0
STYLE
  5
41
330
5
100
AcDbSymbolTableRecord
100
AcDbTextStyleTableRecord
  2
OpenSans-Light
 70
0
 40
0.0
 41
1.0
 50
0.0
 71
0
 42
2.5
  3
OpenSans-Light.ttf
  4

  0
STYLE
  5
42
330
5
100
AcDbSymbolTableRecord
100
AcDbTextStyleTableRecord
  2
OpenSans-Light-Italic
 70
0
 40
0.0
 41
1.0
 50
0.0
 71
0
 42
2.5
  3
OpenSans-LightItalic.ttf
  4

  0
STYLE
  5
43
330
5
100
AcDbSymbolTableRecord
100
AcDbTextStyleTableRecord
  2
OpenSans
 70
0
 40
0.0
 41
1.0
 50
0.0
 71
0
 42
2.5
  3
OpenSans-Regular.ttf
  4

  0
STYLE
  5
44
330
5
100
AcDbSymbolTableRecord
100
AcDbTextStyleTableRecord
  2
OpenSans-Italic
 70
0
 40
0.0
 41
1.0
 50
0.0
 71
0
 42
2.5
  3
OpenSans-Italic.ttf
  4

  0
STYLE
  5
45
330
5
100
AcDbSymbolTableRecord
100
AcDbTextStyleTableRecord
  2
OpenSans-SemiBold
 70
0
 40
0.0
 41
1.0
 50
0.0
 71
0
 42
2.5
  3
OpenSans-SemiBold.ttf
  4

  0
STYLE
  5
46
330
5
100
AcDbSymbolTableRecord
100
AcDbTextStyleTableRecord
  2
OpenSans-SemiBoldItalic
 70
0
 40
0.0
 41
1.0
 50
0.0
 71
0
 42
2.5
  3
OpenSans-SemiBoldItalic.ttf
  4

  0
STYLE
  5
47
330
5
100
AcDbSymbolTableRecord
100
AcDbTextStyleTableRecord
  2
OpenSans-Bold
 70
0
 40
0.0
 41
1.0
 50
0.0
 71
0
 42
2.5
  3
OpenSans-Bold.ttf
  4

  0
STYLE
  5
48
330
5
100
AcDbSymbolTableRecord
100
AcDbTextStyleTableRecord
  2
OpenSans-BoldItalic
 70
0
 40
0.0
 41
1.0
 50
0.0
 71
0
 42
2.5
  3
OpenSans-BoldItalic.ttf
  4

  0
STYLE
  5
49
330
5
100
AcDbSymbolTableRecord
100
AcDbTextStyleTableRecord
  2
OpenSans-ExtraBold
 70
0
 40
0.0
 41
1.0
 50
0.0
 71
0
 42
2.5
  3
OpenSans-ExtraBold.ttf
  4

  0
STYLE
  5
4A
330
5
100
AcDbSymbolTableRecord
100
AcDbTextStyleTableRecord
  2
OpenSans-ExtraBoldItalic
 70
0
 40
0.0
 41
1.0
 50
0.0
 71
0
 42
2.5
  3
OpenSans-ExtraBoldItalic.ttf
  4

  0
STYLE
  5
4B
330
5
100
AcDbSymbolTableRecord
100
AcDbTextStyleTableRecord
  2
OpenSansCondensed-Bold
 70
0
 40
0.0
 41
1.0
 50
0.0
 71
0
 42
2.5
  3
OpenSansCondensed-Bold.ttf
  4

  0
STYLE
  5
4C
330
5
100
AcDbSymbolTableRecord
100
AcDbTextStyleTableRecord
  2
OpenSansCondensed-Light
 70
0
 40
0.0
 41
1.0
 50
0.0
 71
0
 42
2.5
  3
OpenSansCondensed-Light.ttf
  4

  0
STYLE
  5
4D
330
5
100
AcDbSymbolTableRecord
100
AcDbTextStyleTableRecord
  2
OpenSansCondensed-Italic
 70
0
 40
0.0
 41
1.0
 50
0.0
 71
0
 42
2.5
  3
OpenSansCondensed-LightItalic.ttf
  4

  0
STYLE
  5
4E
330
5
100
AcDbSymbolTableRecord
100
AcDbTextStyleTableRecord
  2
LiberationSans
 70
0
 40
0.0
 41
1.0
 50
0.0
 71
0
 42
2.5
  3
LiberationSans-Regular.ttf
  4

  0
STYLE
  5
4F
330
5
100
AcDbSymbolTableRecord
100
AcDbTextStyleTableRecord
  2
LiberationSans-Bold
 70
0
 40
0.0
 41
1.0
 50
0.0
 71
0
 42
2.5
  3
LiberationSans-Bold.ttf
  4

  0
STYLE
  5
50
330
5
100
AcDbSymbolTableRecord
100
AcDbTextStyleTableRecord
  2
LiberationSans-BoldItalic
 70
0
 40
0.0
 41
1.0
 50
0.0
 71
0
 42
2.5
  3
LiberationSans-BoldItalic.ttf
  4

  0
STYLE
  5
51
330
5
100
AcDbSymbolTableRecord
100
AcDbTextStyleTableRecord
  2
LiberationSans-Italic
 70
0
 40
0.0
 41
1.0
 50
0.0
 71
0
 42
2.5
  3
LiberationSans-Italic.ttf
  4

  0
STYLE
  5
52
330
5
100
AcDbSymbolTableRecord
100
AcDbTextStyleTableRecord
  2
LiberationSerif
 70
0
 40
0.0
 41
1.0
 50
0.0
 71
0
 42
2.5
  3
LiberationSerif-Regular.ttf
  4

  0
STYLE
  5
53
330
5
100
AcDbSymbolTableRecord
100
AcDbTextStyleTableRecord
  2
LiberationSerif-Bold
 70
0
 40
0.0
 41
1.0
 50
0.0
 71
0
 42
2.5
  3
LiberationSerif-Bold.ttf
  4

  0
STYLE
  5
54
330
5
100
AcDbSymbolTableRecord
100
AcDbTextStyleTableRecord
  2
LiberationSerif-BoldItalic
 70
0
 40
0.0
 41
1.0
 50
0.0
 71
0
 42
2.5
  3
LiberationSerif-BoldItalic.ttf
  4

  0
STYLE
  5
55
330
5
100
AcDbSymbolTableRecord
100
AcDbTextStyleTableRecord
  2
LiberationSerif-Italic
 70
0
 40
0.0
 41
1.0
 50
0.0
 71
0
 42
2.5
  3
LiberationSerif-Italic.ttf
  4

  0
STYLE
  5
56
330
5
100
AcDbSymbolTableRecord
100
AcDbTextStyleTableRecord
  2
LiberationMono
 70
0
 40
0.0
 41
1.0
 50
0.0
 71
0
 42
2.5
  3
LiberationMono-Regular.ttf
  4

  0
STYLE
  5
57
330
5
100
AcDbSymbolTableRecord
100
AcDbTextStyleTableRecord
  2
LiberationMono-Bold
 70
0
 40
0.0
 41
1.0
 50
0.0
 71
0
 42
2.5
  3
LiberationMono-Bold.ttf
  4

  0
STYLE
  5
58
330
5
100
AcDbSymbolTableRecord
100
AcDbTextStyleTableRecord
  2
LiberationMono-BoldItalic
 70
0
 40
0.0
 41
1.0
 50
0.0
 71
0
 42
2.5
  3
LiberationMono-BoldItalic.ttf
  4

  0
STYLE
  5
59
330
5
100
AcDbSymbolTableRecord
100
AcDbTextStyleTableRecord
  2
LiberationMono-Italic
 70
0
 40
0.0
 41
1.0
 50
0.0
 71
0
 42
2.5
  3
LiberationMono-Italic.ttf
  4

  0
ENDTAB
  0
TABLE
  2
VIEW
  5
7
330
0
100
AcDbSymbolTable
 70
0
  0
ENDTAB
  0
TABLE
  2
UCS
  5
6
330
0
100
AcDbSymbolTable
 70
0
  0
ENDTAB
  0
TABLE
  2
APPID
  5
3
330
0
100
AcDbSymbolTable
 70
4
  0
APPID
  5
2A
330
3
100
AcDbSymbolTableRecord
100
AcDbRegAppTableRecord
  2
ACAD
 70
0
  0
APPID
  5
8B
330
3
100
AcDbSymbolTableRecord
100
AcDbRegAppTableRecord
  2
AcAecLayerStandard
 70
0
  0
APPID
  5
449
330
3
100
AcDbSymbolTableRecord
100
AcDbRegAppTableRecord
  2
HATCHBACKGROUNDCOLOR
 70
0
  0
APPID
  5
44A
330
3
100
AcDbSymbolTableRecord
100
AcDbRegAppTableRecord
  2
EZDXF
 70
0
  0
ENDTAB
  0
TABLE
  2
DIMSTYLE
  5
4
330
0
100
AcDbSymbolTable
 70
14
100
AcDbDimStyleTable
  0
DIMSTYLE
105
2B
330
4
100
AcDbSymbolTableRecord
100
AcDbDimStyleTableRecord
  2
Standard
 70
0
 40
1.0
 41
2.5
 42
0.625
 43
3.75
 44
1.25
 45
0.0
 46
0.0
 47
0.0
 48
0.0
 49
2.5
140
2.5
141
2.5
142
0.0
143
0.03937007874
144
1.0
145
0.0
146
1.0
147
0.625
148
0.0
 69
0
 70
0
 71
0
 72
0
 73
0
 74
0
 75
0
 76
0
 77
1
 78
8
 79
3
170
0
171
3
172
1
173
0
174
0
175
0
176
0
177
0
178
0
179
2
271
2
272
2
273
2
274
3
275
0
276
0
277
2
278
44
279
0
280
0
281
0
282
0
283
0
284
8
285
0
286
0
288
0
289
3
290
0
371
-2
372
-2
  0
DIMSTYLE
105
73
330
4
100
AcDbSymbolTableRecord
100
AcDbDimStyleTableRecord
  2
EZDXF
 70
0
 40
1.0
 41
0.175
 42
0.125
 43
3.75
 44
0.375
 45
0.0
 46
0.0
 47
0.0
 48
0.0
 49
2.5
140
0.25
141
2.5
142
0.0
143
0.03937007874
144
100.0
145
0.0
146
0.5
147
0.1
148
0.0
 69
0
 70
0
 71
0
 72
0
 73
0
 74
0
 75
0
 76
0
 77
1
 78
12
 79
3
170
0
171
3
172
1
173
0
174
0
175
0
176
0
177
0
178
0
179
2
271
2
272
2
273
2
274
3
275
0
276
0
277
2
278
46
279
2
280
0
281
0
282
0
283
0
284
8
285
0
286
0
288
1
289
3
290
0
340
4C
342
74
371
-2
372
-2
  0
DIMSTYLE
105
7C
330
4
100
AcDbSymbolTableRecord
100
AcDbDimStyleTableRecord
  2
EZ_M_100_H25_CM
 70
0
 40
1.0
 41
0.25
 42
0.125
 43
3.75
 44
0.375
 45
0.0
 46
0.0
 47
0.0
 48
0.0
 49
2.5
140
0.25
141
2.5
142
0.125
143
0.03937007874
144
100.0
145
0.0
146
0.5
147
0.1
148
0.0
 69
0
 70
0
 71
0
 72
0
 73
0
 74
0
 75
0
 76
0
 77
1
 78
12
 79
3
170
0
171
3
172
1
173
0
174
0
175
0
176
0
177
0
178
0
179
2
271
2
272
2
273
2
274
3
275
0
276
0
277
2
278
46
279
2
280
0
281
0
282
0
283
0
284
8
285
0
286
0
288
1
289
3
290
0
340
4C
371
-2
372
-2
  0
DIMSTYLE
105
7D
330
4
100
AcDbSymbolTableRecord
100
AcDbDimStyleTableRecord
  2
EZ_M_50_H25_CM
 70
0
 40
1.0
 41
0.125
 42
0.0625
 43
3.75
 44
0.1875
 45
0.0
 46
0.0
 47
0.0
 48
0.0
 49
2.5
140
0.125
141
2.5
142
0.0625
143
0.03937007874
144
100.0
145
0.0
146
0.5
147
0.05
148
0.0
 69
0
 70
0
 71
0
 72
0
 73
0
 74
0
 75
0
 76
0
 77
1
 78
12
 79
3
170
0
171
3
172
1
173
0
174
0
175
0
176
0
177
0
178
0
179
2
271
2
272
2
273
2
274
3
275
0
276
0
277
2
278
46
279
2
280
0
281
0
282
0
283
0
284
8
285
0
286
0
288
1
289
3
290
0
340
4C
371
-2
372
-2
  0
DIMSTYLE
105
7E
330
4
100
AcDbSymbolTableRecord
100
AcDbDimStyleTableRecord
  2
EZ_M_25_H25_CM
 70
0
 40
1.0
 41
0.0625
 42
0.03125
 43
3.75
 44
0.09375
 45
0.0
 46
0.0
 47
0.0
 48
0.0
 49
2.5
140
0.0625
141
2.5
142
0.03125
143
0.03937007874
144
100.0
145
0.0
146
0.5
147
0.025
148
0.0
 69
0
 70
0
 71
0
 72
0
 73
0
 74
0
 75
0
 76
0
 77
1
 78
12
 79
3
170
0
171
3
172
1
173
0
174
0
175
0
176
0
177
0
178
0
179
2
271
2
272
2
273
2
274
3
275
0
276
0
277
2
278
46
279
2
280
0
281
0
282
0
283
0
284
8
285
0
286
0
288
1
289
3
290
0
340
4C
371
-2
372
-2
  0
DIMSTYLE
105
7F
330
4
100
AcDbSymbolTableRecord
100
AcDbDimStyleTableRecord
  2
EZ_M_20_H25_CM
 70
0
 40
1.0
 41
0.05
 42
0.025
 43
3.75
 44
0.07500000000000001
 45
0.0
 46
0.0
 47
0.0
 48
0.0
 49
2.5
140
0.05
141
2.5
142
0.025
143
0.03937007874
144
100.0
145
0.0
146
0.5
147
0.020000000000000004
148
0.0
 69
0
 70
0
 71
0
 72
0
 73
0
 74
0
 75
0
 76
0
 77
1
 78
12
 79
3
170
0
171
3
172
1
173
0
174
0
175
0
176
0
177
0
178
0
179
2
271
2
272
2
273
2
274
3
275
0
276
0
277
2
278
46
279
2
280
0
281
0
282
0
283
0
284
8
285
0
286
0
288
1
289
3
290
0
340
4C
371
-2
372
-2
  0
DIMSTYLE
105
80
330
4
100
AcDbSymbolTableRecord
100
AcDbDimStyleTableRecord
  2
EZ_M_10_H25_CM
 70
0
 40
1.0
 41
0.025
 42
0.0125
 43
3.75
 44
0.037500000000000006
 45
0.0
 46
0.0
 47
0.0
 48
0.0
 49
2.5
140
0.025
141
2.5
142
0.0125
143
0.03937007874
144
100.0
145
0.0
146
0.5
147
0.010000000000000002
148
0.0
 69
0
 70
0
 71
0
 72
0
 73
0
 74
0
 75
0
 76
0
 77
1
 78
12
 79
3
170
0
171
3
172
1
173
0
174
0
175
0
176
0
177
0
178
0
179
2
271
2
272
2
273
2
274
3
275
0
276
0
277
2
278
46
279
2
280
0
281
0
282
0
283
0
284
8
285
0
286
0
288
1
289
3
290
0
340
4C
371
-2
372
-2
  0
DIMSTYLE
105
81
330
4
100
AcDbSymbolTableRecord
100
AcDbDimStyleTableRecord
  2
EZ_M_5_H25_CM
 70
0
 40
1.0
 41
0.0125
 42
0.00625
 43
3.75
 44
0.018750000000000003
 45
0.0
 46
0.0
 47
0.0
 48
0.0
 49
2.5
140
0.0125
141
2.5
142
0.00625
143
0.03937007874
144
100.0
145
0.0
146
0.5
147
0.005000000000000001
148
0.0
 69
0
 70
0
 71
0
 72
0
 73
0
 74
0
 75
0
 76
0
 77
1
 78
12
 79
3
170
0
171
3
172
1
173
0
174
0
175
0
176
0
177
0
178
0
179
2
271
2
272
2
273
2
274
3
275
0
276
0
277
2
278
46
279
2
280
0
281
0
282
0
283
0
284
8
285
0
286
0
288
1
289
3
290
0
340
4C
371
-2
372
-2
  0
DIMSTYLE
105
82
330
4
100
AcDbSymbolTableRecord
100
AcDbDimStyleTableRecord
  2
EZ_M_1_H25_CM
 70
0
 40
1.0
 41
0.0025
 42
0.00125
 43
3.75
 44
0.00375
 45
0.0
 46
0.0
 47
0.0
 48
0.0
 49
2.5
140
0.0025
141
2.5
142
0.00125
143
0.03937007874
144
100.0
145
0.0
146
0.5
147
0.001
148
0.0
 69
0
 70
0
 71
0
 72
0
 73
0
 74
0
 75
0
 76
0
 77
1
 78
12
 79
3
170
0
171
3
172
1
173
0
174
0
175
0
176
0
177
0
178
0
179
2
271
2
272
2
273
2
274
3
275
0
276
0
277
2
278
46
279
2
280
0
281
0
282
0
283
0
284
8
285
0
286
0
288
1
289
3
290
0
340
4C
371
-2
372
-2
  0
DIMSTYLE
105
83
330
4
100
AcDbSymbolTableRecord
100
AcDbDimStyleTableRecord
  2
EZ_RADIUS
 70
0
 40
1.0
 41
0.25
 42
0.125
 43
3.75
 44
0.375
 45
0.0
 46
0.0
 47
0.0
 48
0.0
 49
2.5
140
0.25
141
0.0
142
0.0
143
0.03937007874
144
100.0
145
0.0
146
0.5
147
0.1
148
0.0
 69
0
 70
0
 71
0
 72
0
 73
0
 74
0
 75
0
 76
0
 77
1
 78
12
 79
3
170
0
171
3
172
0
173
0
174
0
175
0
176
0
177
0
178
0
179
2
271
2
272
2
273
2
274
3
275
0
276
0
277
2
278
46
279
1
280
0
281
0
282
0
283
0
284
8
285
0
286
0
288
1
289
3
290
0
340
4C
342
84
371
-2
372
-2
  0
DIMSTYLE
105
88
330
4
100
AcDbSymbolTableRecord
100
AcDbDimStyleTableRecord
  2
EZ_RADIUS_INSIDE
 70
0
 40
1.0
 41
0.25
 42
0.125
 43
3.75
 44
0.375
 45
0.0
 46
0.0
 47
0.0
 48
0.0
 49
2.5
140
0.25
141
0.0
142
0.0
143
0.03937007874
144
100.0
145
0.0
146
0.5
147
0.1
148
0.0
 69
0
 70
0
 71
0
 72
0
 73
0
 74
0
 75
0
 76
0
 77
0
 78
12
 79
3
170
0
171
3
172
0
173
0
174
1
175
0
176
0
177
0
178
0
179
2
271
2
272
2
273
2
274
3
275
0
276
0
277
2
278
46
279
0
280
0
281
0
282
0
283
0
284
8
285
0
286
0
288
1
289
0
290
0
340
4C
342
84
371
-2
372
-2
  0
DIMSTYLE
105
89
330
4
100
AcDbSymbolTableRecord
100
AcDbDimStyleTableRecord
  2
EZ_CURVED
 70
0
 40
1.0
 41
0.25
 42
0.125
 43
3.75
 44
0.375
 45
0.0
 46
0.0
 47
0.0
 48
0.0
 49
2.5
140
0.25
141
2.5
142
0.0
143
0.03937007874
144
100.0
145
0.0
146
0.5
147
0.1
148
0.0
 69
0
 70
0
 71
0
 72
0
 73
0
 74
0
 75
0
 76
0
 77
1
 78
12
 79
2
 90
2
170
0
171
3
172
1
173
0
174
0
175
0
176
0
177
0
178
0
179
2
271
2
272
2
273
2
274
3
275
0
276
0
277
2
278
46
279
2
280
0
281
0
282
0
283
0
284
8
285
0
286
0
288
1
289
3
290
0
340
4C
371
-2
372
-2
  0
DIMSTYLE
105
9F
330
4
100
AcDbSymbolTableRecord
100
AcDbDimStyleTableRecord
  2
A2-DIM
 70
0
 40
1.0
 41
1.4
 42
1.0
 43
3.75
 44
1.1
 45
0.0
 46
0.0
 47
0.0
 48
0.0
 49
2.5
140
2.0
141
2.5
142
0.0
143
0.03937007874
144
1.0
145
0.0
146
1.0
147
0.7
148
0.0
 69
0
 70
0
 71
0
 72
0
 73
0
 74
0
 75
0
 76
0
 77
1
 78
8
 79
3
170
0
171
3
172
1
173
0
174
0
175
0
176
7
177
7
178
7
179
2
271
0
272
2
273
2
274
3
275
0
276
0
277
2
278
44
279
0
280
0
281
0
282
0
283
0
284
8
285
0
286
0
288
0
289
3
290
0
340
43
342
74
371
13
372
13
  0
DIMSTYLE
105
A0
330
4
100
AcDbSymbolTableRecord
100
AcDbDimStyleTableRecord
  2
A2-DIM-S
 70
0
 40
1.0
 41
1.1
 42
1.0
 43
3.75
 44
1.1
 45
0.0
 46
0.0
 47
0.0
 48
0.0
 49
2.5
140
1.8
141
2.5
142
0.0
143
0.03937007874
144
1.0
145
0.0
146
1.0
147
0.7
148
0.0
 69
0
 70
0
 71
0
 72
0
 73
0
 74
0
 75
0
 76
0
 77
1
 78
8
 79
3
170
0
171
3
172
1
173
0
174
0
175
0
176
7
177
7
178
7
179
2
271
0
272
2
273
2
274
3
275
0
276
0
277
2
278
44
279
0
280
0
281
0
282
0
283
0
284
8
285
0
286
0
288
0
289
3
290
0
340
43
342
74
371
13
372
13
  0
ENDTAB
  0
TABLE
  2
BLOCK_RECORD
  5
9
330
0
100
AcDbSymbolTable
 70
18
  0
BLOCK_RECORD
  5
17
330
9
100
AcDbSymbolTableRecord
100
AcDbBlockTableRecord
  2
*Model_Space
340
1A
 70
0
280
1
281
0
  0
BLOCK_RECORD
  5
1B
330
9
100
AcDbSymbolTableRecord
100
AcDbBlockTableRecord
  2
*Paper_Space
340
1E
 70
0
280
1
281
0
  0
BLOCK_RECORD
  5
74
330
9
100
AcDbSymbolTableRecord
100
AcDbBlockTableRecord
  2
_ARCHTICK
340
0
 70
0
280
1
281
0
  0
BLOCK_RECORD
  5
78
330
9
100
AcDbSymbolTableRecord
100
AcDbBlockTableRecord
  2
_CLOSEDFILLED
340
0
 70
0
280
1
281
0
  0
BLOCK_RECORD
  5
84
330
9
100
AcDbSymbolTableRecord
100
AcDbBlockTableRecord
  2
_CLOSEDBLANK
340
0
 70
0
280
1
281
0
  0
BLOCK_RECORD
  5
A1
330
9
100
AcDbSymbolTableRecord
100
AcDbBlockTableRecord
  2
A2-SECMARK
340
0
 70
0
280
1
281
0
  0
BLOCK_RECORD
  5
A5
330
9
100
AcDbSymbolTableRecord
100
AcDbBlockTableRecord
  2
A2-LEVEL
340
0
 70
0
280
1
281
0
  0
BLOCK_RECORD
  5
A9
330
9
100
AcDbSymbolTableRecord
100
AcDbBlockTableRecord
  2
A2-NORTH
340
0
 70
0
280
1
281
0
  0
BLOCK_RECORD
  5
13C
330
9
100
AcDbSymbolTableRecord
100
AcDbBlockTableRecord
  2
*D1
340
0
 70
0
280
1
281
0
  0
BLOCK_RECORD
  5
14B
330
9
100
AcDbSymbolTableRecord
100
AcDbBlockTableRecord
  2
*D2
340
0
 70
0
280
1
281
0
  0
BLOCK_RECORD
  5
15A
330
9
100
AcDbSymbolTableRecord
100
AcDbBlockTableRecord
  2
*D3
340
0
 70
0
280
1
281
0
  0
BLOCK_RECORD
  5
169
330
9
100
AcDbSymbolTableRecord
100
AcDbBlockTableRecord
  2
*D4
340
0
 70
0
280
1
281
0
  0
BLOCK_RECORD
  5
1CD
330
9
100
AcDbSymbolTableRecord
100
AcDbBlockTableRecord
  2
*D5
340
0
 70
0
280
1
281
0
  0
BLOCK_RECORD
  5
1DC
330
9
100
AcDbSymbolTableRecord
100
AcDbBlockTableRecord
  2
*D6
340
0
 70
0
280
1
281
0
  0
BLOCK_RECORD
  5
217
330
9
100
AcDbSymbolTableRecord
100
AcDbBlockTableRecord
  2
*D7
340
0
 70
0
280
1
281
0
  0
BLOCK_RECORD
  5
23A
330
9
100
AcDbSymbolTableRecord
100
AcDbBlockTableRecord
  2
*D8
340
0
 70
0
280
1
281
0
  0
BLOCK_RECORD
  5
25D
330
9
100
AcDbSymbolTableRecord
100
AcDbBlockTableRecord
  2
*D9
340
0
 70
0
280
1
281
0
  0
BLOCK_RECORD
  5
281
330
9
100
AcDbSymbolTableRecord
100
AcDbBlockTableRecord
  2
*D10
340
0
 70
0
280
1
281
0
  0
ENDTAB
  0
ENDSEC
  0
SECTION
  2
BLOCKS
  0
BLOCK
  5
18
330
17
100
AcDbEntity
  8
0
100
AcDbBlockBegin
  2
*Model_Space
 70
0
 10
0.0
 20
0.0
 30
0.0
  3
*Model_Space
  1

  0
ENDBLK
  5
19
330
17
100
AcDbEntity
  8
0
100
AcDbBlockEnd
  0
BLOCK
  5
1C
330
1B
100
AcDbEntity
  8
0
100
AcDbBlockBegin
  2
*Paper_Space
 70
0
 10
0.0
 20
0.0
 30
0.0
  3
*Paper_Space
  1

  0
ENDBLK
  5
1D
330
1B
100
AcDbEntity
  8
0
100
AcDbBlockEnd
  0
BLOCK
  5
75
330
74
100
AcDbEntity
  8
0
100
AcDbBlockBegin
  2
_ARCHTICK
 70
0
 10
0.0
 20
0.0
 30
0.0
  3
_ARCHTICK
  1

  0
LWPOLYLINE
  5
77
330
74
100
AcDbEntity
  8
0
  6
BYBLOCK
 62
0
100
AcDbPolyline
 90
2
 70
0
 43
0.15
 10
-0.5
 20
-0.5
 10
0.5
 20
0.5
  0
ENDBLK
  5
76
330
74
100
AcDbEntity
  8
0
100
AcDbBlockEnd
  0
BLOCK
  5
79
330
78
100
AcDbEntity
  8
0
100
AcDbBlockBegin
  2
_CLOSEDFILLED
 70
0
 10
0.0
 20
0.0
 30
0.0
  3
_CLOSEDFILLED
  1

  0
SOLID
  5
7B
330
78
100
AcDbEntity
  8
0
  6
BYBLOCK
 62
0
100
AcDbTrace
 10
-1.0
 20
0.16439898372402537
 30
0.0
 11
0.0
 21
0.0
 31
0.0
 12
-1.0
 22
-0.16439898372402537
 32
0.0
 13
-1.0
 23
-0.16439898372402537
 33
0.0
  0
ENDBLK
  5
7A
330
78
100
AcDbEntity
  8
0
100
AcDbBlockEnd
  0
BLOCK
  5
85
330
84
100
AcDbEntity
  8
0
100
AcDbBlockBegin
  2
_CLOSEDBLANK
 70
0
 10
0.0
 20
0.0
 30
0.0
  3
_CLOSEDBLANK
  1

  0
LWPOLYLINE
  5
87
330
84
100
AcDbEntity
  8
0
  6
BYBLOCK
 62
0
100
AcDbPolyline
 90
3
 70
1
 10
-1.0
 20
0.16439898372402537
 10
0.0
 20
0.0
 10
-1.0
 20
-0.16439898372402537
  0
ENDBLK
  5
86
330
84
100
AcDbEntity
  8
0
100
AcDbBlockEnd
  0
BLOCK
  5
A2
330
A1
100
AcDbEntity
  8
0
100
AcDbBlockBegin
  2
A2-SECMARK
 70
0
 10
0.0
 20
0.0
 30
0.0
  3
A2-SECMARK
  1

  0
CIRCLE
  5
A4
330
A1
100
AcDbEntity
  8
S-SECTION
100
AcDbCircle
 10
0.0
 20
0.0
 30
0.0
 40
3.6
  0
ENDBLK
  5
A3
330
A1
100
AcDbEntity
  8
0
100
AcDbBlockEnd
  0
BLOCK
  5
A6
330
A5
100
AcDbEntity
  8
0
100
AcDbBlockBegin
  2
A2-LEVEL
 70
0
 10
0.0
 20
0.0
 30
0.0
  3
A2-LEVEL
  1

  0
LWPOLYLINE
  5
A8
330
A5
100
AcDbEntity
  8
S-LEVEL
100
AcDbPolyline
 90
3
 70
1
 10
0.0
 20
0.0
 10
-1.9
 20
2.8
 10
1.9
 20
2.8
  0
ENDBLK
  5
A7
330
A5
100
AcDbEntity
  8
0
100
AcDbBlockEnd
  0
BLOCK
  5
AA
330
A9
100
AcDbEntity
  8
0
100
AcDbBlockBegin
  2
A2-NORTH
 70
0
 10
0.0
 20
0.0
 30
0.0
  3
A2-NORTH
  1

  0
CIRCLE
  5
AC
330
A9
100
AcDbEntity
  8
S-TITLE
100
AcDbCircle
 10
0.0
 20
0.0
 30
0.0
 40
7.0
  0
LWPOLYLINE
  5
AD
330
A9
100
AcDbEntity
  8
S-TITLE
100
AcDbPolyline
 90
4
 70
1
 10
0.0
 20
6.0
 10
-2.2
 20
-4.2
 10
0.0
 20
-1.8
 10
2.2
 20
-4.2
  0
ENDBLK
  5
AB
330
A9
100
AcDbEntity
  8
0
100
AcDbBlockEnd
  0
BLOCK
  5
13D
330
13C
100
AcDbEntity
  8
0
100
AcDbBlockBegin
  2
*D1
 70
1
 10
0.0
 20
0.0
 30
0.0
  3
*D1
  1

  0
LINE
  5
13F
330
13C
100
AcDbEntity
  8
0
 62
7
370
13
100
AcDbLine
 10
67.0
 20
293.0
 30
0.0
 11
67.0
 21
266.9
 31
0.0
  0
LINE
  5
140
330
13C
100
AcDbEntity
  8
0
 62
7
370
13
100
AcDbLine
 10
97.0
 20
293.0
 30
0.0
 11
97.0
 21
266.9
 31
0.0
  0
INSERT
  5
141
330
13C
100
AcDbEntity
  8
S-DIM
 62
7
100
AcDbBlockReference
  2
_ARCHTICK
 10
67.0
 20
268.0
 30
0.0
 41
1.1
 42
1.1
 50
180.0
  0
INSERT
  5
143
330
13C
100
AcDbEntity
  8
S-DIM
 62
7
100
AcDbBlockReference
  2
_ARCHTICK
 10
97.0
 20
268.0
 30
0.0
 41
1.1
 42
1.1
  0
LINE
  5
145
330
13C
100
AcDbEntity
  8
0
 62
7
370
13
100
AcDbLine
 10
67.0
 20
268.0
 30
0.0
 11
97.0
 21
268.0
 31
0.0
  0
MTEXT
  5
146
330
13C
100
AcDbEntity
  8
S-DIM
 62
7
100
AcDbMText
 10
82.0
 20
269.6
 30
0.0
 40
1.8
 71
5
  1
1500
  7
OpenSans
  0
POINT
  5
147
330
13C
100
AcDbEntity
  8
Defpoints
100
AcDbPoint
 10
67.0
 20
268.0
 30
0.0
  0
POINT
  5
148
330
13C
100
AcDbEntity
  8
Defpoints
100
AcDbPoint
 10
67.0
 20
294.0
 30
0.0
  0
POINT
  5
149
330
13C
100
AcDbEntity
  8
Defpoints
100
AcDbPoint
 10
97.0
 20
294.0
 30
0.0
  0
ENDBLK
  5
13E
330
13C
100
AcDbEntity
  8
0
100
AcDbBlockEnd
  0
BLOCK
  5
14C
330
14B
100
AcDbEntity
  8
0
100
AcDbBlockBegin
  2
*D2
 70
1
 10
0.0
 20
0.0
 30
0.0
  3
*D2
  1

  0
LINE
  5
14E
330
14B
100
AcDbEntity
  8
0
 62
7
370
13
100
AcDbLine
 10
97.0
 20
293.0
 30
0.0
 11
97.0
 21
266.9
 31
0.0
  0
LINE
  5
14F
330
14B
100
AcDbEntity
  8
0
 62
7
370
13
100
AcDbLine
 10
163.0
 20
293.0
 30
0.0
 11
163.0
 21
266.9
 31
0.0
  0
INSERT
  5
150
330
14B
100
AcDbEntity
  8
S-DIM
 62
7
100
AcDbBlockReference
  2
_ARCHTICK
 10
97.0
 20
268.0
 30
0.0
 41
1.1
 42
1.1
 50
180.0
  0
INSERT
  5
152
330
14B
100
AcDbEntity
  8
S-DIM
 62
7
100
AcDbBlockReference
  2
_ARCHTICK
 10
163.0
 20
268.0
 30
0.0
 41
1.1
 42
1.1
  0
LINE
  5
154
330
14B
100
AcDbEntity
  8
0
 62
7
370
13
100
AcDbLine
 10
97.0
 20
268.0
 30
0.0
 11
163.0
 21
268.0
 31
0.0
  0
MTEXT
  5
155
330
14B
100
AcDbEntity
  8
S-DIM
 62
7
100
AcDbMText
 10
130.0
 20
269.6
 30
0.0
 40
1.8
 71
5
  1
3300
  7
OpenSans
  0
POINT
  5
156
330
14B
100
AcDbEntity
  8
Defpoints
100
AcDbPoint
 10
97.0
 20
268.0
 30
0.0
  0
POINT
  5
157
330
14B
100
AcDbEntity
  8
Defpoints
100
AcDbPoint
 10
97.0
 20
294.0
 30
0.0
  0
POINT
  5
158
330
14B
100
AcDbEntity
  8
Defpoints
100
AcDbPoint
 10
163.0
 20
294.0
 30
0.0
  0
ENDBLK
  5
14D
330
14B
100
AcDbEntity
  8
0
100
AcDbBlockEnd
  0
BLOCK
  5
15B
330
15A
100
AcDbEntity
  8
0
100
AcDbBlockBegin
  2
*D3
 70
1
 10
0.0
 20
0.0
 30
0.0
  3
*D3
  1

  0
LINE
  5
15D
330
15A
100
AcDbEntity
  8
0
 62
7
370
13
100
AcDbLine
 10
163.0
 20
293.0
 30
0.0
 11
163.0
 21
266.9
 31
0.0
  0
LINE
  5
15E
330
15A
100
AcDbEntity
  8
0
 62
7
370
13
100
AcDbLine
 10
193.0
 20
293.0
 30
0.0
 11
193.0
 21
266.9
 31
0.0
  0
INSERT
  5
15F
330
15A
100
AcDbEntity
  8
S-DIM
 62
7
100
AcDbBlockReference
  2
_ARCHTICK
 10
163.0
 20
268.0
 30
0.0
 41
1.1
 42
1.1
 50
180.0
  0
INSERT
  5
161
330
15A
100
AcDbEntity
  8
S-DIM
 62
7
100
AcDbBlockReference
  2
_ARCHTICK
 10
193.0
 20
268.0
 30
0.0
 41
1.1
 42
1.1
  0
LINE
  5
163
330
15A
100
AcDbEntity
  8
0
 62
7
370
13
100
AcDbLine
 10
163.0
 20
268.0
 30
0.0
 11
193.0
 21
268.0
 31
0.0
  0
MTEXT
  5
164
330
15A
100
AcDbEntity
  8
S-DIM
 62
7
100
AcDbMText
 10
178.0
 20
269.6
 30
0.0
 40
1.8
 71
5
  1
1500
  7
OpenSans
  0
POINT
  5
165
330
15A
100
AcDbEntity
  8
Defpoints
100
AcDbPoint
 10
163.0
 20
268.0
 30
0.0
  0
POINT
  5
166
330
15A
100
AcDbEntity
  8
Defpoints
100
AcDbPoint
 10
163.0
 20
294.0
 30
0.0
  0
POINT
  5
167
330
15A
100
AcDbEntity
  8
Defpoints
100
AcDbPoint
 10
193.0
 20
294.0
 30
0.0
  0
ENDBLK
  5
15C
330
15A
100
AcDbEntity
  8
0
100
AcDbBlockEnd
  0
BLOCK
  5
16A
330
169
100
AcDbEntity
  8
0
100
AcDbBlockBegin
  2
*D4
 70
1
 10
0.0
 20
0.0
 30
0.0
  3
*D4
  1

  0
LINE
  5
16C
330
169
100
AcDbEntity
  8
0
 62
7
370
13
100
AcDbLine
 10
62.0
 20
293.0
 30
0.0
 11
62.0
 21
259.9
 31
0.0
  0
LINE
  5
16D
330
169
100
AcDbEntity
  8
0
 62
7
370
13
100
AcDbLine
 10
198.0
 20
293.0
 30
0.0
 11
198.0
 21
259.9
 31
0.0
  0
INSERT
  5
16E
330
169
100
AcDbEntity
  8
S-DIM
 62
7
100
AcDbBlockReference
  2
_ARCHTICK
 10
62.0
 20
261.0
 30
0.0
 41
1.4
 42
1.4
 50
180.0
  0
INSERT
  5
170
330
169
100
AcDbEntity
  8
S-DIM
 62
7
100
AcDbBlockReference
  2
_ARCHTICK
 10
198.0
 20
261.0
 30
0.0
 41
1.4
 42
1.4
  0
LINE
  5
172
330
169
100
AcDbEntity
  8
0
 62
7
370
13
100
AcDbLine
 10
62.0
 20
261.0
 30
0.0
 11
198.0
 21
261.0
 31
0.0
  0
MTEXT
  5
173
330
169
100
AcDbEntity
  8
S-DIM
 62
7
100
AcDbMText
 10
130.0
 20
262.7
 30
0.0
 40
2.0
 71
5
  1
6800
  7
OpenSans
  0
POINT
  5
174
330
169
100
AcDbEntity
  8
Defpoints
100
AcDbPoint
 10
62.0
 20
261.0
 30
0.0
  0
POINT
  5
175
330
169
100
AcDbEntity
  8
Defpoints
100
AcDbPoint
 10
62.0
 20
294.0
 30
0.0
  0
POINT
  5
176
330
169
100
AcDbEntity
  8
Defpoints
100
AcDbPoint
 10
198.0
 20
294.0
 30
0.0
  0
ENDBLK
  5
16B
330
169
100
AcDbEntity
  8
0
100
AcDbBlockEnd
  0
BLOCK
  5
1CE
330
1CD
100
AcDbEntity
  8
0
100
AcDbBlockBegin
  2
*D5
 70
1
 10
0.0
 20
0.0
 30
0.0
  3
*D5
  1

  0
LINE
  5
1D0
330
1CD
100
AcDbEntity
  8
0
 62
7
370
13
100
AcDbLine
 10
62.0
 20
167.0
 30
0.0
 11
62.0
 21
160.9
 31
0.0
  0
LINE
  5
1D1
330
1CD
100
AcDbEntity
  8
0
 62
7
370
13
100
AcDbLine
 10
198.0
 20
167.0
 30
0.0
 11
198.0
 21
160.9
 31
0.0
  0
INSERT
  5
1D2
330
1CD
100
AcDbEntity
  8
S-DIM
 62
7
100
AcDbBlockReference
  2
_ARCHTICK
 10
62.0
 20
162.0
 30
0.0
 41
1.4
 42
1.4
 50
180.0
  0
INSERT
  5
1D4
330
1CD
100
AcDbEntity
  8
S-DIM
 62
7
100
AcDbBlockReference
  2
_ARCHTICK
 10
198.0
 20
162.0
 30
0.0
 41
1.4
 42
1.4
  0
LINE
  5
1D6
330
1CD
100
AcDbEntity
  8
0
 62
7
370
13
100
AcDbLine
 10
62.0
 20
162.0
 30
0.0
 11
198.0
 21
162.0
 31
0.0
  0
MTEXT
  5
1D7
330
1CD
100
AcDbEntity
  8
S-DIM
 62
7
100
AcDbMText
 10
130.0
 20
163.7
 30
0.0
 40
2.0
 71
5
  1
6800
  7
OpenSans
  0
POINT
  5
1D8
330
1CD
100
AcDbEntity
  8
Defpoints
100
AcDbPoint
 10
62.0
 20
162.0
 30
0.0
  0
POINT
  5
1D9
330
1CD
100
AcDbEntity
  8
Defpoints
100
AcDbPoint
 10
62.0
 20
168.0
 30
0.0
  0
POINT
  5
1DA
330
1CD
100
AcDbEntity
  8
Defpoints
100
AcDbPoint
 10
198.0
 20
168.0
 30
0.0
  0
ENDBLK
  5
1CF
330
1CD
100
AcDbEntity
  8
0
100
AcDbBlockEnd
  0
BLOCK
  5
1DD
330
1DC
100
AcDbEntity
  8
0
100
AcDbBlockBegin
  2
*D6
 70
1
 10
0.0
 20
0.0
 30
0.0
  3
*D6
  1

  0
LINE
  5
1DF
330
1DC
100
AcDbEntity
  8
0
 62
7
370
13
100
AcDbLine
 10
61.0
 20
168.0
 30
0.0
 11
52.9
 21
168.0
 31
0.0
  0
LINE
  5
1E0
330
1DC
100
AcDbEntity
  8
0
 62
7
370
13
100
AcDbLine
 10
61.0
 20
208.0
 30
0.0
 11
52.9
 21
208.0
 31
0.0
  0
INSERT
  5
1E1
330
1DC
100
AcDbEntity
  8
S-DIM
 62
7
100
AcDbBlockReference
  2
_ARCHTICK
 10
54.0
 20
168.0
 30
0.0
 41
1.1
 42
1.1
 50
270.0
  0
INSERT
  5
1E3
330
1DC
100
AcDbEntity
  8
S-DIM
 62
7
100
AcDbBlockReference
  2
_ARCHTICK
 10
54.0
 20
208.0
 30
0.0
 41
1.1
 42
1.1
 50
90.0
  0
LINE
  5
1E5
330
1DC
100
AcDbEntity
  8
0
 62
7
370
13
100
AcDbLine
 10
54.0
 20
168.0
 30
0.0
 11
54.0
 21
208.0
 31
0.0
  0
MTEXT
  5
1E6
330
1DC
100
AcDbEntity
  8
S-DIM
 62
7
100
AcDbMText
 10
52.4
 20
188.0
 30
0.0
 40
1.8
 71
5
  1
2000
  7
OpenSans
 50
90.0
  0
POINT
  5
1E7
330
1DC
100
AcDbEntity
  8
Defpoints
100
AcDbPoint
 10
54.0
 20
168.0
 30
0.0
  0
POINT
  5
1E8
330
1DC
100
AcDbEntity
  8
Defpoints
100
AcDbPoint
 10
62.0
 20
168.0
 30
0.0
  0
POINT
  5
1E9
330
1DC
100
AcDbEntity
  8
Defpoints
100
AcDbPoint
 10
62.0
 20
208.0
 30
0.0
  0
ENDBLK
  5
1DE
330
1DC
100
AcDbEntity
  8
0
100
AcDbBlockEnd
  0
BLOCK
  5
218
330
217
100
AcDbEntity
  8
0
100
AcDbBlockBegin
  2
*D7
 70
1
 10
0.0
 20
0.0
 30
0.0
  3
*D7
  1

  0
LINE
  5
21A
330
217
100
AcDbEntity
  8
0
 62
7
370
13
100
AcDbLine
 10
107.0
 20
66.0
 30
0.0
 11
111.6
 21
66.0
 31
0.0
  0
LINE
  5
21B
330
217
100
AcDbEntity
  8
0
 62
7
370
13
100
AcDbLine
 10
107.0
 20
91.0
 30
0.0
 11
111.6
 21
91.0
 31
0.0
  0
INSERT
  5
21C
330
217
100
AcDbEntity
  8
S-DIM
 62
7
100
AcDbBlockReference
  2
_ARCHTICK
 10
110.5
 20
66.0
 30
0.0
 41
1.1
 42
1.1
 50
270.0
  0
INSERT
  5
21E
330
217
100
AcDbEntity
  8
S-DIM
 62
7
100
AcDbBlockReference
  2
_ARCHTICK
 10
110.5
 20
91.0
 30
0.0
 41
1.1
 42
1.1
 50
90.0
  0
LINE
  5
220
330
217
100
AcDbEntity
  8
0
 62
7
370
13
100
AcDbLine
 10
110.5
 20
66.0
 30
0.0
 11
110.5
 21
91.0
 31
0.0
  0
MTEXT
  5
221
330
217
100
AcDbEntity
  8
S-DIM
 62
7
100
AcDbMText
 10
108.9
 20
78.5
 30
0.0
 40
1.8
 71
5
  1
250
  7
OpenSans
 50
90.0
  0
POINT
  5
222
330
217
100
AcDbEntity
  8
Defpoints
100
AcDbPoint
 10
110.5
 20
66.0
 30
0.0
  0
POINT
  5
223
330
217
100
AcDbEntity
  8
Defpoints
100
AcDbPoint
 10
106.0
 20
66.0
 30
0.0
  0
POINT
  5
224
330
217
100
AcDbEntity
  8
Defpoints
100
AcDbPoint
 10
106.0
 20
91.0
 30
0.0
  0
ENDBLK
  5
219
330
217
100
AcDbEntity
  8
0
100
AcDbBlockEnd
  0
BLOCK
  5
23B
330
23A
100
AcDbEntity
  8
0
100
AcDbBlockBegin
  2
*D8
 70
1
 10
0.0
 20
0.0
 30
0.0
  3
*D8
  1

  0
LINE
  5
23D
330
23A
100
AcDbEntity
  8
0
 62
7
370
13
100
AcDbLine
 10
174.0
 20
66.0
 30
0.0
 11
178.6
 21
66.0
 31
0.0
  0
LINE
  5
23E
330
23A
100
AcDbEntity
  8
0
 62
7
370
13
100
AcDbLine
 10
174.0
 20
91.0
 30
0.0
 11
178.6
 21
91.0
 31
0.0
  0
INSERT
  5
23F
330
23A
100
AcDbEntity
  8
S-DIM
 62
7
100
AcDbBlockReference
  2
_ARCHTICK
 10
177.5
 20
66.0
 30
0.0
 41
1.1
 42
1.1
 50
270.0
  0
INSERT
  5
241
330
23A
100
AcDbEntity
  8
S-DIM
 62
7
100
AcDbBlockReference
  2
_ARCHTICK
 10
177.5
 20
91.0
 30
0.0
 41
1.1
 42
1.1
 50
90.0
  0
LINE
  5
243
330
23A
100
AcDbEntity
  8
0
 62
7
370
13
100
AcDbLine
 10
177.5
 20
66.0
 30
0.0
 11
177.5
 21
91.0
 31
0.0
  0
MTEXT
  5
244
330
23A
100
AcDbEntity
  8
S-DIM
 62
7
100
AcDbMText
 10
175.9
 20
78.5
 30
0.0
 40
1.8
 71
5
  1
250
  7
OpenSans
 50
90.0
  0
POINT
  5
245
330
23A
100
AcDbEntity
  8
Defpoints
100
AcDbPoint
 10
177.5
 20
66.0
 30
0.0
  0
POINT
  5
246
330
23A
100
AcDbEntity
  8
Defpoints
100
AcDbPoint
 10
173.0
 20
66.0
 30
0.0
  0
POINT
  5
247
330
23A
100
AcDbEntity
  8
Defpoints
100
AcDbPoint
 10
173.0
 20
91.0
 30
0.0
  0
ENDBLK
  5
23C
330
23A
100
AcDbEntity
  8
0
100
AcDbBlockEnd
  0
BLOCK
  5
25E
330
25D
100
AcDbEntity
  8
0
100
AcDbBlockBegin
  2
*D9
 70
1
 10
0.0
 20
0.0
 30
0.0
  3
*D9
  1

  0
LINE
  5
260
330
25D
100
AcDbEntity
  8
0
 62
7
370
13
100
AcDbLine
 10
241.0
 20
66.0
 30
0.0
 11
245.6
 21
66.0
 31
0.0
  0
LINE
  5
261
330
25D
100
AcDbEntity
  8
0
 62
7
370
13
100
AcDbLine
 10
241.0
 20
91.0
 30
0.0
 11
245.6
 21
91.0
 31
0.0
  0
INSERT
  5
262
330
25D
100
AcDbEntity
  8
S-DIM
 62
7
100
AcDbBlockReference
  2
_ARCHTICK
 10
244.5
 20
66.0
 30
0.0
 41
1.1
 42
1.1
 50
270.0
  0
INSERT
  5
264
330
25D
100
AcDbEntity
  8
S-DIM
 62
7
100
AcDbBlockReference
  2
_ARCHTICK
 10
244.5
 20
91.0
 30
0.0
 41
1.1
 42
1.1
 50
90.0
  0
LINE
  5
266
330
25D
100
AcDbEntity
  8
0
 62
7
370
13
100
AcDbLine
 10
244.5
 20
66.0
 30
0.0
 11
244.5
 21
91.0
 31
0.0
  0
MTEXT
  5
267
330
25D
100
AcDbEntity
  8
S-DIM
 62
7
100
AcDbMText
 10
242.9
 20
78.5
 30
0.0
 40
1.8
 71
5
  1
250
  7
OpenSans
 50
90.0
  0
POINT
  5
268
330
25D
100
AcDbEntity
  8
Defpoints
100
AcDbPoint
 10
244.5
 20
66.0
 30
0.0
  0
POINT
  5
269
330
25D
100
AcDbEntity
  8
Defpoints
100
AcDbPoint
 10
240.0
 20
66.0
 30
0.0
  0
POINT
  5
26A
330
25D
100
AcDbEntity
  8
Defpoints
100
AcDbPoint
 10
240.0
 20
91.0
 30
0.0
  0
ENDBLK
  5
25F
330
25D
100
AcDbEntity
  8
0
100
AcDbBlockEnd
  0
BLOCK
  5
282
330
281
100
AcDbEntity
  8
0
100
AcDbBlockBegin
  2
*D10
 70
1
 10
0.0
 20
0.0
 30
0.0
  3
*D10
  1

  0
LINE
  5
284
330
281
100
AcDbEntity
  8
0
 62
7
370
13
100
AcDbLine
 10
247.0
 20
65.0
 30
0.0
 11
247.0
 21
60.4
 31
0.0
  0
LINE
  5
285
330
281
100
AcDbEntity
  8
0
 62
7
370
13
100
AcDbLine
 10
272.0
 20
65.0
 30
0.0
 11
272.0
 21
60.4
 31
0.0
  0
INSERT
  5
286
330
281
100
AcDbEntity
  8
S-DIM
 62
7
100
AcDbBlockReference
  2
_ARCHTICK
 10
247.0
 20
61.5
 30
0.0
 41
1.1
 42
1.1
 50
180.0
  0
INSERT
  5
288
330
281
100
AcDbEntity
  8
S-DIM
 62
7
100
AcDbBlockReference
  2
_ARCHTICK
 10
272.0
 20
61.5
 30
0.0
 41
1.1
 42
1.1
  0
LINE
  5
28A
330
281
100
AcDbEntity
  8
0
 62
7
370
13
100
AcDbLine
 10
247.0
 20
61.5
 30
0.0
 11
272.0
 21
61.5
 31
0.0
  0
MTEXT
  5
28B
330
281
100
AcDbEntity
  8
S-DIM
 62
7
100
AcDbMText
 10
259.5
 20
63.1
 30
0.0
 40
1.8
 71
5
  1
250
  7
OpenSans
  0
POINT
  5
28C
330
281
100
AcDbEntity
  8
Defpoints
100
AcDbPoint
 10
247.0
 20
61.5
 30
0.0
  0
POINT
  5
28D
330
281
100
AcDbEntity
  8
Defpoints
100
AcDbPoint
 10
247.0
 20
66.0
 30
0.0
  0
POINT
  5
28E
330
281
100
AcDbEntity
  8
Defpoints
100
AcDbPoint
 10
272.0
 20
66.0
 30
0.0
  0
ENDBLK
  5
283
330
281
100
AcDbEntity
  8
0
100
AcDbBlockEnd
  0
ENDSEC
  0
SECTION
  2
ENTITIES
  0
LWPOLYLINE
  5
AE
330
17
100
AcDbEntity
  8
S-TITLE
100
AcDbPolyline
 90
4
 70
1
 10
27.0
 20
19.1
 10
567.0
 20
19.1
 10
567.0
 20
400.9
 10
27.0
 20
400.9
  0
LWPOLYLINE
  5
AF
330
17
100
AcDbEntity
  8
S-TITLE
100
AcDbPolyline
 90
4
 70
1
 10
38.8
 20
30.9
 10
555.2
 20
30.9
 10
555.2
 20
389.1
 10
38.8
 20
389.1
  0
LINE
  5
B0
330
17
100
AcDbEntity
  8
S-TITLE
100
AcDbLine
 10
464.3
 20
30.9
 30
0.0
 11
464.3
 21
389.1
 31
0.0
  0
LWPOLYLINE
  5
B1
330
17
100
AcDbEntity
  8
S-TITLE
100
AcDbPolyline
 90
4
 70
1
 10
467.0
 20
314.5
 10
552.4
 20
314.5
 10
552.4
 20
386.4
 10
467.0
 20
386.4
  0
LINE
  5
B2
330
17
100
AcDbEntity
  8
S-TITLE
100
AcDbLine
 10
467.0
 20
332.7
 30
0.0
 11
552.4
 21
332.7
 31
0.0
  0
TEXT
  5
B3
330
17
100
AcDbEntity
  8
S-TITLE
100
AcDbText
 10
509.7
 20
366.15
 30
0.0
 40
2.9
  1
UNDERGROUND CBRN-HARDENED
  7
OpenSans
 72
1
 11
509.7
 21
366.15
 31
0.0
100
AcDbText
 73
2
  0
TEXT
  5
B4
330
17
100
AcDbEntity
  8
S-TITLE
100
AcDbText
 10
509.7
 20
361.75
 30
0.0
 40
2.9
  1
BLAST-RESISTANT PROTECTIVE
  7
OpenSans
 72
1
 11
509.7
 21
361.75
 31
0.0
100
AcDbText
 73
2
  0
TEXT
  5
B5
330
17
100
AcDbEntity
  8
S-TITLE
100
AcDbText
 10
509.7
 20
357.35
 30
0.0
 40
2.9
  1
STRUCTURE + SENTRY POST
  7
OpenSans
 72
1
 11
509.7
 21
357.35
 31
0.0
100
AcDbText
 73
2
  0
TEXT
  5
B6
330
17
100
AcDbEntity
  8
S-TITLE
100
AcDbText
 10
509.7
 20
352.95000000000005
 30
0.0
 40
2.9
  1
PUNE, MAHARASHTRA
  7
OpenSans
 72
1
 11
509.7
 21
352.95000000000005
 31
0.0
100
AcDbText
 73
2
  0
TEXT
  5
B7
330
17
100
AcDbEntity
  8
S-TITLE
100
AcDbText
 10
509.7
 20
323.6
 30
0.0
 40
3.3349999999999995
  1
NOTES
  7
OpenSans
 72
1
 11
509.7
 21
323.6
 31
0.0
100
AcDbText
 73
2
  0
LWPOLYLINE
  5
B8
330
17
100
AcDbEntity
  8
S-TITLE
100
AcDbPolyline
 90
4
 70
1
 10
467.0
 20
193.4
 10
552.4
 20
193.4
 10
552.4
 20
311.8
 10
467.0
 20
311.8
  0
TEXT
  5
B9
330
17
100
AcDbEntity
  8
S-NOTE
100
AcDbText
 10
475.0
 20
305.8
 30
0.0
 40
2.05
  1
1.
  7
OpenSans
 11
475.0
 21
305.8
 31
0.0
100
AcDbText
  0
TEXT
  5
BA
330
17
100
AcDbEntity
  8
S-NOTE
100
AcDbText
 10
486.0
 20
305.8
 30
0.0
 40
2.05
  1
ALL DIMENSIONS ARE IN MM. ALL LEVELS
  7
OpenSans
 11
486.0
 21
305.8
 31
0.0
100
AcDbText
  0
TEXT
  5
BB
330
17
100
AcDbEntity
  8
S-NOTE
100
AcDbText
 10
486.0
 20
302.86850000000004
 30
0.0
 40
2.05
  1
ARE IN METRES RELATIVE TO FINISHED SITE
  7
OpenSans
 11
486.0
 21
302.86850000000004
 31
0.0
100
AcDbText
  0
TEXT
  5
BC
330
17
100
AcDbEntity
  8
S-NOTE
100
AcDbText
 10
486.0
 20
299.937
 30
0.0
 40
2.05
  1
GRADE 0.000, NEGATIVE DOWNWARDS.
  7
OpenSans
 11
486.0
 21
299.937
 31
0.0
100
AcDbText
  0
TEXT
  5
BD
330
17
100
AcDbEntity
  8
S-NOTE
100
AcDbText
 10
475.0
 20
297.0055
 30
0.0
 40
2.05
  1
2.
  7
OpenSans
 11
475.0
 21
297.0055
 31
0.0
100
AcDbText
  0
TEXT
  5
BE
330
17
100
AcDbEntity
  8
S-NOTE
100
AcDbText
 10
486.0
 20
297.0055
 30
0.0
 40
2.05
  1
WRITTEN DIM TO BE FOLLOWED ONLY. DRG
  7
OpenSans
 11
486.0
 21
297.0055
 31
0.0
100
AcDbText
  0
TEXT
  5
BF
330
17
100
AcDbEntity
  8
S-NOTE
100
AcDbText
 10
486.0
 20
294.07399999999996
 30
0.0
 40
2.05
  1
NOT TO BE SCALED.
  7
OpenSans
 11
486.0
 21
294.07399999999996
 31
0.0
100
AcDbText
  0
TEXT
  5
C0
330
17
100
AcDbEntity
  8
S-NOTE
100
AcDbText
 10
475.0
 20
291.1424999999999
 30
0.0
 40
2.05
  1
3.
  7
OpenSans
 11
475.0
 21
291.1424999999999
 31
0.0
100
AcDbText
  0
TEXT
  5
C1
330
17
100
AcDbEntity
  8
S-NOTE
100
AcDbText
 10
486.0
 20
291.1424999999999
 30
0.0
 40
2.05
  1
THIS DRG IS TO BE READ IN CONJUNCTION
  7
OpenSans
 11
486.0
 21
291.1424999999999
 31
0.0
100
AcDbText
  0
TEXT
  5
C2
330
17
100
AcDbEntity
  8
S-NOTE
100
AcDbText
 10
486.0
 20
288.2109999999999
 30
0.0
 40
2.05
  1
WITH ALL RELEVANT ARCH AND STR DRGS.
  7
OpenSans
 11
486.0
 21
288.2109999999999
 31
0.0
100
AcDbText
  0
TEXT
  5
C3
330
17
100
AcDbEntity
  8
S-NOTE
100
AcDbText
 10
475.0
 20
285.27949999999987
 30
0.0
 40
2.05
  1
4.
  7
OpenSans
 11
475.0
 21
285.27949999999987
 31
0.0
100
AcDbText
  0
TEXT
  5
C4
330
17
100
AcDbEntity
  8
S-NOTE
100
AcDbText
 10
486.0
 20
285.27949999999987
 30
0.0
 40
2.05
  1
CONCRETE M35, w/c NOT MORE THAN 0.45.
  7
OpenSans
 11
486.0
 21
285.27949999999987
 31
0.0
100
AcDbText
  0
TEXT
  5
C5
330
17
100
AcDbEntity
  8
S-NOTE
100
AcDbText
 10
486.0
 20
282.34799999999984
 30
0.0
 40
2.05
  1
REINFORCEMENT Fe500D TO IS 1786:2008.
  7
OpenSans
 11
486.0
 21
282.34799999999984
 31
0.0
100
AcDbText
  0
TEXT
  5
C6
330
17
100
AcDbEntity
  8
S-NOTE
100
AcDbText
 10
486.0
 20
279.4164999999998
 30
0.0
 40
2.05
  1
Ld 40 PHI, LAPS 50 PHI, ALL STAGGERED SO
  7
OpenSans
 11
486.0
 21
279.4164999999998
 31
0.0
100
AcDbText
  0
TEXT
  5
C7
330
17
100
AcDbEntity
  8
S-NOTE
100
AcDbText
 10
486.0
 20
276.4849999999998
 30
0.0
 40
2.05
  1
THAT NOT MORE THAN 50 % ARE SPLICED
  7
OpenSans
 11
486.0
 21
276.4849999999998
 31
0.0
100
AcDbText
  0
TEXT
  5
C8
330
17
100
AcDbEntity
  8
S-NOTE
100
AcDbText
 10
486.0
 20
273.55349999999976
 30
0.0
 40
2.05
  1
AT ONE SECTION.
  7
OpenSans
 11
486.0
 21
273.55349999999976
 31
0.0
100
AcDbText
  0
TEXT
  5
C9
330
17
100
AcDbEntity
  8
S-NOTE
100
AcDbText
 10
475.0
 20
270.62199999999973
 30
0.0
 40
2.05
  1
5.
  7
OpenSans
 11
475.0
 21
270.62199999999973
 31
0.0
100
AcDbText
  0
TEXT
  5
CA
330
17
100
AcDbEntity
  8
S-NOTE
100
AcDbText
 10
486.0
 20
270.62199999999973
 30
0.0
 40
2.05
  1
*** THIS STRUCTURE IS OUTSIDE THE
  7
OpenSans
 11
486.0
 21
270.62199999999973
 31
0.0
100
AcDbText
  0
TEXT
  5
CB
330
17
100
AcDbEntity
  8
S-NOTE
100
AcDbText
 10
486.0
 20
267.6904999999997
 30
0.0
 40
2.05
  1
PROTECTIVE BOUNDARY AND IS NOT BLAST
  7
OpenSans
 11
486.0
 21
267.6904999999997
 31
0.0
100
AcDbText
  0
TEXT
  5
CC
330
17
100
AcDbEntity
  8
S-NOTE
100
AcDbText
 10
486.0
 20
264.7589999999997
 30
0.0
 40
2.05
  1
RATED (REV F DRAWING NOTE 8). IT IS
  7
OpenSans
 11
486.0
 21
264.7589999999997
 31
0.0
100
AcDbText
  0
TEXT
  5
CD
330
17
100
AcDbEntity
  8
S-NOTE
100
AcDbText
 10
486.0
 20
261.82749999999965
 30
0.0
 40
2.05
  1
EXPECTED TO BE LOST IN THE DESIGN
  7
OpenSans
 11
486.0
 21
261.82749999999965
 31
0.0
100
AcDbText
  0
TEXT
  5
CE
330
17
100
AcDbEntity
  8
S-NOTE
100
AcDbText
 10
486.0
 20
258.8959999999996
 30
0.0
 40
2.05
  1
EVENT. IT IS DESIGNED TO IS 456 WITH
  7
OpenSans
 11
486.0
 21
258.8959999999996
 31
0.0
100
AcDbText
  0
TEXT
  5
CF
330
17
100
AcDbEntity
  8
S-NOTE
100
AcDbText
 10
486.0
 20
255.96449999999962
 30
0.0
 40
2.05
  1
NORMAL PARTIAL FACTORS, NOT WITH IS
  7
OpenSans
 11
486.0
 21
255.96449999999962
 31
0.0
100
AcDbText
  0
TEXT
  5
D0
330
17
100
AcDbEntity
  8
S-NOTE
100
AcDbText
 10
486.0
 20
253.03299999999962
 30
0.0
 40
2.05
  1
4991 DYNAMIC STRENGTHS. ***
  7
OpenSans
 11
486.0
 21
253.03299999999962
 31
0.0
100
AcDbText
  0
TEXT
  5
D1
330
17
100
AcDbEntity
  8
S-NOTE
100
AcDbText
 10
475.0
 20
250.10149999999962
 30
0.0
 40
2.05
  1
6.
  7
OpenSans
 11
475.0
 21
250.10149999999962
 31
0.0
100
AcDbText
  0
TEXT
  5
D2
330
17
100
AcDbEntity
  8
S-NOTE
100
AcDbText
 10
486.0
 20
250.10149999999962
 30
0.0
 40
2.05
  1
THE 150 EMP BAR-SPACING RULE DOES NOT
  7
OpenSans
 11
486.0
 21
250.10149999999962
 31
0.0
100
AcDbText
  0
TEXT
  5
D3
330
17
100
AcDbEntity
  8
S-NOTE
100
AcDbText
 10
486.0
 20
247.16999999999962
 30
0.0
 40
2.05
  1
APPLY HERE. IT IS A REQUIREMENT OF THE
  7
OpenSans
 11
486.0
 21
247.16999999999962
 31
0.0
100
AcDbText
  0
TEXT
  5
D4
330
17
100
AcDbEntity
  8
S-NOTE
100
AcDbText
 10
486.0
 20
244.23849999999962
 30
0.0
 40
2.05
  1
PROTECTIVE ENVELOPE, AND THIS
  7
OpenSans
 11
486.0
 21
244.23849999999962
 31
0.0
100
AcDbText
  0
TEXT
  5
D5
330
17
100
AcDbEntity
  8
S-NOTE
100
AcDbText
 10
486.0
 20
241.30699999999962
 30
0.0
 40
2.05
  1
STRUCTURE IS OUTSIDE IT; SPACING IS 200.
  7
OpenSans
 11
486.0
 21
241.30699999999962
 31
0.0
100
AcDbText
  0
TEXT
  5
D6
330
17
100
AcDbEntity
  8
S-NOTE
100
AcDbText
 10
475.0
 20
238.37549999999962
 30
0.0
 40
2.05
  1
7.
  7
OpenSans
 11
475.0
 21
238.37549999999962
 31
0.0
100
AcDbText
  0
TEXT
  5
D7
330
17
100
AcDbEntity
  8
S-NOTE
100
AcDbText
 10
486.0
 20
238.37549999999962
 30
0.0
 40
2.05
  1
THE OPENING CORNER AT THE TOP OF THE
  7
OpenSans
 11
486.0
 21
238.37549999999962
 31
0.0
100
AcDbText
  0
TEXT
  5
D8
330
17
100
AcDbEntity
  8
S-NOTE
100
AcDbText
 10
486.0
 20
235.44399999999962
 30
0.0
 40
2.05
  1
FLIGHT IS DETAILED TO SP 34:1987 Cl. 5.5 -
  7
OpenSans
 11
486.0
 21
235.44399999999962
 31
0.0
100
AcDbText
  0
TEXT
  5
D9
330
17
100
AcDbEntity
  8
S-NOTE
100
AcDbText
 10
486.0
 20
232.51249999999962
 30
0.0
 40
2.05
  1
MAIN BARS ARE NOT BENT ROUND IT. SEE
  7
OpenSans
 11
486.0
 21
232.51249999999962
 31
0.0
100
AcDbText
  0
TEXT
  5
DA
330
17
100
AcDbEntity
  8
S-NOTE
100
AcDbText
 10
486.0
 20
229.58099999999962
 30
0.0
 40
2.05
  1
DETAIL 3 AND THE CONSTRUCTION
  7
OpenSans
 11
486.0
 21
229.58099999999962
 31
0.0
100
AcDbText
  0
TEXT
  5
DB
330
17
100
AcDbEntity
  8
S-NOTE
100
AcDbText
 10
486.0
 20
226.64949999999962
 30
0.0
 40
2.05
  1
REQUIREMENTS PANEL.
  7
OpenSans
 11
486.0
 21
226.64949999999962
 31
0.0
100
AcDbText
  0
TEXT
  5
DC
330
17
100
AcDbEntity
  8
S-NOTE
100
AcDbText
 10
475.0
 20
223.71799999999962
 30
0.0
 40
2.05
  1
8.
  7
OpenSans
 11
475.0
 21
223.71799999999962
 31
0.0
100
AcDbText
  0
TEXT
  5
DD
330
17
100
AcDbEntity
  8
S-NOTE
100
AcDbText
 10
486.0
 20
223.71799999999962
 30
0.0
 40
2.05
  1
MOVEMENT JOINT WHERE THE STEPPED
  7
OpenSans
 11
486.0
 21
223.71799999999962
 31
0.0
100
AcDbText
  0
TEXT
  5
DE
330
17
100
AcDbEntity
  8
S-NOTE
100
AcDbText
 10
486.0
 20
220.78649999999962
 30
0.0
 40
2.05
  1
RAFT MEETS THE HEADHOUSE. THE RAFT
  7
OpenSans
 11
486.0
 21
220.78649999999962
 31
0.0
100
AcDbText
  0
TEXT
  5
DF
330
17
100
AcDbEntity
  8
S-NOTE
100
AcDbText
 10
486.0
 20
217.85499999999962
 30
0.0
 40
2.05
  1
BEARS ON COMPACTED FILL AND THE
  7
OpenSans
 11
486.0
 21
217.85499999999962
 31
0.0
100
AcDbText
  0
TEXT
  5
E0
330
17
100
AcDbEntity
  8
S-NOTE
100
AcDbText
 10
486.0
 20
214.92349999999962
 30
0.0
 40
2.05
  1
HEADHOUSE BEARS ON THE PRESSURE
  7
OpenSans
 11
486.0
 21
214.92349999999962
 31
0.0
100
AcDbText
  0
TEXT
  5
E1
330
17
100
AcDbEntity
  8
S-NOTE
100
AcDbText
 10
486.0
 20
211.99199999999962
 30
0.0
 40
2.05
  1
SLAB - THEY MUST NOT BE CAST
  7
OpenSans
 11
486.0
 21
211.99199999999962
 31
0.0
100
AcDbText
  0
TEXT
  5
E2
330
17
100
AcDbEntity
  8
S-NOTE
100
AcDbText
 10
486.0
 20
209.06049999999962
 30
0.0
 40
2.05
  1
MONOLITHIC.
  7
OpenSans
 11
486.0
 21
209.06049999999962
 31
0.0
100
AcDbText
  0
TEXT
  5
E3
330
17
100
AcDbEntity
  8
S-NOTE
100
AcDbText
 10
475.0
 20
206.12899999999962
 30
0.0
 40
2.05
  1
9.
  7
OpenSans
 11
475.0
 21
206.12899999999962
 31
0.0
100
AcDbText
  0
TEXT
  5
E4
330
17
100
AcDbEntity
  8
S-NOTE
100
AcDbText
 10
486.0
 20
206.12899999999962
 30
0.0
 40
2.05
  1
CONTRACTOR TO CHECK AND VERIFY THE
  7
OpenSans
 11
486.0
 21
206.12899999999962
 31
0.0
100
AcDbText
  0
TEXT
  5
E5
330
17
100
AcDbEntity
  8
S-NOTE
100
AcDbText
 10
486.0
 20
203.19749999999962
 30
0.0
 40
2.05
  1
DRG BEFORE EXECUTION.
  7
OpenSans
 11
486.0
 21
203.19749999999962
 31
0.0
100
AcDbText
  0
LWPOLYLINE
  5
E6
330
17
100
AcDbEntity
  8
S-TITLE
100
AcDbPolyline
 90
4
 70
1
 10
467.0
 20
130.3
 10
552.4
 20
130.3
 10
552.4
 20
190.6
 10
467.0
 20
190.6
  0
TEXT
  5
E7
330
17
100
AcDbEntity
  8
S-TITLE
100
AcDbText
 10
509.7
 20
178.14857774753315
 30
0.0
 40
6.807145287512758
  1
STRUCTURAL
  7
OpenSans
 72
1
 11
509.7
 21
178.14857774753315
 31
0.0
100
AcDbText
 73
2
  0
TEXT
  5
E8
330
17
100
AcDbEntity
  8
S-TITLE
100
AcDbText
 10
509.7
 20
169.29928887376656
 30
0.0
 40
6.807145287512758
  1
REINFORCEMENT
  7
OpenSans
 72
1
 11
509.7
 21
169.29928887376656
 31
0.0
100
AcDbText
 73
2
  0
TEXT
  5
E9
330
17
100
AcDbEntity
  8
S-TITLE
100
AcDbText
 10
509.7
 20
160.44999999999996
 30
0.0
 40
6.807145287512758
  1
DETAILING -
  7
OpenSans
 72
1
 11
509.7
 21
160.44999999999996
 31
0.0
100
AcDbText
 73
2
  0
TEXT
  5
EA
330
17
100
AcDbEntity
  8
S-TITLE
100
AcDbText
 10
509.7
 20
151.60071112623336
 30
0.0
 40
6.807145287512758
  1
COVERED ENTRY
  7
OpenSans
 72
1
 11
509.7
 21
151.60071112623336
 31
0.0
100
AcDbText
 73
2
  0
TEXT
  5
EB
330
17
100
AcDbEntity
  8
S-TITLE
100
AcDbText
 10
509.7
 20
142.75142225246677
 30
0.0
 40
6.807145287512758
  1
STAIRWELL
  7
OpenSans
 72
1
 11
509.7
 21
142.75142225246677
 31
0.0
100
AcDbText
 73
2
  0
LWPOLYLINE
  5
EC
330
17
100
AcDbEntity
  8
S-TITLE
100
AcDbPolyline
 90
4
 70
1
 10
467.0
 20
33.6
 10
552.4
 20
33.6
 10
552.4
 20
128.2
 10
467.0
 20
128.2
  0
LINE
  5
ED
330
17
100
AcDbEntity
  8
S-TITLE
100
AcDbLine
 10
467.0
 20
40.9
 30
0.0
 11
552.4
 21
40.9
 31
0.0
  0
LINE
  5
EE
330
17
100
AcDbEntity
  8
S-TITLE
100
AcDbLine
 10
467.0
 20
54.6
 30
0.0
 11
552.4
 21
54.6
 31
0.0
  0
LINE
  5
EF
330
17
100
AcDbEntity
  8
S-TITLE
100
AcDbLine
 10
467.0
 20
61.8
 30
0.0
 11
552.4
 21
61.8
 31
0.0
  0
LINE
  5
F0
330
17
100
AcDbEntity
  8
S-TITLE
100
AcDbLine
 10
467.0
 20
69.1
 30
0.0
 11
552.4
 21
69.1
 31
0.0
  0
LINE
  5
F1
330
17
100
AcDbEntity
  8
S-TITLE
100
AcDbLine
 10
467.0
 20
76.4
 30
0.0
 11
552.4
 21
76.4
 31
0.0
  0
LINE
  5
F2
330
17
100
AcDbEntity
  8
S-TITLE
100
AcDbLine
 10
467.0
 20
83.6
 30
0.0
 11
552.4
 21
83.6
 31
0.0
  0
LINE
  5
F3
330
17
100
AcDbEntity
  8
S-TITLE
100
AcDbLine
 10
467.0
 20
96.9
 30
0.0
 11
552.4
 21
96.9
 31
0.0
  0
TEXT
  5
F4
330
17
100
AcDbEntity
  8
S-TITLE
100
AcDbText
 10
509.7
 20
116.827
 30
0.0
 40
6.58
  1
CBRN HARDENED
  7
OpenSans
 72
1
 11
509.7
 21
116.827
 31
0.0
100
AcDbText
 73
2
  0
TEXT
  5
F5
330
17
100
AcDbEntity
  8
S-TITLE
100
AcDbText
 10
509.7
 20
108.273
 30
0.0
 40
6.58
  1
UG OPS ROOM
  7
OpenSans
 72
1
 11
509.7
 21
108.273
 31
0.0
100
AcDbText
 73
2
  0
TEXT
  5
F6
330
17
100
AcDbEntity
  8
S-TITLE
100
AcDbText
 10
509.7
 20
90.25
 30
0.0
 40
7.0
  1
SHEET 15
  7
OpenSans
 72
1
 11
509.7
 21
90.25
 31
0.0
100
AcDbText
 73
2
  0
TEXT
  5
F7
330
17
100
AcDbEntity
  8
S-TITLE
100
AcDbText
 10
509.7
 20
47.75
 30
0.0
 40
7.0
  1
STR015
  7
OpenSans
 72
1
 11
509.7
 21
47.75
 31
0.0
100
AcDbText
 73
2
  0
TEXT
  5
F8
330
17
100
AcDbEntity
  8
S-TITLE
100
AcDbText
 10
471.0
 20
80.0
 30
0.0
 40
3.2
  1
Project number
  7
OpenSans
 11
471.0
 21
80.0
 31
0.0
100
AcDbText
 73
2
  0
TEXT
  5
F9
330
17
100
AcDbEntity
  8
S-TITLE
100
AcDbText
 10
548.4
 20
80.0
 30
0.0
 40
3.2
  1
01
  7
OpenSans
 72
2
 11
548.4
 21
80.0
 31
0.0
100
AcDbText
 73
2
  0
TEXT
  5
FA
330
17
100
AcDbEntity
  8
S-TITLE
100
AcDbText
 10
471.0
 20
72.75
 30
0.0
 40
3.2
  1
Date
  7
OpenSans
 11
471.0
 21
72.75
 31
0.0
100
AcDbText
 73
2
  0
TEXT
  5
FB
330
17
100
AcDbEntity
  8
S-TITLE
100
AcDbText
 10
548.4
 20
72.75
 30
0.0
 40
3.2
  1
18 SEP 2026
  7
OpenSans
 72
2
 11
548.4
 21
72.75
 31
0.0
100
AcDbText
 73
2
  0
TEXT
  5
FC
330
17
100
AcDbEntity
  8
S-TITLE
100
AcDbText
 10
471.0
 20
65.44999999999999
 30
0.0
 40
3.2
  1
Drawn by
  7
OpenSans
 11
471.0
 21
65.44999999999999
 31
0.0
100
AcDbText
 73
2
  0
TEXT
  5
FD
330
17
100
AcDbEntity
  8
S-TITLE
100
AcDbText
 10
548.4
 20
65.44999999999999
 30
0.0
 40
3.2
  1
SYN 01
  7
OpenSans
 72
2
 11
548.4
 21
65.44999999999999
 31
0.0
100
AcDbText
 73
2
  0
TEXT
  5
FE
330
17
100
AcDbEntity
  8
S-TITLE
100
AcDbText
 10
471.0
 20
58.2
 30
0.0
 40
3.2
  1
Checked by
  7
OpenSans
 11
471.0
 21
58.2
 31
0.0
100
AcDbText
 73
2
  0
TEXT
  5
FF
330
17
100
AcDbEntity
  8
S-TITLE
100
AcDbText
 10
548.4
 20
58.2
 30
0.0
 40
3.2
  1
DR IR CHAUDHARI
  7
OpenSans
 72
2
 11
548.4
 21
58.2
 31
0.0
100
AcDbText
 73
2
  0
TEXT
  5
100
330
17
100
AcDbEntity
  8
S-TITLE
100
AcDbText
 10
471.0
 20
37.25
 30
0.0
 40
3.2
  1
Scale
  7
OpenSans
 11
471.0
 21
37.25
 31
0.0
100
AcDbText
 73
2
  0
TEXT
  5
101
330
17
100
AcDbEntity
  8
S-TITLE
100
AcDbText
 10
548.4
 20
37.25
 30
0.0
 40
3.2
  1
As indicated
  7
OpenSans
 72
2
 11
548.4
 21
37.25
 31
0.0
100
AcDbText
 73
2
  0
TEXT
  5
102
330
17
100
AcDbEntity
  8
S-TITLE
100
AcDbText
 10
562.0
 20
33.6
 30
0.0
 40
2.9
  1
AS1   18.09.2026
 50
90.0
  7
OpenSans
 11
562.0
 21
33.6
 31
0.0
100
AcDbText
  0
HATCH
  5
103
330
17
100
AcDbEntity
  8
S-EXISTING
 62
7
100
AcDbHatch
 10
0.0
 20
0.0
 30
0.0
210
0.0
220
0.0
230
1.0
  2
EARTH
 70
0
 71
0
 91
1
 92
3
 72
0
 73
1
 93
4
 10
48.0
 20
334.0
 10
62.0
 20
334.0
 10
62.0
 20
282.0
 10
48.0
 20
282.0
 97
0
 75
1
 76
1
 52
0.0
 41
0.9
 77
0
 78
6
 53
0.0
 43
0.0
 44
0.0
 45
5.715
 46
5.715
 79
2
 49
5.715
 49
-5.715
 53
0.0
 43
0.0
 44
2.143125
 45
5.715
 46
5.715
 79
2
 49
5.715
 49
-5.715
 53
0.0
 43
0.0
 44
4.28625
 45
5.715
 46
5.715
 79
2
 49
5.715
 49
-5.715
 53
90.0
 43
0.714375
 44
5.000625
 45
-5.715
 46
5.715
 79
2
 49
5.715
 49
-5.715
 53
90.0
 43
2.8575
 44
5.000625
 45
-5.715
 46
5.715
 79
2
 49
5.715
 49
-5.715
 53
90.0
 43
5.000625
 44
5.000625
 45
-5.715
 46
5.715
 79
2
 49
5.715
 49
-5.715
 98
0
  0
LWPOLYLINE
  5
104
330
17
100
AcDbEntity
  8
S-EXISTING
100
AcDbPolyline
 90
275
 70
1
 10
62.0
 20
315.0
 10
62.5
 20
315.0
 10
63.0
 20
315.0
 10
63.5
 20
315.0
 10
64.0
 20
315.0
 10
64.5
 20
315.0
 10
65.0
 20
315.0
 10
65.5
 20
315.0
 10
66.0
 20
315.0
 10
66.5
 20
315.0
 10
67.0
 20
315.0
 10
67.5
 20
315.0
 10
68.0
 20
315.0
 10
68.5
 20
315.0
 10
69.0
 20
315.0
 10
69.5
 20
315.0
 10
70.0
 20
315.0
 10
70.5
 20
315.0
 10
71.0
 20
315.0
 10
71.5
 20
315.0
 10
72.0
 20
315.0
 10
72.5
 20
315.0
 10
73.0
 20
315.0
 10
73.5
 20
315.0
 10
74.0
 20
315.0
 10
74.5
 20
315.0
 10
75.0
 20
315.0
 10
75.5
 20
315.0
 10
76.0
 20
315.0
 10
76.5
 20
315.0
 10
77.0
 20
315.0
 10
77.5
 20
315.0
 10
78.0
 20
315.0
 10
78.5
 20
315.0
 10
79.0
 20
315.0
 10
79.5
 20
315.0
 10
80.0
 20
315.0
 10
80.5
 20
315.0
 10
81.0
 20
315.0
 10
81.5
 20
315.0
 10
82.0
 20
315.0
 10
82.5
 20
315.0
 10
83.0
 20
315.0
 10
83.5
 20
315.0
 10
84.0
 20
315.0
 10
84.5
 20
315.0
 10
85.0
 20
315.0
 10
85.5
 20
315.0
 10
86.0
 20
315.0
 10
86.5
 20
315.0
 10
87.0
 20
315.0
 10
87.5
 20
315.0
 10
88.0
 20
315.0
 10
88.5
 20
315.0
 10
89.0
 20
315.0
 10
89.5
 20
315.0
 10
90.0
 20
315.0
 10
90.5
 20
315.0
 10
91.0
 20
315.0
 10
91.5
 20
315.0
 10
92.0
 20
315.0
 10
92.5
 20
315.0
 10
93.0
 20
315.0
 10
93.5
 20
315.0
 10
94.0
 20
315.0
 10
94.5
 20
315.0
 10
95.0
 20
315.0
 10
95.5
 20
315.0
 10
96.0
 20
315.0
 10
96.5
 20
315.0
 10
97.0
 20
315.0
 10
97.5
 20
313.9769696363636
 10
98.0
 20
313.6739392727273
 10
98.5
 20
313.37090890909093
 10
99.0
 20
313.06787854545456
 10
99.5
 20
312.7648481818182
 10
100.0
 20
312.4618178181818
 10
100.5
 20
312.15878745454546
 10
101.0
 20
311.8557570909091
 10
101.5
 20
311.5527267272727
 10
102.0
 20
311.24969636363636
 10
102.5
 20
310.946666
 10
103.0
 20
310.6436356363636
 10
103.5
 20
310.34060527272726
 10
104.0
 20
310.0375749090909
 10
104.5
 20
309.7345445454545
 10
105.0
 20
309.43151418181816
 10
105.5
 20
309.12848381818185
 10
106.0
 20
308.8254534545455
 10
106.5
 20
308.5224230909091
 10
107.0
 20
308.21939272727275
 10
107.5
 20
307.9163623636364
 10
108.0
 20
307.613332
 10
108.5
 20
307.31030163636365
 10
109.0
 20
307.0072712727273
 10
109.5
 20
306.7042409090909
 10
110.0
 20
306.40121054545455
 10
110.5
 20
306.0981801818182
 10
111.0
 20
305.7951498181818
 10
111.5
 20
305.49211945454545
 10
112.0
 20
305.1890890909091
 10
112.5
 20
304.8860587272727
 10
113.0
 20
304.58302836363634
 10
113.5
 20
304.279998
 10
114.0
 20
303.9769676363636
 10
114.5
 20
303.67393727272724
 10
115.0
 20
303.37090690909093
 10
115.5
 20
303.06787654545457
 10
116.0
 20
302.7648461818182
 10
116.5
 20
302.46181581818183
 10
117.0
 20
302.15878545454547
 10
117.5
 20
301.8557550909091
 10
118.0
 20
301.55272472727273
 10
118.5
 20
301.24969436363637
 10
119.0
 20
300.946664
 10
119.5
 20
300.64363363636363
 10
120.0
 20
300.34060327272726
 10
120.5
 20
300.0375729090909
 10
121.0
 20
299.73454254545453
 10
121.5
 20
299.43151218181816
 10
122.0
 20
299.12848181818185
 10
122.5
 20
298.8254514545455
 10
123.0
 20
298.5224210909091
 10
123.5
 20
298.21939072727275
 10
124.0
 20
297.9163603636364
 10
124.5
 20
297.61333
 10
125.0
 20
297.31029963636365
 10
125.5
 20
297.0072692727273
 10
126.0
 20
296.7042389090909
 10
126.5
 20
296.40120854545455
 10
127.0
 20
296.0981781818182
 10
127.5
 20
295.7951478181818
 10
128.0
 20
295.49211745454545
 10
128.5
 20
295.1890870909091
 10
129.0
 20
294.8860567272727
 10
129.5
 20
294.58302636363635
 10
130.0
 20
294.279996
 10
130.5
 20
293.9769656363636
 10
131.0
 20
293.67393527272725
 10
131.5
 20
293.3709049090909
 10
132.0
 20
293.0678745454546
 10
132.5
 20
292.7648441818182
 10
133.0
 20
292.46181381818184
 10
133.5
 20
292.15878345454547
 10
134.0
 20
291.8557530909091
 10
134.5
 20
291.55272272727274
 10
135.0
 20
291.24969236363637
 10
135.5
 20
290.946662
 10
136.0
 20
290.64363163636364
 10
136.5
 20
290.34060127272727
 10
137.0
 20
290.0375709090909
 10
137.5
 20
289.73454054545454
 10
138.0
 20
289.43151018181817
 10
138.5
 20
289.1284798181818
 10
139.0
 20
288.8254494545455
 10
139.5
 20
288.52241909090907
 10
140.0
 20
288.21938872727276
 10
140.5
 20
287.9163583636364
 10
141.0
 20
287.613328
 10
141.5
 20
287.31029763636366
 10
142.0
 20
287.0072672727273
 10
142.5
 20
286.7042369090909
 10
143.0
 20
286.40120654545456
 10
143.5
 20
286.0981761818182
 10
144.0
 20
285.7951458181818
 10
144.5
 20
285.49211545454546
 10
145.0
 20
285.1890850909091
 10
145.5
 20
284.8860547272727
 10
146.0
 20
284.58302436363635
 10
146.5
 20
284.279994
 10
147.0
 20
283.9769636363636
 10
147.5
 20
283.67393327272725
 10
148.0
 20
283.3709029090909
 10
148.5
 20
283.0678725454546
 10
149.0
 20
282.76484218181815
 10
149.5
 20
282.46181181818184
 10
150.0
 20
282.1587814545455
 10
150.5
 20
281.8557510909091
 10
151.0
 20
281.55272072727274
 10
151.5
 20
281.2496903636364
 10
152.0
 20
280.94666
 10
152.5
 20
280.64362963636364
 10
153.0
 20
280.3405992727273
 10
153.5
 20
280.0375689090909
 10
154.0
 20
279.73453854545454
 10
154.5
 20
279.4315081818182
 10
155.0
 20
279.12847781818186
 10
155.5
 20
278.82544745454544
 10
156.0
 20
278.52241709090913
 10
156.5
 20
278.21938672727276
 10
157.0
 20
277.9163563636364
 10
157.5
 20
277.61332600000003
 10
158.0
 20
277.31029563636366
 10
158.5
 20
277.0072652727273
 10
159.0
 20
276.7042349090909
 10
159.5
 20
276.40120454545456
 10
160.0
 20
276.0981741818182
 10
160.5
 20
275.7951438181818
 10
161.0
 20
275.49211345454546
 10
161.5
 20
275.1890830909091
 10
162.0
 20
274.8860527272727
 10
162.5
 20
274.58302236363636
 10
163.0
 20
275.0
 10
163.5
 20
275.0
 10
164.0
 20
275.0
 10
164.5
 20
275.0
 10
165.0
 20
275.0
 10
165.5
 20
275.0
 10
166.0
 20
275.0
 10
166.5
 20
275.0
 10
167.0
 20
275.0
 10
167.5
 20
275.0
 10
168.0
 20
275.0
 10
168.5
 20
275.0
 10
169.0
 20
275.0
 10
169.5
 20
275.0
 10
170.0
 20
275.0
 10
170.5
 20
275.0
 10
171.0
 20
275.0
 10
171.5
 20
275.0
 10
172.0
 20
275.0
 10
172.5
 20
275.0
 10
173.0
 20
275.0
 10
173.5
 20
275.0
 10
174.0
 20
275.0
 10
174.5
 20
275.0
 10
175.0
 20
275.0
 10
175.5
 20
275.0
 10
176.0
 20
275.0
 10
176.5
 20
275.0
 10
177.0
 20
275.0
 10
177.5
 20
275.0
 10
178.0
 20
275.0
 10
178.5
 20
275.0
 10
179.0
 20
275.0
 10
179.5
 20
275.0
 10
180.0
 20
275.0
 10
180.5
 20
275.0
 10
181.0
 20
275.0
 10
181.5
 20
275.0
 10
182.0
 20
275.0
 10
182.5
 20
275.0
 10
183.0
 20
275.0
 10
183.5
 20
275.0
 10
184.0
 20
275.0
 10
184.5
 20
275.0
 10
185.0
 20
275.0
 10
185.5
 20
275.0
 10
186.0
 20
275.0
 10
186.5
 20
275.0
 10
187.0
 20
275.0
 10
187.5
 20
275.0
 10
188.0
 20
275.0
 10
188.5
 20
275.0
 10
189.0
 20
275.0
 10
189.5
 20
275.0
 10
190.0
 20
275.0
 10
190.5
 20
275.0
 10
191.0
 20
275.0
 10
191.5
 20
275.0
 10
192.0
 20
275.0
 10
192.5
 20
275.0
 10
193.0
 20
275.0
 10
193.5
 20
275.0
 10
194.0
 20
275.0
 10
194.5
 20
275.0
 10
195.0
 20
275.0
 10
195.5
 20
275.0
 10
196.0
 20
275.0
 10
196.5
 20
275.0
 10
197.0
 20
275.0
 10
197.5
 20
275.0
 10
198.0
 20
275.0
 10
198.0
 20
279.0
 10
62.0
 20
279.0
  0
HATCH
  5
105
330
17
100
AcDbEntity
  8
S-HATCH
 62
7
100
AcDbHatch
 10
0.0
 20
0.0
 30
0.0
210
0.0
220
0.0
230
1.0
  2
ANSI31
 70
0
 71
0
 91
1
 92
3
 72
0
 73
1
 93
546
 10
62.0
 20
321.0
 10
62.5
 20
321.0
 10
63.0
 20
321.0
 10
63.5
 20
321.0
 10
64.0
 20
321.0
 10
64.5
 20
321.0
 10
65.0
 20
321.0
 10
65.5
 20
321.0
 10
66.0
 20
321.0
 10
66.5
 20
321.0
 10
67.0
 20
321.0
 10
67.5
 20
321.0
 10
68.0
 20
321.0
 10
68.5
 20
321.0
 10
69.0
 20
321.0
 10
69.5
 20
321.0
 10
70.0
 20
321.0
 10
70.5
 20
321.0
 10
71.0
 20
321.0
 10
71.5
 20
321.0
 10
72.0
 20
321.0
 10
72.5
 20
321.0
 10
73.0
 20
321.0
 10
73.5
 20
321.0
 10
74.0
 20
321.0
 10
74.5
 20
321.0
 10
75.0
 20
321.0
 10
75.5
 20
321.0
 10
76.0
 20
321.0
 10
76.5
 20
321.0
 10
77.0
 20
321.0
 10
77.5
 20
321.0
 10
78.0
 20
321.0
 10
78.5
 20
321.0
 10
79.0
 20
321.0
 10
79.5
 20
321.0
 10
80.0
 20
321.0
 10
80.5
 20
321.0
 10
81.0
 20
321.0
 10
81.5
 20
321.0
 10
82.0
 20
321.0
 10
82.5
 20
321.0
 10
83.0
 20
321.0
 10
83.5
 20
321.0
 10
84.0
 20
321.0
 10
84.5
 20
321.0
 10
85.0
 20
321.0
 10
85.5
 20
321.0
 10
86.0
 20
321.0
 10
86.5
 20
321.0
 10
87.0
 20
321.0
 10
87.5
 20
321.0
 10
88.0
 20
321.0
 10
88.5
 20
321.0
 10
89.0
 20
321.0
 10
89.5
 20
321.0
 10
90.0
 20
321.0
 10
90.5
 20
321.0
 10
91.0
 20
321.0
 10
91.5
 20
321.0
 10
92.0
 20
321.0
 10
92.5
 20
321.0
 10
93.0
 20
321.0
 10
93.5
 20
321.0
 10
94.0
 20
321.0
 10
94.5
 20
321.0
 10
95.0
 20
321.0
 10
95.5
 20
321.0
 10
96.0
 20
321.0
 10
96.5
 20
321.0
 10
97.0
 20
321.0
 10
97.5
 20
319.97696963636366
 10
98.0
 20
319.6739392727273
 10
98.5
 20
319.37090890909093
 10
99.0
 20
319.06787854545456
 10
99.5
 20
318.7648481818182
 10
100.0
 20
318.4618178181818
 10
100.5
 20
318.15878745454546
 10
101.0
 20
317.8557570909091
 10
101.5
 20
317.5527267272727
 10
102.0
 20
317.24969636363636
 10
102.5
 20
316.946666
 10
103.0
 20
316.6436356363636
 10
103.5
 20
316.34060527272726
 10
104.0
 20
316.0375749090909
 10
104.5
 20
315.7345445454545
 10
105.0
 20
315.43151418181816
 10
105.5
 20
315.12848381818185
 10
106.0
 20
314.8254534545455
 10
106.5
 20
314.5224230909091
 10
107.0
 20
314.21939272727275
 10
107.5
 20
313.9163623636364
 10
108.0
 20
313.613332
 10
108.5
 20
313.31030163636365
 10
109.0
 20
313.0072712727273
 10
109.5
 20
312.7042409090909
 10
110.0
 20
312.40121054545455
 10
110.5
 20
312.0981801818182
 10
111.0
 20
311.7951498181818
 10
111.5
 20
311.49211945454545
 10
112.0
 20
311.1890890909091
 10
112.5
 20
310.8860587272727
 10
113.0
 20
310.58302836363634
 10
113.5
 20
310.279998
 10
114.0
 20
309.9769676363636
 10
114.5
 20
309.6739372727273
 10
115.0
 20
309.37090690909093
 10
115.5
 20
309.06787654545457
 10
116.0
 20
308.7648461818182
 10
116.5
 20
308.46181581818183
 10
117.0
 20
308.15878545454547
 10
117.5
 20
307.8557550909091
 10
118.0
 20
307.55272472727273
 10
118.5
 20
307.24969436363637
 10
119.0
 20
306.946664
 10
119.5
 20
306.64363363636363
 10
120.0
 20
306.34060327272726
 10
120.5
 20
306.0375729090909
 10
121.0
 20
305.73454254545453
 10
121.5
 20
305.43151218181816
 10
122.0
 20
305.1284818181818
 10
122.5
 20
304.8254514545455
 10
123.0
 20
304.5224210909091
 10
123.5
 20
304.21939072727275
 10
124.0
 20
303.9163603636364
 10
124.5
 20
303.61333
 10
125.0
 20
303.31029963636365
 10
125.5
 20
303.0072692727273
 10
126.0
 20
302.7042389090909
 10
126.5
 20
302.40120854545455
 10
127.0
 20
302.0981781818182
 10
127.5
 20
301.7951478181818
 10
128.0
 20
301.49211745454545
 10
128.5
 20
301.1890870909091
 10
129.0
 20
300.8860567272727
 10
129.5
 20
300.58302636363635
 10
130.0
 20
300.279996
 10
130.5
 20
299.9769656363636
 10
131.0
 20
299.67393527272725
 10
131.5
 20
299.3709049090909
 10
132.0
 20
299.0678745454545
 10
132.5
 20
298.76484418181815
 10
133.0
 20
298.46181381818184
 10
133.5
 20
298.15878345454547
 10
134.0
 20
297.8557530909091
 10
134.5
 20
297.55272272727274
 10
135.0
 20
297.24969236363637
 10
135.5
 20
296.946662
 10
136.0
 20
296.64363163636364
 10
136.5
 20
296.34060127272727
 10
137.0
 20
296.0375709090909
 10
137.5
 20
295.73454054545454
 10
138.0
 20
295.43151018181817
 10
138.5
 20
295.1284798181818
 10
139.0
 20
294.82544945454543
 10
139.5
 20
294.52241909090907
 10
140.0
 20
294.2193887272727
 10
140.5
 20
293.9163583636364
 10
141.0
 20
293.613328
 10
141.5
 20
293.31029763636366
 10
142.0
 20
293.0072672727273
 10
142.5
 20
292.7042369090909
 10
143.0
 20
292.40120654545456
 10
143.5
 20
292.0981761818182
 10
144.0
 20
291.7951458181818
 10
144.5
 20
291.49211545454546
 10
145.0
 20
291.1890850909091
 10
145.5
 20
290.8860547272727
 10
146.0
 20
290.58302436363635
 10
146.5
 20
290.279994
 10
147.0
 20
289.9769636363636
 10
147.5
 20
289.67393327272725
 10
148.0
 20
289.3709029090909
 10
148.5
 20
289.0678725454545
 10
149.0
 20
288.76484218181815
 10
149.5
 20
288.46181181818184
 10
150.0
 20
288.1587814545454
 10
150.5
 20
287.8557510909091
 10
151.0
 20
287.55272072727274
 10
151.5
 20
287.2496903636364
 10
152.0
 20
286.94666
 10
152.5
 20
286.64362963636364
 10
153.0
 20
286.3405992727273
 10
153.5
 20
286.0375689090909
 10
154.0
 20
285.73453854545454
 10
154.5
 20
285.4315081818182
 10
155.0
 20
285.1284778181818
 10
155.5
 20
284.82544745454544
 10
156.0
 20
284.52241709090913
 10
156.5
 20
284.2193867272727
 10
157.0
 20
283.9163563636364
 10
157.5
 20
283.61332600000003
 10
158.0
 20
283.31029563636366
 10
158.5
 20
283.0072652727273
 10
159.0
 20
282.7042349090909
 10
159.5
 20
282.40120454545456
 10
160.0
 20
282.0981741818182
 10
160.5
 20
281.7951438181818
 10
161.0
 20
281.49211345454546
 10
161.5
 20
281.1890830909091
 10
162.0
 20
280.8860527272727
 10
162.5
 20
280.58302236363636
 10
163.0
 20
281.0
 10
163.5
 20
281.0
 10
164.0
 20
281.0
 10
164.5
 20
281.0
 10
165.0
 20
281.0
 10
165.5
 20
281.0
 10
166.0
 20
281.0
 10
166.5
 20
281.0
 10
167.0
 20
281.0
 10
167.5
 20
281.0
 10
168.0
 20
281.0
 10
168.5
 20
281.0
 10
169.0
 20
281.0
 10
169.5
 20
281.0
 10
170.0
 20
281.0
 10
170.5
 20
281.0
 10
171.0
 20
281.0
 10
171.5
 20
281.0
 10
172.0
 20
281.0
 10
172.5
 20
281.0
 10
173.0
 20
281.0
 10
173.5
 20
281.0
 10
174.0
 20
281.0
 10
174.5
 20
281.0
 10
175.0
 20
281.0
 10
175.5
 20
281.0
 10
176.0
 20
281.0
 10
176.5
 20
281.0
 10
177.0
 20
281.0
 10
177.5
 20
281.0
 10
178.0
 20
281.0
 10
178.5
 20
281.0
 10
179.0
 20
281.0
 10
179.5
 20
281.0
 10
180.0
 20
281.0
 10
180.5
 20
281.0
 10
181.0
 20
281.0
 10
181.5
 20
281.0
 10
182.0
 20
281.0
 10
182.5
 20
281.0
 10
183.0
 20
281.0
 10
183.5
 20
281.0
 10
184.0
 20
281.0
 10
184.5
 20
281.0
 10
185.0
 20
281.0
 10
185.5
 20
281.0
 10
186.0
 20
281.0
 10
186.5
 20
281.0
 10
187.0
 20
281.0
 10
187.5
 20
281.0
 10
188.0
 20
281.0
 10
188.5
 20
281.0
 10
189.0
 20
281.0
 10
189.5
 20
281.0
 10
190.0
 20
281.0
 10
190.5
 20
281.0
 10
191.0
 20
281.0
 10
191.5
 20
281.0
 10
192.0
 20
281.0
 10
192.5
 20
281.0
 10
193.0
 20
281.0
 10
193.5
 20
281.0
 10
194.0
 20
281.0
 10
194.5
 20
281.0
 10
195.0
 20
281.0
 10
195.5
 20
281.0
 10
196.0
 20
281.0
 10
196.5
 20
281.0
 10
197.0
 20
281.0
 10
197.5
 20
281.0
 10
198.0
 20
281.0
 10
198.0
 20
275.0
 10
197.5
 20
275.0
 10
197.0
 20
275.0
 10
196.5
 20
275.0
 10
196.0
 20
275.0
 10
195.5
 20
275.0
 10
195.0
 20
275.0
 10
194.5
 20
275.0
 10
194.0
 20
275.0
 10
193.5
 20
275.0
 10
193.0
 20
275.0
 10
192.5
 20
275.0
 10
192.0
 20
275.0
 10
191.5
 20
275.0
 10
191.0
 20
275.0
 10
190.5
 20
275.0
 10
190.0
 20
275.0
 10
189.5
 20
275.0
 10
189.0
 20
275.0
 10
188.5
 20
275.0
 10
188.0
 20
275.0
 10
187.5
 20
275.0
 10
187.0
 20
275.0
 10
186.5
 20
275.0
 10
186.0
 20
275.0
 10
185.5
 20
275.0
 10
185.0
 20
275.0
 10
184.5
 20
275.0
 10
184.0
 20
275.0
 10
183.5
 20
275.0
 10
183.0
 20
275.0
 10
182.5
 20
275.0
 10
182.0
 20
275.0
 10
181.5
 20
275.0
 10
181.0
 20
275.0
 10
180.5
 20
275.0
 10
180.0
 20
275.0
 10
179.5
 20
275.0
 10
179.0
 20
275.0
 10
178.5
 20
275.0
 10
178.0
 20
275.0
 10
177.5
 20
275.0
 10
177.0
 20
275.0
 10
176.5
 20
275.0
 10
176.0
 20
275.0
 10
175.5
 20
275.0
 10
175.0
 20
275.0
 10
174.5
 20
275.0
 10
174.0
 20
275.0
 10
173.5
 20
275.0
 10
173.0
 20
275.0
 10
172.5
 20
275.0
 10
172.0
 20
275.0
 10
171.5
 20
275.0
 10
171.0
 20
275.0
 10
170.5
 20
275.0
 10
170.0
 20
275.0
 10
169.5
 20
275.0
 10
169.0
 20
275.0
 10
168.5
 20
275.0
 10
168.0
 20
275.0
 10
167.5
 20
275.0
 10
167.0
 20
275.0
 10
166.5
 20
275.0
 10
166.0
 20
275.0
 10
165.5
 20
275.0
 10
165.0
 20
275.0
 10
164.5
 20
275.0
 10
164.0
 20
275.0
 10
163.5
 20
275.0
 10
163.0
 20
275.0
 10
162.5
 20
274.58302236363636
 10
162.0
 20
274.8860527272727
 10
161.5
 20
275.1890830909091
 10
161.0
 20
275.49211345454546
 10
160.5
 20
275.7951438181818
 10
160.0
 20
276.0981741818182
 10
159.5
 20
276.40120454545456
 10
159.0
 20
276.7042349090909
 10
158.5
 20
277.0072652727273
 10
158.0
 20
277.31029563636366
 10
157.5
 20
277.61332600000003
 10
157.0
 20
277.9163563636364
 10
156.5
 20
278.21938672727276
 10
156.0
 20
278.52241709090913
 10
155.5
 20
278.82544745454544
 10
155.0
 20
279.12847781818186
 10
154.5
 20
279.4315081818182
 10
154.0
 20
279.73453854545454
 10
153.5
 20
280.0375689090909
 10
153.0
 20
280.3405992727273
 10
152.5
 20
280.64362963636364
 10
152.0
 20
280.94666
 10
151.5
 20
281.2496903636364
 10
151.0
 20
281.55272072727274
 10
150.5
 20
281.8557510909091
 10
150.0
 20
282.1587814545455
 10
149.5
 20
282.46181181818184
 10
149.0
 20
282.76484218181815
 10
148.5
 20
283.0678725454546
 10
148.0
 20
283.3709029090909
 10
147.5
 20
283.67393327272725
 10
147.0
 20
283.9769636363636
 10
146.5
 20
284.279994
 10
146.0
 20
284.58302436363635
 10
145.5
 20
284.8860547272727
 10
145.0
 20
285.1890850909091
 10
144.5
 20
285.49211545454546
 10
144.0
 20
285.7951458181818
 10
143.5
 20
286.0981761818182
 10
143.0
 20
286.40120654545456
 10
142.5
 20
286.7042369090909
 10
142.0
 20
287.0072672727273
 10
141.5
 20
287.31029763636366
 10
141.0
 20
287.613328
 10
140.5
 20
287.9163583636364
 10
140.0
 20
288.21938872727276
 10
139.5
 20
288.52241909090907
 10
139.0
 20
288.8254494545455
 10
138.5
 20
289.1284798181818
 10
138.0
 20
289.43151018181817
 10
137.5
 20
289.73454054545454
 10
137.0
 20
290.0375709090909
 10
136.5
 20
290.34060127272727
 10
136.0
 20
290.64363163636364
 10
135.5
 20
290.946662
 10
135.0
 20
291.24969236363637
 10
134.5
 20
291.55272272727274
 10
134.0
 20
291.8557530909091
 10
133.5
 20
292.15878345454547
 10
133.0
 20
292.46181381818184
 10
132.5
 20
292.7648441818182
 10
132.0
 20
293.0678745454546
 10
131.5
 20
293.3709049090909
 10
131.0
 20
293.67393527272725
 10
130.5
 20
293.9769656363636
 10
130.0
 20
294.279996
 10
129.5
 20
294.58302636363635
 10
129.0
 20
294.8860567272727
 10
128.5
 20
295.1890870909091
 10
128.0
 20
295.49211745454545
 10
127.5
 20
295.7951478181818
 10
127.0
 20
296.0981781818182
 10
126.5
 20
296.40120854545455
 10
126.0
 20
296.7042389090909
 10
125.5
 20
297.0072692727273
 10
125.0
 20
297.31029963636365
 10
124.5
 20
297.61333
 10
124.0
 20
297.9163603636364
 10
123.5
 20
298.21939072727275
 10
123.0
 20
298.5224210909091
 10
122.5
 20
298.8254514545455
 10
122.0
 20
299.12848181818185
 10
121.5
 20
299.43151218181816
 10
121.0
 20
299.73454254545453
 10
120.5
 20
300.0375729090909
 10
120.0
 20
300.34060327272726
 10
119.5
 20
300.64363363636363
 10
119.0
 20
300.946664
 10
118.5
 20
301.24969436363637
 10
118.0
 20
301.55272472727273
 10
117.5
 20
301.8557550909091
 10
117.0
 20
302.15878545454547
 10
116.5
 20
302.46181581818183
 10
116.0
 20
302.7648461818182
 10
115.5
 20
303.06787654545457
 10
115.0
 20
303.37090690909093
 10
114.5
 20
303.67393727272724
 10
114.0
 20
303.9769676363636
 10
113.5
 20
304.279998
 10
113.0
 20
304.58302836363634
 10
112.5
 20
304.8860587272727
 10
112.0
 20
305.1890890909091
 10
111.5
 20
305.49211945454545
 10
111.0
 20
305.7951498181818
 10
110.5
 20
306.0981801818182
 10
110.0
 20
306.40121054545455
 10
109.5
 20
306.7042409090909
 10
109.0
 20
307.0072712727273
 10
108.5
 20
307.31030163636365
 10
108.0
 20
307.613332
 10
107.5
 20
307.9163623636364
 10
107.0
 20
308.21939272727275
 10
106.5
 20
308.5224230909091
 10
106.0
 20
308.8254534545455
 10
105.5
 20
309.12848381818185
 10
105.0
 20
309.43151418181816
 10
104.5
 20
309.7345445454545
 10
104.0
 20
310.0375749090909
 10
103.5
 20
310.34060527272726
 10
103.0
 20
310.6436356363636
 10
102.5
 20
310.946666
 10
102.0
 20
311.24969636363636
 10
101.5
 20
311.5527267272727
 10
101.0
 20
311.8557570909091
 10
100.5
 20
312.15878745454546
 10
100.0
 20
312.4618178181818
 10
99.5
 20
312.7648481818182
 10
99.0
 20
313.06787854545456
 10
98.5
 20
313.37090890909093
 10
98.0
 20
313.6739392727273
 10
97.5
 20
313.9769696363636
 10
97.0
 20
315.0
 10
96.5
 20
315.0
 10
96.0
 20
315.0
 10
95.5
 20
315.0
 10
95.0
 20
315.0
 10
94.5
 20
315.0
 10
94.0
 20
315.0
 10
93.5
 20
315.0
 10
93.0
 20
315.0
 10
92.5
 20
315.0
 10
92.0
 20
315.0
 10
91.5
 20
315.0
 10
91.0
 20
315.0
 10
90.5
 20
315.0
 10
90.0
 20
315.0
 10
89.5
 20
315.0
 10
89.0
 20
315.0
 10
88.5
 20
315.0
 10
88.0
 20
315.0
 10
87.5
 20
315.0
 10
87.0
 20
315.0
 10
86.5
 20
315.0
 10
86.0
 20
315.0
 10
85.5
 20
315.0
 10
85.0
 20
315.0
 10
84.5
 20
315.0
 10
84.0
 20
315.0
 10
83.5
 20
315.0
 10
83.0
 20
315.0
 10
82.5
 20
315.0
 10
82.0
 20
315.0
 10
81.5
 20
315.0
 10
81.0
 20
315.0
 10
80.5
 20
315.0
 10
80.0
 20
315.0
 10
79.5
 20
315.0
 10
79.0
 20
315.0
 10
78.5
 20
315.0
 10
78.0
 20
315.0
 10
77.5
 20
315.0
 10
77.0
 20
315.0
 10
76.5
 20
315.0
 10
76.0
 20
315.0
 10
75.5
 20
315.0
 10
75.0
 20
315.0
 10
74.5
 20
315.0
 10
74.0
 20
315.0
 10
73.5
 20
315.0
 10
73.0
 20
315.0
 10
72.5
 20
315.0
 10
72.0
 20
315.0
 10
71.5
 20
315.0
 10
71.0
 20
315.0
 10
70.5
 20
315.0
 10
70.0
 20
315.0
 10
69.5
 20
315.0
 10
69.0
 20
315.0
 10
68.5
 20
315.0
 10
68.0
 20
315.0
 10
67.5
 20
315.0
 10
67.0
 20
315.0
 10
66.5
 20
315.0
 10
66.0
 20
315.0
 10
65.5
 20
315.0
 10
65.0
 20
315.0
 10
64.5
 20
315.0
 10
64.0
 20
315.0
 10
63.5
 20
315.0
 10
63.0
 20
315.0
 10
62.5
 20
315.0
 10
62.0
 20
315.0
 97
0
 75
1
 76
1
 52
0.0
 41
1.0
 77
0
 78
1
 53
45.0
 43
0.0
 44
0.0
 45
-2.2450640303
 46
2.2450640303
 79
0
 98
0
  0
LWPOLYLINE
  5
106
330
17
100
AcDbEntity
  8
S-CONCRETE
100
AcDbPolyline
 90
546
 70
1
 10
62.0
 20
321.0
 10
62.5
 20
321.0
 10
63.0
 20
321.0
 10
63.5
 20
321.0
 10
64.0
 20
321.0
 10
64.5
 20
321.0
 10
65.0
 20
321.0
 10
65.5
 20
321.0
 10
66.0
 20
321.0
 10
66.5
 20
321.0
 10
67.0
 20
321.0
 10
67.5
 20
321.0
 10
68.0
 20
321.0
 10
68.5
 20
321.0
 10
69.0
 20
321.0
 10
69.5
 20
321.0
 10
70.0
 20
321.0
 10
70.5
 20
321.0
 10
71.0
 20
321.0
 10
71.5
 20
321.0
 10
72.0
 20
321.0
 10
72.5
 20
321.0
 10
73.0
 20
321.0
 10
73.5
 20
321.0
 10
74.0
 20
321.0
 10
74.5
 20
321.0
 10
75.0
 20
321.0
 10
75.5
 20
321.0
 10
76.0
 20
321.0
 10
76.5
 20
321.0
 10
77.0
 20
321.0
 10
77.5
 20
321.0
 10
78.0
 20
321.0
 10
78.5
 20
321.0
 10
79.0
 20
321.0
 10
79.5
 20
321.0
 10
80.0
 20
321.0
 10
80.5
 20
321.0
 10
81.0
 20
321.0
 10
81.5
 20
321.0
 10
82.0
 20
321.0
 10
82.5
 20
321.0
 10
83.0
 20
321.0
 10
83.5
 20
321.0
 10
84.0
 20
321.0
 10
84.5
 20
321.0
 10
85.0
 20
321.0
 10
85.5
 20
321.0
 10
86.0
 20
321.0
 10
86.5
 20
321.0
 10
87.0
 20
321.0
 10
87.5
 20
321.0
 10
88.0
 20
321.0
 10
88.5
 20
321.0
 10
89.0
 20
321.0
 10
89.5
 20
321.0
 10
90.0
 20
321.0
 10
90.5
 20
321.0
 10
91.0
 20
321.0
 10
91.5
 20
321.0
 10
92.0
 20
321.0
 10
92.5
 20
321.0
 10
93.0
 20
321.0
 10
93.5
 20
321.0
 10
94.0
 20
321.0
 10
94.5
 20
321.0
 10
95.0
 20
321.0
 10
95.5
 20
321.0
 10
96.0
 20
321.0
 10
96.5
 20
321.0
 10
97.0
 20
321.0
 10
97.5
 20
319.97696963636366
 10
98.0
 20
319.6739392727273
 10
98.5
 20
319.37090890909093
 10
99.0
 20
319.06787854545456
 10
99.5
 20
318.7648481818182
 10
100.0
 20
318.4618178181818
 10
100.5
 20
318.15878745454546
 10
101.0
 20
317.8557570909091
 10
101.5
 20
317.5527267272727
 10
102.0
 20
317.24969636363636
 10
102.5
 20
316.946666
 10
103.0
 20
316.6436356363636
 10
103.5
 20
316.34060527272726
 10
104.0
 20
316.0375749090909
 10
104.5
 20
315.7345445454545
 10
105.0
 20
315.43151418181816
 10
105.5
 20
315.12848381818185
 10
106.0
 20
314.8254534545455
 10
106.5
 20
314.5224230909091
 10
107.0
 20
314.21939272727275
 10
107.5
 20
313.9163623636364
 10
108.0
 20
313.613332
 10
108.5
 20
313.31030163636365
 10
109.0
 20
313.0072712727273
 10
109.5
 20
312.7042409090909
 10
110.0
 20
312.40121054545455
 10
110.5
 20
312.0981801818182
 10
111.0
 20
311.7951498181818
 10
111.5
 20
311.49211945454545
 10
112.0
 20
311.1890890909091
 10
112.5
 20
310.8860587272727
 10
113.0
 20
310.58302836363634
 10
113.5
 20
310.279998
 10
114.0
 20
309.9769676363636
 10
114.5
 20
309.6739372727273
 10
115.0
 20
309.37090690909093
 10
115.5
 20
309.06787654545457
 10
116.0
 20
308.7648461818182
 10
116.5
 20
308.46181581818183
 10
117.0
 20
308.15878545454547
 10
117.5
 20
307.8557550909091
 10
118.0
 20
307.55272472727273
 10
118.5
 20
307.24969436363637
 10
119.0
 20
306.946664
 10
119.5
 20
306.64363363636363
 10
120.0
 20
306.34060327272726
 10
120.5
 20
306.0375729090909
 10
121.0
 20
305.73454254545453
 10
121.5
 20
305.43151218181816
 10
122.0
 20
305.1284818181818
 10
122.5
 20
304.8254514545455
 10
123.0
 20
304.5224210909091
 10
123.5
 20
304.21939072727275
 10
124.0
 20
303.9163603636364
 10
124.5
 20
303.61333
 10
125.0
 20
303.31029963636365
 10
125.5
 20
303.0072692727273
 10
126.0
 20
302.7042389090909
 10
126.5
 20
302.40120854545455
 10
127.0
 20
302.0981781818182
 10
127.5
 20
301.7951478181818
 10
128.0
 20
301.49211745454545
 10
128.5
 20
301.1890870909091
 10
129.0
 20
300.8860567272727
 10
129.5
 20
300.58302636363635
 10
130.0
 20
300.279996
 10
130.5
 20
299.9769656363636
 10
131.0
 20
299.67393527272725
 10
131.5
 20
299.3709049090909
 10
132.0
 20
299.0678745454545
 10
132.5
 20
298.76484418181815
 10
133.0
 20
298.46181381818184
 10
133.5
 20
298.15878345454547
 10
134.0
 20
297.8557530909091
 10
134.5
 20
297.55272272727274
 10
135.0
 20
297.24969236363637
 10
135.5
 20
296.946662
 10
136.0
 20
296.64363163636364
 10
136.5
 20
296.34060127272727
 10
137.0
 20
296.0375709090909
 10
137.5
 20
295.73454054545454
 10
138.0
 20
295.43151018181817
 10
138.5
 20
295.1284798181818
 10
139.0
 20
294.82544945454543
 10
139.5
 20
294.52241909090907
 10
140.0
 20
294.2193887272727
 10
140.5
 20
293.9163583636364
 10
141.0
 20
293.613328
 10
141.5
 20
293.31029763636366
 10
142.0
 20
293.0072672727273
 10
142.5
 20
292.7042369090909
 10
143.0
 20
292.40120654545456
 10
143.5
 20
292.0981761818182
 10
144.0
 20
291.7951458181818
 10
144.5
 20
291.49211545454546
 10
145.0
 20
291.1890850909091
 10
145.5
 20
290.8860547272727
 10
146.0
 20
290.58302436363635
 10
146.5
 20
290.279994
 10
147.0
 20
289.9769636363636
 10
147.5
 20
289.67393327272725
 10
148.0
 20
289.3709029090909
 10
148.5
 20
289.0678725454545
 10
149.0
 20
288.76484218181815
 10
149.5
 20
288.46181181818184
 10
150.0
 20
288.1587814545454
 10
150.5
 20
287.8557510909091
 10
151.0
 20
287.55272072727274
 10
151.5
 20
287.2496903636364
 10
152.0
 20
286.94666
 10
152.5
 20
286.64362963636364
 10
153.0
 20
286.3405992727273
 10
153.5
 20
286.0375689090909
 10
154.0
 20
285.73453854545454
 10
154.5
 20
285.4315081818182
 10
155.0
 20
285.1284778181818
 10
155.5
 20
284.82544745454544
 10
156.0
 20
284.52241709090913
 10
156.5
 20
284.2193867272727
 10
157.0
 20
283.9163563636364
 10
157.5
 20
283.61332600000003
 10
158.0
 20
283.31029563636366
 10
158.5
 20
283.0072652727273
 10
159.0
 20
282.7042349090909
 10
159.5
 20
282.40120454545456
 10
160.0
 20
282.0981741818182
 10
160.5
 20
281.7951438181818
 10
161.0
 20
281.49211345454546
 10
161.5
 20
281.1890830909091
 10
162.0
 20
280.8860527272727
 10
162.5
 20
280.58302236363636
 10
163.0
 20
281.0
 10
163.5
 20
281.0
 10
164.0
 20
281.0
 10
164.5
 20
281.0
 10
165.0
 20
281.0
 10
165.5
 20
281.0
 10
166.0
 20
281.0
 10
166.5
 20
281.0
 10
167.0
 20
281.0
 10
167.5
 20
281.0
 10
168.0
 20
281.0
 10
168.5
 20
281.0
 10
169.0
 20
281.0
 10
169.5
 20
281.0
 10
170.0
 20
281.0
 10
170.5
 20
281.0
 10
171.0
 20
281.0
 10
171.5
 20
281.0
 10
172.0
 20
281.0
 10
172.5
 20
281.0
 10
173.0
 20
281.0
 10
173.5
 20
281.0
 10
174.0
 20
281.0
 10
174.5
 20
281.0
 10
175.0
 20
281.0
 10
175.5
 20
281.0
 10
176.0
 20
281.0
 10
176.5
 20
281.0
 10
177.0
 20
281.0
 10
177.5
 20
281.0
 10
178.0
 20
281.0
 10
178.5
 20
281.0
 10
179.0
 20
281.0
 10
179.5
 20
281.0
 10
180.0
 20
281.0
 10
180.5
 20
281.0
 10
181.0
 20
281.0
 10
181.5
 20
281.0
 10
182.0
 20
281.0
 10
182.5
 20
281.0
 10
183.0
 20
281.0
 10
183.5
 20
281.0
 10
184.0
 20
281.0
 10
184.5
 20
281.0
 10
185.0
 20
281.0
 10
185.5
 20
281.0
 10
186.0
 20
281.0
 10
186.5
 20
281.0
 10
187.0
 20
281.0
 10
187.5
 20
281.0
 10
188.0
 20
281.0
 10
188.5
 20
281.0
 10
189.0
 20
281.0
 10
189.5
 20
281.0
 10
190.0
 20
281.0
 10
190.5
 20
281.0
 10
191.0
 20
281.0
 10
191.5
 20
281.0
 10
192.0
 20
281.0
 10
192.5
 20
281.0
 10
193.0
 20
281.0
 10
193.5
 20
281.0
 10
194.0
 20
281.0
 10
194.5
 20
281.0
 10
195.0
 20
281.0
 10
195.5
 20
281.0
 10
196.0
 20
281.0
 10
196.5
 20
281.0
 10
197.0
 20
281.0
 10
197.5
 20
281.0
 10
198.0
 20
281.0
 10
198.0
 20
275.0
 10
197.5
 20
275.0
 10
197.0
 20
275.0
 10
196.5
 20
275.0
 10
196.0
 20
275.0
 10
195.5
 20
275.0
 10
195.0
 20
275.0
 10
194.5
 20
275.0
 10
194.0
 20
275.0
 10
193.5
 20
275.0
 10
193.0
 20
275.0
 10
192.5
 20
275.0
 10
192.0
 20
275.0
 10
191.5
 20
275.0
 10
191.0
 20
275.0
 10
190.5
 20
275.0
 10
190.0
 20
275.0
 10
189.5
 20
275.0
 10
189.0
 20
275.0
 10
188.5
 20
275.0
 10
188.0
 20
275.0
 10
187.5
 20
275.0
 10
187.0
 20
275.0
 10
186.5
 20
275.0
 10
186.0
 20
275.0
 10
185.5
 20
275.0
 10
185.0
 20
275.0
 10
184.5
 20
275.0
 10
184.0
 20
275.0
 10
183.5
 20
275.0
 10
183.0
 20
275.0
 10
182.5
 20
275.0
 10
182.0
 20
275.0
 10
181.5
 20
275.0
 10
181.0
 20
275.0
 10
180.5
 20
275.0
 10
180.0
 20
275.0
 10
179.5
 20
275.0
 10
179.0
 20
275.0
 10
178.5
 20
275.0
 10
178.0
 20
275.0
 10
177.5
 20
275.0
 10
177.0
 20
275.0
 10
176.5
 20
275.0
 10
176.0
 20
275.0
 10
175.5
 20
275.0
 10
175.0
 20
275.0
 10
174.5
 20
275.0
 10
174.0
 20
275.0
 10
173.5
 20
275.0
 10
173.0
 20
275.0
 10
172.5
 20
275.0
 10
172.0
 20
275.0
 10
171.5
 20
275.0
 10
171.0
 20
275.0
 10
170.5
 20
275.0
 10
170.0
 20
275.0
 10
169.5
 20
275.0
 10
169.0
 20
275.0
 10
168.5
 20
275.0
 10
168.0
 20
275.0
 10
167.5
 20
275.0
 10
167.0
 20
275.0
 10
166.5
 20
275.0
 10
166.0
 20
275.0
 10
165.5
 20
275.0
 10
165.0
 20
275.0
 10
164.5
 20
275.0
 10
164.0
 20
275.0
 10
163.5
 20
275.0
 10
163.0
 20
275.0
 10
162.5
 20
274.58302236363636
 10
162.0
 20
274.8860527272727
 10
161.5
 20
275.1890830909091
 10
161.0
 20
275.49211345454546
 10
160.5
 20
275.7951438181818
 10
160.0
 20
276.0981741818182
 10
159.5
 20
276.40120454545456
 10
159.0
 20
276.7042349090909
 10
158.5
 20
277.0072652727273
 10
158.0
 20
277.31029563636366
 10
157.5
 20
277.61332600000003
 10
157.0
 20
277.9163563636364
 10
156.5
 20
278.21938672727276
 10
156.0
 20
278.52241709090913
 10
155.5
 20
278.82544745454544
 10
155.0
 20
279.12847781818186
 10
154.5
 20
279.4315081818182
 10
154.0
 20
279.73453854545454
 10
153.5
 20
280.0375689090909
 10
153.0
 20
280.3405992727273
 10
152.5
 20
280.64362963636364
 10
152.0
 20
280.94666
 10
151.5
 20
281.2496903636364
 10
151.0
 20
281.55272072727274
 10
150.5
 20
281.8557510909091
 10
150.0
 20
282.1587814545455
 10
149.5
 20
282.46181181818184
 10
149.0
 20
282.76484218181815
 10
148.5
 20
283.0678725454546
 10
148.0
 20
283.3709029090909
 10
147.5
 20
283.67393327272725
 10
147.0
 20
283.9769636363636
 10
146.5
 20
284.279994
 10
146.0
 20
284.58302436363635
 10
145.5
 20
284.8860547272727
 10
145.0
 20
285.1890850909091
 10
144.5
 20
285.49211545454546
 10
144.0
 20
285.7951458181818
 10
143.5
 20
286.0981761818182
 10
143.0
 20
286.40120654545456
 10
142.5
 20
286.7042369090909
 10
142.0
 20
287.0072672727273
 10
141.5
 20
287.31029763636366
 10
141.0
 20
287.613328
 10
140.5
 20
287.9163583636364
 10
140.0
 20
288.21938872727276
 10
139.5
 20
288.52241909090907
 10
139.0
 20
288.8254494545455
 10
138.5
 20
289.1284798181818
 10
138.0
 20
289.43151018181817
 10
137.5
 20
289.73454054545454
 10
137.0
 20
290.0375709090909
 10
136.5
 20
290.34060127272727
 10
136.0
 20
290.64363163636364
 10
135.5
 20
290.946662
 10
135.0
 20
291.24969236363637
 10
134.5
 20
291.55272272727274
 10
134.0
 20
291.8557530909091
 10
133.5
 20
292.15878345454547
 10
133.0
 20
292.46181381818184
 10
132.5
 20
292.7648441818182
 10
132.0
 20
293.0678745454546
 10
131.5
 20
293.3709049090909
 10
131.0
 20
293.67393527272725
 10
130.5
 20
293.9769656363636
 10
130.0
 20
294.279996
 10
129.5
 20
294.58302636363635
 10
129.0
 20
294.8860567272727
 10
128.5
 20
295.1890870909091
 10
128.0
 20
295.49211745454545
 10
127.5
 20
295.7951478181818
 10
127.0
 20
296.0981781818182
 10
126.5
 20
296.40120854545455
 10
126.0
 20
296.7042389090909
 10
125.5
 20
297.0072692727273
 10
125.0
 20
297.31029963636365
 10
124.5
 20
297.61333
 10
124.0
 20
297.9163603636364
 10
123.5
 20
298.21939072727275
 10
123.0
 20
298.5224210909091
 10
122.5
 20
298.8254514545455
 10
122.0
 20
299.12848181818185
 10
121.5
 20
299.43151218181816
 10
121.0
 20
299.73454254545453
 10
120.5
 20
300.0375729090909
 10
120.0
 20
300.34060327272726
 10
119.5
 20
300.64363363636363
 10
119.0
 20
300.946664
 10
118.5
 20
301.24969436363637
 10
118.0
 20
301.55272472727273
 10
117.5
 20
301.8557550909091
 10
117.0
 20
302.15878545454547
 10
116.5
 20
302.46181581818183
 10
116.0
 20
302.7648461818182
 10
115.5
 20
303.06787654545457
 10
115.0
 20
303.37090690909093
 10
114.5
 20
303.67393727272724
 10
114.0
 20
303.9769676363636
 10
113.5
 20
304.279998
 10
113.0
 20
304.58302836363634
 10
112.5
 20
304.8860587272727
 10
112.0
 20
305.1890890909091
 10
111.5
 20
305.49211945454545
 10
111.0
 20
305.7951498181818
 10
110.5
 20
306.0981801818182
 10
110.0
 20
306.40121054545455
 10
109.5
 20
306.7042409090909
 10
109.0
 20
307.0072712727273
 10
108.5
 20
307.31030163636365
 10
108.0
 20
307.613332
 10
107.5
 20
307.9163623636364
 10
107.0
 20
308.21939272727275
 10
106.5
 20
308.5224230909091
 10
106.0
 20
308.8254534545455
 10
105.5
 20
309.12848381818185
 10
105.0
 20
309.43151418181816
 10
104.5
 20
309.7345445454545
 10
104.0
 20
310.0375749090909
 10
103.5
 20
310.34060527272726
 10
103.0
 20
310.6436356363636
 10
102.5
 20
310.946666
 10
102.0
 20
311.24969636363636
 10
101.5
 20
311.5527267272727
 10
101.0
 20
311.8557570909091
 10
100.5
 20
312.15878745454546
 10
100.0
 20
312.4618178181818
 10
99.5
 20
312.7648481818182
 10
99.0
 20
313.06787854545456
 10
98.5
 20
313.37090890909093
 10
98.0
 20
313.6739392727273
 10
97.5
 20
313.9769696363636
 10
97.0
 20
315.0
 10
96.5
 20
315.0
 10
96.0
 20
315.0
 10
95.5
 20
315.0
 10
95.0
 20
315.0
 10
94.5
 20
315.0
 10
94.0
 20
315.0
 10
93.5
 20
315.0
 10
93.0
 20
315.0
 10
92.5
 20
315.0
 10
92.0
 20
315.0
 10
91.5
 20
315.0
 10
91.0
 20
315.0
 10
90.5
 20
315.0
 10
90.0
 20
315.0
 10
89.5
 20
315.0
 10
89.0
 20
315.0
 10
88.5
 20
315.0
 10
88.0
 20
315.0
 10
87.5
 20
315.0
 10
87.0
 20
315.0
 10
86.5
 20
315.0
 10
86.0
 20
315.0
 10
85.5
 20
315.0
 10
85.0
 20
315.0
 10
84.5
 20
315.0
 10
84.0
 20
315.0
 10
83.5
 20
315.0
 10
83.0
 20
315.0
 10
82.5
 20
315.0
 10
82.0
 20
315.0
 10
81.5
 20
315.0
 10
81.0
 20
315.0
 10
80.5
 20
315.0
 10
80.0
 20
315.0
 10
79.5
 20
315.0
 10
79.0
 20
315.0
 10
78.5
 20
315.0
 10
78.0
 20
315.0
 10
77.5
 20
315.0
 10
77.0
 20
315.0
 10
76.5
 20
315.0
 10
76.0
 20
315.0
 10
75.5
 20
315.0
 10
75.0
 20
315.0
 10
74.5
 20
315.0
 10
74.0
 20
315.0
 10
73.5
 20
315.0
 10
73.0
 20
315.0
 10
72.5
 20
315.0
 10
72.0
 20
315.0
 10
71.5
 20
315.0
 10
71.0
 20
315.0
 10
70.5
 20
315.0
 10
70.0
 20
315.0
 10
69.5
 20
315.0
 10
69.0
 20
315.0
 10
68.5
 20
315.0
 10
68.0
 20
315.0
 10
67.5
 20
315.0
 10
67.0
 20
315.0
 10
66.5
 20
315.0
 10
66.0
 20
315.0
 10
65.5
 20
315.0
 10
65.0
 20
315.0
 10
64.5
 20
315.0
 10
64.0
 20
315.0
 10
63.5
 20
315.0
 10
63.0
 20
315.0
 10
62.5
 20
315.0
 10
62.0
 20
315.0
  0
HATCH
  5
107
330
17
100
AcDbEntity
  8
S-EXISTING
 62
7
100
AcDbHatch
 10
0.0
 20
0.0
 30
0.0
210
0.0
220
0.0
230
1.0
  2
EARTH
 70
0
 71
0
 91
1
 92
3
 72
0
 73
1
 93
546
 10
62.0
 20
329.0
 10
62.5
 20
329.0
 10
63.0
 20
329.0
 10
63.5
 20
329.0
 10
64.0
 20
329.0
 10
64.5
 20
329.0
 10
65.0
 20
329.0
 10
65.5
 20
329.0
 10
66.0
 20
329.0
 10
66.5
 20
329.0
 10
67.0
 20
329.0
 10
67.5
 20
329.0
 10
68.0
 20
329.0
 10
68.5
 20
329.0
 10
69.0
 20
329.0
 10
69.5
 20
329.0
 10
70.0
 20
329.0
 10
70.5
 20
329.0
 10
71.0
 20
329.0
 10
71.5
 20
329.0
 10
72.0
 20
329.0
 10
72.5
 20
329.0
 10
73.0
 20
329.0
 10
73.5
 20
329.0
 10
74.0
 20
329.0
 10
74.5
 20
329.0
 10
75.0
 20
329.0
 10
75.5
 20
329.0
 10
76.0
 20
329.0
 10
76.5
 20
329.0
 10
77.0
 20
329.0
 10
77.5
 20
329.0
 10
78.0
 20
329.0
 10
78.5
 20
329.0
 10
79.0
 20
329.0
 10
79.5
 20
329.0
 10
80.0
 20
329.0
 10
80.5
 20
329.0
 10
81.0
 20
329.0
 10
81.5
 20
329.0
 10
82.0
 20
329.0
 10
82.5
 20
329.0
 10
83.0
 20
329.0
 10
83.5
 20
329.0
 10
84.0
 20
329.0
 10
84.5
 20
329.0
 10
85.0
 20
329.0
 10
85.5
 20
329.0
 10
86.0
 20
329.0
 10
86.5
 20
329.0
 10
87.0
 20
329.0
 10
87.5
 20
329.0
 10
88.0
 20
329.0
 10
88.5
 20
329.0
 10
89.0
 20
329.0
 10
89.5
 20
329.0
 10
90.0
 20
329.0
 10
90.5
 20
329.0
 10
91.0
 20
329.0
 10
91.5
 20
329.0
 10
92.0
 20
329.0
 10
92.5
 20
329.0
 10
93.0
 20
329.0
 10
93.5
 20
329.0
 10
94.0
 20
329.0
 10
94.5
 20
329.0
 10
95.0
 20
329.0
 10
95.5
 20
329.0
 10
96.0
 20
329.0
 10
96.5
 20
329.0
 10
97.0
 20
329.0
 10
97.5
 20
327.97696963636366
 10
98.0
 20
327.6739392727273
 10
98.5
 20
327.37090890909093
 10
99.0
 20
327.06787854545456
 10
99.5
 20
326.7648481818182
 10
100.0
 20
326.4618178181818
 10
100.5
 20
326.15878745454546
 10
101.0
 20
325.8557570909091
 10
101.5
 20
325.5527267272727
 10
102.0
 20
325.24969636363636
 10
102.5
 20
324.946666
 10
103.0
 20
324.6436356363636
 10
103.5
 20
324.34060527272726
 10
104.0
 20
324.0375749090909
 10
104.5
 20
323.7345445454545
 10
105.0
 20
323.43151418181816
 10
105.5
 20
323.1284838181818
 10
106.0
 20
322.8254534545455
 10
106.5
 20
322.5224230909091
 10
107.0
 20
322.21939272727275
 10
107.5
 20
321.9163623636364
 10
108.0
 20
321.613332
 10
108.5
 20
321.31030163636365
 10
109.0
 20
321.0072712727273
 10
109.5
 20
320.7042409090909
 10
110.0
 20
320.40121054545455
 10
110.5
 20
320.0981801818182
 10
111.0
 20
319.7951498181818
 10
111.5
 20
319.49211945454545
 10
112.0
 20
319.1890890909091
 10
112.5
 20
318.8860587272727
 10
113.0
 20
318.58302836363634
 10
113.5
 20
318.279998
 10
114.0
 20
317.9769676363636
 10
114.5
 20
317.67393727272724
 10
115.0
 20
317.37090690909093
 10
115.5
 20
317.06787654545457
 10
116.0
 20
316.7648461818182
 10
116.5
 20
316.46181581818183
 10
117.0
 20
316.15878545454547
 10
117.5
 20
315.8557550909091
 10
118.0
 20
315.55272472727273
 10
118.5
 20
315.24969436363637
 10
119.0
 20
314.946664
 10
119.5
 20
314.64363363636363
 10
120.0
 20
314.34060327272726
 10
120.5
 20
314.0375729090909
 10
121.0
 20
313.73454254545453
 10
121.5
 20
313.43151218181816
 10
122.0
 20
313.1284818181818
 10
122.5
 20
312.82545145454543
 10
123.0
 20
312.5224210909091
 10
123.5
 20
312.21939072727275
 10
124.0
 20
311.9163603636364
 10
124.5
 20
311.61333
 10
125.0
 20
311.31029963636365
 10
125.5
 20
311.0072692727273
 10
126.0
 20
310.7042389090909
 10
126.5
 20
310.40120854545455
 10
127.0
 20
310.0981781818182
 10
127.5
 20
309.7951478181818
 10
128.0
 20
309.49211745454545
 10
128.5
 20
309.1890870909091
 10
129.0
 20
308.8860567272727
 10
129.5
 20
308.58302636363635
 10
130.0
 20
308.279996
 10
130.5
 20
307.9769656363636
 10
131.0
 20
307.67393527272725
 10
131.5
 20
307.3709049090909
 10
132.0
 20
307.0678745454546
 10
132.5
 20
306.7648441818182
 10
133.0
 20
306.46181381818184
 10
133.5
 20
306.15878345454547
 10
134.0
 20
305.8557530909091
 10
134.5
 20
305.55272272727274
 10
135.0
 20
305.24969236363637
 10
135.5
 20
304.946662
 10
136.0
 20
304.64363163636364
 10
136.5
 20
304.34060127272727
 10
137.0
 20
304.0375709090909
 10
137.5
 20
303.73454054545454
 10
138.0
 20
303.43151018181817
 10
138.5
 20
303.1284798181818
 10
139.0
 20
302.82544945454543
 10
139.5
 20
302.52241909090907
 10
140.0
 20
302.2193887272727
 10
140.5
 20
301.9163583636364
 10
141.0
 20
301.613328
 10
141.5
 20
301.31029763636366
 10
142.0
 20
301.0072672727273
 10
142.5
 20
300.7042369090909
 10
143.0
 20
300.40120654545456
 10
143.5
 20
300.0981761818182
 10
144.0
 20
299.7951458181818
 10
144.5
 20
299.49211545454546
 10
145.0
 20
299.1890850909091
 10
145.5
 20
298.8860547272727
 10
146.0
 20
298.58302436363635
 10
146.5
 20
298.279994
 10
147.0
 20
297.9769636363636
 10
147.5
 20
297.67393327272725
 10
148.0
 20
297.3709029090909
 10
148.5
 20
297.0678725454545
 10
149.0
 20
296.7648421818182
 10
149.5
 20
296.46181181818184
 10
150.0
 20
296.1587814545454
 10
150.5
 20
295.8557510909091
 10
151.0
 20
295.55272072727274
 10
151.5
 20
295.2496903636364
 10
152.0
 20
294.94666
 10
152.5
 20
294.64362963636364
 10
153.0
 20
294.3405992727273
 10
153.5
 20
294.0375689090909
 10
154.0
 20
293.73453854545454
 10
154.5
 20
293.4315081818182
 10
155.0
 20
293.1284778181818
 10
155.5
 20
292.82544745454544
 10
156.0
 20
292.5224170909091
 10
156.5
 20
292.2193867272727
 10
157.0
 20
291.9163563636364
 10
157.5
 20
291.61332600000003
 10
158.0
 20
291.31029563636366
 10
158.5
 20
291.0072652727273
 10
159.0
 20
290.7042349090909
 10
159.5
 20
290.40120454545456
 10
160.0
 20
290.0981741818182
 10
160.5
 20
289.7951438181818
 10
161.0
 20
289.49211345454546
 10
161.5
 20
289.1890830909091
 10
162.0
 20
288.8860527272727
 10
162.5
 20
288.58302236363636
 10
163.0
 20
289.0
 10
163.5
 20
289.0
 10
164.0
 20
289.0
 10
164.5
 20
289.0
 10
165.0
 20
289.0
 10
165.5
 20
289.0
 10
166.0
 20
289.0
 10
166.5
 20
289.0
 10
167.0
 20
289.0
 10
167.5
 20
289.0
 10
168.0
 20
289.0
 10
168.5
 20
289.0
 10
169.0
 20
289.0
 10
169.5
 20
289.0
 10
170.0
 20
289.0
 10
170.5
 20
289.0
 10
171.0
 20
289.0
 10
171.5
 20
289.0
 10
172.0
 20
289.0
 10
172.5
 20
289.0
 10
173.0
 20
289.0
 10
173.5
 20
289.0
 10
174.0
 20
289.0
 10
174.5
 20
289.0
 10
175.0
 20
289.0
 10
175.5
 20
289.0
 10
176.0
 20
289.0
 10
176.5
 20
289.0
 10
177.0
 20
289.0
 10
177.5
 20
289.0
 10
178.0
 20
289.0
 10
178.5
 20
289.0
 10
179.0
 20
289.0
 10
179.5
 20
289.0
 10
180.0
 20
289.0
 10
180.5
 20
289.0
 10
181.0
 20
289.0
 10
181.5
 20
289.0
 10
182.0
 20
289.0
 10
182.5
 20
289.0
 10
183.0
 20
289.0
 10
183.5
 20
289.0
 10
184.0
 20
289.0
 10
184.5
 20
289.0
 10
185.0
 20
289.0
 10
185.5
 20
289.0
 10
186.0
 20
289.0
 10
186.5
 20
289.0
 10
187.0
 20
289.0
 10
187.5
 20
289.0
 10
188.0
 20
289.0
 10
188.5
 20
289.0
 10
189.0
 20
289.0
 10
189.5
 20
289.0
 10
190.0
 20
289.0
 10
190.5
 20
289.0
 10
191.0
 20
289.0
 10
191.5
 20
289.0
 10
192.0
 20
289.0
 10
192.5
 20
289.0
 10
193.0
 20
289.0
 10
193.5
 20
289.0
 10
194.0
 20
289.0
 10
194.5
 20
289.0
 10
195.0
 20
289.0
 10
195.5
 20
289.0
 10
196.0
 20
289.0
 10
196.5
 20
289.0
 10
197.0
 20
289.0
 10
197.5
 20
289.0
 10
198.0
 20
289.0
 10
198.0
 20
281.0
 10
197.5
 20
281.0
 10
197.0
 20
281.0
 10
196.5
 20
281.0
 10
196.0
 20
281.0
 10
195.5
 20
281.0
 10
195.0
 20
281.0
 10
194.5
 20
281.0
 10
194.0
 20
281.0
 10
193.5
 20
281.0
 10
193.0
 20
281.0
 10
192.5
 20
281.0
 10
192.0
 20
281.0
 10
191.5
 20
281.0
 10
191.0
 20
281.0
 10
190.5
 20
281.0
 10
190.0
 20
281.0
 10
189.5
 20
281.0
 10
189.0
 20
281.0
 10
188.5
 20
281.0
 10
188.0
 20
281.0
 10
187.5
 20
281.0
 10
187.0
 20
281.0
 10
186.5
 20
281.0
 10
186.0
 20
281.0
 10
185.5
 20
281.0
 10
185.0
 20
281.0
 10
184.5
 20
281.0
 10
184.0
 20
281.0
 10
183.5
 20
281.0
 10
183.0
 20
281.0
 10
182.5
 20
281.0
 10
182.0
 20
281.0
 10
181.5
 20
281.0
 10
181.0
 20
281.0
 10
180.5
 20
281.0
 10
180.0
 20
281.0
 10
179.5
 20
281.0
 10
179.0
 20
281.0
 10
178.5
 20
281.0
 10
178.0
 20
281.0
 10
177.5
 20
281.0
 10
177.0
 20
281.0
 10
176.5
 20
281.0
 10
176.0
 20
281.0
 10
175.5
 20
281.0
 10
175.0
 20
281.0
 10
174.5
 20
281.0
 10
174.0
 20
281.0
 10
173.5
 20
281.0
 10
173.0
 20
281.0
 10
172.5
 20
281.0
 10
172.0
 20
281.0
 10
171.5
 20
281.0
 10
171.0
 20
281.0
 10
170.5
 20
281.0
 10
170.0
 20
281.0
 10
169.5
 20
281.0
 10
169.0
 20
281.0
 10
168.5
 20
281.0
 10
168.0
 20
281.0
 10
167.5
 20
281.0
 10
167.0
 20
281.0
 10
166.5
 20
281.0
 10
166.0
 20
281.0
 10
165.5
 20
281.0
 10
165.0
 20
281.0
 10
164.5
 20
281.0
 10
164.0
 20
281.0
 10
163.5
 20
281.0
 10
163.0
 20
281.0
 10
162.5
 20
280.58302236363636
 10
162.0
 20
280.8860527272727
 10
161.5
 20
281.1890830909091
 10
161.0
 20
281.49211345454546
 10
160.5
 20
281.7951438181818
 10
160.0
 20
282.0981741818182
 10
159.5
 20
282.40120454545456
 10
159.0
 20
282.7042349090909
 10
158.5
 20
283.0072652727273
 10
158.0
 20
283.31029563636366
 10
157.5
 20
283.61332600000003
 10
157.0
 20
283.9163563636364
 10
156.5
 20
284.2193867272727
 10
156.0
 20
284.52241709090913
 10
155.5
 20
284.82544745454544
 10
155.0
 20
285.1284778181818
 10
154.5
 20
285.4315081818182
 10
154.0
 20
285.73453854545454
 10
153.5
 20
286.0375689090909
 10
153.0
 20
286.3405992727273
 10
152.5
 20
286.64362963636364
 10
152.0
 20
286.94666
 10
151.5
 20
287.2496903636364
 10
151.0
 20
287.55272072727274
 10
150.5
 20
287.8557510909091
 10
150.0
 20
288.1587814545454
 10
149.5
 20
288.46181181818184
 10
149.0
 20
288.76484218181815
 10
148.5
 20
289.0678725454545
 10
148.0
 20
289.3709029090909
 10
147.5
 20
289.67393327272725
 10
147.0
 20
289.9769636363636
 10
146.5
 20
290.279994
 10
146.0
 20
290.58302436363635
 10
145.5
 20
290.8860547272727
 10
145.0
 20
291.1890850909091
 10
144.5
 20
291.49211545454546
 10
144.0
 20
291.7951458181818
 10
143.5
 20
292.0981761818182
 10
143.0
 20
292.40120654545456
 10
142.5
 20
292.7042369090909
 10
142.0
 20
293.0072672727273
 10
141.5
 20
293.31029763636366
 10
141.0
 20
293.613328
 10
140.5
 20
293.9163583636364
 10
140.0
 20
294.2193887272727
 10
139.5
 20
294.52241909090907
 10
139.0
 20
294.82544945454543
 10
138.5
 20
295.1284798181818
 10
138.0
 20
295.43151018181817
 10
137.5
 20
295.73454054545454
 10
137.0
 20
296.0375709090909
 10
136.5
 20
296.34060127272727
 10
136.0
 20
296.64363163636364
 10
135.5
 20
296.946662
 10
135.0
 20
297.24969236363637
 10
134.5
 20
297.55272272727274
 10
134.0
 20
297.8557530909091
 10
133.5
 20
298.15878345454547
 10
133.0
 20
298.46181381818184
 10
132.5
 20
298.76484418181815
 10
132.0
 20
299.0678745454545
 10
131.5
 20
299.3709049090909
 10
131.0
 20
299.67393527272725
 10
130.5
 20
299.9769656363636
 10
130.0
 20
300.279996
 10
129.5
 20
300.58302636363635
 10
129.0
 20
300.8860567272727
 10
128.5
 20
301.1890870909091
 10
128.0
 20
301.49211745454545
 10
127.5
 20
301.7951478181818
 10
127.0
 20
302.0981781818182
 10
126.5
 20
302.40120854545455
 10
126.0
 20
302.7042389090909
 10
125.5
 20
303.0072692727273
 10
125.0
 20
303.31029963636365
 10
124.5
 20
303.61333
 10
124.0
 20
303.9163603636364
 10
123.5
 20
304.21939072727275
 10
123.0
 20
304.5224210909091
 10
122.5
 20
304.8254514545455
 10
122.0
 20
305.1284818181818
 10
121.5
 20
305.43151218181816
 10
121.0
 20
305.73454254545453
 10
120.5
 20
306.0375729090909
 10
120.0
 20
306.34060327272726
 10
119.5
 20
306.64363363636363
 10
119.0
 20
306.946664
 10
118.5
 20
307.24969436363637
 10
118.0
 20
307.55272472727273
 10
117.5
 20
307.8557550909091
 10
117.0
 20
308.15878545454547
 10
116.5
 20
308.46181581818183
 10
116.0
 20
308.7648461818182
 10
115.5
 20
309.06787654545457
 10
115.0
 20
309.37090690909093
 10
114.5
 20
309.6739372727273
 10
114.0
 20
309.9769676363636
 10
113.5
 20
310.279998
 10
113.0
 20
310.58302836363634
 10
112.5
 20
310.8860587272727
 10
112.0
 20
311.1890890909091
 10
111.5
 20
311.49211945454545
 10
111.0
 20
311.7951498181818
 10
110.5
 20
312.0981801818182
 10
110.0
 20
312.40121054545455
 10
109.5
 20
312.7042409090909
 10
109.0
 20
313.0072712727273
 10
108.5
 20
313.31030163636365
 10
108.0
 20
313.613332
 10
107.5
 20
313.9163623636364
 10
107.0
 20
314.21939272727275
 10
106.5
 20
314.5224230909091
 10
106.0
 20
314.8254534545455
 10
105.5
 20
315.12848381818185
 10
105.0
 20
315.43151418181816
 10
104.5
 20
315.7345445454545
 10
104.0
 20
316.0375749090909
 10
103.5
 20
316.34060527272726
 10
103.0
 20
316.6436356363636
 10
102.5
 20
316.946666
 10
102.0
 20
317.24969636363636
 10
101.5
 20
317.5527267272727
 10
101.0
 20
317.8557570909091
 10
100.5
 20
318.15878745454546
 10
100.0
 20
318.4618178181818
 10
99.5
 20
318.7648481818182
 10
99.0
 20
319.06787854545456
 10
98.5
 20
319.37090890909093
 10
98.0
 20
319.6739392727273
 10
97.5
 20
319.97696963636366
 10
97.0
 20
321.0
 10
96.5
 20
321.0
 10
96.0
 20
321.0
 10
95.5
 20
321.0
 10
95.0
 20
321.0
 10
94.5
 20
321.0
 10
94.0
 20
321.0
 10
93.5
 20
321.0
 10
93.0
 20
321.0
 10
92.5
 20
321.0
 10
92.0
 20
321.0
 10
91.5
 20
321.0
 10
91.0
 20
321.0
 10
90.5
 20
321.0
 10
90.0
 20
321.0
 10
89.5
 20
321.0
 10
89.0
 20
321.0
 10
88.5
 20
321.0
 10
88.0
 20
321.0
 10
87.5
 20
321.0
 10
87.0
 20
321.0
 10
86.5
 20
321.0
 10
86.0
 20
321.0
 10
85.5
 20
321.0
 10
85.0
 20
321.0
 10
84.5
 20
321.0
 10
84.0
 20
321.0
 10
83.5
 20
321.0
 10
83.0
 20
321.0
 10
82.5
 20
321.0
 10
82.0
 20
321.0
 10
81.5
 20
321.0
 10
81.0
 20
321.0
 10
80.5
 20
321.0
 10
80.0
 20
321.0
 10
79.5
 20
321.0
 10
79.0
 20
321.0
 10
78.5
 20
321.0
 10
78.0
 20
321.0
 10
77.5
 20
321.0
 10
77.0
 20
321.0
 10
76.5
 20
321.0
 10
76.0
 20
321.0
 10
75.5
 20
321.0
 10
75.0
 20
321.0
 10
74.5
 20
321.0
 10
74.0
 20
321.0
 10
73.5
 20
321.0
 10
73.0
 20
321.0
 10
72.5
 20
321.0
 10
72.0
 20
321.0
 10
71.5
 20
321.0
 10
71.0
 20
321.0
 10
70.5
 20
321.0
 10
70.0
 20
321.0
 10
69.5
 20
321.0
 10
69.0
 20
321.0
 10
68.5
 20
321.0
 10
68.0
 20
321.0
 10
67.5
 20
321.0
 10
67.0
 20
321.0
 10
66.5
 20
321.0
 10
66.0
 20
321.0
 10
65.5
 20
321.0
 10
65.0
 20
321.0
 10
64.5
 20
321.0
 10
64.0
 20
321.0
 10
63.5
 20
321.0
 10
63.0
 20
321.0
 10
62.5
 20
321.0
 10
62.0
 20
321.0
 97
0
 75
1
 76
1
 52
0.0
 41
0.7
 77
0
 78
6
 53
0.0
 43
0.0
 44
0.0
 45
4.445
 46
4.445
 79
2
 49
4.445
 49
-4.445
 53
0.0
 43
0.0
 44
1.666875
 45
4.445
 46
4.445
 79
2
 49
4.445
 49
-4.445
 53
0.0
 43
0.0
 44
3.33375
 45
4.445
 46
4.445
 79
2
 49
4.445
 49
-4.445
 53
90.0
 43
0.555625
 44
3.889375
 45
-4.445
 46
4.445
 79
2
 49
4.445
 49
-4.445
 53
90.0
 43
2.2225
 44
3.889375
 45
-4.445
 46
4.445
 79
2
 49
4.445
 49
-4.445
 53
90.0
 43
3.889375
 44
3.889375
 45
-4.445
 46
4.445
 79
2
 49
4.445
 49
-4.445
 98
0
  0
HATCH
  5
108
330
17
100
AcDbEntity
  8
S-HATCH
 62
7
100
AcDbHatch
 10
0.0
 20
0.0
 30
0.0
210
0.0
220
0.0
230
1.0
  2
ANSI31
 70
0
 71
0
 91
1
 92
3
 72
0
 73
1
 93
677
 10
62.0
 20
334.0
 10
62.5
 20
334.0
 10
63.0
 20
334.0
 10
63.5
 20
334.0
 10
64.0
 20
334.0
 10
64.5
 20
334.0
 10
65.0
 20
334.0
 10
65.5
 20
334.0
 10
66.0
 20
334.0
 10
66.5
 20
334.0
 10
67.0
 20
334.0
 10
67.5
 20
334.0
 10
68.0
 20
334.0
 10
68.5
 20
334.0
 10
69.0
 20
334.0
 10
69.5
 20
334.0
 10
70.0
 20
334.0
 10
70.5
 20
334.0
 10
71.0
 20
334.0
 10
71.5
 20
334.0
 10
72.0
 20
334.0
 10
72.5
 20
334.0
 10
73.0
 20
334.0
 10
73.5
 20
334.0
 10
74.0
 20
334.0
 10
74.5
 20
334.0
 10
75.0
 20
334.0
 10
75.5
 20
334.0
 10
76.0
 20
334.0
 10
76.5
 20
334.0
 10
77.0
 20
334.0
 10
77.5
 20
334.0
 10
78.0
 20
334.0
 10
78.5
 20
334.0
 10
79.0
 20
334.0
 10
79.5
 20
334.0
 10
80.0
 20
334.0
 10
80.5
 20
334.0
 10
81.0
 20
334.0
 10
81.5
 20
334.0
 10
82.0
 20
334.0
 10
82.5
 20
334.0
 10
83.0
 20
334.0
 10
83.5
 20
334.0
 10
84.0
 20
334.0
 10
84.5
 20
334.0
 10
85.0
 20
334.0
 10
85.5
 20
334.0
 10
86.0
 20
334.0
 10
86.5
 20
334.0
 10
87.0
 20
334.0
 10
87.5
 20
334.0
 10
88.0
 20
334.0
 10
88.5
 20
334.0
 10
89.0
 20
334.0
 10
89.5
 20
334.0
 10
90.0
 20
334.0
 10
90.5
 20
334.0
 10
91.0
 20
334.0
 10
91.5
 20
334.0
 10
92.0
 20
334.0
 10
92.5
 20
334.0
 10
93.0
 20
334.0
 10
93.5
 20
334.0
 10
94.0
 20
334.0
 10
94.5
 20
334.0
 10
95.0
 20
334.0
 10
95.5
 20
334.0
 10
96.0
 20
334.0
 10
96.5
 20
334.0
 10
97.0
 20
334.0
 10
97.5
 20
330.666666
 10
97.5
 20
330.666666
 10
98.0
 20
330.666666
 10
98.0
 20
330.666666
 10
98.5
 20
330.666666
 10
98.5
 20
330.666666
 10
99.0
 20
330.666666
 10
99.0
 20
330.666666
 10
99.5
 20
330.666666
 10
99.5
 20
330.666666
 10
100.0
 20
330.666666
 10
100.0
 20
330.666666
 10
100.5
 20
330.666666
 10
100.5
 20
330.666666
 10
101.0
 20
330.666666
 10
101.0
 20
330.666666
 10
101.5
 20
330.666666
 10
101.5
 20
330.666666
 10
102.0
 20
330.666666
 10
102.0
 20
330.666666
 10
102.5
 20
330.666666
 10
102.5
 20
327.333332
 10
103.0
 20
327.333332
 10
103.0
 20
327.333332
 10
103.5
 20
327.333332
 10
103.5
 20
327.333332
 10
104.0
 20
327.333332
 10
104.0
 20
327.333332
 10
104.5
 20
327.333332
 10
104.5
 20
327.333332
 10
105.0
 20
327.333332
 10
105.0
 20
327.333332
 10
105.5
 20
327.333332
 10
105.5
 20
327.333332
 10
106.0
 20
327.333332
 10
106.0
 20
327.333332
 10
106.5
 20
327.333332
 10
106.5
 20
327.333332
 10
107.0
 20
327.333332
 10
107.0
 20
327.333332
 10
107.5
 20
327.333332
 10
107.5
 20
327.333332
 10
108.0
 20
327.333332
 10
108.0
 20
327.333332
 10
108.5
 20
327.333332
 10
108.5
 20
323.999998
 10
109.0
 20
323.999998
 10
109.0
 20
323.999998
 10
109.5
 20
323.999998
 10
109.5
 20
323.999998
 10
110.0
 20
323.999998
 10
110.0
 20
323.999998
 10
110.5
 20
323.999998
 10
110.5
 20
323.999998
 10
111.0
 20
323.999998
 10
111.0
 20
323.999998
 10
111.5
 20
323.999998
 10
111.5
 20
323.999998
 10
112.0
 20
323.999998
 10
112.0
 20
323.999998
 10
112.5
 20
323.999998
 10
112.5
 20
323.999998
 10
113.0
 20
323.999998
 10
113.0
 20
323.999998
 10
113.5
 20
323.999998
 10
113.5
 20
323.999998
 10
114.0
 20
323.999998
 10
114.0
 20
323.999998
 10
114.5
 20
323.999998
 10
114.5
 20
320.666664
 10
115.0
 20
320.666664
 10
115.0
 20
320.666664
 10
115.5
 20
320.666664
 10
115.5
 20
320.666664
 10
116.0
 20
320.666664
 10
116.0
 20
320.666664
 10
116.5
 20
320.666664
 10
116.5
 20
320.666664
 10
117.0
 20
320.666664
 10
117.0
 20
320.666664
 10
117.5
 20
320.666664
 10
117.5
 20
320.666664
 10
118.0
 20
320.666664
 10
118.0
 20
320.666664
 10
118.5
 20
320.666664
 10
118.5
 20
320.666664
 10
119.0
 20
320.666664
 10
119.0
 20
320.666664
 10
119.5
 20
320.666664
 10
119.5
 20
320.666664
 10
120.0
 20
320.666664
 10
120.0
 20
320.666664
 10
120.5
 20
320.666664
 10
120.5
 20
317.33333
 10
121.0
 20
317.33333
 10
121.0
 20
317.33333
 10
121.5
 20
317.33333
 10
121.5
 20
317.33333
 10
122.0
 20
317.33333
 10
122.0
 20
317.33333
 10
122.5
 20
317.33333
 10
122.5
 20
317.33333
 10
123.0
 20
317.33333
 10
123.0
 20
317.33333
 10
123.5
 20
317.33333
 10
123.5
 20
317.33333
 10
124.0
 20
317.33333
 10
124.0
 20
317.33333
 10
124.5
 20
317.33333
 10
124.5
 20
317.33333
 10
125.0
 20
317.33333
 10
125.0
 20
317.33333
 10
125.5
 20
317.33333
 10
125.5
 20
317.33333
 10
126.0
 20
317.33333
 10
126.0
 20
317.33333
 10
126.5
 20
317.33333
 10
126.5
 20
313.999996
 10
127.0
 20
313.999996
 10
127.0
 20
313.999996
 10
127.5
 20
313.999996
 10
127.5
 20
313.999996
 10
128.0
 20
313.999996
 10
128.0
 20
313.999996
 10
128.5
 20
313.999996
 10
128.5
 20
313.999996
 10
129.0
 20
313.999996
 10
129.0
 20
313.999996
 10
129.5
 20
313.999996
 10
129.5
 20
313.999996
 10
130.0
 20
313.999996
 10
130.0
 20
313.999996
 10
130.5
 20
313.999996
 10
130.5
 20
313.999996
 10
131.0
 20
313.999996
 10
131.0
 20
313.999996
 10
131.5
 20
313.999996
 10
131.5
 20
313.999996
 10
132.0
 20
313.999996
 10
132.0
 20
313.999996
 10
132.5
 20
313.999996
 10
132.5
 20
310.666662
 10
133.0
 20
310.666662
 10
133.0
 20
310.666662
 10
133.5
 20
310.666662
 10
133.5
 20
310.666662
 10
134.0
 20
310.666662
 10
134.0
 20
310.666662
 10
134.5
 20
310.666662
 10
134.5
 20
310.666662
 10
135.0
 20
310.666662
 10
135.0
 20
310.666662
 10
135.5
 20
310.666662
 10
135.5
 20
310.666662
 10
136.0
 20
310.666662
 10
136.0
 20
310.666662
 10
136.5
 20
310.666662
 10
136.5
 20
310.666662
 10
137.0
 20
310.666662
 10
137.0
 20
310.666662
 10
137.5
 20
310.666662
 10
137.5
 20
310.666662
 10
138.0
 20
310.666662
 10
138.0
 20
310.666662
 10
138.5
 20
310.666662
 10
138.5
 20
307.333328
 10
139.0
 20
307.333328
 10
139.0
 20
307.333328
 10
139.5
 20
307.333328
 10
139.5
 20
307.333328
 10
140.0
 20
307.333328
 10
140.0
 20
307.333328
 10
140.5
 20
307.333328
 10
140.5
 20
307.333328
 10
141.0
 20
307.333328
 10
141.0
 20
307.333328
 10
141.5
 20
307.333328
 10
141.5
 20
307.333328
 10
142.0
 20
307.333328
 10
142.0
 20
307.333328
 10
142.5
 20
307.333328
 10
142.5
 20
307.333328
 10
143.0
 20
307.333328
 10
143.0
 20
307.333328
 10
143.5
 20
307.333328
 10
143.5
 20
307.333328
 10
144.0
 20
307.333328
 10
144.0
 20
307.333328
 10
144.5
 20
307.333328
 10
144.5
 20
303.999994
 10
145.0
 20
303.999994
 10
145.0
 20
303.999994
 10
145.5
 20
303.999994
 10
145.5
 20
303.999994
 10
146.0
 20
303.999994
 10
146.0
 20
303.999994
 10
146.5
 20
303.999994
 10
146.5
 20
303.999994
 10
147.0
 20
303.999994
 10
147.0
 20
303.999994
 10
147.5
 20
303.999994
 10
147.5
 20
303.999994
 10
148.0
 20
303.999994
 10
148.0
 20
303.999994
 10
148.5
 20
303.999994
 10
148.5
 20
303.999994
 10
149.0
 20
303.999994
 10
149.0
 20
303.999994
 10
149.5
 20
303.999994
 10
149.5
 20
303.999994
 10
150.0
 20
303.999994
 10
150.0
 20
303.999994
 10
150.5
 20
303.999994
 10
150.5
 20
300.66666
 10
151.0
 20
300.66666
 10
151.0
 20
300.66666
 10
151.5
 20
300.66666
 10
151.5
 20
300.66666
 10
152.0
 20
300.66666
 10
152.0
 20
300.66666
 10
152.5
 20
300.66666
 10
152.5
 20
300.66666
 10
153.0
 20
300.66666
 10
153.0
 20
300.66666
 10
153.5
 20
300.66666
 10
153.5
 20
300.66666
 10
154.0
 20
300.66666
 10
154.0
 20
300.66666
 10
154.5
 20
300.66666
 10
154.5
 20
300.66666
 10
155.0
 20
300.66666
 10
155.0
 20
300.66666
 10
155.5
 20
300.66666
 10
155.5
 20
300.66666
 10
156.0
 20
300.66666
 10
156.0
 20
300.66666
 10
156.5
 20
300.66666
 10
156.5
 20
297.333326
 10
157.0
 20
297.333326
 10
157.0
 20
297.333326
 10
157.5
 20
297.333326
 10
157.5
 20
297.333326
 10
158.0
 20
297.333326
 10
158.0
 20
297.333326
 10
158.5
 20
297.333326
 10
158.5
 20
297.333326
 10
159.0
 20
297.333326
 10
159.0
 20
297.333326
 10
159.5
 20
297.333326
 10
159.5
 20
297.333326
 10
160.0
 20
297.333326
 10
160.0
 20
297.333326
 10
160.5
 20
297.333326
 10
160.5
 20
297.333326
 10
161.0
 20
297.333326
 10
161.0
 20
297.333326
 10
161.5
 20
297.333326
 10
161.5
 20
297.333326
 10
162.0
 20
297.333326
 10
162.0
 20
297.333326
 10
162.5
 20
297.333326
 10
162.5
 20
294.0
 10
163.0
 20
294.0
 10
163.5
 20
294.0
 10
164.0
 20
294.0
 10
164.5
 20
294.0
 10
165.0
 20
294.0
 10
165.5
 20
294.0
 10
166.0
 20
294.0
 10
166.5
 20
294.0
 10
167.0
 20
294.0
 10
167.5
 20
294.0
 10
168.0
 20
294.0
 10
168.5
 20
294.0
 10
169.0
 20
294.0
 10
169.5
 20
294.0
 10
170.0
 20
294.0
 10
170.5
 20
294.0
 10
171.0
 20
294.0
 10
171.5
 20
294.0
 10
172.0
 20
294.0
 10
172.5
 20
294.0
 10
173.0
 20
294.0
 10
173.5
 20
294.0
 10
174.0
 20
294.0
 10
174.5
 20
294.0
 10
175.0
 20
294.0
 10
175.5
 20
294.0
 10
176.0
 20
294.0
 10
176.5
 20
294.0
 10
177.0
 20
294.0
 10
177.5
 20
294.0
 10
178.0
 20
294.0
 10
178.5
 20
294.0
 10
179.0
 20
294.0
 10
179.5
 20
294.0
 10
180.0
 20
294.0
 10
180.5
 20
294.0
 10
181.0
 20
294.0
 10
181.5
 20
294.0
 10
182.0
 20
294.0
 10
182.5
 20
294.0
 10
183.0
 20
294.0
 10
183.5
 20
294.0
 10
184.0
 20
294.0
 10
184.5
 20
294.0
 10
185.0
 20
294.0
 10
185.5
 20
294.0
 10
186.0
 20
294.0
 10
186.5
 20
294.0
 10
187.0
 20
294.0
 10
187.5
 20
294.0
 10
188.0
 20
294.0
 10
188.5
 20
294.0
 10
189.0
 20
294.0
 10
189.5
 20
294.0
 10
190.0
 20
294.0
 10
190.5
 20
294.0
 10
191.0
 20
294.0
 10
191.5
 20
294.0
 10
192.0
 20
294.0
 10
192.5
 20
294.0
 10
193.0
 20
294.0
 10
193.5
 20
294.0
 10
194.0
 20
294.0
 10
194.5
 20
294.0
 10
195.0
 20
294.0
 10
195.5
 20
294.0
 10
196.0
 20
294.0
 10
196.5
 20
294.0
 10
197.0
 20
294.0
 10
197.5
 20
294.0
 10
198.0
 20
294.0
 10
198.0
 20
289.0
 10
197.5
 20
289.0
 10
197.0
 20
289.0
 10
196.5
 20
289.0
 10
196.0
 20
289.0
 10
195.5
 20
289.0
 10
195.0
 20
289.0
 10
194.5
 20
289.0
 10
194.0
 20
289.0
 10
193.5
 20
289.0
 10
193.0
 20
289.0
 10
192.5
 20
289.0
 10
192.0
 20
289.0
 10
191.5
 20
289.0
 10
191.0
 20
289.0
 10
190.5
 20
289.0
 10
190.0
 20
289.0
 10
189.5
 20
289.0
 10
189.0
 20
289.0
 10
188.5
 20
289.0
 10
188.0
 20
289.0
 10
187.5
 20
289.0
 10
187.0
 20
289.0
 10
186.5
 20
289.0
 10
186.0
 20
289.0
 10
185.5
 20
289.0
 10
185.0
 20
289.0
 10
184.5
 20
289.0
 10
184.0
 20
289.0
 10
183.5
 20
289.0
 10
183.0
 20
289.0
 10
182.5
 20
289.0
 10
182.0
 20
289.0
 10
181.5
 20
289.0
 10
181.0
 20
289.0
 10
180.5
 20
289.0
 10
180.0
 20
289.0
 10
179.5
 20
289.0
 10
179.0
 20
289.0
 10
178.5
 20
289.0
 10
178.0
 20
289.0
 10
177.5
 20
289.0
 10
177.0
 20
289.0
 10
176.5
 20
289.0
 10
176.0
 20
289.0
 10
175.5
 20
289.0
 10
175.0
 20
289.0
 10
174.5
 20
289.0
 10
174.0
 20
289.0
 10
173.5
 20
289.0
 10
173.0
 20
289.0
 10
172.5
 20
289.0
 10
172.0
 20
289.0
 10
171.5
 20
289.0
 10
171.0
 20
289.0
 10
170.5
 20
289.0
 10
170.0
 20
289.0
 10
169.5
 20
289.0
 10
169.0
 20
289.0
 10
168.5
 20
289.0
 10
168.0
 20
289.0
 10
167.5
 20
289.0
 10
167.0
 20
289.0
 10
166.5
 20
289.0
 10
166.0
 20
289.0
 10
165.5
 20
289.0
 10
165.0
 20
289.0
 10
164.5
 20
289.0
 10
164.0
 20
289.0
 10
163.5
 20
289.0
 10
163.0
 20
289.0
 10
162.5
 20
288.58302236363636
 10
162.0
 20
288.8860527272727
 10
161.5
 20
289.1890830909091
 10
161.0
 20
289.49211345454546
 10
160.5
 20
289.7951438181818
 10
160.0
 20
290.0981741818182
 10
159.5
 20
290.40120454545456
 10
159.0
 20
290.7042349090909
 10
158.5
 20
291.0072652727273
 10
158.0
 20
291.31029563636366
 10
157.5
 20
291.61332600000003
 10
157.0
 20
291.9163563636364
 10
156.5
 20
292.2193867272727
 10
156.0
 20
292.5224170909091
 10
155.5
 20
292.82544745454544
 10
155.0
 20
293.1284778181818
 10
154.5
 20
293.4315081818182
 10
154.0
 20
293.73453854545454
 10
153.5
 20
294.0375689090909
 10
153.0
 20
294.3405992727273
 10
152.5
 20
294.64362963636364
 10
152.0
 20
294.94666
 10
151.5
 20
295.2496903636364
 10
151.0
 20
295.55272072727274
 10
150.5
 20
295.8557510909091
 10
150.0
 20
296.1587814545454
 10
149.5
 20
296.46181181818184
 10
149.0
 20
296.7648421818182
 10
148.5
 20
297.0678725454545
 10
148.0
 20
297.3709029090909
 10
147.5
 20
297.67393327272725
 10
147.0
 20
297.9769636363636
 10
146.5
 20
298.279994
 10
146.0
 20
298.58302436363635
 10
145.5
 20
298.8860547272727
 10
145.0
 20
299.1890850909091
 10
144.5
 20
299.49211545454546
 10
144.0
 20
299.7951458181818
 10
143.5
 20
300.0981761818182
 10
143.0
 20
300.40120654545456
 10
142.5
 20
300.7042369090909
 10
142.0
 20
301.0072672727273
 10
141.5
 20
301.31029763636366
 10
141.0
 20
301.613328
 10
140.5
 20
301.9163583636364
 10
140.0
 20
302.2193887272727
 10
139.5
 20
302.52241909090907
 10
139.0
 20
302.82544945454543
 10
138.5
 20
303.1284798181818
 10
138.0
 20
303.43151018181817
 10
137.5
 20
303.73454054545454
 10
137.0
 20
304.0375709090909
 10
136.5
 20
304.34060127272727
 10
136.0
 20
304.64363163636364
 10
135.5
 20
304.946662
 10
135.0
 20
305.24969236363637
 10
134.5
 20
305.55272272727274
 10
134.0
 20
305.8557530909091
 10
133.5
 20
306.15878345454547
 10
133.0
 20
306.46181381818184
 10
132.5
 20
306.7648441818182
 10
132.0
 20
307.0678745454546
 10
131.5
 20
307.3709049090909
 10
131.0
 20
307.67393527272725
 10
130.5
 20
307.9769656363636
 10
130.0
 20
308.279996
 10
129.5
 20
308.58302636363635
 10
129.0
 20
308.8860567272727
 10
128.5
 20
309.1890870909091
 10
128.0
 20
309.49211745454545
 10
127.5
 20
309.7951478181818
 10
127.0
 20
310.0981781818182
 10
126.5
 20
310.40120854545455
 10
126.0
 20
310.7042389090909
 10
125.5
 20
311.0072692727273
 10
125.0
 20
311.31029963636365
 10
124.5
 20
311.61333
 10
124.0
 20
311.9163603636364
 10
123.5
 20
312.21939072727275
 10
123.0
 20
312.5224210909091
 10
122.5
 20
312.82545145454543
 10
122.0
 20
313.1284818181818
 10
121.5
 20
313.43151218181816
 10
121.0
 20
313.73454254545453
 10
120.5
 20
314.0375729090909
 10
120.0
 20
314.34060327272726
 10
119.5
 20
314.64363363636363
 10
119.0
 20
314.946664
 10
118.5
 20
315.24969436363637
 10
118.0
 20
315.55272472727273
 10
117.5
 20
315.8557550909091
 10
117.0
 20
316.15878545454547
 10
116.5
 20
316.46181581818183
 10
116.0
 20
316.7648461818182
 10
115.5
 20
317.06787654545457
 10
115.0
 20
317.37090690909093
 10
114.5
 20
317.67393727272724
 10
114.0
 20
317.9769676363636
 10
113.5
 20
318.279998
 10
113.0
 20
318.58302836363634
 10
112.5
 20
318.8860587272727
 10
112.0
 20
319.1890890909091
 10
111.5
 20
319.49211945454545
 10
111.0
 20
319.7951498181818
 10
110.5
 20
320.0981801818182
 10
110.0
 20
320.40121054545455
 10
109.5
 20
320.7042409090909
 10
109.0
 20
321.0072712727273
 10
108.5
 20
321.31030163636365
 10
108.0
 20
321.613332
 10
107.5
 20
321.9163623636364
 10
107.0
 20
322.21939272727275
 10
106.5
 20
322.5224230909091
 10
106.0
 20
322.8254534545455
 10
105.5
 20
323.1284838181818
 10
105.0
 20
323.43151418181816
 10
104.5
 20
323.7345445454545
 10
104.0
 20
324.0375749090909
 10
103.5
 20
324.34060527272726
 10
103.0
 20
324.6436356363636
 10
102.5
 20
324.946666
 10
102.0
 20
325.24969636363636
 10
101.5
 20
325.5527267272727
 10
101.0
 20
325.8557570909091
 10
100.5
 20
326.15878745454546
 10
100.0
 20
326.4618178181818
 10
99.5
 20
326.7648481818182
 10
99.0
 20
327.06787854545456
 10
98.5
 20
327.37090890909093
 10
98.0
 20
327.6739392727273
 10
97.5
 20
327.97696963636366
 10
97.0
 20
329.0
 10
96.5
 20
329.0
 10
96.0
 20
329.0
 10
95.5
 20
329.0
 10
95.0
 20
329.0
 10
94.5
 20
329.0
 10
94.0
 20
329.0
 10
93.5
 20
329.0
 10
93.0
 20
329.0
 10
92.5
 20
329.0
 10
92.0
 20
329.0
 10
91.5
 20
329.0
 10
91.0
 20
329.0
 10
90.5
 20
329.0
 10
90.0
 20
329.0
 10
89.5
 20
329.0
 10
89.0
 20
329.0
 10
88.5
 20
329.0
 10
88.0
 20
329.0
 10
87.5
 20
329.0
 10
87.0
 20
329.0
 10
86.5
 20
329.0
 10
86.0
 20
329.0
 10
85.5
 20
329.0
 10
85.0
 20
329.0
 10
84.5
 20
329.0
 10
84.0
 20
329.0
 10
83.5
 20
329.0
 10
83.0
 20
329.0
 10
82.5
 20
329.0
 10
82.0
 20
329.0
 10
81.5
 20
329.0
 10
81.0
 20
329.0
 10
80.5
 20
329.0
 10
80.0
 20
329.0
 10
79.5
 20
329.0
 10
79.0
 20
329.0
 10
78.5
 20
329.0
 10
78.0
 20
329.0
 10
77.5
 20
329.0
 10
77.0
 20
329.0
 10
76.5
 20
329.0
 10
76.0
 20
329.0
 10
75.5
 20
329.0
 10
75.0
 20
329.0
 10
74.5
 20
329.0
 10
74.0
 20
329.0
 10
73.5
 20
329.0
 10
73.0
 20
329.0
 10
72.5
 20
329.0
 10
72.0
 20
329.0
 10
71.5
 20
329.0
 10
71.0
 20
329.0
 10
70.5
 20
329.0
 10
70.0
 20
329.0
 10
69.5
 20
329.0
 10
69.0
 20
329.0
 10
68.5
 20
329.0
 10
68.0
 20
329.0
 10
67.5
 20
329.0
 10
67.0
 20
329.0
 10
66.5
 20
329.0
 10
66.0
 20
329.0
 10
65.5
 20
329.0
 10
65.0
 20
329.0
 10
64.5
 20
329.0
 10
64.0
 20
329.0
 10
63.5
 20
329.0
 10
63.0
 20
329.0
 10
62.5
 20
329.0
 10
62.0
 20
329.0
 97
0
 75
1
 76
1
 52
0.0
 41
0.9
 77
0
 78
1
 53
45.0
 43
0.0
 44
0.0
 45
-2.0205576273
 46
2.0205576273
 79
0
 98
0
  0
LWPOLYLINE
  5
109
330
17
100
AcDbEntity
  8
S-CONCRETE
100
AcDbPolyline
 90
557
 70
1
 10
62.0
 20
334.0
 10
62.5
 20
334.0
 10
63.0
 20
334.0
 10
63.5
 20
334.0
 10
64.0
 20
334.0
 10
64.5
 20
334.0
 10
65.0
 20
334.0
 10
65.5
 20
334.0
 10
66.0
 20
334.0
 10
66.5
 20
334.0
 10
67.0
 20
334.0
 10
67.5
 20
334.0
 10
68.0
 20
334.0
 10
68.5
 20
334.0
 10
69.0
 20
334.0
 10
69.5
 20
334.0
 10
70.0
 20
334.0
 10
70.5
 20
334.0
 10
71.0
 20
334.0
 10
71.5
 20
334.0
 10
72.0
 20
334.0
 10
72.5
 20
334.0
 10
73.0
 20
334.0
 10
73.5
 20
334.0
 10
74.0
 20
334.0
 10
74.5
 20
334.0
 10
75.0
 20
334.0
 10
75.5
 20
334.0
 10
76.0
 20
334.0
 10
76.5
 20
334.0
 10
77.0
 20
334.0
 10
77.5
 20
334.0
 10
78.0
 20
334.0
 10
78.5
 20
334.0
 10
79.0
 20
334.0
 10
79.5
 20
334.0
 10
80.0
 20
334.0
 10
80.5
 20
334.0
 10
81.0
 20
334.0
 10
81.5
 20
334.0
 10
82.0
 20
334.0
 10
82.5
 20
334.0
 10
83.0
 20
334.0
 10
83.5
 20
334.0
 10
84.0
 20
334.0
 10
84.5
 20
334.0
 10
85.0
 20
334.0
 10
85.5
 20
334.0
 10
86.0
 20
334.0
 10
86.5
 20
334.0
 10
87.0
 20
334.0
 10
87.5
 20
334.0
 10
88.0
 20
334.0
 10
88.5
 20
334.0
 10
89.0
 20
334.0
 10
89.5
 20
334.0
 10
90.0
 20
334.0
 10
90.5
 20
334.0
 10
91.0
 20
334.0
 10
91.5
 20
334.0
 10
92.0
 20
334.0
 10
92.5
 20
334.0
 10
93.0
 20
334.0
 10
93.5
 20
334.0
 10
94.0
 20
334.0
 10
94.5
 20
334.0
 10
95.0
 20
334.0
 10
95.5
 20
334.0
 10
96.0
 20
334.0
 10
96.5
 20
334.0
 10
97.0
 20
334.0
 10
97.5
 20
330.666666
 10
98.0
 20
330.666666
 10
98.5
 20
330.666666
 10
99.0
 20
330.666666
 10
99.5
 20
330.666666
 10
100.0
 20
330.666666
 10
100.5
 20
330.666666
 10
101.0
 20
330.666666
 10
101.5
 20
330.666666
 10
102.0
 20
330.666666
 10
102.5
 20
330.666666
 10
102.5
 20
327.333332
 10
103.0
 20
327.333332
 10
103.5
 20
327.333332
 10
104.0
 20
327.333332
 10
104.5
 20
327.333332
 10
105.0
 20
327.333332
 10
105.5
 20
327.333332
 10
106.0
 20
327.333332
 10
106.5
 20
327.333332
 10
107.0
 20
327.333332
 10
107.5
 20
327.333332
 10
108.0
 20
327.333332
 10
108.5
 20
327.333332
 10
108.5
 20
323.999998
 10
109.0
 20
323.999998
 10
109.5
 20
323.999998
 10
110.0
 20
323.999998
 10
110.5
 20
323.999998
 10
111.0
 20
323.999998
 10
111.5
 20
323.999998
 10
112.0
 20
323.999998
 10
112.5
 20
323.999998
 10
113.0
 20
323.999998
 10
113.5
 20
323.999998
 10
114.0
 20
323.999998
 10
114.5
 20
323.999998
 10
114.5
 20
320.666664
 10
115.0
 20
320.666664
 10
115.5
 20
320.666664
 10
116.0
 20
320.666664
 10
116.5
 20
320.666664
 10
117.0
 20
320.666664
 10
117.5
 20
320.666664
 10
118.0
 20
320.666664
 10
118.5
 20
320.666664
 10
119.0
 20
320.666664
 10
119.5
 20
320.666664
 10
120.0
 20
320.666664
 10
120.5
 20
320.666664
 10
120.5
 20
317.33333
 10
121.0
 20
317.33333
 10
121.5
 20
317.33333
 10
122.0
 20
317.33333
 10
122.5
 20
317.33333
 10
123.0
 20
317.33333
 10
123.5
 20
317.33333
 10
124.0
 20
317.33333
 10
124.5
 20
317.33333
 10
125.0
 20
317.33333
 10
125.5
 20
317.33333
 10
126.0
 20
317.33333
 10
126.5
 20
317.33333
 10
126.5
 20
313.999996
 10
127.0
 20
313.999996
 10
127.5
 20
313.999996
 10
128.0
 20
313.999996
 10
128.5
 20
313.999996
 10
129.0
 20
313.999996
 10
129.5
 20
313.999996
 10
130.0
 20
313.999996
 10
130.5
 20
313.999996
 10
131.0
 20
313.999996
 10
131.5
 20
313.999996
 10
132.0
 20
313.999996
 10
132.5
 20
313.999996
 10
132.5
 20
310.666662
 10
133.0
 20
310.666662
 10
133.5
 20
310.666662
 10
134.0
 20
310.666662
 10
134.5
 20
310.666662
 10
135.0
 20
310.666662
 10
135.5
 20
310.666662
 10
136.0
 20
310.666662
 10
136.5
 20
310.666662
 10
137.0
 20
310.666662
 10
137.5
 20
310.666662
 10
138.0
 20
310.666662
 10
138.5
 20
310.666662
 10
138.5
 20
307.333328
 10
139.0
 20
307.333328
 10
139.5
 20
307.333328
 10
140.0
 20
307.333328
 10
140.5
 20
307.333328
 10
141.0
 20
307.333328
 10
141.5
 20
307.333328
 10
142.0
 20
307.333328
 10
142.5
 20
307.333328
 10
143.0
 20
307.333328
 10
143.5
 20
307.333328
 10
144.0
 20
307.333328
 10
144.5
 20
307.333328
 10
144.5
 20
303.999994
 10
145.0
 20
303.999994
 10
145.5
 20
303.999994
 10
146.0
 20
303.999994
 10
146.5
 20
303.999994
 10
147.0
 20
303.999994
 10
147.5
 20
303.999994
 10
148.0
 20
303.999994
 10
148.5
 20
303.999994
 10
149.0
 20
303.999994
 10
149.5
 20
303.999994
 10
150.0
 20
303.999994
 10
150.5
 20
303.999994
 10
150.5
 20
300.66666
 10
151.0
 20
300.66666
 10
151.5
 20
300.66666
 10
152.0
 20
300.66666
 10
152.5
 20
300.66666
 10
153.0
 20
300.66666
 10
153.5
 20
300.66666
 10
154.0
 20
300.66666
 10
154.5
 20
300.66666
 10
155.0
 20
300.66666
 10
155.5
 20
300.66666
 10
156.0
 20
300.66666
 10
156.5
 20
300.66666
 10
156.5
 20
297.333326
 10
157.0
 20
297.333326
 10
157.5
 20
297.333326
 10
158.0
 20
297.333326
 10
158.5
 20
297.333326
 10
159.0
 20
297.333326
 10
159.5
 20
297.333326
 10
160.0
 20
297.333326
 10
160.5
 20
297.333326
 10
161.0
 20
297.333326
 10
161.5
 20
297.333326
 10
162.0
 20
297.333326
 10
162.5
 20
297.333326
 10
162.5
 20
294.0
 10
163.0
 20
294.0
 10
163.5
 20
294.0
 10
164.0
 20
294.0
 10
164.5
 20
294.0
 10
165.0
 20
294.0
 10
165.5
 20
294.0
 10
166.0
 20
294.0
 10
166.5
 20
294.0
 10
167.0
 20
294.0
 10
167.5
 20
294.0
 10
168.0
 20
294.0
 10
168.5
 20
294.0
 10
169.0
 20
294.0
 10
169.5
 20
294.0
 10
170.0
 20
294.0
 10
170.5
 20
294.0
 10
171.0
 20
294.0
 10
171.5
 20
294.0
 10
172.0
 20
294.0
 10
172.5
 20
294.0
 10
173.0
 20
294.0
 10
173.5
 20
294.0
 10
174.0
 20
294.0
 10
174.5
 20
294.0
 10
175.0
 20
294.0
 10
175.5
 20
294.0
 10
176.0
 20
294.0
 10
176.5
 20
294.0
 10
177.0
 20
294.0
 10
177.5
 20
294.0
 10
178.0
 20
294.0
 10
178.5
 20
294.0
 10
179.0
 20
294.0
 10
179.5
 20
294.0
 10
180.0
 20
294.0
 10
180.5
 20
294.0
 10
181.0
 20
294.0
 10
181.5
 20
294.0
 10
182.0
 20
294.0
 10
182.5
 20
294.0
 10
183.0
 20
294.0
 10
183.5
 20
294.0
 10
184.0
 20
294.0
 10
184.5
 20
294.0
 10
185.0
 20
294.0
 10
185.5
 20
294.0
 10
186.0
 20
294.0
 10
186.5
 20
294.0
 10
187.0
 20
294.0
 10
187.5
 20
294.0
 10
188.0
 20
294.0
 10
188.5
 20
294.0
 10
189.0
 20
294.0
 10
189.5
 20
294.0
 10
190.0
 20
294.0
 10
190.5
 20
294.0
 10
191.0
 20
294.0
 10
191.5
 20
294.0
 10
192.0
 20
294.0
 10
192.5
 20
294.0
 10
193.0
 20
294.0
 10
193.5
 20
294.0
 10
194.0
 20
294.0
 10
194.5
 20
294.0
 10
195.0
 20
294.0
 10
195.5
 20
294.0
 10
196.0
 20
294.0
 10
196.5
 20
294.0
 10
197.0
 20
294.0
 10
197.5
 20
294.0
 10
198.0
 20
294.0
 10
198.0
 20
289.0
 10
197.5
 20
289.0
 10
197.0
 20
289.0
 10
196.5
 20
289.0
 10
196.0
 20
289.0
 10
195.5
 20
289.0
 10
195.0
 20
289.0
 10
194.5
 20
289.0
 10
194.0
 20
289.0
 10
193.5
 20
289.0
 10
193.0
 20
289.0
 10
192.5
 20
289.0
 10
192.0
 20
289.0
 10
191.5
 20
289.0
 10
191.0
 20
289.0
 10
190.5
 20
289.0
 10
190.0
 20
289.0
 10
189.5
 20
289.0
 10
189.0
 20
289.0
 10
188.5
 20
289.0
 10
188.0
 20
289.0
 10
187.5
 20
289.0
 10
187.0
 20
289.0
 10
186.5
 20
289.0
 10
186.0
 20
289.0
 10
185.5
 20
289.0
 10
185.0
 20
289.0
 10
184.5
 20
289.0
 10
184.0
 20
289.0
 10
183.5
 20
289.0
 10
183.0
 20
289.0
 10
182.5
 20
289.0
 10
182.0
 20
289.0
 10
181.5
 20
289.0
 10
181.0
 20
289.0
 10
180.5
 20
289.0
 10
180.0
 20
289.0
 10
179.5
 20
289.0
 10
179.0
 20
289.0
 10
178.5
 20
289.0
 10
178.0
 20
289.0
 10
177.5
 20
289.0
 10
177.0
 20
289.0
 10
176.5
 20
289.0
 10
176.0
 20
289.0
 10
175.5
 20
289.0
 10
175.0
 20
289.0
 10
174.5
 20
289.0
 10
174.0
 20
289.0
 10
173.5
 20
289.0
 10
173.0
 20
289.0
 10
172.5
 20
289.0
 10
172.0
 20
289.0
 10
171.5
 20
289.0
 10
171.0
 20
289.0
 10
170.5
 20
289.0
 10
170.0
 20
289.0
 10
169.5
 20
289.0
 10
169.0
 20
289.0
 10
168.5
 20
289.0
 10
168.0
 20
289.0
 10
167.5
 20
289.0
 10
167.0
 20
289.0
 10
166.5
 20
289.0
 10
166.0
 20
289.0
 10
165.5
 20
289.0
 10
165.0
 20
289.0
 10
164.5
 20
289.0
 10
164.0
 20
289.0
 10
163.5
 20
289.0
 10
163.0
 20
289.0
 10
162.5
 20
288.58302236363636
 10
162.0
 20
288.8860527272727
 10
161.5
 20
289.1890830909091
 10
161.0
 20
289.49211345454546
 10
160.5
 20
289.7951438181818
 10
160.0
 20
290.0981741818182
 10
159.5
 20
290.40120454545456
 10
159.0
 20
290.7042349090909
 10
158.5
 20
291.0072652727273
 10
158.0
 20
291.31029563636366
 10
157.5
 20
291.61332600000003
 10
157.0
 20
291.9163563636364
 10
156.5
 20
292.2193867272727
 10
156.0
 20
292.5224170909091
 10
155.5
 20
292.82544745454544
 10
155.0
 20
293.1284778181818
 10
154.5
 20
293.4315081818182
 10
154.0
 20
293.73453854545454
 10
153.5
 20
294.0375689090909
 10
153.0
 20
294.3405992727273
 10
152.5
 20
294.64362963636364
 10
152.0
 20
294.94666
 10
151.5
 20
295.2496903636364
 10
151.0
 20
295.55272072727274
 10
150.5
 20
295.8557510909091
 10
150.0
 20
296.1587814545454
 10
149.5
 20
296.46181181818184
 10
149.0
 20
296.7648421818182
 10
148.5
 20
297.0678725454545
 10
148.0
 20
297.3709029090909
 10
147.5
 20
297.67393327272725
 10
147.0
 20
297.9769636363636
 10
146.5
 20
298.279994
 10
146.0
 20
298.58302436363635
 10
145.5
 20
298.8860547272727
 10
145.0
 20
299.1890850909091
 10
144.5
 20
299.49211545454546
 10
144.0
 20
299.7951458181818
 10
143.5
 20
300.0981761818182
 10
143.0
 20
300.40120654545456
 10
142.5
 20
300.7042369090909
 10
142.0
 20
301.0072672727273
 10
141.5
 20
301.31029763636366
 10
141.0
 20
301.613328
 10
140.5
 20
301.9163583636364
 10
140.0
 20
302.2193887272727
 10
139.5
 20
302.52241909090907
 10
139.0
 20
302.82544945454543
 10
138.5
 20
303.1284798181818
 10
138.0
 20
303.43151018181817
 10
137.5
 20
303.73454054545454
 10
137.0
 20
304.0375709090909
 10
136.5
 20
304.34060127272727
 10
136.0
 20
304.64363163636364
 10
135.5
 20
304.946662
 10
135.0
 20
305.24969236363637
 10
134.5
 20
305.55272272727274
 10
134.0
 20
305.8557530909091
 10
133.5
 20
306.15878345454547
 10
133.0
 20
306.46181381818184
 10
132.5
 20
306.7648441818182
 10
132.0
 20
307.0678745454546
 10
131.5
 20
307.3709049090909
 10
131.0
 20
307.67393527272725
 10
130.5
 20
307.9769656363636
 10
130.0
 20
308.279996
 10
129.5
 20
308.58302636363635
 10
129.0
 20
308.8860567272727
 10
128.5
 20
309.1890870909091
 10
128.0
 20
309.49211745454545
 10
127.5
 20
309.7951478181818
 10
127.0
 20
310.0981781818182
 10
126.5
 20
310.40120854545455
 10
126.0
 20
310.7042389090909
 10
125.5
 20
311.0072692727273
 10
125.0
 20
311.31029963636365
 10
124.5
 20
311.61333
 10
124.0
 20
311.9163603636364
 10
123.5
 20
312.21939072727275
 10
123.0
 20
312.5224210909091
 10
122.5
 20
312.82545145454543
 10
122.0
 20
313.1284818181818
 10
121.5
 20
313.43151218181816
 10
121.0
 20
313.73454254545453
 10
120.5
 20
314.0375729090909
 10
120.0
 20
314.34060327272726
 10
119.5
 20
314.64363363636363
 10
119.0
 20
314.946664
 10
118.5
 20
315.24969436363637
 10
118.0
 20
315.55272472727273
 10
117.5
 20
315.8557550909091
 10
117.0
 20
316.15878545454547
 10
116.5
 20
316.46181581818183
 10
116.0
 20
316.7648461818182
 10
115.5
 20
317.06787654545457
 10
115.0
 20
317.37090690909093
 10
114.5
 20
317.67393727272724
 10
114.0
 20
317.9769676363636
 10
113.5
 20
318.279998
 10
113.0
 20
318.58302836363634
 10
112.5
 20
318.8860587272727
 10
112.0
 20
319.1890890909091
 10
111.5
 20
319.49211945454545
 10
111.0
 20
319.7951498181818
 10
110.5
 20
320.0981801818182
 10
110.0
 20
320.40121054545455
 10
109.5
 20
320.7042409090909
 10
109.0
 20
321.0072712727273
 10
108.5
 20
321.31030163636365
 10
108.0
 20
321.613332
 10
107.5
 20
321.9163623636364
 10
107.0
 20
322.21939272727275
 10
106.5
 20
322.5224230909091
 10
106.0
 20
322.8254534545455
 10
105.5
 20
323.1284838181818
 10
105.0
 20
323.43151418181816
 10
104.5
 20
323.7345445454545
 10
104.0
 20
324.0375749090909
 10
103.5
 20
324.34060527272726
 10
103.0
 20
324.6436356363636
 10
102.5
 20
324.946666
 10
102.0
 20
325.24969636363636
 10
101.5
 20
325.5527267272727
 10
101.0
 20
325.8557570909091
 10
100.5
 20
326.15878745454546
 10
100.0
 20
326.4618178181818
 10
99.5
 20
326.7648481818182
 10
99.0
 20
327.06787854545456
 10
98.5
 20
327.37090890909093
 10
98.0
 20
327.6739392727273
 10
97.5
 20
327.97696963636366
 10
97.0
 20
329.0
 10
96.5
 20
329.0
 10
96.0
 20
329.0
 10
95.5
 20
329.0
 10
95.0
 20
329.0
 10
94.5
 20
329.0
 10
94.0
 20
329.0
 10
93.5
 20
329.0
 10
93.0
 20
329.0
 10
92.5
 20
329.0
 10
92.0
 20
329.0
 10
91.5
 20
329.0
 10
91.0
 20
329.0
 10
90.5
 20
329.0
 10
90.0
 20
329.0
 10
89.5
 20
329.0
 10
89.0
 20
329.0
 10
88.5
 20
329.0
 10
88.0
 20
329.0
 10
87.5
 20
329.0
 10
87.0
 20
329.0
 10
86.5
 20
329.0
 10
86.0
 20
329.0
 10
85.5
 20
329.0
 10
85.0
 20
329.0
 10
84.5
 20
329.0
 10
84.0
 20
329.0
 10
83.5
 20
329.0
 10
83.0
 20
329.0
 10
82.5
 20
329.0
 10
82.0
 20
329.0
 10
81.5
 20
329.0
 10
81.0
 20
329.0
 10
80.5
 20
329.0
 10
80.0
 20
329.0
 10
79.5
 20
329.0
 10
79.0
 20
329.0
 10
78.5
 20
329.0
 10
78.0
 20
329.0
 10
77.5
 20
329.0
 10
77.0
 20
329.0
 10
76.5
 20
329.0
 10
76.0
 20
329.0
 10
75.5
 20
329.0
 10
75.0
 20
329.0
 10
74.5
 20
329.0
 10
74.0
 20
329.0
 10
73.5
 20
329.0
 10
73.0
 20
329.0
 10
72.5
 20
329.0
 10
72.0
 20
329.0
 10
71.5
 20
329.0
 10
71.0
 20
329.0
 10
70.5
 20
329.0
 10
70.0
 20
329.0
 10
69.5
 20
329.0
 10
69.0
 20
329.0
 10
68.5
 20
329.0
 10
68.0
 20
329.0
 10
67.5
 20
329.0
 10
67.0
 20
329.0
 10
66.5
 20
329.0
 10
66.0
 20
329.0
 10
65.5
 20
329.0
 10
65.0
 20
329.0
 10
64.5
 20
329.0
 10
64.0
 20
329.0
 10
63.5
 20
329.0
 10
63.0
 20
329.0
 10
62.5
 20
329.0
 10
62.0
 20
329.0
  0
LWPOLYLINE
  5
10A
330
17
100
AcDbEntity
  8
S-CONCRETE
100
AcDbPolyline
 90
4
 70
1
 10
62.0
 20
334.0
 10
62.0
 20
383.0
 10
67.0
 20
383.0
 10
67.0
 20
334.0
  0
HATCH
  5
10B
330
17
100
AcDbEntity
  8
S-HATCH
 62
7
100
AcDbHatch
 10
0.0
 20
0.0
 30
0.0
210
0.0
220
0.0
230
1.0
  2
ANSI31
 70
0
 71
0
 91
1
 92
3
 72
0
 73
1
 93
4
 10
62.0
 20
334.0
 10
67.0
 20
334.0
 10
67.0
 20
383.0
 10
62.0
 20
383.0
 97
0
 75
1
 76
1
 52
0.0
 41
0.8
 77
0
 78
1
 53
45.0
 43
0.0
 44
0.0
 45
-1.7960512242
 46
1.7960512242
 79
0
 98
0
  0
LWPOLYLINE
  5
10C
330
17
100
AcDbEntity
  8
S-HIDDEN
100
AcDbPolyline
 90
4
 70
1
 10
62.0
 20
376.0
 10
67.0
 20
376.0
 10
67.0
 20
334.0
 10
62.0
 20
334.0
  0
HATCH
  5
10D
330
17
100
AcDbEntity
  8
S-HATCH
 62
7
100
AcDbHatch
 10
0.0
 20
0.0
 30
0.0
210
0.0
220
0.0
230
1.0
  2
ANSI31
 70
0
 71
0
 91
1
 92
3
 72
0
 73
1
 93
546
 10
62.0
 20
378.0
 10
62.5
 20
378.0
 10
63.0
 20
378.0
 10
63.5
 20
378.0
 10
64.0
 20
378.0
 10
64.5
 20
378.0
 10
65.0
 20
378.0
 10
65.5
 20
378.0
 10
66.0
 20
378.0
 10
66.5
 20
378.0
 10
67.0
 20
378.0
 10
67.5
 20
378.0
 10
68.0
 20
378.0
 10
68.5
 20
378.0
 10
69.0
 20
378.0
 10
69.5
 20
378.0
 10
70.0
 20
378.0
 10
70.5
 20
378.0
 10
71.0
 20
378.0
 10
71.5
 20
378.0
 10
72.0
 20
378.0
 10
72.5
 20
378.0
 10
73.0
 20
378.0
 10
73.5
 20
378.0
 10
74.0
 20
378.0
 10
74.5
 20
378.0
 10
75.0
 20
378.0
 10
75.5
 20
378.0
 10
76.0
 20
378.0
 10
76.5
 20
378.0
 10
77.0
 20
378.0
 10
77.5
 20
378.0
 10
78.0
 20
378.0
 10
78.5
 20
378.0
 10
79.0
 20
378.0
 10
79.5
 20
378.0
 10
80.0
 20
378.0
 10
80.5
 20
378.0
 10
81.0
 20
378.0
 10
81.5
 20
378.0
 10
82.0
 20
378.0
 10
82.5
 20
378.0
 10
83.0
 20
378.0
 10
83.5
 20
378.0
 10
84.0
 20
378.0
 10
84.5
 20
378.0
 10
85.0
 20
378.0
 10
85.5
 20
378.0
 10
86.0
 20
378.0
 10
86.5
 20
378.0
 10
87.0
 20
378.0
 10
87.5
 20
378.0
 10
88.0
 20
378.0
 10
88.5
 20
378.0
 10
89.0
 20
378.0
 10
89.5
 20
378.0
 10
90.0
 20
378.0
 10
90.5
 20
378.0
 10
91.0
 20
378.0
 10
91.5
 20
378.0
 10
92.0
 20
378.0
 10
92.5
 20
378.0
 10
93.0
 20
378.0
 10
93.5
 20
378.0
 10
94.0
 20
378.0
 10
94.5
 20
378.0
 10
95.0
 20
378.0
 10
95.5
 20
378.0
 10
96.0
 20
378.0
 10
96.5
 20
378.0
 10
97.0
 20
378.0
 10
97.5
 20
377.6969696969697
 10
98.0
 20
377.3939393939394
 10
98.5
 20
377.0909090909091
 10
99.0
 20
376.7878787878788
 10
99.5
 20
376.4848484848485
 10
100.0
 20
376.1818181818182
 10
100.5
 20
375.8787878787879
 10
101.0
 20
375.57575757575756
 10
101.5
 20
375.27272727272725
 10
102.0
 20
374.969696969697
 10
102.5
 20
374.6666666666667
 10
103.0
 20
374.3636363636364
 10
103.5
 20
374.06060606060606
 10
104.0
 20
373.75757575757575
 10
104.5
 20
373.45454545454544
 10
105.0
 20
373.1515151515151
 10
105.5
 20
372.8484848484849
 10
106.0
 20
372.54545454545456
 10
106.5
 20
372.24242424242425
 10
107.0
 20
371.93939393939394
 10
107.5
 20
371.6363636363636
 10
108.0
 20
371.33333333333337
 10
108.5
 20
371.030303030303
 10
109.0
 20
370.72727272727275
 10
109.5
 20
370.42424242424244
 10
110.0
 20
370.1212121212121
 10
110.5
 20
369.8181818181818
 10
111.0
 20
369.5151515151515
 10
111.5
 20
369.21212121212125
 10
112.0
 20
368.9090909090909
 10
112.5
 20
368.6060606060606
 10
113.0
 20
368.3030303030303
 10
113.5
 20
368.0
 10
114.0
 20
367.6969696969697
 10
114.5
 20
367.3939393939394
 10
115.0
 20
367.0909090909091
 10
115.5
 20
366.7878787878788
 10
116.0
 20
366.4848484848485
 10
116.5
 20
366.1818181818182
 10
117.0
 20
365.8787878787879
 10
117.5
 20
365.57575757575756
 10
118.0
 20
365.27272727272725
 10
118.5
 20
364.969696969697
 10
119.0
 20
364.6666666666667
 10
119.5
 20
364.3636363636364
 10
120.0
 20
364.06060606060606
 10
120.5
 20
363.75757575757575
 10
121.0
 20
363.45454545454544
 10
121.5
 20
363.1515151515151
 10
122.0
 20
362.8484848484849
 10
122.5
 20
362.54545454545456
 10
123.0
 20
362.24242424242425
 10
123.5
 20
361.93939393939394
 10
124.0
 20
361.6363636363636
 10
124.5
 20
361.3333333333333
 10
125.0
 20
361.030303030303
 10
125.5
 20
360.72727272727275
 10
126.0
 20
360.42424242424244
 10
126.5
 20
360.1212121212121
 10
127.0
 20
359.8181818181818
 10
127.5
 20
359.5151515151515
 10
128.0
 20
359.2121212121212
 10
128.5
 20
358.90909090909093
 10
129.0
 20
358.6060606060606
 10
129.5
 20
358.3030303030303
 10
130.0
 20
358.0
 10
130.5
 20
357.6969696969697
 10
131.0
 20
357.3939393939394
 10
131.5
 20
357.0909090909091
 10
132.0
 20
356.7878787878788
 10
132.5
 20
356.4848484848485
 10
133.0
 20
356.1818181818182
 10
133.5
 20
355.8787878787879
 10
134.0
 20
355.57575757575756
 10
134.5
 20
355.27272727272725
 10
135.0
 20
354.969696969697
 10
135.5
 20
354.6666666666667
 10
136.0
 20
354.3636363636364
 10
136.5
 20
354.06060606060606
 10
137.0
 20
353.75757575757575
 10
137.5
 20
353.45454545454544
 10
138.0
 20
353.1515151515151
 10
138.5
 20
352.8484848484849
 10
139.0
 20
352.54545454545456
 10
139.5
 20
352.24242424242425
 10
140.0
 20
351.93939393939394
 10
140.5
 20
351.6363636363636
 10
141.0
 20
351.3333333333333
 10
141.5
 20
351.03030303030306
 10
142.0
 20
350.72727272727275
 10
142.5
 20
350.42424242424244
 10
143.0
 20
350.1212121212121
 10
143.5
 20
349.8181818181818
 10
144.0
 20
349.5151515151515
 10
144.5
 20
349.2121212121212
 10
145.0
 20
348.90909090909093
 10
145.5
 20
348.6060606060606
 10
146.0
 20
348.3030303030303
 10
146.5
 20
348.0
 10
147.0
 20
347.6969696969697
 10
147.5
 20
347.3939393939394
 10
148.0
 20
347.0909090909091
 10
148.5
 20
346.7878787878788
 10
149.0
 20
346.4848484848485
 10
149.5
 20
346.1818181818182
 10
150.0
 20
345.8787878787879
 10
150.5
 20
345.57575757575756
 10
151.0
 20
345.27272727272725
 10
151.5
 20
344.969696969697
 10
152.0
 20
344.6666666666667
 10
152.5
 20
344.3636363636364
 10
153.0
 20
344.06060606060606
 10
153.5
 20
343.75757575757575
 10
154.0
 20
343.45454545454544
 10
154.5
 20
343.1515151515151
 10
155.0
 20
342.8484848484849
 10
155.5
 20
342.54545454545456
 10
156.0
 20
342.24242424242425
 10
156.5
 20
341.93939393939394
 10
157.0
 20
341.6363636363636
 10
157.5
 20
341.3333333333333
 10
158.0
 20
341.03030303030306
 10
158.5
 20
340.72727272727275
 10
159.0
 20
340.42424242424244
 10
159.5
 20
340.1212121212121
 10
160.0
 20
339.8181818181818
 10
160.5
 20
339.5151515151515
 10
161.0
 20
339.2121212121212
 10
161.5
 20
338.90909090909093
 10
162.0
 20
338.6060606060606
 10
162.5
 20
338.3030303030303
 10
163.0
 20
338.0
 10
163.5
 20
338.0
 10
164.0
 20
338.0
 10
164.5
 20
338.0
 10
165.0
 20
338.0
 10
165.5
 20
338.0
 10
166.0
 20
338.0
 10
166.5
 20
338.0
 10
167.0
 20
338.0
 10
167.5
 20
338.0
 10
168.0
 20
338.0
 10
168.5
 20
338.0
 10
169.0
 20
338.0
 10
169.5
 20
338.0
 10
170.0
 20
338.0
 10
170.5
 20
338.0
 10
171.0
 20
338.0
 10
171.5
 20
338.0
 10
172.0
 20
338.0
 10
172.5
 20
338.0
 10
173.0
 20
338.0
 10
173.5
 20
338.0
 10
174.0
 20
338.0
 10
174.5
 20
338.0
 10
175.0
 20
338.0
 10
175.5
 20
338.0
 10
176.0
 20
338.0
 10
176.5
 20
338.0
 10
177.0
 20
338.0
 10
177.5
 20
338.0
 10
178.0
 20
338.0
 10
178.5
 20
338.0
 10
179.0
 20
338.0
 10
179.5
 20
338.0
 10
180.0
 20
338.0
 10
180.5
 20
338.0
 10
181.0
 20
338.0
 10
181.5
 20
338.0
 10
182.0
 20
338.0
 10
182.5
 20
338.0
 10
183.0
 20
338.0
 10
183.5
 20
338.0
 10
184.0
 20
338.0
 10
184.5
 20
338.0
 10
185.0
 20
338.0
 10
185.5
 20
338.0
 10
186.0
 20
338.0
 10
186.5
 20
338.0
 10
187.0
 20
338.0
 10
187.5
 20
338.0
 10
188.0
 20
338.0
 10
188.5
 20
338.0
 10
189.0
 20
338.0
 10
189.5
 20
338.0
 10
190.0
 20
338.0
 10
190.5
 20
338.0
 10
191.0
 20
338.0
 10
191.5
 20
338.0
 10
192.0
 20
338.0
 10
192.5
 20
338.0
 10
193.0
 20
338.0
 10
193.5
 20
338.0
 10
194.0
 20
338.0
 10
194.5
 20
338.0
 10
195.0
 20
338.0
 10
195.5
 20
338.0
 10
196.0
 20
338.0
 10
196.5
 20
338.0
 10
197.0
 20
338.0
 10
197.5
 20
338.0
 10
198.0
 20
338.0
 10
198.0
 20
343.0
 10
197.5
 20
343.0
 10
197.0
 20
343.0
 10
196.5
 20
343.0
 10
196.0
 20
343.0
 10
195.5
 20
343.0
 10
195.0
 20
343.0
 10
194.5
 20
343.0
 10
194.0
 20
343.0
 10
193.5
 20
343.0
 10
193.0
 20
343.0
 10
192.5
 20
343.0
 10
192.0
 20
343.0
 10
191.5
 20
343.0
 10
191.0
 20
343.0
 10
190.5
 20
343.0
 10
190.0
 20
343.0
 10
189.5
 20
343.0
 10
189.0
 20
343.0
 10
188.5
 20
343.0
 10
188.0
 20
343.0
 10
187.5
 20
343.0
 10
187.0
 20
343.0
 10
186.5
 20
343.0
 10
186.0
 20
343.0
 10
185.5
 20
343.0
 10
185.0
 20
343.0
 10
184.5
 20
343.0
 10
184.0
 20
343.0
 10
183.5
 20
343.0
 10
183.0
 20
343.0
 10
182.5
 20
343.0
 10
182.0
 20
343.0
 10
181.5
 20
343.0
 10
181.0
 20
343.0
 10
180.5
 20
343.0
 10
180.0
 20
343.0
 10
179.5
 20
343.0
 10
179.0
 20
343.0
 10
178.5
 20
343.0
 10
178.0
 20
343.0
 10
177.5
 20
343.0
 10
177.0
 20
343.0
 10
176.5
 20
343.0
 10
176.0
 20
343.0
 10
175.5
 20
343.0
 10
175.0
 20
343.0
 10
174.5
 20
343.0
 10
174.0
 20
343.0
 10
173.5
 20
343.0
 10
173.0
 20
343.0
 10
172.5
 20
343.0
 10
172.0
 20
343.0
 10
171.5
 20
343.0
 10
171.0
 20
343.0
 10
170.5
 20
343.0
 10
170.0
 20
343.0
 10
169.5
 20
343.0
 10
169.0
 20
343.0
 10
168.5
 20
343.0
 10
168.0
 20
343.0
 10
167.5
 20
343.0
 10
167.0
 20
343.0
 10
166.5
 20
343.0
 10
166.0
 20
343.0
 10
165.5
 20
343.0
 10
165.0
 20
343.0
 10
164.5
 20
343.0
 10
164.0
 20
343.0
 10
163.5
 20
343.0
 10
163.0
 20
343.0
 10
162.5
 20
343.3030303030303
 10
162.0
 20
343.6060606060606
 10
161.5
 20
343.90909090909093
 10
161.0
 20
344.2121212121212
 10
160.5
 20
344.5151515151515
 10
160.0
 20
344.8181818181818
 10
159.5
 20
345.1212121212121
 10
159.0
 20
345.42424242424244
 10
158.5
 20
345.72727272727275
 10
158.0
 20
346.03030303030306
 10
157.5
 20
346.3333333333333
 10
157.0
 20
346.6363636363636
 10
156.5
 20
346.93939393939394
 10
156.0
 20
347.24242424242425
 10
155.5
 20
347.54545454545456
 10
155.0
 20
347.8484848484849
 10
154.5
 20
348.1515151515151
 10
154.0
 20
348.45454545454544
 10
153.5
 20
348.75757575757575
 10
153.0
 20
349.06060606060606
 10
152.5
 20
349.3636363636364
 10
152.0
 20
349.6666666666667
 10
151.5
 20
349.969696969697
 10
151.0
 20
350.27272727272725
 10
150.5
 20
350.57575757575756
 10
150.0
 20
350.8787878787879
 10
149.5
 20
351.1818181818182
 10
149.0
 20
351.4848484848485
 10
148.5
 20
351.7878787878788
 10
148.0
 20
352.0909090909091
 10
147.5
 20
352.3939393939394
 10
147.0
 20
352.6969696969697
 10
146.5
 20
353.0
 10
146.0
 20
353.3030303030303
 10
145.5
 20
353.6060606060606
 10
145.0
 20
353.90909090909093
 10
144.5
 20
354.2121212121212
 10
144.0
 20
354.5151515151515
 10
143.5
 20
354.8181818181818
 10
143.0
 20
355.1212121212121
 10
142.5
 20
355.42424242424244
 10
142.0
 20
355.72727272727275
 10
141.5
 20
356.03030303030306
 10
141.0
 20
356.3333333333333
 10
140.5
 20
356.6363636363636
 10
140.0
 20
356.93939393939394
 10
139.5
 20
357.24242424242425
 10
139.0
 20
357.54545454545456
 10
138.5
 20
357.8484848484849
 10
138.0
 20
358.1515151515151
 10
137.5
 20
358.45454545454544
 10
137.0
 20
358.75757575757575
 10
136.5
 20
359.06060606060606
 10
136.0
 20
359.3636363636364
 10
135.5
 20
359.6666666666667
 10
135.0
 20
359.969696969697
 10
134.5
 20
360.27272727272725
 10
134.0
 20
360.57575757575756
 10
133.5
 20
360.8787878787879
 10
133.0
 20
361.1818181818182
 10
132.5
 20
361.4848484848485
 10
132.0
 20
361.7878787878788
 10
131.5
 20
362.0909090909091
 10
131.0
 20
362.3939393939394
 10
130.5
 20
362.6969696969697
 10
130.0
 20
363.0
 10
129.5
 20
363.3030303030303
 10
129.0
 20
363.6060606060606
 10
128.5
 20
363.90909090909093
 10
128.0
 20
364.2121212121212
 10
127.5
 20
364.5151515151515
 10
127.0
 20
364.8181818181818
 10
126.5
 20
365.1212121212121
 10
126.0
 20
365.42424242424244
 10
125.5
 20
365.72727272727275
 10
125.0
 20
366.030303030303
 10
124.5
 20
366.3333333333333
 10
124.0
 20
366.6363636363636
 10
123.5
 20
366.93939393939394
 10
123.0
 20
367.24242424242425
 10
122.5
 20
367.54545454545456
 10
122.0
 20
367.8484848484849
 10
121.5
 20
368.1515151515151
 10
121.0
 20
368.45454545454544
 10
120.5
 20
368.75757575757575
 10
120.0
 20
369.06060606060606
 10
119.5
 20
369.3636363636364
 10
119.0
 20
369.6666666666667
 10
118.5
 20
369.969696969697
 10
118.0
 20
370.27272727272725
 10
117.5
 20
370.57575757575756
 10
117.0
 20
370.8787878787879
 10
116.5
 20
371.1818181818182
 10
116.0
 20
371.4848484848485
 10
115.5
 20
371.7878787878788
 10
115.0
 20
372.0909090909091
 10
114.5
 20
372.3939393939394
 10
114.0
 20
372.6969696969697
 10
113.5
 20
373.0
 10
113.0
 20
373.3030303030303
 10
112.5
 20
373.6060606060606
 10
112.0
 20
373.9090909090909
 10
111.5
 20
374.21212121212125
 10
111.0
 20
374.5151515151515
 10
110.5
 20
374.8181818181818
 10
110.0
 20
375.1212121212121
 10
109.5
 20
375.42424242424244
 10
109.0
 20
375.72727272727275
 10
108.5
 20
376.030303030303
 10
108.0
 20
376.3333333333333
 10
107.5
 20
376.6363636363636
 10
107.0
 20
376.93939393939394
 10
106.5
 20
377.24242424242425
 10
106.0
 20
377.54545454545456
 10
105.5
 20
377.8484848484849
 10
105.0
 20
378.1515151515151
 10
104.5
 20
378.45454545454544
 10
104.0
 20
378.75757575757575
 10
103.5
 20
379.06060606060606
 10
103.0
 20
379.3636363636364
 10
102.5
 20
379.6666666666667
 10
102.0
 20
379.969696969697
 10
101.5
 20
380.27272727272725
 10
101.0
 20
380.57575757575756
 10
100.5
 20
380.8787878787879
 10
100.0
 20
381.1818181818182
 10
99.5
 20
381.4848484848485
 10
99.0
 20
381.7878787878788
 10
98.5
 20
382.0909090909091
 10
98.0
 20
382.3939393939394
 10
97.5
 20
382.6969696969697
 10
97.0
 20
383.0
 10
96.5
 20
383.0
 10
96.0
 20
383.0
 10
95.5
 20
383.0
 10
95.0
 20
383.0
 10
94.5
 20
383.0
 10
94.0
 20
383.0
 10
93.5
 20
383.0
 10
93.0
 20
383.0
 10
92.5
 20
383.0
 10
92.0
 20
383.0
 10
91.5
 20
383.0
 10
91.0
 20
383.0
 10
90.5
 20
383.0
 10
90.0
 20
383.0
 10
89.5
 20
383.0
 10
89.0
 20
383.0
 10
88.5
 20
383.0
 10
88.0
 20
383.0
 10
87.5
 20
383.0
 10
87.0
 20
383.0
 10
86.5
 20
383.0
 10
86.0
 20
383.0
 10
85.5
 20
383.0
 10
85.0
 20
383.0
 10
84.5
 20
383.0
 10
84.0
 20
383.0
 10
83.5
 20
383.0
 10
83.0
 20
383.0
 10
82.5
 20
383.0
 10
82.0
 20
383.0
 10
81.5
 20
383.0
 10
81.0
 20
383.0
 10
80.5
 20
383.0
 10
80.0
 20
383.0
 10
79.5
 20
383.0
 10
79.0
 20
383.0
 10
78.5
 20
383.0
 10
78.0
 20
383.0
 10
77.5
 20
383.0
 10
77.0
 20
383.0
 10
76.5
 20
383.0
 10
76.0
 20
383.0
 10
75.5
 20
383.0
 10
75.0
 20
383.0
 10
74.5
 20
383.0
 10
74.0
 20
383.0
 10
73.5
 20
383.0
 10
73.0
 20
383.0
 10
72.5
 20
383.0
 10
72.0
 20
383.0
 10
71.5
 20
383.0
 10
71.0
 20
383.0
 10
70.5
 20
383.0
 10
70.0
 20
383.0
 10
69.5
 20
383.0
 10
69.0
 20
383.0
 10
68.5
 20
383.0
 10
68.0
 20
383.0
 10
67.5
 20
383.0
 10
67.0
 20
383.0
 10
66.5
 20
383.0
 10
66.0
 20
383.0
 10
65.5
 20
383.0
 10
65.0
 20
383.0
 10
64.5
 20
383.0
 10
64.0
 20
383.0
 10
63.5
 20
383.0
 10
63.0
 20
383.0
 10
62.5
 20
383.0
 10
62.0
 20
383.0
 97
0
 75
1
 76
1
 52
0.0
 41
0.9
 77
0
 78
1
 53
45.0
 43
0.0
 44
0.0
 45
-2.0205576273
 46
2.0205576273
 79
0
 98
0
  0
LWPOLYLINE
  5
10E
330
17
100
AcDbEntity
  8
S-CONCRETE
100
AcDbPolyline
 90
546
 70
1
 10
62.0
 20
378.0
 10
62.5
 20
378.0
 10
63.0
 20
378.0
 10
63.5
 20
378.0
 10
64.0
 20
378.0
 10
64.5
 20
378.0
 10
65.0
 20
378.0
 10
65.5
 20
378.0
 10
66.0
 20
378.0
 10
66.5
 20
378.0
 10
67.0
 20
378.0
 10
67.5
 20
378.0
 10
68.0
 20
378.0
 10
68.5
 20
378.0
 10
69.0
 20
378.0
 10
69.5
 20
378.0
 10
70.0
 20
378.0
 10
70.5
 20
378.0
 10
71.0
 20
378.0
 10
71.5
 20
378.0
 10
72.0
 20
378.0
 10
72.5
 20
378.0
 10
73.0
 20
378.0
 10
73.5
 20
378.0
 10
74.0
 20
378.0
 10
74.5
 20
378.0
 10
75.0
 20
378.0
 10
75.5
 20
378.0
 10
76.0
 20
378.0
 10
76.5
 20
378.0
 10
77.0
 20
378.0
 10
77.5
 20
378.0
 10
78.0
 20
378.0
 10
78.5
 20
378.0
 10
79.0
 20
378.0
 10
79.5
 20
378.0
 10
80.0
 20
378.0
 10
80.5
 20
378.0
 10
81.0
 20
378.0
 10
81.5
 20
378.0
 10
82.0
 20
378.0
 10
82.5
 20
378.0
 10
83.0
 20
378.0
 10
83.5
 20
378.0
 10
84.0
 20
378.0
 10
84.5
 20
378.0
 10
85.0
 20
378.0
 10
85.5
 20
378.0
 10
86.0
 20
378.0
 10
86.5
 20
378.0
 10
87.0
 20
378.0
 10
87.5
 20
378.0
 10
88.0
 20
378.0
 10
88.5
 20
378.0
 10
89.0
 20
378.0
 10
89.5
 20
378.0
 10
90.0
 20
378.0
 10
90.5
 20
378.0
 10
91.0
 20
378.0
 10
91.5
 20
378.0
 10
92.0
 20
378.0
 10
92.5
 20
378.0
 10
93.0
 20
378.0
 10
93.5
 20
378.0
 10
94.0
 20
378.0
 10
94.5
 20
378.0
 10
95.0
 20
378.0
 10
95.5
 20
378.0
 10
96.0
 20
378.0
 10
96.5
 20
378.0
 10
97.0
 20
378.0
 10
97.5
 20
377.6969696969697
 10
98.0
 20
377.3939393939394
 10
98.5
 20
377.0909090909091
 10
99.0
 20
376.7878787878788
 10
99.5
 20
376.4848484848485
 10
100.0
 20
376.1818181818182
 10
100.5
 20
375.8787878787879
 10
101.0
 20
375.57575757575756
 10
101.5
 20
375.27272727272725
 10
102.0
 20
374.969696969697
 10
102.5
 20
374.6666666666667
 10
103.0
 20
374.3636363636364
 10
103.5
 20
374.06060606060606
 10
104.0
 20
373.75757575757575
 10
104.5
 20
373.45454545454544
 10
105.0
 20
373.1515151515151
 10
105.5
 20
372.8484848484849
 10
106.0
 20
372.54545454545456
 10
106.5
 20
372.24242424242425
 10
107.0
 20
371.93939393939394
 10
107.5
 20
371.6363636363636
 10
108.0
 20
371.33333333333337
 10
108.5
 20
371.030303030303
 10
109.0
 20
370.72727272727275
 10
109.5
 20
370.42424242424244
 10
110.0
 20
370.1212121212121
 10
110.5
 20
369.8181818181818
 10
111.0
 20
369.5151515151515
 10
111.5
 20
369.21212121212125
 10
112.0
 20
368.9090909090909
 10
112.5
 20
368.6060606060606
 10
113.0
 20
368.3030303030303
 10
113.5
 20
368.0
 10
114.0
 20
367.6969696969697
 10
114.5
 20
367.3939393939394
 10
115.0
 20
367.0909090909091
 10
115.5
 20
366.7878787878788
 10
116.0
 20
366.4848484848485
 10
116.5
 20
366.1818181818182
 10
117.0
 20
365.8787878787879
 10
117.5
 20
365.57575757575756
 10
118.0
 20
365.27272727272725
 10
118.5
 20
364.969696969697
 10
119.0
 20
364.6666666666667
 10
119.5
 20
364.3636363636364
 10
120.0
 20
364.06060606060606
 10
120.5
 20
363.75757575757575
 10
121.0
 20
363.45454545454544
 10
121.5
 20
363.1515151515151
 10
122.0
 20
362.8484848484849
 10
122.5
 20
362.54545454545456
 10
123.0
 20
362.24242424242425
 10
123.5
 20
361.93939393939394
 10
124.0
 20
361.6363636363636
 10
124.5
 20
361.3333333333333
 10
125.0
 20
361.030303030303
 10
125.5
 20
360.72727272727275
 10
126.0
 20
360.42424242424244
 10
126.5
 20
360.1212121212121
 10
127.0
 20
359.8181818181818
 10
127.5
 20
359.5151515151515
 10
128.0
 20
359.2121212121212
 10
128.5
 20
358.90909090909093
 10
129.0
 20
358.6060606060606
 10
129.5
 20
358.3030303030303
 10
130.0
 20
358.0
 10
130.5
 20
357.6969696969697
 10
131.0
 20
357.3939393939394
 10
131.5
 20
357.0909090909091
 10
132.0
 20
356.7878787878788
 10
132.5
 20
356.4848484848485
 10
133.0
 20
356.1818181818182
 10
133.5
 20
355.8787878787879
 10
134.0
 20
355.57575757575756
 10
134.5
 20
355.27272727272725
 10
135.0
 20
354.969696969697
 10
135.5
 20
354.6666666666667
 10
136.0
 20
354.3636363636364
 10
136.5
 20
354.06060606060606
 10
137.0
 20
353.75757575757575
 10
137.5
 20
353.45454545454544
 10
138.0
 20
353.1515151515151
 10
138.5
 20
352.8484848484849
 10
139.0
 20
352.54545454545456
 10
139.5
 20
352.24242424242425
 10
140.0
 20
351.93939393939394
 10
140.5
 20
351.6363636363636
 10
141.0
 20
351.3333333333333
 10
141.5
 20
351.03030303030306
 10
142.0
 20
350.72727272727275
 10
142.5
 20
350.42424242424244
 10
143.0
 20
350.1212121212121
 10
143.5
 20
349.8181818181818
 10
144.0
 20
349.5151515151515
 10
144.5
 20
349.2121212121212
 10
145.0
 20
348.90909090909093
 10
145.5
 20
348.6060606060606
 10
146.0
 20
348.3030303030303
 10
146.5
 20
348.0
 10
147.0
 20
347.6969696969697
 10
147.5
 20
347.3939393939394
 10
148.0
 20
347.0909090909091
 10
148.5
 20
346.7878787878788
 10
149.0
 20
346.4848484848485
 10
149.5
 20
346.1818181818182
 10
150.0
 20
345.8787878787879
 10
150.5
 20
345.57575757575756
 10
151.0
 20
345.27272727272725
 10
151.5
 20
344.969696969697
 10
152.0
 20
344.6666666666667
 10
152.5
 20
344.3636363636364
 10
153.0
 20
344.06060606060606
 10
153.5
 20
343.75757575757575
 10
154.0
 20
343.45454545454544
 10
154.5
 20
343.1515151515151
 10
155.0
 20
342.8484848484849
 10
155.5
 20
342.54545454545456
 10
156.0
 20
342.24242424242425
 10
156.5
 20
341.93939393939394
 10
157.0
 20
341.6363636363636
 10
157.5
 20
341.3333333333333
 10
158.0
 20
341.03030303030306
 10
158.5
 20
340.72727272727275
 10
159.0
 20
340.42424242424244
 10
159.5
 20
340.1212121212121
 10
160.0
 20
339.8181818181818
 10
160.5
 20
339.5151515151515
 10
161.0
 20
339.2121212121212
 10
161.5
 20
338.90909090909093
 10
162.0
 20
338.6060606060606
 10
162.5
 20
338.3030303030303
 10
163.0
 20
338.0
 10
163.5
 20
338.0
 10
164.0
 20
338.0
 10
164.5
 20
338.0
 10
165.0
 20
338.0
 10
165.5
 20
338.0
 10
166.0
 20
338.0
 10
166.5
 20
338.0
 10
167.0
 20
338.0
 10
167.5
 20
338.0
 10
168.0
 20
338.0
 10
168.5
 20
338.0
 10
169.0
 20
338.0
 10
169.5
 20
338.0
 10
170.0
 20
338.0
 10
170.5
 20
338.0
 10
171.0
 20
338.0
 10
171.5
 20
338.0
 10
172.0
 20
338.0
 10
172.5
 20
338.0
 10
173.0
 20
338.0
 10
173.5
 20
338.0
 10
174.0
 20
338.0
 10
174.5
 20
338.0
 10
175.0
 20
338.0
 10
175.5
 20
338.0
 10
176.0
 20
338.0
 10
176.5
 20
338.0
 10
177.0
 20
338.0
 10
177.5
 20
338.0
 10
178.0
 20
338.0
 10
178.5
 20
338.0
 10
179.0
 20
338.0
 10
179.5
 20
338.0
 10
180.0
 20
338.0
 10
180.5
 20
338.0
 10
181.0
 20
338.0
 10
181.5
 20
338.0
 10
182.0
 20
338.0
 10
182.5
 20
338.0
 10
183.0
 20
338.0
 10
183.5
 20
338.0
 10
184.0
 20
338.0
 10
184.5
 20
338.0
 10
185.0
 20
338.0
 10
185.5
 20
338.0
 10
186.0
 20
338.0
 10
186.5
 20
338.0
 10
187.0
 20
338.0
 10
187.5
 20
338.0
 10
188.0
 20
338.0
 10
188.5
 20
338.0
 10
189.0
 20
338.0
 10
189.5
 20
338.0
 10
190.0
 20
338.0
 10
190.5
 20
338.0
 10
191.0
 20
338.0
 10
191.5
 20
338.0
 10
192.0
 20
338.0
 10
192.5
 20
338.0
 10
193.0
 20
338.0
 10
193.5
 20
338.0
 10
194.0
 20
338.0
 10
194.5
 20
338.0
 10
195.0
 20
338.0
 10
195.5
 20
338.0
 10
196.0
 20
338.0
 10
196.5
 20
338.0
 10
197.0
 20
338.0
 10
197.5
 20
338.0
 10
198.0
 20
338.0
 10
198.0
 20
343.0
 10
197.5
 20
343.0
 10
197.0
 20
343.0
 10
196.5
 20
343.0
 10
196.0
 20
343.0
 10
195.5
 20
343.0
 10
195.0
 20
343.0
 10
194.5
 20
343.0
 10
194.0
 20
343.0
 10
193.5
 20
343.0
 10
193.0
 20
343.0
 10
192.5
 20
343.0
 10
192.0
 20
343.0
 10
191.5
 20
343.0
 10
191.0
 20
343.0
 10
190.5
 20
343.0
 10
190.0
 20
343.0
 10
189.5
 20
343.0
 10
189.0
 20
343.0
 10
188.5
 20
343.0
 10
188.0
 20
343.0
 10
187.5
 20
343.0
 10
187.0
 20
343.0
 10
186.5
 20
343.0
 10
186.0
 20
343.0
 10
185.5
 20
343.0
 10
185.0
 20
343.0
 10
184.5
 20
343.0
 10
184.0
 20
343.0
 10
183.5
 20
343.0
 10
183.0
 20
343.0
 10
182.5
 20
343.0
 10
182.0
 20
343.0
 10
181.5
 20
343.0
 10
181.0
 20
343.0
 10
180.5
 20
343.0
 10
180.0
 20
343.0
 10
179.5
 20
343.0
 10
179.0
 20
343.0
 10
178.5
 20
343.0
 10
178.0
 20
343.0
 10
177.5
 20
343.0
 10
177.0
 20
343.0
 10
176.5
 20
343.0
 10
176.0
 20
343.0
 10
175.5
 20
343.0
 10
175.0
 20
343.0
 10
174.5
 20
343.0
 10
174.0
 20
343.0
 10
173.5
 20
343.0
 10
173.0
 20
343.0
 10
172.5
 20
343.0
 10
172.0
 20
343.0
 10
171.5
 20
343.0
 10
171.0
 20
343.0
 10
170.5
 20
343.0
 10
170.0
 20
343.0
 10
169.5
 20
343.0
 10
169.0
 20
343.0
 10
168.5
 20
343.0
 10
168.0
 20
343.0
 10
167.5
 20
343.0
 10
167.0
 20
343.0
 10
166.5
 20
343.0
 10
166.0
 20
343.0
 10
165.5
 20
343.0
 10
165.0
 20
343.0
 10
164.5
 20
343.0
 10
164.0
 20
343.0
 10
163.5
 20
343.0
 10
163.0
 20
343.0
 10
162.5
 20
343.3030303030303
 10
162.0
 20
343.6060606060606
 10
161.5
 20
343.90909090909093
 10
161.0
 20
344.2121212121212
 10
160.5
 20
344.5151515151515
 10
160.0
 20
344.8181818181818
 10
159.5
 20
345.1212121212121
 10
159.0
 20
345.42424242424244
 10
158.5
 20
345.72727272727275
 10
158.0
 20
346.03030303030306
 10
157.5
 20
346.3333333333333
 10
157.0
 20
346.6363636363636
 10
156.5
 20
346.93939393939394
 10
156.0
 20
347.24242424242425
 10
155.5
 20
347.54545454545456
 10
155.0
 20
347.8484848484849
 10
154.5
 20
348.1515151515151
 10
154.0
 20
348.45454545454544
 10
153.5
 20
348.75757575757575
 10
153.0
 20
349.06060606060606
 10
152.5
 20
349.3636363636364
 10
152.0
 20
349.6666666666667
 10
151.5
 20
349.969696969697
 10
151.0
 20
350.27272727272725
 10
150.5
 20
350.57575757575756
 10
150.0
 20
350.8787878787879
 10
149.5
 20
351.1818181818182
 10
149.0
 20
351.4848484848485
 10
148.5
 20
351.7878787878788
 10
148.0
 20
352.0909090909091
 10
147.5
 20
352.3939393939394
 10
147.0
 20
352.6969696969697
 10
146.5
 20
353.0
 10
146.0
 20
353.3030303030303
 10
145.5
 20
353.6060606060606
 10
145.0
 20
353.90909090909093
 10
144.5
 20
354.2121212121212
 10
144.0
 20
354.5151515151515
 10
143.5
 20
354.8181818181818
 10
143.0
 20
355.1212121212121
 10
142.5
 20
355.42424242424244
 10
142.0
 20
355.72727272727275
 10
141.5
 20
356.03030303030306
 10
141.0
 20
356.3333333333333
 10
140.5
 20
356.6363636363636
 10
140.0
 20
356.93939393939394
 10
139.5
 20
357.24242424242425
 10
139.0
 20
357.54545454545456
 10
138.5
 20
357.8484848484849
 10
138.0
 20
358.1515151515151
 10
137.5
 20
358.45454545454544
 10
137.0
 20
358.75757575757575
 10
136.5
 20
359.06060606060606
 10
136.0
 20
359.3636363636364
 10
135.5
 20
359.6666666666667
 10
135.0
 20
359.969696969697
 10
134.5
 20
360.27272727272725
 10
134.0
 20
360.57575757575756
 10
133.5
 20
360.8787878787879
 10
133.0
 20
361.1818181818182
 10
132.5
 20
361.4848484848485
 10
132.0
 20
361.7878787878788
 10
131.5
 20
362.0909090909091
 10
131.0
 20
362.3939393939394
 10
130.5
 20
362.6969696969697
 10
130.0
 20
363.0
 10
129.5
 20
363.3030303030303
 10
129.0
 20
363.6060606060606
 10
128.5
 20
363.90909090909093
 10
128.0
 20
364.2121212121212
 10
127.5
 20
364.5151515151515
 10
127.0
 20
364.8181818181818
 10
126.5
 20
365.1212121212121
 10
126.0
 20
365.42424242424244
 10
125.5
 20
365.72727272727275
 10
125.0
 20
366.030303030303
 10
124.5
 20
366.3333333333333
 10
124.0
 20
366.6363636363636
 10
123.5
 20
366.93939393939394
 10
123.0
 20
367.24242424242425
 10
122.5
 20
367.54545454545456
 10
122.0
 20
367.8484848484849
 10
121.5
 20
368.1515151515151
 10
121.0
 20
368.45454545454544
 10
120.5
 20
368.75757575757575
 10
120.0
 20
369.06060606060606
 10
119.5
 20
369.3636363636364
 10
119.0
 20
369.6666666666667
 10
118.5
 20
369.969696969697
 10
118.0
 20
370.27272727272725
 10
117.5
 20
370.57575757575756
 10
117.0
 20
370.8787878787879
 10
116.5
 20
371.1818181818182
 10
116.0
 20
371.4848484848485
 10
115.5
 20
371.7878787878788
 10
115.0
 20
372.0909090909091
 10
114.5
 20
372.3939393939394
 10
114.0
 20
372.6969696969697
 10
113.5
 20
373.0
 10
113.0
 20
373.3030303030303
 10
112.5
 20
373.6060606060606
 10
112.0
 20
373.9090909090909
 10
111.5
 20
374.21212121212125
 10
111.0
 20
374.5151515151515
 10
110.5
 20
374.8181818181818
 10
110.0
 20
375.1212121212121
 10
109.5
 20
375.42424242424244
 10
109.0
 20
375.72727272727275
 10
108.5
 20
376.030303030303
 10
108.0
 20
376.3333333333333
 10
107.5
 20
376.6363636363636
 10
107.0
 20
376.93939393939394
 10
106.5
 20
377.24242424242425
 10
106.0
 20
377.54545454545456
 10
105.5
 20
377.8484848484849
 10
105.0
 20
378.1515151515151
 10
104.5
 20
378.45454545454544
 10
104.0
 20
378.75757575757575
 10
103.5
 20
379.06060606060606
 10
103.0
 20
379.3636363636364
 10
102.5
 20
379.6666666666667
 10
102.0
 20
379.969696969697
 10
101.5
 20
380.27272727272725
 10
101.0
 20
380.57575757575756
 10
100.5
 20
380.8787878787879
 10
100.0
 20
381.1818181818182
 10
99.5
 20
381.4848484848485
 10
99.0
 20
381.7878787878788
 10
98.5
 20
382.0909090909091
 10
98.0
 20
382.3939393939394
 10
97.5
 20
382.6969696969697
 10
97.0
 20
383.0
 10
96.5
 20
383.0
 10
96.0
 20
383.0
 10
95.5
 20
383.0
 10
95.0
 20
383.0
 10
94.5
 20
383.0
 10
94.0
 20
383.0
 10
93.5
 20
383.0
 10
93.0
 20
383.0
 10
92.5
 20
383.0
 10
92.0
 20
383.0
 10
91.5
 20
383.0
 10
91.0
 20
383.0
 10
90.5
 20
383.0
 10
90.0
 20
383.0
 10
89.5
 20
383.0
 10
89.0
 20
383.0
 10
88.5
 20
383.0
 10
88.0
 20
383.0
 10
87.5
 20
383.0
 10
87.0
 20
383.0
 10
86.5
 20
383.0
 10
86.0
 20
383.0
 10
85.5
 20
383.0
 10
85.0
 20
383.0
 10
84.5
 20
383.0
 10
84.0
 20
383.0
 10
83.5
 20
383.0
 10
83.0
 20
383.0
 10
82.5
 20
383.0
 10
82.0
 20
383.0
 10
81.5
 20
383.0
 10
81.0
 20
383.0
 10
80.5
 20
383.0
 10
80.0
 20
383.0
 10
79.5
 20
383.0
 10
79.0
 20
383.0
 10
78.5
 20
383.0
 10
78.0
 20
383.0
 10
77.5
 20
383.0
 10
77.0
 20
383.0
 10
76.5
 20
383.0
 10
76.0
 20
383.0
 10
75.5
 20
383.0
 10
75.0
 20
383.0
 10
74.5
 20
383.0
 10
74.0
 20
383.0
 10
73.5
 20
383.0
 10
73.0
 20
383.0
 10
72.5
 20
383.0
 10
72.0
 20
383.0
 10
71.5
 20
383.0
 10
71.0
 20
383.0
 10
70.5
 20
383.0
 10
70.0
 20
383.0
 10
69.5
 20
383.0
 10
69.0
 20
383.0
 10
68.5
 20
383.0
 10
68.0
 20
383.0
 10
67.5
 20
383.0
 10
67.0
 20
383.0
 10
66.5
 20
383.0
 10
66.0
 20
383.0
 10
65.5
 20
383.0
 10
65.0
 20
383.0
 10
64.5
 20
383.0
 10
64.0
 20
383.0
 10
63.5
 20
383.0
 10
63.0
 20
383.0
 10
62.5
 20
383.0
 10
62.0
 20
383.0
  0
LWPOLYLINE
  5
10F
330
17
100
AcDbEntity
  8
S-REBAR-MAIN
100
AcDbPolyline
 90
135
 70
0
 10
82.0
 20
329.6
 10
97.0
 20
329.6
 10
97.5
 20
328.57696963636363
 10
98.0
 20
328.27393927272726
 10
98.5
 20
327.9709089090909
 10
99.0
 20
327.6678785454545
 10
99.5
 20
327.36484818181816
 10
100.0
 20
327.0618178181818
 10
100.5
 20
326.7587874545454
 10
101.0
 20
326.4557570909091
 10
101.5
 20
326.15272672727275
 10
102.0
 20
325.8496963636364
 10
102.5
 20
325.546666
 10
103.0
 20
325.24363563636365
 10
103.5
 20
324.9406052727273
 10
104.0
 20
324.6375749090909
 10
104.5
 20
324.33454454545455
 10
105.0
 20
324.0315141818182
 10
105.5
 20
323.7284838181818
 10
106.0
 20
323.42545345454545
 10
106.5
 20
323.1224230909091
 10
107.0
 20
322.8193927272727
 10
107.5
 20
322.51636236363635
 10
108.0
 20
322.213332
 10
108.5
 20
321.9103016363636
 10
109.0
 20
321.60727127272725
 10
109.5
 20
321.30424090909094
 10
110.0
 20
321.00121054545457
 10
110.5
 20
320.6981801818182
 10
111.0
 20
320.39514981818184
 10
111.5
 20
320.09211945454547
 10
112.0
 20
319.7890890909091
 10
112.5
 20
319.48605872727273
 10
113.0
 20
319.18302836363637
 10
113.5
 20
318.879998
 10
114.0
 20
318.57696763636363
 10
114.5
 20
318.27393727272727
 10
115.0
 20
317.9709069090909
 10
115.5
 20
317.66787654545453
 10
116.0
 20
317.36484618181817
 10
116.5
 20
317.0618158181818
 10
117.0
 20
316.75878545454543
 10
117.5
 20
316.45575509090907
 10
118.0
 20
316.15272472727275
 10
118.5
 20
315.8496943636364
 10
119.0
 20
315.546664
 10
119.5
 20
315.24363363636365
 10
120.0
 20
314.9406032727273
 10
120.5
 20
314.6375729090909
 10
121.0
 20
314.33454254545455
 10
121.5
 20
314.0315121818182
 10
122.0
 20
313.7284818181818
 10
122.5
 20
313.42545145454545
 10
123.0
 20
313.1224210909091
 10
123.5
 20
312.8193907272727
 10
124.0
 20
312.51636036363635
 10
124.5
 20
312.21333
 10
125.0
 20
311.9102996363636
 10
125.5
 20
311.60726927272725
 10
126.0
 20
311.30423890909094
 10
126.5
 20
311.0012085454546
 10
127.0
 20
310.6981781818182
 10
127.5
 20
310.39514781818184
 10
128.0
 20
310.0921174545455
 10
128.5
 20
309.7890870909091
 10
129.0
 20
309.48605672727274
 10
129.5
 20
309.1830263636364
 10
130.0
 20
308.879996
 10
130.5
 20
308.57696563636364
 10
131.0
 20
308.2739352727273
 10
131.5
 20
307.9709049090909
 10
132.0
 20
307.66787454545454
 10
132.5
 20
307.36484418181817
 10
133.0
 20
307.0618138181818
 10
133.5
 20
306.75878345454544
 10
134.0
 20
306.45575309090907
 10
134.5
 20
306.1527227272727
 10
135.0
 20
305.84969236363634
 10
135.5
 20
305.546662
 10
136.0
 20
305.24363163636366
 10
136.5
 20
304.9406012727273
 10
137.0
 20
304.6375709090909
 10
137.5
 20
304.33454054545456
 10
138.0
 20
304.0315101818182
 10
138.5
 20
303.7284798181818
 10
139.0
 20
303.42544945454546
 10
139.5
 20
303.1224190909091
 10
140.0
 20
302.8193887272727
 10
140.5
 20
302.51635836363636
 10
141.0
 20
302.213328
 10
141.5
 20
301.9102976363636
 10
142.0
 20
301.60726727272726
 10
142.5
 20
301.3042369090909
 10
143.0
 20
301.0012065454546
 10
143.5
 20
300.6981761818182
 10
144.0
 20
300.39514581818185
 10
144.5
 20
300.0921154545455
 10
145.0
 20
299.7890850909091
 10
145.5
 20
299.48605472727274
 10
146.0
 20
299.1830243636364
 10
146.5
 20
298.879994
 10
147.0
 20
298.57696363636364
 10
147.5
 20
298.2739332727273
 10
148.0
 20
297.9709029090909
 10
148.5
 20
297.66787254545454
 10
149.0
 20
297.3648421818182
 10
149.5
 20
297.0618118181818
 10
150.0
 20
296.75878145454544
 10
150.5
 20
296.4557510909091
 10
151.0
 20
296.1527207272727
 10
151.5
 20
295.84969036363634
 10
152.0
 20
295.54666
 10
152.5
 20
295.2436296363636
 10
153.0
 20
294.9405992727273
 10
153.5
 20
294.63756890909093
 10
154.0
 20
294.33453854545456
 10
154.5
 20
294.0315081818182
 10
155.0
 20
293.72847781818183
 10
155.5
 20
293.42544745454546
 10
156.0
 20
293.1224170909091
 10
156.5
 20
292.81938672727273
 10
157.0
 20
292.51635636363636
 10
157.5
 20
292.213326
 10
158.0
 20
291.9102956363636
 10
158.5
 20
291.60726527272726
 10
159.0
 20
291.3042349090909
 10
159.5
 20
291.0012045454545
 10
160.0
 20
290.6981741818182
 10
160.5
 20
290.3951438181818
 10
161.0
 20
290.0921134545455
 10
161.5
 20
289.7890830909091
 10
162.0
 20
289.48605272727275
 10
162.5
 20
289.1830223636364
 10
163.0
 20
289.6
 10
178.0
 20
289.6
  0
LWPOLYLINE
  5
110
330
17
100
AcDbEntity
  8
S-REBAR-SEC
100
AcDbPolyline
 90
50
 70
0
 10
73.0
 20
333.4
 10
97.0
 20
333.4
 10
97.5
 20
330.066666
 10
98.0
 20
330.066666
 10
98.5
 20
330.066666
 10
99.0
 20
330.066666
 10
99.5
 20
330.066666
 10
100.0
 20
330.066666
 10
100.5
 20
330.066666
 10
101.0
 20
330.066666
 10
101.5
 20
330.066666
 10
102.0
 20
330.066666
 10
102.5
 20
330.066666
 10
103.0
 20
326.733332
 10
103.5
 20
326.733332
 10
104.0
 20
326.733332
 10
104.5
 20
326.733332
 10
105.0
 20
326.733332
 10
105.5
 20
326.733332
 10
106.0
 20
326.733332
 10
106.5
 20
326.733332
 10
107.0
 20
326.733332
 10
107.5
 20
326.733332
 10
108.0
 20
326.733332
 10
108.5
 20
326.733332
 10
109.0
 20
323.399998
 10
109.5
 20
323.399998
 10
110.0
 20
323.399998
 10
110.5
 20
323.399998
 10
111.0
 20
323.399998
 10
111.5
 20
323.399998
 10
112.0
 20
323.399998
 10
112.5
 20
323.399998
 10
113.0
 20
323.399998
 10
113.5
 20
323.399998
 10
114.0
 20
323.399998
 10
114.5
 20
323.399998
 10
115.0
 20
320.066664
 10
115.5
 20
320.066664
 10
116.0
 20
320.066664
 10
116.5
 20
320.066664
 10
117.0
 20
320.066664
 10
117.5
 20
320.066664
 10
118.0
 20
320.066664
 10
118.5
 20
320.066664
 10
119.0
 20
320.066664
 10
119.5
 20
320.066664
 10
120.0
 20
320.066664
 10
120.5
 20
320.066664
 10
121.0
 20
316.73333
  0
LWPOLYLINE
  5
111
330
17
100
AcDbEntity
  8
S-REBAR-SEC
100
AcDbPolyline
 90
3
 70
0
 10
139.0
 20
306.73332800000003
 10
163.0
 20
293.4
 10
187.0
 20
293.4
  0
LWPOLYLINE
  5
112
330
17
100
AcDbEntity
  8
S-REBAR-DIST
100
AcDbPolyline
 90
273
 70
0
 10
62.0
 20
320.0
 10
62.5
 20
320.0
 10
63.0
 20
320.0
 10
63.5
 20
320.0
 10
64.0
 20
320.0
 10
64.5
 20
320.0
 10
65.0
 20
320.0
 10
65.5
 20
320.0
 10
66.0
 20
320.0
 10
66.5
 20
320.0
 10
67.0
 20
320.0
 10
67.5
 20
320.0
 10
68.0
 20
320.0
 10
68.5
 20
320.0
 10
69.0
 20
320.0
 10
69.5
 20
320.0
 10
70.0
 20
320.0
 10
70.5
 20
320.0
 10
71.0
 20
320.0
 10
71.5
 20
320.0
 10
72.0
 20
320.0
 10
72.5
 20
320.0
 10
73.0
 20
320.0
 10
73.5
 20
320.0
 10
74.0
 20
320.0
 10
74.5
 20
320.0
 10
75.0
 20
320.0
 10
75.5
 20
320.0
 10
76.0
 20
320.0
 10
76.5
 20
320.0
 10
77.0
 20
320.0
 10
77.5
 20
320.0
 10
78.0
 20
320.0
 10
78.5
 20
320.0
 10
79.0
 20
320.0
 10
79.5
 20
320.0
 10
80.0
 20
320.0
 10
80.5
 20
320.0
 10
81.0
 20
320.0
 10
81.5
 20
320.0
 10
82.0
 20
320.0
 10
82.5
 20
320.0
 10
83.0
 20
320.0
 10
83.5
 20
320.0
 10
84.0
 20
320.0
 10
84.5
 20
320.0
 10
85.0
 20
320.0
 10
85.5
 20
320.0
 10
86.0
 20
320.0
 10
86.5
 20
320.0
 10
87.0
 20
320.0
 10
87.5
 20
320.0
 10
88.0
 20
320.0
 10
88.5
 20
320.0
 10
89.0
 20
320.0
 10
89.5
 20
320.0
 10
90.0
 20
320.0
 10
90.5
 20
320.0
 10
91.0
 20
320.0
 10
91.5
 20
320.0
 10
92.0
 20
320.0
 10
92.5
 20
320.0
 10
93.0
 20
320.0
 10
93.5
 20
320.0
 10
94.0
 20
320.0
 10
94.5
 20
320.0
 10
95.0
 20
320.0
 10
95.5
 20
320.0
 10
96.0
 20
320.0
 10
96.5
 20
320.0
 10
97.0
 20
320.0
 10
97.5
 20
318.97696963636366
 10
98.0
 20
318.6739392727273
 10
98.5
 20
318.37090890909093
 10
99.0
 20
318.06787854545456
 10
99.5
 20
317.7648481818182
 10
100.0
 20
317.4618178181818
 10
100.5
 20
317.15878745454546
 10
101.0
 20
316.8557570909091
 10
101.5
 20
316.5527267272727
 10
102.0
 20
316.24969636363636
 10
102.5
 20
315.946666
 10
103.0
 20
315.6436356363636
 10
103.5
 20
315.34060527272726
 10
104.0
 20
315.0375749090909
 10
104.5
 20
314.7345445454545
 10
105.0
 20
314.43151418181816
 10
105.5
 20
314.1284838181818
 10
106.0
 20
313.8254534545455
 10
106.5
 20
313.5224230909091
 10
107.0
 20
313.21939272727275
 10
107.5
 20
312.9163623636364
 10
108.0
 20
312.613332
 10
108.5
 20
312.31030163636365
 10
109.0
 20
312.0072712727273
 10
109.5
 20
311.7042409090909
 10
110.0
 20
311.40121054545455
 10
110.5
 20
311.0981801818182
 10
111.0
 20
310.7951498181818
 10
111.5
 20
310.49211945454545
 10
112.0
 20
310.1890890909091
 10
112.5
 20
309.8860587272727
 10
113.0
 20
309.58302836363634
 10
113.5
 20
309.279998
 10
114.0
 20
308.9769676363636
 10
114.5
 20
308.67393727272724
 10
115.0
 20
308.37090690909093
 10
115.5
 20
308.06787654545457
 10
116.0
 20
307.7648461818182
 10
116.5
 20
307.46181581818183
 10
117.0
 20
307.15878545454547
 10
117.5
 20
306.8557550909091
 10
118.0
 20
306.55272472727273
 10
118.5
 20
306.24969436363637
 10
119.0
 20
305.946664
 10
119.5
 20
305.64363363636363
 10
120.0
 20
305.34060327272726
 10
120.5
 20
305.0375729090909
 10
121.0
 20
304.73454254545453
 10
121.5
 20
304.43151218181816
 10
122.0
 20
304.1284818181818
 10
122.5
 20
303.8254514545455
 10
123.0
 20
303.5224210909091
 10
123.5
 20
303.21939072727275
 10
124.0
 20
302.9163603636364
 10
124.5
 20
302.61333
 10
125.0
 20
302.31029963636365
 10
125.5
 20
302.0072692727273
 10
126.0
 20
301.7042389090909
 10
126.5
 20
301.40120854545455
 10
127.0
 20
301.0981781818182
 10
127.5
 20
300.7951478181818
 10
128.0
 20
300.49211745454545
 10
128.5
 20
300.1890870909091
 10
129.0
 20
299.8860567272727
 10
129.5
 20
299.58302636363635
 10
130.0
 20
299.279996
 10
130.5
 20
298.9769656363636
 10
131.0
 20
298.67393527272725
 10
131.5
 20
298.3709049090909
 10
132.0
 20
298.0678745454545
 10
132.5
 20
297.76484418181815
 10
133.0
 20
297.46181381818184
 10
133.5
 20
297.15878345454547
 10
134.0
 20
296.8557530909091
 10
134.5
 20
296.55272272727274
 10
135.0
 20
296.24969236363637
 10
135.5
 20
295.946662
 10
136.0
 20
295.64363163636364
 10
136.5
 20
295.34060127272727
 10
137.0
 20
295.0375709090909
 10
137.5
 20
294.73454054545454
 10
138.0
 20
294.43151018181817
 10
138.5
 20
294.1284798181818
 10
139.0
 20
293.82544945454543
 10
139.5
 20
293.5224190909091
 10
140.0
 20
293.21938872727276
 10
140.5
 20
292.9163583636364
 10
141.0
 20
292.613328
 10
141.5
 20
292.31029763636366
 10
142.0
 20
292.0072672727273
 10
142.5
 20
291.7042369090909
 10
143.0
 20
291.40120654545456
 10
143.5
 20
291.0981761818182
 10
144.0
 20
290.7951458181818
 10
144.5
 20
290.49211545454546
 10
145.0
 20
290.1890850909091
 10
145.5
 20
289.8860547272727
 10
146.0
 20
289.58302436363635
 10
146.5
 20
289.279994
 10
147.0
 20
288.9769636363636
 10
147.5
 20
288.67393327272725
 10
148.0
 20
288.3709029090909
 10
148.5
 20
288.0678725454546
 10
149.0
 20
287.76484218181815
 10
149.5
 20
287.46181181818184
 10
150.0
 20
287.1587814545455
 10
150.5
 20
286.8557510909091
 10
151.0
 20
286.55272072727274
 10
151.5
 20
286.2496903636364
 10
152.0
 20
285.94666
 10
152.5
 20
285.64362963636364
 10
153.0
 20
285.3405992727273
 10
153.5
 20
285.0375689090909
 10
154.0
 20
284.73453854545454
 10
154.5
 20
284.4315081818182
 10
155.0
 20
284.12847781818186
 10
155.5
 20
283.82544745454544
 10
156.0
 20
283.52241709090913
 10
156.5
 20
283.21938672727276
 10
157.0
 20
282.9163563636364
 10
157.5
 20
282.61332600000003
 10
158.0
 20
282.31029563636366
 10
158.5
 20
282.0072652727273
 10
159.0
 20
281.7042349090909
 10
159.5
 20
281.40120454545456
 10
160.0
 20
281.0981741818182
 10
160.5
 20
280.7951438181818
 10
161.0
 20
280.49211345454546
 10
161.5
 20
280.1890830909091
 10
162.0
 20
279.8860527272727
 10
162.5
 20
279.58302236363636
 10
163.0
 20
280.0
 10
163.5
 20
280.0
 10
164.0
 20
280.0
 10
164.5
 20
280.0
 10
165.0
 20
280.0
 10
165.5
 20
280.0
 10
166.0
 20
280.0
 10
166.5
 20
280.0
 10
167.0
 20
280.0
 10
167.5
 20
280.0
 10
168.0
 20
280.0
 10
168.5
 20
280.0
 10
169.0
 20
280.0
 10
169.5
 20
280.0
 10
170.0
 20
280.0
 10
170.5
 20
280.0
 10
171.0
 20
280.0
 10
171.5
 20
280.0
 10
172.0
 20
280.0
 10
172.5
 20
280.0
 10
173.0
 20
280.0
 10
173.5
 20
280.0
 10
174.0
 20
280.0
 10
174.5
 20
280.0
 10
175.0
 20
280.0
 10
175.5
 20
280.0
 10
176.0
 20
280.0
 10
176.5
 20
280.0
 10
177.0
 20
280.0
 10
177.5
 20
280.0
 10
178.0
 20
280.0
 10
178.5
 20
280.0
 10
179.0
 20
280.0
 10
179.5
 20
280.0
 10
180.0
 20
280.0
 10
180.5
 20
280.0
 10
181.0
 20
280.0
 10
181.5
 20
280.0
 10
182.0
 20
280.0
 10
182.5
 20
280.0
 10
183.0
 20
280.0
 10
183.5
 20
280.0
 10
184.0
 20
280.0
 10
184.5
 20
280.0
 10
185.0
 20
280.0
 10
185.5
 20
280.0
 10
186.0
 20
280.0
 10
186.5
 20
280.0
 10
187.0
 20
280.0
 10
187.5
 20
280.0
 10
188.0
 20
280.0
 10
188.5
 20
280.0
 10
189.0
 20
280.0
 10
189.5
 20
280.0
 10
190.0
 20
280.0
 10
190.5
 20
280.0
 10
191.0
 20
280.0
 10
191.5
 20
280.0
 10
192.0
 20
280.0
 10
192.5
 20
280.0
 10
193.0
 20
280.0
 10
193.5
 20
280.0
 10
194.0
 20
280.0
 10
194.5
 20
280.0
 10
195.0
 20
280.0
 10
195.5
 20
280.0
 10
196.0
 20
280.0
 10
196.5
 20
280.0
 10
197.0
 20
280.0
 10
197.5
 20
280.0
 10
198.0
 20
280.0
  0
LWPOLYLINE
  5
113
330
17
100
AcDbEntity
  8
S-REBAR-DIST
100
AcDbPolyline
 90
273
 70
0
 10
62.0
 20
316.0
 10
62.5
 20
316.0
 10
63.0
 20
316.0
 10
63.5
 20
316.0
 10
64.0
 20
316.0
 10
64.5
 20
316.0
 10
65.0
 20
316.0
 10
65.5
 20
316.0
 10
66.0
 20
316.0
 10
66.5
 20
316.0
 10
67.0
 20
316.0
 10
67.5
 20
316.0
 10
68.0
 20
316.0
 10
68.5
 20
316.0
 10
69.0
 20
316.0
 10
69.5
 20
316.0
 10
70.0
 20
316.0
 10
70.5
 20
316.0
 10
71.0
 20
316.0
 10
71.5
 20
316.0
 10
72.0
 20
316.0
 10
72.5
 20
316.0
 10
73.0
 20
316.0
 10
73.5
 20
316.0
 10
74.0
 20
316.0
 10
74.5
 20
316.0
 10
75.0
 20
316.0
 10
75.5
 20
316.0
 10
76.0
 20
316.0
 10
76.5
 20
316.0
 10
77.0
 20
316.0
 10
77.5
 20
316.0
 10
78.0
 20
316.0
 10
78.5
 20
316.0
 10
79.0
 20
316.0
 10
79.5
 20
316.0
 10
80.0
 20
316.0
 10
80.5
 20
316.0
 10
81.0
 20
316.0
 10
81.5
 20
316.0
 10
82.0
 20
316.0
 10
82.5
 20
316.0
 10
83.0
 20
316.0
 10
83.5
 20
316.0
 10
84.0
 20
316.0
 10
84.5
 20
316.0
 10
85.0
 20
316.0
 10
85.5
 20
316.0
 10
86.0
 20
316.0
 10
86.5
 20
316.0
 10
87.0
 20
316.0
 10
87.5
 20
316.0
 10
88.0
 20
316.0
 10
88.5
 20
316.0
 10
89.0
 20
316.0
 10
89.5
 20
316.0
 10
90.0
 20
316.0
 10
90.5
 20
316.0
 10
91.0
 20
316.0
 10
91.5
 20
316.0
 10
92.0
 20
316.0
 10
92.5
 20
316.0
 10
93.0
 20
316.0
 10
93.5
 20
316.0
 10
94.0
 20
316.0
 10
94.5
 20
316.0
 10
95.0
 20
316.0
 10
95.5
 20
316.0
 10
96.0
 20
316.0
 10
96.5
 20
316.0
 10
97.0
 20
316.0
 10
97.5
 20
314.9769696363636
 10
98.0
 20
314.6739392727273
 10
98.5
 20
314.37090890909093
 10
99.0
 20
314.06787854545456
 10
99.5
 20
313.7648481818182
 10
100.0
 20
313.4618178181818
 10
100.5
 20
313.15878745454546
 10
101.0
 20
312.8557570909091
 10
101.5
 20
312.5527267272727
 10
102.0
 20
312.24969636363636
 10
102.5
 20
311.946666
 10
103.0
 20
311.6436356363636
 10
103.5
 20
311.34060527272726
 10
104.0
 20
311.0375749090909
 10
104.5
 20
310.7345445454545
 10
105.0
 20
310.43151418181816
 10
105.5
 20
310.12848381818185
 10
106.0
 20
309.8254534545455
 10
106.5
 20
309.5224230909091
 10
107.0
 20
309.21939272727275
 10
107.5
 20
308.9163623636364
 10
108.0
 20
308.613332
 10
108.5
 20
308.31030163636365
 10
109.0
 20
308.0072712727273
 10
109.5
 20
307.7042409090909
 10
110.0
 20
307.40121054545455
 10
110.5
 20
307.0981801818182
 10
111.0
 20
306.7951498181818
 10
111.5
 20
306.49211945454545
 10
112.0
 20
306.1890890909091
 10
112.5
 20
305.8860587272727
 10
113.0
 20
305.58302836363634
 10
113.5
 20
305.279998
 10
114.0
 20
304.9769676363636
 10
114.5
 20
304.6739372727273
 10
115.0
 20
304.37090690909093
 10
115.5
 20
304.06787654545457
 10
116.0
 20
303.7648461818182
 10
116.5
 20
303.46181581818183
 10
117.0
 20
303.15878545454547
 10
117.5
 20
302.8557550909091
 10
118.0
 20
302.55272472727273
 10
118.5
 20
302.24969436363637
 10
119.0
 20
301.946664
 10
119.5
 20
301.64363363636363
 10
120.0
 20
301.34060327272726
 10
120.5
 20
301.0375729090909
 10
121.0
 20
300.73454254545453
 10
121.5
 20
300.43151218181816
 10
122.0
 20
300.12848181818185
 10
122.5
 20
299.8254514545455
 10
123.0
 20
299.5224210909091
 10
123.5
 20
299.21939072727275
 10
124.0
 20
298.9163603636364
 10
124.5
 20
298.61333
 10
125.0
 20
298.31029963636365
 10
125.5
 20
298.0072692727273
 10
126.0
 20
297.7042389090909
 10
126.5
 20
297.40120854545455
 10
127.0
 20
297.0981781818182
 10
127.5
 20
296.7951478181818
 10
128.0
 20
296.49211745454545
 10
128.5
 20
296.1890870909091
 10
129.0
 20
295.8860567272727
 10
129.5
 20
295.58302636363635
 10
130.0
 20
295.279996
 10
130.5
 20
294.9769656363636
 10
131.0
 20
294.67393527272725
 10
131.5
 20
294.3709049090909
 10
132.0
 20
294.0678745454545
 10
132.5
 20
293.76484418181815
 10
133.0
 20
293.46181381818184
 10
133.5
 20
293.15878345454547
 10
134.0
 20
292.8557530909091
 10
134.5
 20
292.55272272727274
 10
135.0
 20
292.24969236363637
 10
135.5
 20
291.946662
 10
136.0
 20
291.64363163636364
 10
136.5
 20
291.34060127272727
 10
137.0
 20
291.0375709090909
 10
137.5
 20
290.73454054545454
 10
138.0
 20
290.43151018181817
 10
138.5
 20
290.1284798181818
 10
139.0
 20
289.82544945454543
 10
139.5
 20
289.52241909090907
 10
140.0
 20
289.21938872727276
 10
140.5
 20
288.9163583636364
 10
141.0
 20
288.613328
 10
141.5
 20
288.31029763636366
 10
142.0
 20
288.0072672727273
 10
142.5
 20
287.7042369090909
 10
143.0
 20
287.40120654545456
 10
143.5
 20
287.0981761818182
 10
144.0
 20
286.7951458181818
 10
144.5
 20
286.49211545454546
 10
145.0
 20
286.1890850909091
 10
145.5
 20
285.8860547272727
 10
146.0
 20
285.58302436363635
 10
146.5
 20
285.279994
 10
147.0
 20
284.9769636363636
 10
147.5
 20
284.67393327272725
 10
148.0
 20
284.3709029090909
 10
148.5
 20
284.0678725454545
 10
149.0
 20
283.76484218181815
 10
149.5
 20
283.46181181818184
 10
150.0
 20
283.1587814545454
 10
150.5
 20
282.8557510909091
 10
151.0
 20
282.55272072727274
 10
151.5
 20
282.2496903636364
 10
152.0
 20
281.94666
 10
152.5
 20
281.64362963636364
 10
153.0
 20
281.3405992727273
 10
153.5
 20
281.0375689090909
 10
154.0
 20
280.73453854545454
 10
154.5
 20
280.4315081818182
 10
155.0
 20
280.1284778181818
 10
155.5
 20
279.82544745454544
 10
156.0
 20
279.52241709090913
 10
156.5
 20
279.2193867272727
 10
157.0
 20
278.9163563636364
 10
157.5
 20
278.61332600000003
 10
158.0
 20
278.31029563636366
 10
158.5
 20
278.0072652727273
 10
159.0
 20
277.7042349090909
 10
159.5
 20
277.40120454545456
 10
160.0
 20
277.0981741818182
 10
160.5
 20
276.7951438181818
 10
161.0
 20
276.49211345454546
 10
161.5
 20
276.1890830909091
 10
162.0
 20
275.8860527272727
 10
162.5
 20
275.58302236363636
 10
163.0
 20
276.0
 10
163.5
 20
276.0
 10
164.0
 20
276.0
 10
164.5
 20
276.0
 10
165.0
 20
276.0
 10
165.5
 20
276.0
 10
166.0
 20
276.0
 10
166.5
 20
276.0
 10
167.0
 20
276.0
 10
167.5
 20
276.0
 10
168.0
 20
276.0
 10
168.5
 20
276.0
 10
169.0
 20
276.0
 10
169.5
 20
276.0
 10
170.0
 20
276.0
 10
170.5
 20
276.0
 10
171.0
 20
276.0
 10
171.5
 20
276.0
 10
172.0
 20
276.0
 10
172.5
 20
276.0
 10
173.0
 20
276.0
 10
173.5
 20
276.0
 10
174.0
 20
276.0
 10
174.5
 20
276.0
 10
175.0
 20
276.0
 10
175.5
 20
276.0
 10
176.0
 20
276.0
 10
176.5
 20
276.0
 10
177.0
 20
276.0
 10
177.5
 20
276.0
 10
178.0
 20
276.0
 10
178.5
 20
276.0
 10
179.0
 20
276.0
 10
179.5
 20
276.0
 10
180.0
 20
276.0
 10
180.5
 20
276.0
 10
181.0
 20
276.0
 10
181.5
 20
276.0
 10
182.0
 20
276.0
 10
182.5
 20
276.0
 10
183.0
 20
276.0
 10
183.5
 20
276.0
 10
184.0
 20
276.0
 10
184.5
 20
276.0
 10
185.0
 20
276.0
 10
185.5
 20
276.0
 10
186.0
 20
276.0
 10
186.5
 20
276.0
 10
187.0
 20
276.0
 10
187.5
 20
276.0
 10
188.0
 20
276.0
 10
188.5
 20
276.0
 10
189.0
 20
276.0
 10
189.5
 20
276.0
 10
190.0
 20
276.0
 10
190.5
 20
276.0
 10
191.0
 20
276.0
 10
191.5
 20
276.0
 10
192.0
 20
276.0
 10
192.5
 20
276.0
 10
193.0
 20
276.0
 10
193.5
 20
276.0
 10
194.0
 20
276.0
 10
194.5
 20
276.0
 10
195.0
 20
276.0
 10
195.5
 20
276.0
 10
196.0
 20
276.0
 10
196.5
 20
276.0
 10
197.0
 20
276.0
 10
197.5
 20
276.0
 10
198.0
 20
276.0
  0
LWPOLYLINE
  5
114
330
17
100
AcDbEntity
  8
S-REBAR-DIST
100
AcDbPolyline
 90
273
 70
0
 10
62.0
 20
378.6
 10
62.5
 20
378.6
 10
63.0
 20
378.6
 10
63.5
 20
378.6
 10
64.0
 20
378.6
 10
64.5
 20
378.6
 10
65.0
 20
378.6
 10
65.5
 20
378.6
 10
66.0
 20
378.6
 10
66.5
 20
378.6
 10
67.0
 20
378.6
 10
67.5
 20
378.6
 10
68.0
 20
378.6
 10
68.5
 20
378.6
 10
69.0
 20
378.6
 10
69.5
 20
378.6
 10
70.0
 20
378.6
 10
70.5
 20
378.6
 10
71.0
 20
378.6
 10
71.5
 20
378.6
 10
72.0
 20
378.6
 10
72.5
 20
378.6
 10
73.0
 20
378.6
 10
73.5
 20
378.6
 10
74.0
 20
378.6
 10
74.5
 20
378.6
 10
75.0
 20
378.6
 10
75.5
 20
378.6
 10
76.0
 20
378.6
 10
76.5
 20
378.6
 10
77.0
 20
378.6
 10
77.5
 20
378.6
 10
78.0
 20
378.6
 10
78.5
 20
378.6
 10
79.0
 20
378.6
 10
79.5
 20
378.6
 10
80.0
 20
378.6
 10
80.5
 20
378.6
 10
81.0
 20
378.6
 10
81.5
 20
378.6
 10
82.0
 20
378.6
 10
82.5
 20
378.6
 10
83.0
 20
378.6
 10
83.5
 20
378.6
 10
84.0
 20
378.6
 10
84.5
 20
378.6
 10
85.0
 20
378.6
 10
85.5
 20
378.6
 10
86.0
 20
378.6
 10
86.5
 20
378.6
 10
87.0
 20
378.6
 10
87.5
 20
378.6
 10
88.0
 20
378.6
 10
88.5
 20
378.6
 10
89.0
 20
378.6
 10
89.5
 20
378.6
 10
90.0
 20
378.6
 10
90.5
 20
378.6
 10
91.0
 20
378.6
 10
91.5
 20
378.6
 10
92.0
 20
378.6
 10
92.5
 20
378.6
 10
93.0
 20
378.6
 10
93.5
 20
378.6
 10
94.0
 20
378.6
 10
94.5
 20
378.6
 10
95.0
 20
378.6
 10
95.5
 20
378.6
 10
96.0
 20
378.6
 10
96.5
 20
378.6
 10
97.0
 20
378.6
 10
97.5
 20
378.2969696969697
 10
98.0
 20
377.9939393939394
 10
98.5
 20
377.6909090909091
 10
99.0
 20
377.3878787878788
 10
99.5
 20
377.0848484848485
 10
100.0
 20
376.78181818181815
 10
100.5
 20
376.4787878787879
 10
101.0
 20
376.1757575757576
 10
101.5
 20
375.8727272727273
 10
102.0
 20
375.56969696969696
 10
102.5
 20
375.26666666666665
 10
103.0
 20
374.9636363636364
 10
103.5
 20
374.6606060606061
 10
104.0
 20
374.3575757575758
 10
104.5
 20
374.05454545454546
 10
105.0
 20
373.75151515151515
 10
105.5
 20
373.44848484848484
 10
106.0
 20
373.1454545454545
 10
106.5
 20
372.8424242424243
 10
107.0
 20
372.53939393939396
 10
107.5
 20
372.23636363636365
 10
108.0
 20
371.93333333333334
 10
108.5
 20
371.630303030303
 10
109.0
 20
371.3272727272727
 10
109.5
 20
371.0242424242424
 10
110.0
 20
370.72121212121215
 10
110.5
 20
370.41818181818184
 10
111.0
 20
370.1151515151515
 10
111.5
 20
369.8121212121212
 10
112.0
 20
369.5090909090909
 10
112.5
 20
369.2060606060606
 10
113.0
 20
368.9030303030303
 10
113.5
 20
368.6
 10
114.0
 20
368.2969696969697
 10
114.5
 20
367.9939393939394
 10
115.0
 20
367.6909090909091
 10
115.5
 20
367.3878787878788
 10
116.0
 20
367.08484848484846
 10
116.5
 20
366.78181818181815
 10
117.0
 20
366.4787878787879
 10
117.5
 20
366.1757575757576
 10
118.0
 20
365.8727272727273
 10
118.5
 20
365.56969696969696
 10
119.0
 20
365.26666666666665
 10
119.5
 20
364.96363636363634
 10
120.0
 20
364.6606060606061
 10
120.5
 20
364.3575757575758
 10
121.0
 20
364.05454545454546
 10
121.5
 20
363.75151515151515
 10
122.0
 20
363.44848484848484
 10
122.5
 20
363.1454545454545
 10
123.0
 20
362.8424242424243
 10
123.5
 20
362.53939393939396
 10
124.0
 20
362.23636363636365
 10
124.5
 20
361.93333333333334
 10
125.0
 20
361.630303030303
 10
125.5
 20
361.3272727272727
 10
126.0
 20
361.0242424242424
 10
126.5
 20
360.72121212121215
 10
127.0
 20
360.41818181818184
 10
127.5
 20
360.1151515151515
 10
128.0
 20
359.8121212121212
 10
128.5
 20
359.5090909090909
 10
129.0
 20
359.2060606060606
 10
129.5
 20
358.9030303030303
 10
130.0
 20
358.6
 10
130.5
 20
358.2969696969697
 10
131.0
 20
357.9939393939394
 10
131.5
 20
357.6909090909091
 10
132.0
 20
357.3878787878788
 10
132.5
 20
357.08484848484846
 10
133.0
 20
356.7818181818182
 10
133.5
 20
356.4787878787879
 10
134.0
 20
356.1757575757576
 10
134.5
 20
355.8727272727273
 10
135.0
 20
355.56969696969696
 10
135.5
 20
355.26666666666665
 10
136.0
 20
354.96363636363634
 10
136.5
 20
354.6606060606061
 10
137.0
 20
354.3575757575758
 10
137.5
 20
354.05454545454546
 10
138.0
 20
353.75151515151515
 10
138.5
 20
353.44848484848484
 10
139.0
 20
353.1454545454545
 10
139.5
 20
352.8424242424243
 10
140.0
 20
352.53939393939396
 10
140.5
 20
352.23636363636365
 10
141.0
 20
351.93333333333334
 10
141.5
 20
351.630303030303
 10
142.0
 20
351.3272727272727
 10
142.5
 20
351.0242424242424
 10
143.0
 20
350.72121212121215
 10
143.5
 20
350.41818181818184
 10
144.0
 20
350.1151515151515
 10
144.5
 20
349.8121212121212
 10
145.0
 20
349.5090909090909
 10
145.5
 20
349.2060606060606
 10
146.0
 20
348.9030303030303
 10
146.5
 20
348.6
 10
147.0
 20
348.2969696969697
 10
147.5
 20
347.9939393939394
 10
148.0
 20
347.6909090909091
 10
148.5
 20
347.3878787878788
 10
149.0
 20
347.08484848484846
 10
149.5
 20
346.7818181818182
 10
150.0
 20
346.4787878787879
 10
150.5
 20
346.1757575757576
 10
151.0
 20
345.8727272727273
 10
151.5
 20
345.56969696969696
 10
152.0
 20
345.26666666666665
 10
152.5
 20
344.96363636363634
 10
153.0
 20
344.6606060606061
 10
153.5
 20
344.3575757575758
 10
154.0
 20
344.05454545454546
 10
154.5
 20
343.75151515151515
 10
155.0
 20
343.44848484848484
 10
155.5
 20
343.1454545454545
 10
156.0
 20
342.8424242424242
 10
156.5
 20
342.53939393939396
 10
157.0
 20
342.23636363636365
 10
157.5
 20
341.93333333333334
 10
158.0
 20
341.630303030303
 10
158.5
 20
341.3272727272727
 10
159.0
 20
341.0242424242424
 10
159.5
 20
340.72121212121215
 10
160.0
 20
340.41818181818184
 10
160.5
 20
340.1151515151515
 10
161.0
 20
339.8121212121212
 10
161.5
 20
339.5090909090909
 10
162.0
 20
339.2060606060606
 10
162.5
 20
338.9030303030303
 10
163.0
 20
338.6
 10
163.5
 20
338.6
 10
164.0
 20
338.6
 10
164.5
 20
338.6
 10
165.0
 20
338.6
 10
165.5
 20
338.6
 10
166.0
 20
338.6
 10
166.5
 20
338.6
 10
167.0
 20
338.6
 10
167.5
 20
338.6
 10
168.0
 20
338.6
 10
168.5
 20
338.6
 10
169.0
 20
338.6
 10
169.5
 20
338.6
 10
170.0
 20
338.6
 10
170.5
 20
338.6
 10
171.0
 20
338.6
 10
171.5
 20
338.6
 10
172.0
 20
338.6
 10
172.5
 20
338.6
 10
173.0
 20
338.6
 10
173.5
 20
338.6
 10
174.0
 20
338.6
 10
174.5
 20
338.6
 10
175.0
 20
338.6
 10
175.5
 20
338.6
 10
176.0
 20
338.6
 10
176.5
 20
338.6
 10
177.0
 20
338.6
 10
177.5
 20
338.6
 10
178.0
 20
338.6
 10
178.5
 20
338.6
 10
179.0
 20
338.6
 10
179.5
 20
338.6
 10
180.0
 20
338.6
 10
180.5
 20
338.6
 10
181.0
 20
338.6
 10
181.5
 20
338.6
 10
182.0
 20
338.6
 10
182.5
 20
338.6
 10
183.0
 20
338.6
 10
183.5
 20
338.6
 10
184.0
 20
338.6
 10
184.5
 20
338.6
 10
185.0
 20
338.6
 10
185.5
 20
338.6
 10
186.0
 20
338.6
 10
186.5
 20
338.6
 10
187.0
 20
338.6
 10
187.5
 20
338.6
 10
188.0
 20
338.6
 10
188.5
 20
338.6
 10
189.0
 20
338.6
 10
189.5
 20
338.6
 10
190.0
 20
338.6
 10
190.5
 20
338.6
 10
191.0
 20
338.6
 10
191.5
 20
338.6
 10
192.0
 20
338.6
 10
192.5
 20
338.6
 10
193.0
 20
338.6
 10
193.5
 20
338.6
 10
194.0
 20
338.6
 10
194.5
 20
338.6
 10
195.0
 20
338.6
 10
195.5
 20
338.6
 10
196.0
 20
338.6
 10
196.5
 20
338.6
 10
197.0
 20
338.6
 10
197.5
 20
338.6
 10
198.0
 20
338.6
  0
LWPOLYLINE
  5
115
330
17
100
AcDbEntity
  8
S-REBAR-DIST
100
AcDbPolyline
 90
273
 70
0
 10
62.0
 20
382.4
 10
62.5
 20
382.4
 10
63.0
 20
382.4
 10
63.5
 20
382.4
 10
64.0
 20
382.4
 10
64.5
 20
382.4
 10
65.0
 20
382.4
 10
65.5
 20
382.4
 10
66.0
 20
382.4
 10
66.5
 20
382.4
 10
67.0
 20
382.4
 10
67.5
 20
382.4
 10
68.0
 20
382.4
 10
68.5
 20
382.4
 10
69.0
 20
382.4
 10
69.5
 20
382.4
 10
70.0
 20
382.4
 10
70.5
 20
382.4
 10
71.0
 20
382.4
 10
71.5
 20
382.4
 10
72.0
 20
382.4
 10
72.5
 20
382.4
 10
73.0
 20
382.4
 10
73.5
 20
382.4
 10
74.0
 20
382.4
 10
74.5
 20
382.4
 10
75.0
 20
382.4
 10
75.5
 20
382.4
 10
76.0
 20
382.4
 10
76.5
 20
382.4
 10
77.0
 20
382.4
 10
77.5
 20
382.4
 10
78.0
 20
382.4
 10
78.5
 20
382.4
 10
79.0
 20
382.4
 10
79.5
 20
382.4
 10
80.0
 20
382.4
 10
80.5
 20
382.4
 10
81.0
 20
382.4
 10
81.5
 20
382.4
 10
82.0
 20
382.4
 10
82.5
 20
382.4
 10
83.0
 20
382.4
 10
83.5
 20
382.4
 10
84.0
 20
382.4
 10
84.5
 20
382.4
 10
85.0
 20
382.4
 10
85.5
 20
382.4
 10
86.0
 20
382.4
 10
86.5
 20
382.4
 10
87.0
 20
382.4
 10
87.5
 20
382.4
 10
88.0
 20
382.4
 10
88.5
 20
382.4
 10
89.0
 20
382.4
 10
89.5
 20
382.4
 10
90.0
 20
382.4
 10
90.5
 20
382.4
 10
91.0
 20
382.4
 10
91.5
 20
382.4
 10
92.0
 20
382.4
 10
92.5
 20
382.4
 10
93.0
 20
382.4
 10
93.5
 20
382.4
 10
94.0
 20
382.4
 10
94.5
 20
382.4
 10
95.0
 20
382.4
 10
95.5
 20
382.4
 10
96.0
 20
382.4
 10
96.5
 20
382.4
 10
97.0
 20
382.4
 10
97.5
 20
382.0969696969697
 10
98.0
 20
381.7939393939394
 10
98.5
 20
381.4909090909091
 10
99.0
 20
381.1878787878788
 10
99.5
 20
380.8848484848485
 10
100.0
 20
380.58181818181816
 10
100.5
 20
380.27878787878785
 10
101.0
 20
379.9757575757576
 10
101.5
 20
379.6727272727273
 10
102.0
 20
379.369696969697
 10
102.5
 20
379.06666666666666
 10
103.0
 20
378.76363636363635
 10
103.5
 20
378.46060606060604
 10
104.0
 20
378.1575757575757
 10
104.5
 20
377.8545454545455
 10
105.0
 20
377.55151515151516
 10
105.5
 20
377.24848484848485
 10
106.0
 20
376.94545454545454
 10
106.5
 20
376.6424242424242
 10
107.0
 20
376.3393939393939
 10
107.5
 20
376.0363636363636
 10
108.0
 20
375.73333333333335
 10
108.5
 20
375.43030303030304
 10
109.0
 20
375.1272727272727
 10
109.5
 20
374.8242424242424
 10
110.0
 20
374.5212121212121
 10
110.5
 20
374.21818181818185
 10
111.0
 20
373.9151515151515
 10
111.5
 20
373.6121212121212
 10
112.0
 20
373.3090909090909
 10
112.5
 20
373.0060606060606
 10
113.0
 20
372.7030303030303
 10
113.5
 20
372.4
 10
114.0
 20
372.0969696969697
 10
114.5
 20
371.7939393939394
 10
115.0
 20
371.4909090909091
 10
115.5
 20
371.1878787878788
 10
116.0
 20
370.8848484848485
 10
116.5
 20
370.58181818181816
 10
117.0
 20
370.27878787878785
 10
117.5
 20
369.9757575757576
 10
118.0
 20
369.6727272727273
 10
118.5
 20
369.369696969697
 10
119.0
 20
369.06666666666666
 10
119.5
 20
368.76363636363635
 10
120.0
 20
368.46060606060604
 10
120.5
 20
368.1575757575757
 10
121.0
 20
367.8545454545455
 10
121.5
 20
367.55151515151516
 10
122.0
 20
367.24848484848485
 10
122.5
 20
366.94545454545454
 10
123.0
 20
366.6424242424242
 10
123.5
 20
366.339393939394
 10
124.0
 20
366.0363636363636
 10
124.5
 20
365.73333333333335
 10
125.0
 20
365.43030303030304
 10
125.5
 20
365.1272727272727
 10
126.0
 20
364.8242424242424
 10
126.5
 20
364.5212121212121
 10
127.0
 20
364.2181818181818
 10
127.5
 20
363.91515151515154
 10
128.0
 20
363.6121212121212
 10
128.5
 20
363.3090909090909
 10
129.0
 20
363.0060606060606
 10
129.5
 20
362.7030303030303
 10
130.0
 20
362.4
 10
130.5
 20
362.0969696969697
 10
131.0
 20
361.7939393939394
 10
131.5
 20
361.4909090909091
 10
132.0
 20
361.1878787878788
 10
132.5
 20
360.8848484848485
 10
133.0
 20
360.58181818181816
 10
133.5
 20
360.27878787878785
 10
134.0
 20
359.9757575757576
 10
134.5
 20
359.6727272727273
 10
135.0
 20
359.369696969697
 10
135.5
 20
359.06666666666666
 10
136.0
 20
358.76363636363635
 10
136.5
 20
358.46060606060604
 10
137.0
 20
358.1575757575757
 10
137.5
 20
357.8545454545455
 10
138.0
 20
357.55151515151516
 10
138.5
 20
357.24848484848485
 10
139.0
 20
356.94545454545454
 10
139.5
 20
356.6424242424242
 10
140.0
 20
356.3393939393939
 10
140.5
 20
356.03636363636366
 10
141.0
 20
355.73333333333335
 10
141.5
 20
355.43030303030304
 10
142.0
 20
355.1272727272727
 10
142.5
 20
354.8242424242424
 10
143.0
 20
354.5212121212121
 10
143.5
 20
354.2181818181818
 10
144.0
 20
353.91515151515154
 10
144.5
 20
353.6121212121212
 10
145.0
 20
353.3090909090909
 10
145.5
 20
353.0060606060606
 10
146.0
 20
352.7030303030303
 10
146.5
 20
352.4
 10
147.0
 20
352.0969696969697
 10
147.5
 20
351.7939393939394
 10
148.0
 20
351.4909090909091
 10
148.5
 20
351.1878787878788
 10
149.0
 20
350.8848484848485
 10
149.5
 20
350.58181818181816
 10
150.0
 20
350.27878787878785
 10
150.5
 20
349.9757575757576
 10
151.0
 20
349.6727272727273
 10
151.5
 20
349.369696969697
 10
152.0
 20
349.06666666666666
 10
152.5
 20
348.76363636363635
 10
153.0
 20
348.46060606060604
 10
153.5
 20
348.1575757575757
 10
154.0
 20
347.8545454545455
 10
154.5
 20
347.55151515151516
 10
155.0
 20
347.24848484848485
 10
155.5
 20
346.94545454545454
 10
156.0
 20
346.6424242424242
 10
156.5
 20
346.3393939393939
 10
157.0
 20
346.03636363636366
 10
157.5
 20
345.73333333333335
 10
158.0
 20
345.43030303030304
 10
158.5
 20
345.1272727272727
 10
159.0
 20
344.8242424242424
 10
159.5
 20
344.5212121212121
 10
160.0
 20
344.2181818181818
 10
160.5
 20
343.91515151515154
 10
161.0
 20
343.6121212121212
 10
161.5
 20
343.3090909090909
 10
162.0
 20
343.0060606060606
 10
162.5
 20
342.7030303030303
 10
163.0
 20
342.4
 10
163.5
 20
342.4
 10
164.0
 20
342.4
 10
164.5
 20
342.4
 10
165.0
 20
342.4
 10
165.5
 20
342.4
 10
166.0
 20
342.4
 10
166.5
 20
342.4
 10
167.0
 20
342.4
 10
167.5
 20
342.4
 10
168.0
 20
342.4
 10
168.5
 20
342.4
 10
169.0
 20
342.4
 10
169.5
 20
342.4
 10
170.0
 20
342.4
 10
170.5
 20
342.4
 10
171.0
 20
342.4
 10
171.5
 20
342.4
 10
172.0
 20
342.4
 10
172.5
 20
342.4
 10
173.0
 20
342.4
 10
173.5
 20
342.4
 10
174.0
 20
342.4
 10
174.5
 20
342.4
 10
175.0
 20
342.4
 10
175.5
 20
342.4
 10
176.0
 20
342.4
 10
176.5
 20
342.4
 10
177.0
 20
342.4
 10
177.5
 20
342.4
 10
178.0
 20
342.4
 10
178.5
 20
342.4
 10
179.0
 20
342.4
 10
179.5
 20
342.4
 10
180.0
 20
342.4
 10
180.5
 20
342.4
 10
181.0
 20
342.4
 10
181.5
 20
342.4
 10
182.0
 20
342.4
 10
182.5
 20
342.4
 10
183.0
 20
342.4
 10
183.5
 20
342.4
 10
184.0
 20
342.4
 10
184.5
 20
342.4
 10
185.0
 20
342.4
 10
185.5
 20
342.4
 10
186.0
 20
342.4
 10
186.5
 20
342.4
 10
187.0
 20
342.4
 10
187.5
 20
342.4
 10
188.0
 20
342.4
 10
188.5
 20
342.4
 10
189.0
 20
342.4
 10
189.5
 20
342.4
 10
190.0
 20
342.4
 10
190.5
 20
342.4
 10
191.0
 20
342.4
 10
191.5
 20
342.4
 10
192.0
 20
342.4
 10
192.5
 20
342.4
 10
193.0
 20
342.4
 10
193.5
 20
342.4
 10
194.0
 20
342.4
 10
194.5
 20
342.4
 10
195.0
 20
342.4
 10
195.5
 20
342.4
 10
196.0
 20
342.4
 10
196.5
 20
342.4
 10
197.0
 20
342.4
 10
197.5
 20
342.4
 10
198.0
 20
342.4
  0
INSERT
  5
116
330
17
100
AcDbEntity
  8
S-LEVEL
100
AcDbBlockReference
  2
A2-LEVEL
 10
69.0
 20
334.0
 30
0.0
  0
TEXT
  5
118
330
17
100
AcDbEntity
  8
S-LEVEL
100
AcDbText
 10
71.6
 20
336.6
 30
0.0
 40
1.8
  1
0.000
  7
OpenSans
 11
71.6
 21
336.6
 31
0.0
100
AcDbText
 73
2
  0
INSERT
  5
119
330
17
100
AcDbEntity
  8
S-LEVEL
100
AcDbBlockReference
  2
A2-LEVEL
 10
180.0
 20
294.0
 30
0.0
  0
TEXT
  5
11B
330
17
100
AcDbEntity
  8
S-LEVEL
100
AcDbText
 10
182.6
 20
296.6
 30
0.0
 40
1.8
  1
(-)2.000
  7
OpenSans
 11
182.6
 21
296.6
 31
0.0
100
AcDbText
 73
2
  0
TEXT
  5
11C
330
17
100
AcDbEntity
  8
S-TEXT
100
AcDbText
 10
130.0
 20
329.4
 30
0.0
 40
1.7
  1
12 R @ 166.6667,  GOING 300,  WAIST 250
  7
OpenSans
 72
1
 11
130.0
 21
329.4
 31
0.0
100
AcDbText
 73
2
  0
TEXT
  5
11D
330
17
100
AcDbEntity
  8
S-TEXT
100
AcDbText
 10
136.0
 20
346.8
 30
0.0
 40
1.7
  1
RAKING ROOF 250, SOFFIT 2200 OVER THE FLIGHT
  7
OpenSans
 72
1
 11
136.0
 21
346.8
 31
0.0
100
AcDbText
 73
2
  0
TEXT
  5
11E
330
17
100
AcDbEntity
  8
S-TEXT
100
AcDbText
 10
130.0
 20
287.8
 30
0.0
 40
1.7
  1
STEPPED RAFT 300 ON COMPACTED FILL - CLEAR OF THE FLIGHT (AS1-F1)
  7
OpenSans
 72
1
 11
130.0
 21
287.8
 31
0.0
100
AcDbText
 73
2
  0
TEXT
  5
11F
330
17
100
AcDbEntity
  8
S-TEXT
100
AcDbText
 10
86.0
 20
362.4
 30
0.0
 40
1.7
  1
ENTRY DOOR 1000 x 2100
  7
OpenSans
 72
1
 11
86.0
 21
362.4
 31
0.0
100
AcDbText
 73
2
  0
TEXT
  5
120
330
17
100
AcDbEntity
  8
S-TEXT
100
AcDbText
 10
178.0
 20
298.6
 30
0.0
 40
1.7
  1
PLATFORM
  7
OpenSans
 72
1
 11
178.0
 21
298.6
 31
0.0
100
AcDbText
 73
2
  0
TEXT
  5
121
330
17
100
AcDbEntity
  8
S-TEXT
100
AcDbText
 10
85.0
 20
345.2
 30
0.0
 40
1.7
  1
TOP LANDING
  7
OpenSans
 72
1
 11
85.0
 21
345.2
 31
0.0
100
AcDbText
 73
2
  0
TEXT
  5
122
330
17
100
AcDbEntity
  8
S-TEXT
100
AcDbText
 10
186.0
 20
282.8
 30
0.0
 40
1.7
  1
MOVEMENT JOINT
  7
OpenSans
 72
2
 11
186.0
 21
282.8
 31
0.0
100
AcDbText
 73
2
  0
LINE
  5
123
330
17
100
AcDbEntity
  8
S-CENTER
100
AcDbLine
 10
198.0
 20
302.0
 30
0.0
 11
198.0
 21
300.2
 31
0.0
  0
LINE
  5
124
330
17
100
AcDbEntity
  8
S-CENTER
100
AcDbLine
 10
198.0
 20
299.0
 30
0.0
 11
198.0
 21
297.2
 31
0.0
  0
LINE
  5
125
330
17
100
AcDbEntity
  8
S-CENTER
100
AcDbLine
 10
198.0
 20
296.0
 30
0.0
 11
198.0
 21
294.2
 31
0.0
  0
LINE
  5
126
330
17
100
AcDbEntity
  8
S-CENTER
100
AcDbLine
 10
198.0
 20
293.0
 30
0.0
 11
198.0
 21
291.2
 31
0.0
  0
LINE
  5
127
330
17
100
AcDbEntity
  8
S-CENTER
100
AcDbLine
 10
198.0
 20
290.0
 30
0.0
 11
198.0
 21
288.2
 31
0.0
  0
LINE
  5
128
330
17
100
AcDbEntity
  8
S-CENTER
100
AcDbLine
 10
198.0
 20
287.0
 30
0.0
 11
198.0
 21
285.2
 31
0.0
  0
LINE
  5
129
330
17
100
AcDbEntity
  8
S-CENTER
100
AcDbLine
 10
198.0
 20
284.0
 30
0.0
 11
198.0
 21
282.2
 31
0.0
  0
LINE
  5
12A
330
17
100
AcDbEntity
  8
S-CENTER
100
AcDbLine
 10
198.0
 20
281.0
 30
0.0
 11
198.0
 21
279.2
 31
0.0
  0
ELLIPSE
  5
12B
330
17
100
AcDbEntity
  8
S-CALLOUT
100
AcDbEllipse
 10
112.0
 20
321.6
 30
0.0
 11
4.3
 21
0.0
 31
0.0
 40
0.5813953488372093
 41
0.0
 42
6.283185307179586
  0
TEXT
  5
12C
330
17
100
AcDbEntity
  8
S-CALLOUT
100
AcDbText
 10
112.0
 20
321.6
 30
0.0
 40
2.0
  1
E01
  7
OpenSans
 72
1
 11
112.0
 21
321.6
 31
0.0
100
AcDbText
 73
2
  0
LINE
  5
12D
330
17
100
AcDbEntity
  8
S-CALLOUT
100
AcDbLine
 10
121.0
 20
314.33454254545455
 30
0.0
 11
116.3
 21
321.6
 31
0.0
  0
ELLIPSE
  5
12E
330
17
100
AcDbEntity
  8
S-CALLOUT
100
AcDbEllipse
 10
76.0
 20
298.4
 30
0.0
 11
4.3
 21
0.0
 31
0.0
 40
0.5813953488372093
 41
0.0
 42
6.283185307179586
  0
TEXT
  5
12F
330
17
100
AcDbEntity
  8
S-CALLOUT
100
AcDbText
 10
76.0
 20
298.4
 30
0.0
 40
2.0
  1
E09A
  7
OpenSans
 72
1
 11
76.0
 21
298.4
 31
0.0
100
AcDbText
 73
2
  0
LINE
  5
130
330
17
100
AcDbEntity
  8
S-CALLOUT
100
AcDbLine
 10
97.0
 20
318.0
 30
0.0
 11
80.3
 21
298.4
 31
0.0
  0
ELLIPSE
  5
131
330
17
100
AcDbEntity
  8
S-CALLOUT
100
AcDbEllipse
 10
89.0
 20
352.0
 30
0.0
 11
4.3
 21
0.0
 31
0.0
 40
0.5813953488372093
 41
0.0
 42
6.283185307179586
  0
TEXT
  5
132
330
17
100
AcDbEntity
  8
S-CALLOUT
100
AcDbText
 10
89.0
 20
352.0
 30
0.0
 40
2.0
  1
E05A
  7
OpenSans
 72
1
 11
89.0
 21
352.0
 31
0.0
100
AcDbText
 73
2
  0
LINE
  5
133
330
17
100
AcDbEntity
  8
S-CALLOUT
100
AcDbLine
 10
113.0
 20
370.8030303030303
 30
0.0
 11
93.3
 21
352.0
 31
0.0
  0
ELLIPSE
  5
134
330
17
100
AcDbEntity
  8
S-CALLOUT
100
AcDbEllipse
 10
160.0
 20
303.4
 30
0.0
 11
4.3
 21
0.0
 31
0.0
 40
0.5813953488372093
 41
0.0
 42
6.283185307179586
  0
TEXT
  5
135
330
17
100
AcDbEntity
  8
S-CALLOUT
100
AcDbText
 10
160.0
 20
303.4
 30
0.0
 40
2.0
  1
E03
  7
OpenSans
 72
1
 11
160.0
 21
303.4
 31
0.0
100
AcDbText
 73
2
  0
LINE
  5
136
330
17
100
AcDbEntity
  8
S-CALLOUT
100
AcDbLine
 10
175.0
 20
293.1
 30
0.0
 11
164.3
 21
303.4
 31
0.0
  0
INSERT
  5
137
330
17
100
AcDbEntity
  8
S-SECTION
100
AcDbBlockReference
  2
A2-SECMARK
 10
163.0
 20
314.6
 30
0.0
  0
TEXT
  5
139
330
17
100
AcDbEntity
  8
S-SECTION
100
AcDbText
 10
163.0
 20
314.6
 30
0.0
 40
2.0
  1
3
  7
OpenSans
 72
1
 11
163.0
 21
314.6
 31
0.0
100
AcDbText
 73
2
  0
LINE
  5
13A
330
17
100
AcDbEntity
  8
S-SECTION
100
AcDbLine
 10
163.0
 20
311.6
 30
0.0
 11
163.0
 21
309.0
 31
0.0
  0
DIMENSION
  5
13B
330
17
100
AcDbEntity
  8
S-DIM
100
AcDbDimension
280
0
  2
*D1
  3
A2-DIM-S
 10
67.0
 20
268.0
 30
0.0
 11
82.0
 21
269.6
 31
0.0
 70
32
 71
5
  1
<>
100
AcDbAlignedDimension
 13
67.0
 23
294.0
 33
0.0
 14
97.0
 24
294.0
 34
0.0
 50
0.0
100
AcDbRotatedDimension
1001
ACAD
1000
DSTYLE
1002
{
1070
144
1040
50.0
1002
}
  0
DIMENSION
  5
14A
330
17
100
AcDbEntity
  8
S-DIM
100
AcDbDimension
280
0
  2
*D2
  3
A2-DIM-S
 10
97.0
 20
268.0
 30
0.0
 11
130.0
 21
269.6
 31
0.0
 70
32
 71
5
  1
<>
100
AcDbAlignedDimension
 13
97.0
 23
294.0
 33
0.0
 14
163.0
 24
294.0
 34
0.0
 50
0.0
100
AcDbRotatedDimension
1001
ACAD
1000
DSTYLE
1002
{
1070
144
1040
50.0
1002
}
  0
DIMENSION
  5
159
330
17
100
AcDbEntity
  8
S-DIM
100
AcDbDimension
280
0
  2
*D3
  3
A2-DIM-S
 10
163.0
 20
268.0
 30
0.0
 11
178.0
 21
269.6
 31
0.0
 70
32
 71
5
  1
<>
100
AcDbAlignedDimension
 13
163.0
 23
294.0
 33
0.0
 14
193.0
 24
294.0
 34
0.0
 50
0.0
100
AcDbRotatedDimension
1001
ACAD
1000
DSTYLE
1002
{
1070
144
1040
50.0
1002
}
  0
DIMENSION
  5
168
330
17
100
AcDbEntity
  8
S-DIM
100
AcDbDimension
280
0
  2
*D4
  3
A2-DIM
 10
62.0
 20
261.0
 30
0.0
 11
130.0
 21
262.7
 31
0.0
 70
32
 71
5
  1
<>
100
AcDbAlignedDimension
 13
62.0
 23
294.0
 33
0.0
 14
198.0
 24
294.0
 34
0.0
 50
0.0
100
AcDbRotatedDimension
1001
ACAD
1000
DSTYLE
1002
{
1070
144
1040
50.0
1002
}
  0
CIRCLE
  5
177
330
17
100
AcDbEntity
  8
S-TITLE
100
AcDbCircle
 10
48.0
 20
252.0
 30
0.0
 40
4.0
  0
TEXT
  5
178
330
17
100
AcDbEntity
  8
S-TITLE
100
AcDbText
 10
48.0
 20
252.0
 30
0.0
 40
3.6720000000000006
  1
1
  7
OpenSans
 72
1
 11
48.0
 21
252.0
 31
0.0
100
AcDbText
 73
2
  0
TEXT
  5
179
330
17
100
AcDbEntity
  8
S-TITLE
100
AcDbText
 10
56.2
 20
253.0
 30
0.0
 40
5.4
  1
ENTRY STAIRWELL - LONGITUDINAL SECTION B-B
  7
OpenSans
 11
56.2
 21
253.0
 31
0.0
100
AcDbText
  0
LINE
  5
17A
330
17
100
AcDbEntity
  8
S-TITLE
100
AcDbLine
 10
53.6
 20
251.6
 30
0.0
 11
272.0
 21
251.6
 31
0.0
  0
TEXT
  5
17B
330
17
100
AcDbEntity
  8
S-TEXT
100
AcDbText
 10
56.2
 20
245.4
 30
0.0
 40
3.3
  1
1 : 50   CUT ON THE 1500 WIDTH CENTRELINE, LOOKING NORTH
  7
OpenSans
 11
56.2
 21
245.4
 31
0.0
100
AcDbText
  0
LWPOLYLINE
  5
17C
330
17
100
AcDbEntity
  8
S-CONCRETE
100
AcDbPolyline
 90
4
 70
1
 10
62.0
 20
168.0
 10
198.0
 20
168.0
 10
198.0
 20
208.0
 10
62.0
 20
208.0
  0
LWPOLYLINE
  5
17D
330
17
100
AcDbEntity
  8
S-CONCRETE
100
AcDbPolyline
 90
4
 70
1
 10
67.0
 20
173.0
 10
193.0
 20
173.0
 10
193.0
 20
203.0
 10
67.0
 20
203.0
  0
HATCH
  5
17E
330
17
100
AcDbEntity
  8
S-HATCH
 62
7
100
AcDbHatch
 10
0.0
 20
0.0
 30
0.0
210
0.0
220
0.0
230
1.0
  2
ANSI31
 70
0
 71
0
 91
1
 92
3
 72
0
 73
1
 93
4
 10
62.0
 20
168.0
 10
198.0
 20
168.0
 10
198.0
 20
173.0
 10
62.0
 20
173.0
 97
0
 75
1
 76
1
 52
0.0
 41
0.5
 77
0
 78
1
 53
45.0
 43
0.0
 44
0.0
 45
-1.1225320152
 46
1.1225320152
 79
0
 98
0
  0
HATCH
  5
17F
330
17
100
AcDbEntity
  8
S-HATCH
 62
7
100
AcDbHatch
 10
0.0
 20
0.0
 30
0.0
210
0.0
220
0.0
230
1.0
  2
ANSI31
 70
0
 71
0
 91
1
 92
3
 72
0
 73
1
 93
4
 10
62.0
 20
203.0
 10
198.0
 20
203.0
 10
198.0
 20
208.0
 10
62.0
 20
208.0
 97
0
 75
1
 76
1
 52
0.0
 41
0.5
 77
0
 78
1
 53
45.0
 43
0.0
 44
0.0
 45
-1.1225320152
 46
1.1225320152
 79
0
 98
0
  0
HATCH
  5
180
330
17
100
AcDbEntity
  8
S-HATCH
 62
7
100
AcDbHatch
 10
0.0
 20
0.0
 30
0.0
210
0.0
220
0.0
230
1.0
  2
ANSI31
 70
0
 71
0
 91
1
 92
3
 72
0
 73
1
 93
4
 10
62.0
 20
168.0
 10
67.0
 20
168.0
 10
67.0
 20
208.0
 10
62.0
 20
208.0
 97
0
 75
1
 76
1
 52
0.0
 41
0.5
 77
0
 78
1
 53
45.0
 43
0.0
 44
0.0
 45
-1.1225320152
 46
1.1225320152
 79
0
 98
0
  0
HATCH
  5
181
330
17
100
AcDbEntity
  8
S-HATCH
 62
7
100
AcDbHatch
 10
0.0
 20
0.0
 30
0.0
210
0.0
220
0.0
230
1.0
  2
ANSI31
 70
0
 71
0
 91
1
 92
3
 72
0
 73
1
 93
4
 10
193.0
 20
168.0
 10
198.0
 20
168.0
 10
198.0
 20
208.0
 10
193.0
 20
208.0
 97
0
 75
1
 76
1
 52
0.0
 41
0.5
 77
0
 78
1
 53
45.0
 43
0.0
 44
0.0
 45
-1.1225320152
 46
1.1225320152
 79
0
 98
0
  0
LINE
  5
182
330
17
100
AcDbEntity
  8
S-CONCRETE
100
AcDbLine
 10
97.0
 20
173.0
 30
0.0
 11
97.0
 21
203.0
 31
0.0
  0
LINE
  5
183
330
17
100
AcDbEntity
  8
S-CONCRETE
100
AcDbLine
 10
163.0
 20
173.0
 30
0.0
 11
163.0
 21
203.0
 31
0.0
  0
LINE
  5
184
330
17
100
AcDbEntity
  8
S-CONCRETE-THIN
100
AcDbLine
 10
103.0
 20
173.0
 30
0.0
 11
103.0
 21
203.0
 31
0.0
  0
LINE
  5
185
330
17
100
AcDbEntity
  8
S-CONCRETE-THIN
100
AcDbLine
 10
109.0
 20
173.0
 30
0.0
 11
109.0
 21
203.0
 31
0.0
  0
LINE
  5
186
330
17
100
AcDbEntity
  8
S-CONCRETE-THIN
100
AcDbLine
 10
115.0
 20
173.0
 30
0.0
 11
115.0
 21
203.0
 31
0.0
  0
LINE
  5
187
330
17
100
AcDbEntity
  8
S-CONCRETE-THIN
100
AcDbLine
 10
121.0
 20
173.0
 30
0.0
 11
121.0
 21
203.0
 31
0.0
  0
LINE
  5
188
330
17
100
AcDbEntity
  8
S-CONCRETE-THIN
100
AcDbLine
 10
127.0
 20
173.0
 30
0.0
 11
127.0
 21
203.0
 31
0.0
  0
LINE
  5
189
330
17
100
AcDbEntity
  8
S-CONCRETE-THIN
100
AcDbLine
 10
133.0
 20
173.0
 30
0.0
 11
133.0
 21
203.0
 31
0.0
  0
LINE
  5
18A
330
17
100
AcDbEntity
  8
S-CONCRETE-THIN
100
AcDbLine
 10
139.0
 20
173.0
 30
0.0
 11
139.0
 21
203.0
 31
0.0
  0
LINE
  5
18B
330
17
100
AcDbEntity
  8
S-CONCRETE-THIN
100
AcDbLine
 10
145.0
 20
173.0
 30
0.0
 11
145.0
 21
203.0
 31
0.0
  0
LINE
  5
18C
330
17
100
AcDbEntity
  8
S-CONCRETE-THIN
100
AcDbLine
 10
151.0
 20
173.0
 30
0.0
 11
151.0
 21
203.0
 31
0.0
  0
LINE
  5
18D
330
17
100
AcDbEntity
  8
S-CONCRETE-THIN
100
AcDbLine
 10
157.0
 20
173.0
 30
0.0
 11
157.0
 21
203.0
 31
0.0
  0
LINE
  5
18E
330
17
100
AcDbEntity
  8
S-CONCRETE-THIN
100
AcDbLine
 10
163.0
 20
173.0
 30
0.0
 11
163.0
 21
203.0
 31
0.0
  0
LWPOLYLINE
  5
18F
330
17
100
AcDbEntity
  8
S-EXISTING
100
AcDbPolyline
 90
4
 70
1
 10
56.0
 20
173.0
 10
62.0
 20
173.0
 10
62.0
 20
203.0
 10
56.0
 20
203.0
  0
LINE
  5
190
330
17
100
AcDbEntity
  8
S-EXISTING
100
AcDbLine
 10
56.0
 20
173.0
 30
0.0
 11
56.0
 21
203.0
 31
0.0
  0
LINE
  5
191
330
17
100
AcDbEntity
  8
S-EXISTING
100
AcDbLine
 10
57.2
 20
173.0
 30
0.0
 11
57.2
 21
203.0
 31
0.0
  0
LINE
  5
192
330
17
100
AcDbEntity
  8
S-EXISTING
100
AcDbLine
 10
58.4
 20
173.0
 30
0.0
 11
58.4
 21
203.0
 31
0.0
  0
LINE
  5
193
330
17
100
AcDbEntity
  8
S-EXISTING
100
AcDbLine
 10
59.6
 20
173.0
 30
0.0
 11
59.6
 21
203.0
 31
0.0
  0
LINE
  5
194
330
17
100
AcDbEntity
  8
S-EXISTING
100
AcDbLine
 10
60.8
 20
173.0
 30
0.0
 11
60.8
 21
203.0
 31
0.0
  0
LINE
  5
195
330
17
100
AcDbEntity
  8
S-EXISTING
100
AcDbLine
 10
62.0
 20
173.0
 30
0.0
 11
62.0
 21
203.0
 31
0.0
  0
LINE
  5
196
330
17
100
AcDbEntity
  8
S-HIDDEN
100
AcDbLine
 10
62.0
 20
178.0
 30
0.0
 11
62.0
 21
179.8
 31
0.0
  0
LINE
  5
197
330
17
100
AcDbEntity
  8
S-HIDDEN
100
AcDbLine
 10
62.0
 20
181.0
 30
0.0
 11
62.0
 21
182.8
 31
0.0
  0
LINE
  5
198
330
17
100
AcDbEntity
  8
S-HIDDEN
100
AcDbLine
 10
62.0
 20
184.0
 30
0.0
 11
62.0
 21
185.8
 31
0.0
  0
LINE
  5
199
330
17
100
AcDbEntity
  8
S-HIDDEN
100
AcDbLine
 10
62.0
 20
187.0
 30
0.0
 11
62.0
 21
188.8
 31
0.0
  0
LINE
  5
19A
330
17
100
AcDbEntity
  8
S-HIDDEN
100
AcDbLine
 10
62.0
 20
190.0
 30
0.0
 11
62.0
 21
191.8
 31
0.0
  0
LINE
  5
19B
330
17
100
AcDbEntity
  8
S-HIDDEN
100
AcDbLine
 10
62.0
 20
193.0
 30
0.0
 11
62.0
 21
194.8
 31
0.0
  0
LINE
  5
19C
330
17
100
AcDbEntity
  8
S-HIDDEN
100
AcDbLine
 10
62.0
 20
196.0
 30
0.0
 11
62.0
 21
197.8
 31
0.0
  0
LWPOLYLINE
  5
19D
330
17
100
AcDbEntity
  8
S-REBAR-DIST
100
AcDbPolyline
 90
2
 70
0
 10
69.0
 20
173.6
 10
69.0
 20
202.4
  0
LWPOLYLINE
  5
19E
330
17
100
AcDbEntity
  8
S-REBAR-DIST
100
AcDbPolyline
 90
2
 70
0
 10
73.0
 20
173.6
 10
73.0
 20
202.4
  0
LWPOLYLINE
  5
19F
330
17
100
AcDbEntity
  8
S-REBAR-DIST
100
AcDbPolyline
 90
2
 70
0
 10
77.0
 20
173.6
 10
77.0
 20
202.4
  0
LWPOLYLINE
  5
1A0
330
17
100
AcDbEntity
  8
S-REBAR-DIST
100
AcDbPolyline
 90
2
 70
0
 10
81.0
 20
173.6
 10
81.0
 20
202.4
  0
LWPOLYLINE
  5
1A1
330
17
100
AcDbEntity
  8
S-REBAR-DIST
100
AcDbPolyline
 90
2
 70
0
 10
85.0
 20
173.6
 10
85.0
 20
202.4
  0
LWPOLYLINE
  5
1A2
330
17
100
AcDbEntity
  8
S-REBAR-DIST
100
AcDbPolyline
 90
2
 70
0
 10
89.0
 20
173.6
 10
89.0
 20
202.4
  0
LWPOLYLINE
  5
1A3
330
17
100
AcDbEntity
  8
S-REBAR-DIST
100
AcDbPolyline
 90
2
 70
0
 10
93.0
 20
173.6
 10
93.0
 20
202.4
  0
LWPOLYLINE
  5
1A4
330
17
100
AcDbEntity
  8
S-REBAR-DIST
100
AcDbPolyline
 90
2
 70
0
 10
97.0
 20
173.6
 10
97.0
 20
202.4
  0
LWPOLYLINE
  5
1A5
330
17
100
AcDbEntity
  8
S-REBAR-DIST
100
AcDbPolyline
 90
2
 70
0
 10
101.0
 20
173.6
 10
101.0
 20
202.4
  0
LWPOLYLINE
  5
1A6
330
17
100
AcDbEntity
  8
S-REBAR-DIST
100
AcDbPolyline
 90
2
 70
0
 10
105.0
 20
173.6
 10
105.0
 20
202.4
  0
LWPOLYLINE
  5
1A7
330
17
100
AcDbEntity
  8
S-REBAR-DIST
100
AcDbPolyline
 90
2
 70
0
 10
109.0
 20
173.6
 10
109.0
 20
202.4
  0
LWPOLYLINE
  5
1A8
330
17
100
AcDbEntity
  8
S-REBAR-DIST
100
AcDbPolyline
 90
2
 70
0
 10
113.0
 20
173.6
 10
113.0
 20
202.4
  0
LWPOLYLINE
  5
1A9
330
17
100
AcDbEntity
  8
S-REBAR-DIST
100
AcDbPolyline
 90
2
 70
0
 10
117.0
 20
173.6
 10
117.0
 20
202.4
  0
LWPOLYLINE
  5
1AA
330
17
100
AcDbEntity
  8
S-REBAR-DIST
100
AcDbPolyline
 90
2
 70
0
 10
121.0
 20
173.6
 10
121.0
 20
202.4
  0
LWPOLYLINE
  5
1AB
330
17
100
AcDbEntity
  8
S-REBAR-DIST
100
AcDbPolyline
 90
2
 70
0
 10
125.0
 20
173.6
 10
125.0
 20
202.4
  0
LWPOLYLINE
  5
1AC
330
17
100
AcDbEntity
  8
S-REBAR-DIST
100
AcDbPolyline
 90
2
 70
0
 10
129.0
 20
173.6
 10
129.0
 20
202.4
  0
LWPOLYLINE
  5
1AD
330
17
100
AcDbEntity
  8
S-REBAR-DIST
100
AcDbPolyline
 90
2
 70
0
 10
133.0
 20
173.6
 10
133.0
 20
202.4
  0
LWPOLYLINE
  5
1AE
330
17
100
AcDbEntity
  8
S-REBAR-DIST
100
AcDbPolyline
 90
2
 70
0
 10
137.0
 20
173.6
 10
137.0
 20
202.4
  0
LWPOLYLINE
  5
1AF
330
17
100
AcDbEntity
  8
S-REBAR-DIST
100
AcDbPolyline
 90
2
 70
0
 10
141.0
 20
173.6
 10
141.0
 20
202.4
  0
LWPOLYLINE
  5
1B0
330
17
100
AcDbEntity
  8
S-REBAR-DIST
100
AcDbPolyline
 90
2
 70
0
 10
145.0
 20
173.6
 10
145.0
 20
202.4
  0
LWPOLYLINE
  5
1B1
330
17
100
AcDbEntity
  8
S-REBAR-DIST
100
AcDbPolyline
 90
2
 70
0
 10
149.0
 20
173.6
 10
149.0
 20
202.4
  0
LWPOLYLINE
  5
1B2
330
17
100
AcDbEntity
  8
S-REBAR-DIST
100
AcDbPolyline
 90
2
 70
0
 10
153.0
 20
173.6
 10
153.0
 20
202.4
  0
LWPOLYLINE
  5
1B3
330
17
100
AcDbEntity
  8
S-REBAR-DIST
100
AcDbPolyline
 90
2
 70
0
 10
157.0
 20
173.6
 10
157.0
 20
202.4
  0
LWPOLYLINE
  5
1B4
330
17
100
AcDbEntity
  8
S-REBAR-DIST
100
AcDbPolyline
 90
2
 70
0
 10
161.0
 20
173.6
 10
161.0
 20
202.4
  0
LWPOLYLINE
  5
1B5
330
17
100
AcDbEntity
  8
S-REBAR-DIST
100
AcDbPolyline
 90
2
 70
0
 10
165.0
 20
173.6
 10
165.0
 20
202.4
  0
LWPOLYLINE
  5
1B6
330
17
100
AcDbEntity
  8
S-REBAR-DIST
100
AcDbPolyline
 90
2
 70
0
 10
169.0
 20
173.6
 10
169.0
 20
202.4
  0
LWPOLYLINE
  5
1B7
330
17
100
AcDbEntity
  8
S-REBAR-DIST
100
AcDbPolyline
 90
2
 70
0
 10
173.0
 20
173.6
 10
173.0
 20
202.4
  0
LWPOLYLINE
  5
1B8
330
17
100
AcDbEntity
  8
S-REBAR-DIST
100
AcDbPolyline
 90
2
 70
0
 10
177.0
 20
173.6
 10
177.0
 20
202.4
  0
LWPOLYLINE
  5
1B9
330
17
100
AcDbEntity
  8
S-REBAR-DIST
100
AcDbPolyline
 90
2
 70
0
 10
181.0
 20
173.6
 10
181.0
 20
202.4
  0
LWPOLYLINE
  5
1BA
330
17
100
AcDbEntity
  8
S-REBAR-DIST
100
AcDbPolyline
 90
2
 70
0
 10
185.0
 20
173.6
 10
185.0
 20
202.4
  0
LWPOLYLINE
  5
1BB
330
17
100
AcDbEntity
  8
S-REBAR-DIST
100
AcDbPolyline
 90
2
 70
0
 10
189.0
 20
173.6
 10
189.0
 20
202.4
  0
LWPOLYLINE
  5
1BC
330
17
100
AcDbEntity
  8
S-REBAR-MAIN
100
AcDbPolyline
 90
2
 70
0
 10
67.0
 20
173.6
 10
193.0
 20
173.6
  0
LWPOLYLINE
  5
1BD
330
17
100
AcDbEntity
  8
S-REBAR-MAIN
100
AcDbPolyline
 90
2
 70
0
 10
67.0
 20
202.4
 10
193.0
 20
202.4
  0
TEXT
  5
1BE
330
17
100
AcDbEntity
  8
S-TEXT
100
AcDbText
 10
128.0
 20
213.0
 30
0.0
 40
1.7
  1
FLIGHT  11 GOINGS @ 300 = 3300
  7
OpenSans
 72
1
 11
128.0
 21
213.0
 31
0.0
100
AcDbText
 73
2
  0
TEXT
  5
1BF
330
17
100
AcDbEntity
  8
S-TEXT
100
AcDbText
 10
82.0
 20
213.0
 30
0.0
 40
1.7
  1
TOP LANDING
  7
OpenSans
 72
1
 11
82.0
 21
213.0
 31
0.0
100
AcDbText
 73
2
  0
TEXT
  5
1C0
330
17
100
AcDbEntity
  8
S-TEXT
100
AcDbText
 10
174.0
 20
213.0
 30
0.0
 40
1.7
  1
PLATFORM
  7
OpenSans
 72
1
 11
174.0
 21
213.0
 31
0.0
100
AcDbText
 73
2
  0
TEXT
  5
1C1
330
17
100
AcDbEntity
  8
S-TEXT
100
AcDbText
 10
75.0
 20
229.0
 30
0.0
 40
1.7
  1
CHANNEL + GRATING AT THE DOOR
  7
OpenSans
 72
1
 11
75.0
 21
229.0
 31
0.0
100
AcDbText
 73
2
  0
TEXT
  5
1C2
330
17
100
AcDbEntity
  8
S-TEXT
100
AcDbText
 10
137.0
 20
188.0
 30
0.0
 40
1.7
  1
1500 CLEAR
  7
OpenSans
 72
1
 11
137.0
 21
188.0
 31
0.0
100
AcDbText
 73
2
  0
ELLIPSE
  5
1C3
330
17
100
AcDbEntity
  8
S-CALLOUT
100
AcDbEllipse
 10
118.0
 20
221.0
 30
0.0
 11
4.3
 21
0.0
 31
0.0
 40
0.5813953488372093
 41
0.0
 42
6.283185307179586
  0
TEXT
  5
1C4
330
17
100
AcDbEntity
  8
S-CALLOUT
100
AcDbText
 10
118.0
 20
221.0
 30
0.0
 40
2.0
  1
E02
  7
OpenSans
 72
1
 11
118.0
 21
221.0
 31
0.0
100
AcDbText
 73
2
  0
LINE
  5
1C5
330
17
100
AcDbEntity
  8
S-CALLOUT
100
AcDbLine
 10
121.0
 20
177.0
 30
0.0
 11
122.3
 21
221.0
 31
0.0
  0
ELLIPSE
  5
1C6
330
17
100
AcDbEntity
  8
S-CALLOUT
100
AcDbEllipse
 10
166.0
 20
221.0
 30
0.0
 11
4.3
 21
0.0
 31
0.0
 40
0.5813953488372093
 41
0.0
 42
6.283185307179586
  0
TEXT
  5
1C7
330
17
100
AcDbEntity
  8
S-CALLOUT
100
AcDbText
 10
166.0
 20
221.0
 30
0.0
 40
2.0
  1
E01
  7
OpenSans
 72
1
 11
166.0
 21
221.0
 31
0.0
100
AcDbText
 73
2
  0
LINE
  5
1C8
330
17
100
AcDbEntity
  8
S-CALLOUT
100
AcDbLine
 10
163.0
 20
173.6
 30
0.0
 11
161.7
 21
221.0
 31
0.0
  0
INSERT
  5
1C9
330
17
100
AcDbEntity
  8
S-TITLE
100
AcDbBlockReference
  2
A2-NORTH
 10
193.0
 20
228.0
 30
0.0
  0
TEXT
  5
1CB
330
17
100
AcDbEntity
  8
S-TITLE
100
AcDbText
 10
193.0
 20
237.6
 30
0.0
 40
1.8
  1
N
  7
OpenSans
 72
1
 11
193.0
 21
237.6
 31
0.0
100
AcDbText
 73
1
  0
DIMENSION
  5
1CC
330
17
100
AcDbEntity
  8
S-DIM
100
AcDbDimension
280
0
  2
*D5
  3
A2-DIM
 10
62.0
 20
162.0
 30
0.0
 11
130.0
 21
163.7
 31
0.0
 70
32
 71
5
  1
<>
100
AcDbAlignedDimension
 13
62.0
 23
168.0
 33
0.0
 14
198.0
 24
168.0
 34
0.0
 50
0.0
100
AcDbRotatedDimension
1001
ACAD
1000
DSTYLE
1002
{
1070
144
1040
50.0
1002
}
  0
DIMENSION
  5
1DB
330
17
100
AcDbEntity
  8
S-DIM
100
AcDbDimension
280
0
  2
*D6
  3
A2-DIM-S
 10
54.0
 20
168.0
 30
0.0
 11
52.4
 21
188.0
 31
0.0
 70
32
 71
5
  1
<>
100
AcDbAlignedDimension
 13
62.0
 23
168.0
 33
0.0
 14
62.0
 24
208.0
 34
0.0
 50
90.0
100
AcDbRotatedDimension
1001
ACAD
1000
DSTYLE
1002
{
1070
144
1040
50.0
1002
}
  0
CIRCLE
  5
1EA
330
17
100
AcDbEntity
  8
S-TITLE
100
AcDbCircle
 10
48.0
 20
154.0
 30
0.0
 40
4.0
  0
TEXT
  5
1EB
330
17
100
AcDbEntity
  8
S-TITLE
100
AcDbText
 10
48.0
 20
154.0
 30
0.0
 40
3.6720000000000006
  1
2
  7
OpenSans
 72
1
 11
48.0
 21
154.0
 31
0.0
100
AcDbText
 73
2
  0
TEXT
  5
1EC
330
17
100
AcDbEntity
  8
S-TITLE
100
AcDbText
 10
56.2
 20
155.0
 30
0.0
 40
5.4
  1
ENTRY STAIRWELL - PLAN
  7
OpenSans
 11
56.2
 21
155.0
 31
0.0
100
AcDbText
  0
LINE
  5
1ED
330
17
100
AcDbEntity
  8
S-TITLE
100
AcDbLine
 10
53.6
 20
153.6
 30
0.0
 11
200.0
 21
153.6
 31
0.0
  0
TEXT
  5
1EE
330
17
100
AcDbEntity
  8
S-TEXT
100
AcDbText
 10
56.2
 20
147.4
 30
0.0
 40
3.061756107300239
  1
1 : 50   EXTERNAL 6800 x 2000, INTERNAL 6300 x 1500, WALLS 250
  7
OpenSans
 11
56.2
 21
147.4
 31
0.0
100
AcDbText
  0
HATCH
  5
1EF
330
17
100
AcDbEntity
  8
S-HATCH
 62
7
100
AcDbHatch
 10
0.0
 20
0.0
 30
0.0
210
0.0
220
0.0
230
1.0
  2
ANSI31
 70
0
 71
0
 91
1
 92
3
 72
0
 73
1
 93
5
 10
202.0
 20
215.21212121212122
 10
237.0
 20
194.0
 10
272.0
 20
194.0
 10
272.0
 20
181.5
 10
202.0
 20
200.9121212121212
 97
0
 75
1
 76
1
 52
0.0
 41
0.6
 77
0
 78
1
 53
45.0
 43
0.0
 44
0.0
 45
-1.3470384182
 46
1.3470384182
 79
0
 98
0
  0
LWPOLYLINE
  5
1F0
330
17
100
AcDbEntity
  8
S-CONCRETE
100
AcDbPolyline
 90
5
 70
1
 10
202.0
 20
215.21212121212122
 10
237.0
 20
194.0
 10
272.0
 20
194.0
 10
272.0
 20
181.5
 10
202.0
 20
200.9121212121212
  0
LWPOLYLINE
  5
1F1
330
17
100
AcDbEntity
  8
S-REBAR-MAIN
100
AcDbPolyline
 90
2
 70
0
 10
202.0
 20
202.4121212121212
 10
269.0
 20
183.0
  0
LWPOLYLINE
  5
1F2
330
17
100
AcDbEntity
  8
S-REBAR-MAIN
100
AcDbPolyline
 90
2
 70
0
 10
272.0
 20
192.5
 10
205.0
 20
211.8939393939394
  0
LWPOLYLINE
  5
1F3
330
17
100
AcDbEntity
  8
S-REBAR-SEC
100
AcDbPolyline
 90
3
 70
0
 10
224.0
 20
181.0
 10
224.0
 20
192.5
 10
250.0
 20
192.5
  0
LWPOLYLINE
  5
1F4
330
17
100
AcDbEntity
  8
S-REBAR-SEC
100
AcDbPolyline
 90
3
 70
0
 10
221.0
 20
181.0
 10
221.0
 20
189.5
 10
250.0
 20
189.5
  0
LINE
  5
1F5
330
17
100
AcDbEntity
  8
S-CALLOUT
100
AcDbLine
 10
237.0
 20
194.0
 30
0.0
 11
235.0
 21
231.0
 31
0.0
  0
LINE
  5
1F6
330
17
100
AcDbEntity
  8
S-CALLOUT
100
AcDbLine
 10
235.0
 20
231.0
 30
0.0
 11
232.4
 21
231.0
 31
0.0
  0
TEXT
  5
1F7
330
17
100
AcDbEntity
  8
S-TEXT
100
AcDbText
 10
231.6
 20
231.0
 30
0.0
 40
1.7
  1
209 deg - THE TENSION FACE OPENS HERE
  7
OpenSans
 72
2
 11
231.6
 21
231.0
 31
0.0
100
AcDbText
 73
2
  0
TEXT
  5
1F8
330
17
100
AcDbEntity
  8
S-TEXT
100
AcDbText
 10
237.0
 20
175.0
 30
0.0
 40
1.7
  1
MAIN BARS ARE NOT BENT ROUND IT.  EACH
  7
OpenSans
 72
1
 11
237.0
 21
175.0
 31
0.0
100
AcDbText
 73
2
  0
TEXT
  5
1F9
330
17
100
AcDbEntity
  8
S-TEXT
100
AcDbText
 10
237.0
 20
171.0
 30
0.0
 40
1.7
  1
LAYER RUNS STRAIGHT, CROSSED, AND IS
  7
OpenSans
 72
1
 11
237.0
 21
171.0
 31
0.0
100
AcDbText
 73
2
  0
TEXT
  5
1FA
330
17
100
AcDbEntity
  8
S-TEXT
100
AcDbText
 10
237.0
 20
167.0
 30
0.0
 40
1.7
  1
ANCHORED Ld 640 INTO THE OPPOSITE FACE
  7
OpenSans
 72
1
 11
237.0
 21
167.0
 31
0.0
100
AcDbText
 73
2
  0
ELLIPSE
  5
1FB
330
17
100
AcDbEntity
  8
S-CALLOUT
100
AcDbEllipse
 10
211.0
 20
224.0
 30
0.0
 11
4.3
 21
0.0
 31
0.0
 40
0.5813953488372093
 41
0.0
 42
6.283185307179586
  0
TEXT
  5
1FC
330
17
100
AcDbEntity
  8
S-CALLOUT
100
AcDbText
 10
211.0
 20
224.0
 30
0.0
 40
2.0
  1
E01
  7
OpenSans
 72
1
 11
211.0
 21
224.0
 31
0.0
100
AcDbText
 73
2
  0
LINE
  5
1FD
330
17
100
AcDbEntity
  8
S-CALLOUT
100
AcDbLine
 10
205.0
 20
211.8939393939394
 30
0.0
 11
206.7
 21
224.0
 31
0.0
  0
ELLIPSE
  5
1FE
330
17
100
AcDbEntity
  8
S-CALLOUT
100
AcDbEllipse
 10
263.0
 20
224.0
 30
0.0
 11
4.3
 21
0.0
 31
0.0
 40
0.5813953488372093
 41
0.0
 42
6.283185307179586
  0
TEXT
  5
1FF
330
17
100
AcDbEntity
  8
S-CALLOUT
100
AcDbText
 10
263.0
 20
224.0
 30
0.0
 40
2.0
  1
E12
  7
OpenSans
 72
1
 11
263.0
 21
224.0
 31
0.0
100
AcDbText
 73
2
  0
LINE
  5
200
330
17
100
AcDbEntity
  8
S-CALLOUT
100
AcDbLine
 10
222.5
 20
191.0
 30
0.0
 11
258.7
 21
224.0
 31
0.0
  0
CIRCLE
  5
201
330
17
100
AcDbEntity
  8
S-TITLE
100
AcDbCircle
 10
210.0
 20
154.0
 30
0.0
 40
4.0
  0
TEXT
  5
202
330
17
100
AcDbEntity
  8
S-TITLE
100
AcDbText
 10
210.0
 20
154.0
 30
0.0
 40
3.6720000000000006
  1
3
  7
OpenSans
 72
1
 11
210.0
 21
154.0
 31
0.0
100
AcDbText
 73
2
  0
TEXT
  5
203
330
17
100
AcDbEntity
  8
S-TITLE
100
AcDbText
 10
218.2
 20
155.0
 30
0.0
 40
3.41845341958548
  1
THE OPENING CORNER
  7
OpenSans
 11
218.2
 21
155.0
 31
0.0
100
AcDbText
  0
LINE
  5
204
330
17
100
AcDbEntity
  8
S-TITLE
100
AcDbLine
 10
215.6
 20
153.6
 30
0.0
 11
272.0
 21
153.6
 31
0.0
  0
TEXT
  5
205
330
17
100
AcDbEntity
  8
S-TEXT
100
AcDbText
 10
218.2
 20
147.4
 30
0.0
 40
2.2
  1
1 : 20   TOP OF THE FLIGHT, SP 34 Cl. 5.5
  7
OpenSans
 11
218.2
 21
147.4
 31
0.0
100
AcDbText
  0
HATCH
  5
206
330
17
100
AcDbEntity
  8
S-HATCH
 62
7
100
AcDbHatch
 10
0.0
 20
0.0
 30
0.0
210
0.0
220
0.0
230
1.0
  2
ANSI31
 70
0
 71
0
 91
1
 92
3
 72
0
 73
1
 93
4
 10
46.0
 20
66.0
 10
106.0
 20
66.0
 10
106.0
 20
91.0
 10
46.0
 20
91.0
 97
0
 75
1
 76
1
 52
0.0
 41
0.5
 77
0
 78
1
 53
45.0
 43
0.0
 44
0.0
 45
-1.1225320152
 46
1.1225320152
 79
0
 98
0
  0
LWPOLYLINE
  5
207
330
17
100
AcDbEntity
  8
S-CONCRETE
100
AcDbPolyline
 90
4
 70
1
 10
46.0
 20
66.0
 10
106.0
 20
66.0
 10
106.0
 20
91.0
 10
46.0
 20
91.0
  0
LINE
  5
208
330
17
100
AcDbEntity
  8
S-REBAR-MAIN
100
AcDbLine
 10
49.0
 20
87.2
 30
0.0
 11
103.0
 21
87.2
 31
0.0
  0
CIRCLE
  5
209
330
17
100
AcDbEntity
  8
S-REBAR-DIST
100
AcDbCircle
 10
59.0
 20
87.2
 30
0.0
 40
0.8
  0
HATCH
  5
20A
330
17
100
AcDbEntity
  8
S-REBAR-DIST
 62
5
100
AcDbHatch
 10
0.0
 20
0.0
 30
0.0
210
0.0
220
0.0
230
1.0
  2
SOLID
 70
1
 71
0
 91
1
 92
3
 72
0
 73
1
 93
16
 10
59.8
 20
87.2
 10
59.739103626009026
 20
87.50614674589208
 10
59.56568542494924
 20
87.76568542494924
 10
59.30614674589207
 20
87.93910362600903
 10
59.0
 20
88.0
 10
58.69385325410793
 20
87.93910362600903
 10
58.43431457505076
 20
87.76568542494924
 10
58.260896373990974
 20
87.50614674589208
 10
58.2
 20
87.2
 10
58.260896373990974
 20
86.89385325410792
 10
58.43431457505076
 20
86.63431457505077
 10
58.69385325410793
 20
86.46089637399098
 10
59.0
 20
86.4
 10
59.30614674589207
 20
86.46089637399098
 10
59.56568542494924
 20
86.63431457505077
 10
59.739103626009026
 20
86.89385325410792
 97
0
 75
0
 76
1
 98
0
  0
CIRCLE
  5
20B
330
17
100
AcDbEntity
  8
S-REBAR-DIST
100
AcDbCircle
 10
79.0
 20
87.2
 30
0.0
 40
0.8
  0
HATCH
  5
20C
330
17
100
AcDbEntity
  8
S-REBAR-DIST
 62
5
100
AcDbHatch
 10
0.0
 20
0.0
 30
0.0
210
0.0
220
0.0
230
1.0
  2
SOLID
 70
1
 71
0
 91
1
 92
3
 72
0
 73
1
 93
16
 10
79.8
 20
87.2
 10
79.73910362600903
 20
87.50614674589208
 10
79.56568542494924
 20
87.76568542494924
 10
79.30614674589208
 20
87.93910362600903
 10
79.0
 20
88.0
 10
78.69385325410792
 20
87.93910362600903
 10
78.43431457505076
 20
87.76568542494924
 10
78.26089637399097
 20
87.50614674589208
 10
78.2
 20
87.2
 10
78.26089637399097
 20
86.89385325410792
 10
78.43431457505076
 20
86.63431457505077
 10
78.69385325410792
 20
86.46089637399098
 10
79.0
 20
86.4
 10
79.30614674589208
 20
86.46089637399098
 10
79.56568542494924
 20
86.63431457505077
 10
79.73910362600903
 20
86.89385325410792
 97
0
 75
0
 76
1
 98
0
  0
CIRCLE
  5
20D
330
17
100
AcDbEntity
  8
S-REBAR-DIST
100
AcDbCircle
 10
99.0
 20
87.2
 30
0.0
 40
0.8
  0
HATCH
  5
20E
330
17
100
AcDbEntity
  8
S-REBAR-DIST
 62
5
100
AcDbHatch
 10
0.0
 20
0.0
 30
0.0
210
0.0
220
0.0
230
1.0
  2
SOLID
 70
1
 71
0
 91
1
 92
3
 72
0
 73
1
 93
16
 10
99.8
 20
87.2
 10
99.73910362600903
 20
87.50614674589208
 10
99.56568542494924
 20
87.76568542494924
 10
99.30614674589208
 20
87.93910362600903
 10
99.0
 20
88.0
 10
98.69385325410792
 20
87.93910362600903
 10
98.43431457505076
 20
87.76568542494924
 10
98.26089637399097
 20
87.50614674589208
 10
98.2
 20
87.2
 10
98.26089637399097
 20
86.89385325410792
 10
98.43431457505076
 20
86.63431457505077
 10
98.69385325410792
 20
86.46089637399098
 10
99.0
 20
86.4
 10
99.30614674589208
 20
86.46089637399098
 10
99.56568542494924
 20
86.63431457505077
 10
99.73910362600903
 20
86.89385325410792
 97
0
 75
0
 76
1
 98
0
  0
LINE
  5
20F
330
17
100
AcDbEntity
  8
S-REBAR-MAIN
100
AcDbLine
 10
49.0
 20
69.8
 30
0.0
 11
103.0
 21
69.8
 31
0.0
  0
CIRCLE
  5
210
330
17
100
AcDbEntity
  8
S-REBAR-DIST
100
AcDbCircle
 10
59.0
 20
69.8
 30
0.0
 40
0.8
  0
HATCH
  5
211
330
17
100
AcDbEntity
  8
S-REBAR-DIST
 62
5
100
AcDbHatch
 10
0.0
 20
0.0
 30
0.0
210
0.0
220
0.0
230
1.0
  2
SOLID
 70
1
 71
0
 91
1
 92
3
 72
0
 73
1
 93
16
 10
59.8
 20
69.8
 10
59.739103626009026
 20
70.10614674589208
 10
59.56568542494924
 20
70.36568542494923
 10
59.30614674589207
 20
70.53910362600902
 10
59.0
 20
70.6
 10
58.69385325410793
 20
70.53910362600902
 10
58.43431457505076
 20
70.36568542494923
 10
58.260896373990974
 20
70.10614674589208
 10
58.2
 20
69.8
 10
58.260896373990974
 20
69.49385325410792
 10
58.43431457505076
 20
69.23431457505076
 10
58.69385325410793
 20
69.06089637399097
 10
59.0
 20
69.0
 10
59.30614674589207
 20
69.06089637399097
 10
59.56568542494924
 20
69.23431457505076
 10
59.739103626009026
 20
69.49385325410792
 97
0
 75
0
 76
1
 98
0
  0
CIRCLE
  5
212
330
17
100
AcDbEntity
  8
S-REBAR-DIST
100
AcDbCircle
 10
79.0
 20
69.8
 30
0.0
 40
0.8
  0
HATCH
  5
213
330
17
100
AcDbEntity
  8
S-REBAR-DIST
 62
5
100
AcDbHatch
 10
0.0
 20
0.0
 30
0.0
210
0.0
220
0.0
230
1.0
  2
SOLID
 70
1
 71
0
 91
1
 92
3
 72
0
 73
1
 93
16
 10
79.8
 20
69.8
 10
79.73910362600903
 20
70.10614674589208
 10
79.56568542494924
 20
70.36568542494923
 10
79.30614674589208
 20
70.53910362600902
 10
79.0
 20
70.6
 10
78.69385325410792
 20
70.53910362600902
 10
78.43431457505076
 20
70.36568542494923
 10
78.26089637399097
 20
70.10614674589208
 10
78.2
 20
69.8
 10
78.26089637399097
 20
69.49385325410792
 10
78.43431457505076
 20
69.23431457505076
 10
78.69385325410792
 20
69.06089637399097
 10
79.0
 20
69.0
 10
79.30614674589208
 20
69.06089637399097
 10
79.56568542494924
 20
69.23431457505076
 10
79.73910362600903
 20
69.49385325410792
 97
0
 75
0
 76
1
 98
0
  0
CIRCLE
  5
214
330
17
100
AcDbEntity
  8
S-REBAR-DIST
100
AcDbCircle
 10
99.0
 20
69.8
 30
0.0
 40
0.8
  0
HATCH
  5
215
330
17
100
AcDbEntity
  8
S-REBAR-DIST
 62
5
100
AcDbHatch
 10
0.0
 20
0.0
 30
0.0
210
0.0
220
0.0
230
1.0
  2
SOLID
 70
1
 71
0
 91
1
 92
3
 72
0
 73
1
 93
16
 10
99.8
 20
69.8
 10
99.73910362600903
 20
70.10614674589208
 10
99.56568542494924
 20
70.36568542494923
 10
99.30614674589208
 20
70.53910362600902
 10
99.0
 20
70.6
 10
98.69385325410792
 20
70.53910362600902
 10
98.43431457505076
 20
70.36568542494923
 10
98.26089637399097
 20
70.10614674589208
 10
98.2
 20
69.8
 10
98.26089637399097
 20
69.49385325410792
 10
98.43431457505076
 20
69.23431457505076
 10
98.69385325410792
 20
69.06089637399097
 10
99.0
 20
69.0
 10
99.30614674589208
 20
69.06089637399097
 10
99.56568542494924
 20
69.23431457505076
 10
99.73910362600903
 20
69.49385325410792
 97
0
 75
0
 76
1
 98
0
  0
DIMENSION
  5
216
330
17
100
AcDbEntity
  8
S-DIM
100
AcDbDimension
280
0
  2
*D7
  3
A2-DIM-S
 10
110.5
 20
66.0
 30
0.0
 11
108.9
 21
78.5
 31
0.0
 70
32
 71
5
  1
<>
100
AcDbAlignedDimension
 13
106.0
 23
66.0
 33
0.0
 14
106.0
 24
91.0
 34
0.0
 50
90.0
100
AcDbRotatedDimension
1001
ACAD
1000
DSTYLE
1002
{
1070
144
1040
10.0
1002
}
  0
TEXT
  5
225
330
17
100
AcDbEntity
  8
S-SECTION
100
AcDbText
 10
76.0
 20
57.5
 30
0.0
 40
2.0
  1
c - c
  7
OpenSans
 72
1
 11
76.0
 21
57.5
 31
0.0
100
AcDbText
 73
2
  0
TEXT
  5
226
330
17
100
AcDbEntity
  8
S-TEXT
100
AcDbText
 10
76.0
 20
53.5
 30
0.0
 40
1.7
  1
FLIGHT WAIST 250
  7
OpenSans
 72
1
 11
76.0
 21
53.5
 31
0.0
100
AcDbText
 73
2
  0
TEXT
  5
227
330
17
100
AcDbEntity
  8
S-TEXT
100
AcDbText
 10
76.0
 20
93.6
 30
0.0
 40
1.7
  1
T10 @ 200 DISTRIBUTION
  7
OpenSans
 72
1
 11
76.0
 21
93.6
 31
0.0
100
AcDbText
 73
2
  0
TEXT
  5
228
330
17
100
AcDbEntity
  8
S-TEXT
100
AcDbText
 10
76.0
 20
96.6
 30
0.0
 40
1.7
  1
T16 @ 200 EF EW
  7
OpenSans
 72
1
 11
76.0
 21
96.6
 31
0.0
100
AcDbText
 73
2
  0
HATCH
  5
229
330
17
100
AcDbEntity
  8
S-HATCH
 62
7
100
AcDbHatch
 10
0.0
 20
0.0
 30
0.0
210
0.0
220
0.0
230
1.0
  2
ANSI31
 70
0
 71
0
 91
1
 92
3
 72
0
 73
1
 93
4
 10
113.0
 20
66.0
 10
173.0
 20
66.0
 10
173.0
 20
91.0
 10
113.0
 20
91.0
 97
0
 75
1
 76
1
 52
0.0
 41
0.5
 77
0
 78
1
 53
45.0
 43
0.0
 44
0.0
 45
-1.1225320152
 46
1.1225320152
 79
0
 98
0
  0
LWPOLYLINE
  5
22A
330
17
100
AcDbEntity
  8
S-CONCRETE
100
AcDbPolyline
 90
4
 70
1
 10
113.0
 20
66.0
 10
173.0
 20
66.0
 10
173.0
 20
91.0
 10
113.0
 20
91.0
  0
LINE
  5
22B
330
17
100
AcDbEntity
  8
S-REBAR-MAIN
100
AcDbLine
 10
118.0
 20
85.4
 30
0.0
 11
168.0
 21
85.4
 31
0.0
  0
CIRCLE
  5
22C
330
17
100
AcDbEntity
  8
S-REBAR-DIST
100
AcDbCircle
 10
128.0
 20
85.4
 30
0.0
 40
0.6
  0
HATCH
  5
22D
330
17
100
AcDbEntity
  8
S-REBAR-DIST
 62
5
100
AcDbHatch
 10
0.0
 20
0.0
 30
0.0
210
0.0
220
0.0
230
1.0
  2
SOLID
 70
1
 71
0
 91
1
 92
3
 72
0
 73
1
 93
16
 10
128.6
 20
85.4
 10
128.55432771950677
 20
85.62961005941906
 10
128.42426406871192
 20
85.82426406871194
 10
128.22961005941906
 20
85.95432771950678
 10
128.0
 20
86.0
 10
127.77038994058094
 20
85.95432771950678
 10
127.57573593128807
 20
85.82426406871194
 10
127.44567228049323
 20
85.62961005941906
 10
127.4
 20
85.4
 10
127.44567228049323
 20
85.17038994058095
 10
127.57573593128807
 20
84.97573593128807
 10
127.77038994058094
 20
84.84567228049323
 10
128.0
 20
84.80000000000001
 10
128.22961005941906
 20
84.84567228049323
 10
128.42426406871192
 20
84.97573593128807
 10
128.55432771950677
 20
85.17038994058095
 97
0
 75
0
 76
1
 98
0
  0
CIRCLE
  5
22E
330
17
100
AcDbEntity
  8
S-REBAR-DIST
100
AcDbCircle
 10
148.0
 20
85.4
 30
0.0
 40
0.6
  0
HATCH
  5
22F
330
17
100
AcDbEntity
  8
S-REBAR-DIST
 62
5
100
AcDbHatch
 10
0.0
 20
0.0
 30
0.0
210
0.0
220
0.0
230
1.0
  2
SOLID
 70
1
 71
0
 91
1
 92
3
 72
0
 73
1
 93
16
 10
148.6
 20
85.4
 10
148.55432771950677
 20
85.62961005941906
 10
148.42426406871192
 20
85.82426406871194
 10
148.22961005941906
 20
85.95432771950678
 10
148.0
 20
86.0
 10
147.77038994058094
 20
85.95432771950678
 10
147.57573593128808
 20
85.82426406871194
 10
147.44567228049323
 20
85.62961005941906
 10
147.4
 20
85.4
 10
147.44567228049323
 20
85.17038994058095
 10
147.57573593128808
 20
84.97573593128807
 10
147.77038994058094
 20
84.84567228049323
 10
148.0
 20
84.80000000000001
 10
148.22961005941906
 20
84.84567228049323
 10
148.42426406871192
 20
84.97573593128807
 10
148.55432771950677
 20
85.17038994058095
 97
0
 75
0
 76
1
 98
0
  0
CIRCLE
  5
230
330
17
100
AcDbEntity
  8
S-REBAR-DIST
100
AcDbCircle
 10
168.0
 20
85.4
 30
0.0
 40
0.6
  0
HATCH
  5
231
330
17
100
AcDbEntity
  8
S-REBAR-DIST
 62
5
100
AcDbHatch
 10
0.0
 20
0.0
 30
0.0
210
0.0
220
0.0
230
1.0
  2
SOLID
 70
1
 71
0
 91
1
 92
3
 72
0
 73
1
 93
16
 10
168.6
 20
85.4
 10
168.55432771950677
 20
85.62961005941906
 10
168.42426406871192
 20
85.82426406871194
 10
168.22961005941906
 20
85.95432771950678
 10
168.0
 20
86.0
 10
167.77038994058094
 20
85.95432771950678
 10
167.57573593128808
 20
85.82426406871194
 10
167.44567228049323
 20
85.62961005941906
 10
167.4
 20
85.4
 10
167.44567228049323
 20
85.17038994058095
 10
167.57573593128808
 20
84.97573593128807
 10
167.77038994058094
 20
84.84567228049323
 10
168.0
 20
84.80000000000001
 10
168.22961005941906
 20
84.84567228049323
 10
168.42426406871192
 20
84.97573593128807
 10
168.55432771950677
 20
85.17038994058095
 97
0
 75
0
 76
1
 98
0
  0
LINE
  5
232
330
17
100
AcDbEntity
  8
S-REBAR-MAIN
100
AcDbLine
 10
118.0
 20
71.6
 30
0.0
 11
168.0
 21
71.6
 31
0.0
  0
CIRCLE
  5
233
330
17
100
AcDbEntity
  8
S-REBAR-DIST
100
AcDbCircle
 10
128.0
 20
71.6
 30
0.0
 40
0.6
  0
HATCH
  5
234
330
17
100
AcDbEntity
  8
S-REBAR-DIST
 62
5
100
AcDbHatch
 10
0.0
 20
0.0
 30
0.0
210
0.0
220
0.0
230
1.0
  2
SOLID
 70
1
 71
0
 91
1
 92
3
 72
0
 73
1
 93
16
 10
128.6
 20
71.6
 10
128.55432771950677
 20
71.82961005941905
 10
128.42426406871192
 20
72.02426406871193
 10
128.22961005941906
 20
72.15432771950677
 10
128.0
 20
72.19999999999999
 10
127.77038994058094
 20
72.15432771950677
 10
127.57573593128807
 20
72.02426406871193
 10
127.44567228049323
 20
71.82961005941905
 10
127.4
 20
71.6
 10
127.44567228049323
 20
71.37038994058094
 10
127.57573593128807
 20
71.17573593128806
 10
127.77038994058094
 20
71.04567228049322
 10
128.0
 20
71.0
 10
128.22961005941906
 20
71.04567228049322
 10
128.42426406871192
 20
71.17573593128806
 10
128.55432771950677
 20
71.37038994058094
 97
0
 75
0
 76
1
 98
0
  0
CIRCLE
  5
235
330
17
100
AcDbEntity
  8
S-REBAR-DIST
100
AcDbCircle
 10
148.0
 20
71.6
 30
0.0
 40
0.6
  0
HATCH
  5
236
330
17
100
AcDbEntity
  8
S-REBAR-DIST
 62
5
100
AcDbHatch
 10
0.0
 20
0.0
 30
0.0
210
0.0
220
0.0
230
1.0
  2
SOLID
 70
1
 71
0
 91
1
 92
3
 72
0
 73
1
 93
16
 10
148.6
 20
71.6
 10
148.55432771950677
 20
71.82961005941905
 10
148.42426406871192
 20
72.02426406871193
 10
148.22961005941906
 20
72.15432771950677
 10
148.0
 20
72.19999999999999
 10
147.77038994058094
 20
72.15432771950677
 10
147.57573593128808
 20
72.02426406871193
 10
147.44567228049323
 20
71.82961005941905
 10
147.4
 20
71.6
 10
147.44567228049323
 20
71.37038994058094
 10
147.57573593128808
 20
71.17573593128806
 10
147.77038994058094
 20
71.04567228049322
 10
148.0
 20
71.0
 10
148.22961005941906
 20
71.04567228049322
 10
148.42426406871192
 20
71.17573593128806
 10
148.55432771950677
 20
71.37038994058094
 97
0
 75
0
 76
1
 98
0
  0
CIRCLE
  5
237
330
17
100
AcDbEntity
  8
S-REBAR-DIST
100
AcDbCircle
 10
168.0
 20
71.6
 30
0.0
 40
0.6
  0
HATCH
  5
238
330
17
100
AcDbEntity
  8
S-REBAR-DIST
 62
5
100
AcDbHatch
 10
0.0
 20
0.0
 30
0.0
210
0.0
220
0.0
230
1.0
  2
SOLID
 70
1
 71
0
 91
1
 92
3
 72
0
 73
1
 93
16
 10
168.6
 20
71.6
 10
168.55432771950677
 20
71.82961005941905
 10
168.42426406871192
 20
72.02426406871193
 10
168.22961005941906
 20
72.15432771950677
 10
168.0
 20
72.19999999999999
 10
167.77038994058094
 20
72.15432771950677
 10
167.57573593128808
 20
72.02426406871193
 10
167.44567228049323
 20
71.82961005941905
 10
167.4
 20
71.6
 10
167.44567228049323
 20
71.37038994058094
 10
167.57573593128808
 20
71.17573593128806
 10
167.77038994058094
 20
71.04567228049322
 10
168.0
 20
71.0
 10
168.22961005941906
 20
71.04567228049322
 10
168.42426406871192
 20
71.17573593128806
 10
168.55432771950677
 20
71.37038994058094
 97
0
 75
0
 76
1
 98
0
  0
DIMENSION
  5
239
330
17
100
AcDbEntity
  8
S-DIM
100
AcDbDimension
280
0
  2
*D8
  3
A2-DIM-S
 10
177.5
 20
66.0
 30
0.0
 11
175.9
 21
78.5
 31
0.0
 70
32
 71
5
  1
<>
100
AcDbAlignedDimension
 13
173.0
 23
66.0
 33
0.0
 14
173.0
 24
91.0
 34
0.0
 50
90.0
100
AcDbRotatedDimension
1001
ACAD
1000
DSTYLE
1002
{
1070
144
1040
10.0
1002
}
  0
TEXT
  5
248
330
17
100
AcDbEntity
  8
S-SECTION
100
AcDbText
 10
143.0
 20
57.5
 30
0.0
 40
2.0
  1
d - d
  7
OpenSans
 72
1
 11
143.0
 21
57.5
 31
0.0
100
AcDbText
 73
2
  0
TEXT
  5
249
330
17
100
AcDbEntity
  8
S-TEXT
100
AcDbText
 10
143.0
 20
53.5
 30
0.0
 40
1.7
  1
SIDE WALL 250
  7
OpenSans
 72
1
 11
143.0
 21
53.5
 31
0.0
100
AcDbText
 73
2
  0
TEXT
  5
24A
330
17
100
AcDbEntity
  8
S-TEXT
100
AcDbText
 10
143.0
 20
93.6
 30
0.0
 40
1.7
  1
MIN STEEL GOVERNS, 31 %
  7
OpenSans
 72
1
 11
143.0
 21
93.6
 31
0.0
100
AcDbText
 73
2
  0
TEXT
  5
24B
330
17
100
AcDbEntity
  8
S-TEXT
100
AcDbText
 10
143.0
 20
96.6
 30
0.0
 40
1.7
  1
T12 @ 200 EF EW
  7
OpenSans
 72
1
 11
143.0
 21
96.6
 31
0.0
100
AcDbText
 73
2
  0
HATCH
  5
24C
330
17
100
AcDbEntity
  8
S-HATCH
 62
7
100
AcDbHatch
 10
0.0
 20
0.0
 30
0.0
210
0.0
220
0.0
230
1.0
  2
ANSI31
 70
0
 71
0
 91
1
 92
3
 72
0
 73
1
 93
4
 10
180.0
 20
66.0
 10
240.0
 20
66.0
 10
240.0
 20
91.0
 10
180.0
 20
91.0
 97
0
 75
1
 76
1
 52
0.0
 41
0.5
 77
0
 78
1
 53
45.0
 43
0.0
 44
0.0
 45
-1.1225320152
 46
1.1225320152
 79
0
 98
0
  0
LWPOLYLINE
  5
24D
330
17
100
AcDbEntity
  8
S-CONCRETE
100
AcDbPolyline
 90
4
 70
1
 10
180.0
 20
66.0
 10
240.0
 20
66.0
 10
240.0
 20
91.0
 10
180.0
 20
91.0
  0
LINE
  5
24E
330
17
100
AcDbEntity
  8
S-REBAR-MAIN
100
AcDbLine
 10
183.0
 20
87.4
 30
0.0
 11
237.0
 21
87.4
 31
0.0
  0
CIRCLE
  5
24F
330
17
100
AcDbEntity
  8
S-REBAR-DIST
100
AcDbCircle
 10
193.0
 20
87.4
 30
0.0
 40
0.6
  0
HATCH
  5
250
330
17
100
AcDbEntity
  8
S-REBAR-DIST
 62
5
100
AcDbHatch
 10
0.0
 20
0.0
 30
0.0
210
0.0
220
0.0
230
1.0
  2
SOLID
 70
1
 71
0
 91
1
 92
3
 72
0
 73
1
 93
16
 10
193.6
 20
87.4
 10
193.55432771950677
 20
87.62961005941906
 10
193.42426406871192
 20
87.82426406871194
 10
193.22961005941906
 20
87.95432771950678
 10
193.0
 20
88.0
 10
192.77038994058094
 20
87.95432771950678
 10
192.57573593128808
 20
87.82426406871194
 10
192.44567228049323
 20
87.62961005941906
 10
192.4
 20
87.4
 10
192.44567228049323
 20
87.17038994058095
 10
192.57573593128808
 20
86.97573593128807
 10
192.77038994058094
 20
86.84567228049323
 10
193.0
 20
86.80000000000001
 10
193.22961005941906
 20
86.84567228049323
 10
193.42426406871192
 20
86.97573593128807
 10
193.55432771950677
 20
87.17038994058095
 97
0
 75
0
 76
1
 98
0
  0
CIRCLE
  5
251
330
17
100
AcDbEntity
  8
S-REBAR-DIST
100
AcDbCircle
 10
213.0
 20
87.4
 30
0.0
 40
0.6
  0
HATCH
  5
252
330
17
100
AcDbEntity
  8
S-REBAR-DIST
 62
5
100
AcDbHatch
 10
0.0
 20
0.0
 30
0.0
210
0.0
220
0.0
230
1.0
  2
SOLID
 70
1
 71
0
 91
1
 92
3
 72
0
 73
1
 93
16
 10
213.6
 20
87.4
 10
213.55432771950677
 20
87.62961005941906
 10
213.42426406871192
 20
87.82426406871194
 10
213.22961005941906
 20
87.95432771950678
 10
213.0
 20
88.0
 10
212.77038994058094
 20
87.95432771950678
 10
212.57573593128808
 20
87.82426406871194
 10
212.44567228049323
 20
87.62961005941906
 10
212.4
 20
87.4
 10
212.44567228049323
 20
87.17038994058095
 10
212.57573593128808
 20
86.97573593128807
 10
212.77038994058094
 20
86.84567228049323
 10
213.0
 20
86.80000000000001
 10
213.22961005941906
 20
86.84567228049323
 10
213.42426406871192
 20
86.97573593128807
 10
213.55432771950677
 20
87.17038994058095
 97
0
 75
0
 76
1
 98
0
  0
CIRCLE
  5
253
330
17
100
AcDbEntity
  8
S-REBAR-DIST
100
AcDbCircle
 10
233.0
 20
87.4
 30
0.0
 40
0.6
  0
HATCH
  5
254
330
17
100
AcDbEntity
  8
S-REBAR-DIST
 62
5
100
AcDbHatch
 10
0.0
 20
0.0
 30
0.0
210
0.0
220
0.0
230
1.0
  2
SOLID
 70
1
 71
0
 91
1
 92
3
 72
0
 73
1
 93
16
 10
233.6
 20
87.4
 10
233.55432771950677
 20
87.62961005941906
 10
233.42426406871192
 20
87.82426406871194
 10
233.22961005941906
 20
87.95432771950678
 10
233.0
 20
88.0
 10
232.77038994058094
 20
87.95432771950678
 10
232.57573593128808
 20
87.82426406871194
 10
232.44567228049323
 20
87.62961005941906
 10
232.4
 20
87.4
 10
232.44567228049323
 20
87.17038994058095
 10
232.57573593128808
 20
86.97573593128807
 10
232.77038994058094
 20
86.84567228049323
 10
233.0
 20
86.80000000000001
 10
233.22961005941906
 20
86.84567228049323
 10
233.42426406871192
 20
86.97573593128807
 10
233.55432771950677
 20
87.17038994058095
 97
0
 75
0
 76
1
 98
0
  0
LINE
  5
255
330
17
100
AcDbEntity
  8
S-REBAR-MAIN
100
AcDbLine
 10
183.0
 20
69.6
 30
0.0
 11
237.0
 21
69.6
 31
0.0
  0
CIRCLE
  5
256
330
17
100
AcDbEntity
  8
S-REBAR-DIST
100
AcDbCircle
 10
193.0
 20
69.6
 30
0.0
 40
0.6
  0
HATCH
  5
257
330
17
100
AcDbEntity
  8
S-REBAR-DIST
 62
5
100
AcDbHatch
 10
0.0
 20
0.0
 30
0.0
210
0.0
220
0.0
230
1.0
  2
SOLID
 70
1
 71
0
 91
1
 92
3
 72
0
 73
1
 93
16
 10
193.6
 20
69.6
 10
193.55432771950677
 20
69.82961005941905
 10
193.42426406871192
 20
70.02426406871193
 10
193.22961005941906
 20
70.15432771950677
 10
193.0
 20
70.19999999999999
 10
192.77038994058094
 20
70.15432771950677
 10
192.57573593128808
 20
70.02426406871193
 10
192.44567228049323
 20
69.82961005941905
 10
192.4
 20
69.6
 10
192.44567228049323
 20
69.37038994058094
 10
192.57573593128808
 20
69.17573593128806
 10
192.77038994058094
 20
69.04567228049322
 10
193.0
 20
69.0
 10
193.22961005941906
 20
69.04567228049322
 10
193.42426406871192
 20
69.17573593128806
 10
193.55432771950677
 20
69.37038994058094
 97
0
 75
0
 76
1
 98
0
  0
CIRCLE
  5
258
330
17
100
AcDbEntity
  8
S-REBAR-DIST
100
AcDbCircle
 10
213.0
 20
69.6
 30
0.0
 40
0.6
  0
HATCH
  5
259
330
17
100
AcDbEntity
  8
S-REBAR-DIST
 62
5
100
AcDbHatch
 10
0.0
 20
0.0
 30
0.0
210
0.0
220
0.0
230
1.0
  2
SOLID
 70
1
 71
0
 91
1
 92
3
 72
0
 73
1
 93
16
 10
213.6
 20
69.6
 10
213.55432771950677
 20
69.82961005941905
 10
213.42426406871192
 20
70.02426406871193
 10
213.22961005941906
 20
70.15432771950677
 10
213.0
 20
70.19999999999999
 10
212.77038994058094
 20
70.15432771950677
 10
212.57573593128808
 20
70.02426406871193
 10
212.44567228049323
 20
69.82961005941905
 10
212.4
 20
69.6
 10
212.44567228049323
 20
69.37038994058094
 10
212.57573593128808
 20
69.17573593128806
 10
212.77038994058094
 20
69.04567228049322
 10
213.0
 20
69.0
 10
213.22961005941906
 20
69.04567228049322
 10
213.42426406871192
 20
69.17573593128806
 10
213.55432771950677
 20
69.37038994058094
 97
0
 75
0
 76
1
 98
0
  0
CIRCLE
  5
25A
330
17
100
AcDbEntity
  8
S-REBAR-DIST
100
AcDbCircle
 10
233.0
 20
69.6
 30
0.0
 40
0.6
  0
HATCH
  5
25B
330
17
100
AcDbEntity
  8
S-REBAR-DIST
 62
5
100
AcDbHatch
 10
0.0
 20
0.0
 30
0.0
210
0.0
220
0.0
230
1.0
  2
SOLID
 70
1
 71
0
 91
1
 92
3
 72
0
 73
1
 93
16
 10
233.6
 20
69.6
 10
233.55432771950677
 20
69.82961005941905
 10
233.42426406871192
 20
70.02426406871193
 10
233.22961005941906
 20
70.15432771950677
 10
233.0
 20
70.19999999999999
 10
232.77038994058094
 20
70.15432771950677
 10
232.57573593128808
 20
70.02426406871193
 10
232.44567228049323
 20
69.82961005941905
 10
232.4
 20
69.6
 10
232.44567228049323
 20
69.37038994058094
 10
232.57573593128808
 20
69.17573593128806
 10
232.77038994058094
 20
69.04567228049322
 10
233.0
 20
69.0
 10
233.22961005941906
 20
69.04567228049322
 10
233.42426406871192
 20
69.17573593128806
 10
233.55432771950677
 20
69.37038994058094
 97
0
 75
0
 76
1
 98
0
  0
DIMENSION
  5
25C
330
17
100
AcDbEntity
  8
S-DIM
100
AcDbDimension
280
0
  2
*D9
  3
A2-DIM-S
 10
244.5
 20
66.0
 30
0.0
 11
242.9
 21
78.5
 31
0.0
 70
32
 71
5
  1
<>
100
AcDbAlignedDimension
 13
240.0
 23
66.0
 33
0.0
 14
240.0
 24
91.0
 34
0.0
 50
90.0
100
AcDbRotatedDimension
1001
ACAD
1000
DSTYLE
1002
{
1070
144
1040
10.0
1002
}
  0
TEXT
  5
26B
330
17
100
AcDbEntity
  8
S-SECTION
100
AcDbText
 10
210.0
 20
57.5
 30
0.0
 40
2.0
  1
e - e
  7
OpenSans
 72
1
 11
210.0
 21
57.5
 31
0.0
100
AcDbText
 73
2
  0
TEXT
  5
26C
330
17
100
AcDbEntity
  8
S-TEXT
100
AcDbText
 10
210.0
 20
53.5
 30
0.0
 40
1.7
  1
RAKING ROOF 250
  7
OpenSans
 72
1
 11
210.0
 21
53.5
 31
0.0
100
AcDbText
 73
2
  0
TEXT
  5
26D
330
17
100
AcDbEntity
  8
S-TEXT
100
AcDbText
 10
210.0
 20
93.6
 30
0.0
 40
1.7
  1
MIN STEEL GOVERNS, 20 %
  7
OpenSans
 72
1
 11
210.0
 21
93.6
 31
0.0
100
AcDbText
 73
2
  0
TEXT
  5
26E
330
17
100
AcDbEntity
  8
S-TEXT
100
AcDbText
 10
210.0
 20
96.6
 30
0.0
 40
1.7
  1
T12 @ 200 EF EW
  7
OpenSans
 72
1
 11
210.0
 21
96.6
 31
0.0
100
AcDbText
 73
2
  0
HATCH
  5
26F
330
17
100
AcDbEntity
  8
S-HATCH
 62
7
100
AcDbHatch
 10
0.0
 20
0.0
 30
0.0
210
0.0
220
0.0
230
1.0
  2
ANSI31
 70
0
 71
0
 91
1
 92
3
 72
0
 73
1
 93
4
 10
247.0
 20
66.0
 10
272.0
 20
66.0
 10
272.0
 20
101.0
 10
247.0
 20
101.0
 97
0
 75
1
 76
1
 52
0.0
 41
0.5
 77
0
 78
1
 53
45.0
 43
0.0
 44
0.0
 45
-1.1225320152
 46
1.1225320152
 79
0
 98
0
  0
LWPOLYLINE
  5
270
330
17
100
AcDbEntity
  8
S-CONCRETE
100
AcDbPolyline
 90
4
 70
1
 10
247.0
 20
66.0
 10
272.0
 20
66.0
 10
272.0
 20
101.0
 10
247.0
 20
101.0
  0
LWPOLYLINE
  5
271
330
17
100
AcDbEntity
  8
S-REBAR-STIRRUP
100
AcDbPolyline
 90
4
 70
1
 10
250.0
 20
69.0
 10
269.0
 20
69.0
 10
269.0
 20
98.0
 10
250.0
 20
98.0
  0
LINE
  5
272
330
17
100
AcDbEntity
  8
S-REBAR-STIRRUP
100
AcDbLine
 10
269.0
 20
98.0
 30
0.0
 11
268.1
 21
97.1
 31
0.0
  0
LINE
  5
273
330
17
100
AcDbEntity
  8
S-REBAR-STIRRUP
100
AcDbLine
 10
268.55
 20
98.0
 30
0.0
 11
267.65000000000003
 21
97.1
 31
0.0
  0
CIRCLE
  5
274
330
17
100
AcDbEntity
  8
S-REBAR-MAIN
100
AcDbCircle
 10
251.4
 20
96.6
 30
0.0
 40
0.6
  0
HATCH
  5
275
330
17
100
AcDbEntity
  8
S-REBAR-MAIN
 62
1
100
AcDbHatch
 10
0.0
 20
0.0
 30
0.0
210
0.0
220
0.0
230
1.0
  2
SOLID
 70
1
 71
0
 91
1
 92
3
 72
0
 73
1
 93
16
 10
252.0
 20
96.6
 10
251.95432771950678
 20
96.82961005941905
 10
251.82426406871193
 20
97.02426406871193
 10
251.62961005941906
 20
97.15432771950677
 10
251.4
 20
97.19999999999999
 10
251.17038994058095
 20
97.15432771950677
 10
250.97573593128809
 20
97.02426406871193
 10
250.84567228049323
 20
96.82961005941905
 10
250.8
 20
96.6
 10
250.84567228049323
 20
96.37038994058094
 10
250.97573593128809
 20
96.17573593128806
 10
251.17038994058095
 20
96.04567228049322
 10
251.4
 20
96.0
 10
251.62961005941906
 20
96.04567228049322
 10
251.82426406871193
 20
96.17573593128806
 10
251.95432771950678
 20
96.37038994058094
 97
0
 75
0
 76
1
 98
0
  0
CIRCLE
  5
276
330
17
100
AcDbEntity
  8
S-REBAR-MAIN
100
AcDbCircle
 10
259.0
 20
96.6
 30
0.0
 40
0.6
  0
HATCH
  5
277
330
17
100
AcDbEntity
  8
S-REBAR-MAIN
 62
1
100
AcDbHatch
 10
0.0
 20
0.0
 30
0.0
210
0.0
220
0.0
230
1.0
  2
SOLID
 70
1
 71
0
 91
1
 92
3
 72
0
 73
1
 93
16
 10
259.6
 20
96.6
 10
259.5543277195068
 20
96.82961005941905
 10
259.4242640687119
 20
97.02426406871193
 10
259.22961005941903
 20
97.15432771950677
 10
259.0
 20
97.19999999999999
 10
258.77038994058097
 20
97.15432771950677
 10
258.5757359312881
 20
97.02426406871193
 10
258.4456722804932
 20
96.82961005941905
 10
258.4
 20
96.6
 10
258.4456722804932
 20
96.37038994058094
 10
258.5757359312881
 20
96.17573593128806
 10
258.77038994058097
 20
96.04567228049322
 10
259.0
 20
96.0
 10
259.22961005941903
 20
96.04567228049322
 10
259.4242640687119
 20
96.17573593128806
 10
259.5543277195068
 20
96.37038994058094
 97
0
 75
0
 76
1
 98
0
  0
CIRCLE
  5
278
330
17
100
AcDbEntity
  8
S-REBAR-MAIN
100
AcDbCircle
 10
266.6
 20
96.6
 30
0.0
 40
0.6
  0
HATCH
  5
279
330
17
100
AcDbEntity
  8
S-REBAR-MAIN
 62
1
100
AcDbHatch
 10
0.0
 20
0.0
 30
0.0
210
0.0
220
0.0
230
1.0
  2
SOLID
 70
1
 71
0
 91
1
 92
3
 72
0
 73
1
 93
16
 10
267.20000000000005
 20
96.6
 10
267.1543277195068
 20
96.82961005941905
 10
267.02426406871194
 20
97.02426406871193
 10
266.82961005941905
 20
97.15432771950677
 10
266.6
 20
97.19999999999999
 10
266.370389940581
 20
97.15432771950677
 10
266.1757359312881
 20
97.02426406871193
 10
266.04567228049325
 20
96.82961005941905
 10
266.0
 20
96.6
 10
266.04567228049325
 20
96.37038994058094
 10
266.1757359312881
 20
96.17573593128806
 10
266.370389940581
 20
96.04567228049322
 10
266.6
 20
96.0
 10
266.82961005941905
 20
96.04567228049322
 10
267.02426406871194
 20
96.17573593128806
 10
267.1543277195068
 20
96.37038994058094
 97
0
 75
0
 76
1
 98
0
  0
CIRCLE
  5
27A
330
17
100
AcDbEntity
  8
S-REBAR-MAIN
100
AcDbCircle
 10
251.4
 20
70.4
 30
0.0
 40
0.6
  0
HATCH
  5
27B
330
17
100
AcDbEntity
  8
S-REBAR-MAIN
 62
1
100
AcDbHatch
 10
0.0
 20
0.0
 30
0.0
210
0.0
220
0.0
230
1.0
  2
SOLID
 70
1
 71
0
 91
1
 92
3
 72
0
 73
1
 93
16
 10
252.0
 20
70.4
 10
251.95432771950678
 20
70.62961005941906
 10
251.82426406871193
 20
70.82426406871194
 10
251.62961005941906
 20
70.95432771950678
 10
251.4
 20
71.0
 10
251.17038994058095
 20
70.95432771950678
 10
250.97573593128809
 20
70.82426406871194
 10
250.84567228049323
 20
70.62961005941906
 10
250.8
 20
70.4
 10
250.84567228049323
 20
70.17038994058095
 10
250.97573593128809
 20
69.97573593128807
 10
251.17038994058095
 20
69.84567228049323
 10
251.4
 20
69.80000000000001
 10
251.62961005941906
 20
69.84567228049323
 10
251.82426406871193
 20
69.97573593128807
 10
251.95432771950678
 20
70.17038994058095
 97
0
 75
0
 76
1
 98
0
  0
CIRCLE
  5
27C
330
17
100
AcDbEntity
  8
S-REBAR-MAIN
100
AcDbCircle
 10
259.0
 20
70.4
 30
0.0
 40
0.6
  0
HATCH
  5
27D
330
17
100
AcDbEntity
  8
S-REBAR-MAIN
 62
1
100
AcDbHatch
 10
0.0
 20
0.0
 30
0.0
210
0.0
220
0.0
230
1.0
  2
SOLID
 70
1
 71
0
 91
1
 92
3
 72
0
 73
1
 93
16
 10
259.6
 20
70.4
 10
259.5543277195068
 20
70.62961005941906
 10
259.4242640687119
 20
70.82426406871194
 10
259.22961005941903
 20
70.95432771950678
 10
259.0
 20
71.0
 10
258.77038994058097
 20
70.95432771950678
 10
258.5757359312881
 20
70.82426406871194
 10
258.4456722804932
 20
70.62961005941906
 10
258.4
 20
70.4
 10
258.4456722804932
 20
70.17038994058095
 10
258.5757359312881
 20
69.97573593128807
 10
258.77038994058097
 20
69.84567228049323
 10
259.0
 20
69.80000000000001
 10
259.22961005941903
 20
69.84567228049323
 10
259.4242640687119
 20
69.97573593128807
 10
259.5543277195068
 20
70.17038994058095
 97
0
 75
0
 76
1
 98
0
  0
CIRCLE
  5
27E
330
17
100
AcDbEntity
  8
S-REBAR-MAIN
100
AcDbCircle
 10
266.6
 20
70.4
 30
0.0
 40
0.6
  0
HATCH
  5
27F
330
17
100
AcDbEntity
  8
S-REBAR-MAIN
 62
1
100
AcDbHatch
 10
0.0
 20
0.0
 30
0.0
210
0.0
220
0.0
230
1.0
  2
SOLID
 70
1
 71
0
 91
1
 92
3
 72
0
 73
1
 93
16
 10
267.20000000000005
 20
70.4
 10
267.1543277195068
 20
70.62961005941906
 10
267.02426406871194
 20
70.82426406871194
 10
266.82961005941905
 20
70.95432771950678
 10
266.6
 20
71.0
 10
266.370389940581
 20
70.95432771950678
 10
266.1757359312881
 20
70.82426406871194
 10
266.04567228049325
 20
70.62961005941906
 10
266.0
 20
70.4
 10
266.04567228049325
 20
70.17038994058095
 10
266.1757359312881
 20
69.97573593128807
 10
266.370389940581
 20
69.84567228049323
 10
266.6
 20
69.80000000000001
 10
266.82961005941905
 20
69.84567228049323
 10
267.02426406871194
 20
69.97573593128807
 10
267.1543277195068
 20
70.17038994058095
 97
0
 75
0
 76
1
 98
0
  0
DIMENSION
  5
280
330
17
100
AcDbEntity
  8
S-DIM
100
AcDbDimension
280
0
  2
*D10
  3
A2-DIM-S
 10
247.0
 20
61.5
 30
0.0
 11
259.5
 21
63.1
 31
0.0
 70
32
 71
5
  1
<>
100
AcDbAlignedDimension
 13
247.0
 23
66.0
 33
0.0
 14
272.0
 24
66.0
 34
0.0
 50
0.0
100
AcDbRotatedDimension
1001
ACAD
1000
DSTYLE
1002
{
1070
144
1040
10.0
1002
}
  0
TEXT
  5
28F
330
17
100
AcDbEntity
  8
S-SECTION
100
AcDbText
 10
259.5
 20
57.5
 30
0.0
 40
2.0
  1
f - f
  7
OpenSans
 72
1
 11
259.5
 21
57.5
 31
0.0
100
AcDbText
 73
2
  0
TEXT
  5
290
330
17
100
AcDbEntity
  8
S-TEXT
100
AcDbText
 10
259.5
 20
53.5
 30
0.0
 40
1.7
  1
ENTRY DOOR LINTEL
  7
OpenSans
 72
1
 11
259.5
 21
53.5
 31
0.0
100
AcDbText
 73
2
  0
TEXT
  5
291
330
17
100
AcDbEntity
  8
S-TEXT
100
AcDbText
 10
259.5
 20
103.6
 30
0.0
 40
1.7
  1
T8 @ 150 LINKS
  7
OpenSans
 72
1
 11
259.5
 21
103.6
 31
0.0
100
AcDbText
 73
2
  0
TEXT
  5
292
330
17
100
AcDbEntity
  8
S-TEXT
100
AcDbText
 10
259.5
 20
106.6
 30
0.0
 40
1.7
  1
3-T12 T + 3-T12 B
  7
OpenSans
 72
1
 11
259.5
 21
106.6
 31
0.0
100
AcDbText
 73
2
  0
CIRCLE
  5
293
330
17
100
AcDbEntity
  8
S-TITLE
100
AcDbCircle
 10
48.0
 20
44.0
 30
0.0
 40
4.0
  0
TEXT
  5
294
330
17
100
AcDbEntity
  8
S-TITLE
100
AcDbText
 10
48.0
 20
44.0
 30
0.0
 40
3.6720000000000006
  1
4
  7
OpenSans
 72
1
 11
48.0
 21
44.0
 31
0.0
100
AcDbText
 73
2
  0
TEXT
  5
295
330
17
100
AcDbEntity
  8
S-TITLE
100
AcDbText
 10
56.2
 20
45.0
 30
0.0
 40
5.4
  1
SECTIONS - FLIGHT, WALL, ROOF AND LINTEL
  7
OpenSans
 11
56.2
 21
45.0
 31
0.0
100
AcDbText
  0
LINE
  5
296
330
17
100
AcDbEntity
  8
S-TITLE
100
AcDbLine
 10
53.6
 20
43.6
 30
0.0
 11
272.0
 21
43.6
 31
0.0
  0
TEXT
  5
297
330
17
100
AcDbEntity
  8
S-TEXT
100
AcDbText
 10
56.2
 20
37.4
 30
0.0
 40
3.3
  1
1 : 10   COVER 30 INTERNAL, 50 EARTH FACE
  7
OpenSans
 11
56.2
 21
37.4
 31
0.0
100
AcDbText
  0
LWPOLYLINE
  5
298
330
17
100
AcDbEntity
  8
S-TABLE
100
AcDbPolyline
 90
4
 70
1
 10
277.0
 20
376.59999999999997
 10
460.0
 20
376.59999999999997
 10
460.0
 20
383.0
 10
277.0
 20
383.0
  0
TEXT
  5
299
330
17
100
AcDbEntity
  8
S-TABLE
100
AcDbText
 10
368.5
 20
379.8
 30
0.0
 40
3.8
  1
ENTRY STAIRWELL - ELEMENT SCHEDULE
  7
OpenSans
 72
1
 11
368.5
 21
379.8
 31
0.0
100
AcDbText
 73
2
  0
LWPOLYLINE
  5
29A
330
17
100
AcDbEntity
  8
S-TABLE
100
AcDbPolyline
 90
4
 70
1
 10
277.0
 20
369.2529411764706
 10
460.0
 20
369.2529411764706
 10
460.0
 20
376.6
 10
277.0
 20
376.6
  0
TEXT
  5
29B
330
17
100
AcDbEntity
  8
S-TABLE
100
AcDbText
 10
297.0609341802505
 20
372.9264705882353
 30
0.0
 40
2.19
  1
ELEMENT
  7
OpenSans
 72
1
 11
297.0609341802505
 21
372.9264705882353
 31
0.0
100
AcDbText
 73
2
  0
LINE
  5
29C
330
17
100
AcDbEntity
  8
S-TABLE
100
AcDbLine
 10
317.121868360501
 20
369.2529411764706
 30
0.0
 11
317.121868360501
 21
376.6
 31
0.0
  0
TEXT
  5
29D
330
17
100
AcDbEntity
  8
S-TABLE
100
AcDbText
 10
325.3744919216063
 20
372.9264705882353
 30
0.0
 40
2.19
  1
THK
  7
OpenSans
 72
1
 11
325.3744919216063
 21
372.9264705882353
 31
0.0
100
AcDbText
 73
2
  0
LINE
  5
29E
330
17
100
AcDbEntity
  8
S-TABLE
100
AcDbLine
 10
333.6271154827116
 20
369.2529411764706
 30
0.0
 11
333.6271154827116
 21
376.6
 31
0.0
  0
TEXT
  5
29F
330
17
100
AcDbEntity
  8
S-TABLE
100
AcDbText
 10
340.2116097409546
 20
372.9264705882353
 30
0.0
 40
2.19
  1
COVER
  7
OpenSans
 72
1
 11
340.2116097409546
 21
372.9264705882353
 31
0.0
100
AcDbText
 73
2
  0
LINE
  5
2A0
330
17
100
AcDbEntity
  8
S-TABLE
100
AcDbLine
 10
346.79610399919756
 20
369.2529411764706
 30
0.0
 11
346.79610399919756
 21
376.6
 31
0.0
  0
TEXT
  5
2A1
330
17
100
AcDbEntity
  8
S-TABLE
100
AcDbText
 10
350.679788671664
 20
372.9264705882353
 30
0.0
 40
2.19
  1
d
  7
OpenSans
 72
1
 11
350.679788671664
 21
372.9264705882353
 31
0.0
100
AcDbText
 73
2
  0
LINE
  5
2A2
330
17
100
AcDbEntity
  8
S-TABLE
100
AcDbLine
 10
354.5634733441305
 20
369.2529411764706
 30
0.0
 11
354.5634733441305
 21
376.6
 31
0.0
  0
TEXT
  5
2A3
330
17
100
AcDbEntity
  8
S-TABLE
100
AcDbText
 10
372.80554677578687
 20
372.9264705882353
 30
0.0
 40
2.19
  1
MAIN
  7
OpenSans
 72
1
 11
372.80554677578687
 21
372.9264705882353
 31
0.0
100
AcDbText
 73
2
  0
LINE
  5
2A4
330
17
100
AcDbEntity
  8
S-TABLE
100
AcDbLine
 10
391.04762020744323
 20
369.2529411764706
 30
0.0
 11
391.04762020744323
 21
376.6
 31
0.0
  0
TEXT
  5
2A5
330
17
100
AcDbEntity
  8
S-TABLE
100
AcDbText
 10
399.83352231263893
 20
372.9264705882353
 30
0.0
 40
2.19
  1
DISTRIB.
  7
OpenSans
 72
1
 11
399.83352231263893
 21
372.9264705882353
 31
0.0
100
AcDbText
 73
2
  0
LINE
  5
2A6
330
17
100
AcDbEntity
  8
S-TABLE
100
AcDbLine
 10
408.6194244178347
 20
369.2529411764706
 30
0.0
 11
408.6194244178347
 21
376.6
 31
0.0
  0
TEXT
  5
2A7
330
17
100
AcDbEntity
  8
S-TABLE
100
AcDbText
 10
434.30971220891735
 20
372.9264705882353
 30
0.0
 40
2.19
  1
TOP STEEL
  7
OpenSans
 72
1
 11
434.30971220891735
 21
372.9264705882353
 31
0.0
100
AcDbText
 73
2
  0
LWPOLYLINE
  5
2A8
330
17
100
AcDbEntity
  8
S-TABLE
100
AcDbPolyline
 90
4
 70
1
 10
277.0
 20
361.90588235294115
 10
460.0
 20
361.90588235294115
 10
460.0
 20
369.2529411764706
 10
277.0
 20
369.2529411764706
  0
TEXT
  5
2A9
330
17
100
AcDbEntity
  8
S-TABLE
100
AcDbText
 10
278.4
 20
365.57941176470587
 30
0.0
 40
1.99
  1
FLIGHT, WAIST 250
  7
OpenSans
 11
278.4
 21
365.57941176470587
 31
0.0
100
AcDbText
 73
2
  0
LINE
  5
2AA
330
17
100
AcDbEntity
  8
S-TABLE
100
AcDbLine
 10
317.121868360501
 20
361.90588235294115
 30
0.0
 11
317.121868360501
 21
369.2529411764706
 31
0.0
  0
TEXT
  5
2AB
330
17
100
AcDbEntity
  8
S-TABLE
100
AcDbText
 10
325.3744919216063
 20
365.57941176470587
 30
0.0
 40
1.99
  1
250
  7
OpenSans
 72
1
 11
325.3744919216063
 21
365.57941176470587
 31
0.0
100
AcDbText
 73
2
  0
LINE
  5
2AC
330
17
100
AcDbEntity
  8
S-TABLE
100
AcDbLine
 10
333.6271154827116
 20
361.90588235294115
 30
0.0
 11
333.6271154827116
 21
369.2529411764706
 31
0.0
  0
TEXT
  5
2AD
330
17
100
AcDbEntity
  8
S-TABLE
100
AcDbText
 10
340.2116097409546
 20
365.57941176470587
 30
0.0
 40
1.99
  1
30
  7
OpenSans
 72
1
 11
340.2116097409546
 21
365.57941176470587
 31
0.0
100
AcDbText
 73
2
  0
LINE
  5
2AE
330
17
100
AcDbEntity
  8
S-TABLE
100
AcDbLine
 10
346.79610399919756
 20
361.90588235294115
 30
0.0
 11
346.79610399919756
 21
369.2529411764706
 31
0.0
  0
TEXT
  5
2AF
330
17
100
AcDbEntity
  8
S-TABLE
100
AcDbText
 10
350.679788671664
 20
365.57941176470587
 30
0.0
 40
1.99
  1
214
  7
OpenSans
 72
1
 11
350.679788671664
 21
365.57941176470587
 31
0.0
100
AcDbText
 73
2
  0
LINE
  5
2B0
330
17
100
AcDbEntity
  8
S-TABLE
100
AcDbLine
 10
354.5634733441305
 20
361.90588235294115
 30
0.0
 11
354.5634733441305
 21
369.2529411764706
 31
0.0
  0
TEXT
  5
2B1
330
17
100
AcDbEntity
  8
S-TABLE
100
AcDbText
 10
355.9634733441305
 20
365.57941176470587
 30
0.0
 40
1.99
  1
T16 @ 200  (1005)
  7
OpenSans
 11
355.9634733441305
 21
365.57941176470587
 31
0.0
100
AcDbText
 73
2
  0
LINE
  5
2B2
330
17
100
AcDbEntity
  8
S-TABLE
100
AcDbLine
 10
391.04762020744323
 20
361.90588235294115
 30
0.0
 11
391.04762020744323
 21
369.2529411764706
 31
0.0
  0
TEXT
  5
2B3
330
17
100
AcDbEntity
  8
S-TABLE
100
AcDbText
 10
399.83352231263893
 20
365.57941176470587
 30
0.0
 40
1.99
  1
T10 @ 200
  7
OpenSans
 72
1
 11
399.83352231263893
 21
365.57941176470587
 31
0.0
100
AcDbText
 73
2
  0
LINE
  5
2B4
330
17
100
AcDbEntity
  8
S-TABLE
100
AcDbLine
 10
408.6194244178347
 20
361.90588235294115
 30
0.0
 11
408.6194244178347
 21
369.2529411764706
 31
0.0
  0
TEXT
  5
2B5
330
17
100
AcDbEntity
  8
S-TABLE
100
AcDbText
 10
410.01942441783467
 20
365.57941176470587
 30
0.0
 40
1.99
  1
T16 @ 200, 1200 INTO THE FLIGHT
  7
OpenSans
 11
410.01942441783467
 21
365.57941176470587
 31
0.0
100
AcDbText
 73
2
  0
LWPOLYLINE
  5
2B6
330
17
100
AcDbEntity
  8
S-TABLE
100
AcDbPolyline
 90
4
 70
1
 10
277.0
 20
354.5588235294117
 10
460.0
 20
354.5588235294117
 10
460.0
 20
361.90588235294115
 10
277.0
 20
361.90588235294115
  0
TEXT
  5
2B7
330
17
100
AcDbEntity
  8
S-TABLE
100
AcDbText
 10
278.4
 20
358.23235294117643
 30
0.0
 40
1.99
  1
TOP LANDING   0.000
  7
OpenSans
 11
278.4
 21
358.23235294117643
 31
0.0
100
AcDbText
 73
2
  0
LINE
  5
2B8
330
17
100
AcDbEntity
  8
S-TABLE
100
AcDbLine
 10
317.121868360501
 20
354.5588235294117
 30
0.0
 11
317.121868360501
 21
361.90588235294115
 31
0.0
  0
TEXT
  5
2B9
330
17
100
AcDbEntity
  8
S-TABLE
100
AcDbText
 10
325.3744919216063
 20
358.23235294117643
 30
0.0
 40
1.99
  1
250
  7
OpenSans
 72
1
 11
325.3744919216063
 21
358.23235294117643
 31
0.0
100
AcDbText
 73
2
  0
LINE
  5
2BA
330
17
100
AcDbEntity
  8
S-TABLE
100
AcDbLine
 10
333.6271154827116
 20
354.5588235294117
 30
0.0
 11
333.6271154827116
 21
361.90588235294115
 31
0.0
  0
TEXT
  5
2BB
330
17
100
AcDbEntity
  8
S-TABLE
100
AcDbText
 10
340.2116097409546
 20
358.23235294117643
 30
0.0
 40
1.99
  1
30
  7
OpenSans
 72
1
 11
340.2116097409546
 21
358.23235294117643
 31
0.0
100
AcDbText
 73
2
  0
LINE
  5
2BC
330
17
100
AcDbEntity
  8
S-TABLE
100
AcDbLine
 10
346.79610399919756
 20
354.5588235294117
 30
0.0
 11
346.79610399919756
 21
361.90588235294115
 31
0.0
  0
TEXT
  5
2BD
330
17
100
AcDbEntity
  8
S-TABLE
100
AcDbText
 10
350.679788671664
 20
358.23235294117643
 30
0.0
 40
1.99
  1
214
  7
OpenSans
 72
1
 11
350.679788671664
 21
358.23235294117643
 31
0.0
100
AcDbText
 73
2
  0
LINE
  5
2BE
330
17
100
AcDbEntity
  8
S-TABLE
100
AcDbLine
 10
354.5634733441305
 20
354.5588235294117
 30
0.0
 11
354.5634733441305
 21
361.90588235294115
 31
0.0
  0
TEXT
  5
2BF
330
17
100
AcDbEntity
  8
S-TABLE
100
AcDbText
 10
355.9634733441305
 20
358.23235294117643
 30
0.0
 40
1.99
  1
T12 @ 200 EF EW  (565)
  7
OpenSans
 11
355.9634733441305
 21
358.23235294117643
 31
0.0
100
AcDbText
 73
2
  0
LINE
  5
2C0
330
17
100
AcDbEntity
  8
S-TABLE
100
AcDbLine
 10
391.04762020744323
 20
354.5588235294117
 30
0.0
 11
391.04762020744323
 21
361.90588235294115
 31
0.0
  0
TEXT
  5
2C1
330
17
100
AcDbEntity
  8
S-TABLE
100
AcDbText
 10
399.83352231263893
 20
358.23235294117643
 30
0.0
 40
1.99
  1
-
  7
OpenSans
 72
1
 11
399.83352231263893
 21
358.23235294117643
 31
0.0
100
AcDbText
 73
2
  0
LINE
  5
2C2
330
17
100
AcDbEntity
  8
S-TABLE
100
AcDbLine
 10
408.6194244178347
 20
354.5588235294117
 30
0.0
 11
408.6194244178347
 21
361.90588235294115
 31
0.0
  0
TEXT
  5
2C3
330
17
100
AcDbEntity
  8
S-TABLE
100
AcDbText
 10
410.01942441783467
 20
358.23235294117643
 30
0.0
 40
1.99
  1
-
  7
OpenSans
 11
410.01942441783467
 21
358.23235294117643
 31
0.0
100
AcDbText
 73
2
  0
LWPOLYLINE
  5
2C4
330
17
100
AcDbEntity
  8
S-TABLE
100
AcDbPolyline
 90
4
 70
1
 10
277.0
 20
347.2117647058823
 10
460.0
 20
347.2117647058823
 10
460.0
 20
354.5588235294117
 10
277.0
 20
354.5588235294117
  0
TEXT
  5
2C5
330
17
100
AcDbEntity
  8
S-TABLE
100
AcDbText
 10
278.4
 20
350.885294117647
 30
0.0
 40
1.99
  1
PLATFORM   (-)2.000
  7
OpenSans
 11
278.4
 21
350.885294117647
 31
0.0
100
AcDbText
 73
2
  0
LINE
  5
2C6
330
17
100
AcDbEntity
  8
S-TABLE
100
AcDbLine
 10
317.121868360501
 20
347.2117647058823
 30
0.0
 11
317.121868360501
 21
354.5588235294117
 31
0.0
  0
TEXT
  5
2C7
330
17
100
AcDbEntity
  8
S-TABLE
100
AcDbText
 10
325.3744919216063
 20
350.885294117647
 30
0.0
 40
1.99
  1
250
  7
OpenSans
 72
1
 11
325.3744919216063
 21
350.885294117647
 31
0.0
100
AcDbText
 73
2
  0
LINE
  5
2C8
330
17
100
AcDbEntity
  8
S-TABLE
100
AcDbLine
 10
333.6271154827116
 20
347.2117647058823
 30
0.0
 11
333.6271154827116
 21
354.5588235294117
 31
0.0
  0
TEXT
  5
2C9
330
17
100
AcDbEntity
  8
S-TABLE
100
AcDbText
 10
340.2116097409546
 20
350.885294117647
 30
0.0
 40
1.99
  1
30
  7
OpenSans
 72
1
 11
340.2116097409546
 21
350.885294117647
 31
0.0
100
AcDbText
 73
2
  0
LINE
  5
2CA
330
17
100
AcDbEntity
  8
S-TABLE
100
AcDbLine
 10
346.79610399919756
 20
347.2117647058823
 30
0.0
 11
346.79610399919756
 21
354.5588235294117
 31
0.0
  0
TEXT
  5
2CB
330
17
100
AcDbEntity
  8
S-TABLE
100
AcDbText
 10
350.679788671664
 20
350.885294117647
 30
0.0
 40
1.99
  1
214
  7
OpenSans
 72
1
 11
350.679788671664
 21
350.885294117647
 31
0.0
100
AcDbText
 73
2
  0
LINE
  5
2CC
330
17
100
AcDbEntity
  8
S-TABLE
100
AcDbLine
 10
354.5634733441305
 20
347.2117647058823
 30
0.0
 11
354.5634733441305
 21
354.5588235294117
 31
0.0
  0
TEXT
  5
2CD
330
17
100
AcDbEntity
  8
S-TABLE
100
AcDbText
 10
355.9634733441305
 20
350.885294117647
 30
0.0
 40
1.99
  1
T12 @ 200 EF EW
  7
OpenSans
 11
355.9634733441305
 21
350.885294117647
 31
0.0
100
AcDbText
 73
2
  0
LINE
  5
2CE
330
17
100
AcDbEntity
  8
S-TABLE
100
AcDbLine
 10
391.04762020744323
 20
347.2117647058823
 30
0.0
 11
391.04762020744323
 21
354.5588235294117
 31
0.0
  0
TEXT
  5
2CF
330
17
100
AcDbEntity
  8
S-TABLE
100
AcDbText
 10
399.83352231263893
 20
350.885294117647
 30
0.0
 40
1.99
  1
-
  7
OpenSans
 72
1
 11
399.83352231263893
 21
350.885294117647
 31
0.0
100
AcDbText
 73
2
  0
LINE
  5
2D0
330
17
100
AcDbEntity
  8
S-TABLE
100
AcDbLine
 10
408.6194244178347
 20
347.2117647058823
 30
0.0
 11
408.6194244178347
 21
354.5588235294117
 31
0.0
  0
TEXT
  5
2D1
330
17
100
AcDbEntity
  8
S-TABLE
100
AcDbText
 10
410.01942441783467
 20
350.885294117647
 30
0.0
 40
1.99
  1
ON FILL
  7
OpenSans
 11
410.01942441783467
 21
350.885294117647
 31
0.0
100
AcDbText
 73
2
  0
LWPOLYLINE
  5
2D2
330
17
100
AcDbEntity
  8
S-TABLE
100
AcDbPolyline
 90
4
 70
1
 10
277.0
 20
339.86470588235284
 10
460.0
 20
339.86470588235284
 10
460.0
 20
347.2117647058823
 10
277.0
 20
347.2117647058823
  0
TEXT
  5
2D3
330
17
100
AcDbEntity
  8
S-TABLE
100
AcDbText
 10
278.4
 20
343.53823529411756
 30
0.0
 40
1.99
  1
SIDE WALLS
  7
OpenSans
 11
278.4
 21
343.53823529411756
 31
0.0
100
AcDbText
 73
2
  0
LINE
  5
2D4
330
17
100
AcDbEntity
  8
S-TABLE
100
AcDbLine
 10
317.121868360501
 20
339.86470588235284
 30
0.0
 11
317.121868360501
 21
347.2117647058823
 31
0.0
  0
TEXT
  5
2D5
330
17
100
AcDbEntity
  8
S-TABLE
100
AcDbText
 10
325.3744919216063
 20
343.53823529411756
 30
0.0
 40
1.99
  1
250
  7
OpenSans
 72
1
 11
325.3744919216063
 21
343.53823529411756
 31
0.0
100
AcDbText
 73
2
  0
LINE
  5
2D6
330
17
100
AcDbEntity
  8
S-TABLE
100
AcDbLine
 10
333.6271154827116
 20
339.86470588235284
 30
0.0
 11
333.6271154827116
 21
347.2117647058823
 31
0.0
  0
TEXT
  5
2D7
330
17
100
AcDbEntity
  8
S-TABLE
100
AcDbText
 10
340.2116097409546
 20
343.53823529411756
 30
0.0
 40
1.99
  1
50
  7
OpenSans
 72
1
 11
340.2116097409546
 21
343.53823529411756
 31
0.0
100
AcDbText
 73
2
  0
LINE
  5
2D8
330
17
100
AcDbEntity
  8
S-TABLE
100
AcDbLine
 10
346.79610399919756
 20
339.86470588235284
 30
0.0
 11
346.79610399919756
 21
347.2117647058823
 31
0.0
  0
TEXT
  5
2D9
330
17
100
AcDbEntity
  8
S-TABLE
100
AcDbText
 10
350.679788671664
 20
343.53823529411756
 30
0.0
 40
1.99
  1
194
  7
OpenSans
 72
1
 11
350.679788671664
 21
343.53823529411756
 31
0.0
100
AcDbText
 73
2
  0
LINE
  5
2DA
330
17
100
AcDbEntity
  8
S-TABLE
100
AcDbLine
 10
354.5634733441305
 20
339.86470588235284
 30
0.0
 11
354.5634733441305
 21
347.2117647058823
 31
0.0
  0
TEXT
  5
2DB
330
17
100
AcDbEntity
  8
S-TABLE
100
AcDbText
 10
355.9634733441305
 20
343.53823529411756
 30
0.0
 40
1.99
  1
T12 @ 200 EF EW
  7
OpenSans
 11
355.9634733441305
 21
343.53823529411756
 31
0.0
100
AcDbText
 73
2
  0
LINE
  5
2DC
330
17
100
AcDbEntity
  8
S-TABLE
100
AcDbLine
 10
391.04762020744323
 20
339.86470588235284
 30
0.0
 11
391.04762020744323
 21
347.2117647058823
 31
0.0
  0
TEXT
  5
2DD
330
17
100
AcDbEntity
  8
S-TABLE
100
AcDbText
 10
399.83352231263893
 20
343.53823529411756
 30
0.0
 40
1.99
  1
-
  7
OpenSans
 72
1
 11
399.83352231263893
 21
343.53823529411756
 31
0.0
100
AcDbText
 73
2
  0
LINE
  5
2DE
330
17
100
AcDbEntity
  8
S-TABLE
100
AcDbLine
 10
408.6194244178347
 20
339.86470588235284
 30
0.0
 11
408.6194244178347
 21
347.2117647058823
 31
0.0
  0
TEXT
  5
2DF
330
17
100
AcDbEntity
  8
S-TABLE
100
AcDbText
 10
410.01942441783467
 20
343.53823529411756
 30
0.0
 40
1.99
  1
MIN STEEL GOVERNS
  7
OpenSans
 11
410.01942441783467
 21
343.53823529411756
 31
0.0
100
AcDbText
 73
2
  0
LWPOLYLINE
  5
2E0
330
17
100
AcDbEntity
  8
S-TABLE
100
AcDbPolyline
 90
4
 70
1
 10
277.0
 20
332.5176470588234
 10
460.0
 20
332.5176470588234
 10
460.0
 20
339.86470588235284
 10
277.0
 20
339.86470588235284
  0
TEXT
  5
2E1
330
17
100
AcDbEntity
  8
S-TABLE
100
AcDbText
 10
278.4
 20
336.1911764705881
 30
0.0
 40
1.99
  1
RAKING ROOF
  7
OpenSans
 11
278.4
 21
336.1911764705881
 31
0.0
100
AcDbText
 73
2
  0
LINE
  5
2E2
330
17
100
AcDbEntity
  8
S-TABLE
100
AcDbLine
 10
317.121868360501
 20
332.5176470588234
 30
0.0
 11
317.121868360501
 21
339.86470588235284
 31
0.0
  0
TEXT
  5
2E3
330
17
100
AcDbEntity
  8
S-TABLE
100
AcDbText
 10
325.3744919216063
 20
336.1911764705881
 30
0.0
 40
1.99
  1
250
  7
OpenSans
 72
1
 11
325.3744919216063
 21
336.1911764705881
 31
0.0
100
AcDbText
 73
2
  0
LINE
  5
2E4
330
17
100
AcDbEntity
  8
S-TABLE
100
AcDbLine
 10
333.6271154827116
 20
332.5176470588234
 30
0.0
 11
333.6271154827116
 21
339.86470588235284
 31
0.0
  0
TEXT
  5
2E5
330
17
100
AcDbEntity
  8
S-TABLE
100
AcDbText
 10
340.2116097409546
 20
336.1911764705881
 30
0.0
 40
1.99
  1
30
  7
OpenSans
 72
1
 11
340.2116097409546
 21
336.1911764705881
 31
0.0
100
AcDbText
 73
2
  0
LINE
  5
2E6
330
17
100
AcDbEntity
  8
S-TABLE
100
AcDbLine
 10
346.79610399919756
 20
332.5176470588234
 30
0.0
 11
346.79610399919756
 21
339.86470588235284
 31
0.0
  0
TEXT
  5
2E7
330
17
100
AcDbEntity
  8
S-TABLE
100
AcDbText
 10
350.679788671664
 20
336.1911764705881
 30
0.0
 40
1.99
  1
204
  7
OpenSans
 72
1
 11
350.679788671664
 21
336.1911764705881
 31
0.0
100
AcDbText
 73
2
  0
LINE
  5
2E8
330
17
100
AcDbEntity
  8
S-TABLE
100
AcDbLine
 10
354.5634733441305
 20
332.5176470588234
 30
0.0
 11
354.5634733441305
 21
339.86470588235284
 31
0.0
  0
TEXT
  5
2E9
330
17
100
AcDbEntity
  8
S-TABLE
100
AcDbText
 10
355.9634733441305
 20
336.1911764705881
 30
0.0
 40
1.99
  1
T12 @ 200 EF EW
  7
OpenSans
 11
355.9634733441305
 21
336.1911764705881
 31
0.0
100
AcDbText
 73
2
  0
LINE
  5
2EA
330
17
100
AcDbEntity
  8
S-TABLE
100
AcDbLine
 10
391.04762020744323
 20
332.5176470588234
 30
0.0
 11
391.04762020744323
 21
339.86470588235284
 31
0.0
  0
TEXT
  5
2EB
330
17
100
AcDbEntity
  8
S-TABLE
100
AcDbText
 10
399.83352231263893
 20
336.1911764705881
 30
0.0
 40
1.99
  1
-
  7
OpenSans
 72
1
 11
399.83352231263893
 21
336.1911764705881
 31
0.0
100
AcDbText
 73
2
  0
LINE
  5
2EC
330
17
100
AcDbEntity
  8
S-TABLE
100
AcDbLine
 10
408.6194244178347
 20
332.5176470588234
 30
0.0
 11
408.6194244178347
 21
339.86470588235284
 31
0.0
  0
TEXT
  5
2ED
330
17
100
AcDbEntity
  8
S-TABLE
100
AcDbText
 10
410.01942441783467
 20
336.1911764705881
 30
0.0
 40
1.99
  1
MIN STEEL GOVERNS
  7
OpenSans
 11
410.01942441783467
 21
336.1911764705881
 31
0.0
100
AcDbText
 73
2
  0
LWPOLYLINE
  5
2EE
330
17
100
AcDbEntity
  8
S-TABLE
100
AcDbPolyline
 90
4
 70
1
 10
277.0
 20
325.17058823529396
 10
460.0
 20
325.17058823529396
 10
460.0
 20
332.5176470588234
 10
277.0
 20
332.5176470588234
  0
TEXT
  5
2EF
330
17
100
AcDbEntity
  8
S-TABLE
100
AcDbText
 10
278.4
 20
328.8441176470587
 30
0.0
 40
1.99
  1
HEADWALL
  7
OpenSans
 11
278.4
 21
328.8441176470587
 31
0.0
100
AcDbText
 73
2
  0
LINE
  5
2F0
330
17
100
AcDbEntity
  8
S-TABLE
100
AcDbLine
 10
317.121868360501
 20
325.17058823529396
 30
0.0
 11
317.121868360501
 21
332.5176470588234
 31
0.0
  0
TEXT
  5
2F1
330
17
100
AcDbEntity
  8
S-TABLE
100
AcDbText
 10
325.3744919216063
 20
328.8441176470587
 30
0.0
 40
1.99
  1
250
  7
OpenSans
 72
1
 11
325.3744919216063
 21
328.8441176470587
 31
0.0
100
AcDbText
 73
2
  0
LINE
  5
2F2
330
17
100
AcDbEntity
  8
S-TABLE
100
AcDbLine
 10
333.6271154827116
 20
325.17058823529396
 30
0.0
 11
333.6271154827116
 21
332.5176470588234
 31
0.0
  0
TEXT
  5
2F3
330
17
100
AcDbEntity
  8
S-TABLE
100
AcDbText
 10
340.2116097409546
 20
328.8441176470587
 30
0.0
 40
1.99
  1
30
  7
OpenSans
 72
1
 11
340.2116097409546
 21
328.8441176470587
 31
0.0
100
AcDbText
 73
2
  0
LINE
  5
2F4
330
17
100
AcDbEntity
  8
S-TABLE
100
AcDbLine
 10
346.79610399919756
 20
325.17058823529396
 30
0.0
 11
346.79610399919756
 21
332.5176470588234
 31
0.0
  0
TEXT
  5
2F5
330
17
100
AcDbEntity
  8
S-TABLE
100
AcDbText
 10
350.679788671664
 20
328.8441176470587
 30
0.0
 40
1.99
  1
214
  7
OpenSans
 72
1
 11
350.679788671664
 21
328.8441176470587
 31
0.0
100
AcDbText
 73
2
  0
LINE
  5
2F6
330
17
100
AcDbEntity
  8
S-TABLE
100
AcDbLine
 10
354.5634733441305
 20
325.17058823529396
 30
0.0
 11
354.5634733441305
 21
332.5176470588234
 31
0.0
  0
TEXT
  5
2F7
330
17
100
AcDbEntity
  8
S-TABLE
100
AcDbText
 10
355.9634733441305
 20
328.8441176470587
 30
0.0
 40
1.99
  1
T12 @ 200 EF EW
  7
OpenSans
 11
355.9634733441305
 21
328.8441176470587
 31
0.0
100
AcDbText
 73
2
  0
LINE
  5
2F8
330
17
100
AcDbEntity
  8
S-TABLE
100
AcDbLine
 10
391.04762020744323
 20
325.17058823529396
 30
0.0
 11
391.04762020744323
 21
332.5176470588234
 31
0.0
  0
TEXT
  5
2F9
330
17
100
AcDbEntity
  8
S-TABLE
100
AcDbText
 10
399.83352231263893
 20
328.8441176470587
 30
0.0
 40
1.99
  1
-
  7
OpenSans
 72
1
 11
399.83352231263893
 21
328.8441176470587
 31
0.0
100
AcDbText
 73
2
  0
LINE
  5
2FA
330
17
100
AcDbEntity
  8
S-TABLE
100
AcDbLine
 10
408.6194244178347
 20
325.17058823529396
 30
0.0
 11
408.6194244178347
 21
332.5176470588234
 31
0.0
  0
TEXT
  5
2FB
330
17
100
AcDbEntity
  8
S-TABLE
100
AcDbText
 10
410.01942441783467
 20
328.8441176470587
 30
0.0
 40
1.99
  1
-
  7
OpenSans
 11
410.01942441783467
 21
328.8441176470587
 31
0.0
100
AcDbText
 73
2
  0
LWPOLYLINE
  5
2FC
330
17
100
AcDbEntity
  8
S-TABLE
100
AcDbPolyline
 90
4
 70
1
 10
277.0
 20
317.8235294117645
 10
460.0
 20
317.8235294117645
 10
460.0
 20
325.17058823529396
 10
277.0
 20
325.17058823529396
  0
TEXT
  5
2FD
330
17
100
AcDbEntity
  8
S-TABLE
100
AcDbText
 10
278.4
 20
321.49705882352924
 30
0.0
 40
1.99
  1
DOOR LINTEL  1000 CLEAR
  7
OpenSans
 11
278.4
 21
321.49705882352924
 31
0.0
100
AcDbText
 73
2
  0
LINE
  5
2FE
330
17
100
AcDbEntity
  8
S-TABLE
100
AcDbLine
 10
317.121868360501
 20
317.8235294117645
 30
0.0
 11
317.121868360501
 21
325.17058823529396
 31
0.0
  0
TEXT
  5
2FF
330
17
100
AcDbEntity
  8
S-TABLE
100
AcDbText
 10
325.3744919216063
 20
321.49705882352924
 30
0.0
 40
1.99
  1
250 x 350
  7
OpenSans
 72
1
 11
325.3744919216063
 21
321.49705882352924
 31
0.0
100
AcDbText
 73
2
  0
LINE
  5
300
330
17
100
AcDbEntity
  8
S-TABLE
100
AcDbLine
 10
333.6271154827116
 20
317.8235294117645
 30
0.0
 11
333.6271154827116
 21
325.17058823529396
 31
0.0
  0
TEXT
  5
301
330
17
100
AcDbEntity
  8
S-TABLE
100
AcDbText
 10
340.2116097409546
 20
321.49705882352924
 30
0.0
 40
1.99
  1
30
  7
OpenSans
 72
1
 11
340.2116097409546
 21
321.49705882352924
 31
0.0
100
AcDbText
 73
2
  0
LINE
  5
302
330
17
100
AcDbEntity
  8
S-TABLE
100
AcDbLine
 10
346.79610399919756
 20
317.8235294117645
 30
0.0
 11
346.79610399919756
 21
325.17058823529396
 31
0.0
  0
TEXT
  5
303
330
17
100
AcDbEntity
  8
S-TABLE
100
AcDbText
 10
350.679788671664
 20
321.49705882352924
 30
0.0
 40
1.99
  1
306
  7
OpenSans
 72
1
 11
350.679788671664
 21
321.49705882352924
 31
0.0
100
AcDbText
 73
2
  0
LINE
  5
304
330
17
100
AcDbEntity
  8
S-TABLE
100
AcDbLine
 10
354.5634733441305
 20
317.8235294117645
 30
0.0
 11
354.5634733441305
 21
325.17058823529396
 31
0.0
  0
TEXT
  5
305
330
17
100
AcDbEntity
  8
S-TABLE
100
AcDbText
 10
355.9634733441305
 20
321.49705882352924
 30
0.0
 40
1.99
  1
3-T12 T + 3-T12 B
  7
OpenSans
 11
355.9634733441305
 21
321.49705882352924
 31
0.0
100
AcDbText
 73
2
  0
LINE
  5
306
330
17
100
AcDbEntity
  8
S-TABLE
100
AcDbLine
 10
391.04762020744323
 20
317.8235294117645
 30
0.0
 11
391.04762020744323
 21
325.17058823529396
 31
0.0
  0
TEXT
  5
307
330
17
100
AcDbEntity
  8
S-TABLE
100
AcDbText
 10
399.83352231263893
 20
321.49705882352924
 30
0.0
 40
1.99
  1
T8 @ 150
  7
OpenSans
 72
1
 11
399.83352231263893
 21
321.49705882352924
 31
0.0
100
AcDbText
 73
2
  0
LINE
  5
308
330
17
100
AcDbEntity
  8
S-TABLE
100
AcDbLine
 10
408.6194244178347
 20
317.8235294117645
 30
0.0
 11
408.6194244178347
 21
325.17058823529396
 31
0.0
  0
TEXT
  5
309
330
17
100
AcDbEntity
  8
S-TABLE
100
AcDbText
 10
410.01942441783467
 20
321.49705882352924
 30
0.0
 40
1.99
  1
-
  7
OpenSans
 11
410.01942441783467
 21
321.49705882352924
 31
0.0
100
AcDbText
 73
2
  0
LWPOLYLINE
  5
30A
330
17
100
AcDbEntity
  8
S-TABLE
100
AcDbPolyline
 90
4
 70
1
 10
277.0
 20
310.4764705882351
 10
460.0
 20
310.4764705882351
 10
460.0
 20
317.8235294117645
 10
277.0
 20
317.8235294117645
  0
TEXT
  5
30B
330
17
100
AcDbEntity
  8
S-TABLE
100
AcDbText
 10
278.4
 20
314.1499999999998
 30
0.0
 40
1.99
  1
STEPPED RAFT
  7
OpenSans
 11
278.4
 21
314.1499999999998
 31
0.0
100
AcDbText
 73
2
  0
LINE
  5
30C
330
17
100
AcDbEntity
  8
S-TABLE
100
AcDbLine
 10
317.121868360501
 20
310.4764705882351
 30
0.0
 11
317.121868360501
 21
317.8235294117645
 31
0.0
  0
TEXT
  5
30D
330
17
100
AcDbEntity
  8
S-TABLE
100
AcDbText
 10
325.3744919216063
 20
314.1499999999998
 30
0.0
 40
1.99
  1
300
  7
OpenSans
 72
1
 11
325.3744919216063
 21
314.1499999999998
 31
0.0
100
AcDbText
 73
2
  0
LINE
  5
30E
330
17
100
AcDbEntity
  8
S-TABLE
100
AcDbLine
 10
333.6271154827116
 20
310.4764705882351
 30
0.0
 11
333.6271154827116
 21
317.8235294117645
 31
0.0
  0
TEXT
  5
30F
330
17
100
AcDbEntity
  8
S-TABLE
100
AcDbText
 10
340.2116097409546
 20
314.1499999999998
 30
0.0
 40
1.99
  1
50
  7
OpenSans
 72
1
 11
340.2116097409546
 21
314.1499999999998
 31
0.0
100
AcDbText
 73
2
  0
LINE
  5
310
330
17
100
AcDbEntity
  8
S-TABLE
100
AcDbLine
 10
346.79610399919756
 20
310.4764705882351
 30
0.0
 11
346.79610399919756
 21
317.8235294117645
 31
0.0
  0
TEXT
  5
311
330
17
100
AcDbEntity
  8
S-TABLE
100
AcDbText
 10
350.679788671664
 20
314.1499999999998
 30
0.0
 40
1.99
  1
244
  7
OpenSans
 72
1
 11
350.679788671664
 21
314.1499999999998
 31
0.0
100
AcDbText
 73
2
  0
LINE
  5
312
330
17
100
AcDbEntity
  8
S-TABLE
100
AcDbLine
 10
354.5634733441305
 20
310.4764705882351
 30
0.0
 11
354.5634733441305
 21
317.8235294117645
 31
0.0
  0
TEXT
  5
313
330
17
100
AcDbEntity
  8
S-TABLE
100
AcDbText
 10
355.9634733441305
 20
314.1499999999998
 30
0.0
 40
1.99
  1
T12 @ 200 EF EW
  7
OpenSans
 11
355.9634733441305
 21
314.1499999999998
 31
0.0
100
AcDbText
 73
2
  0
LINE
  5
314
330
17
100
AcDbEntity
  8
S-TABLE
100
AcDbLine
 10
391.04762020744323
 20
310.4764705882351
 30
0.0
 11
391.04762020744323
 21
317.8235294117645
 31
0.0
  0
TEXT
  5
315
330
17
100
AcDbEntity
  8
S-TABLE
100
AcDbText
 10
399.83352231263893
 20
314.1499999999998
 30
0.0
 40
1.99
  1
-
  7
OpenSans
 72
1
 11
399.83352231263893
 21
314.1499999999998
 31
0.0
100
AcDbText
 73
2
  0
LINE
  5
316
330
17
100
AcDbEntity
  8
S-TABLE
100
AcDbLine
 10
408.6194244178347
 20
310.4764705882351
 30
0.0
 11
408.6194244178347
 21
317.8235294117645
 31
0.0
  0
TEXT
  5
317
330
17
100
AcDbEntity
  8
S-TABLE
100
AcDbText
 10
410.01942441783467
 20
314.1499999999998
 30
0.0
 40
1.99
  1
ON COMPACTED FILL
  7
OpenSans
 11
410.01942441783467
 21
314.1499999999998
 31
0.0
100
AcDbText
 73
2
  0
LWPOLYLINE
  5
318
330
17
100
AcDbEntity
  8
S-TABLE
100
AcDbPolyline
 90
4
 70
1
 10
277.0
 20
303.12941176470565
 10
460.0
 20
303.12941176470565
 10
460.0
 20
310.4764705882351
 10
277.0
 20
310.4764705882351
  0
TEXT
  5
319
330
17
100
AcDbEntity
  8
S-TABLE
100
AcDbText
 10
278.6
 20
306.80294117647037
 30
0.0
 40
2.19
  1
OUTSIDE THE PROTECTIVE BOUNDARY.  NOT BLAST RATED.  DESIGNED TO IS 456, NOT TO IS 4991
  7
OpenSans
 11
278.6
 21
306.80294117647037
 31
0.0
100
AcDbText
 73
2
  0
LWPOLYLINE
  5
31A
330
17
100
AcDbEntity
  8
S-TABLE
100
AcDbPolyline
 90
4
 70
1
 10
277.0
 20
287.7294117647056
 10
460.0
 20
287.7294117647056
 10
460.0
 20
294.12941176470565
 10
277.0
 20
294.12941176470565
  0
TEXT
  5
31B
330
17
100
AcDbEntity
  8
S-TABLE
100
AcDbText
 10
368.5
 20
290.92941176470566
 30
0.0
 40
3.8
  1
BAR MARK SCHEDULE - COVERED ENTRY STAIRWELL
  7
OpenSans
 72
1
 11
368.5
 21
290.92941176470566
 31
0.0
100
AcDbText
 73
2
  0
LWPOLYLINE
  5
31C
330
17
100
AcDbEntity
  8
S-TABLE
100
AcDbPolyline
 90
4
 70
1
 10
277.0
 20
280.38235294117624
 10
460.0
 20
280.38235294117624
 10
460.0
 20
287.7294117647057
 10
277.0
 20
287.7294117647057
  0
TEXT
  5
31D
330
17
100
AcDbEntity
  8
S-TABLE
100
AcDbText
 10
286.84669634295784
 20
284.05588235294096
 30
0.0
 40
3.1388235294117655
  1
MARK
  7
OpenSans
 72
1
 11
286.84669634295784
 21
284.05588235294096
 31
0.0
100
AcDbText
 73
2
  0
LINE
  5
31E
330
17
100
AcDbEntity
  8
S-TABLE
100
AcDbLine
 10
296.6933926859157
 20
280.38235294117624
 30
0.0
 11
296.6933926859157
 21
287.7294117647057
 31
0.0
  0
TEXT
  5
31F
330
17
100
AcDbEntity
  8
S-TABLE
100
AcDbText
 10
304.2294649079008
 20
284.05588235294096
 30
0.0
 40
3.1388235294117655
  1
BAR
  7
OpenSans
 72
1
 11
304.2294649079008
 21
284.05588235294096
 31
0.0
100
AcDbText
 73
2
  0
LINE
  5
320
330
17
100
AcDbEntity
  8
S-TABLE
100
AcDbLine
 10
311.7655371298859
 20
280.38235294117624
 30
0.0
 11
311.7655371298859
 21
287.7294117647057
 31
0.0
  0
TEXT
  5
321
330
17
100
AcDbEntity
  8
S-TABLE
100
AcDbText
 10
325.88790450021554
 20
284.05588235294096
 30
0.0
 40
3.1388235294117655
  1
SPACING
  7
OpenSans
 72
1
 11
325.88790450021554
 21
284.05588235294096
 31
0.0
100
AcDbText
 73
2
  0
LINE
  5
322
330
17
100
AcDbEntity
  8
S-TABLE
100
AcDbLine
 10
340.0102718705452
 20
280.38235294117624
 30
0.0
 11
340.0102718705452
 21
287.7294117647057
 31
0.0
  0
TEXT
  5
323
330
17
100
AcDbEntity
  8
S-TABLE
100
AcDbText
 10
379.481103303284
 20
284.05588235294096
 30
0.0
 40
3.1388235294117655
  1
LOCATION
  7
OpenSans
 72
1
 11
379.481103303284
 21
284.05588235294096
 31
0.0
100
AcDbText
 73
2
  0
LINE
  5
324
330
17
100
AcDbEntity
  8
S-TABLE
100
AcDbLine
 10
418.9519347360228
 20
280.38235294117624
 30
0.0
 11
418.9519347360228
 21
287.7294117647057
 31
0.0
  0
TEXT
  5
325
330
17
100
AcDbEntity
  8
S-TABLE
100
AcDbText
 10
432.71110722985935
 20
284.05588235294096
 30
0.0
 40
3.1388235294117655
  1
CUT mm
  7
OpenSans
 72
1
 11
432.71110722985935
 21
284.05588235294096
 31
0.0
100
AcDbText
 73
2
  0
LINE
  5
326
330
17
100
AcDbEntity
  8
S-TABLE
100
AcDbLine
 10
446.4702797236959
 20
280.38235294117624
 30
0.0
 11
446.4702797236959
 21
287.7294117647057
 31
0.0
  0
TEXT
  5
327
330
17
100
AcDbEntity
  8
S-TABLE
100
AcDbText
 10
453.2351398618479
 20
284.05588235294096
 30
0.0
 40
3.1388235294117655
  1
No.
  7
OpenSans
 72
1
 11
453.2351398618479
 21
284.05588235294096
 31
0.0
100
AcDbText
 73
2
  0
LWPOLYLINE
  5
328
330
17
100
AcDbEntity
  8
S-TABLE
100
AcDbPolyline
 90
4
 70
1
 10
277.0
 20
273.0352941176468
 10
460.0
 20
273.0352941176468
 10
460.0
 20
280.38235294117624
 10
277.0
 20
280.38235294117624
  0
TEXT
  5
329
330
17
100
AcDbEntity
  8
S-TABLE
100
AcDbText
 10
286.84669634295784
 20
276.7088235294115
 30
0.0
 40
2.9388235294117653
  1
E01
  7
OpenSans
 72
1
 11
286.84669634295784
 21
276.7088235294115
 31
0.0
100
AcDbText
 73
2
  0
LINE
  5
32A
330
17
100
AcDbEntity
  8
S-TABLE
100
AcDbLine
 10
296.6933926859157
 20
273.0352941176468
 30
0.0
 11
296.6933926859157
 21
280.38235294117624
 31
0.0
  0
TEXT
  5
32B
330
17
100
AcDbEntity
  8
S-TABLE
100
AcDbText
 10
304.2294649079008
 20
276.7088235294115
 30
0.0
 40
2.9388235294117653
  1
T16
  7
OpenSans
 72
1
 11
304.2294649079008
 21
276.7088235294115
 31
0.0
100
AcDbText
 73
2
  0
LINE
  5
32C
330
17
100
AcDbEntity
  8
S-TABLE
100
AcDbLine
 10
311.7655371298859
 20
273.0352941176468
 30
0.0
 11
311.7655371298859
 21
280.38235294117624
 31
0.0
  0
TEXT
  5
32D
330
17
100
AcDbEntity
  8
S-TABLE
100
AcDbText
 10
325.88790450021554
 20
276.7088235294115
 30
0.0
 40
2.9388235294117653
  1
200
  7
OpenSans
 72
1
 11
325.88790450021554
 21
276.7088235294115
 31
0.0
100
AcDbText
 73
2
  0
LINE
  5
32E
330
17
100
AcDbEntity
  8
S-TABLE
100
AcDbLine
 10
340.0102718705452
 20
273.0352941176468
 30
0.0
 11
340.0102718705452
 21
280.38235294117624
 31
0.0
  0
TEXT
  5
32F
330
17
100
AcDbEntity
  8
S-TABLE
100
AcDbText
 10
341.41027187054516
 20
276.7088235294115
 30
0.0
 40
2.9388235294117653
  1
MAIN BARS
  7
OpenSans
 11
341.41027187054516
 21
276.7088235294115
 31
0.0
100
AcDbText
 73
2
  0
LINE
  5
330
330
17
100
AcDbEntity
  8
S-TABLE
100
AcDbLine
 10
418.9519347360228
 20
273.0352941176468
 30
0.0
 11
418.9519347360228
 21
280.38235294117624
 31
0.0
  0
TEXT
  5
331
330
17
100
AcDbEntity
  8
S-TABLE
100
AcDbText
 10
432.71110722985935
 20
276.7088235294115
 30
0.0
 40
2.9388235294117653
  1
5275
  7
OpenSans
 72
1
 11
432.71110722985935
 21
276.7088235294115
 31
0.0
100
AcDbText
 73
2
  0
LINE
  5
332
330
17
100
AcDbEntity
  8
S-TABLE
100
AcDbLine
 10
446.4702797236959
 20
273.0352941176468
 30
0.0
 11
446.4702797236959
 21
280.38235294117624
 31
0.0
  0
TEXT
  5
333
330
17
100
AcDbEntity
  8
S-TABLE
100
AcDbText
 10
453.2351398618479
 20
276.7088235294115
 30
0.0
 40
2.9388235294117653
  1
8
  7
OpenSans
 72
1
 11
453.2351398618479
 21
276.7088235294115
 31
0.0
100
AcDbText
 73
2
  0
LWPOLYLINE
  5
334
330
17
100
AcDbEntity
  8
S-TABLE
100
AcDbPolyline
 90
4
 70
1
 10
277.0
 20
265.68823529411736
 10
460.0
 20
265.68823529411736
 10
460.0
 20
273.0352941176468
 10
277.0
 20
273.0352941176468
  0
TEXT
  5
335
330
17
100
AcDbEntity
  8
S-TABLE
100
AcDbText
 10
286.84669634295784
 20
269.3617647058821
 30
0.0
 40
2.9388235294117653
  1
E02
  7
OpenSans
 72
1
 11
286.84669634295784
 21
269.3617647058821
 31
0.0
100
AcDbText
 73
2
  0
LINE
  5
336
330
17
100
AcDbEntity
  8
S-TABLE
100
AcDbLine
 10
296.6933926859157
 20
265.68823529411736
 30
0.0
 11
296.6933926859157
 21
273.0352941176468
 31
0.0
  0
TEXT
  5
337
330
17
100
AcDbEntity
  8
S-TABLE
100
AcDbText
 10
304.2294649079008
 20
269.3617647058821
 30
0.0
 40
2.9388235294117653
  1
T10
  7
OpenSans
 72
1
 11
304.2294649079008
 21
269.3617647058821
 31
0.0
100
AcDbText
 73
2
  0
LINE
  5
338
330
17
100
AcDbEntity
  8
S-TABLE
100
AcDbLine
 10
311.7655371298859
 20
265.68823529411736
 30
0.0
 11
311.7655371298859
 21
273.0352941176468
 31
0.0
  0
TEXT
  5
339
330
17
100
AcDbEntity
  8
S-TABLE
100
AcDbText
 10
325.88790450021554
 20
269.3617647058821
 30
0.0
 40
2.9388235294117653
  1
200
  7
OpenSans
 72
1
 11
325.88790450021554
 21
269.3617647058821
 31
0.0
100
AcDbText
 73
2
  0
LINE
  5
33A
330
17
100
AcDbEntity
  8
S-TABLE
100
AcDbLine
 10
340.0102718705452
 20
265.68823529411736
 30
0.0
 11
340.0102718705452
 21
273.0352941176468
 31
0.0
  0
TEXT
  5
33B
330
17
100
AcDbEntity
  8
S-TABLE
100
AcDbText
 10
341.41027187054516
 20
269.3617647058821
 30
0.0
 40
2.9388235294117653
  1
DISTRIBUTION
  7
OpenSans
 11
341.41027187054516
 21
269.3617647058821
 31
0.0
100
AcDbText
 73
2
  0
LINE
  5
33C
330
17
100
AcDbEntity
  8
S-TABLE
100
AcDbLine
 10
418.9519347360228
 20
265.68823529411736
 30
0.0
 11
418.9519347360228
 21
273.0352941176468
 31
0.0
  0
TEXT
  5
33D
330
17
100
AcDbEntity
  8
S-TABLE
100
AcDbText
 10
432.71110722985935
 20
269.3617647058821
 30
0.0
 40
2.9388235294117653
  1
1440
  7
OpenSans
 72
1
 11
432.71110722985935
 21
269.3617647058821
 31
0.0
100
AcDbText
 73
2
  0
LINE
  5
33E
330
17
100
AcDbEntity
  8
S-TABLE
100
AcDbLine
 10
446.4702797236959
 20
265.68823529411736
 30
0.0
 11
446.4702797236959
 21
273.0352941176468
 31
0.0
  0
TEXT
  5
33F
330
17
100
AcDbEntity
  8
S-TABLE
100
AcDbText
 10
453.2351398618479
 20
269.3617647058821
 30
0.0
 40
2.9388235294117653
  1
19
  7
OpenSans
 72
1
 11
453.2351398618479
 21
269.3617647058821
 31
0.0
100
AcDbText
 73
2
  0
LWPOLYLINE
  5
340
330
17
100
AcDbEntity
  8
S-TABLE
100
AcDbPolyline
 90
4
 70
1
 10
277.0
 20
258.3411764705879
 10
460.0
 20
258.3411764705879
 10
460.0
 20
265.68823529411736
 10
277.0
 20
265.68823529411736
  0
TEXT
  5
341
330
17
100
AcDbEntity
  8
S-TABLE
100
AcDbText
 10
286.84669634295784
 20
262.01470588235264
 30
0.0
 40
2.9388235294117653
  1
E03
  7
OpenSans
 72
1
 11
286.84669634295784
 21
262.01470588235264
 31
0.0
100
AcDbText
 73
2
  0
LINE
  5
342
330
17
100
AcDbEntity
  8
S-TABLE
100
AcDbLine
 10
296.6933926859157
 20
258.3411764705879
 30
0.0
 11
296.6933926859157
 21
265.68823529411736
 31
0.0
  0
TEXT
  5
343
330
17
100
AcDbEntity
  8
S-TABLE
100
AcDbText
 10
304.2294649079008
 20
262.01470588235264
 30
0.0
 40
2.9388235294117653
  1
T16
  7
OpenSans
 72
1
 11
304.2294649079008
 21
262.01470588235264
 31
0.0
100
AcDbText
 73
2
  0
LINE
  5
344
330
17
100
AcDbEntity
  8
S-TABLE
100
AcDbLine
 10
311.7655371298859
 20
258.3411764705879
 30
0.0
 11
311.7655371298859
 21
265.68823529411736
 31
0.0
  0
TEXT
  5
345
330
17
100
AcDbEntity
  8
S-TABLE
100
AcDbText
 10
325.88790450021554
 20
262.01470588235264
 30
0.0
 40
2.9388235294117653
  1
200
  7
OpenSans
 72
1
 11
325.88790450021554
 21
262.01470588235264
 31
0.0
100
AcDbText
 73
2
  0
LINE
  5
346
330
17
100
AcDbEntity
  8
S-TABLE
100
AcDbLine
 10
340.0102718705452
 20
258.3411764705879
 30
0.0
 11
340.0102718705452
 21
265.68823529411736
 31
0.0
  0
TEXT
  5
347
330
17
100
AcDbEntity
  8
S-TABLE
100
AcDbText
 10
341.41027187054516
 20
262.01470588235264
 30
0.0
 40
2.9388235294117653
  1
TOP, 1200 INTO THE FLIGHT
  7
OpenSans
 11
341.41027187054516
 21
262.01470588235264
 31
0.0
100
AcDbText
 73
2
  0
LINE
  5
348
330
17
100
AcDbEntity
  8
S-TABLE
100
AcDbLine
 10
418.9519347360228
 20
258.3411764705879
 30
0.0
 11
418.9519347360228
 21
265.68823529411736
 31
0.0
  0
TEXT
  5
349
330
17
100
AcDbEntity
  8
S-TABLE
100
AcDbText
 10
432.71110722985935
 20
262.01470588235264
 30
0.0
 40
2.9388235294117653
  1
1840
  7
OpenSans
 72
1
 11
432.71110722985935
 21
262.01470588235264
 31
0.0
100
AcDbText
 73
2
  0
LINE
  5
34A
330
17
100
AcDbEntity
  8
S-TABLE
100
AcDbLine
 10
446.4702797236959
 20
258.3411764705879
 30
0.0
 11
446.4702797236959
 21
265.68823529411736
 31
0.0
  0
TEXT
  5
34B
330
17
100
AcDbEntity
  8
S-TABLE
100
AcDbText
 10
453.2351398618479
 20
262.01470588235264
 30
0.0
 40
2.9388235294117653
  1
16
  7
OpenSans
 72
1
 11
453.2351398618479
 21
262.01470588235264
 31
0.0
100
AcDbText
 73
2
  0
LWPOLYLINE
  5
34C
330
17
100
AcDbEntity
  8
S-TABLE
100
AcDbPolyline
 90
4
 70
1
 10
277.0
 20
250.99411764705852
 10
460.0
 20
250.99411764705852
 10
460.0
 20
258.3411764705879
 10
277.0
 20
258.3411764705879
  0
TEXT
  5
34D
330
17
100
AcDbEntity
  8
S-TABLE
100
AcDbText
 10
286.84669634295784
 20
254.6676470588232
 30
0.0
 40
2.9388235294117653
  1
E04A
  7
OpenSans
 72
1
 11
286.84669634295784
 21
254.6676470588232
 31
0.0
100
AcDbText
 73
2
  0
LINE
  5
34E
330
17
100
AcDbEntity
  8
S-TABLE
100
AcDbLine
 10
296.6933926859157
 20
250.99411764705852
 30
0.0
 11
296.6933926859157
 21
258.3411764705879
 31
0.0
  0
TEXT
  5
34F
330
17
100
AcDbEntity
  8
S-TABLE
100
AcDbText
 10
304.2294649079008
 20
254.6676470588232
 30
0.0
 40
2.9388235294117653
  1
T12
  7
OpenSans
 72
1
 11
304.2294649079008
 21
254.6676470588232
 31
0.0
100
AcDbText
 73
2
  0
LINE
  5
350
330
17
100
AcDbEntity
  8
S-TABLE
100
AcDbLine
 10
311.7655371298859
 20
250.99411764705852
 30
0.0
 11
311.7655371298859
 21
258.3411764705879
 31
0.0
  0
TEXT
  5
351
330
17
100
AcDbEntity
  8
S-TABLE
100
AcDbText
 10
325.88790450021554
 20
254.6676470588232
 30
0.0
 40
2.9388235294117653
  1
200
  7
OpenSans
 72
1
 11
325.88790450021554
 21
254.6676470588232
 31
0.0
100
AcDbText
 73
2
  0
LINE
  5
352
330
17
100
AcDbEntity
  8
S-TABLE
100
AcDbLine
 10
340.0102718705452
 20
250.99411764705852
 30
0.0
 11
340.0102718705452
 21
258.3411764705879
 31
0.0
  0
TEXT
  5
353
330
17
100
AcDbEntity
  8
S-TABLE
100
AcDbText
 10
341.41027187054516
 20
254.6676470588232
 30
0.0
 40
2.9388235294117653
  1
VERTICAL, EACH FACE
  7
OpenSans
 11
341.41027187054516
 21
254.6676470588232
 31
0.0
100
AcDbText
 73
2
  0
LINE
  5
354
330
17
100
AcDbEntity
  8
S-TABLE
100
AcDbLine
 10
418.9519347360228
 20
250.99411764705852
 30
0.0
 11
418.9519347360228
 21
258.3411764705879
 31
0.0
  0
TEXT
  5
355
330
17
100
AcDbEntity
  8
S-TABLE
100
AcDbText
 10
432.71110722985935
 20
254.6676470588232
 30
0.0
 40
2.9388235294117653
  1
3500
  7
OpenSans
 72
1
 11
432.71110722985935
 21
254.6676470588232
 31
0.0
100
AcDbText
 73
2
  0
LINE
  5
356
330
17
100
AcDbEntity
  8
S-TABLE
100
AcDbLine
 10
446.4702797236959
 20
250.99411764705852
 30
0.0
 11
446.4702797236959
 21
258.3411764705879
 31
0.0
  0
TEXT
  5
357
330
17
100
AcDbEntity
  8
S-TABLE
100
AcDbText
 10
453.2351398618479
 20
254.6676470588232
 30
0.0
 40
2.9388235294117653
  1
136
  7
OpenSans
 72
1
 11
453.2351398618479
 21
254.6676470588232
 31
0.0
100
AcDbText
 73
2
  0
LWPOLYLINE
  5
358
330
17
100
AcDbEntity
  8
S-TABLE
100
AcDbPolyline
 90
4
 70
1
 10
277.0
 20
243.6470588235291
 10
460.0
 20
243.6470588235291
 10
460.0
 20
250.99411764705852
 10
277.0
 20
250.99411764705852
  0
TEXT
  5
359
330
17
100
AcDbEntity
  8
S-TABLE
100
AcDbText
 10
286.84669634295784
 20
247.3205882352938
 30
0.0
 40
2.9388235294117653
  1
E04B
  7
OpenSans
 72
1
 11
286.84669634295784
 21
247.3205882352938
 31
0.0
100
AcDbText
 73
2
  0
LINE
  5
35A
330
17
100
AcDbEntity
  8
S-TABLE
100
AcDbLine
 10
296.6933926859157
 20
243.6470588235291
 30
0.0
 11
296.6933926859157
 21
250.99411764705852
 31
0.0
  0
TEXT
  5
35B
330
17
100
AcDbEntity
  8
S-TABLE
100
AcDbText
 10
304.2294649079008
 20
247.3205882352938
 30
0.0
 40
2.9388235294117653
  1
T12
  7
OpenSans
 72
1
 11
304.2294649079008
 21
247.3205882352938
 31
0.0
100
AcDbText
 73
2
  0
LINE
  5
35C
330
17
100
AcDbEntity
  8
S-TABLE
100
AcDbLine
 10
311.7655371298859
 20
243.6470588235291
 30
0.0
 11
311.7655371298859
 21
250.99411764705852
 31
0.0
  0
TEXT
  5
35D
330
17
100
AcDbEntity
  8
S-TABLE
100
AcDbText
 10
325.88790450021554
 20
247.3205882352938
 30
0.0
 40
2.9388235294117653
  1
200
  7
OpenSans
 72
1
 11
325.88790450021554
 21
247.3205882352938
 31
0.0
100
AcDbText
 73
2
  0
LINE
  5
35E
330
17
100
AcDbEntity
  8
S-TABLE
100
AcDbLine
 10
340.0102718705452
 20
243.6470588235291
 30
0.0
 11
340.0102718705452
 21
250.99411764705852
 31
0.0
  0
TEXT
  5
35F
330
17
100
AcDbEntity
  8
S-TABLE
100
AcDbText
 10
341.41027187054516
 20
247.3205882352938
 30
0.0
 40
2.9388235294117653
  1
HORIZONTAL, EACH FACE
  7
OpenSans
 11
341.41027187054516
 21
247.3205882352938
 31
0.0
100
AcDbText
 73
2
  0
LINE
  5
360
330
17
100
AcDbEntity
  8
S-TABLE
100
AcDbLine
 10
418.9519347360228
 20
243.6470588235291
 30
0.0
 11
418.9519347360228
 21
250.99411764705852
 31
0.0
  0
TEXT
  5
361
330
17
100
AcDbEntity
  8
S-TABLE
100
AcDbText
 10
432.71110722985935
 20
247.3205882352938
 30
0.0
 40
2.9388235294117653
  1
6700
  7
OpenSans
 72
1
 11
432.71110722985935
 21
247.3205882352938
 31
0.0
100
AcDbText
 73
2
  0
LINE
  5
362
330
17
100
AcDbEntity
  8
S-TABLE
100
AcDbLine
 10
446.4702797236959
 20
243.6470588235291
 30
0.0
 11
446.4702797236959
 21
250.99411764705852
 31
0.0
  0
TEXT
  5
363
330
17
100
AcDbEntity
  8
S-TABLE
100
AcDbText
 10
453.2351398618479
 20
247.3205882352938
 30
0.0
 40
2.9388235294117653
  1
60
  7
OpenSans
 72
1
 11
453.2351398618479
 21
247.3205882352938
 31
0.0
100
AcDbText
 73
2
  0
LWPOLYLINE
  5
364
330
17
100
AcDbEntity
  8
S-TABLE
100
AcDbPolyline
 90
4
 70
1
 10
277.0
 20
236.2999999999997
 10
460.0
 20
236.2999999999997
 10
460.0
 20
243.6470588235291
 10
277.0
 20
243.6470588235291
  0
TEXT
  5
365
330
17
100
AcDbEntity
  8
S-TABLE
100
AcDbText
 10
286.84669634295784
 20
239.9735294117644
 30
0.0
 40
2.9388235294117653
  1
E05A
  7
OpenSans
 72
1
 11
286.84669634295784
 21
239.9735294117644
 31
0.0
100
AcDbText
 73
2
  0
LINE
  5
366
330
17
100
AcDbEntity
  8
S-TABLE
100
AcDbLine
 10
296.6933926859157
 20
236.2999999999997
 30
0.0
 11
296.6933926859157
 21
243.6470588235291
 31
0.0
  0
TEXT
  5
367
330
17
100
AcDbEntity
  8
S-TABLE
100
AcDbText
 10
304.2294649079008
 20
239.9735294117644
 30
0.0
 40
2.9388235294117653
  1
T12
  7
OpenSans
 72
1
 11
304.2294649079008
 21
239.9735294117644
 31
0.0
100
AcDbText
 73
2
  0
LINE
  5
368
330
17
100
AcDbEntity
  8
S-TABLE
100
AcDbLine
 10
311.7655371298859
 20
236.2999999999997
 30
0.0
 11
311.7655371298859
 21
243.6470588235291
 31
0.0
  0
TEXT
  5
369
330
17
100
AcDbEntity
  8
S-TABLE
100
AcDbText
 10
325.88790450021554
 20
239.9735294117644
 30
0.0
 40
2.9388235294117653
  1
200
  7
OpenSans
 72
1
 11
325.88790450021554
 21
239.9735294117644
 31
0.0
100
AcDbText
 73
2
  0
LINE
  5
36A
330
17
100
AcDbEntity
  8
S-TABLE
100
AcDbLine
 10
340.0102718705452
 20
236.2999999999997
 30
0.0
 11
340.0102718705452
 21
243.6470588235291
 31
0.0
  0
TEXT
  5
36B
330
17
100
AcDbEntity
  8
S-TABLE
100
AcDbText
 10
341.41027187054516
 20
239.9735294117644
 30
0.0
 40
2.9388235294117653
  1
TRANSVERSE, EACH FACE
  7
OpenSans
 11
341.41027187054516
 21
239.9735294117644
 31
0.0
100
AcDbText
 73
2
  0
LINE
  5
36C
330
17
100
AcDbEntity
  8
S-TABLE
100
AcDbLine
 10
418.9519347360228
 20
236.2999999999997
 30
0.0
 11
418.9519347360228
 21
243.6470588235291
 31
0.0
  0
TEXT
  5
36D
330
17
100
AcDbEntity
  8
S-TABLE
100
AcDbText
 10
432.71110722985935
 20
239.9735294117644
 30
0.0
 40
2.9388235294117653
  1
1900
  7
OpenSans
 72
1
 11
432.71110722985935
 21
239.9735294117644
 31
0.0
100
AcDbText
 73
2
  0
LINE
  5
36E
330
17
100
AcDbEntity
  8
S-TABLE
100
AcDbLine
 10
446.4702797236959
 20
236.2999999999997
 30
0.0
 11
446.4702797236959
 21
243.6470588235291
 31
0.0
  0
TEXT
  5
36F
330
17
100
AcDbEntity
  8
S-TABLE
100
AcDbText
 10
453.2351398618479
 20
239.9735294117644
 30
0.0
 40
2.9388235294117653
  1
68
  7
OpenSans
 72
1
 11
453.2351398618479
 21
239.9735294117644
 31
0.0
100
AcDbText
 73
2
  0
LWPOLYLINE
  5
370
330
17
100
AcDbEntity
  8
S-TABLE
100
AcDbPolyline
 90
4
 70
1
 10
277.0
 20
228.9529411764703
 10
460.0
 20
228.9529411764703
 10
460.0
 20
236.2999999999997
 10
277.0
 20
236.2999999999997
  0
TEXT
  5
371
330
17
100
AcDbEntity
  8
S-TABLE
100
AcDbText
 10
286.84669634295784
 20
232.62647058823498
 30
0.0
 40
2.9388235294117653
  1
E05B
  7
OpenSans
 72
1
 11
286.84669634295784
 21
232.62647058823498
 31
0.0
100
AcDbText
 73
2
  0
LINE
  5
372
330
17
100
AcDbEntity
  8
S-TABLE
100
AcDbLine
 10
296.6933926859157
 20
228.9529411764703
 30
0.0
 11
296.6933926859157
 21
236.2999999999997
 31
0.0
  0
TEXT
  5
373
330
17
100
AcDbEntity
  8
S-TABLE
100
AcDbText
 10
304.2294649079008
 20
232.62647058823498
 30
0.0
 40
2.9388235294117653
  1
T12
  7
OpenSans
 72
1
 11
304.2294649079008
 21
232.62647058823498
 31
0.0
100
AcDbText
 73
2
  0
LINE
  5
374
330
17
100
AcDbEntity
  8
S-TABLE
100
AcDbLine
 10
311.7655371298859
 20
228.9529411764703
 30
0.0
 11
311.7655371298859
 21
236.2999999999997
 31
0.0
  0
TEXT
  5
375
330
17
100
AcDbEntity
  8
S-TABLE
100
AcDbText
 10
325.88790450021554
 20
232.62647058823498
 30
0.0
 40
2.9388235294117653
  1
200
  7
OpenSans
 72
1
 11
325.88790450021554
 21
232.62647058823498
 31
0.0
100
AcDbText
 73
2
  0
LINE
  5
376
330
17
100
AcDbEntity
  8
S-TABLE
100
AcDbLine
 10
340.0102718705452
 20
228.9529411764703
 30
0.0
 11
340.0102718705452
 21
236.2999999999997
 31
0.0
  0
TEXT
  5
377
330
17
100
AcDbEntity
  8
S-TABLE
100
AcDbText
 10
341.41027187054516
 20
232.62647058823498
 30
0.0
 40
2.9388235294117653
  1
LONGITUDINAL, EACH FACE
  7
OpenSans
 11
341.41027187054516
 21
232.62647058823498
 31
0.0
100
AcDbText
 73
2
  0
LINE
  5
378
330
17
100
AcDbEntity
  8
S-TABLE
100
AcDbLine
 10
418.9519347360228
 20
228.9529411764703
 30
0.0
 11
418.9519347360228
 21
236.2999999999997
 31
0.0
  0
TEXT
  5
379
330
17
100
AcDbEntity
  8
S-TABLE
100
AcDbText
 10
432.71110722985935
 20
232.62647058823498
 30
0.0
 40
2.9388235294117653
  1
6700
  7
OpenSans
 72
1
 11
432.71110722985935
 21
232.62647058823498
 31
0.0
100
AcDbText
 73
2
  0
LINE
  5
37A
330
17
100
AcDbEntity
  8
S-TABLE
100
AcDbLine
 10
446.4702797236959
 20
228.9529411764703
 30
0.0
 11
446.4702797236959
 21
236.2999999999997
 31
0.0
  0
TEXT
  5
37B
330
17
100
AcDbEntity
  8
S-TABLE
100
AcDbText
 10
453.2351398618479
 20
232.62647058823498
 30
0.0
 40
2.9388235294117653
  1
20
  7
OpenSans
 72
1
 11
453.2351398618479
 21
232.62647058823498
 31
0.0
100
AcDbText
 73
2
  0
LWPOLYLINE
  5
37C
330
17
100
AcDbEntity
  8
S-TABLE
100
AcDbPolyline
 90
4
 70
1
 10
277.0
 20
221.60588235294088
 10
460.0
 20
221.60588235294088
 10
460.0
 20
228.9529411764703
 10
277.0
 20
228.9529411764703
  0
TEXT
  5
37D
330
17
100
AcDbEntity
  8
S-TABLE
100
AcDbText
 10
286.84669634295784
 20
225.27941176470557
 30
0.0
 40
2.9388235294117653
  1
E06
  7
OpenSans
 72
1
 11
286.84669634295784
 21
225.27941176470557
 31
0.0
100
AcDbText
 73
2
  0
LINE
  5
37E
330
17
100
AcDbEntity
  8
S-TABLE
100
AcDbLine
 10
296.6933926859157
 20
221.60588235294088
 30
0.0
 11
296.6933926859157
 21
228.9529411764703
 31
0.0
  0
TEXT
  5
37F
330
17
100
AcDbEntity
  8
S-TABLE
100
AcDbText
 10
304.2294649079008
 20
225.27941176470557
 30
0.0
 40
2.9388235294117653
  1
T12
  7
OpenSans
 72
1
 11
304.2294649079008
 21
225.27941176470557
 31
0.0
100
AcDbText
 73
2
  0
LINE
  5
380
330
17
100
AcDbEntity
  8
S-TABLE
100
AcDbLine
 10
311.7655371298859
 20
221.60588235294088
 30
0.0
 11
311.7655371298859
 21
228.9529411764703
 31
0.0
  0
TEXT
  5
381
330
17
100
AcDbEntity
  8
S-TABLE
100
AcDbText
 10
325.88790450021554
 20
225.27941176470557
 30
0.0
 40
2.9388235294117653
  1
200
  7
OpenSans
 72
1
 11
325.88790450021554
 21
225.27941176470557
 31
0.0
100
AcDbText
 73
2
  0
LINE
  5
382
330
17
100
AcDbEntity
  8
S-TABLE
100
AcDbLine
 10
340.0102718705452
 20
221.60588235294088
 30
0.0
 11
340.0102718705452
 21
228.9529411764703
 31
0.0
  0
TEXT
  5
383
330
17
100
AcDbEntity
  8
S-TABLE
100
AcDbText
 10
341.41027187054516
 20
225.27941176470557
 30
0.0
 40
2.9388235294117653
  1
BOTH WAYS, EACH FACE
  7
OpenSans
 11
341.41027187054516
 21
225.27941176470557
 31
0.0
100
AcDbText
 73
2
  0
LINE
  5
384
330
17
100
AcDbEntity
  8
S-TABLE
100
AcDbLine
 10
418.9519347360228
 20
221.60588235294088
 30
0.0
 11
418.9519347360228
 21
228.9529411764703
 31
0.0
  0
TEXT
  5
385
330
17
100
AcDbEntity
  8
S-TABLE
100
AcDbText
 10
432.71110722985935
 20
225.27941176470557
 30
0.0
 40
2.9388235294117653
  1
1900
  7
OpenSans
 72
1
 11
432.71110722985935
 21
225.27941176470557
 31
0.0
100
AcDbText
 73
2
  0
LINE
  5
386
330
17
100
AcDbEntity
  8
S-TABLE
100
AcDbLine
 10
446.4702797236959
 20
221.60588235294088
 30
0.0
 11
446.4702797236959
 21
228.9529411764703
 31
0.0
  0
TEXT
  5
387
330
17
100
AcDbEntity
  8
S-TABLE
100
AcDbText
 10
453.2351398618479
 20
225.27941176470557
 30
0.0
 40
2.9388235294117653
  1
32
  7
OpenSans
 72
1
 11
453.2351398618479
 21
225.27941176470557
 31
0.0
100
AcDbText
 73
2
  0
LWPOLYLINE
  5
388
330
17
100
AcDbEntity
  8
S-TABLE
100
AcDbPolyline
 90
4
 70
1
 10
277.0
 20
214.25882352941147
 10
460.0
 20
214.25882352941147
 10
460.0
 20
221.60588235294088
 10
277.0
 20
221.60588235294088
  0
TEXT
  5
389
330
17
100
AcDbEntity
  8
S-TABLE
100
AcDbText
 10
286.84669634295784
 20
217.93235294117616
 30
0.0
 40
2.9388235294117653
  1
E07
  7
OpenSans
 72
1
 11
286.84669634295784
 21
217.93235294117616
 31
0.0
100
AcDbText
 73
2
  0
LINE
  5
38A
330
17
100
AcDbEntity
  8
S-TABLE
100
AcDbLine
 10
296.6933926859157
 20
214.25882352941147
 30
0.0
 11
296.6933926859157
 21
221.60588235294088
 31
0.0
  0
TEXT
  5
38B
330
17
100
AcDbEntity
  8
S-TABLE
100
AcDbText
 10
304.2294649079008
 20
217.93235294117616
 30
0.0
 40
2.9388235294117653
  1
T12
  7
OpenSans
 72
1
 11
304.2294649079008
 21
217.93235294117616
 31
0.0
100
AcDbText
 73
2
  0
LINE
  5
38C
330
17
100
AcDbEntity
  8
S-TABLE
100
AcDbLine
 10
311.7655371298859
 20
214.25882352941147
 30
0.0
 11
311.7655371298859
 21
221.60588235294088
 31
0.0
  0
TEXT
  5
38D
330
17
100
AcDbEntity
  8
S-TABLE
100
AcDbText
 10
325.88790450021554
 20
217.93235294117616
 30
0.0
 40
2.9388235294117653
  1
200
  7
OpenSans
 72
1
 11
325.88790450021554
 21
217.93235294117616
 31
0.0
100
AcDbText
 73
2
  0
LINE
  5
38E
330
17
100
AcDbEntity
  8
S-TABLE
100
AcDbLine
 10
340.0102718705452
 20
214.25882352941147
 30
0.0
 11
340.0102718705452
 21
221.60588235294088
 31
0.0
  0
TEXT
  5
38F
330
17
100
AcDbEntity
  8
S-TABLE
100
AcDbText
 10
341.41027187054516
 20
217.93235294117616
 30
0.0
 40
2.9388235294117653
  1
BOTH WAYS, EACH FACE
  7
OpenSans
 11
341.41027187054516
 21
217.93235294117616
 31
0.0
100
AcDbText
 73
2
  0
LINE
  5
390
330
17
100
AcDbEntity
  8
S-TABLE
100
AcDbLine
 10
418.9519347360228
 20
214.25882352941147
 30
0.0
 11
418.9519347360228
 21
221.60588235294088
 31
0.0
  0
TEXT
  5
391
330
17
100
AcDbEntity
  8
S-TABLE
100
AcDbText
 10
432.71110722985935
 20
217.93235294117616
 30
0.0
 40
2.9388235294117653
  1
1900
  7
OpenSans
 72
1
 11
432.71110722985935
 21
217.93235294117616
 31
0.0
100
AcDbText
 73
2
  0
LINE
  5
392
330
17
100
AcDbEntity
  8
S-TABLE
100
AcDbLine
 10
446.4702797236959
 20
214.25882352941147
 30
0.0
 11
446.4702797236959
 21
221.60588235294088
 31
0.0
  0
TEXT
  5
393
330
17
100
AcDbEntity
  8
S-TABLE
100
AcDbText
 10
453.2351398618479
 20
217.93235294117616
 30
0.0
 40
2.9388235294117653
  1
32
  7
OpenSans
 72
1
 11
453.2351398618479
 21
217.93235294117616
 31
0.0
100
AcDbText
 73
2
  0
LWPOLYLINE
  5
394
330
17
100
AcDbEntity
  8
S-TABLE
100
AcDbPolyline
 90
4
 70
1
 10
277.0
 20
206.91176470588206
 10
460.0
 20
206.91176470588206
 10
460.0
 20
214.25882352941147
 10
277.0
 20
214.25882352941147
  0
TEXT
  5
395
330
17
100
AcDbEntity
  8
S-TABLE
100
AcDbText
 10
286.84669634295784
 20
210.58529411764675
 30
0.0
 40
2.9388235294117653
  1
E08A
  7
OpenSans
 72
1
 11
286.84669634295784
 21
210.58529411764675
 31
0.0
100
AcDbText
 73
2
  0
LINE
  5
396
330
17
100
AcDbEntity
  8
S-TABLE
100
AcDbLine
 10
296.6933926859157
 20
206.91176470588206
 30
0.0
 11
296.6933926859157
 21
214.25882352941147
 31
0.0
  0
TEXT
  5
397
330
17
100
AcDbEntity
  8
S-TABLE
100
AcDbText
 10
304.2294649079008
 20
210.58529411764675
 30
0.0
 40
2.9388235294117653
  1
T12
  7
OpenSans
 72
1
 11
304.2294649079008
 21
210.58529411764675
 31
0.0
100
AcDbText
 73
2
  0
LINE
  5
398
330
17
100
AcDbEntity
  8
S-TABLE
100
AcDbLine
 10
311.7655371298859
 20
206.91176470588206
 30
0.0
 11
311.7655371298859
 21
214.25882352941147
 31
0.0
  0
TEXT
  5
399
330
17
100
AcDbEntity
  8
S-TABLE
100
AcDbText
 10
325.88790450021554
 20
210.58529411764675
 30
0.0
 40
2.9388235294117653
  1
200
  7
OpenSans
 72
1
 11
325.88790450021554
 21
210.58529411764675
 31
0.0
100
AcDbText
 73
2
  0
LINE
  5
39A
330
17
100
AcDbEntity
  8
S-TABLE
100
AcDbLine
 10
340.0102718705452
 20
206.91176470588206
 30
0.0
 11
340.0102718705452
 21
214.25882352941147
 31
0.0
  0
TEXT
  5
39B
330
17
100
AcDbEntity
  8
S-TABLE
100
AcDbText
 10
341.41027187054516
 20
210.58529411764675
 30
0.0
 40
2.9388235294117653
  1
VERTICAL, EACH FACE
  7
OpenSans
 11
341.41027187054516
 21
210.58529411764675
 31
0.0
100
AcDbText
 73
2
  0
LINE
  5
39C
330
17
100
AcDbEntity
  8
S-TABLE
100
AcDbLine
 10
418.9519347360228
 20
206.91176470588206
 30
0.0
 11
418.9519347360228
 21
214.25882352941147
 31
0.0
  0
TEXT
  5
39D
330
17
100
AcDbEntity
  8
S-TABLE
100
AcDbText
 10
432.71110722985935
 20
210.58529411764675
 30
0.0
 40
2.9388235294117653
  1
3500
  7
OpenSans
 72
1
 11
432.71110722985935
 21
210.58529411764675
 31
0.0
100
AcDbText
 73
2
  0
LINE
  5
39E
330
17
100
AcDbEntity
  8
S-TABLE
100
AcDbLine
 10
446.4702797236959
 20
206.91176470588206
 30
0.0
 11
446.4702797236959
 21
214.25882352941147
 31
0.0
  0
TEXT
  5
39F
330
17
100
AcDbEntity
  8
S-TABLE
100
AcDbText
 10
453.2351398618479
 20
210.58529411764675
 30
0.0
 40
2.9388235294117653
  1
20
  7
OpenSans
 72
1
 11
453.2351398618479
 21
210.58529411764675
 31
0.0
100
AcDbText
 73
2
  0
LWPOLYLINE
  5
3A0
330
17
100
AcDbEntity
  8
S-TABLE
100
AcDbPolyline
 90
4
 70
1
 10
277.0
 20
199.56470588235265
 10
460.0
 20
199.56470588235265
 10
460.0
 20
206.91176470588206
 10
277.0
 20
206.91176470588206
  0
TEXT
  5
3A1
330
17
100
AcDbEntity
  8
S-TABLE
100
AcDbText
 10
286.84669634295784
 20
203.23823529411735
 30
0.0
 40
2.9388235294117653
  1
E08B
  7
OpenSans
 72
1
 11
286.84669634295784
 21
203.23823529411735
 31
0.0
100
AcDbText
 73
2
  0
LINE
  5
3A2
330
17
100
AcDbEntity
  8
S-TABLE
100
AcDbLine
 10
296.6933926859157
 20
199.56470588235265
 30
0.0
 11
296.6933926859157
 21
206.91176470588206
 31
0.0
  0
TEXT
  5
3A3
330
17
100
AcDbEntity
  8
S-TABLE
100
AcDbText
 10
304.2294649079008
 20
203.23823529411735
 30
0.0
 40
2.9388235294117653
  1
T12
  7
OpenSans
 72
1
 11
304.2294649079008
 21
203.23823529411735
 31
0.0
100
AcDbText
 73
2
  0
LINE
  5
3A4
330
17
100
AcDbEntity
  8
S-TABLE
100
AcDbLine
 10
311.7655371298859
 20
199.56470588235265
 30
0.0
 11
311.7655371298859
 21
206.91176470588206
 31
0.0
  0
TEXT
  5
3A5
330
17
100
AcDbEntity
  8
S-TABLE
100
AcDbText
 10
325.88790450021554
 20
203.23823529411735
 30
0.0
 40
2.9388235294117653
  1
200
  7
OpenSans
 72
1
 11
325.88790450021554
 21
203.23823529411735
 31
0.0
100
AcDbText
 73
2
  0
LINE
  5
3A6
330
17
100
AcDbEntity
  8
S-TABLE
100
AcDbLine
 10
340.0102718705452
 20
199.56470588235265
 30
0.0
 11
340.0102718705452
 21
206.91176470588206
 31
0.0
  0
TEXT
  5
3A7
330
17
100
AcDbEntity
  8
S-TABLE
100
AcDbText
 10
341.41027187054516
 20
203.23823529411735
 30
0.0
 40
2.9388235294117653
  1
HORIZONTAL, EACH FACE
  7
OpenSans
 11
341.41027187054516
 21
203.23823529411735
 31
0.0
100
AcDbText
 73
2
  0
LINE
  5
3A8
330
17
100
AcDbEntity
  8
S-TABLE
100
AcDbLine
 10
418.9519347360228
 20
199.56470588235265
 30
0.0
 11
418.9519347360228
 21
206.91176470588206
 31
0.0
  0
TEXT
  5
3A9
330
17
100
AcDbEntity
  8
S-TABLE
100
AcDbText
 10
432.71110722985935
 20
203.23823529411735
 30
0.0
 40
2.9388235294117653
  1
1900
  7
OpenSans
 72
1
 11
432.71110722985935
 21
203.23823529411735
 31
0.0
100
AcDbText
 73
2
  0
LINE
  5
3AA
330
17
100
AcDbEntity
  8
S-TABLE
100
AcDbLine
 10
446.4702797236959
 20
199.56470588235265
 30
0.0
 11
446.4702797236959
 21
206.91176470588206
 31
0.0
  0
TEXT
  5
3AB
330
17
100
AcDbEntity
  8
S-TABLE
100
AcDbText
 10
453.2351398618479
 20
203.23823529411735
 30
0.0
 40
2.9388235294117653
  1
30
  7
OpenSans
 72
1
 11
453.2351398618479
 21
203.23823529411735
 31
0.0
100
AcDbText
 73
2
  0
LWPOLYLINE
  5
3AC
330
17
100
AcDbEntity
  8
S-TABLE
100
AcDbPolyline
 90
4
 70
1
 10
277.0
 20
192.21764705882325
 10
460.0
 20
192.21764705882325
 10
460.0
 20
199.56470588235265
 10
277.0
 20
199.56470588235265
  0
TEXT
  5
3AD
330
17
100
AcDbEntity
  8
S-TABLE
100
AcDbText
 10
286.84669634295784
 20
195.89117647058794
 30
0.0
 40
2.9388235294117653
  1
E09A
  7
OpenSans
 72
1
 11
286.84669634295784
 21
195.89117647058794
 31
0.0
100
AcDbText
 73
2
  0
LINE
  5
3AE
330
17
100
AcDbEntity
  8
S-TABLE
100
AcDbLine
 10
296.6933926859157
 20
192.21764705882325
 30
0.0
 11
296.6933926859157
 21
199.56470588235265
 31
0.0
  0
TEXT
  5
3AF
330
17
100
AcDbEntity
  8
S-TABLE
100
AcDbText
 10
304.2294649079008
 20
195.89117647058794
 30
0.0
 40
2.9388235294117653
  1
T12
  7
OpenSans
 72
1
 11
304.2294649079008
 21
195.89117647058794
 31
0.0
100
AcDbText
 73
2
  0
LINE
  5
3B0
330
17
100
AcDbEntity
  8
S-TABLE
100
AcDbLine
 10
311.7655371298859
 20
192.21764705882325
 30
0.0
 11
311.7655371298859
 21
199.56470588235265
 31
0.0
  0
TEXT
  5
3B1
330
17
100
AcDbEntity
  8
S-TABLE
100
AcDbText
 10
325.88790450021554
 20
195.89117647058794
 30
0.0
 40
2.9388235294117653
  1
200
  7
OpenSans
 72
1
 11
325.88790450021554
 21
195.89117647058794
 31
0.0
100
AcDbText
 73
2
  0
LINE
  5
3B2
330
17
100
AcDbEntity
  8
S-TABLE
100
AcDbLine
 10
340.0102718705452
 20
192.21764705882325
 30
0.0
 11
340.0102718705452
 21
199.56470588235265
 31
0.0
  0
TEXT
  5
3B3
330
17
100
AcDbEntity
  8
S-TABLE
100
AcDbText
 10
341.41027187054516
 20
195.89117647058794
 30
0.0
 40
2.9388235294117653
  1
LONGITUDINAL, EACH FACE
  7
OpenSans
 11
341.41027187054516
 21
195.89117647058794
 31
0.0
100
AcDbText
 73
2
  0
LINE
  5
3B4
330
17
100
AcDbEntity
  8
S-TABLE
100
AcDbLine
 10
418.9519347360228
 20
192.21764705882325
 30
0.0
 11
418.9519347360228
 21
199.56470588235265
 31
0.0
  0
TEXT
  5
3B5
330
17
100
AcDbEntity
  8
S-TABLE
100
AcDbText
 10
432.71110722985935
 20
195.89117647058794
 30
0.0
 40
2.9388235294117653
  1
6700
  7
OpenSans
 72
1
 11
432.71110722985935
 21
195.89117647058794
 31
0.0
100
AcDbText
 73
2
  0
LINE
  5
3B6
330
17
100
AcDbEntity
  8
S-TABLE
100
AcDbLine
 10
446.4702797236959
 20
192.21764705882325
 30
0.0
 11
446.4702797236959
 21
199.56470588235265
 31
0.0
  0
TEXT
  5
3B7
330
17
100
AcDbEntity
  8
S-TABLE
100
AcDbText
 10
453.2351398618479
 20
195.89117647058794
 30
0.0
 40
2.9388235294117653
  1
20
  7
OpenSans
 72
1
 11
453.2351398618479
 21
195.89117647058794
 31
0.0
100
AcDbText
 73
2
  0
LWPOLYLINE
  5
3B8
330
17
100
AcDbEntity
  8
S-TABLE
100
AcDbPolyline
 90
4
 70
1
 10
277.0
 20
184.87058823529384
 10
460.0
 20
184.87058823529384
 10
460.0
 20
192.21764705882325
 10
277.0
 20
192.21764705882325
  0
TEXT
  5
3B9
330
17
100
AcDbEntity
  8
S-TABLE
100
AcDbText
 10
286.84669634295784
 20
188.54411764705853
 30
0.0
 40
2.9388235294117653
  1
E09B
  7
OpenSans
 72
1
 11
286.84669634295784
 21
188.54411764705853
 31
0.0
100
AcDbText
 73
2
  0
LINE
  5
3BA
330
17
100
AcDbEntity
  8
S-TABLE
100
AcDbLine
 10
296.6933926859157
 20
184.87058823529384
 30
0.0
 11
296.6933926859157
 21
192.21764705882325
 31
0.0
  0
TEXT
  5
3BB
330
17
100
AcDbEntity
  8
S-TABLE
100
AcDbText
 10
304.2294649079008
 20
188.54411764705853
 30
0.0
 40
2.9388235294117653
  1
T12
  7
OpenSans
 72
1
 11
304.2294649079008
 21
188.54411764705853
 31
0.0
100
AcDbText
 73
2
  0
LINE
  5
3BC
330
17
100
AcDbEntity
  8
S-TABLE
100
AcDbLine
 10
311.7655371298859
 20
184.87058823529384
 30
0.0
 11
311.7655371298859
 21
192.21764705882325
 31
0.0
  0
TEXT
  5
3BD
330
17
100
AcDbEntity
  8
S-TABLE
100
AcDbText
 10
325.88790450021554
 20
188.54411764705853
 30
0.0
 40
2.9388235294117653
  1
200
  7
OpenSans
 72
1
 11
325.88790450021554
 21
188.54411764705853
 31
0.0
100
AcDbText
 73
2
  0
LINE
  5
3BE
330
17
100
AcDbEntity
  8
S-TABLE
100
AcDbLine
 10
340.0102718705452
 20
184.87058823529384
 30
0.0
 11
340.0102718705452
 21
192.21764705882325
 31
0.0
  0
TEXT
  5
3BF
330
17
100
AcDbEntity
  8
S-TABLE
100
AcDbText
 10
341.41027187054516
 20
188.54411764705853
 30
0.0
 40
2.9388235294117653
  1
TRANSVERSE, EACH FACE
  7
OpenSans
 11
341.41027187054516
 21
188.54411764705853
 31
0.0
100
AcDbText
 73
2
  0
LINE
  5
3C0
330
17
100
AcDbEntity
  8
S-TABLE
100
AcDbLine
 10
418.9519347360228
 20
184.87058823529384
 30
0.0
 11
418.9519347360228
 21
192.21764705882325
 31
0.0
  0
TEXT
  5
3C1
330
17
100
AcDbEntity
  8
S-TABLE
100
AcDbText
 10
432.71110722985935
 20
188.54411764705853
 30
0.0
 40
2.9388235294117653
  1
1900
  7
OpenSans
 72
1
 11
432.71110722985935
 21
188.54411764705853
 31
0.0
100
AcDbText
 73
2
  0
LINE
  5
3C2
330
17
100
AcDbEntity
  8
S-TABLE
100
AcDbLine
 10
446.4702797236959
 20
184.87058823529384
 30
0.0
 11
446.4702797236959
 21
192.21764705882325
 31
0.0
  0
TEXT
  5
3C3
330
17
100
AcDbEntity
  8
S-TABLE
100
AcDbText
 10
453.2351398618479
 20
188.54411764705853
 30
0.0
 40
2.9388235294117653
  1
66
  7
OpenSans
 72
1
 11
453.2351398618479
 21
188.54411764705853
 31
0.0
100
AcDbText
 73
2
  0
LWPOLYLINE
  5
3C4
330
17
100
AcDbEntity
  8
S-TABLE
100
AcDbPolyline
 90
4
 70
1
 10
277.0
 20
177.52352941176443
 10
460.0
 20
177.52352941176443
 10
460.0
 20
184.87058823529384
 10
277.0
 20
184.87058823529384
  0
TEXT
  5
3C5
330
17
100
AcDbEntity
  8
S-TABLE
100
AcDbText
 10
286.84669634295784
 20
181.19705882352912
 30
0.0
 40
2.9388235294117653
  1
E10
  7
OpenSans
 72
1
 11
286.84669634295784
 21
181.19705882352912
 31
0.0
100
AcDbText
 73
2
  0
LINE
  5
3C6
330
17
100
AcDbEntity
  8
S-TABLE
100
AcDbLine
 10
296.6933926859157
 20
177.52352941176443
 30
0.0
 11
296.6933926859157
 21
184.87058823529384
 31
0.0
  0
TEXT
  5
3C7
330
17
100
AcDbEntity
  8
S-TABLE
100
AcDbText
 10
304.2294649079008
 20
181.19705882352912
 30
0.0
 40
2.9388235294117653
  1
T12
  7
OpenSans
 72
1
 11
304.2294649079008
 21
181.19705882352912
 31
0.0
100
AcDbText
 73
2
  0
LINE
  5
3C8
330
17
100
AcDbEntity
  8
S-TABLE
100
AcDbLine
 10
311.7655371298859
 20
177.52352941176443
 30
0.0
 11
311.7655371298859
 21
184.87058823529384
 31
0.0
  0
TEXT
  5
3C9
330
17
100
AcDbEntity
  8
S-TABLE
100
AcDbText
 10
325.88790450021554
 20
181.19705882352912
 30
0.0
 40
2.9388235294117653
  1
-
  7
OpenSans
 72
1
 11
325.88790450021554
 21
181.19705882352912
 31
0.0
100
AcDbText
 73
2
  0
LINE
  5
3CA
330
17
100
AcDbEntity
  8
S-TABLE
100
AcDbLine
 10
340.0102718705452
 20
177.52352941176443
 30
0.0
 11
340.0102718705452
 21
184.87058823529384
 31
0.0
  0
TEXT
  5
3CB
330
17
100
AcDbEntity
  8
S-TABLE
100
AcDbText
 10
341.41027187054516
 20
181.19705882352912
 30
0.0
 40
2.9388235294117653
  1
3-T12 TOP + 3-T12 BOTTOM
  7
OpenSans
 11
341.41027187054516
 21
181.19705882352912
 31
0.0
100
AcDbText
 73
2
  0
LINE
  5
3CC
330
17
100
AcDbEntity
  8
S-TABLE
100
AcDbLine
 10
418.9519347360228
 20
177.52352941176443
 30
0.0
 11
418.9519347360228
 21
184.87058823529384
 31
0.0
  0
TEXT
  5
3CD
330
17
100
AcDbEntity
  8
S-TABLE
100
AcDbText
 10
432.71110722985935
 20
181.19705882352912
 30
0.0
 40
2.9388235294117653
  1
1960
  7
OpenSans
 72
1
 11
432.71110722985935
 21
181.19705882352912
 31
0.0
100
AcDbText
 73
2
  0
LINE
  5
3CE
330
17
100
AcDbEntity
  8
S-TABLE
100
AcDbLine
 10
446.4702797236959
 20
177.52352941176443
 30
0.0
 11
446.4702797236959
 21
184.87058823529384
 31
0.0
  0
TEXT
  5
3CF
330
17
100
AcDbEntity
  8
S-TABLE
100
AcDbText
 10
453.2351398618479
 20
181.19705882352912
 30
0.0
 40
2.9388235294117653
  1
6
  7
OpenSans
 72
1
 11
453.2351398618479
 21
181.19705882352912
 31
0.0
100
AcDbText
 73
2
  0
LWPOLYLINE
  5
3D0
330
17
100
AcDbEntity
  8
S-TABLE
100
AcDbPolyline
 90
4
 70
1
 10
277.0
 20
170.17647058823502
 10
460.0
 20
170.17647058823502
 10
460.0
 20
177.52352941176443
 10
277.0
 20
177.52352941176443
  0
TEXT
  5
3D1
330
17
100
AcDbEntity
  8
S-TABLE
100
AcDbText
 10
286.84669634295784
 20
173.8499999999997
 30
0.0
 40
2.9388235294117653
  1
E11
  7
OpenSans
 72
1
 11
286.84669634295784
 21
173.8499999999997
 31
0.0
100
AcDbText
 73
2
  0
LINE
  5
3D2
330
17
100
AcDbEntity
  8
S-TABLE
100
AcDbLine
 10
296.6933926859157
 20
170.17647058823502
 30
0.0
 11
296.6933926859157
 21
177.52352941176443
 31
0.0
  0
TEXT
  5
3D3
330
17
100
AcDbEntity
  8
S-TABLE
100
AcDbText
 10
304.2294649079008
 20
173.8499999999997
 30
0.0
 40
2.9388235294117653
  1
T8
  7
OpenSans
 72
1
 11
304.2294649079008
 21
173.8499999999997
 31
0.0
100
AcDbText
 73
2
  0
LINE
  5
3D4
330
17
100
AcDbEntity
  8
S-TABLE
100
AcDbLine
 10
311.7655371298859
 20
170.17647058823502
 30
0.0
 11
311.7655371298859
 21
177.52352941176443
 31
0.0
  0
TEXT
  5
3D5
330
17
100
AcDbEntity
  8
S-TABLE
100
AcDbText
 10
325.88790450021554
 20
173.8499999999997
 30
0.0
 40
2.9388235294117653
  1
150
  7
OpenSans
 72
1
 11
325.88790450021554
 21
173.8499999999997
 31
0.0
100
AcDbText
 73
2
  0
LINE
  5
3D6
330
17
100
AcDbEntity
  8
S-TABLE
100
AcDbLine
 10
340.0102718705452
 20
170.17647058823502
 30
0.0
 11
340.0102718705452
 21
177.52352941176443
 31
0.0
  0
TEXT
  5
3D7
330
17
100
AcDbEntity
  8
S-TABLE
100
AcDbText
 10
341.41027187054516
 20
173.8499999999997
 30
0.0
 40
2.9388235294117653
  1
LINKS @ 150
  7
OpenSans
 11
341.41027187054516
 21
173.8499999999997
 31
0.0
100
AcDbText
 73
2
  0
LINE
  5
3D8
330
17
100
AcDbEntity
  8
S-TABLE
100
AcDbLine
 10
418.9519347360228
 20
170.17647058823502
 30
0.0
 11
418.9519347360228
 21
177.52352941176443
 31
0.0
  0
TEXT
  5
3D9
330
17
100
AcDbEntity
  8
S-TABLE
100
AcDbText
 10
432.71110722985935
 20
173.8499999999997
 30
0.0
 40
2.9388235294117653
  1
1120
  7
OpenSans
 72
1
 11
432.71110722985935
 21
173.8499999999997
 31
0.0
100
AcDbText
 73
2
  0
LINE
  5
3DA
330
17
100
AcDbEntity
  8
S-TABLE
100
AcDbLine
 10
446.4702797236959
 20
170.17647058823502
 30
0.0
 11
446.4702797236959
 21
177.52352941176443
 31
0.0
  0
TEXT
  5
3DB
330
17
100
AcDbEntity
  8
S-TABLE
100
AcDbText
 10
453.2351398618479
 20
173.8499999999997
 30
0.0
 40
2.9388235294117653
  1
13
  7
OpenSans
 72
1
 11
453.2351398618479
 21
173.8499999999997
 31
0.0
100
AcDbText
 73
2
  0
LWPOLYLINE
  5
3DC
330
17
100
AcDbEntity
  8
S-TABLE
100
AcDbPolyline
 90
4
 70
1
 10
277.0
 20
162.8294117647056
 10
460.0
 20
162.8294117647056
 10
460.0
 20
170.17647058823502
 10
277.0
 20
170.17647058823502
  0
TEXT
  5
3DD
330
17
100
AcDbEntity
  8
S-TABLE
100
AcDbText
 10
286.84669634295784
 20
166.5029411764703
 30
0.0
 40
2.9388235294117653
  1
E12
  7
OpenSans
 72
1
 11
286.84669634295784
 21
166.5029411764703
 31
0.0
100
AcDbText
 73
2
  0
LINE
  5
3DE
330
17
100
AcDbEntity
  8
S-TABLE
100
AcDbLine
 10
296.6933926859157
 20
162.8294117647056
 30
0.0
 11
296.6933926859157
 21
170.17647058823502
 31
0.0
  0
TEXT
  5
3DF
330
17
100
AcDbEntity
  8
S-TABLE
100
AcDbText
 10
304.2294649079008
 20
166.5029411764703
 30
0.0
 40
2.9388235294117653
  1
T16
  7
OpenSans
 72
1
 11
304.2294649079008
 21
166.5029411764703
 31
0.0
100
AcDbText
 73
2
  0
LINE
  5
3E0
330
17
100
AcDbEntity
  8
S-TABLE
100
AcDbLine
 10
311.7655371298859
 20
162.8294117647056
 30
0.0
 11
311.7655371298859
 21
170.17647058823502
 31
0.0
  0
TEXT
  5
3E1
330
17
100
AcDbEntity
  8
S-TABLE
100
AcDbText
 10
325.88790450021554
 20
166.5029411764703
 30
0.0
 40
2.9388235294117653
  1
200
  7
OpenSans
 72
1
 11
325.88790450021554
 21
166.5029411764703
 31
0.0
100
AcDbText
 73
2
  0
LINE
  5
3E2
330
17
100
AcDbEntity
  8
S-TABLE
100
AcDbLine
 10
340.0102718705452
 20
162.8294117647056
 30
0.0
 11
340.0102718705452
 21
170.17647058823502
 31
0.0
  0
TEXT
  5
3E3
330
17
100
AcDbEntity
  8
S-TABLE
100
AcDbText
 10
341.41027187054516
 20
166.5029411764703
 30
0.0
 40
2.9388235294117653
  1
U-BAR ACROSS THE CORNER
  7
OpenSans
 11
341.41027187054516
 21
166.5029411764703
 31
0.0
100
AcDbText
 73
2
  0
LINE
  5
3E4
330
17
100
AcDbEntity
  8
S-TABLE
100
AcDbLine
 10
418.9519347360228
 20
162.8294117647056
 30
0.0
 11
418.9519347360228
 21
170.17647058823502
 31
0.0
  0
TEXT
  5
3E5
330
17
100
AcDbEntity
  8
S-TABLE
100
AcDbText
 10
432.71110722985935
 20
166.5029411764703
 30
0.0
 40
2.9388235294117653
  1
1780
  7
OpenSans
 72
1
 11
432.71110722985935
 21
166.5029411764703
 31
0.0
100
AcDbText
 73
2
  0
LINE
  5
3E6
330
17
100
AcDbEntity
  8
S-TABLE
100
AcDbLine
 10
446.4702797236959
 20
162.8294117647056
 30
0.0
 11
446.4702797236959
 21
170.17647058823502
 31
0.0
  0
TEXT
  5
3E7
330
17
100
AcDbEntity
  8
S-TABLE
100
AcDbText
 10
453.2351398618479
 20
166.5029411764703
 30
0.0
 40
2.9388235294117653
  1
8
  7
OpenSans
 72
1
 11
453.2351398618479
 21
166.5029411764703
 31
0.0
100
AcDbText
 73
2
  0
LWPOLYLINE
  5
3E8
330
17
100
AcDbEntity
  8
S-TABLE
100
AcDbPolyline
 90
4
 70
1
 10
277.0
 20
147.4294117647056
 10
460.0
 20
147.4294117647056
 10
460.0
 20
153.8294117647056
 10
277.0
 20
153.8294117647056
  0
TEXT
  5
3E9
330
17
100
AcDbEntity
  8
S-TABLE
100
AcDbText
 10
368.5
 20
150.6294117647056
 30
0.0
 40
3.8
  1
ENTRY STAIRWELL - DESIGN SUMMARY
  7
OpenSans
 72
1
 11
368.5
 21
150.6294117647056
 31
0.0
100
AcDbText
 73
2
  0
LWPOLYLINE
  5
3EA
330
17
100
AcDbEntity
  8
S-TABLE
100
AcDbPolyline
 90
4
 70
1
 10
277.0
 20
140.0823529411762
 10
460.0
 20
140.0823529411762
 10
460.0
 20
147.4294117647056
 10
277.0
 20
147.4294117647056
  0
TEXT
  5
3EB
330
17
100
AcDbEntity
  8
S-TABLE
100
AcDbText
 10
291.4803045926389
 20
143.7558823529409
 30
0.0
 40
1.89
  1
ELEMENT
  7
OpenSans
 72
1
 11
291.4803045926389
 21
143.7558823529409
 31
0.0
100
AcDbText
 73
2
  0
LINE
  5
3EC
330
17
100
AcDbEntity
  8
S-TABLE
100
AcDbLine
 10
305.9606091852778
 20
140.0823529411762
 30
0.0
 11
305.9606091852778
 21
147.4294117647056
 31
0.0
  0
TEXT
  5
3ED
330
17
100
AcDbEntity
  8
S-TABLE
100
AcDbText
 10
318.1315328365587
 20
143.7558823529409
 30
0.0
 40
1.89
  1
LOAD
  7
OpenSans
 72
1
 11
318.1315328365587
 21
143.7558823529409
 31
0.0
100
AcDbText
 73
2
  0
LINE
  5
3EE
330
17
100
AcDbEntity
  8
S-TABLE
100
AcDbLine
 10
330.3024564878395
 20
140.0823529411762
 30
0.0
 11
330.3024564878395
 21
147.4294117647056
 31
0.0
  0
TEXT
  5
3EF
330
17
100
AcDbEntity
  8
S-TABLE
100
AcDbText
 10
350.19313893528283
 20
143.7558823529409
 30
0.0
 40
1.89
  1
SPAN / BASIS
  7
OpenSans
 72
1
 11
350.19313893528283
 21
143.7558823529409
 31
0.0
100
AcDbText
 73
2
  0
LINE
  5
3F0
330
17
100
AcDbEntity
  8
S-TABLE
100
AcDbLine
 10
370.08382138272617
 20
140.0823529411762
 30
0.0
 11
370.08382138272617
 21
147.4294117647056
 31
0.0
  0
TEXT
  5
3F1
330
17
100
AcDbEntity
  8
S-TABLE
100
AcDbText
 10
381.41302678520424
 20
143.7558823529409
 30
0.0
 40
1.89
  1
M
  7
OpenSans
 72
1
 11
381.41302678520424
 21
143.7558823529409
 31
0.0
100
AcDbText
 73
2
  0
LINE
  5
3F2
330
17
100
AcDbEntity
  8
S-TABLE
100
AcDbLine
 10
392.74223218768236
 20
140.0823529411762
 30
0.0
 11
392.74223218768236
 21
147.4294117647056
 31
0.0
  0
TEXT
  5
3F3
330
17
100
AcDbEntity
  8
S-TABLE
100
AcDbText
 10
403.6011442194008
 20
143.7558823529409
 30
0.0
 40
1.89
  1
Ast,req
  7
OpenSans
 72
1
 11
403.6011442194008
 21
143.7558823529409
 31
0.0
100
AcDbText
 73
2
  0
LINE
  5
3F4
330
17
100
AcDbEntity
  8
S-TABLE
100
AcDbLine
 10
414.4600562511193
 20
140.0823529411762
 30
0.0
 11
414.4600562511193
 21
147.4294117647056
 31
0.0
  0
TEXT
  5
3F5
330
17
100
AcDbEntity
  8
S-TABLE
100
AcDbText
 10
432.46355294231836
 20
143.7558823529409
 30
0.0
 40
1.89
  1
PROVIDED
  7
OpenSans
 72
1
 11
432.46355294231836
 21
143.7558823529409
 31
0.0
100
AcDbText
 73
2
  0
LINE
  5
3F6
330
17
100
AcDbEntity
  8
S-TABLE
100
AcDbLine
 10
450.4670496335174
 20
140.0823529411762
 30
0.0
 11
450.4670496335174
 21
147.4294117647056
 31
0.0
  0
TEXT
  5
3F7
330
17
100
AcDbEntity
  8
S-TABLE
100
AcDbText
 10
455.2335248167587
 20
143.7558823529409
 30
0.0
 40
1.89
  1
UTIL
  7
OpenSans
 72
1
 11
455.2335248167587
 21
143.7558823529409
 31
0.0
100
AcDbText
 73
2
  0
LWPOLYLINE
  5
3F8
330
17
100
AcDbEntity
  8
S-TABLE
100
AcDbPolyline
 90
4
 70
1
 10
277.0
 20
132.7352941176468
 10
460.0
 20
132.7352941176468
 10
460.0
 20
140.0823529411762
 10
277.0
 20
140.0823529411762
  0
TEXT
  5
3F9
330
17
100
AcDbEntity
  8
S-TABLE
100
AcDbText
 10
278.4
 20
136.40882352941148
 30
0.0
 40
1.7
  1
FLIGHT, WAIST 250
  7
OpenSans
 11
278.4
 21
136.40882352941148
 31
0.0
100
AcDbText
 73
2
  0
LINE
  5
3FA
330
17
100
AcDbEntity
  8
S-TABLE
100
AcDbLine
 10
305.9606091852778
 20
132.7352941176468
 30
0.0
 11
305.9606091852778
 21
140.0823529411762
 31
0.0
  0
TEXT
  5
3FB
330
17
100
AcDbEntity
  8
S-TABLE
100
AcDbText
 10
318.1315328365587
 20
136.40882352941148
 30
0.0
 40
1.7
  1
wu 22.85 kPa
  7
OpenSans
 72
1
 11
318.1315328365587
 21
136.40882352941148
 31
0.0
100
AcDbText
 73
2
  0
LINE
  5
3FC
330
17
100
AcDbEntity
  8
S-TABLE
100
AcDbLine
 10
330.3024564878395
 20
132.7352941176468
 30
0.0
 11
330.3024564878395
 21
140.0823529411762
 31
0.0
  0
TEXT
  5
3FD
330
17
100
AcDbEntity
  8
S-TABLE
100
AcDbText
 10
331.70245648783947
 20
136.40882352941148
 30
0.0
 40
1.7
  1
Leff 4800 (Cl. 33.1(b))
  7
OpenSans
 11
331.70245648783947
 21
136.40882352941148
 31
0.0
100
AcDbText
 73
2
  0
LINE
  5
3FE
330
17
100
AcDbEntity
  8
S-TABLE
100
AcDbLine
 10
370.08382138272617
 20
132.7352941176468
 30
0.0
 11
370.08382138272617
 21
140.0823529411762
 31
0.0
  0
TEXT
  5
3FF
330
17
100
AcDbEntity
  8
S-TABLE
100
AcDbText
 10
381.41302678520424
 20
136.40882352941148
 30
0.0
 40
1.7
  1
M 65.8 kNm/m
  7
OpenSans
 72
1
 11
381.41302678520424
 21
136.40882352941148
 31
0.0
100
AcDbText
 73
2
  0
LINE
  5
400
330
17
100
AcDbEntity
  8
S-TABLE
100
AcDbLine
 10
392.74223218768236
 20
132.7352941176468
 30
0.0
 11
392.74223218768236
 21
140.0823529411762
 31
0.0
  0
TEXT
  5
401
330
17
100
AcDbEntity
  8
S-TABLE
100
AcDbText
 10
394.14223218768234
 20
136.40882352941148
 30
0.0
 40
1.7
  1
Ast,req 744
  7
OpenSans
 11
394.14223218768234
 21
136.40882352941148
 31
0.0
100
AcDbText
 73
2
  0
LINE
  5
402
330
17
100
AcDbEntity
  8
S-TABLE
100
AcDbLine
 10
414.4600562511193
 20
132.7352941176468
 30
0.0
 11
414.4600562511193
 21
140.0823529411762
 31
0.0
  0
TEXT
  5
403
330
17
100
AcDbEntity
  8
S-TABLE
100
AcDbText
 10
415.86005625111926
 20
136.40882352941148
 30
0.0
 40
1.7
  1
T16 @ 200  (1005)
  7
OpenSans
 11
415.86005625111926
 21
136.40882352941148
 31
0.0
100
AcDbText
 73
2
  0
LINE
  5
404
330
17
100
AcDbEntity
  8
S-TABLE
100
AcDbLine
 10
450.4670496335174
 20
132.7352941176468
 30
0.0
 11
450.4670496335174
 21
140.0823529411762
 31
0.0
  0
TEXT
  5
405
330
17
100
AcDbEntity
  8
S-TABLE
100
AcDbText
 10
455.2335248167587
 20
136.40882352941148
 30
0.0
 40
1.7
  1
75 %
  7
OpenSans
 72
1
 11
455.2335248167587
 21
136.40882352941148
 31
0.0
100
AcDbText
 73
2
  0
LWPOLYLINE
  5
406
330
17
100
AcDbEntity
  8
S-TABLE
100
AcDbPolyline
 90
4
 70
1
 10
277.0
 20
125.38823529411738
 10
460.0
 20
125.38823529411738
 10
460.0
 20
132.7352941176468
 10
277.0
 20
132.7352941176468
  0
TEXT
  5
407
330
17
100
AcDbEntity
  8
S-TABLE
100
AcDbText
 10
278.4
 20
129.06176470588207
 30
0.0
 40
1.7
  1
SIDE WALLS 250
  7
OpenSans
 11
278.4
 21
129.06176470588207
 31
0.0
100
AcDbText
 73
2
  0
LINE
  5
408
330
17
100
AcDbEntity
  8
S-TABLE
100
AcDbLine
 10
305.9606091852778
 20
125.38823529411738
 30
0.0
 11
305.9606091852778
 21
132.7352941176468
 31
0.0
  0
TEXT
  5
409
330
17
100
AcDbEntity
  8
S-TABLE
100
AcDbText
 10
318.1315328365587
 20
129.06176470588207
 30
0.0
 40
1.7
  1
34 kPa AT BASE
  7
OpenSans
 72
1
 11
318.1315328365587
 21
129.06176470588207
 31
0.0
100
AcDbText
 73
2
  0
LINE
  5
40A
330
17
100
AcDbEntity
  8
S-TABLE
100
AcDbLine
 10
330.3024564878395
 20
125.38823529411738
 30
0.0
 11
330.3024564878395
 21
132.7352941176468
 31
0.0
  0
TEXT
  5
40B
330
17
100
AcDbEntity
  8
S-TABLE
100
AcDbText
 10
331.70245648783947
 20
129.06176470588207
 30
0.0
 40
1.7
  1
RETAINED 2.9 m, PROPPED
  7
OpenSans
 11
331.70245648783947
 21
129.06176470588207
 31
0.0
100
AcDbText
 73
2
  0
LINE
  5
40C
330
17
100
AcDbEntity
  8
S-TABLE
100
AcDbLine
 10
370.08382138272617
 20
125.38823529411738
 30
0.0
 11
370.08382138272617
 21
132.7352941176468
 31
0.0
  0
TEXT
  5
40D
330
17
100
AcDbEntity
  8
S-TABLE
100
AcDbText
 10
381.41302678520424
 20
129.06176470588207
 30
0.0
 40
1.7
  1
M 14.0 kNm/m
  7
OpenSans
 72
1
 11
381.41302678520424
 21
129.06176470588207
 31
0.0
100
AcDbText
 73
2
  0
LINE
  5
40E
330
17
100
AcDbEntity
  8
S-TABLE
100
AcDbLine
 10
392.74223218768236
 20
125.38823529411738
 30
0.0
 11
392.74223218768236
 21
132.7352941176468
 31
0.0
  0
TEXT
  5
40F
330
17
100
AcDbEntity
  8
S-TABLE
100
AcDbText
 10
394.14223218768234
 20
129.06176470588207
 30
0.0
 40
1.7
  1
168 ; min 500
  7
OpenSans
 11
394.14223218768234
 21
129.06176470588207
 31
0.0
100
AcDbText
 73
2
  0
LINE
  5
410
330
17
100
AcDbEntity
  8
S-TABLE
100
AcDbLine
 10
414.4600562511193
 20
125.38823529411738
 30
0.0
 11
414.4600562511193
 21
132.7352941176468
 31
0.0
  0
TEXT
  5
411
330
17
100
AcDbEntity
  8
S-TABLE
100
AcDbText
 10
415.86005625111926
 20
129.06176470588207
 30
0.0
 40
1.7
  1
T12 @ 200 EF EW  (565)
  7
OpenSans
 11
415.86005625111926
 21
129.06176470588207
 31
0.0
100
AcDbText
 73
2
  0
LINE
  5
412
330
17
100
AcDbEntity
  8
S-TABLE
100
AcDbLine
 10
450.4670496335174
 20
125.38823529411738
 30
0.0
 11
450.4670496335174
 21
132.7352941176468
 31
0.0
  0
TEXT
  5
413
330
17
100
AcDbEntity
  8
S-TABLE
100
AcDbText
 10
455.2335248167587
 20
129.06176470588207
 30
0.0
 40
1.7
  1
31 %
  7
OpenSans
 72
1
 11
455.2335248167587
 21
129.06176470588207
 31
0.0
100
AcDbText
 73
2
  0
LWPOLYLINE
  5
414
330
17
100
AcDbEntity
  8
S-TABLE
100
AcDbPolyline
 90
4
 70
1
 10
277.0
 20
118.04117647058797
 10
460.0
 20
118.04117647058797
 10
460.0
 20
125.38823529411738
 10
277.0
 20
125.38823529411738
  0
TEXT
  5
415
330
17
100
AcDbEntity
  8
S-TABLE
100
AcDbText
 10
278.4
 20
121.71470588235267
 30
0.0
 40
1.7
  1
RAKING ROOF 250
  7
OpenSans
 11
278.4
 21
121.71470588235267
 31
0.0
100
AcDbText
 73
2
  0
LINE
  5
416
330
17
100
AcDbEntity
  8
S-TABLE
100
AcDbLine
 10
305.9606091852778
 20
118.04117647058797
 30
0.0
 11
305.9606091852778
 21
125.38823529411738
 31
0.0
  0
TEXT
  5
417
330
17
100
AcDbEntity
  8
S-TABLE
100
AcDbText
 10
318.1315328365587
 20
121.71470588235267
 30
0.0
 40
1.7
  1
wu 50.5 kPa
  7
OpenSans
 72
1
 11
318.1315328365587
 21
121.71470588235267
 31
0.0
100
AcDbText
 73
2
  0
LINE
  5
418
330
17
100
AcDbEntity
  8
S-TABLE
100
AcDbLine
 10
330.3024564878395
 20
118.04117647058797
 30
0.0
 11
330.3024564878395
 21
125.38823529411738
 31
0.0
  0
TEXT
  5
419
330
17
100
AcDbEntity
  8
S-TABLE
100
AcDbText
 10
331.70245648783947
 20
121.71470588235267
 30
0.0
 40
1.7
  1
1500 CLEAR
  7
OpenSans
 11
331.70245648783947
 21
121.71470588235267
 31
0.0
100
AcDbText
 73
2
  0
LINE
  5
41A
330
17
100
AcDbEntity
  8
S-TABLE
100
AcDbLine
 10
370.08382138272617
 20
118.04117647058797
 30
0.0
 11
370.08382138272617
 21
125.38823529411738
 31
0.0
  0
TEXT
  5
41B
330
17
100
AcDbEntity
  8
S-TABLE
100
AcDbText
 10
381.41302678520424
 20
121.71470588235267
 30
0.0
 40
1.7
  1
M 9.5 kNm/m
  7
OpenSans
 72
1
 11
381.41302678520424
 21
121.71470588235267
 31
0.0
100
AcDbText
 73
2
  0
LINE
  5
41C
330
17
100
AcDbEntity
  8
S-TABLE
100
AcDbLine
 10
392.74223218768236
 20
118.04117647058797
 30
0.0
 11
392.74223218768236
 21
125.38823529411738
 31
0.0
  0
TEXT
  5
41D
330
17
100
AcDbEntity
  8
S-TABLE
100
AcDbText
 10
394.14223218768234
 20
121.71470588235267
 30
0.0
 40
1.7
  1
108 ; min 300
  7
OpenSans
 11
394.14223218768234
 21
121.71470588235267
 31
0.0
100
AcDbText
 73
2
  0
LINE
  5
41E
330
17
100
AcDbEntity
  8
S-TABLE
100
AcDbLine
 10
414.4600562511193
 20
118.04117647058797
 30
0.0
 11
414.4600562511193
 21
125.38823529411738
 31
0.0
  0
TEXT
  5
41F
330
17
100
AcDbEntity
  8
S-TABLE
100
AcDbText
 10
415.86005625111926
 20
121.71470588235267
 30
0.0
 40
1.7
  1
T12 @ 200 EF EW
  7
OpenSans
 11
415.86005625111926
 21
121.71470588235267
 31
0.0
100
AcDbText
 73
2
  0
LINE
  5
420
330
17
100
AcDbEntity
  8
S-TABLE
100
AcDbLine
 10
450.4670496335174
 20
118.04117647058797
 30
0.0
 11
450.4670496335174
 21
125.38823529411738
 31
0.0
  0
TEXT
  5
421
330
17
100
AcDbEntity
  8
S-TABLE
100
AcDbText
 10
455.2335248167587
 20
121.71470588235267
 30
0.0
 40
1.7
  1
20 %
  7
OpenSans
 72
1
 11
455.2335248167587
 21
121.71470588235267
 31
0.0
100
AcDbText
 73
2
  0
LWPOLYLINE
  5
422
330
17
100
AcDbEntity
  8
S-TABLE
100
AcDbPolyline
 90
4
 70
1
 10
277.0
 20
110.69411764705856
 10
460.0
 20
110.69411764705856
 10
460.0
 20
118.04117647058797
 10
277.0
 20
118.04117647058797
  0
TEXT
  5
423
330
17
100
AcDbEntity
  8
S-TABLE
100
AcDbText
 10
278.4
 20
114.36764705882327
 30
0.0
 40
1.7
  1
TOP LANDING 250
  7
OpenSans
 11
278.4
 21
114.36764705882327
 31
0.0
100
AcDbText
 73
2
  0
LINE
  5
424
330
17
100
AcDbEntity
  8
S-TABLE
100
AcDbLine
 10
305.9606091852778
 20
110.69411764705856
 30
0.0
 11
305.9606091852778
 21
118.04117647058797
 31
0.0
  0
TEXT
  5
425
330
17
100
AcDbEntity
  8
S-TABLE
100
AcDbText
 10
318.1315328365587
 20
114.36764705882327
 30
0.0
 40
1.7
  1
wu 54.9 kPa
  7
OpenSans
 72
1
 11
318.1315328365587
 21
114.36764705882327
 31
0.0
100
AcDbText
 73
2
  0
LINE
  5
426
330
17
100
AcDbEntity
  8
S-TABLE
100
AcDbLine
 10
330.3024564878395
 20
110.69411764705856
 30
0.0
 11
330.3024564878395
 21
118.04117647058797
 31
0.0
  0
TEXT
  5
427
330
17
100
AcDbEntity
  8
S-TABLE
100
AcDbText
 10
331.70245648783947
 20
114.36764705882327
 30
0.0
 40
1.7
  1
Leff 1750
  7
OpenSans
 11
331.70245648783947
 21
114.36764705882327
 31
0.0
100
AcDbText
 73
2
  0
LINE
  5
428
330
17
100
AcDbEntity
  8
S-TABLE
100
AcDbLine
 10
370.08382138272617
 20
110.69411764705856
 30
0.0
 11
370.08382138272617
 21
118.04117647058797
 31
0.0
  0
TEXT
  5
429
330
17
100
AcDbEntity
  8
S-TABLE
100
AcDbText
 10
381.41302678520424
 20
114.36764705882327
 30
0.0
 40
1.7
  1
M 21.0 kNm/m
  7
OpenSans
 72
1
 11
381.41302678520424
 21
114.36764705882327
 31
0.0
100
AcDbText
 73
2
  0
LINE
  5
42A
330
17
100
AcDbEntity
  8
S-TABLE
100
AcDbLine
 10
392.74223218768236
 20
110.69411764705856
 30
0.0
 11
392.74223218768236
 21
118.04117647058797
 31
0.0
  0
TEXT
  5
42B
330
17
100
AcDbEntity
  8
S-TABLE
100
AcDbText
 10
394.14223218768234
 20
114.36764705882327
 30
0.0
 40
1.7
  1
Ast,req 229
  7
OpenSans
 11
394.14223218768234
 21
114.36764705882327
 31
0.0
100
AcDbText
 73
2
  0
LINE
  5
42C
330
17
100
AcDbEntity
  8
S-TABLE
100
AcDbLine
 10
414.4600562511193
 20
110.69411764705856
 30
0.0
 11
414.4600562511193
 21
118.04117647058797
 31
0.0
  0
TEXT
  5
42D
330
17
100
AcDbEntity
  8
S-TABLE
100
AcDbText
 10
415.86005625111926
 20
114.36764705882327
 30
0.0
 40
1.7
  1
T12 @ 200 EF EW  (565)
  7
OpenSans
 11
415.86005625111926
 21
114.36764705882327
 31
0.0
100
AcDbText
 73
2
  0
LINE
  5
42E
330
17
100
AcDbEntity
  8
S-TABLE
100
AcDbLine
 10
450.4670496335174
 20
110.69411764705856
 30
0.0
 11
450.4670496335174
 21
118.04117647058797
 31
0.0
  0
TEXT
  5
42F
330
17
100
AcDbEntity
  8
S-TABLE
100
AcDbText
 10
455.2335248167587
 20
114.36764705882327
 30
0.0
 40
1.7
  1
41 %
  7
OpenSans
 72
1
 11
455.2335248167587
 21
114.36764705882327
 31
0.0
100
AcDbText
 73
2
  0
LWPOLYLINE
  5
430
330
17
100
AcDbEntity
  8
S-TABLE
100
AcDbPolyline
 90
4
 70
1
 10
277.0
 20
103.34705882352915
 10
460.0
 20
103.34705882352915
 10
460.0
 20
110.69411764705856
 10
277.0
 20
110.69411764705856
  0
TEXT
  5
431
330
17
100
AcDbEntity
  8
S-TABLE
100
AcDbText
 10
278.6
 20
107.02058823529386
 30
0.0
 40
1.89
  1
THE RAKING ROOF CARRIES A 20 kPa IMPOSED LOAD, DELIBERATELY, FOR A STRAY VEHICLE ON THE BERM
  7
OpenSans
 11
278.6
 21
107.02058823529386
 31
0.0
100
AcDbText
 73
2
  0
LWPOLYLINE
  5
432
330
17
100
AcDbEntity
  8
S-TABLE
100
AcDbPolyline
 90
4
 70
1
 10
277.0
 20
95.99999999999974
 10
460.0
 20
95.99999999999974
 10
460.0
 20
103.34705882352915
 10
277.0
 20
103.34705882352915
  0
TEXT
  5
433
330
17
100
AcDbEntity
  8
S-TABLE
100
AcDbText
 10
278.6
 20
99.67352941176445
 30
0.0
 40
1.89
  1
FLIGHT DEFLECTION  4800/214 = 22.4 ; basic 20 ; fs 215 ; pt 0.470 % ; MF about 1.5 -> 30.  SHEAR tau_v 0.256 < tau_c 0.484 x k 1.10 - NO LINKS
  7
OpenSans
 11
278.6
 21
99.67352941176445
 31
0.0
100
AcDbText
 73
2
  0
LWPOLYLINE
  5
434
330
17
100
AcDbEntity
  8
S-TABLE
100
AcDbPolyline
 90
4
 70
1
 10
277.0
 20
37.29999999999974
 10
460.0
 20
37.29999999999974
 10
460.0
 20
90.99999999999974
 10
277.0
 20
90.99999999999974
  0
LINE
  5
435
330
17
100
AcDbEntity
  8
S-TABLE
100
AcDbLine
 10
277.0
 20
84.59999999999975
 30
0.0
 11
460.0
 21
84.59999999999975
 31
0.0
  0
TEXT
  5
436
330
17
100
AcDbEntity
  8
S-TITLE
100
AcDbText
 10
279.0
 20
86.79999999999974
 30
0.0
 40
2.8
  1
CONSTRUCTION REQUIREMENTS THAT ARE DESIGN OUTPUTS, NOT OPTIONS
  7
OpenSans
 11
279.0
 21
86.79999999999974
 31
0.0
100
AcDbText
  0
TEXT
  5
437
330
17
100
AcDbEntity
  8
S-NOTE
100
AcDbText
 10
279.0
 20
81.59999999999975
 30
0.0
 40
1.88
  1
1  THIS STRUCTURE IS OUTSIDE THE PROTECTIVE BOUNDARY AND IS NOT BLAST RATED.  It is expected
  7
OpenSans
 11
279.0
 21
81.59999999999975
 31
0.0
100
AcDbText
  0
TEXT
  5
438
330
17
100
AcDbEntity
  8
S-NOTE
100
AcDbText
 10
279.0
 20
79.14999999999975
 30
0.0
 40
1.88
  1
   to be LOST in the design event.  Designed to IS 456 with normal partial factors - NOT with
  7
OpenSans
 11
279.0
 21
79.14999999999975
 31
0.0
100
AcDbText
  0
TEXT
  5
439
330
17
100
AcDbEntity
  8
S-NOTE
100
AcDbText
 10
279.0
 20
76.69999999999975
 30
0.0
 40
1.88
  1
   IS 4991 dynamic strengths.  The blast boundary is the headhouse wall HW2 and its door.
  7
OpenSans
 11
279.0
 21
76.69999999999975
 31
0.0
100
AcDbText
  0
TEXT
  5
43A
330
17
100
AcDbEntity
  8
S-NOTE
100
AcDbText
 10
279.0
 20
74.24999999999974
 30
0.0
 40
1.88
  1
2  THE OPENING CORNER AT THE TOP OF THE FLIGHT IS THE DETAIL MOST OFTEN GOT WRONG.  There the
  7
OpenSans
 11
279.0
 21
74.24999999999974
 31
0.0
100
AcDbText
  0
TEXT
  5
43B
330
17
100
AcDbEntity
  8
S-NOTE
100
AcDbText
 10
279.0
 20
71.79999999999974
 30
0.0
 40
1.88
  1
   tension face turns through 209 deg, and a bar bent round that corner has its bend resultant
  7
OpenSans
 11
279.0
 21
71.79999999999974
 31
0.0
100
AcDbText
  0
TEXT
  5
43C
330
17
100
AcDbEntity
  8
S-NOTE
100
AcDbText
 10
279.0
 20
69.34999999999974
 30
0.0
 40
1.88
  1
   directed OUT of the concrete: it spalls the cover and the bar loses its anchorage.
  7
OpenSans
 11
279.0
 21
69.34999999999974
 31
0.0
100
AcDbText
  0
TEXT
  5
43D
330
17
100
AcDbEntity
  8
S-NOTE
100
AcDbText
 10
279.0
 20
66.89999999999974
 30
0.0
 40
1.88
  1
   *** MAIN BARS SHALL NOT BE BENT ROUND IT. ***  Each layer runs STRAIGHT, CROSSED, anchored
  7
OpenSans
 11
279.0
 21
66.89999999999974
 31
0.0
100
AcDbText
  0
TEXT
  5
43E
330
17
100
AcDbEntity
  8
S-NOTE
100
AcDbText
 10
279.0
 20
64.44999999999973
 30
0.0
 40
1.88
  1
   Ld = 640 into the OPPOSITE face, with a U-bar T16 @ 200 (mark E12) across the corner.
  7
OpenSans
 11
279.0
 21
64.44999999999973
 31
0.0
100
AcDbText
  0
TEXT
  5
43F
330
17
100
AcDbEntity
  8
S-NOTE
100
AcDbText
 10
279.0
 20
61.99999999999973
 30
0.0
 40
1.88
  1
   SP 34:1987 Cl. 5.5.  At the FOOT of the flight the corner CLOSES at 151 deg - bars turn
  7
OpenSans
 11
279.0
 21
61.99999999999973
 31
0.0
100
AcDbText
  0
TEXT
  5
440
330
17
100
AcDbEntity
  8
S-NOTE
100
AcDbText
 10
279.0
 20
59.54999999999973
 30
0.0
 40
1.88
  1
   normally there.
  7
OpenSans
 11
279.0
 21
59.54999999999973
 31
0.0
100
AcDbText
  0
TEXT
  5
441
330
17
100
AcDbEntity
  8
S-NOTE
100
AcDbText
 10
279.0
 20
57.099999999999724
 30
0.0
 40
1.88
  1
3  MOVEMENT JOINT WHERE THE STEPPED RAFT MEETS THE HEADHOUSE.  The raft bears on compacted
  7
OpenSans
 11
279.0
 21
57.099999999999724
 31
0.0
100
AcDbText
  0
TEXT
  5
442
330
17
100
AcDbEntity
  8
S-NOTE
100
AcDbText
 10
279.0
 20
54.64999999999972
 30
0.0
 40
1.88
  1
   fill, the headhouse on the pressure slab.  Different supports, different settlement - they
  7
OpenSans
 11
279.0
 21
54.64999999999972
 31
0.0
100
AcDbText
  0
TEXT
  5
443
330
17
100
AcDbEntity
  8
S-NOTE
100
AcDbText
 10
279.0
 20
52.19999999999972
 30
0.0
 40
1.88
  1
   must NOT be cast monolithic.
  7
OpenSans
 11
279.0
 21
52.19999999999972
 31
0.0
100
AcDbText
  0
TEXT
  5
444
330
17
100
AcDbEntity
  8
S-NOTE
100
AcDbText
 10
279.0
 20
49.749999999999716
 30
0.0
 40
1.88
  1
4  300 mm CHANNEL AND GRATING THE FULL 1500 WIDTH at the door (X 8950 - 9250), and a 1.0 m3
  7
OpenSans
 11
279.0
 21
49.749999999999716
 31
0.0
100
AcDbText
  0
TEXT
  5
445
330
17
100
AcDbEntity
  8
S-NOTE
100
AcDbText
 10
279.0
 20
47.29999999999971
 30
0.0
 40
1.88
  1
   external sump at the platform with its own soakaway.  The stairwell has no gravity outfall
  7
OpenSans
 11
279.0
 21
47.29999999999971
 31
0.0
100
AcDbText
  0
TEXT
  5
446
330
17
100
AcDbEntity
  8
S-NOTE
100
AcDbText
 10
279.0
 20
44.84999999999971
 30
0.0
 40
1.88
  1
   to the shelter drainage and must not be allowed to discharge into it.
  7
OpenSans
 11
279.0
 21
44.84999999999971
 31
0.0
100
AcDbText
  0
TEXT
  5
447
330
17
100
AcDbEntity
  8
S-NOTE
100
AcDbText
 10
279.0
 20
42.39999999999971
 30
0.0
 40
1.88
  1
5  BERM GRADED 1.5 : 1 AGAINST THE WALLS TO (+)0.900, toe at grade over 1350.  The 20 kPa roof
  7
OpenSans
 11
279.0
 21
42.39999999999971
 31
0.0
100
AcDbText
  0
TEXT
  5
448
330
17
100
AcDbEntity
  8
S-NOTE
100
AcDbText
 10
279.0
 20
39.949999999999704
 30
0.0
 40
1.88
  1
   imposed load is what covers a stray vehicle on that berm.
  7
OpenSans
 11
279.0
 21
39.949999999999704
 31
0.0
100
AcDbText
  0
ENDSEC
  0
SECTION
  2
OBJECTS
  0
DICTIONARY
  5
A
330
0
100
AcDbDictionary
281
1
  3
ACAD_COLOR
350
B
  3
ACAD_GROUP
350
C
  3
ACAD_LAYOUT
350
D
  3
ACAD_MATERIAL
350
E
  3
ACAD_MLEADERSTYLE
350
F
  3
ACAD_MLINESTYLE
350
10
  3
ACAD_PLOTSETTINGS
350
11
  3
ACAD_PLOTSTYLENAME
350
12
  3
ACAD_SCALELIST
350
14
  3
ACAD_TABLESTYLE
350
15
  3
ACAD_VISUALSTYLE
350
16
  3
EZDXF_META
350
2D
  0
DICTIONARY
  5
B
330
A
100
AcDbDictionary
281
1
  0
DICTIONARY
  5
C
330
A
100
AcDbDictionary
281
1
  0
DICTIONARY
  5
D
330
A
100
AcDbDictionary
281
1
  3
Model
350
1A
  3
Layout1
350
1E
  0
DICTIONARY
  5
E
330
A
100
AcDbDictionary
281
1
  3
ByBlock
350
1F
  3
ByLayer
350
20
  3
Global
350
21
  0
DICTIONARY
  5
F
330
A
100
AcDbDictionary
281
1
  3
Standard
350
2C
  0
DICTIONARY
  5
10
330
A
100
AcDbDictionary
281
1
  3
Standard
350
22
  0
DICTIONARY
  5
11
330
A
100
AcDbDictionary
281
1
  0
ACDBDICTIONARYWDFLT
  5
12
330
A
100
AcDbDictionary
281
1
  3
Normal
350
13
100
AcDbDictionaryWithDefault
340
13
  0
ACDBPLACEHOLDER
  5
13
330
12
  0
DICTIONARY
  5
14
330
A
100
AcDbDictionary
281
1
  0
DICTIONARY
  5
15
330
A
100
AcDbDictionary
281
1
  0
DICTIONARY
  5
16
330
A
100
AcDbDictionary
281
1
  3
2dWireframe
350
5A
  3
Basic
350
5B
  3
Brighten
350
5C
  3
ColorChange
350
5D
  3
Conceptual
350
5E
  3
Dim
350
5F
  3
EdgeColorOff
350
60
  3
Facepattern
350
61
  3
Flat
350
62
  3
FlatWithEdges
350
63
  3
Gouraud
350
64
  3
GouraudWithEdges
350
65
  3
Hidden
350
66
  3
JitterOff
350
67
  3
Linepattern
350
68
  3
Modeling
350
69
  3
OverhangOff
350
6A
  3
Realistic
350
6B
  3
Shaded
350
6C
  3
Shaded with edges
350
6D
  3
Shades of Gray
350
6E
  3
Sketchy
350
6F
  3
Thicken
350
70
  3
Wireframe
350
71
  3
X-Ray
350
72
  0
LAYOUT
  5
1A
330
D
100
AcDbPlotSettings
  1

  4
A3
  6

 40
7.5
 41
20.0
 42
7.5
 43
20.0
 44
420.0
 45
297.0
 46
0.0
 47
0.0
 48
0.0
 49
0.0
140
0.0
141
0.0
142
1.0
143
1.0
 70
1024
 72
1
 73
0
 74
5
  7

 75
16
 76
0
 77
2
 78
300
147
1.0
148
0.0
149
0.0
100
AcDbLayout
  1
Model
 70
1
 71
0
 10
0.0
 20
0.0
 11
420.0
 21
297.0
 12
0.0
 22
0.0
 32
0.0
 14
1e+20
 24
1e+20
 34
1e+20
 15
-1e+20
 25
-1e+20
 35
-1e+20
146
0.0
 13
0.0
 23
0.0
 33
0.0
 16
1.0
 26
0.0
 36
0.0
 17
0.0
 27
1.0
 37
0.0
 76
1
330
17
  0
LAYOUT
  5
1E
330
D
100
AcDbPlotSettings
  1

  4
A3
  6

 40
7.5
 41
20.0
 42
7.5
 43
20.0
 44
420.0
 45
297.0
 46
0.0
 47
0.0
 48
0.0
 49
0.0
140
0.0
141
0.0
142
1.0
143
1.0
 70
0
 72
1
 73
0
 74
5
  7

 75
16
 76
0
 77
2
 78
300
147
1.0
148
0.0
149
0.0
100
AcDbLayout
  1
Layout1
 70
1
 71
1
 10
0.0
 20
0.0
 11
420.0
 21
297.0
 12
0.0
 22
0.0
 32
0.0
 14
1e+20
 24
1e+20
 34
1e+20
 15
-1e+20
 25
-1e+20
 35
-1e+20
146
0.0
 13
0.0
 23
0.0
 33
0.0
 16
1.0
 26
0.0
 36
0.0
 17
0.0
 27
1.0
 37
0.0
 76
1
330
1B
  0
MATERIAL
  5
1F
102
{ACAD_REACTORS
330
E
102
}
330
E
100
AcDbMaterial
  1
ByBlock
  2

 70
0
 40
1.0
 71
1
 41
1.0
 91
-1023410177
 42
1.0
 72
1
  3

 73
1
 74
1
 75
1
 44
0.5
 73
0
 45
1.0
 46
1.0
 77
1
  4

 78
1
 79
1
170
1
 48
1.0
171
1
  6

172
1
173
1
174
1
140
1.0
141
1.0
175
1
  7

176
1
177
1
178
1
143
1.0
179
1
  8

270
1
271
1
272
1
145
1.0
146
1.0
273
1
  9

274
1
275
1
276
1
 42
1.0
 72
1
  3

 73
1
 74
1
 75
1
 94
63
  0
MATERIAL
  5
20
102
{ACAD_REACTORS
330
E
102
}
330
E
100
AcDbMaterial
  1
ByLayer
  2

 70
0
 40
1.0
 71
1
 41
1.0
 91
-1023410177
 42
1.0
 72
1
  3

 73
1
 74
1
 75
1
 44
0.5
 73
0
 45
1.0
 46
1.0
 77
1
  4

 78
1
 79
1
170
1
 48
1.0
171
1
  6

172
1
173
1
174
1
140
1.0
141
1.0
175
1
  7

176
1
177
1
178
1
143
1.0
179
1
  8

270
1
271
1
272
1
145
1.0
146
1.0
273
1
  9

274
1
275
1
276
1
 42
1.0
 72
1
  3

 73
1
 74
1
 75
1
 94
63
  0
MATERIAL
  5
21
102
{ACAD_REACTORS
330
E
102
}
330
E
100
AcDbMaterial
  1
Global
  2

 70
0
 40
1.0
 71
1
 41
1.0
 91
-1023410177
 42
1.0
 72
1
  3

 73
1
 74
1
 75
1
 44
0.5
 73
0
 45
1.0
 46
1.0
 77
1
  4

 78
1
 79
1
170
1
 48
1.0
171
1
  6

172
1
173
1
174
1
140
1.0
141
1.0
175
1
  7

176
1
177
1
178
1
143
1.0
179
1
  8

270
1
271
1
272
1
145
1.0
146
1.0
273
1
  9

274
1
275
1
276
1
 42
1.0
 72
1
  3

 73
1
 74
1
 75
1
 94
63
  0
MLINESTYLE
  5
22
102
{ACAD_REACTORS
330
10
102
}
330
10
100
AcDbMlineStyle
  2
Standard
 70
0
  3

 62
256
 51
90.0
 52
90.0
 71
2
 49
0.5
 62
256
  6
BYLAYER
 49
-0.5
 62
256
  6
BYLAYER
  0
MLEADERSTYLE
  5
2C
102
{ACAD_REACTORS
330
F
102
}
330
F
100
AcDbMLeaderStyle
179
2
170
2
171
1
172
0
 90
2
 40
0.0
 41
0.0
173
1
 91
-1056964608
 92
-2
290
1
 42
2.0
291
1
 43
8.0
  3
Standard
 44
4.0
300

342
29
174
1
175
1
176
0
178
1
 93
-1056964608
 45
4.0
292
0
297
0
 46
4.0
 94
-1056964608
 47
1.0
 49
1.0
140
1.0
294
1
141
0.0
177
0
142
1.0
295
0
296
0
143
3.75
271
0
272
9
273
9
  0
DICTIONARY
  5
2D
330
A
100
AcDbDictionary
280
1
281
1
  3
CREATED_BY_EZDXF
350
2E
  3
WRITTEN_BY_EZDXF
350
44B
  0
DICTIONARYVAR
  5
2E
330
2D
100
DictionaryVariables
280
0
  1
1.4.4 @ 2026-09-18T08:42:09.253049+00:00
  0
VISUALSTYLE
  5
5A
102
{ACAD_REACTORS
330
16
102
}
330
16
100
AcDbVisualStyle
  2
2dWireframe
 70
4
 90
0
 40
0.6
 62
7
290
0
291
0
  0
VISUALSTYLE
  5
5B
102
{ACAD_REACTORS
330
16
102
}
330
16
100
AcDbVisualStyle
  2
Basic
 70
7
 90
1
 40
0.6
 62
7
290
0
291
1
  0
VISUALSTYLE
  5
5C
102
{ACAD_REACTORS
330
16
102
}
330
16
100
AcDbVisualStyle
  2
Brighten
 70
12
 90
2
 40
0.6
 62
7
290
0
291
1
  0
VISUALSTYLE
  5
5D
102
{ACAD_REACTORS
330
16
102
}
330
16
100
AcDbVisualStyle
  2
ColorChange
 70
16
 90
2
 40
0.6
 62
8
290
0
291
1
  0
VISUALSTYLE
  5
5E
102
{ACAD_REACTORS
330
16
102
}
330
16
100
AcDbVisualStyle
  2
Conceptual
 70
9
 90
3
 40
0.6
 62
7
290
0
291
0
  0
VISUALSTYLE
  5
5F
102
{ACAD_REACTORS
330
16
102
}
330
16
100
AcDbVisualStyle
  2
Dim
 70
11
 90
2
 40
0.6
 62
7
290
0
291
1
  0
VISUALSTYLE
  5
60
102
{ACAD_REACTORS
330
16
102
}
330
16
100
AcDbVisualStyle
  2
EdgeColorOff
 70
22
 90
2
 40
0.6
 62
7
290
0
291
1
  0
VISUALSTYLE
  5
61
102
{ACAD_REACTORS
330
16
102
}
330
16
100
AcDbVisualStyle
  2
Facepattern
 70
15
 90
2
 40
0.6
 62
7
290
0
291
1
  0
VISUALSTYLE
  5
62
102
{ACAD_REACTORS
330
16
102
}
330
16
100
AcDbVisualStyle
  2
Flat
 70
0
 90
2
 40
0.6
 62
7
290
0
291
1
  0
VISUALSTYLE
  5
63
102
{ACAD_REACTORS
330
16
102
}
330
16
100
AcDbVisualStyle
  2
FlatWithEdges
 70
1
 90
2
 40
0.6
 62
7
290
0
291
1
  0
VISUALSTYLE
  5
64
102
{ACAD_REACTORS
330
16
102
}
330
16
100
AcDbVisualStyle
  2
Gouraud
 70
2
 90
2
 40
0.6
 62
7
290
0
291
1
  0
VISUALSTYLE
  5
65
102
{ACAD_REACTORS
330
16
102
}
330
16
100
AcDbVisualStyle
  2
GouraudWithEdges
 70
3
 90
2
 40
0.6
 62
7
290
0
291
1
  0
VISUALSTYLE
  5
66
102
{ACAD_REACTORS
330
16
102
}
330
16
100
AcDbVisualStyle
  2
Hidden
 70
6
 90
1
 40
0.6
 62
7
290
0
291
0
  0
VISUALSTYLE
  5
67
102
{ACAD_REACTORS
330
16
102
}
330
16
100
AcDbVisualStyle
  2
JitterOff
 70
20
 90
2
 40
0.6
 62
7
290
0
291
1
  0
VISUALSTYLE
  5
68
102
{ACAD_REACTORS
330
16
102
}
330
16
100
AcDbVisualStyle
  2
Linepattern
 70
14
 90
2
 40
0.6
 62
7
290
0
291
1
  0
VISUALSTYLE
  5
69
102
{ACAD_REACTORS
330
16
102
}
330
16
100
AcDbVisualStyle
  2
Modeling
 70
10
 90
2
 40
0.6
 62
7
290
0
291
0
  0
VISUALSTYLE
  5
6A
102
{ACAD_REACTORS
330
16
102
}
330
16
100
AcDbVisualStyle
  2
OverhangOff
 70
21
 90
2
 40
0.6
 62
7
290
0
291
1
  0
VISUALSTYLE
  5
6B
102
{ACAD_REACTORS
330
16
102
}
330
16
100
AcDbVisualStyle
  2
Realistic
 70
8
 90
2
 40
0.6
 62
7
290
0
291
0
  0
VISUALSTYLE
  5
6C
102
{ACAD_REACTORS
330
16
102
}
330
16
100
AcDbVisualStyle
  2
Shaded
 70
27
 90
2
 40
0.6
 62
7
290
0
291
0
  0
VISUALSTYLE
  5
6D
102
{ACAD_REACTORS
330
16
102
}
330
16
100
AcDbVisualStyle
  2
Shaded with edges
 70
26
 90
2
 40
0.6
 62
7
290
0
291
0
  0
VISUALSTYLE
  5
6E
102
{ACAD_REACTORS
330
16
102
}
330
16
100
AcDbVisualStyle
  2
Shades of Gray
 70
23
 90
2
 40
0.6
 62
7
290
0
291
0
  0
VISUALSTYLE
  5
6F
102
{ACAD_REACTORS
330
16
102
}
330
16
100
AcDbVisualStyle
  2
Sketchy
 70
24
 90
1
 40
0.6
 62
7
290
0
291
0
  0
VISUALSTYLE
  5
70
102
{ACAD_REACTORS
330
16
102
}
330
16
100
AcDbVisualStyle
  2
Thicken
 70
13
 90
2
 40
0.6
 62
7
290
0
291
1
  0
VISUALSTYLE
  5
71
102
{ACAD_REACTORS
330
16
102
}
330
16
100
AcDbVisualStyle
  2
Wireframe
 70
5
 90
0
 40
0.6
 62
7
290
0
291
0
  0
VISUALSTYLE
  5
72
102
{ACAD_REACTORS
330
16
102
}
330
16
100
AcDbVisualStyle
  2
X-Ray
 70
25
 90
2
 40
0.5
 62
7
290
0
291
0
  0
DICTIONARYVAR
  5
44B
330
2D
100
DictionaryVariables
280
0
  1
1.4.4 @ 2026-09-18T08:42:09.338429+00:00
  0
ENDSEC
  0
EOF
