  0
SECTION
  2
HEADER
  9
$ACADVER
  1
AC1024
  9
$ACADMAINTVER
 70
6
  9
$DWGCODEPAGE
  3
ANSI_1252
  9
$LASTSAVEDBY
  1
ezdxf
  9
$INSBASE
 10
0.0
 20
0.0
 30
0.0
  9
$EXTMIN
 10
1e+20
 20
1e+20
 30
1e+20
  9
$EXTMAX
 10
-1e+20
 20
-1e+20
 30
-1e+20
  9
$LIMMIN
 10
0.0
 20
0.0
  9
$LIMMAX
 10
420.0
 20
297.0
  9
$ORTHOMODE
 70
0
  9
$REGENMODE
 70
1
  9
$FILLMODE
 70
1
  9
$QTEXTMODE
 70
0
  9
$MIRRTEXT
 70
1
  9
$LTSCALE
 40
1.0
  9
$ATTMODE
 70
1
  9
$TEXTSIZE
 40
2.5
  9
$TRACEWID
 40
1.0
  9
$TEXTSTYLE
  7
OpenSans
  9
$CLAYER
  8
0
  9
$CELTYPE
  6
ByLayer
  9
$CECOLOR
 62
256
  9
$CELTSCALE
 40
1.0
  9
$DISPSILH
 70
0
  9
$DIMSCALE
 40
1.0
  9
$DIMASZ
 40
0.175
  9
$DIMEXO
 40
0.125
  9
$DIMDLI
 40
3.75
  9
$DIMRND
 40
0.0
  9
$DIMDLE
 40
0.0
  9
$DIMEXE
 40
0.375
  9
$DIMTP
 40
0.0
  9
$DIMTM
 40
0.0
  9
$DIMTXT
 40
0.25
  9
$DIMCEN
 40
2.5
  9
$DIMTSZ
 40
0.0
  9
$DIMTOL
 70
0
  9
$DIMLIM
 70
0
  9
$DIMTIH
 70
0
  9
$DIMTOH
 70
0
  9
$DIMSE1
 70
0
  9
$DIMSE2
 70
0
  9
$DIMTAD
 70
1
  9
$DIMZIN
 70
12
  9
$DIMBLK
  1
ARCHTICK
  9
$DIMASO
 70
1
  9
$DIMSHO
 70
1
  9
$DIMPOST
  1

  9
$DIMAPOST
  1

  9
$DIMALT
 70
0
  9
$DIMALTD
 70
3
  9
$DIMALTF
 40
0.03937007874
  9
$DIMLFAC
 40
100.0
  9
$DIMTOFL
 70
1
  9
$DIMTVP
 40
0.0
  9
$DIMTIX
 70
0
  9
$DIMSOXD
 70
0
  9
$DIMSAH
 70
0
  9
$DIMBLK1
  1

  9
$DIMBLK2
  1

  9
$DIMSTYLE
  2
EZDXF
  9
$DIMCLRD
 70
0
  9
$DIMCLRE
 70
0
  9
$DIMCLRT
 70
0
  9
$DIMTFAC
 40
0.5
  9
$DIMGAP
 40
0.1
  9
$DIMJUST
 70
0
  9
$DIMSD1
 70
0
  9
$DIMSD2
 70
0
  9
$DIMTOLJ
 70
0
  9
$DIMTZIN
 70
8
  9
$DIMALTZ
 70
0
  9
$DIMALTTZ
 70
0
  9
$DIMUPT
 70
1
  9
$DIMDEC
 70
2
  9
$DIMTDEC
 70
2
  9
$DIMALTU
 70
2
  9
$DIMALTTD
 70
3
  9
$DIMTXSTY
  7
OpenSansCondensed-Light
  9
$DIMAUNIT
 70
0
  9
$DIMADEC
 70
2
  9
$DIMALTRND
 40
0.0
  9
$DIMAZIN
 70
3
  9
$DIMDSEP
 70
46
  9
$DIMATFIT
 70
3
  9
$DIMFRAC
 70
0
  9
$DIMLDRBLK
  1

  9
$DIMLUNIT
 70
2
  9
$DIMLWD
 70
-2
  9
$DIMLWE
 70
-2
  9
$DIMTMOVE
 70
2
  9
$DIMFXL
 40
1.0
  9
$DIMFXLON
 70
0
  9
$DIMJOGANG
 40
0.785398163397
  9
$DIMTFILL
 70
0
  9
$DIMTFILLCLR
 70
0
  9
$DIMARCSYM
 70
0
  9
$DIMLTYPE
  6

  9
$DIMLTEX1
  6

  9
$DIMLTEX2
  6

  9
$DIMTXTDIRECTION
 70
0
  9
$LUNITS
 70
2
  9
$LUPREC
 70
4
  9
$SKETCHINC
 40
1.0
  9
$FILLETRAD
 40
10.0
  9
$AUNITS
 70
0
  9
$AUPREC
 70
2
  9
$MENU
  1
.
  9
$ELEVATION
 40
0.0
  9
$PELEVATION
 40
0.0
  9
$THICKNESS
 40
0.0
  9
$LIMCHECK
 70
0
  9
$CHAMFERA
 40
0.0
  9
$CHAMFERB
 40
0.0
  9
$CHAMFERC
 40
0.0
  9
$CHAMFERD
 40
0.0
  9
$SKPOLY
 70
0
  9
$TDCREATE
 40
2461300.3642361113
  9
$TDUCREATE
 40
2458532.153996898
  9
$TDUPDATE
 40
2461300.3642476853
  9
$TDUUPDATE
 40
2458532.1544311
  9
$TDINDWG
 40
0.0
  9
$TDUSRTIMER
 40
0.0
  9
$USRTIMER
 70
1
  9
$ANGBASE
 50
0.0
  9
$ANGDIR
 70
0
  9
$PDMODE
 70
0
  9
$PDSIZE
 40
0.0
  9
$PLINEWID
 40
0.0
  9
$SPLFRAME
 70
0
  9
$SPLINETYPE
 70
6
  9
$SPLINESEGS
 70
8
  9
$HANDSEED
  5
5CA
  9
$SURFTAB1
 70
6
  9
$SURFTAB2
 70
6
  9
$SURFTYPE
 70
6
  9
$SURFU
 70
6
  9
$SURFV
 70
6
  9
$UCSBASE
  2

  9
$UCSNAME
  2

  9
$UCSORG
 10
0.0
 20
0.0
 30
0.0
  9
$UCSXDIR
 10
1.0
 20
0.0
 30
0.0
  9
$UCSYDIR
 10
0.0
 20
1.0
 30
0.0
  9
$UCSORTHOREF
  2

  9
$UCSORTHOVIEW
 70
0
  9
$UCSORGTOP
 10
0.0
 20
0.0
 30
0.0
  9
$UCSORGBOTTOM
 10
0.0
 20
0.0
 30
0.0
  9
$UCSORGLEFT
 10
0.0
 20
0.0
 30
0.0
  9
$UCSORGRIGHT
 10
0.0
 20
0.0
 30
0.0
  9
$UCSORGFRONT
 10
0.0
 20
0.0
 30
0.0
  9
$UCSORGBACK
 10
0.0
 20
0.0
 30
0.0
  9
$PUCSBASE
  2

  9
$PUCSNAME
  2

  9
$PUCSORG
 10
0.0
 20
0.0
 30
0.0
  9
$PUCSXDIR
 10
1.0
 20
0.0
 30
0.0
  9
$PUCSYDIR
 10
0.0
 20
1.0
 30
0.0
  9
$PUCSORTHOREF
  2

  9
$PUCSORTHOVIEW
 70
0
  9
$PUCSORGTOP
 10
0.0
 20
0.0
 30
0.0
  9
$PUCSORGBOTTOM
 10
0.0
 20
0.0
 30
0.0
  9
$PUCSORGLEFT
 10
0.0
 20
0.0
 30
0.0
  9
$PUCSORGRIGHT
 10
0.0
 20
0.0
 30
0.0
  9
$PUCSORGFRONT
 10
0.0
 20
0.0
 30
0.0
  9
$PUCSORGBACK
 10
0.0
 20
0.0
 30
0.0
  9
$USERI1
 70
0
  9
$USERI2
 70
0
  9
$USERI3
 70
0
  9
$USERI4
 70
0
  9
$USERI5
 70
0
  9
$USERR1
 40
0.0
  9
$USERR2
 40
0.0
  9
$USERR3
 40
0.0
  9
$USERR4
 40
0.0
  9
$USERR5
 40
0.0
  9
$WORLDVIEW
 70
1
  9
$SHADEDGE
 70
3
  9
$SHADEDIF
 70
70
  9
$TILEMODE
 70
1
  9
$MAXACTVP
 70
64
  9
$PINSBASE
 10
0.0
 20
0.0
 30
0.0
  9
$PLIMCHECK
 70
0
  9
$PEXTMIN
 10
1e+20
 20
1e+20
 30
1e+20
  9
$PEXTMAX
 10
-1e+20
 20
-1e+20
 30
-1e+20
  9
$PLIMMIN
 10
0.0
 20
0.0
  9
$PLIMMAX
 10
420.0
 20
297.0
  9
$UNITMODE
 70
0
  9
$VISRETAIN
 70
1
  9
$PLINEGEN
 70
0
  9
$PSLTSCALE
 70
1
  9
$TREEDEPTH
 70
3020
  9
$CMLSTYLE
  2
Standard
  9
$CMLJUST
 70
0
  9
$CMLSCALE
 40
20.0
  9
$PROXYGRAPHICS
 70
1
  9
$MEASUREMENT
 70
1
  9
$CELWEIGHT
370
-1
  9
$ENDCAPS
280
0
  9
$JOINSTYLE
280
0
  9
$LWDISPLAY
290
0
  9
$INSUNITS
 70
4
  9
$HYPERLINKBASE
  1

  9
$STYLESHEET
  1

  9
$XEDIT
290
1
  9
$CEPSNTYPE
380
0
  9
$PSTYLEMODE
290
1
  9
$FINGERPRINTGUID
  2
{1EF8F290-7BB0-4CFB-9CA8-28E9CD371227}
  9
$VERSIONGUID
  2
{E1538E61-2182-45A4-A842-4E865C49A833}
  9
$EXTNAMES
290
1
  9
$PSVPSCALE
 40
0.0
  9
$OLESTARTUP
290
0
  9
$SORTENTS
280
127
  9
$INDEXCTL
280
0
  9
$HIDETEXT
280
1
  9
$XCLIPFRAME
280
1
  9
$HALOGAP
280
0
  9
$OBSCOLOR
 70
257
  9
$OBSLTYPE
280
0
  9
$INTERSECTIONDISPLAY
280
0
  9
$INTERSECTIONCOLOR
 70
257
  9
$DIMASSOC
280
2
  9
$PROJECTNAME
  1

  9
$CAMERADISPLAY
290
0
  9
$LENSLENGTH
 40
50.0
  9
$CAMERAHEIGHT
 40
0.0
  9
$STEPSPERSEC
 40
24.0
  9
$STEPSIZE
 40
100.0
  9
$3DDWFPREC
 40
2.0
  9
$PSOLWIDTH
 40
0.005
  9
$PSOLHEIGHT
 40
0.08
  9
$LOFTANG1
 40
1.570796326795
  9
$LOFTANG2
 40
1.570796326795
  9
$LOFTMAG1
 40
0.0
  9
$LOFTMAG2
 40
0.0
  9
$LOFTPARAM
 70
7
  9
$LOFTNORMALS
280
1
  9
$LATITUDE
 40
37.795
  9
$LONGITUDE
 40
-122.394
  9
$NORTHDIRECTION
 40
0.0
  9
$TIMEZONE
 70
-8000
  9
$LIGHTGLYPHDISPLAY
280
1
  9
$TILEMODELIGHTSYNCH
280
1
  9
$CMATERIAL
347
20
  9
$SOLIDHIST
280
0
  9
$SHOWHIST
280
1
  9
$DWFFRAME
280
2
  9
$DGNFRAME
280
2
  9
$REALWORLDSCALE
290
1
  9
$INTERFERECOLOR
 62
256
  9
$CSHADOW
280
0
  9
$SHADOWPLANELOCATION
 40
0.0
  0
ENDSEC
  0
SECTION
  2
CLASSES
  0
CLASS
  1
ACDBDICTIONARYWDFLT
  2
AcDbDictionaryWithDefault
  3
ObjectDBX Classes
 90
0
 91
0
280
0
281
0
  0
CLASS
  1
SUN
  2
AcDbSun
  3
SCENEOE
 90
1153
 91
0
280
0
281
0
  0
CLASS
  1
VISUALSTYLE
  2
AcDbVisualStyle
  3
ObjectDBX Classes
 90
4095
 91
0
280
0
281
0
  0
CLASS
  1
MATERIAL
  2
AcDbMaterial
  3
ObjectDBX Classes
 90
1153
 91
0
280
0
281
0
  0
CLASS
  1
SCALE
  2
AcDbScale
  3
ObjectDBX Classes
 90
1153
 91
0
280
0
281
0
  0
CLASS
  1
TABLESTYLE
  2
AcDbTableStyle
  3
ObjectDBX Classes
 90
4095
 91
0
280
0
281
0
  0
CLASS
  1
MLEADERSTYLE
  2
AcDbMLeaderStyle
  3
ACDB_MLEADERSTYLE_CLASS
 90
4095
 91
0
280
0
281
0
  0
CLASS
  1
DICTIONARYVAR
  2
AcDbDictionaryVar
  3
ObjectDBX Classes
 90
0
 91
0
280
0
281
0
  0
CLASS
  1
CELLSTYLEMAP
  2
AcDbCellStyleMap
  3
ObjectDBX Classes
 90
1152
 91
0
280
0
281
0
  0
CLASS
  1
MENTALRAYRENDERSETTINGS
  2
AcDbMentalRayRenderSettings
  3
SCENEOE
 90
1024
 91
0
280
0
281
0
  0
CLASS
  1
ACDBDETAILVIEWSTYLE
  2
AcDbDetailViewStyle
  3
ObjectDBX Classes
 90
1025
 91
0
280
0
281
0
  0
CLASS
  1
ACDBSECTIONVIEWSTYLE
  2
AcDbSectionViewStyle
  3
ObjectDBX Classes
 90
1025
 91
0
280
0
281
0
  0
CLASS
  1
RASTERVARIABLES
  2
AcDbRasterVariables
  3
ISM
 90
0
 91
0
280
0
281
0
  0
CLASS
  1
ACDBPLACEHOLDER
  2
AcDbPlaceHolder
  3
ObjectDBX Classes
 90
0
 91
0
280
0
281
0
  0
CLASS
  1
LAYOUT
  2
AcDbLayout
  3
ObjectDBX Classes
 90
0
 91
0
280
0
281
0
  0
ENDSEC
  0
SECTION
  2
TABLES
  0
TABLE
  2
VPORT
  5
8
330
0
100
AcDbSymbolTable
 70
1
  0
VPORT
  5
23
330
8
100
AcDbSymbolTableRecord
100
AcDbViewportTableRecord
  2
*Active
 70
0
 10
0.0
 20
0.0
 11
1.0
 21
1.0
 12
0.0
 22
0.0
 13
0.0
 23
0.0
 14
0.5
 24
0.5
 15
0.5
 25
0.5
 16
0.0
 26
0.0
 36
1.0
 17
0.0
 27
0.0
 37
0.0
 40
1000.0
 41
1.34
 42
50.0
 43
0.0
 44
0.0
 50
0.0
 51
0.0
 71
0
 72
1000
 73
1
 74
3
 75
0
 76
0
 77
0
 78
0
281
0
 65
0
146
0.0
  0
ENDTAB
  0
TABLE
  2
LTYPE
  5
2
330
0
100
AcDbSymbolTable
 70
21
  0
LTYPE
  5
24
330
2
100
AcDbSymbolTableRecord
100
AcDbLinetypeTableRecord
  2
ByBlock
 70
0
  3

 72
65
 73
0
 40
0.0
  0
LTYPE
  5
25
330
2
100
AcDbSymbolTableRecord
100
AcDbLinetypeTableRecord
  2
ByLayer
 70
0
  3

 72
65
 73
0
 40
0.0
  0
LTYPE
  5
26
330
2
100
AcDbSymbolTableRecord
100
AcDbLinetypeTableRecord
  2
Continuous
 70
0
  3

 72
65
 73
0
 40
0.0
  0
LTYPE
  5
2F
330
2
100
AcDbSymbolTableRecord
100
AcDbLinetypeTableRecord
  2
CENTER
 70
0
  3
Center ____ _ ____ _ ____ _ ____ _ ____ _ ____
 72
65
 73
4
 40
5.08
 49
3.175
 74
0
 49
-0.635
 74
0
 49
0.635
 74
0
 49
-0.635
 74
0
  0
LTYPE
  5
30
330
2
100
AcDbSymbolTableRecord
100
AcDbLinetypeTableRecord
  2
CENTERX2
 70
0
  3
Center (2x) ________  __  ________  __  ________
 72
65
 73
4
 40
8.89
 49
6.35
 74
0
 49
-0.635
 74
0
 49
1.27
 74
0
 49
-0.635
 74
0
  0
LTYPE
  5
31
330
2
100
AcDbSymbolTableRecord
100
AcDbLinetypeTableRecord
  2
CENTER2
 70
0
  3
Center (.5x) ____ _ ____ _ ____ _ ____ _ ____
 72
65
 73
4
 40
2.54
 49
1.587
 74
0
 49
-0.318
 74
0
 49
0.318
 74
0
 49
-0.318
 74
0
  0
LTYPE
  5
32
330
2
100
AcDbSymbolTableRecord
100
AcDbLinetypeTableRecord
  2
DASHED
 70
0
  3
Dashed __ __ __ __ __ __ __ __ __ __ __ __ __ _
 72
65
 73
2
 40
1.524
 49
1.27
 74
0
 49
-0.254
 74
0
  0
LTYPE
  5
33
330
2
100
AcDbSymbolTableRecord
100
AcDbLinetypeTableRecord
  2
DASHEDX2
 70
0
  3
Dashed (2x) ____  ____  ____  ____  ____  ____
 72
65
 73
2
 40
3.048
 49
2.54
 74
0
 49
-0.508
 74
0
  0
LTYPE
  5
34
330
2
100
AcDbSymbolTableRecord
100
AcDbLinetypeTableRecord
  2
DASHED2
 70
0
  3
Dashed (.5x) _ _ _ _ _ _ _ _ _ _ _ _ _ _
 72
65
 73
2
 40
0.762
 49
0.635
 74
0
 49
-0.127
 74
0
  0
LTYPE
  5
35
330
2
100
AcDbSymbolTableRecord
100
AcDbLinetypeTableRecord
  2
PHANTOM
 70
0
  3
Phantom ______  __  __  ______  __  __  ______
 72
65
 73
6
 40
6.35
 49
3.175
 74
0
 49
-0.635
 74
0
 49
0.635
 74
0
 49
-0.635
 74
0
 49
0.635
 74
0
 49
-0.635
 74
0
  0
LTYPE
  5
36
330
2
100
AcDbSymbolTableRecord
100
AcDbLinetypeTableRecord
  2
PHANTOMX2
 70
0
  3
Phantom (2x)____________    ____    ____    ____________
 72
65
 73
6
 40
10.795
 49
6.35
 74
0
 49
-0.635
 74
0
 49
1.27
 74
0
 49
-0.635
 74
0
 49
1.27
 74
0
 49
-0.635
 74
0
  0
LTYPE
  5
37
330
2
100
AcDbSymbolTableRecord
100
AcDbLinetypeTableRecord
  2
PHANTOM2
 70
0
  3
Phantom (.5x) ___ _ _ ___ _ _ ___ _ _ ___ _ _ ___
 72
65
 73
6
 40
3.175
 49
1.587
 74
0
 49
-0.318
 74
0
 49
0.318
 74
0
 49
-0.318
 74
0
 49
0.318
 74
0
 49
-0.318
 74
0
  0
LTYPE
  5
38
330
2
100
AcDbSymbolTableRecord
100
AcDbLinetypeTableRecord
  2
DASHDOT
 70
0
  3
Dash dot __ . __ . __ . __ . __ . __ . __ . __
 72
65
 73
4
 40
3.556
 49
2.54
 74
0
 49
-0.508
 74
0
 49
0.0
 74
0
 49
-0.508
 74
0
  0
LTYPE
  5
39
330
2
100
AcDbSymbolTableRecord
100
AcDbLinetypeTableRecord
  2
DASHDOTX2
 70
0
  3
Dash dot (2x) ____  .  ____  .  ____  .  ____
 72
65
 73
4
 40
6.096
 49
5.08
 74
0
 49
-0.508
 74
0
 49
0.0
 74
0
 49
-0.508
 74
0
  0
LTYPE
  5
3A
330
2
100
AcDbSymbolTableRecord
100
AcDbLinetypeTableRecord
  2
DASHDOT2
 70
0
  3
Dash dot (.5x) _ . _ . _ . _ . _ . _ . _ . _
 72
65
 73
4
 40
1.778
 49
1.27
 74
0
 49
-0.254
 74
0
 49
0.0
 74
0
 49
-0.254
 74
0
  0
LTYPE
  5
3B
330
2
100
AcDbSymbolTableRecord
100
AcDbLinetypeTableRecord
  2
DOT
 70
0
  3
Dot .  .  .  .  .  .  .  .  .  .  .  .  .  .  .  .
 72
65
 73
2
 40
0.508
 49
0.0
 74
0
 49
-0.508
 74
0
  0
LTYPE
  5
3C
330
2
100
AcDbSymbolTableRecord
100
AcDbLinetypeTableRecord
  2
DOTX2
 70
0
  3
Dot (2x) .    .    .    .    .    .    .    . 
 72
65
 73
2
 40
1.016
 49
0.0
 74
0
 49
-1.016
 74
0
  0
LTYPE
  5
3D
330
2
100
AcDbSymbolTableRecord
100
AcDbLinetypeTableRecord
  2
DOT2
 70
0
  3
Dot (.5) . . . . . . . . . . . . . . . . . . . 
 72
65
 73
2
 40
0.254
 49
0.0
 74
0
 49
-0.254
 74
0
  0
LTYPE
  5
3E
330
2
100
AcDbSymbolTableRecord
100
AcDbLinetypeTableRecord
  2
DIVIDE
 70
0
  3
Divide __ . . __ . . __ . . __ . . __ . . __
 72
65
 73
6
 40
4.064
 49
2.54
 74
0
 49
-0.508
 74
0
 49
0.0
 74
0
 49
-0.508
 74
0
 49
0.0
 74
0
 49
-0.508
 74
0
  0
LTYPE
  5
3F
330
2
100
AcDbSymbolTableRecord
100
AcDbLinetypeTableRecord
  2
DIVIDEX2
 70
0
  3
Divide (2x) ____  . .  ____  . .  ____  . .  ____
 72
65
 73
6
 40
6.604
 49
5.08
 74
0
 49
-0.508
 74
0
 49
0.0
 74
0
 49
-0.508
 74
0
 49
0.0
 74
0
 49
-0.508
 74
0
  0
LTYPE
  5
40
330
2
100
AcDbSymbolTableRecord
100
AcDbLinetypeTableRecord
  2
DIVIDE2
 70
0
  3
Divide(.5x) _ . _ . _ . _ . _ . _ . _ . _
 72
65
 73
6
 40
2.032
 49
1.27
 74
0
 49
-0.254
 74
0
 49
0.0
 74
0
 49
-0.254
 74
0
 49
0.0
 74
0
 49
-0.254
 74
0
  0
ENDTAB
  0
TABLE
  2
LAYER
  5
1
330
0
100
AcDbSymbolTable
 70
22
  0
LAYER
  5
27
330
1
100
AcDbSymbolTableRecord
100
AcDbLayerTableRecord
  2
0
 70
0
 62
7
  6
Continuous
370
-3
390
13
347
21
  0
LAYER
  5
28
330
1
100
AcDbSymbolTableRecord
100
AcDbLayerTableRecord
  2
Defpoints
 70
0
 62
7
  6
Continuous
290
0
370
-3
390
13
347
21
  0
LAYER
  5
8A
330
1
100
AcDbSymbolTableRecord
100
AcDbLayerTableRecord
  2
S-CONCRETE
 70
0
 62
7
  6
Continuous
370
-3
390
13
347
21
1001
AcAecLayerStandard
1000

1000
Structural concrete, cut
  0
LAYER
  5
8C
330
1
100
AcDbSymbolTableRecord
100
AcDbLayerTableRecord
  2
S-CONCRETE-THIN
 70
0
 62
7
  6
Continuous
370
-3
390
13
347
21
1001
AcAecLayerStandard
1000

1000
Concrete outlines, uncut
  0
LAYER
  5
8D
330
1
100
AcDbSymbolTableRecord
100
AcDbLayerTableRecord
  2
S-HIDDEN
 70
0
 62
8
  6
Continuous
370
-3
390
13
347
21
1001
AcAecLayerStandard
1000

1000
Concrete and features beyond / below
  0
LAYER
  5
8E
330
1
100
AcDbSymbolTableRecord
100
AcDbLayerTableRecord
  2
S-REBAR-MAIN
 70
0
 62
1
  6
Continuous
370
-3
390
13
347
21
1001
AcAecLayerStandard
1000

1000
Main reinforcement
  0
LAYER
  5
8F
330
1
100
AcDbSymbolTableRecord
100
AcDbLayerTableRecord
  2
S-REBAR-DIST
 70
0
 62
5
  6
Continuous
370
-3
390
13
347
21
1001
AcAecLayerStandard
1000

1000
Distribution reinforcement
  0
LAYER
  5
90
330
1
100
AcDbSymbolTableRecord
100
AcDbLayerTableRecord
  2
S-REBAR-STIRRUP
 70
0
 62
5
  6
Continuous
370
-3
390
13
347
21
1001
AcAecLayerStandard
1000

1000
Links and stirrups
  0
LAYER
  5
91
330
1
100
AcDbSymbolTableRecord
100
AcDbLayerTableRecord
  2
S-REBAR-SEC
 70
0
 62
1
  6
Continuous
370
-3
390
13
347
21
1001
AcAecLayerStandard
1000

1000
Trimmers, jamb bars, starters, additional bars
  0
LAYER
  5
92
330
1
100
AcDbSymbolTableRecord
100
AcDbLayerTableRecord
  2
S-DIM
 70
0
 62
7
  6
Continuous
370
-3
390
13
347
21
1001
AcAecLayerStandard
1000

1000
Dimensions
  0
LAYER
  5
93
330
1
100
AcDbSymbolTableRecord
100
AcDbLayerTableRecord
  2
S-TEXT
 70
0
 62
7
  6
Continuous
370
-3
390
13
347
21
1001
AcAecLayerStandard
1000

1000
General annotation
  0
LAYER
  5
94
330
1
100
AcDbSymbolTableRecord
100
AcDbLayerTableRecord
  2
S-NOTE
 70
0
 62
7
  6
Continuous
370
-3
390
13
347
21
1001
AcAecLayerStandard
1000

1000
Note panels
  0
LAYER
  5
95
330
1
100
AcDbSymbolTableRecord
100
AcDbLayerTableRecord
  2
S-CALLOUT
 70
0
 62
7
  6
Continuous
370
-3
390
13
347
21
1001
AcAecLayerStandard
1000

1000
Bar-mark tags and leaders
  0
LAYER
  5
96
330
1
100
AcDbSymbolTableRecord
100
AcDbLayerTableRecord
  2
S-SECTION
 70
0
 62
7
  6
Continuous
370
-3
390
13
347
21
1001
AcAecLayerStandard
1000

1000
Section and detail markers
  0
LAYER
  5
97
330
1
100
AcDbSymbolTableRecord
100
AcDbLayerTableRecord
  2
S-GRID
 70
0
 62
7
  6
Continuous
370
-3
390
13
347
21
1001
AcAecLayerStandard
1000

1000
Grid lines and bubbles
  0
LAYER
  5
98
330
1
100
AcDbSymbolTableRecord
100
AcDbLayerTableRecord
  2
S-CENTER
 70
0
 62
7
  6
Continuous
370
-3
390
13
347
21
1001
AcAecLayerStandard
1000

1000
Centrelines and void diagonals
  0
LAYER
  5
99
330
1
100
AcDbSymbolTableRecord
100
AcDbLayerTableRecord
  2
S-HATCH
 70
0
 62
8
  6
Continuous
370
-3
390
13
347
21
1001
AcAecLayerStandard
1000

1000
Section hatch
  0
LAYER
  5
9A
330
1
100
AcDbSymbolTableRecord
100
AcDbLayerTableRecord
  2
S-TITLE
 70
0
 62
7
  6
Continuous
370
-3
390
13
347
21
1001
AcAecLayerStandard
1000

1000
Border, title block, view titles
  0
LAYER
  5
9B
330
1
100
AcDbSymbolTableRecord
100
AcDbLayerTableRecord
  2
S-EXISTING
 70
0
 62
8
  6
Continuous
370
-3
390
13
347
21
1001
AcAecLayerStandard
1000

1000
Soil, rock, fill and cover build-up
  0
LAYER
  5
9C
330
1
100
AcDbSymbolTableRecord
100
AcDbLayerTableRecord
  2
S-WATERPROOF
 70
0
 62
7
  6
Continuous
370
-3
390
13
347
21
1001
AcAecLayerStandard
1000

1000
Tanking, waterstops, groundwater table
  0
LAYER
  5
9D
330
1
100
AcDbSymbolTableRecord
100
AcDbLayerTableRecord
  2
S-LEVEL
 70
0
 62
7
  6
Continuous
370
-3
390
13
347
21
1001
AcAecLayerStandard
1000

1000
Level markers
  0
LAYER
  5
9E
330
1
100
AcDbSymbolTableRecord
100
AcDbLayerTableRecord
  2
S-TABLE
 70
0
 62
7
  6
Continuous
370
-3
390
13
347
21
1001
AcAecLayerStandard
1000

1000
Tables and schedules
  0
ENDTAB
  0
TABLE
  2
STYLE
  5
5
330
0
100
AcDbSymbolTable
 70
26
  0
STYLE
  5
29
330
5
100
AcDbSymbolTableRecord
100
AcDbTextStyleTableRecord
  2
Standard
 70
0
 40
0.0
 41
1.0
 50
0.0
 71
0
 42
2.5
  3
txt
  4

  0
STYLE
  5
41
330
5
100
AcDbSymbolTableRecord
100
AcDbTextStyleTableRecord
  2
OpenSans-Light
 70
0
 40
0.0
 41
1.0
 50
0.0
 71
0
 42
2.5
  3
OpenSans-Light.ttf
  4

  0
STYLE
  5
42
330
5
100
AcDbSymbolTableRecord
100
AcDbTextStyleTableRecord
  2
OpenSans-Light-Italic
 70
0
 40
0.0
 41
1.0
 50
0.0
 71
0
 42
2.5
  3
OpenSans-LightItalic.ttf
  4

  0
STYLE
  5
43
330
5
100
AcDbSymbolTableRecord
100
AcDbTextStyleTableRecord
  2
OpenSans
 70
0
 40
0.0
 41
1.0
 50
0.0
 71
0
 42
2.5
  3
OpenSans-Regular.ttf
  4

  0
STYLE
  5
44
330
5
100
AcDbSymbolTableRecord
100
AcDbTextStyleTableRecord
  2
OpenSans-Italic
 70
0
 40
0.0
 41
1.0
 50
0.0
 71
0
 42
2.5
  3
OpenSans-Italic.ttf
  4

  0
STYLE
  5
45
330
5
100
AcDbSymbolTableRecord
100
AcDbTextStyleTableRecord
  2
OpenSans-SemiBold
 70
0
 40
0.0
 41
1.0
 50
0.0
 71
0
 42
2.5
  3
OpenSans-SemiBold.ttf
  4

  0
STYLE
  5
46
330
5
100
AcDbSymbolTableRecord
100
AcDbTextStyleTableRecord
  2
OpenSans-SemiBoldItalic
 70
0
 40
0.0
 41
1.0
 50
0.0
 71
0
 42
2.5
  3
OpenSans-SemiBoldItalic.ttf
  4

  0
STYLE
  5
47
330
5
100
AcDbSymbolTableRecord
100
AcDbTextStyleTableRecord
  2
OpenSans-Bold
 70
0
 40
0.0
 41
1.0
 50
0.0
 71
0
 42
2.5
  3
OpenSans-Bold.ttf
  4

  0
STYLE
  5
48
330
5
100
AcDbSymbolTableRecord
100
AcDbTextStyleTableRecord
  2
OpenSans-BoldItalic
 70
0
 40
0.0
 41
1.0
 50
0.0
 71
0
 42
2.5
  3
OpenSans-BoldItalic.ttf
  4

  0
STYLE
  5
49
330
5
100
AcDbSymbolTableRecord
100
AcDbTextStyleTableRecord
  2
OpenSans-ExtraBold
 70
0
 40
0.0
 41
1.0
 50
0.0
 71
0
 42
2.5
  3
OpenSans-ExtraBold.ttf
  4

  0
STYLE
  5
4A
330
5
100
AcDbSymbolTableRecord
100
AcDbTextStyleTableRecord
  2
OpenSans-ExtraBoldItalic
 70
0
 40
0.0
 41
1.0
 50
0.0
 71
0
 42
2.5
  3
OpenSans-ExtraBoldItalic.ttf
  4

  0
STYLE
  5
4B
330
5
100
AcDbSymbolTableRecord
100
AcDbTextStyleTableRecord
  2
OpenSansCondensed-Bold
 70
0
 40
0.0
 41
1.0
 50
0.0
 71
0
 42
2.5
  3
OpenSansCondensed-Bold.ttf
  4

  0
STYLE
  5
4C
330
5
100
AcDbSymbolTableRecord
100
AcDbTextStyleTableRecord
  2
OpenSansCondensed-Light
 70
0
 40
0.0
 41
1.0
 50
0.0
 71
0
 42
2.5
  3
OpenSansCondensed-Light.ttf
  4

  0
STYLE
  5
4D
330
5
100
AcDbSymbolTableRecord
100
AcDbTextStyleTableRecord
  2
OpenSansCondensed-Italic
 70
0
 40
0.0
 41
1.0
 50
0.0
 71
0
 42
2.5
  3
OpenSansCondensed-LightItalic.ttf
  4

  0
STYLE
  5
4E
330
5
100
AcDbSymbolTableRecord
100
AcDbTextStyleTableRecord
  2
LiberationSans
 70
0
 40
0.0
 41
1.0
 50
0.0
 71
0
 42
2.5
  3
LiberationSans-Regular.ttf
  4

  0
STYLE
  5
4F
330
5
100
AcDbSymbolTableRecord
100
AcDbTextStyleTableRecord
  2
LiberationSans-Bold
 70
0
 40
0.0
 41
1.0
 50
0.0
 71
0
 42
2.5
  3
LiberationSans-Bold.ttf
  4

  0
STYLE
  5
50
330
5
100
AcDbSymbolTableRecord
100
AcDbTextStyleTableRecord
  2
LiberationSans-BoldItalic
 70
0
 40
0.0
 41
1.0
 50
0.0
 71
0
 42
2.5
  3
LiberationSans-BoldItalic.ttf
  4

  0
STYLE
  5
51
330
5
100
AcDbSymbolTableRecord
100
AcDbTextStyleTableRecord
  2
LiberationSans-Italic
 70
0
 40
0.0
 41
1.0
 50
0.0
 71
0
 42
2.5
  3
LiberationSans-Italic.ttf
  4

  0
STYLE
  5
52
330
5
100
AcDbSymbolTableRecord
100
AcDbTextStyleTableRecord
  2
LiberationSerif
 70
0
 40
0.0
 41
1.0
 50
0.0
 71
0
 42
2.5
  3
LiberationSerif-Regular.ttf
  4

  0
STYLE
  5
53
330
5
100
AcDbSymbolTableRecord
100
AcDbTextStyleTableRecord
  2
LiberationSerif-Bold
 70
0
 40
0.0
 41
1.0
 50
0.0
 71
0
 42
2.5
  3
LiberationSerif-Bold.ttf
  4

  0
STYLE
  5
54
330
5
100
AcDbSymbolTableRecord
100
AcDbTextStyleTableRecord
  2
LiberationSerif-BoldItalic
 70
0
 40
0.0
 41
1.0
 50
0.0
 71
0
 42
2.5
  3
LiberationSerif-BoldItalic.ttf
  4

  0
STYLE
  5
55
330
5
100
AcDbSymbolTableRecord
100
AcDbTextStyleTableRecord
  2
LiberationSerif-Italic
 70
0
 40
0.0
 41
1.0
 50
0.0
 71
0
 42
2.5
  3
LiberationSerif-Italic.ttf
  4

  0
STYLE
  5
56
330
5
100
AcDbSymbolTableRecord
100
AcDbTextStyleTableRecord
  2
LiberationMono
 70
0
 40
0.0
 41
1.0
 50
0.0
 71
0
 42
2.5
  3
LiberationMono-Regular.ttf
  4

  0
STYLE
  5
57
330
5
100
AcDbSymbolTableRecord
100
AcDbTextStyleTableRecord
  2
LiberationMono-Bold
 70
0
 40
0.0
 41
1.0
 50
0.0
 71
0
 42
2.5
  3
LiberationMono-Bold.ttf
  4

  0
STYLE
  5
58
330
5
100
AcDbSymbolTableRecord
100
AcDbTextStyleTableRecord
  2
LiberationMono-BoldItalic
 70
0
 40
0.0
 41
1.0
 50
0.0
 71
0
 42
2.5
  3
LiberationMono-BoldItalic.ttf
  4

  0
STYLE
  5
59
330
5
100
AcDbSymbolTableRecord
100
AcDbTextStyleTableRecord
  2
LiberationMono-Italic
 70
0
 40
0.0
 41
1.0
 50
0.0
 71
0
 42
2.5
  3
LiberationMono-Italic.ttf
  4

  0
ENDTAB
  0
TABLE
  2
VIEW
  5
7
330
0
100
AcDbSymbolTable
 70
0
  0
ENDTAB
  0
TABLE
  2
UCS
  5
6
330
0
100
AcDbSymbolTable
 70
0
  0
ENDTAB
  0
TABLE
  2
APPID
  5
3
330
0
100
AcDbSymbolTable
 70
4
  0
APPID
  5
2A
330
3
100
AcDbSymbolTableRecord
100
AcDbRegAppTableRecord
  2
ACAD
 70
0
  0
APPID
  5
8B
330
3
100
AcDbSymbolTableRecord
100
AcDbRegAppTableRecord
  2
AcAecLayerStandard
 70
0
  0
APPID
  5
5C7
330
3
100
AcDbSymbolTableRecord
100
AcDbRegAppTableRecord
  2
HATCHBACKGROUNDCOLOR
 70
0
  0
APPID
  5
5C8
330
3
100
AcDbSymbolTableRecord
100
AcDbRegAppTableRecord
  2
EZDXF
 70
0
  0
ENDTAB
  0
TABLE
  2
DIMSTYLE
  5
4
330
0
100
AcDbSymbolTable
 70
14
100
AcDbDimStyleTable
  0
DIMSTYLE
105
2B
330
4
100
AcDbSymbolTableRecord
100
AcDbDimStyleTableRecord
  2
Standard
 70
0
 40
1.0
 41
2.5
 42
0.625
 43
3.75
 44
1.25
 45
0.0
 46
0.0
 47
0.0
 48
0.0
 49
2.5
140
2.5
141
2.5
142
0.0
143
0.03937007874
144
1.0
145
0.0
146
1.0
147
0.625
148
0.0
 69
0
 70
0
 71
0
 72
0
 73
0
 74
0
 75
0
 76
0
 77
1
 78
8
 79
3
170
0
171
3
172
1
173
0
174
0
175
0
176
0
177
0
178
0
179
2
271
2
272
2
273
2
274
3
275
0
276
0
277
2
278
44
279
0
280
0
281
0
282
0
283
0
284
8
285
0
286
0
288
0
289
3
290
0
371
-2
372
-2
  0
DIMSTYLE
105
73
330
4
100
AcDbSymbolTableRecord
100
AcDbDimStyleTableRecord
  2
EZDXF
 70
0
 40
1.0
 41
0.175
 42
0.125
 43
3.75
 44
0.375
 45
0.0
 46
0.0
 47
0.0
 48
0.0
 49
2.5
140
0.25
141
2.5
142
0.0
143
0.03937007874
144
100.0
145
0.0
146
0.5
147
0.1
148
0.0
 69
0
 70
0
 71
0
 72
0
 73
0
 74
0
 75
0
 76
0
 77
1
 78
12
 79
3
170
0
171
3
172
1
173
0
174
0
175
0
176
0
177
0
178
0
179
2
271
2
272
2
273
2
274
3
275
0
276
0
277
2
278
46
279
2
280
0
281
0
282
0
283
0
284
8
285
0
286
0
288
1
289
3
290
0
340
4C
342
74
371
-2
372
-2
  0
DIMSTYLE
105
7C
330
4
100
AcDbSymbolTableRecord
100
AcDbDimStyleTableRecord
  2
EZ_M_100_H25_CM
 70
0
 40
1.0
 41
0.25
 42
0.125
 43
3.75
 44
0.375
 45
0.0
 46
0.0
 47
0.0
 48
0.0
 49
2.5
140
0.25
141
2.5
142
0.125
143
0.03937007874
144
100.0
145
0.0
146
0.5
147
0.1
148
0.0
 69
0
 70
0
 71
0
 72
0
 73
0
 74
0
 75
0
 76
0
 77
1
 78
12
 79
3
170
0
171
3
172
1
173
0
174
0
175
0
176
0
177
0
178
0
179
2
271
2
272
2
273
2
274
3
275
0
276
0
277
2
278
46
279
2
280
0
281
0
282
0
283
0
284
8
285
0
286
0
288
1
289
3
290
0
340
4C
371
-2
372
-2
  0
DIMSTYLE
105
7D
330
4
100
AcDbSymbolTableRecord
100
AcDbDimStyleTableRecord
  2
EZ_M_50_H25_CM
 70
0
 40
1.0
 41
0.125
 42
0.0625
 43
3.75
 44
0.1875
 45
0.0
 46
0.0
 47
0.0
 48
0.0
 49
2.5
140
0.125
141
2.5
142
0.0625
143
0.03937007874
144
100.0
145
0.0
146
0.5
147
0.05
148
0.0
 69
0
 70
0
 71
0
 72
0
 73
0
 74
0
 75
0
 76
0
 77
1
 78
12
 79
3
170
0
171
3
172
1
173
0
174
0
175
0
176
0
177
0
178
0
179
2
271
2
272
2
273
2
274
3
275
0
276
0
277
2
278
46
279
2
280
0
281
0
282
0
283
0
284
8
285
0
286
0
288
1
289
3
290
0
340
4C
371
-2
372
-2
  0
DIMSTYLE
105
7E
330
4
100
AcDbSymbolTableRecord
100
AcDbDimStyleTableRecord
  2
EZ_M_25_H25_CM
 70
0
 40
1.0
 41
0.0625
 42
0.03125
 43
3.75
 44
0.09375
 45
0.0
 46
0.0
 47
0.0
 48
0.0
 49
2.5
140
0.0625
141
2.5
142
0.03125
143
0.03937007874
144
100.0
145
0.0
146
0.5
147
0.025
148
0.0
 69
0
 70
0
 71
0
 72
0
 73
0
 74
0
 75
0
 76
0
 77
1
 78
12
 79
3
170
0
171
3
172
1
173
0
174
0
175
0
176
0
177
0
178
0
179
2
271
2
272
2
273
2
274
3
275
0
276
0
277
2
278
46
279
2
280
0
281
0
282
0
283
0
284
8
285
0
286
0
288
1
289
3
290
0
340
4C
371
-2
372
-2
  0
DIMSTYLE
105
7F
330
4
100
AcDbSymbolTableRecord
100
AcDbDimStyleTableRecord
  2
EZ_M_20_H25_CM
 70
0
 40
1.0
 41
0.05
 42
0.025
 43
3.75
 44
0.07500000000000001
 45
0.0
 46
0.0
 47
0.0
 48
0.0
 49
2.5
140
0.05
141
2.5
142
0.025
143
0.03937007874
144
100.0
145
0.0
146
0.5
147
0.020000000000000004
148
0.0
 69
0
 70
0
 71
0
 72
0
 73
0
 74
0
 75
0
 76
0
 77
1
 78
12
 79
3
170
0
171
3
172
1
173
0
174
0
175
0
176
0
177
0
178
0
179
2
271
2
272
2
273
2
274
3
275
0
276
0
277
2
278
46
279
2
280
0
281
0
282
0
283
0
284
8
285
0
286
0
288
1
289
3
290
0
340
4C
371
-2
372
-2
  0
DIMSTYLE
105
80
330
4
100
AcDbSymbolTableRecord
100
AcDbDimStyleTableRecord
  2
EZ_M_10_H25_CM
 70
0
 40
1.0
 41
0.025
 42
0.0125
 43
3.75
 44
0.037500000000000006
 45
0.0
 46
0.0
 47
0.0
 48
0.0
 49
2.5
140
0.025
141
2.5
142
0.0125
143
0.03937007874
144
100.0
145
0.0
146
0.5
147
0.010000000000000002
148
0.0
 69
0
 70
0
 71
0
 72
0
 73
0
 74
0
 75
0
 76
0
 77
1
 78
12
 79
3
170
0
171
3
172
1
173
0
174
0
175
0
176
0
177
0
178
0
179
2
271
2
272
2
273
2
274
3
275
0
276
0
277
2
278
46
279
2
280
0
281
0
282
0
283
0
284
8
285
0
286
0
288
1
289
3
290
0
340
4C
371
-2
372
-2
  0
DIMSTYLE
105
81
330
4
100
AcDbSymbolTableRecord
100
AcDbDimStyleTableRecord
  2
EZ_M_5_H25_CM
 70
0
 40
1.0
 41
0.0125
 42
0.00625
 43
3.75
 44
0.018750000000000003
 45
0.0
 46
0.0
 47
0.0
 48
0.0
 49
2.5
140
0.0125
141
2.5
142
0.00625
143
0.03937007874
144
100.0
145
0.0
146
0.5
147
0.005000000000000001
148
0.0
 69
0
 70
0
 71
0
 72
0
 73
0
 74
0
 75
0
 76
0
 77
1
 78
12
 79
3
170
0
171
3
172
1
173
0
174
0
175
0
176
0
177
0
178
0
179
2
271
2
272
2
273
2
274
3
275
0
276
0
277
2
278
46
279
2
280
0
281
0
282
0
283
0
284
8
285
0
286
0
288
1
289
3
290
0
340
4C
371
-2
372
-2
  0
DIMSTYLE
105
82
330
4
100
AcDbSymbolTableRecord
100
AcDbDimStyleTableRecord
  2
EZ_M_1_H25_CM
 70
0
 40
1.0
 41
0.0025
 42
0.00125
 43
3.75
 44
0.00375
 45
0.0
 46
0.0
 47
0.0
 48
0.0
 49
2.5
140
0.0025
141
2.5
142
0.00125
143
0.03937007874
144
100.0
145
0.0
146
0.5
147
0.001
148
0.0
 69
0
 70
0
 71
0
 72
0
 73
0
 74
0
 75
0
 76
0
 77
1
 78
12
 79
3
170
0
171
3
172
1
173
0
174
0
175
0
176
0
177
0
178
0
179
2
271
2
272
2
273
2
274
3
275
0
276
0
277
2
278
46
279
2
280
0
281
0
282
0
283
0
284
8
285
0
286
0
288
1
289
3
290
0
340
4C
371
-2
372
-2
  0
DIMSTYLE
105
83
330
4
100
AcDbSymbolTableRecord
100
AcDbDimStyleTableRecord
  2
EZ_RADIUS
 70
0
 40
1.0
 41
0.25
 42
0.125
 43
3.75
 44
0.375
 45
0.0
 46
0.0
 47
0.0
 48
0.0
 49
2.5
140
0.25
141
0.0
142
0.0
143
0.03937007874
144
100.0
145
0.0
146
0.5
147
0.1
148
0.0
 69
0
 70
0
 71
0
 72
0
 73
0
 74
0
 75
0
 76
0
 77
1
 78
12
 79
3
170
0
171
3
172
0
173
0
174
0
175
0
176
0
177
0
178
0
179
2
271
2
272
2
273
2
274
3
275
0
276
0
277
2
278
46
279
1
280
0
281
0
282
0
283
0
284
8
285
0
286
0
288
1
289
3
290
0
340
4C
342
84
371
-2
372
-2
  0
DIMSTYLE
105
88
330
4
100
AcDbSymbolTableRecord
100
AcDbDimStyleTableRecord
  2
EZ_RADIUS_INSIDE
 70
0
 40
1.0
 41
0.25
 42
0.125
 43
3.75
 44
0.375
 45
0.0
 46
0.0
 47
0.0
 48
0.0
 49
2.5
140
0.25
141
0.0
142
0.0
143
0.03937007874
144
100.0
145
0.0
146
0.5
147
0.1
148
0.0
 69
0
 70
0
 71
0
 72
0
 73
0
 74
0
 75
0
 76
0
 77
0
 78
12
 79
3
170
0
171
3
172
0
173
0
174
1
175
0
176
0
177
0
178
0
179
2
271
2
272
2
273
2
274
3
275
0
276
0
277
2
278
46
279
0
280
0
281
0
282
0
283
0
284
8
285
0
286
0
288
1
289
0
290
0
340
4C
342
84
371
-2
372
-2
  0
DIMSTYLE
105
89
330
4
100
AcDbSymbolTableRecord
100
AcDbDimStyleTableRecord
  2
EZ_CURVED
 70
0
 40
1.0
 41
0.25
 42
0.125
 43
3.75
 44
0.375
 45
0.0
 46
0.0
 47
0.0
 48
0.0
 49
2.5
140
0.25
141
2.5
142
0.0
143
0.03937007874
144
100.0
145
0.0
146
0.5
147
0.1
148
0.0
 69
0
 70
0
 71
0
 72
0
 73
0
 74
0
 75
0
 76
0
 77
1
 78
12
 79
2
 90
2
170
0
171
3
172
1
173
0
174
0
175
0
176
0
177
0
178
0
179
2
271
2
272
2
273
2
274
3
275
0
276
0
277
2
278
46
279
2
280
0
281
0
282
0
283
0
284
8
285
0
286
0
288
1
289
3
290
0
340
4C
371
-2
372
-2
  0
DIMSTYLE
105
9F
330
4
100
AcDbSymbolTableRecord
100
AcDbDimStyleTableRecord
  2
A2-DIM
 70
0
 40
1.0
 41
1.4
 42
1.0
 43
3.75
 44
1.1
 45
0.0
 46
0.0
 47
0.0
 48
0.0
 49
2.5
140
2.0
141
2.5
142
0.0
143
0.03937007874
144
1.0
145
0.0
146
1.0
147
0.7
148
0.0
 69
0
 70
0
 71
0
 72
0
 73
0
 74
0
 75
0
 76
0
 77
1
 78
8
 79
3
170
0
171
3
172
1
173
0
174
0
175
0
176
7
177
7
178
7
179
2
271
0
272
2
273
2
274
3
275
0
276
0
277
2
278
44
279
0
280
0
281
0
282
0
283
0
284
8
285
0
286
0
288
0
289
3
290
0
340
43
342
74
371
13
372
13
  0
DIMSTYLE
105
A0
330
4
100
AcDbSymbolTableRecord
100
AcDbDimStyleTableRecord
  2
A2-DIM-S
 70
0
 40
1.0
 41
1.1
 42
1.0
 43
3.75
 44
1.1
 45
0.0
 46
0.0
 47
0.0
 48
0.0
 49
2.5
140
1.8
141
2.5
142
0.0
143
0.03937007874
144
1.0
145
0.0
146
1.0
147
0.7
148
0.0
 69
0
 70
0
 71
0
 72
0
 73
0
 74
0
 75
0
 76
0
 77
1
 78
8
 79
3
170
0
171
3
172
1
173
0
174
0
175
0
176
7
177
7
178
7
179
2
271
0
272
2
273
2
274
3
275
0
276
0
277
2
278
44
279
0
280
0
281
0
282
0
283
0
284
8
285
0
286
0
288
0
289
3
290
0
340
43
342
74
371
13
372
13
  0
ENDTAB
  0
TABLE
  2
BLOCK_RECORD
  5
9
330
0
100
AcDbSymbolTable
 70
20
  0
BLOCK_RECORD
  5
17
330
9
100
AcDbSymbolTableRecord
100
AcDbBlockTableRecord
  2
*Model_Space
340
1A
 70
0
280
1
281
0
  0
BLOCK_RECORD
  5
1B
330
9
100
AcDbSymbolTableRecord
100
AcDbBlockTableRecord
  2
*Paper_Space
340
1E
 70
0
280
1
281
0
  0
BLOCK_RECORD
  5
74
330
9
100
AcDbSymbolTableRecord
100
AcDbBlockTableRecord
  2
_ARCHTICK
340
0
 70
0
280
1
281
0
  0
BLOCK_RECORD
  5
78
330
9
100
AcDbSymbolTableRecord
100
AcDbBlockTableRecord
  2
_CLOSEDFILLED
340
0
 70
0
280
1
281
0
  0
BLOCK_RECORD
  5
84
330
9
100
AcDbSymbolTableRecord
100
AcDbBlockTableRecord
  2
_CLOSEDBLANK
340
0
 70
0
280
1
281
0
  0
BLOCK_RECORD
  5
A1
330
9
100
AcDbSymbolTableRecord
100
AcDbBlockTableRecord
  2
A2-SECMARK
340
0
 70
0
280
1
281
0
  0
BLOCK_RECORD
  5
A5
330
9
100
AcDbSymbolTableRecord
100
AcDbBlockTableRecord
  2
A2-LEVEL
340
0
 70
0
280
1
281
0
  0
BLOCK_RECORD
  5
A9
330
9
100
AcDbSymbolTableRecord
100
AcDbBlockTableRecord
  2
A2-NORTH
340
0
 70
0
280
1
281
0
  0
BLOCK_RECORD
  5
1AC
330
9
100
AcDbSymbolTableRecord
100
AcDbBlockTableRecord
  2
*D1
340
0
 70
0
280
1
281
0
  0
BLOCK_RECORD
  5
1BB
330
9
100
AcDbSymbolTableRecord
100
AcDbBlockTableRecord
  2
*D2
340
0
 70
0
280
1
281
0
  0
BLOCK_RECORD
  5
1CA
330
9
100
AcDbSymbolTableRecord
100
AcDbBlockTableRecord
  2
*D3
340
0
 70
0
280
1
281
0
  0
BLOCK_RECORD
  5
223
330
9
100
AcDbSymbolTableRecord
100
AcDbBlockTableRecord
  2
*D4
340
0
 70
0
280
1
281
0
  0
BLOCK_RECORD
  5
232
330
9
100
AcDbSymbolTableRecord
100
AcDbBlockTableRecord
  2
*D5
340
0
 70
0
280
1
281
0
  0
BLOCK_RECORD
  5
295
330
9
100
AcDbSymbolTableRecord
100
AcDbBlockTableRecord
  2
*D6
340
0
 70
0
280
1
281
0
  0
BLOCK_RECORD
  5
2A4
330
9
100
AcDbSymbolTableRecord
100
AcDbBlockTableRecord
  2
*D7
340
0
 70
0
280
1
281
0
  0
BLOCK_RECORD
  5
2CC
330
9
100
AcDbSymbolTableRecord
100
AcDbBlockTableRecord
  2
*D8
340
0
 70
0
280
1
281
0
  0
BLOCK_RECORD
  5
2DB
330
9
100
AcDbSymbolTableRecord
100
AcDbBlockTableRecord
  2
*D9
340
0
 70
0
280
1
281
0
  0
BLOCK_RECORD
  5
2FD
330
9
100
AcDbSymbolTableRecord
100
AcDbBlockTableRecord
  2
*D10
340
0
 70
0
280
1
281
0
  0
BLOCK_RECORD
  5
327
330
9
100
AcDbSymbolTableRecord
100
AcDbBlockTableRecord
  2
*D11
340
0
 70
0
280
1
281
0
  0
BLOCK_RECORD
  5
34F
330
9
100
AcDbSymbolTableRecord
100
AcDbBlockTableRecord
  2
*D12
340
0
 70
0
280
1
281
0
  0
ENDTAB
  0
ENDSEC
  0
SECTION
  2
BLOCKS
  0
BLOCK
  5
18
330
17
100
AcDbEntity
  8
0
100
AcDbBlockBegin
  2
*Model_Space
 70
0
 10
0.0
 20
0.0
 30
0.0
  3
*Model_Space
  1

  0
ENDBLK
  5
19
330
17
100
AcDbEntity
  8
0
100
AcDbBlockEnd
  0
BLOCK
  5
1C
330
1B
100
AcDbEntity
  8
0
100
AcDbBlockBegin
  2
*Paper_Space
 70
0
 10
0.0
 20
0.0
 30
0.0
  3
*Paper_Space
  1

  0
ENDBLK
  5
1D
330
1B
100
AcDbEntity
  8
0
100
AcDbBlockEnd
  0
BLOCK
  5
75
330
74
100
AcDbEntity
  8
0
100
AcDbBlockBegin
  2
_ARCHTICK
 70
0
 10
0.0
 20
0.0
 30
0.0
  3
_ARCHTICK
  1

  0
LWPOLYLINE
  5
77
330
74
100
AcDbEntity
  8
0
  6
BYBLOCK
 62
0
100
AcDbPolyline
 90
2
 70
0
 43
0.15
 10
-0.5
 20
-0.5
 10
0.5
 20
0.5
  0
ENDBLK
  5
76
330
74
100
AcDbEntity
  8
0
100
AcDbBlockEnd
  0
BLOCK
  5
79
330
78
100
AcDbEntity
  8
0
100
AcDbBlockBegin
  2
_CLOSEDFILLED
 70
0
 10
0.0
 20
0.0
 30
0.0
  3
_CLOSEDFILLED
  1

  0
SOLID
  5
7B
330
78
100
AcDbEntity
  8
0
  6
BYBLOCK
 62
0
100
AcDbTrace
 10
-1.0
 20
0.16439898372402537
 30
0.0
 11
0.0
 21
0.0
 31
0.0
 12
-1.0
 22
-0.16439898372402537
 32
0.0
 13
-1.0
 23
-0.16439898372402537
 33
0.0
  0
ENDBLK
  5
7A
330
78
100
AcDbEntity
  8
0
100
AcDbBlockEnd
  0
BLOCK
  5
85
330
84
100
AcDbEntity
  8
0
100
AcDbBlockBegin
  2
_CLOSEDBLANK
 70
0
 10
0.0
 20
0.0
 30
0.0
  3
_CLOSEDBLANK
  1

  0
LWPOLYLINE
  5
87
330
84
100
AcDbEntity
  8
0
  6
BYBLOCK
 62
0
100
AcDbPolyline
 90
3
 70
1
 10
-1.0
 20
0.16439898372402537
 10
0.0
 20
0.0
 10
-1.0
 20
-0.16439898372402537
  0
ENDBLK
  5
86
330
84
100
AcDbEntity
  8
0
100
AcDbBlockEnd
  0
BLOCK
  5
A2
330
A1
100
AcDbEntity
  8
0
100
AcDbBlockBegin
  2
A2-SECMARK
 70
0
 10
0.0
 20
0.0
 30
0.0
  3
A2-SECMARK
  1

  0
CIRCLE
  5
A4
330
A1
100
AcDbEntity
  8
S-SECTION
100
AcDbCircle
 10
0.0
 20
0.0
 30
0.0
 40
3.6
  0
ENDBLK
  5
A3
330
A1
100
AcDbEntity
  8
0
100
AcDbBlockEnd
  0
BLOCK
  5
A6
330
A5
100
AcDbEntity
  8
0
100
AcDbBlockBegin
  2
A2-LEVEL
 70
0
 10
0.0
 20
0.0
 30
0.0
  3
A2-LEVEL
  1

  0
LWPOLYLINE
  5
A8
330
A5
100
AcDbEntity
  8
S-LEVEL
100
AcDbPolyline
 90
3
 70
1
 10
0.0
 20
0.0
 10
-1.9
 20
2.8
 10
1.9
 20
2.8
  0
ENDBLK
  5
A7
330
A5
100
AcDbEntity
  8
0
100
AcDbBlockEnd
  0
BLOCK
  5
AA
330
A9
100
AcDbEntity
  8
0
100
AcDbBlockBegin
  2
A2-NORTH
 70
0
 10
0.0
 20
0.0
 30
0.0
  3
A2-NORTH
  1

  0
CIRCLE
  5
AC
330
A9
100
AcDbEntity
  8
S-TITLE
100
AcDbCircle
 10
0.0
 20
0.0
 30
0.0
 40
7.0
  0
LWPOLYLINE
  5
AD
330
A9
100
AcDbEntity
  8
S-TITLE
100
AcDbPolyline
 90
4
 70
1
 10
0.0
 20
6.0
 10
-2.2
 20
-4.2
 10
0.0
 20
-1.8
 10
2.2
 20
-4.2
  0
ENDBLK
  5
AB
330
A9
100
AcDbEntity
  8
0
100
AcDbBlockEnd
  0
BLOCK
  5
1AD
330
1AC
100
AcDbEntity
  8
0
100
AcDbBlockBegin
  2
*D1
 70
1
 10
0.0
 20
0.0
 30
0.0
  3
*D1
  1

  0
LINE
  5
1AF
330
1AC
100
AcDbEntity
  8
0
 62
7
370
13
100
AcDbLine
 10
65.5
 20
283.0
 30
0.0
 11
65.5
 21
264.9
 31
0.0
  0
LINE
  5
1B0
330
1AC
100
AcDbEntity
  8
0
 62
7
370
13
100
AcDbLine
 10
138.5
 20
283.0
 30
0.0
 11
138.5
 21
264.9
 31
0.0
  0
INSERT
  5
1B1
330
1AC
100
AcDbEntity
  8
S-DIM
 62
7
100
AcDbBlockReference
  2
_ARCHTICK
 10
65.5
 20
266.0
 30
0.0
 41
1.4
 42
1.4
 50
180.0
  0
INSERT
  5
1B3
330
1AC
100
AcDbEntity
  8
S-DIM
 62
7
100
AcDbBlockReference
  2
_ARCHTICK
 10
138.5
 20
266.0
 30
0.0
 41
1.4
 42
1.4
  0
LINE
  5
1B5
330
1AC
100
AcDbEntity
  8
0
 62
7
370
13
100
AcDbLine
 10
65.5
 20
266.0
 30
0.0
 11
138.5
 21
266.0
 31
0.0
  0
MTEXT
  5
1B6
330
1AC
100
AcDbEntity
  8
S-DIM
 62
7
100
AcDbMText
 10
102.0
 20
267.7
 30
0.0
 40
2.0
 71
5
  1
3650
  7
OpenSans
  0
POINT
  5
1B7
330
1AC
100
AcDbEntity
  8
Defpoints
100
AcDbPoint
 10
65.5
 20
266.0
 30
0.0
  0
POINT
  5
1B8
330
1AC
100
AcDbEntity
  8
Defpoints
100
AcDbPoint
 10
65.5
 20
284.0
 30
0.0
  0
POINT
  5
1B9
330
1AC
100
AcDbEntity
  8
Defpoints
100
AcDbPoint
 10
138.5
 20
284.0
 30
0.0
  0
ENDBLK
  5
1AE
330
1AC
100
AcDbEntity
  8
0
100
AcDbBlockEnd
  0
BLOCK
  5
1BC
330
1BB
100
AcDbEntity
  8
0
100
AcDbBlockBegin
  2
*D2
 70
1
 10
0.0
 20
0.0
 30
0.0
  3
*D2
  1

  0
LINE
  5
1BE
330
1BB
100
AcDbEntity
  8
0
 62
7
370
13
100
AcDbLine
 10
143.0
 20
287.5
 30
0.0
 11
151.1
 21
287.5
 31
0.0
  0
LINE
  5
1BF
330
1BB
100
AcDbEntity
  8
0
 62
7
370
13
100
AcDbLine
 10
143.0
 20
380.5
 30
0.0
 11
151.1
 21
380.5
 31
0.0
  0
INSERT
  5
1C0
330
1BB
100
AcDbEntity
  8
S-DIM
 62
7
100
AcDbBlockReference
  2
_ARCHTICK
 10
150.0
 20
287.5
 30
0.0
 41
1.4
 42
1.4
 50
270.0
  0
INSERT
  5
1C2
330
1BB
100
AcDbEntity
  8
S-DIM
 62
7
100
AcDbBlockReference
  2
_ARCHTICK
 10
150.0
 20
380.5
 30
0.0
 41
1.4
 42
1.4
 50
90.0
  0
LINE
  5
1C4
330
1BB
100
AcDbEntity
  8
0
 62
7
370
13
100
AcDbLine
 10
150.0
 20
287.5
 30
0.0
 11
150.0
 21
380.5
 31
0.0
  0
MTEXT
  5
1C5
330
1BB
100
AcDbEntity
  8
S-DIM
 62
7
100
AcDbMText
 10
148.3
 20
334.0
 30
0.0
 40
2.0
 71
5
  1
4650
  7
OpenSans
 50
90.0
  0
POINT
  5
1C6
330
1BB
100
AcDbEntity
  8
Defpoints
100
AcDbPoint
 10
150.0
 20
287.5
 30
0.0
  0
POINT
  5
1C7
330
1BB
100
AcDbEntity
  8
Defpoints
100
AcDbPoint
 10
142.0
 20
287.5
 30
0.0
  0
POINT
  5
1C8
330
1BB
100
AcDbEntity
  8
Defpoints
100
AcDbPoint
 10
142.0
 20
380.5
 30
0.0
  0
ENDBLK
  5
1BD
330
1BB
100
AcDbEntity
  8
0
100
AcDbBlockEnd
  0
BLOCK
  5
1CB
330
1CA
100
AcDbEntity
  8
0
100
AcDbBlockBegin
  2
*D3
 70
1
 10
0.0
 20
0.0
 30
0.0
  3
*D3
  1

  0
LINE
  5
1CD
330
1CA
100
AcDbEntity
  8
0
 62
7
370
13
100
AcDbLine
 10
143.0
 20
284.0
 30
0.0
 11
161.1
 21
284.0
 31
0.0
  0
LINE
  5
1CE
330
1CA
100
AcDbEntity
  8
0
 62
7
370
13
100
AcDbLine
 10
143.0
 20
384.0
 30
0.0
 11
161.1
 21
384.0
 31
0.0
  0
INSERT
  5
1CF
330
1CA
100
AcDbEntity
  8
S-DIM
 62
7
100
AcDbBlockReference
  2
_ARCHTICK
 10
160.0
 20
284.0
 30
0.0
 41
1.4
 42
1.4
 50
270.0
  0
INSERT
  5
1D1
330
1CA
100
AcDbEntity
  8
S-DIM
 62
7
100
AcDbBlockReference
  2
_ARCHTICK
 10
160.0
 20
384.0
 30
0.0
 41
1.4
 42
1.4
 50
90.0
  0
LINE
  5
1D3
330
1CA
100
AcDbEntity
  8
0
 62
7
370
13
100
AcDbLine
 10
160.0
 20
284.0
 30
0.0
 11
160.0
 21
384.0
 31
0.0
  0
MTEXT
  5
1D4
330
1CA
100
AcDbEntity
  8
S-DIM
 62
7
100
AcDbMText
 10
158.3
 20
334.0
 30
0.0
 40
2.0
 71
5
  1
5000
  7
OpenSans
 50
90.0
  0
POINT
  5
1D5
330
1CA
100
AcDbEntity
  8
Defpoints
100
AcDbPoint
 10
160.0
 20
284.0
 30
0.0
  0
POINT
  5
1D6
330
1CA
100
AcDbEntity
  8
Defpoints
100
AcDbPoint
 10
142.0
 20
284.0
 30
0.0
  0
POINT
  5
1D7
330
1CA
100
AcDbEntity
  8
Defpoints
100
AcDbPoint
 10
142.0
 20
384.0
 30
0.0
  0
ENDBLK
  5
1CC
330
1CA
100
AcDbEntity
  8
0
100
AcDbBlockEnd
  0
BLOCK
  5
224
330
223
100
AcDbEntity
  8
0
100
AcDbBlockBegin
  2
*D4
 70
1
 10
0.0
 20
0.0
 30
0.0
  3
*D4
  1

  0
LINE
  5
226
330
223
100
AcDbEntity
  8
0
 62
7
370
13
100
AcDbLine
 10
56.75
 20
232.0
 30
0.0
 11
56.75
 21
209.9
 31
0.0
  0
LINE
  5
227
330
223
100
AcDbEntity
  8
0
 62
7
370
13
100
AcDbLine
 10
139.25
 20
232.0
 30
0.0
 11
139.25
 21
209.9
 31
0.0
  0
INSERT
  5
228
330
223
100
AcDbEntity
  8
S-DIM
 62
7
100
AcDbBlockReference
  2
_ARCHTICK
 10
56.75
 20
211.0
 30
0.0
 41
1.4
 42
1.4
 50
180.0
  0
INSERT
  5
22A
330
223
100
AcDbEntity
  8
S-DIM
 62
7
100
AcDbBlockReference
  2
_ARCHTICK
 10
139.25
 20
211.0
 30
0.0
 41
1.4
 42
1.4
  0
LINE
  5
22C
330
223
100
AcDbEntity
  8
0
 62
7
370
13
100
AcDbLine
 10
56.75
 20
211.0
 30
0.0
 11
139.25
 21
211.0
 31
0.0
  0
MTEXT
  5
22D
330
223
100
AcDbEntity
  8
S-DIM
 62
7
100
AcDbMText
 10
98.0
 20
212.7
 30
0.0
 40
2.0
 71
5
  1
3300
  7
OpenSans
  0
POINT
  5
22E
330
223
100
AcDbEntity
  8
Defpoints
100
AcDbPoint
 10
56.75
 20
211.0
 30
0.0
  0
POINT
  5
22F
330
223
100
AcDbEntity
  8
Defpoints
100
AcDbPoint
 10
56.75
 20
233.0
 30
0.0
  0
POINT
  5
230
330
223
100
AcDbEntity
  8
Defpoints
100
AcDbPoint
 10
139.25
 20
233.0
 30
0.0
  0
ENDBLK
  5
225
330
223
100
AcDbEntity
  8
0
100
AcDbBlockEnd
  0
BLOCK
  5
233
330
232
100
AcDbEntity
  8
0
100
AcDbBlockBegin
  2
*D5
 70
1
 10
0.0
 20
0.0
 30
0.0
  3
*D5
  1

  0
LINE
  5
235
330
232
100
AcDbEntity
  8
0
 62
7
370
13
100
AcDbLine
 10
48.0
 20
232.0
 30
0.0
 11
48.0
 21
202.9
 31
0.0
  0
LINE
  5
236
330
232
100
AcDbEntity
  8
0
 62
7
370
13
100
AcDbLine
 10
148.0
 20
232.0
 30
0.0
 11
148.0
 21
202.9
 31
0.0
  0
INSERT
  5
237
330
232
100
AcDbEntity
  8
S-DIM
 62
7
100
AcDbBlockReference
  2
_ARCHTICK
 10
48.0
 20
204.0
 30
0.0
 41
1.4
 42
1.4
 50
180.0
  0
INSERT
  5
239
330
232
100
AcDbEntity
  8
S-DIM
 62
7
100
AcDbBlockReference
  2
_ARCHTICK
 10
148.0
 20
204.0
 30
0.0
 41
1.4
 42
1.4
  0
LINE
  5
23B
330
232
100
AcDbEntity
  8
0
 62
7
370
13
100
AcDbLine
 10
48.0
 20
204.0
 30
0.0
 11
148.0
 21
204.0
 31
0.0
  0
MTEXT
  5
23C
330
232
100
AcDbEntity
  8
S-DIM
 62
7
100
AcDbMText
 10
98.0
 20
205.7
 30
0.0
 40
2.0
 71
5
  1
4000
  7
OpenSans
  0
POINT
  5
23D
330
232
100
AcDbEntity
  8
Defpoints
100
AcDbPoint
 10
48.0
 20
204.0
 30
0.0
  0
POINT
  5
23E
330
232
100
AcDbEntity
  8
Defpoints
100
AcDbPoint
 10
48.0
 20
233.0
 30
0.0
  0
POINT
  5
23F
330
232
100
AcDbEntity
  8
Defpoints
100
AcDbPoint
 10
148.0
 20
233.0
 30
0.0
  0
ENDBLK
  5
234
330
232
100
AcDbEntity
  8
0
100
AcDbBlockEnd
  0
BLOCK
  5
296
330
295
100
AcDbEntity
  8
0
100
AcDbBlockBegin
  2
*D6
 70
1
 10
0.0
 20
0.0
 30
0.0
  3
*D6
  1

  0
LINE
  5
298
330
295
100
AcDbEntity
  8
0
 62
7
370
13
100
AcDbLine
 10
56.75
 20
167.0
 30
0.0
 11
56.75
 21
144.9
 31
0.0
  0
LINE
  5
299
330
295
100
AcDbEntity
  8
0
 62
7
370
13
100
AcDbLine
 10
164.25
 20
167.0
 30
0.0
 11
164.25
 21
144.9
 31
0.0
  0
INSERT
  5
29A
330
295
100
AcDbEntity
  8
S-DIM
 62
7
100
AcDbBlockReference
  2
_ARCHTICK
 10
56.75
 20
146.0
 30
0.0
 41
1.4
 42
1.4
 50
180.0
  0
INSERT
  5
29C
330
295
100
AcDbEntity
  8
S-DIM
 62
7
100
AcDbBlockReference
  2
_ARCHTICK
 10
164.25
 20
146.0
 30
0.0
 41
1.4
 42
1.4
  0
LINE
  5
29E
330
295
100
AcDbEntity
  8
0
 62
7
370
13
100
AcDbLine
 10
56.75
 20
146.0
 30
0.0
 11
164.25
 21
146.0
 31
0.0
  0
MTEXT
  5
29F
330
295
100
AcDbEntity
  8
S-DIM
 62
7
100
AcDbMText
 10
110.5
 20
147.7
 30
0.0
 40
2.0
 71
5
  1
4300
  7
OpenSans
  0
POINT
  5
2A0
330
295
100
AcDbEntity
  8
Defpoints
100
AcDbPoint
 10
56.75
 20
146.0
 30
0.0
  0
POINT
  5
2A1
330
295
100
AcDbEntity
  8
Defpoints
100
AcDbPoint
 10
56.75
 20
168.0
 30
0.0
  0
POINT
  5
2A2
330
295
100
AcDbEntity
  8
Defpoints
100
AcDbPoint
 10
164.25
 20
168.0
 30
0.0
  0
ENDBLK
  5
297
330
295
100
AcDbEntity
  8
0
100
AcDbBlockEnd
  0
BLOCK
  5
2A5
330
2A4
100
AcDbEntity
  8
0
100
AcDbBlockBegin
  2
*D7
 70
1
 10
0.0
 20
0.0
 30
0.0
  3
*D7
  1

  0
LINE
  5
2A7
330
2A4
100
AcDbEntity
  8
0
 62
7
370
13
100
AcDbLine
 10
48.0
 20
167.0
 30
0.0
 11
48.0
 21
137.9
 31
0.0
  0
LINE
  5
2A8
330
2A4
100
AcDbEntity
  8
0
 62
7
370
13
100
AcDbLine
 10
173.0
 20
167.0
 30
0.0
 11
173.0
 21
137.9
 31
0.0
  0
INSERT
  5
2A9
330
2A4
100
AcDbEntity
  8
S-DIM
 62
7
100
AcDbBlockReference
  2
_ARCHTICK
 10
48.0
 20
139.0
 30
0.0
 41
1.4
 42
1.4
 50
180.0
  0
INSERT
  5
2AB
330
2A4
100
AcDbEntity
  8
S-DIM
 62
7
100
AcDbBlockReference
  2
_ARCHTICK
 10
173.0
 20
139.0
 30
0.0
 41
1.4
 42
1.4
  0
LINE
  5
2AD
330
2A4
100
AcDbEntity
  8
0
 62
7
370
13
100
AcDbLine
 10
48.0
 20
139.0
 30
0.0
 11
173.0
 21
139.0
 31
0.0
  0
MTEXT
  5
2AE
330
2A4
100
AcDbEntity
  8
S-DIM
 62
7
100
AcDbMText
 10
110.5
 20
140.7
 30
0.0
 40
2.0
 71
5
  1
5000
  7
OpenSans
  0
POINT
  5
2AF
330
2A4
100
AcDbEntity
  8
Defpoints
100
AcDbPoint
 10
48.0
 20
139.0
 30
0.0
  0
POINT
  5
2B0
330
2A4
100
AcDbEntity
  8
Defpoints
100
AcDbPoint
 10
48.0
 20
168.0
 30
0.0
  0
POINT
  5
2B1
330
2A4
100
AcDbEntity
  8
Defpoints
100
AcDbPoint
 10
173.0
 20
168.0
 30
0.0
  0
ENDBLK
  5
2A6
330
2A4
100
AcDbEntity
  8
0
100
AcDbBlockEnd
  0
BLOCK
  5
2CD
330
2CC
100
AcDbEntity
  8
0
100
AcDbBlockBegin
  2
*D8
 70
1
 10
0.0
 20
0.0
 30
0.0
  3
*D8
  1

  0
LINE
  5
2CF
330
2CC
100
AcDbEntity
  8
0
 62
7
370
13
100
AcDbLine
 10
46.0
 20
65.0
 30
0.0
 11
46.0
 21
60.4
 31
0.0
  0
LINE
  5
2D0
330
2CC
100
AcDbEntity
  8
0
 62
7
370
13
100
AcDbLine
 10
71.0
 20
65.0
 30
0.0
 11
71.0
 21
60.4
 31
0.0
  0
INSERT
  5
2D1
330
2CC
100
AcDbEntity
  8
S-DIM
 62
7
100
AcDbBlockReference
  2
_ARCHTICK
 10
46.0
 20
61.5
 30
0.0
 41
1.1
 42
1.1
 50
180.0
  0
INSERT
  5
2D3
330
2CC
100
AcDbEntity
  8
S-DIM
 62
7
100
AcDbBlockReference
  2
_ARCHTICK
 10
71.0
 20
61.5
 30
0.0
 41
1.1
 42
1.1
  0
LINE
  5
2D5
330
2CC
100
AcDbEntity
  8
0
 62
7
370
13
100
AcDbLine
 10
46.0
 20
61.5
 30
0.0
 11
71.0
 21
61.5
 31
0.0
  0
MTEXT
  5
2D6
330
2CC
100
AcDbEntity
  8
S-DIM
 62
7
100
AcDbMText
 10
58.5
 20
63.1
 30
0.0
 40
1.8
 71
5
  1
250
  7
OpenSans
  0
POINT
  5
2D7
330
2CC
100
AcDbEntity
  8
Defpoints
100
AcDbPoint
 10
46.0
 20
61.5
 30
0.0
  0
POINT
  5
2D8
330
2CC
100
AcDbEntity
  8
Defpoints
100
AcDbPoint
 10
46.0
 20
66.0
 30
0.0
  0
POINT
  5
2D9
330
2CC
100
AcDbEntity
  8
Defpoints
100
AcDbPoint
 10
71.0
 20
66.0
 30
0.0
  0
ENDBLK
  5
2CE
330
2CC
100
AcDbEntity
  8
0
100
AcDbBlockEnd
  0
BLOCK
  5
2DC
330
2DB
100
AcDbEntity
  8
0
100
AcDbBlockBegin
  2
*D9
 70
1
 10
0.0
 20
0.0
 30
0.0
  3
*D9
  1

  0
LINE
  5
2DE
330
2DB
100
AcDbEntity
  8
0
 62
7
370
13
100
AcDbLine
 10
72.0
 20
66.0
 30
0.0
 11
76.6
 21
66.0
 31
0.0
  0
LINE
  5
2DF
330
2DB
100
AcDbEntity
  8
0
 62
7
370
13
100
AcDbLine
 10
72.0
 20
111.0
 30
0.0
 11
76.6
 21
111.0
 31
0.0
  0
INSERT
  5
2E0
330
2DB
100
AcDbEntity
  8
S-DIM
 62
7
100
AcDbBlockReference
  2
_ARCHTICK
 10
75.5
 20
66.0
 30
0.0
 41
1.1
 42
1.1
 50
270.0
  0
INSERT
  5
2E2
330
2DB
100
AcDbEntity
  8
S-DIM
 62
7
100
AcDbBlockReference
  2
_ARCHTICK
 10
75.5
 20
111.0
 30
0.0
 41
1.1
 42
1.1
 50
90.0
  0
LINE
  5
2E4
330
2DB
100
AcDbEntity
  8
0
 62
7
370
13
100
AcDbLine
 10
75.5
 20
66.0
 30
0.0
 11
75.5
 21
111.0
 31
0.0
  0
MTEXT
  5
2E5
330
2DB
100
AcDbEntity
  8
S-DIM
 62
7
100
AcDbMText
 10
73.9
 20
88.5
 30
0.0
 40
1.8
 71
5
  1
450
  7
OpenSans
 50
90.0
  0
POINT
  5
2E6
330
2DB
100
AcDbEntity
  8
Defpoints
100
AcDbPoint
 10
75.5
 20
66.0
 30
0.0
  0
POINT
  5
2E7
330
2DB
100
AcDbEntity
  8
Defpoints
100
AcDbPoint
 10
71.0
 20
66.0
 30
0.0
  0
POINT
  5
2E8
330
2DB
100
AcDbEntity
  8
Defpoints
100
AcDbPoint
 10
71.0
 20
111.0
 30
0.0
  0
ENDBLK
  5
2DD
330
2DB
100
AcDbEntity
  8
0
100
AcDbBlockEnd
  0
BLOCK
  5
2FE
330
2FD
100
AcDbEntity
  8
0
100
AcDbBlockBegin
  2
*D10
 70
1
 10
0.0
 20
0.0
 30
0.0
  3
*D10
  1

  0
LINE
  5
300
330
2FD
100
AcDbEntity
  8
0
 62
7
370
13
100
AcDbLine
 10
82.0
 20
65.0
 30
0.0
 11
82.0
 21
60.4
 31
0.0
  0
LINE
  5
301
330
2FD
100
AcDbEntity
  8
0
 62
7
370
13
100
AcDbLine
 10
107.0
 20
65.0
 30
0.0
 11
107.0
 21
60.4
 31
0.0
  0
INSERT
  5
302
330
2FD
100
AcDbEntity
  8
S-DIM
 62
7
100
AcDbBlockReference
  2
_ARCHTICK
 10
82.0
 20
61.5
 30
0.0
 41
1.1
 42
1.1
 50
180.0
  0
INSERT
  5
304
330
2FD
100
AcDbEntity
  8
S-DIM
 62
7
100
AcDbBlockReference
  2
_ARCHTICK
 10
107.0
 20
61.5
 30
0.0
 41
1.1
 42
1.1
  0
LINE
  5
306
330
2FD
100
AcDbEntity
  8
0
 62
7
370
13
100
AcDbLine
 10
82.0
 20
61.5
 30
0.0
 11
107.0
 21
61.5
 31
0.0
  0
MTEXT
  5
307
330
2FD
100
AcDbEntity
  8
S-DIM
 62
7
100
AcDbMText
 10
94.5
 20
63.1
 30
0.0
 40
1.8
 71
5
  1
250
  7
OpenSans
  0
POINT
  5
308
330
2FD
100
AcDbEntity
  8
Defpoints
100
AcDbPoint
 10
82.0
 20
61.5
 30
0.0
  0
POINT
  5
309
330
2FD
100
AcDbEntity
  8
Defpoints
100
AcDbPoint
 10
82.0
 20
66.0
 30
0.0
  0
POINT
  5
30A
330
2FD
100
AcDbEntity
  8
Defpoints
100
AcDbPoint
 10
107.0
 20
66.0
 30
0.0
  0
ENDBLK
  5
2FF
330
2FD
100
AcDbEntity
  8
0
100
AcDbBlockEnd
  0
BLOCK
  5
328
330
327
100
AcDbEntity
  8
0
100
AcDbBlockBegin
  2
*D11
 70
1
 10
0.0
 20
0.0
 30
0.0
  3
*D11
  1

  0
LINE
  5
32A
330
327
100
AcDbEntity
  8
0
 62
7
370
13
100
AcDbLine
 10
114.0
 20
70.0
 30
0.0
 11
114.0
 21
65.4
 31
0.0
  0
LINE
  5
32B
330
327
100
AcDbEntity
  8
0
 62
7
370
13
100
AcDbLine
 10
149.0
 20
70.0
 30
0.0
 11
149.0
 21
65.4
 31
0.0
  0
INSERT
  5
32C
330
327
100
AcDbEntity
  8
S-DIM
 62
7
100
AcDbBlockReference
  2
_ARCHTICK
 10
114.0
 20
66.5
 30
0.0
 41
1.1
 42
1.1
 50
180.0
  0
INSERT
  5
32E
330
327
100
AcDbEntity
  8
S-DIM
 62
7
100
AcDbBlockReference
  2
_ARCHTICK
 10
149.0
 20
66.5
 30
0.0
 41
1.1
 42
1.1
  0
LINE
  5
330
330
327
100
AcDbEntity
  8
0
 62
7
370
13
100
AcDbLine
 10
114.0
 20
66.5
 30
0.0
 11
149.0
 21
66.5
 31
0.0
  0
MTEXT
  5
331
330
327
100
AcDbEntity
  8
S-DIM
 62
7
100
AcDbMText
 10
131.5
 20
68.1
 30
0.0
 40
1.8
 71
5
  1
350
  7
OpenSans
  0
POINT
  5
332
330
327
100
AcDbEntity
  8
Defpoints
100
AcDbPoint
 10
114.0
 20
66.5
 30
0.0
  0
POINT
  5
333
330
327
100
AcDbEntity
  8
Defpoints
100
AcDbPoint
 10
114.0
 20
71.0
 30
0.0
  0
POINT
  5
334
330
327
100
AcDbEntity
  8
Defpoints
100
AcDbPoint
 10
149.0
 20
71.0
 30
0.0
  0
ENDBLK
  5
329
330
327
100
AcDbEntity
  8
0
100
AcDbBlockEnd
  0
BLOCK
  5
350
330
34F
100
AcDbEntity
  8
0
100
AcDbBlockBegin
  2
*D12
 70
1
 10
0.0
 20
0.0
 30
0.0
  3
*D12
  1

  0
LINE
  5
352
330
34F
100
AcDbEntity
  8
0
 62
7
370
13
100
AcDbLine
 10
152.0
 20
70.0
 30
0.0
 11
152.0
 21
65.4
 31
0.0
  0
LINE
  5
353
330
34F
100
AcDbEntity
  8
0
 62
7
370
13
100
AcDbLine
 10
187.0
 20
70.0
 30
0.0
 11
187.0
 21
65.4
 31
0.0
  0
INSERT
  5
354
330
34F
100
AcDbEntity
  8
S-DIM
 62
7
100
AcDbBlockReference
  2
_ARCHTICK
 10
152.0
 20
66.5
 30
0.0
 41
1.1
 42
1.1
 50
180.0
  0
INSERT
  5
356
330
34F
100
AcDbEntity
  8
S-DIM
 62
7
100
AcDbBlockReference
  2
_ARCHTICK
 10
187.0
 20
66.5
 30
0.0
 41
1.1
 42
1.1
  0
LINE
  5
358
330
34F
100
AcDbEntity
  8
0
 62
7
370
13
100
AcDbLine
 10
152.0
 20
66.5
 30
0.0
 11
187.0
 21
66.5
 31
0.0
  0
MTEXT
  5
359
330
34F
100
AcDbEntity
  8
S-DIM
 62
7
100
AcDbMText
 10
169.5
 20
68.1
 30
0.0
 40
1.8
 71
5
  1
350
  7
OpenSans
  0
POINT
  5
35A
330
34F
100
AcDbEntity
  8
Defpoints
100
AcDbPoint
 10
152.0
 20
66.5
 30
0.0
  0
POINT
  5
35B
330
34F
100
AcDbEntity
  8
Defpoints
100
AcDbPoint
 10
152.0
 20
71.0
 30
0.0
  0
POINT
  5
35C
330
34F
100
AcDbEntity
  8
Defpoints
100
AcDbPoint
 10
187.0
 20
71.0
 30
0.0
  0
ENDBLK
  5
351
330
34F
100
AcDbEntity
  8
0
100
AcDbBlockEnd
  0
ENDSEC
  0
SECTION
  2
ENTITIES
  0
LWPOLYLINE
  5
AE
330
17
100
AcDbEntity
  8
S-TITLE
100
AcDbPolyline
 90
4
 70
1
 10
27.0
 20
19.1
 10
567.0
 20
19.1
 10
567.0
 20
400.9
 10
27.0
 20
400.9
  0
LWPOLYLINE
  5
AF
330
17
100
AcDbEntity
  8
S-TITLE
100
AcDbPolyline
 90
4
 70
1
 10
38.8
 20
30.9
 10
555.2
 20
30.9
 10
555.2
 20
389.1
 10
38.8
 20
389.1
  0
LINE
  5
B0
330
17
100
AcDbEntity
  8
S-TITLE
100
AcDbLine
 10
464.3
 20
30.9
 30
0.0
 11
464.3
 21
389.1
 31
0.0
  0
LWPOLYLINE
  5
B1
330
17
100
AcDbEntity
  8
S-TITLE
100
AcDbPolyline
 90
4
 70
1
 10
467.0
 20
314.5
 10
552.4
 20
314.5
 10
552.4
 20
386.4
 10
467.0
 20
386.4
  0
LINE
  5
B2
330
17
100
AcDbEntity
  8
S-TITLE
100
AcDbLine
 10
467.0
 20
332.7
 30
0.0
 11
552.4
 21
332.7
 31
0.0
  0
TEXT
  5
B3
330
17
100
AcDbEntity
  8
S-TITLE
100
AcDbText
 10
509.7
 20
368.34999999999997
 30
0.0
 40
2.9
  1
UNDERGROUND CBRN-HARDENED
  7
OpenSans
 72
1
 11
509.7
 21
368.34999999999997
 31
0.0
100
AcDbText
 73
2
  0
TEXT
  5
B4
330
17
100
AcDbEntity
  8
S-TITLE
100
AcDbText
 10
509.7
 20
363.95
 30
0.0
 40
2.9
  1
BLAST-RESISTANT PROTECTIVE
  7
OpenSans
 72
1
 11
509.7
 21
363.95
 31
0.0
100
AcDbText
 73
2
  0
TEXT
  5
B5
330
17
100
AcDbEntity
  8
S-TITLE
100
AcDbText
 10
509.7
 20
359.55
 30
0.0
 40
2.9
  1
STRUCTURE + SENTRY POST
  7
OpenSans
 72
1
 11
509.7
 21
359.55
 31
0.0
100
AcDbText
 73
2
  0
TEXT
  5
B6
330
17
100
AcDbEntity
  8
S-TITLE
100
AcDbText
 10
509.7
 20
355.15000000000003
 30
0.0
 40
2.9
  1
PUNE, MAHARASHTRA
  7
OpenSans
 72
1
 11
509.7
 21
355.15000000000003
 31
0.0
100
AcDbText
 73
2
  0
TEXT
  5
B7
330
17
100
AcDbEntity
  8
S-TITLE
100
AcDbText
 10
509.7
 20
350.75000000000006
 30
0.0
 40
2.9
  1
STRUCTURAL - PHASE 2 REV A + M1
  7
OpenSans
 72
1
 11
509.7
 21
350.75000000000006
 31
0.0
100
AcDbText
 73
2
  0
TEXT
  5
B8
330
17
100
AcDbEntity
  8
S-TITLE
100
AcDbText
 10
509.7
 20
323.6
 30
0.0
 40
3.3349999999999995
  1
NOTES
  7
OpenSans
 72
1
 11
509.7
 21
323.6
 31
0.0
100
AcDbText
 73
2
  0
LWPOLYLINE
  5
B9
330
17
100
AcDbEntity
  8
S-TITLE
100
AcDbPolyline
 90
4
 70
1
 10
467.0
 20
193.4
 10
552.4
 20
193.4
 10
552.4
 20
311.8
 10
467.0
 20
311.8
  0
TEXT
  5
BA
330
17
100
AcDbEntity
  8
S-NOTE
100
AcDbText
 10
475.0
 20
305.8
 30
0.0
 40
1.95
  1
1.
  7
OpenSans
 11
475.0
 21
305.8
 31
0.0
100
AcDbText
  0
TEXT
  5
BB
330
17
100
AcDbEntity
  8
S-NOTE
100
AcDbText
 10
486.0
 20
305.8
 30
0.0
 40
1.95
  1
ALL DIMENSIONS ARE IN MM. ALL LEVELS ARE
  7
OpenSans
 11
486.0
 21
305.8
 31
0.0
100
AcDbText
  0
TEXT
  5
BC
330
17
100
AcDbEntity
  8
S-NOTE
100
AcDbText
 10
486.0
 20
303.0115
 30
0.0
 40
1.95
  1
IN METRES RELATIVE TO FINISHED SITE GRADE
  7
OpenSans
 11
486.0
 21
303.0115
 31
0.0
100
AcDbText
  0
TEXT
  5
BD
330
17
100
AcDbEntity
  8
S-NOTE
100
AcDbText
 10
486.0
 20
300.223
 30
0.0
 40
1.95
  1
0.000, NEGATIVE DOWNWARDS.
  7
OpenSans
 11
486.0
 21
300.223
 31
0.0
100
AcDbText
  0
TEXT
  5
BE
330
17
100
AcDbEntity
  8
S-NOTE
100
AcDbText
 10
475.0
 20
297.4345
 30
0.0
 40
1.95
  1
2.
  7
OpenSans
 11
475.0
 21
297.4345
 31
0.0
100
AcDbText
  0
TEXT
  5
BF
330
17
100
AcDbEntity
  8
S-NOTE
100
AcDbText
 10
486.0
 20
297.4345
 30
0.0
 40
1.95
  1
WRITTEN DIM TO BE FOLLOWED ONLY. DRG
  7
OpenSans
 11
486.0
 21
297.4345
 31
0.0
100
AcDbText
  0
TEXT
  5
C0
330
17
100
AcDbEntity
  8
S-NOTE
100
AcDbText
 10
486.0
 20
294.646
 30
0.0
 40
1.95
  1
NOT TO BE SCALED.
  7
OpenSans
 11
486.0
 21
294.646
 31
0.0
100
AcDbText
  0
TEXT
  5
C1
330
17
100
AcDbEntity
  8
S-NOTE
100
AcDbText
 10
475.0
 20
291.8575
 30
0.0
 40
1.95
  1
3.
  7
OpenSans
 11
475.0
 21
291.8575
 31
0.0
100
AcDbText
  0
TEXT
  5
C2
330
17
100
AcDbEntity
  8
S-NOTE
100
AcDbText
 10
486.0
 20
291.8575
 30
0.0
 40
1.95
  1
THIS DRG IS TO BE READ IN CONJUNCTION
  7
OpenSans
 11
486.0
 21
291.8575
 31
0.0
100
AcDbText
  0
TEXT
  5
C3
330
17
100
AcDbEntity
  8
S-NOTE
100
AcDbText
 10
486.0
 20
289.069
 30
0.0
 40
1.95
  1
WITH ALL RELEVANT ARCH AND STR DRGS.
  7
OpenSans
 11
486.0
 21
289.069
 31
0.0
100
AcDbText
  0
TEXT
  5
C4
330
17
100
AcDbEntity
  8
S-NOTE
100
AcDbText
 10
475.0
 20
286.2805
 30
0.0
 40
1.95
  1
4.
  7
OpenSans
 11
475.0
 21
286.2805
 31
0.0
100
AcDbText
  0
TEXT
  5
C5
330
17
100
AcDbEntity
  8
S-NOTE
100
AcDbText
 10
486.0
 20
286.2805
 30
0.0
 40
1.95
  1
SENTRY POST CONCRETE M30.
  7
OpenSans
 11
486.0
 21
286.2805
 31
0.0
100
AcDbText
  0
TEXT
  5
C6
330
17
100
AcDbEntity
  8
S-NOTE
100
AcDbText
 10
486.0
 20
283.492
 30
0.0
 40
1.95
  1
REINFORCEMENT Fe500D TO IS 1786:2008.
  7
OpenSans
 11
486.0
 21
283.492
 31
0.0
100
AcDbText
  0
TEXT
  5
C7
330
17
100
AcDbEntity
  8
S-NOTE
100
AcDbText
 10
486.0
 20
280.7035
 30
0.0
 40
1.95
  1
COVER 40 TO COLUMNS, 30 TO BEAMS AND
  7
OpenSans
 11
486.0
 21
280.7035
 31
0.0
100
AcDbText
  0
TEXT
  5
C8
330
17
100
AcDbEntity
  8
S-NOTE
100
AcDbText
 10
486.0
 20
277.915
 30
0.0
 40
1.95
  1
SLABS, 50 TO FOOTINGS (IS 456 Cl. 26.4.2 /
  7
OpenSans
 11
486.0
 21
277.915
 31
0.0
100
AcDbText
  0
TEXT
  5
C9
330
17
100
AcDbEntity
  8
S-NOTE
100
AcDbText
 10
486.0
 20
275.1265
 30
0.0
 40
1.95
  1
TABLE 16).
  7
OpenSans
 11
486.0
 21
275.1265
 31
0.0
100
AcDbText
  0
TEXT
  5
CA
330
17
100
AcDbEntity
  8
S-NOTE
100
AcDbText
 10
475.0
 20
272.338
 30
0.0
 40
1.95
  1
5.
  7
OpenSans
 11
475.0
 21
272.338
 31
0.0
100
AcDbText
  0
TEXT
  5
CB
330
17
100
AcDbEntity
  8
S-NOTE
100
AcDbText
 10
486.0
 20
272.338
 30
0.0
 40
1.95
  1
THE SENTRY POST FRAME IS THE IS
  7
OpenSans
 11
486.0
 21
272.338
 31
0.0
100
AcDbText
  0
TEXT
  5
CC
330
17
100
AcDbEntity
  8
S-NOTE
100
AcDbText
 10
486.0
 20
269.5495
 30
0.0
 40
1.95
  1
13920:2016 ELEMENT OF THIS PROJECT. IT IS
  7
OpenSans
 11
486.0
 21
269.5495
 31
0.0
100
AcDbText
  0
TEXT
  5
CD
330
17
100
AcDbEntity
  8
S-NOTE
100
AcDbText
 10
486.0
 20
266.761
 30
0.0
 40
1.95
  1
A SPECIAL MOMENT-RESISTING FRAME, R =
  7
OpenSans
 11
486.0
 21
266.761
 31
0.0
100
AcDbText
  0
TEXT
  5
CE
330
17
100
AcDbEntity
  8
S-NOTE
100
AcDbText
 10
486.0
 20
263.9725
 30
0.0
 40
1.95
  1
3.0, Ah = 0.100, DESIGNED ON THE STAAD
  7
OpenSans
 11
486.0
 21
263.9725
 31
0.0
100
AcDbText
  0
TEXT
  5
CF
330
17
100
AcDbEntity
  8
S-NOTE
100
AcDbText
 10
486.0
 20
261.184
 30
0.0
 40
1.95
  1
BASE SHEAR Vb = 73.18 kN.
  7
OpenSans
 11
486.0
 21
261.184
 31
0.0
100
AcDbText
  0
TEXT
  5
D0
330
17
100
AcDbEntity
  8
S-NOTE
100
AcDbText
 10
475.0
 20
258.3955
 30
0.0
 40
1.95
  1
6.
  7
OpenSans
 11
475.0
 21
258.3955
 31
0.0
100
AcDbText
  0
TEXT
  5
D1
330
17
100
AcDbEntity
  8
S-NOTE
100
AcDbText
 10
486.0
 20
258.3955
 30
0.0
 40
1.95
  1
DUCTILE DETAILING GOVERNS EVERY BAR ON
  7
OpenSans
 11
486.0
 21
258.3955
 31
0.0
100
AcDbText
  0
TEXT
  5
D2
330
17
100
AcDbEntity
  8
S-NOTE
100
AcDbText
 10
486.0
 20
255.60700000000003
 30
0.0
 40
1.95
  1
THIS SHEET: Cl. 6.2.3 SETS THE BOTTOM
  7
OpenSans
 11
486.0
 21
255.60700000000003
 31
0.0
100
AcDbText
  0
TEXT
  5
D3
330
17
100
AcDbEntity
  8
S-NOTE
100
AcDbText
 10
486.0
 20
252.81850000000003
 30
0.0
 40
1.95
  1
STEEL, Cl. 6.3.3 / 6.3.4 SET THE HOOPS (tau_c
  7
OpenSans
 11
486.0
 21
252.81850000000003
 31
0.0
100
AcDbText
  0
TEXT
  5
D4
330
17
100
AcDbEntity
  8
S-NOTE
100
AcDbText
 10
486.0
 20
250.03000000000003
 30
0.0
 40
1.95
  1
TAKEN AS ZERO IN THE HINGE REGIONS), Cl.
  7
OpenSans
 11
486.0
 21
250.03000000000003
 31
0.0
100
AcDbText
  0
TEXT
  5
D5
330
17
100
AcDbEntity
  8
S-NOTE
100
AcDbText
 10
486.0
 20
247.24150000000003
 30
0.0
 40
1.95
  1
6.3.5.1 SETS 100 c/c OVER 2d = 810, AND Cl.
  7
OpenSans
 11
486.0
 21
247.24150000000003
 31
0.0
100
AcDbText
  0
TEXT
  5
D6
330
17
100
AcDbEntity
  8
S-NOTE
100
AcDbText
 10
486.0
 20
244.45300000000003
 30
0.0
 40
1.95
  1
8.1 / 8.2 SET THE COLUMN CONFINING STEEL.
  7
OpenSans
 11
486.0
 21
244.45300000000003
 31
0.0
100
AcDbText
  0
TEXT
  5
D7
330
17
100
AcDbEntity
  8
S-NOTE
100
AcDbText
 10
475.0
 20
241.66450000000003
 30
0.0
 40
1.95
  1
7.
  7
OpenSans
 11
475.0
 21
241.66450000000003
 31
0.0
100
AcDbText
  0
TEXT
  5
D8
330
17
100
AcDbEntity
  8
S-NOTE
100
AcDbText
 10
486.0
 20
241.66450000000003
 30
0.0
 40
1.95
  1
TOP STEEL IS DETAILED CONTINUOUS OVER
  7
OpenSans
 11
486.0
 21
241.66450000000003
 31
0.0
100
AcDbText
  0
TEXT
  5
D9
330
17
100
AcDbEntity
  8
S-NOTE
100
AcDbText
 10
486.0
 20
238.87600000000003
 30
0.0
 40
1.95
  1
THE FULL SPAN. THE MASTER GIVES 'TOP AT
  7
OpenSans
 11
486.0
 21
238.87600000000003
 31
0.0
100
AcDbText
  0
TEXT
  5
DA
330
17
100
AcDbEntity
  8
S-NOTE
100
AcDbText
 10
486.0
 20
236.08750000000003
 30
0.0
 40
1.95
  1
SUPPORTS' AND NO CURTAILMENT POINT - SEE
  7
OpenSans
 11
486.0
 21
236.08750000000003
 31
0.0
100
AcDbText
  0
TEXT
  5
DB
330
17
100
AcDbEntity
  8
S-NOTE
100
AcDbText
 10
486.0
 20
233.29900000000004
 30
0.0
 40
1.95
  1
THE DECLARED DETAILING DECISIONS PANEL.
  7
OpenSans
 11
486.0
 21
233.29900000000004
 31
0.0
100
AcDbText
  0
TEXT
  5
DC
330
17
100
AcDbEntity
  8
S-NOTE
100
AcDbText
 10
475.0
 20
230.51050000000004
 30
0.0
 40
1.95
  1
8.
  7
OpenSans
 11
475.0
 21
230.51050000000004
 31
0.0
100
AcDbText
  0
TEXT
  5
DD
330
17
100
AcDbEntity
  8
S-NOTE
100
AcDbText
 10
486.0
 20
230.51050000000004
 30
0.0
 40
1.95
  1
THIS SHEET DETAILS THE FIRST-FLOOR FRAME.
  7
OpenSans
 11
486.0
 21
230.51050000000004
 31
0.0
100
AcDbText
  0
TEXT
  5
DE
330
17
100
AcDbEntity
  8
S-NOTE
100
AcDbText
 10
486.0
 20
227.72200000000004
 30
0.0
 40
1.95
  1
THE ROOF FRAME IS NOT DETAILED HERE -
  7
OpenSans
 11
486.0
 21
227.72200000000004
 31
0.0
100
AcDbText
  0
TEXT
  5
DF
330
17
100
AcDbEntity
  8
S-NOTE
100
AcDbText
 10
486.0
 20
224.93350000000004
 30
0.0
 40
1.95
  1
SEE OPEN ITEM SR2-F1.
  7
OpenSans
 11
486.0
 21
224.93350000000004
 31
0.0
100
AcDbText
  0
TEXT
  5
E0
330
17
100
AcDbEntity
  8
S-NOTE
100
AcDbText
 10
475.0
 20
222.14500000000004
 30
0.0
 40
1.95
  1
9.
  7
OpenSans
 11
475.0
 21
222.14500000000004
 31
0.0
100
AcDbText
  0
TEXT
  5
E1
330
17
100
AcDbEntity
  8
S-NOTE
100
AcDbText
 10
486.0
 20
222.14500000000004
 30
0.0
 40
1.95
  1
THE SENTRY POST IS NOT DESIGNED FOR THE
  7
OpenSans
 11
486.0
 21
222.14500000000004
 31
0.0
100
AcDbText
  0
TEXT
  5
E2
330
17
100
AcDbEntity
  8
S-NOTE
100
AcDbText
 10
486.0
 20
219.35650000000004
 30
0.0
 40
1.95
  1
BLAST, AND THAT IS A RECORDED DECISION
  7
OpenSans
 11
486.0
 21
219.35650000000004
 31
0.0
100
AcDbText
  0
TEXT
  5
E3
330
17
100
AcDbEntity
  8
S-NOTE
100
AcDbText
 10
486.0
 20
216.56800000000004
 30
0.0
 40
1.95
  1
(MASTER B.8). REFLECTED FORCE ON THE 4.0
  7
OpenSans
 11
486.0
 21
216.56800000000004
 31
0.0
100
AcDbText
  0
TEXT
  5
E4
330
17
100
AcDbEntity
  8
S-NOTE
100
AcDbText
 10
486.0
 20
213.77950000000004
 30
0.0
 40
1.95
  1
x 6.7 m FACE IS 36 600 kN; HARDENING
  7
OpenSans
 11
486.0
 21
213.77950000000004
 31
0.0
100
AcDbText
  0
TEXT
  5
E5
330
17
100
AcDbEntity
  8
S-NOTE
100
AcDbText
 10
486.0
 20
210.99100000000004
 30
0.0
 40
1.95
  1
WOULD NEED ABOUT 700 mm OF RC ON ALL
  7
OpenSans
 11
486.0
 21
210.99100000000004
 31
0.0
100
AcDbText
  0
TEXT
  5
E6
330
17
100
AcDbEntity
  8
S-NOTE
100
AcDbText
 10
486.0
 20
208.20250000000004
 30
0.0
 40
1.95
  1
FOUR ABOVE-GROUND FACES.
  7
OpenSans
 11
486.0
 21
208.20250000000004
 31
0.0
100
AcDbText
  0
TEXT
  5
E7
330
17
100
AcDbEntity
  8
S-NOTE
100
AcDbText
 10
475.0
 20
205.41400000000004
 30
0.0
 40
1.95
  1
10.
  7
OpenSans
 11
475.0
 21
205.41400000000004
 31
0.0
100
AcDbText
  0
TEXT
  5
E8
330
17
100
AcDbEntity
  8
S-NOTE
100
AcDbText
 10
486.0
 20
205.41400000000004
 30
0.0
 40
1.95
  1
CONTRACTOR TO CHECK AND VERIFY THE DRG
  7
OpenSans
 11
486.0
 21
205.41400000000004
 31
0.0
100
AcDbText
  0
TEXT
  5
E9
330
17
100
AcDbEntity
  8
S-NOTE
100
AcDbText
 10
486.0
 20
202.62550000000005
 30
0.0
 40
1.95
  1
BEFORE EXECUTION.
  7
OpenSans
 11
486.0
 21
202.62550000000005
 31
0.0
100
AcDbText
  0
LWPOLYLINE
  5
EA
330
17
100
AcDbEntity
  8
S-TITLE
100
AcDbPolyline
 90
4
 70
1
 10
467.0
 20
130.3
 10
552.4
 20
130.3
 10
552.4
 20
190.6
 10
467.0
 20
190.6
  0
TEXT
  5
EB
330
17
100
AcDbEntity
  8
S-TITLE
100
AcDbText
 10
509.7
 20
176.8356103323358
 30
0.0
 40
6.3021578201291515
  1
STRUCTURAL
  7
OpenSans
 72
1
 11
509.7
 21
176.8356103323358
 31
0.0
100
AcDbText
 73
2
  0
TEXT
  5
EC
330
17
100
AcDbEntity
  8
S-TITLE
100
AcDbText
 10
509.7
 20
168.6428051661679
 30
0.0
 40
6.3021578201291515
  1
REINFORCEMENT
  7
OpenSans
 72
1
 11
509.7
 21
168.6428051661679
 31
0.0
100
AcDbText
 73
2
  0
TEXT
  5
ED
330
17
100
AcDbEntity
  8
S-TITLE
100
AcDbText
 10
509.7
 20
160.45000000000002
 30
0.0
 40
6.3021578201291515
  1
DETAILING OF
  7
OpenSans
 72
1
 11
509.7
 21
160.45000000000002
 31
0.0
100
AcDbText
 73
2
  0
TEXT
  5
EE
330
17
100
AcDbEntity
  8
S-TITLE
100
AcDbText
 10
509.7
 20
152.25719483383213
 30
0.0
 40
6.3021578201291515
  1
SENTRY POST -
  7
OpenSans
 72
1
 11
509.7
 21
152.25719483383213
 31
0.0
100
AcDbText
 73
2
  0
TEXT
  5
EF
330
17
100
AcDbEntity
  8
S-TITLE
100
AcDbText
 10
509.7
 20
144.06438966766424
 30
0.0
 40
6.3021578201291515
  1
BEAMS & COLUMN
  7
OpenSans
 72
1
 11
509.7
 21
144.06438966766424
 31
0.0
100
AcDbText
 73
2
  0
LWPOLYLINE
  5
F0
330
17
100
AcDbEntity
  8
S-TITLE
100
AcDbPolyline
 90
4
 70
1
 10
467.0
 20
33.6
 10
552.4
 20
33.6
 10
552.4
 20
128.2
 10
467.0
 20
128.2
  0
LINE
  5
F1
330
17
100
AcDbEntity
  8
S-TITLE
100
AcDbLine
 10
467.0
 20
40.9
 30
0.0
 11
552.4
 21
40.9
 31
0.0
  0
LINE
  5
F2
330
17
100
AcDbEntity
  8
S-TITLE
100
AcDbLine
 10
467.0
 20
54.6
 30
0.0
 11
552.4
 21
54.6
 31
0.0
  0
LINE
  5
F3
330
17
100
AcDbEntity
  8
S-TITLE
100
AcDbLine
 10
467.0
 20
61.8
 30
0.0
 11
552.4
 21
61.8
 31
0.0
  0
LINE
  5
F4
330
17
100
AcDbEntity
  8
S-TITLE
100
AcDbLine
 10
467.0
 20
69.1
 30
0.0
 11
552.4
 21
69.1
 31
0.0
  0
LINE
  5
F5
330
17
100
AcDbEntity
  8
S-TITLE
100
AcDbLine
 10
467.0
 20
76.4
 30
0.0
 11
552.4
 21
76.4
 31
0.0
  0
LINE
  5
F6
330
17
100
AcDbEntity
  8
S-TITLE
100
AcDbLine
 10
467.0
 20
83.6
 30
0.0
 11
552.4
 21
83.6
 31
0.0
  0
LINE
  5
F7
330
17
100
AcDbEntity
  8
S-TITLE
100
AcDbLine
 10
467.0
 20
96.9
 30
0.0
 11
552.4
 21
96.9
 31
0.0
  0
TEXT
  5
F8
330
17
100
AcDbEntity
  8
S-TITLE
100
AcDbText
 10
509.7
 20
116.827
 30
0.0
 40
6.58
  1
CBRN HARDENED
  7
OpenSans
 72
1
 11
509.7
 21
116.827
 31
0.0
100
AcDbText
 73
2
  0
TEXT
  5
F9
330
17
100
AcDbEntity
  8
S-TITLE
100
AcDbText
 10
509.7
 20
108.273
 30
0.0
 40
6.58
  1
UG OPS ROOM
  7
OpenSans
 72
1
 11
509.7
 21
108.273
 31
0.0
100
AcDbText
 73
2
  0
TEXT
  5
FA
330
17
100
AcDbEntity
  8
S-TITLE
100
AcDbText
 10
509.7
 20
90.25
 30
0.0
 40
7.0
  1
SHEET 08
  7
OpenSans
 72
1
 11
509.7
 21
90.25
 31
0.0
100
AcDbText
 73
2
  0
TEXT
  5
FB
330
17
100
AcDbEntity
  8
S-TITLE
100
AcDbText
 10
509.7
 20
47.75
 30
0.0
 40
7.0
  1
STR008
  7
OpenSans
 72
1
 11
509.7
 21
47.75
 31
0.0
100
AcDbText
 73
2
  0
TEXT
  5
FC
330
17
100
AcDbEntity
  8
S-TITLE
100
AcDbText
 10
471.0
 20
80.0
 30
0.0
 40
3.2
  1
Project number
  7
OpenSans
 11
471.0
 21
80.0
 31
0.0
100
AcDbText
 73
2
  0
TEXT
  5
FD
330
17
100
AcDbEntity
  8
S-TITLE
100
AcDbText
 10
548.4
 20
80.0
 30
0.0
 40
3.2
  1
01
  7
OpenSans
 72
2
 11
548.4
 21
80.0
 31
0.0
100
AcDbText
 73
2
  0
TEXT
  5
FE
330
17
100
AcDbEntity
  8
S-TITLE
100
AcDbText
 10
471.0
 20
72.75
 30
0.0
 40
3.2
  1
Date
  7
OpenSans
 11
471.0
 21
72.75
 31
0.0
100
AcDbText
 73
2
  0
TEXT
  5
FF
330
17
100
AcDbEntity
  8
S-TITLE
100
AcDbText
 10
548.4
 20
72.75
 30
0.0
 40
3.2
  1
16 SEP 2026
  7
OpenSans
 72
2
 11
548.4
 21
72.75
 31
0.0
100
AcDbText
 73
2
  0
TEXT
  5
100
330
17
100
AcDbEntity
  8
S-TITLE
100
AcDbText
 10
471.0
 20
65.44999999999999
 30
0.0
 40
3.2
  1
Drawn by
  7
OpenSans
 11
471.0
 21
65.44999999999999
 31
0.0
100
AcDbText
 73
2
  0
TEXT
  5
101
330
17
100
AcDbEntity
  8
S-TITLE
100
AcDbText
 10
548.4
 20
65.44999999999999
 30
0.0
 40
3.2
  1
SYN 01
  7
OpenSans
 72
2
 11
548.4
 21
65.44999999999999
 31
0.0
100
AcDbText
 73
2
  0
TEXT
  5
102
330
17
100
AcDbEntity
  8
S-TITLE
100
AcDbText
 10
471.0
 20
58.2
 30
0.0
 40
3.2
  1
Checked by
  7
OpenSans
 11
471.0
 21
58.2
 31
0.0
100
AcDbText
 73
2
  0
TEXT
  5
103
330
17
100
AcDbEntity
  8
S-TITLE
100
AcDbText
 10
548.4
 20
58.2
 30
0.0
 40
3.2
  1
DR IR CHAUDHARI
  7
OpenSans
 72
2
 11
548.4
 21
58.2
 31
0.0
100
AcDbText
 73
2
  0
TEXT
  5
104
330
17
100
AcDbEntity
  8
S-TITLE
100
AcDbText
 10
471.0
 20
37.25
 30
0.0
 40
3.2
  1
Scale
  7
OpenSans
 11
471.0
 21
37.25
 31
0.0
100
AcDbText
 73
2
  0
TEXT
  5
105
330
17
100
AcDbEntity
  8
S-TITLE
100
AcDbText
 10
548.4
 20
37.25
 30
0.0
 40
3.2
  1
As indicated
  7
OpenSans
 72
2
 11
548.4
 21
37.25
 31
0.0
100
AcDbText
 73
2
  0
TEXT
  5
106
330
17
100
AcDbEntity
  8
S-TITLE
100
AcDbText
 10
562.0
 20
33.6
 30
0.0
 40
2.9
  1
SR2   16.09.2026
 50
90.0
  7
OpenSans
 11
562.0
 21
33.6
 31
0.0
100
AcDbText
  0
LWPOLYLINE
  5
107
330
17
100
AcDbEntity
  8
S-CONCRETE-THIN
100
AcDbPolyline
 90
4
 70
1
 10
62.0
 20
284.0
 10
142.0
 20
284.0
 10
142.0
 20
384.0
 10
62.0
 20
384.0
  0
LWPOLYLINE
  5
108
330
17
100
AcDbEntity
  8
S-CONCRETE
100
AcDbPolyline
 90
4
 70
1
 10
69.0
 20
285.0
 10
135.0
 20
285.0
 10
135.0
 20
290.0
 10
69.0
 20
290.0
  0
LWPOLYLINE
  5
109
330
17
100
AcDbEntity
  8
S-CONCRETE
100
AcDbPolyline
 90
4
 70
1
 10
69.0
 20
378.0
 10
135.0
 20
378.0
 10
135.0
 20
383.0
 10
69.0
 20
383.0
  0
LWPOLYLINE
  5
10A
330
17
100
AcDbEntity
  8
S-CONCRETE
100
AcDbPolyline
 90
4
 70
1
 10
63.0
 20
291.0
 10
68.0
 20
291.0
 10
68.0
 20
377.0
 10
63.0
 20
377.0
  0
LWPOLYLINE
  5
10B
330
17
100
AcDbEntity
  8
S-CONCRETE
100
AcDbPolyline
 90
4
 70
1
 10
136.0
 20
291.0
 10
141.0
 20
291.0
 10
141.0
 20
377.0
 10
136.0
 20
377.0
  0
HATCH
  5
10C
330
17
100
AcDbEntity
  8
S-HATCH
 62
7
100
AcDbHatch
 10
0.0
 20
0.0
 30
0.0
210
0.0
220
0.0
230
1.0
  2
ANSI31
 70
0
 71
0
 91
1
 92
3
 72
0
 73
1
 93
4
 10
62.0
 20
284.0
 10
69.0
 20
284.0
 10
69.0
 20
291.0
 10
62.0
 20
291.0
 97
0
 75
1
 76
1
 52
0.0
 41
0.7
 77
0
 78
1
 53
45.0
 43
0.0
 44
0.0
 45
-1.5715448212
 46
1.5715448212
 79
0
 98
0
  0
LWPOLYLINE
  5
10D
330
17
100
AcDbEntity
  8
S-CONCRETE
100
AcDbPolyline
 90
4
 70
1
 10
62.0
 20
284.0
 10
69.0
 20
284.0
 10
69.0
 20
291.0
 10
62.0
 20
291.0
  0
HATCH
  5
10E
330
17
100
AcDbEntity
  8
S-HATCH
 62
7
100
AcDbHatch
 10
0.0
 20
0.0
 30
0.0
210
0.0
220
0.0
230
1.0
  2
ANSI31
 70
0
 71
0
 91
1
 92
3
 72
0
 73
1
 93
4
 10
135.0
 20
284.0
 10
142.0
 20
284.0
 10
142.0
 20
291.0
 10
135.0
 20
291.0
 97
0
 75
1
 76
1
 52
0.0
 41
0.7
 77
0
 78
1
 53
45.0
 43
0.0
 44
0.0
 45
-1.5715448212
 46
1.5715448212
 79
0
 98
0
  0
LWPOLYLINE
  5
10F
330
17
100
AcDbEntity
  8
S-CONCRETE
100
AcDbPolyline
 90
4
 70
1
 10
135.0
 20
284.0
 10
142.0
 20
284.0
 10
142.0
 20
291.0
 10
135.0
 20
291.0
  0
HATCH
  5
110
330
17
100
AcDbEntity
  8
S-HATCH
 62
7
100
AcDbHatch
 10
0.0
 20
0.0
 30
0.0
210
0.0
220
0.0
230
1.0
  2
ANSI31
 70
0
 71
0
 91
1
 92
3
 72
0
 73
1
 93
4
 10
62.0
 20
377.0
 10
69.0
 20
377.0
 10
69.0
 20
384.0
 10
62.0
 20
384.0
 97
0
 75
1
 76
1
 52
0.0
 41
0.7
 77
0
 78
1
 53
45.0
 43
0.0
 44
0.0
 45
-1.5715448212
 46
1.5715448212
 79
0
 98
0
  0
LWPOLYLINE
  5
111
330
17
100
AcDbEntity
  8
S-CONCRETE
100
AcDbPolyline
 90
4
 70
1
 10
62.0
 20
377.0
 10
69.0
 20
377.0
 10
69.0
 20
384.0
 10
62.0
 20
384.0
  0
HATCH
  5
112
330
17
100
AcDbEntity
  8
S-HATCH
 62
7
100
AcDbHatch
 10
0.0
 20
0.0
 30
0.0
210
0.0
220
0.0
230
1.0
  2
ANSI31
 70
0
 71
0
 91
1
 92
3
 72
0
 73
1
 93
4
 10
135.0
 20
377.0
 10
142.0
 20
377.0
 10
142.0
 20
384.0
 10
135.0
 20
384.0
 97
0
 75
1
 76
1
 52
0.0
 41
0.7
 77
0
 78
1
 53
45.0
 43
0.0
 44
0.0
 45
-1.5715448212
 46
1.5715448212
 79
0
 98
0
  0
LWPOLYLINE
  5
113
330
17
100
AcDbEntity
  8
S-CONCRETE
100
AcDbPolyline
 90
4
 70
1
 10
135.0
 20
377.0
 10
142.0
 20
377.0
 10
142.0
 20
384.0
 10
135.0
 20
384.0
  0
LINE
  5
114
330
17
100
AcDbEntity
  8
S-CENTER
100
AcDbLine
 10
65.5
 20
279.0
 30
0.0
 11
65.5
 21
283.0
 31
0.0
  0
LINE
  5
115
330
17
100
AcDbEntity
  8
S-CENTER
100
AcDbLine
 10
65.5
 20
284.2
 30
0.0
 11
65.5
 21
284.8
 31
0.0
  0
LINE
  5
116
330
17
100
AcDbEntity
  8
S-CENTER
100
AcDbLine
 10
65.5
 20
286.0
 30
0.0
 11
65.5
 21
290.0
 31
0.0
  0
LINE
  5
117
330
17
100
AcDbEntity
  8
S-CENTER
100
AcDbLine
 10
65.5
 20
291.2
 30
0.0
 11
65.5
 21
291.8
 31
0.0
  0
LINE
  5
118
330
17
100
AcDbEntity
  8
S-CENTER
100
AcDbLine
 10
65.5
 20
293.0
 30
0.0
 11
65.5
 21
297.0
 31
0.0
  0
LINE
  5
119
330
17
100
AcDbEntity
  8
S-CENTER
100
AcDbLine
 10
65.5
 20
298.2
 30
0.0
 11
65.5
 21
298.8
 31
0.0
  0
LINE
  5
11A
330
17
100
AcDbEntity
  8
S-CENTER
100
AcDbLine
 10
65.5
 20
300.0
 30
0.0
 11
65.5
 21
304.0
 31
0.0
  0
LINE
  5
11B
330
17
100
AcDbEntity
  8
S-CENTER
100
AcDbLine
 10
65.5
 20
305.2
 30
0.0
 11
65.5
 21
305.8
 31
0.0
  0
LINE
  5
11C
330
17
100
AcDbEntity
  8
S-CENTER
100
AcDbLine
 10
65.5
 20
307.0
 30
0.0
 11
65.5
 21
311.0
 31
0.0
  0
LINE
  5
11D
330
17
100
AcDbEntity
  8
S-CENTER
100
AcDbLine
 10
65.5
 20
312.2
 30
0.0
 11
65.5
 21
312.8
 31
0.0
  0
LINE
  5
11E
330
17
100
AcDbEntity
  8
S-CENTER
100
AcDbLine
 10
65.5
 20
314.0
 30
0.0
 11
65.5
 21
318.0
 31
0.0
  0
LINE
  5
11F
330
17
100
AcDbEntity
  8
S-CENTER
100
AcDbLine
 10
65.5
 20
319.2
 30
0.0
 11
65.5
 21
319.8
 31
0.0
  0
LINE
  5
120
330
17
100
AcDbEntity
  8
S-CENTER
100
AcDbLine
 10
65.5
 20
321.0
 30
0.0
 11
65.5
 21
325.0
 31
0.0
  0
LINE
  5
121
330
17
100
AcDbEntity
  8
S-CENTER
100
AcDbLine
 10
65.5
 20
326.20000000000005
 30
0.0
 11
65.5
 21
326.8
 31
0.0
  0
LINE
  5
122
330
17
100
AcDbEntity
  8
S-CENTER
100
AcDbLine
 10
65.5
 20
328.0
 30
0.0
 11
65.5
 21
332.0
 31
0.0
  0
LINE
  5
123
330
17
100
AcDbEntity
  8
S-CENTER
100
AcDbLine
 10
65.5
 20
333.20000000000005
 30
0.0
 11
65.5
 21
333.8
 31
0.0
  0
LINE
  5
124
330
17
100
AcDbEntity
  8
S-CENTER
100
AcDbLine
 10
65.5
 20
335.0
 30
0.0
 11
65.5
 21
339.0
 31
0.0
  0
LINE
  5
125
330
17
100
AcDbEntity
  8
S-CENTER
100
AcDbLine
 10
65.5
 20
340.20000000000005
 30
0.0
 11
65.5
 21
340.8
 31
0.0
  0
LINE
  5
126
330
17
100
AcDbEntity
  8
S-CENTER
100
AcDbLine
 10
65.5
 20
342.00000000000006
 30
0.0
 11
65.5
 21
346.0
 31
0.0
  0
LINE
  5
127
330
17
100
AcDbEntity
  8
S-CENTER
100
AcDbLine
 10
65.5
 20
347.20000000000005
 30
0.0
 11
65.5
 21
347.8
 31
0.0
  0
LINE
  5
128
330
17
100
AcDbEntity
  8
S-CENTER
100
AcDbLine
 10
65.5
 20
349.0
 30
0.0
 11
65.5
 21
353.0
 31
0.0
  0
LINE
  5
129
330
17
100
AcDbEntity
  8
S-CENTER
100
AcDbLine
 10
65.5
 20
354.20000000000005
 30
0.0
 11
65.5
 21
354.8
 31
0.0
  0
LINE
  5
12A
330
17
100
AcDbEntity
  8
S-CENTER
100
AcDbLine
 10
65.5
 20
356.0
 30
0.0
 11
65.5
 21
360.0
 31
0.0
  0
LINE
  5
12B
330
17
100
AcDbEntity
  8
S-CENTER
100
AcDbLine
 10
65.5
 20
361.20000000000005
 30
0.0
 11
65.5
 21
361.8
 31
0.0
  0
LINE
  5
12C
330
17
100
AcDbEntity
  8
S-CENTER
100
AcDbLine
 10
65.5
 20
363.0
 30
0.0
 11
65.5
 21
367.0
 31
0.0
  0
LINE
  5
12D
330
17
100
AcDbEntity
  8
S-CENTER
100
AcDbLine
 10
65.5
 20
368.20000000000005
 30
0.0
 11
65.5
 21
368.8
 31
0.0
  0
LINE
  5
12E
330
17
100
AcDbEntity
  8
S-CENTER
100
AcDbLine
 10
65.5
 20
370.0
 30
0.0
 11
65.5
 21
374.0
 31
0.0
  0
LINE
  5
12F
330
17
100
AcDbEntity
  8
S-CENTER
100
AcDbLine
 10
65.5
 20
375.20000000000005
 30
0.0
 11
65.5
 21
375.8
 31
0.0
  0
LINE
  5
130
330
17
100
AcDbEntity
  8
S-CENTER
100
AcDbLine
 10
65.5
 20
377.0
 30
0.0
 11
65.5
 21
381.0
 31
0.0
  0
LINE
  5
131
330
17
100
AcDbEntity
  8
S-CENTER
100
AcDbLine
 10
65.5
 20
382.20000000000005
 30
0.0
 11
65.5
 21
382.8
 31
0.0
  0
LINE
  5
132
330
17
100
AcDbEntity
  8
S-CENTER
100
AcDbLine
 10
138.5
 20
279.0
 30
0.0
 11
138.5
 21
283.0
 31
0.0
  0
LINE
  5
133
330
17
100
AcDbEntity
  8
S-CENTER
100
AcDbLine
 10
138.5
 20
284.2
 30
0.0
 11
138.5
 21
284.8
 31
0.0
  0
LINE
  5
134
330
17
100
AcDbEntity
  8
S-CENTER
100
AcDbLine
 10
138.5
 20
286.0
 30
0.0
 11
138.5
 21
290.0
 31
0.0
  0
LINE
  5
135
330
17
100
AcDbEntity
  8
S-CENTER
100
AcDbLine
 10
138.5
 20
291.2
 30
0.0
 11
138.5
 21
291.8
 31
0.0
  0
LINE
  5
136
330
17
100
AcDbEntity
  8
S-CENTER
100
AcDbLine
 10
138.5
 20
293.0
 30
0.0
 11
138.5
 21
297.0
 31
0.0
  0
LINE
  5
137
330
17
100
AcDbEntity
  8
S-CENTER
100
AcDbLine
 10
138.5
 20
298.2
 30
0.0
 11
138.5
 21
298.8
 31
0.0
  0
LINE
  5
138
330
17
100
AcDbEntity
  8
S-CENTER
100
AcDbLine
 10
138.5
 20
300.0
 30
0.0
 11
138.5
 21
304.0
 31
0.0
  0
LINE
  5
139
330
17
100
AcDbEntity
  8
S-CENTER
100
AcDbLine
 10
138.5
 20
305.2
 30
0.0
 11
138.5
 21
305.8
 31
0.0
  0
LINE
  5
13A
330
17
100
AcDbEntity
  8
S-CENTER
100
AcDbLine
 10
138.5
 20
307.0
 30
0.0
 11
138.5
 21
311.0
 31
0.0
  0
LINE
  5
13B
330
17
100
AcDbEntity
  8
S-CENTER
100
AcDbLine
 10
138.5
 20
312.2
 30
0.0
 11
138.5
 21
312.8
 31
0.0
  0
LINE
  5
13C
330
17
100
AcDbEntity
  8
S-CENTER
100
AcDbLine
 10
138.5
 20
314.0
 30
0.0
 11
138.5
 21
318.0
 31
0.0
  0
LINE
  5
13D
330
17
100
AcDbEntity
  8
S-CENTER
100
AcDbLine
 10
138.5
 20
319.2
 30
0.0
 11
138.5
 21
319.8
 31
0.0
  0
LINE
  5
13E
330
17
100
AcDbEntity
  8
S-CENTER
100
AcDbLine
 10
138.5
 20
321.0
 30
0.0
 11
138.5
 21
325.0
 31
0.0
  0
LINE
  5
13F
330
17
100
AcDbEntity
  8
S-CENTER
100
AcDbLine
 10
138.5
 20
326.20000000000005
 30
0.0
 11
138.5
 21
326.8
 31
0.0
  0
LINE
  5
140
330
17
100
AcDbEntity
  8
S-CENTER
100
AcDbLine
 10
138.5
 20
328.0
 30
0.0
 11
138.5
 21
332.0
 31
0.0
  0
LINE
  5
141
330
17
100
AcDbEntity
  8
S-CENTER
100
AcDbLine
 10
138.5
 20
333.20000000000005
 30
0.0
 11
138.5
 21
333.8
 31
0.0
  0
LINE
  5
142
330
17
100
AcDbEntity
  8
S-CENTER
100
AcDbLine
 10
138.5
 20
335.0
 30
0.0
 11
138.5
 21
339.0
 31
0.0
  0
LINE
  5
143
330
17
100
AcDbEntity
  8
S-CENTER
100
AcDbLine
 10
138.5
 20
340.20000000000005
 30
0.0
 11
138.5
 21
340.8
 31
0.0
  0
LINE
  5
144
330
17
100
AcDbEntity
  8
S-CENTER
100
AcDbLine
 10
138.5
 20
342.00000000000006
 30
0.0
 11
138.5
 21
346.0
 31
0.0
  0
LINE
  5
145
330
17
100
AcDbEntity
  8
S-CENTER
100
AcDbLine
 10
138.5
 20
347.20000000000005
 30
0.0
 11
138.5
 21
347.8
 31
0.0
  0
LINE
  5
146
330
17
100
AcDbEntity
  8
S-CENTER
100
AcDbLine
 10
138.5
 20
349.0
 30
0.0
 11
138.5
 21
353.0
 31
0.0
  0
LINE
  5
147
330
17
100
AcDbEntity
  8
S-CENTER
100
AcDbLine
 10
138.5
 20
354.20000000000005
 30
0.0
 11
138.5
 21
354.8
 31
0.0
  0
LINE
  5
148
330
17
100
AcDbEntity
  8
S-CENTER
100
AcDbLine
 10
138.5
 20
356.0
 30
0.0
 11
138.5
 21
360.0
 31
0.0
  0
LINE
  5
149
330
17
100
AcDbEntity
  8
S-CENTER
100
AcDbLine
 10
138.5
 20
361.20000000000005
 30
0.0
 11
138.5
 21
361.8
 31
0.0
  0
LINE
  5
14A
330
17
100
AcDbEntity
  8
S-CENTER
100
AcDbLine
 10
138.5
 20
363.0
 30
0.0
 11
138.5
 21
367.0
 31
0.0
  0
LINE
  5
14B
330
17
100
AcDbEntity
  8
S-CENTER
100
AcDbLine
 10
138.5
 20
368.20000000000005
 30
0.0
 11
138.5
 21
368.8
 31
0.0
  0
LINE
  5
14C
330
17
100
AcDbEntity
  8
S-CENTER
100
AcDbLine
 10
138.5
 20
370.0
 30
0.0
 11
138.5
 21
374.0
 31
0.0
  0
LINE
  5
14D
330
17
100
AcDbEntity
  8
S-CENTER
100
AcDbLine
 10
138.5
 20
375.20000000000005
 30
0.0
 11
138.5
 21
375.8
 31
0.0
  0
LINE
  5
14E
330
17
100
AcDbEntity
  8
S-CENTER
100
AcDbLine
 10
138.5
 20
377.0
 30
0.0
 11
138.5
 21
381.0
 31
0.0
  0
LINE
  5
14F
330
17
100
AcDbEntity
  8
S-CENTER
100
AcDbLine
 10
138.5
 20
382.20000000000005
 30
0.0
 11
138.5
 21
382.8
 31
0.0
  0
LINE
  5
150
330
17
100
AcDbEntity
  8
S-CENTER
100
AcDbLine
 10
57.0
 20
287.5
 30
0.0
 11
61.0
 21
287.5
 31
0.0
  0
LINE
  5
151
330
17
100
AcDbEntity
  8
S-CENTER
100
AcDbLine
 10
62.2
 20
287.5
 30
0.0
 11
62.8
 21
287.5
 31
0.0
  0
LINE
  5
152
330
17
100
AcDbEntity
  8
S-CENTER
100
AcDbLine
 10
64.0
 20
287.5
 30
0.0
 11
68.0
 21
287.5
 31
0.0
  0
LINE
  5
153
330
17
100
AcDbEntity
  8
S-CENTER
100
AcDbLine
 10
69.2
 20
287.5
 30
0.0
 11
69.8
 21
287.5
 31
0.0
  0
LINE
  5
154
330
17
100
AcDbEntity
  8
S-CENTER
100
AcDbLine
 10
71.0
 20
287.5
 30
0.0
 11
75.0
 21
287.5
 31
0.0
  0
LINE
  5
155
330
17
100
AcDbEntity
  8
S-CENTER
100
AcDbLine
 10
76.2
 20
287.5
 30
0.0
 11
76.8
 21
287.5
 31
0.0
  0
LINE
  5
156
330
17
100
AcDbEntity
  8
S-CENTER
100
AcDbLine
 10
78.0
 20
287.5
 30
0.0
 11
82.0
 21
287.5
 31
0.0
  0
LINE
  5
157
330
17
100
AcDbEntity
  8
S-CENTER
100
AcDbLine
 10
83.2
 20
287.5
 30
0.0
 11
83.8
 21
287.5
 31
0.0
  0
LINE
  5
158
330
17
100
AcDbEntity
  8
S-CENTER
100
AcDbLine
 10
85.0
 20
287.5
 30
0.0
 11
89.0
 21
287.5
 31
0.0
  0
LINE
  5
159
330
17
100
AcDbEntity
  8
S-CENTER
100
AcDbLine
 10
90.2
 20
287.5
 30
0.0
 11
90.80000000000001
 21
287.5
 31
0.0
  0
LINE
  5
15A
330
17
100
AcDbEntity
  8
S-CENTER
100
AcDbLine
 10
92.0
 20
287.5
 30
0.0
 11
96.0
 21
287.5
 31
0.0
  0
LINE
  5
15B
330
17
100
AcDbEntity
  8
S-CENTER
100
AcDbLine
 10
97.20000000000002
 20
287.5
 30
0.0
 11
97.80000000000001
 21
287.5
 31
0.0
  0
LINE
  5
15C
330
17
100
AcDbEntity
  8
S-CENTER
100
AcDbLine
 10
99.00000000000001
 20
287.5
 30
0.0
 11
103.00000000000001
 21
287.5
 31
0.0
  0
LINE
  5
15D
330
17
100
AcDbEntity
  8
S-CENTER
100
AcDbLine
 10
104.20000000000002
 20
287.5
 30
0.0
 11
104.80000000000001
 21
287.5
 31
0.0
  0
LINE
  5
15E
330
17
100
AcDbEntity
  8
S-CENTER
100
AcDbLine
 10
106.00000000000003
 20
287.5
 30
0.0
 11
110.00000000000003
 21
287.5
 31
0.0
  0
LINE
  5
15F
330
17
100
AcDbEntity
  8
S-CENTER
100
AcDbLine
 10
111.20000000000002
 20
287.5
 30
0.0
 11
111.80000000000003
 21
287.5
 31
0.0
  0
LINE
  5
160
330
17
100
AcDbEntity
  8
S-CENTER
100
AcDbLine
 10
113.00000000000003
 20
287.5
 30
0.0
 11
117.00000000000003
 21
287.5
 31
0.0
  0
LINE
  5
161
330
17
100
AcDbEntity
  8
S-CENTER
100
AcDbLine
 10
118.20000000000003
 20
287.5
 30
0.0
 11
118.80000000000004
 21
287.5
 31
0.0
  0
LINE
  5
162
330
17
100
AcDbEntity
  8
S-CENTER
100
AcDbLine
 10
120.00000000000003
 20
287.5
 30
0.0
 11
124.00000000000003
 21
287.5
 31
0.0
  0
LINE
  5
163
330
17
100
AcDbEntity
  8
S-CENTER
100
AcDbLine
 10
125.20000000000003
 20
287.5
 30
0.0
 11
125.80000000000003
 21
287.5
 31
0.0
  0
LINE
  5
164
330
17
100
AcDbEntity
  8
S-CENTER
100
AcDbLine
 10
127.00000000000003
 20
287.5
 30
0.0
 11
131.00000000000003
 21
287.5
 31
0.0
  0
LINE
  5
165
330
17
100
AcDbEntity
  8
S-CENTER
100
AcDbLine
 10
132.20000000000005
 20
287.5
 30
0.0
 11
132.8
 21
287.5
 31
0.0
  0
LINE
  5
166
330
17
100
AcDbEntity
  8
S-CENTER
100
AcDbLine
 10
134.00000000000003
 20
287.5
 30
0.0
 11
138.00000000000003
 21
287.5
 31
0.0
  0
LINE
  5
167
330
17
100
AcDbEntity
  8
S-CENTER
100
AcDbLine
 10
139.20000000000005
 20
287.5
 30
0.0
 11
139.8
 21
287.5
 31
0.0
  0
LINE
  5
168
330
17
100
AcDbEntity
  8
S-CENTER
100
AcDbLine
 10
141.00000000000003
 20
287.5
 30
0.0
 11
142.0
 21
287.5
 31
0.0
  0
LINE
  5
169
330
17
100
AcDbEntity
  8
S-CENTER
100
AcDbLine
 10
57.0
 20
380.5
 30
0.0
 11
61.0
 21
380.5
 31
0.0
  0
LINE
  5
16A
330
17
100
AcDbEntity
  8
S-CENTER
100
AcDbLine
 10
62.2
 20
380.5
 30
0.0
 11
62.8
 21
380.5
 31
0.0
  0
LINE
  5
16B
330
17
100
AcDbEntity
  8
S-CENTER
100
AcDbLine
 10
64.0
 20
380.5
 30
0.0
 11
68.0
 21
380.5
 31
0.0
  0
LINE
  5
16C
330
17
100
AcDbEntity
  8
S-CENTER
100
AcDbLine
 10
69.2
 20
380.5
 30
0.0
 11
69.8
 21
380.5
 31
0.0
  0
LINE
  5
16D
330
17
100
AcDbEntity
  8
S-CENTER
100
AcDbLine
 10
71.0
 20
380.5
 30
0.0
 11
75.0
 21
380.5
 31
0.0
  0
LINE
  5
16E
330
17
100
AcDbEntity
  8
S-CENTER
100
AcDbLine
 10
76.2
 20
380.5
 30
0.0
 11
76.8
 21
380.5
 31
0.0
  0
LINE
  5
16F
330
17
100
AcDbEntity
  8
S-CENTER
100
AcDbLine
 10
78.0
 20
380.5
 30
0.0
 11
82.0
 21
380.5
 31
0.0
  0
LINE
  5
170
330
17
100
AcDbEntity
  8
S-CENTER
100
AcDbLine
 10
83.2
 20
380.5
 30
0.0
 11
83.8
 21
380.5
 31
0.0
  0
LINE
  5
171
330
17
100
AcDbEntity
  8
S-CENTER
100
AcDbLine
 10
85.0
 20
380.5
 30
0.0
 11
89.0
 21
380.5
 31
0.0
  0
LINE
  5
172
330
17
100
AcDbEntity
  8
S-CENTER
100
AcDbLine
 10
90.2
 20
380.5
 30
0.0
 11
90.80000000000001
 21
380.5
 31
0.0
  0
LINE
  5
173
330
17
100
AcDbEntity
  8
S-CENTER
100
AcDbLine
 10
92.0
 20
380.5
 30
0.0
 11
96.0
 21
380.5
 31
0.0
  0
LINE
  5
174
330
17
100
AcDbEntity
  8
S-CENTER
100
AcDbLine
 10
97.20000000000002
 20
380.5
 30
0.0
 11
97.80000000000001
 21
380.5
 31
0.0
  0
LINE
  5
175
330
17
100
AcDbEntity
  8
S-CENTER
100
AcDbLine
 10
99.00000000000001
 20
380.5
 30
0.0
 11
103.00000000000001
 21
380.5
 31
0.0
  0
LINE
  5
176
330
17
100
AcDbEntity
  8
S-CENTER
100
AcDbLine
 10
104.20000000000002
 20
380.5
 30
0.0
 11
104.80000000000001
 21
380.5
 31
0.0
  0
LINE
  5
177
330
17
100
AcDbEntity
  8
S-CENTER
100
AcDbLine
 10
106.00000000000003
 20
380.5
 30
0.0
 11
110.00000000000003
 21
380.5
 31
0.0
  0
LINE
  5
178
330
17
100
AcDbEntity
  8
S-CENTER
100
AcDbLine
 10
111.20000000000002
 20
380.5
 30
0.0
 11
111.80000000000003
 21
380.5
 31
0.0
  0
LINE
  5
179
330
17
100
AcDbEntity
  8
S-CENTER
100
AcDbLine
 10
113.00000000000003
 20
380.5
 30
0.0
 11
117.00000000000003
 21
380.5
 31
0.0
  0
LINE
  5
17A
330
17
100
AcDbEntity
  8
S-CENTER
100
AcDbLine
 10
118.20000000000003
 20
380.5
 30
0.0
 11
118.80000000000004
 21
380.5
 31
0.0
  0
LINE
  5
17B
330
17
100
AcDbEntity
  8
S-CENTER
100
AcDbLine
 10
120.00000000000003
 20
380.5
 30
0.0
 11
124.00000000000003
 21
380.5
 31
0.0
  0
LINE
  5
17C
330
17
100
AcDbEntity
  8
S-CENTER
100
AcDbLine
 10
125.20000000000003
 20
380.5
 30
0.0
 11
125.80000000000003
 21
380.5
 31
0.0
  0
LINE
  5
17D
330
17
100
AcDbEntity
  8
S-CENTER
100
AcDbLine
 10
127.00000000000003
 20
380.5
 30
0.0
 11
131.00000000000003
 21
380.5
 31
0.0
  0
LINE
  5
17E
330
17
100
AcDbEntity
  8
S-CENTER
100
AcDbLine
 10
132.20000000000005
 20
380.5
 30
0.0
 11
132.8
 21
380.5
 31
0.0
  0
LINE
  5
17F
330
17
100
AcDbEntity
  8
S-CENTER
100
AcDbLine
 10
134.00000000000003
 20
380.5
 30
0.0
 11
138.00000000000003
 21
380.5
 31
0.0
  0
LINE
  5
180
330
17
100
AcDbEntity
  8
S-CENTER
100
AcDbLine
 10
139.20000000000005
 20
380.5
 30
0.0
 11
139.8
 21
380.5
 31
0.0
  0
LINE
  5
181
330
17
100
AcDbEntity
  8
S-CENTER
100
AcDbLine
 10
141.00000000000003
 20
380.5
 30
0.0
 11
142.0
 21
380.5
 31
0.0
  0
LWPOLYLINE
  5
182
330
17
100
AcDbEntity
  8
S-REBAR-MAIN
100
AcDbPolyline
 90
2
 70
0
 10
63.0
 20
285.92
 10
141.0
 20
285.92
  0
LWPOLYLINE
  5
183
330
17
100
AcDbEntity
  8
S-REBAR-MAIN
100
AcDbPolyline
 90
2
 70
0
 10
63.0
 20
289.08
 10
141.0
 20
289.08
  0
LWPOLYLINE
  5
184
330
17
100
AcDbEntity
  8
S-REBAR-MAIN
100
AcDbPolyline
 90
2
 70
0
 10
63.0
 20
378.92
 10
141.0
 20
378.92
  0
LWPOLYLINE
  5
185
330
17
100
AcDbEntity
  8
S-REBAR-MAIN
100
AcDbPolyline
 90
2
 70
0
 10
63.0
 20
382.08
 10
141.0
 20
382.08
  0
LWPOLYLINE
  5
186
330
17
100
AcDbEntity
  8
S-REBAR-MAIN
100
AcDbPolyline
 90
2
 70
0
 10
63.92
 20
285.0
 10
63.92
 20
383.0
  0
LWPOLYLINE
  5
187
330
17
100
AcDbEntity
  8
S-REBAR-MAIN
100
AcDbPolyline
 90
2
 70
0
 10
67.08
 20
285.0
 10
67.08
 20
383.0
  0
LWPOLYLINE
  5
188
330
17
100
AcDbEntity
  8
S-REBAR-MAIN
100
AcDbPolyline
 90
2
 70
0
 10
136.92000000000002
 20
285.0
 10
136.92000000000002
 20
383.0
  0
LWPOLYLINE
  5
189
330
17
100
AcDbEntity
  8
S-REBAR-MAIN
100
AcDbPolyline
 90
2
 70
0
 10
140.07999999999998
 20
285.0
 10
140.07999999999998
 20
383.0
  0
ELLIPSE
  5
18A
330
17
100
AcDbEntity
  8
S-CALLOUT
100
AcDbEllipse
 10
83.0
 20
307.0
 30
0.0
 11
4.3
 21
0.0
 31
0.0
 40
0.5813953488372093
 41
0.0
 42
6.283185307179586
  0
TEXT
  5
18B
330
17
100
AcDbEntity
  8
S-CALLOUT
100
AcDbText
 10
83.0
 20
307.0
 30
0.0
 40
2.0
  1
SB01
  7
OpenSans
 72
1
 11
83.0
 21
307.0
 31
0.0
100
AcDbText
 73
2
  0
LINE
  5
18C
330
17
100
AcDbEntity
  8
S-CALLOUT
100
AcDbLine
 10
83.0
 20
289.08
 30
0.0
 11
87.3
 21
307.0
 31
0.0
  0
ELLIPSE
  5
18D
330
17
100
AcDbEntity
  8
S-CALLOUT
100
AcDbEllipse
 10
83.0
 20
361.0
 30
0.0
 11
4.3
 21
0.0
 31
0.0
 40
0.5813953488372093
 41
0.0
 42
6.283185307179586
  0
TEXT
  5
18E
330
17
100
AcDbEntity
  8
S-CALLOUT
100
AcDbText
 10
83.0
 20
361.0
 30
0.0
 40
2.0
  1
SB01
  7
OpenSans
 72
1
 11
83.0
 21
361.0
 31
0.0
100
AcDbText
 73
2
  0
LINE
  5
18F
330
17
100
AcDbEntity
  8
S-CALLOUT
100
AcDbLine
 10
83.0
 20
378.92
 30
0.0
 11
87.3
 21
361.0
 31
0.0
  0
ELLIPSE
  5
190
330
17
100
AcDbEntity
  8
S-CALLOUT
100
AcDbEllipse
 10
85.0
 20
334.0
 30
0.0
 11
4.3
 21
0.0
 31
0.0
 40
0.5813953488372093
 41
0.0
 42
6.283185307179586
  0
TEXT
  5
191
330
17
100
AcDbEntity
  8
S-CALLOUT
100
AcDbText
 10
85.0
 20
334.0
 30
0.0
 40
2.0
  1
SB05
  7
OpenSans
 72
1
 11
85.0
 21
334.0
 31
0.0
100
AcDbText
 73
2
  0
LINE
  5
192
330
17
100
AcDbEntity
  8
S-CALLOUT
100
AcDbLine
 10
67.08
 20
334.0
 30
0.0
 11
80.7
 21
334.0
 31
0.0
  0
ELLIPSE
  5
193
330
17
100
AcDbEntity
  8
S-CALLOUT
100
AcDbEllipse
 10
119.0
 20
334.0
 30
0.0
 11
4.3
 21
0.0
 31
0.0
 40
0.5813953488372093
 41
0.0
 42
6.283185307179586
  0
TEXT
  5
194
330
17
100
AcDbEntity
  8
S-CALLOUT
100
AcDbText
 10
119.0
 20
334.0
 30
0.0
 40
2.0
  1
SB05
  7
OpenSans
 72
1
 11
119.0
 21
334.0
 31
0.0
100
AcDbText
 73
2
  0
LINE
  5
195
330
17
100
AcDbEntity
  8
S-CALLOUT
100
AcDbLine
 10
136.92000000000002
 20
334.0
 30
0.0
 11
123.3
 21
334.0
 31
0.0
  0
TEXT
  5
196
330
17
100
AcDbEntity
  8
S-TEXT
100
AcDbText
 10
65.5
 20
287.5
 30
0.0
 40
1.7
  1
C1
  7
OpenSans
 72
1
 11
65.5
 21
287.5
 31
0.0
100
AcDbText
 73
2
  0
TEXT
  5
197
330
17
100
AcDbEntity
  8
S-TEXT
100
AcDbText
 10
138.5
 20
287.5
 30
0.0
 40
1.7
  1
C1
  7
OpenSans
 72
1
 11
138.5
 21
287.5
 31
0.0
100
AcDbText
 73
2
  0
TEXT
  5
198
330
17
100
AcDbEntity
  8
S-TEXT
100
AcDbText
 10
65.5
 20
380.5
 30
0.0
 40
1.7
  1
C1
  7
OpenSans
 72
1
 11
65.5
 21
380.5
 31
0.0
100
AcDbText
 73
2
  0
TEXT
  5
199
330
17
100
AcDbEntity
  8
S-TEXT
100
AcDbText
 10
138.5
 20
380.5
 30
0.0
 40
1.7
  1
C1
  7
OpenSans
 72
1
 11
138.5
 21
380.5
 31
0.0
100
AcDbText
 73
2
  0
TEXT
  5
19A
330
17
100
AcDbEntity
  8
S-TEXT
100
AcDbText
 10
114.0
 20
294.1
 30
0.0
 40
1.7
  1
B1  250 x 450
  7
OpenSans
 72
1
 11
114.0
 21
294.1
 31
0.0
100
AcDbText
 73
2
  0
TEXT
  5
19B
330
17
100
AcDbEntity
  8
S-TEXT
100
AcDbText
 10
114.0
 20
373.9
 30
0.0
 40
1.7
  1
B1  250 x 450
  7
OpenSans
 72
1
 11
114.0
 21
373.9
 31
0.0
100
AcDbText
 73
2
  0
TEXT
  5
19C
330
17
100
AcDbEntity
  8
S-TEXT
100
AcDbText
 10
72.1
 20
352.0
 30
0.0
 40
1.7
  1
B2  250 x 450
 50
90.0
  7
OpenSans
 72
1
 11
72.1
 21
352.0
 31
0.0
100
AcDbText
 73
2
  0
TEXT
  5
19D
330
17
100
AcDbEntity
  8
S-TEXT
100
AcDbText
 10
131.9
 20
352.0
 30
0.0
 40
1.7
  1
B2  250 x 450
 50
90.0
  7
OpenSans
 72
1
 11
131.9
 21
352.0
 31
0.0
100
AcDbText
 73
2
  0
TEXT
  5
19E
330
17
100
AcDbEntity
  8
S-TEXT
100
AcDbText
 10
102.0
 20
320.0
 30
0.0
 40
1.7
  1
SLAB S1 150 THK
  7
OpenSans
 72
1
 11
102.0
 21
320.0
 31
0.0
100
AcDbText
 73
2
  0
TEXT
  5
19F
330
17
100
AcDbEntity
  8
S-TEXT
100
AcDbText
 10
102.0
 20
314.0
 30
0.0
 40
1.7
  1
SEE SHEET 09
  7
OpenSans
 72
1
 11
102.0
 21
314.0
 31
0.0
100
AcDbText
 73
2
  0
INSERT
  5
1A0
330
17
100
AcDbEntity
  8
S-TITLE
100
AcDbBlockReference
  2
A2-NORTH
 10
129.0
 20
367.0
 30
0.0
  0
TEXT
  5
1A2
330
17
100
AcDbEntity
  8
S-TITLE
100
AcDbText
 10
129.0
 20
376.6
 30
0.0
 40
1.8
  1
N
  7
OpenSans
 72
1
 11
129.0
 21
376.6
 31
0.0
100
AcDbText
 73
1
  0
CIRCLE
  5
1A3
330
17
100
AcDbEntity
  8
S-GRID
100
AcDbCircle
 10
65.5
 20
277.0
 30
0.0
 40
4.0
  0
TEXT
  5
1A4
330
17
100
AcDbEntity
  8
S-GRID
100
AcDbText
 10
65.5
 20
277.0
 30
0.0
 40
2.0
  1
A
  7
OpenSans
 72
1
 11
65.5
 21
277.0
 31
0.0
100
AcDbText
 73
2
  0
CIRCLE
  5
1A5
330
17
100
AcDbEntity
  8
S-GRID
100
AcDbCircle
 10
138.5
 20
277.0
 30
0.0
 40
4.0
  0
TEXT
  5
1A6
330
17
100
AcDbEntity
  8
S-GRID
100
AcDbText
 10
138.5
 20
277.0
 30
0.0
 40
2.0
  1
B
  7
OpenSans
 72
1
 11
138.5
 21
277.0
 31
0.0
100
AcDbText
 73
2
  0
CIRCLE
  5
1A7
330
17
100
AcDbEntity
  8
S-GRID
100
AcDbCircle
 10
53.0
 20
287.5
 30
0.0
 40
4.0
  0
TEXT
  5
1A8
330
17
100
AcDbEntity
  8
S-GRID
100
AcDbText
 10
53.0
 20
287.5
 30
0.0
 40
2.0
  1
1
  7
OpenSans
 72
1
 11
53.0
 21
287.5
 31
0.0
100
AcDbText
 73
2
  0
CIRCLE
  5
1A9
330
17
100
AcDbEntity
  8
S-GRID
100
AcDbCircle
 10
53.0
 20
380.5
 30
0.0
 40
4.0
  0
TEXT
  5
1AA
330
17
100
AcDbEntity
  8
S-GRID
100
AcDbText
 10
53.0
 20
380.5
 30
0.0
 40
2.0
  1
2
  7
OpenSans
 72
1
 11
53.0
 21
380.5
 31
0.0
100
AcDbText
 73
2
  0
DIMENSION
  5
1AB
330
17
100
AcDbEntity
  8
S-DIM
100
AcDbDimension
280
0
  2
*D1
  3
A2-DIM
 10
65.5
 20
266.0
 30
0.0
 11
102.0
 21
267.7
 31
0.0
 70
32
 71
5
  1
<>
100
AcDbAlignedDimension
 13
65.5
 23
284.0
 33
0.0
 14
138.5
 24
284.0
 34
0.0
 50
0.0
100
AcDbRotatedDimension
1001
ACAD
1000
DSTYLE
1002
{
1070
144
1040
50.0
1002
}
  0
DIMENSION
  5
1BA
330
17
100
AcDbEntity
  8
S-DIM
100
AcDbDimension
280
0
  2
*D2
  3
A2-DIM
 10
150.0
 20
287.5
 30
0.0
 11
148.3
 21
334.0
 31
0.0
 70
32
 71
5
  1
<>
100
AcDbAlignedDimension
 13
142.0
 23
287.5
 33
0.0
 14
142.0
 24
380.5
 34
0.0
 50
90.0
100
AcDbRotatedDimension
1001
ACAD
1000
DSTYLE
1002
{
1070
144
1040
50.0
1002
}
  0
DIMENSION
  5
1C9
330
17
100
AcDbEntity
  8
S-DIM
100
AcDbDimension
280
0
  2
*D3
  3
A2-DIM
 10
160.0
 20
284.0
 30
0.0
 11
158.3
 21
334.0
 31
0.0
 70
32
 71
5
  1
<>
100
AcDbAlignedDimension
 13
142.0
 23
284.0
 33
0.0
 14
142.0
 24
384.0
 34
0.0
 50
90.0
100
AcDbRotatedDimension
1001
ACAD
1000
DSTYLE
1002
{
1070
144
1040
50.0
1002
}
  0
CIRCLE
  5
1D8
330
17
100
AcDbEntity
  8
S-TITLE
100
AcDbCircle
 10
48.0
 20
258.0
 30
0.0
 40
4.0
  0
TEXT
  5
1D9
330
17
100
AcDbEntity
  8
S-TITLE
100
AcDbText
 10
48.0
 20
258.0
 30
0.0
 40
3.6720000000000006
  1
1
  7
OpenSans
 72
1
 11
48.0
 21
258.0
 31
0.0
100
AcDbText
 73
2
  0
TEXT
  5
1DA
330
17
100
AcDbEntity
  8
S-TITLE
100
AcDbText
 10
56.2
 20
259.0
 30
0.0
 40
4.3053801553440545
  1
SENTRY POST - FIRST-FLOOR FRAMING PLAN
  7
OpenSans
 11
56.2
 21
259.0
 31
0.0
100
AcDbText
  0
LINE
  5
1DB
330
17
100
AcDbEntity
  8
S-TITLE
100
AcDbLine
 10
53.6
 20
257.6
 30
0.0
 11
188.0
 21
257.6
 31
0.0
  0
TEXT
  5
1DC
330
17
100
AcDbEntity
  8
S-TEXT
100
AcDbText
 10
56.2
 20
251.4
 30
0.0
 40
2.850524394483718
  1
1 : 50   EXTERNAL 4000 x 5000,  GRIDS A-B 3650 c/c,  1-2 4650 c/c
  7
OpenSans
 11
56.2
 21
251.4
 31
0.0
100
AcDbText
  0
HATCH
  5
1DD
330
17
100
AcDbEntity
  8
S-HATCH
 62
7
100
AcDbHatch
 10
0.0
 20
0.0
 30
0.0
210
0.0
220
0.0
230
1.0
  2
ANSI31
 70
0
 71
0
 91
1
 92
3
 72
0
 73
1
 93
4
 10
48.0
 20
221.75
 10
56.75
 20
221.75
 10
56.75
 20
214.25
 10
48.0
 20
214.25
 97
0
 75
1
 76
1
 52
0.0
 41
0.45
 77
0
 78
1
 53
45.0
 43
0.0
 44
0.0
 45
-1.0102788136
 46
1.0102788136
 79
0
 98
0
  0
LWPOLYLINE
  5
1DE
330
17
100
AcDbEntity
  8
S-CONCRETE
100
AcDbPolyline
 90
4
 70
1
 10
48.0
 20
214.25
 10
56.75
 20
214.25
 10
56.75
 20
221.75
 10
48.0
 20
221.75
  0
LWPOLYLINE
  5
1DF
330
17
100
AcDbEntity
  8
S-CONCRETE
100
AcDbPolyline
 90
4
 70
1
 10
48.0
 20
233.0
 10
56.75
 20
233.0
 10
56.75
 20
237.5
 10
48.0
 20
237.5
  0
HATCH
  5
1E0
330
17
100
AcDbEntity
  8
S-HATCH
 62
7
100
AcDbHatch
 10
0.0
 20
0.0
 30
0.0
210
0.0
220
0.0
230
1.0
  2
ANSI31
 70
0
 71
0
 91
1
 92
3
 72
0
 73
1
 93
4
 10
139.25
 20
221.75
 10
148.0
 20
221.75
 10
148.0
 20
214.25
 10
139.25
 20
214.25
 97
0
 75
1
 76
1
 52
0.0
 41
0.45
 77
0
 78
1
 53
45.0
 43
0.0
 44
0.0
 45
-1.0102788136
 46
1.0102788136
 79
0
 98
0
  0
LWPOLYLINE
  5
1E1
330
17
100
AcDbEntity
  8
S-CONCRETE
100
AcDbPolyline
 90
4
 70
1
 10
139.25
 20
214.25
 10
148.0
 20
214.25
 10
148.0
 20
221.75
 10
139.25
 20
221.75
  0
LWPOLYLINE
  5
1E2
330
17
100
AcDbEntity
  8
S-CONCRETE
100
AcDbPolyline
 90
4
 70
1
 10
139.25
 20
233.0
 10
148.0
 20
233.0
 10
148.0
 20
237.5
 10
139.25
 20
237.5
  0
LWPOLYLINE
  5
1E3
330
17
100
AcDbEntity
  8
S-CONCRETE
100
AcDbPolyline
 90
4
 70
1
 10
48.0
 20
221.75
 10
148.0
 20
221.75
 10
148.0
 20
233.0
 10
48.0
 20
233.0
  0
LINE
  5
1E4
330
17
100
AcDbEntity
  8
S-CONCRETE-THIN
100
AcDbLine
 10
48.0
 20
229.25
 30
0.0
 11
148.0
 21
229.25
 31
0.0
  0
LWPOLYLINE
  5
1E5
330
17
100
AcDbEntity
  8
S-REBAR-MAIN
100
AcDbPolyline
 90
4
 70
0
 10
49.25
 20
221.225
 10
49.25
 20
231.85
 10
146.75
 20
231.85
 10
146.75
 20
221.225
  0
LWPOLYLINE
  5
1E6
330
17
100
AcDbEntity
  8
S-REBAR-MAIN
100
AcDbPolyline
 90
4
 70
0
 10
49.25
 20
233.525
 10
49.25
 20
222.9
 10
146.75
 20
222.9
 10
146.75
 20
233.525
  0
LINE
  5
1E7
330
17
100
AcDbEntity
  8
S-REBAR-STIRRUP
100
AcDbLine
 10
58.0
 20
232.25
 30
0.0
 11
58.0
 21
222.5
 31
0.0
  0
LINE
  5
1E8
330
17
100
AcDbEntity
  8
S-REBAR-STIRRUP
100
AcDbLine
 10
60.5
 20
232.25
 30
0.0
 11
60.5
 21
222.5
 31
0.0
  0
LINE
  5
1E9
330
17
100
AcDbEntity
  8
S-REBAR-STIRRUP
100
AcDbLine
 10
63.0
 20
232.25
 30
0.0
 11
63.0
 21
222.5
 31
0.0
  0
LINE
  5
1EA
330
17
100
AcDbEntity
  8
S-REBAR-STIRRUP
100
AcDbLine
 10
65.5
 20
232.25
 30
0.0
 11
65.5
 21
222.5
 31
0.0
  0
LINE
  5
1EB
330
17
100
AcDbEntity
  8
S-REBAR-STIRRUP
100
AcDbLine
 10
68.0
 20
232.25
 30
0.0
 11
68.0
 21
222.5
 31
0.0
  0
LINE
  5
1EC
330
17
100
AcDbEntity
  8
S-REBAR-STIRRUP
100
AcDbLine
 10
70.5
 20
232.25
 30
0.0
 11
70.5
 21
222.5
 31
0.0
  0
LINE
  5
1ED
330
17
100
AcDbEntity
  8
S-REBAR-STIRRUP
100
AcDbLine
 10
73.0
 20
232.25
 30
0.0
 11
73.0
 21
222.5
 31
0.0
  0
LINE
  5
1EE
330
17
100
AcDbEntity
  8
S-REBAR-STIRRUP
100
AcDbLine
 10
75.5
 20
232.25
 30
0.0
 11
75.5
 21
222.5
 31
0.0
  0
LINE
  5
1EF
330
17
100
AcDbEntity
  8
S-REBAR-STIRRUP
100
AcDbLine
 10
79.25
 20
232.25
 30
0.0
 11
79.25
 21
222.5
 31
0.0
  0
LINE
  5
1F0
330
17
100
AcDbEntity
  8
S-REBAR-STIRRUP
100
AcDbLine
 10
83.0
 20
232.25
 30
0.0
 11
83.0
 21
222.5
 31
0.0
  0
LINE
  5
1F1
330
17
100
AcDbEntity
  8
S-REBAR-STIRRUP
100
AcDbLine
 10
86.75
 20
232.25
 30
0.0
 11
86.75
 21
222.5
 31
0.0
  0
LINE
  5
1F2
330
17
100
AcDbEntity
  8
S-REBAR-STIRRUP
100
AcDbLine
 10
90.5
 20
232.25
 30
0.0
 11
90.5
 21
222.5
 31
0.0
  0
LINE
  5
1F3
330
17
100
AcDbEntity
  8
S-REBAR-STIRRUP
100
AcDbLine
 10
94.25
 20
232.25
 30
0.0
 11
94.25
 21
222.5
 31
0.0
  0
LINE
  5
1F4
330
17
100
AcDbEntity
  8
S-REBAR-STIRRUP
100
AcDbLine
 10
98.0
 20
232.25
 30
0.0
 11
98.0
 21
222.5
 31
0.0
  0
LINE
  5
1F5
330
17
100
AcDbEntity
  8
S-REBAR-STIRRUP
100
AcDbLine
 10
101.75
 20
232.25
 30
0.0
 11
101.75
 21
222.5
 31
0.0
  0
LINE
  5
1F6
330
17
100
AcDbEntity
  8
S-REBAR-STIRRUP
100
AcDbLine
 10
105.5
 20
232.25
 30
0.0
 11
105.5
 21
222.5
 31
0.0
  0
LINE
  5
1F7
330
17
100
AcDbEntity
  8
S-REBAR-STIRRUP
100
AcDbLine
 10
109.25
 20
232.25
 30
0.0
 11
109.25
 21
222.5
 31
0.0
  0
LINE
  5
1F8
330
17
100
AcDbEntity
  8
S-REBAR-STIRRUP
100
AcDbLine
 10
113.0
 20
232.25
 30
0.0
 11
113.0
 21
222.5
 31
0.0
  0
LINE
  5
1F9
330
17
100
AcDbEntity
  8
S-REBAR-STIRRUP
100
AcDbLine
 10
116.75
 20
232.25
 30
0.0
 11
116.75
 21
222.5
 31
0.0
  0
LINE
  5
1FA
330
17
100
AcDbEntity
  8
S-REBAR-STIRRUP
100
AcDbLine
 10
138.0
 20
232.25
 30
0.0
 11
138.0
 21
222.5
 31
0.0
  0
LINE
  5
1FB
330
17
100
AcDbEntity
  8
S-REBAR-STIRRUP
100
AcDbLine
 10
135.5
 20
232.25
 30
0.0
 11
135.5
 21
222.5
 31
0.0
  0
LINE
  5
1FC
330
17
100
AcDbEntity
  8
S-REBAR-STIRRUP
100
AcDbLine
 10
133.0
 20
232.25
 30
0.0
 11
133.0
 21
222.5
 31
0.0
  0
LINE
  5
1FD
330
17
100
AcDbEntity
  8
S-REBAR-STIRRUP
100
AcDbLine
 10
130.5
 20
232.25
 30
0.0
 11
130.5
 21
222.5
 31
0.0
  0
LINE
  5
1FE
330
17
100
AcDbEntity
  8
S-REBAR-STIRRUP
100
AcDbLine
 10
128.0
 20
232.25
 30
0.0
 11
128.0
 21
222.5
 31
0.0
  0
LINE
  5
1FF
330
17
100
AcDbEntity
  8
S-REBAR-STIRRUP
100
AcDbLine
 10
125.5
 20
232.25
 30
0.0
 11
125.5
 21
222.5
 31
0.0
  0
LINE
  5
200
330
17
100
AcDbEntity
  8
S-REBAR-STIRRUP
100
AcDbLine
 10
123.0
 20
232.25
 30
0.0
 11
123.0
 21
222.5
 31
0.0
  0
LINE
  5
201
330
17
100
AcDbEntity
  8
S-REBAR-STIRRUP
100
AcDbLine
 10
120.5
 20
232.25
 30
0.0
 11
120.5
 21
222.5
 31
0.0
  0
LINE
  5
202
330
17
100
AcDbEntity
  8
S-DIM
100
AcDbLine
 10
56.75
 20
235.25
 30
0.0
 11
76.95
 21
235.25
 31
0.0
  0
LINE
  5
203
330
17
100
AcDbEntity
  8
S-DIM
100
AcDbLine
 10
56.75
 20
234.0
 30
0.0
 11
56.75
 21
236.5
 31
0.0
  0
LINE
  5
204
330
17
100
AcDbEntity
  8
S-DIM
100
AcDbLine
 10
76.95
 20
234.0
 30
0.0
 11
76.95
 21
236.5
 31
0.0
  0
LINE
  5
205
330
17
100
AcDbEntity
  8
S-DIM
100
AcDbLine
 10
139.25
 20
235.25
 30
0.0
 11
119.05
 21
235.25
 31
0.0
  0
LINE
  5
206
330
17
100
AcDbEntity
  8
S-DIM
100
AcDbLine
 10
139.25
 20
234.0
 30
0.0
 11
139.25
 21
236.5
 31
0.0
  0
LINE
  5
207
330
17
100
AcDbEntity
  8
S-DIM
100
AcDbLine
 10
119.05
 20
234.0
 30
0.0
 11
119.05
 21
236.5
 31
0.0
  0
TEXT
  5
208
330
17
100
AcDbEntity
  8
S-TEXT
100
AcDbText
 10
66.85
 20
237.0
 30
0.0
 40
1.7
  1
810 = 2d
  7
OpenSans
 72
1
 11
66.85
 21
237.0
 31
0.0
100
AcDbText
 73
2
  0
TEXT
  5
209
330
17
100
AcDbEntity
  8
S-TEXT
100
AcDbText
 10
66.85
 20
240.125
 30
0.0
 40
1.7
  1
T8 2L @ 100
  7
OpenSans
 72
1
 11
66.85
 21
240.125
 31
0.0
100
AcDbText
 73
2
  0
TEXT
  5
20A
330
17
100
AcDbEntity
  8
S-TEXT
100
AcDbText
 10
129.15
 20
237.0
 30
0.0
 40
1.7
  1
810 = 2d
  7
OpenSans
 72
1
 11
129.15
 21
237.0
 31
0.0
100
AcDbText
 73
2
  0
TEXT
  5
20B
330
17
100
AcDbEntity
  8
S-TEXT
100
AcDbText
 10
129.15
 20
240.125
 30
0.0
 40
1.7
  1
T8 2L @ 100
  7
OpenSans
 72
1
 11
129.15
 21
240.125
 31
0.0
100
AcDbText
 73
2
  0
TEXT
  5
20C
330
17
100
AcDbEntity
  8
S-TEXT
100
AcDbText
 10
98.0
 20
240.125
 30
0.0
 40
1.7
  1
T8 2L @ 150
  7
OpenSans
 72
1
 11
98.0
 21
240.125
 31
0.0
100
AcDbText
 73
2
  0
TEXT
  5
20D
330
17
100
AcDbEntity
  8
S-TEXT
100
AcDbText
 10
144.75
 20
218.75
 30
0.0
 40
1.7
  1
90 DEG ANCHOR LEG 425 (D2)
  7
OpenSans
 72
2
 11
144.75
 21
218.75
 31
0.0
100
AcDbText
 73
2
  0
INSERT
  5
20E
330
17
100
AcDbEntity
  8
S-SECTION
100
AcDbBlockReference
  2
A2-SECMARK
 10
68.0
 20
217.25
 30
0.0
  0
TEXT
  5
210
330
17
100
AcDbEntity
  8
S-SECTION
100
AcDbText
 10
68.0
 20
217.25
 30
0.0
 40
2.0
  1
a
  7
OpenSans
 72
1
 11
68.0
 21
217.25
 31
0.0
100
AcDbText
 73
2
  0
LINE
  5
211
330
17
100
AcDbEntity
  8
S-SECTION
100
AcDbLine
 10
68.0
 20
220.25
 30
0.0
 11
68.0
 21
222.85
 31
0.0
  0
INSERT
  5
212
330
17
100
AcDbEntity
  8
S-SECTION
100
AcDbBlockReference
  2
A2-SECMARK
 10
98.0
 20
217.25
 30
0.0
  0
TEXT
  5
214
330
17
100
AcDbEntity
  8
S-SECTION
100
AcDbText
 10
98.0
 20
217.25
 30
0.0
 40
2.0
  1
b
  7
OpenSans
 72
1
 11
98.0
 21
217.25
 31
0.0
100
AcDbText
 73
2
  0
LINE
  5
215
330
17
100
AcDbEntity
  8
S-SECTION
100
AcDbLine
 10
98.0
 20
220.25
 30
0.0
 11
98.0
 21
222.85
 31
0.0
  0
ELLIPSE
  5
216
330
17
100
AcDbEntity
  8
S-CALLOUT
100
AcDbEllipse
 10
70.5
 20
245.5
 30
0.0
 11
4.3
 21
0.0
 31
0.0
 40
0.5813953488372093
 41
0.0
 42
6.283185307179586
  0
TEXT
  5
217
330
17
100
AcDbEntity
  8
S-CALLOUT
100
AcDbText
 10
70.5
 20
245.5
 30
0.0
 40
2.0
  1
SB01
  7
OpenSans
 72
1
 11
70.5
 21
245.5
 31
0.0
100
AcDbText
 73
2
  0
LINE
  5
218
330
17
100
AcDbEntity
  8
S-CALLOUT
100
AcDbLine
 10
70.5
 20
243.0
 30
0.0
 11
74.8
 21
245.5
 31
0.0
  0
ELLIPSE
  5
219
330
17
100
AcDbEntity
  8
S-CALLOUT
100
AcDbEllipse
 10
60.5
 20
245.5
 30
0.0
 11
4.3
 21
0.0
 31
0.0
 40
0.5813953488372093
 41
0.0
 42
6.283185307179586
  0
TEXT
  5
21A
330
17
100
AcDbEntity
  8
S-CALLOUT
100
AcDbText
 10
60.5
 20
245.5
 30
0.0
 40
2.0
  1
SB03
  7
OpenSans
 72
1
 11
60.5
 21
245.5
 31
0.0
100
AcDbText
 73
2
  0
LINE
  5
21B
330
17
100
AcDbEntity
  8
S-CALLOUT
100
AcDbLine
 10
60.5
 20
243.0
 30
0.0
 11
64.8
 21
245.5
 31
0.0
  0
ELLIPSE
  5
21C
330
17
100
AcDbEntity
  8
S-CALLOUT
100
AcDbEllipse
 10
98.0
 20
245.5
 30
0.0
 11
4.3
 21
0.0
 31
0.0
 40
0.5813953488372093
 41
0.0
 42
6.283185307179586
  0
TEXT
  5
21D
330
17
100
AcDbEntity
  8
S-CALLOUT
100
AcDbText
 10
98.0
 20
245.5
 30
0.0
 40
2.0
  1
SB04
  7
OpenSans
 72
1
 11
98.0
 21
245.5
 31
0.0
100
AcDbText
 73
2
  0
LINE
  5
21E
330
17
100
AcDbEntity
  8
S-CALLOUT
100
AcDbLine
 10
98.0
 20
243.0
 30
0.0
 11
102.3
 21
245.5
 31
0.0
  0
ELLIPSE
  5
21F
330
17
100
AcDbEntity
  8
S-CALLOUT
100
AcDbEllipse
 10
125.5
 20
245.5
 30
0.0
 11
4.3
 21
0.0
 31
0.0
 40
0.5813953488372093
 41
0.0
 42
6.283185307179586
  0
TEXT
  5
220
330
17
100
AcDbEntity
  8
S-CALLOUT
100
AcDbText
 10
125.5
 20
245.5
 30
0.0
 40
2.0
  1
SB02
  7
OpenSans
 72
1
 11
125.5
 21
245.5
 31
0.0
100
AcDbText
 73
2
  0
LINE
  5
221
330
17
100
AcDbEntity
  8
S-CALLOUT
100
AcDbLine
 10
125.5
 20
243.0
 30
0.0
 11
129.8
 21
245.5
 31
0.0
  0
DIMENSION
  5
222
330
17
100
AcDbEntity
  8
S-DIM
100
AcDbDimension
280
0
  2
*D4
  3
A2-DIM
 10
56.75
 20
211.0
 30
0.0
 11
98.0
 21
212.7
 31
0.0
 70
32
 71
5
  1
<>
100
AcDbAlignedDimension
 13
56.75
 23
233.0
 33
0.0
 14
139.25
 24
233.0
 34
0.0
 50
0.0
100
AcDbRotatedDimension
1001
ACAD
1000
DSTYLE
1002
{
1070
144
1040
40.0
1002
}
  0
DIMENSION
  5
231
330
17
100
AcDbEntity
  8
S-DIM
100
AcDbDimension
280
0
  2
*D5
  3
A2-DIM
 10
48.0
 20
204.0
 30
0.0
 11
98.0
 21
205.7
 31
0.0
 70
32
 71
5
  1
<>
100
AcDbAlignedDimension
 13
48.0
 23
233.0
 33
0.0
 14
148.0
 24
233.0
 34
0.0
 50
0.0
100
AcDbRotatedDimension
1001
ACAD
1000
DSTYLE
1002
{
1070
144
1040
40.0
1002
}
  0
INSERT
  5
240
330
17
100
AcDbEntity
  8
S-LEVEL
100
AcDbBlockReference
  2
A2-LEVEL
 10
149.5
 20
233.0
 30
0.0
  0
TEXT
  5
242
330
17
100
AcDbEntity
  8
S-LEVEL
100
AcDbText
 10
152.1
 20
235.6
 30
0.0
 40
1.8
  1
(+)3.650
  7
OpenSans
 11
152.1
 21
235.6
 31
0.0
100
AcDbText
 73
2
  0
CIRCLE
  5
243
330
17
100
AcDbEntity
  8
S-TITLE
100
AcDbCircle
 10
48.0
 20
194.0
 30
0.0
 40
4.0
  0
TEXT
  5
244
330
17
100
AcDbEntity
  8
S-TITLE
100
AcDbText
 10
48.0
 20
194.0
 30
0.0
 40
3.6720000000000006
  1
2
  7
OpenSans
 72
1
 11
48.0
 21
194.0
 31
0.0
100
AcDbText
 73
2
  0
TEXT
  5
245
330
17
100
AcDbEntity
  8
S-TITLE
100
AcDbText
 10
56.2
 20
195.0
 30
0.0
 40
3.585463357749354
  1
BEAM B1 - LONGITUDINAL SECTION  (GRIDS 1 AND 2)
  7
OpenSans
 11
56.2
 21
195.0
 31
0.0
100
AcDbText
  0
LINE
  5
246
330
17
100
AcDbEntity
  8
S-TITLE
100
AcDbLine
 10
53.6
 20
193.6
 30
0.0
 11
188.0
 21
193.6
 31
0.0
  0
TEXT
  5
247
330
17
100
AcDbEntity
  8
S-TEXT
100
AcDbText
 10
56.2
 20
187.4
 30
0.0
 40
2.2223434411880967
  1
1 : 40   B1 250 x 450,  CLEAR SPAN 3300,  d = 404,  4-T16 TOP + 2-T16 BOTTOM (D1)
  7
OpenSans
 11
56.2
 21
187.4
 31
0.0
100
AcDbText
  0
HATCH
  5
248
330
17
100
AcDbEntity
  8
S-HATCH
 62
7
100
AcDbHatch
 10
0.0
 20
0.0
 30
0.0
210
0.0
220
0.0
230
1.0
  2
ANSI31
 70
0
 71
0
 91
1
 92
3
 72
0
 73
1
 93
4
 10
48.0
 20
156.75
 10
56.75
 20
156.75
 10
56.75
 20
149.25
 10
48.0
 20
149.25
 97
0
 75
1
 76
1
 52
0.0
 41
0.45
 77
0
 78
1
 53
45.0
 43
0.0
 44
0.0
 45
-1.0102788136
 46
1.0102788136
 79
0
 98
0
  0
LWPOLYLINE
  5
249
330
17
100
AcDbEntity
  8
S-CONCRETE
100
AcDbPolyline
 90
4
 70
1
 10
48.0
 20
149.25
 10
56.75
 20
149.25
 10
56.75
 20
156.75
 10
48.0
 20
156.75
  0
LWPOLYLINE
  5
24A
330
17
100
AcDbEntity
  8
S-CONCRETE
100
AcDbPolyline
 90
4
 70
1
 10
48.0
 20
168.0
 10
56.75
 20
168.0
 10
56.75
 20
172.5
 10
48.0
 20
172.5
  0
HATCH
  5
24B
330
17
100
AcDbEntity
  8
S-HATCH
 62
7
100
AcDbHatch
 10
0.0
 20
0.0
 30
0.0
210
0.0
220
0.0
230
1.0
  2
ANSI31
 70
0
 71
0
 91
1
 92
3
 72
0
 73
1
 93
4
 10
164.25
 20
156.75
 10
173.0
 20
156.75
 10
173.0
 20
149.25
 10
164.25
 20
149.25
 97
0
 75
1
 76
1
 52
0.0
 41
0.45
 77
0
 78
1
 53
45.0
 43
0.0
 44
0.0
 45
-1.0102788136
 46
1.0102788136
 79
0
 98
0
  0
LWPOLYLINE
  5
24C
330
17
100
AcDbEntity
  8
S-CONCRETE
100
AcDbPolyline
 90
4
 70
1
 10
164.25
 20
149.25
 10
173.0
 20
149.25
 10
173.0
 20
156.75
 10
164.25
 20
156.75
  0
LWPOLYLINE
  5
24D
330
17
100
AcDbEntity
  8
S-CONCRETE
100
AcDbPolyline
 90
4
 70
1
 10
164.25
 20
168.0
 10
173.0
 20
168.0
 10
173.0
 20
172.5
 10
164.25
 20
172.5
  0
LWPOLYLINE
  5
24E
330
17
100
AcDbEntity
  8
S-CONCRETE
100
AcDbPolyline
 90
4
 70
1
 10
48.0
 20
156.75
 10
173.0
 20
156.75
 10
173.0
 20
168.0
 10
48.0
 20
168.0
  0
LINE
  5
24F
330
17
100
AcDbEntity
  8
S-CONCRETE-THIN
100
AcDbLine
 10
48.0
 20
164.25
 30
0.0
 11
173.0
 21
164.25
 31
0.0
  0
LWPOLYLINE
  5
250
330
17
100
AcDbEntity
  8
S-REBAR-MAIN
100
AcDbPolyline
 90
4
 70
0
 10
49.25
 20
151.175
 10
49.25
 20
166.8
 10
171.75
 20
166.8
 10
171.75
 20
151.175
  0
LWPOLYLINE
  5
251
330
17
100
AcDbEntity
  8
S-REBAR-MAIN
100
AcDbPolyline
 90
4
 70
0
 10
49.25
 20
173.575
 10
49.25
 20
157.95
 10
171.75
 20
157.95
 10
171.75
 20
173.575
  0
LINE
  5
252
330
17
100
AcDbEntity
  8
S-REBAR-STIRRUP
100
AcDbLine
 10
58.0
 20
167.25
 30
0.0
 11
58.0
 21
157.5
 31
0.0
  0
LINE
  5
253
330
17
100
AcDbEntity
  8
S-REBAR-STIRRUP
100
AcDbLine
 10
60.5
 20
167.25
 30
0.0
 11
60.5
 21
157.5
 31
0.0
  0
LINE
  5
254
330
17
100
AcDbEntity
  8
S-REBAR-STIRRUP
100
AcDbLine
 10
63.0
 20
167.25
 30
0.0
 11
63.0
 21
157.5
 31
0.0
  0
LINE
  5
255
330
17
100
AcDbEntity
  8
S-REBAR-STIRRUP
100
AcDbLine
 10
65.5
 20
167.25
 30
0.0
 11
65.5
 21
157.5
 31
0.0
  0
LINE
  5
256
330
17
100
AcDbEntity
  8
S-REBAR-STIRRUP
100
AcDbLine
 10
68.0
 20
167.25
 30
0.0
 11
68.0
 21
157.5
 31
0.0
  0
LINE
  5
257
330
17
100
AcDbEntity
  8
S-REBAR-STIRRUP
100
AcDbLine
 10
70.5
 20
167.25
 30
0.0
 11
70.5
 21
157.5
 31
0.0
  0
LINE
  5
258
330
17
100
AcDbEntity
  8
S-REBAR-STIRRUP
100
AcDbLine
 10
73.0
 20
167.25
 30
0.0
 11
73.0
 21
157.5
 31
0.0
  0
LINE
  5
259
330
17
100
AcDbEntity
  8
S-REBAR-STIRRUP
100
AcDbLine
 10
75.5
 20
167.25
 30
0.0
 11
75.5
 21
157.5
 31
0.0
  0
LINE
  5
25A
330
17
100
AcDbEntity
  8
S-REBAR-STIRRUP
100
AcDbLine
 10
79.25
 20
167.25
 30
0.0
 11
79.25
 21
157.5
 31
0.0
  0
LINE
  5
25B
330
17
100
AcDbEntity
  8
S-REBAR-STIRRUP
100
AcDbLine
 10
83.0
 20
167.25
 30
0.0
 11
83.0
 21
157.5
 31
0.0
  0
LINE
  5
25C
330
17
100
AcDbEntity
  8
S-REBAR-STIRRUP
100
AcDbLine
 10
86.75
 20
167.25
 30
0.0
 11
86.75
 21
157.5
 31
0.0
  0
LINE
  5
25D
330
17
100
AcDbEntity
  8
S-REBAR-STIRRUP
100
AcDbLine
 10
90.5
 20
167.25
 30
0.0
 11
90.5
 21
157.5
 31
0.0
  0
LINE
  5
25E
330
17
100
AcDbEntity
  8
S-REBAR-STIRRUP
100
AcDbLine
 10
94.25
 20
167.25
 30
0.0
 11
94.25
 21
157.5
 31
0.0
  0
LINE
  5
25F
330
17
100
AcDbEntity
  8
S-REBAR-STIRRUP
100
AcDbLine
 10
98.0
 20
167.25
 30
0.0
 11
98.0
 21
157.5
 31
0.0
  0
LINE
  5
260
330
17
100
AcDbEntity
  8
S-REBAR-STIRRUP
100
AcDbLine
 10
101.75
 20
167.25
 30
0.0
 11
101.75
 21
157.5
 31
0.0
  0
LINE
  5
261
330
17
100
AcDbEntity
  8
S-REBAR-STIRRUP
100
AcDbLine
 10
105.5
 20
167.25
 30
0.0
 11
105.5
 21
157.5
 31
0.0
  0
LINE
  5
262
330
17
100
AcDbEntity
  8
S-REBAR-STIRRUP
100
AcDbLine
 10
109.25
 20
167.25
 30
0.0
 11
109.25
 21
157.5
 31
0.0
  0
LINE
  5
263
330
17
100
AcDbEntity
  8
S-REBAR-STIRRUP
100
AcDbLine
 10
113.0
 20
167.25
 30
0.0
 11
113.0
 21
157.5
 31
0.0
  0
LINE
  5
264
330
17
100
AcDbEntity
  8
S-REBAR-STIRRUP
100
AcDbLine
 10
116.75
 20
167.25
 30
0.0
 11
116.75
 21
157.5
 31
0.0
  0
LINE
  5
265
330
17
100
AcDbEntity
  8
S-REBAR-STIRRUP
100
AcDbLine
 10
120.5
 20
167.25
 30
0.0
 11
120.5
 21
157.5
 31
0.0
  0
LINE
  5
266
330
17
100
AcDbEntity
  8
S-REBAR-STIRRUP
100
AcDbLine
 10
124.25
 20
167.25
 30
0.0
 11
124.25
 21
157.5
 31
0.0
  0
LINE
  5
267
330
17
100
AcDbEntity
  8
S-REBAR-STIRRUP
100
AcDbLine
 10
128.0
 20
167.25
 30
0.0
 11
128.0
 21
157.5
 31
0.0
  0
LINE
  5
268
330
17
100
AcDbEntity
  8
S-REBAR-STIRRUP
100
AcDbLine
 10
131.75
 20
167.25
 30
0.0
 11
131.75
 21
157.5
 31
0.0
  0
LINE
  5
269
330
17
100
AcDbEntity
  8
S-REBAR-STIRRUP
100
AcDbLine
 10
135.5
 20
167.25
 30
0.0
 11
135.5
 21
157.5
 31
0.0
  0
LINE
  5
26A
330
17
100
AcDbEntity
  8
S-REBAR-STIRRUP
100
AcDbLine
 10
139.25
 20
167.25
 30
0.0
 11
139.25
 21
157.5
 31
0.0
  0
LINE
  5
26B
330
17
100
AcDbEntity
  8
S-REBAR-STIRRUP
100
AcDbLine
 10
143.0
 20
167.25
 30
0.0
 11
143.0
 21
157.5
 31
0.0
  0
LINE
  5
26C
330
17
100
AcDbEntity
  8
S-REBAR-STIRRUP
100
AcDbLine
 10
163.0
 20
167.25
 30
0.0
 11
163.0
 21
157.5
 31
0.0
  0
LINE
  5
26D
330
17
100
AcDbEntity
  8
S-REBAR-STIRRUP
100
AcDbLine
 10
160.5
 20
167.25
 30
0.0
 11
160.5
 21
157.5
 31
0.0
  0
LINE
  5
26E
330
17
100
AcDbEntity
  8
S-REBAR-STIRRUP
100
AcDbLine
 10
158.0
 20
167.25
 30
0.0
 11
158.0
 21
157.5
 31
0.0
  0
LINE
  5
26F
330
17
100
AcDbEntity
  8
S-REBAR-STIRRUP
100
AcDbLine
 10
155.5
 20
167.25
 30
0.0
 11
155.5
 21
157.5
 31
0.0
  0
LINE
  5
270
330
17
100
AcDbEntity
  8
S-REBAR-STIRRUP
100
AcDbLine
 10
153.0
 20
167.25
 30
0.0
 11
153.0
 21
157.5
 31
0.0
  0
LINE
  5
271
330
17
100
AcDbEntity
  8
S-REBAR-STIRRUP
100
AcDbLine
 10
150.5
 20
167.25
 30
0.0
 11
150.5
 21
157.5
 31
0.0
  0
LINE
  5
272
330
17
100
AcDbEntity
  8
S-REBAR-STIRRUP
100
AcDbLine
 10
148.0
 20
167.25
 30
0.0
 11
148.0
 21
157.5
 31
0.0
  0
LINE
  5
273
330
17
100
AcDbEntity
  8
S-REBAR-STIRRUP
100
AcDbLine
 10
145.5
 20
167.25
 30
0.0
 11
145.5
 21
157.5
 31
0.0
  0
LINE
  5
274
330
17
100
AcDbEntity
  8
S-DIM
100
AcDbLine
 10
56.75
 20
170.25
 30
0.0
 11
76.95
 21
170.25
 31
0.0
  0
LINE
  5
275
330
17
100
AcDbEntity
  8
S-DIM
100
AcDbLine
 10
56.75
 20
169.0
 30
0.0
 11
56.75
 21
171.5
 31
0.0
  0
LINE
  5
276
330
17
100
AcDbEntity
  8
S-DIM
100
AcDbLine
 10
76.95
 20
169.0
 30
0.0
 11
76.95
 21
171.5
 31
0.0
  0
LINE
  5
277
330
17
100
AcDbEntity
  8
S-DIM
100
AcDbLine
 10
164.25
 20
170.25
 30
0.0
 11
144.05
 21
170.25
 31
0.0
  0
LINE
  5
278
330
17
100
AcDbEntity
  8
S-DIM
100
AcDbLine
 10
164.25
 20
169.0
 30
0.0
 11
164.25
 21
171.5
 31
0.0
  0
LINE
  5
279
330
17
100
AcDbEntity
  8
S-DIM
100
AcDbLine
 10
144.05
 20
169.0
 30
0.0
 11
144.05
 21
171.5
 31
0.0
  0
TEXT
  5
27A
330
17
100
AcDbEntity
  8
S-TEXT
100
AcDbText
 10
66.85
 20
172.0
 30
0.0
 40
1.7
  1
810 = 2d
  7
OpenSans
 72
1
 11
66.85
 21
172.0
 31
0.0
100
AcDbText
 73
2
  0
TEXT
  5
27B
330
17
100
AcDbEntity
  8
S-TEXT
100
AcDbText
 10
66.85
 20
175.125
 30
0.0
 40
1.7
  1
T8 2L @ 100
  7
OpenSans
 72
1
 11
66.85
 21
175.125
 31
0.0
100
AcDbText
 73
2
  0
TEXT
  5
27C
330
17
100
AcDbEntity
  8
S-TEXT
100
AcDbText
 10
154.15
 20
172.0
 30
0.0
 40
1.7
  1
810 = 2d
  7
OpenSans
 72
1
 11
154.15
 21
172.0
 31
0.0
100
AcDbText
 73
2
  0
TEXT
  5
27D
330
17
100
AcDbEntity
  8
S-TEXT
100
AcDbText
 10
154.15
 20
175.125
 30
0.0
 40
1.7
  1
T8 2L @ 100
  7
OpenSans
 72
1
 11
154.15
 21
175.125
 31
0.0
100
AcDbText
 73
2
  0
TEXT
  5
27E
330
17
100
AcDbEntity
  8
S-TEXT
100
AcDbText
 10
110.5
 20
175.125
 30
0.0
 40
1.7
  1
T8 2L @ 150
  7
OpenSans
 72
1
 11
110.5
 21
175.125
 31
0.0
100
AcDbText
 73
2
  0
TEXT
  5
27F
330
17
100
AcDbEntity
  8
S-TEXT
100
AcDbText
 10
169.75
 20
153.75
 30
0.0
 40
1.7
  1
90 DEG ANCHOR LEG 625 (D2)
  7
OpenSans
 72
2
 11
169.75
 21
153.75
 31
0.0
100
AcDbText
 73
2
  0
INSERT
  5
280
330
17
100
AcDbEntity
  8
S-SECTION
100
AcDbBlockReference
  2
A2-SECMARK
 10
68.0
 20
152.25
 30
0.0
  0
TEXT
  5
282
330
17
100
AcDbEntity
  8
S-SECTION
100
AcDbText
 10
68.0
 20
152.25
 30
0.0
 40
2.0
  1
c
  7
OpenSans
 72
1
 11
68.0
 21
152.25
 31
0.0
100
AcDbText
 73
2
  0
LINE
  5
283
330
17
100
AcDbEntity
  8
S-SECTION
100
AcDbLine
 10
68.0
 20
155.25
 30
0.0
 11
68.0
 21
157.85
 31
0.0
  0
INSERT
  5
284
330
17
100
AcDbEntity
  8
S-SECTION
100
AcDbBlockReference
  2
A2-SECMARK
 10
110.5
 20
152.25
 30
0.0
  0
TEXT
  5
286
330
17
100
AcDbEntity
  8
S-SECTION
100
AcDbText
 10
110.5
 20
152.25
 30
0.0
 40
2.0
  1
d
  7
OpenSans
 72
1
 11
110.5
 21
152.25
 31
0.0
100
AcDbText
 73
2
  0
LINE
  5
287
330
17
100
AcDbEntity
  8
S-SECTION
100
AcDbLine
 10
110.5
 20
155.25
 30
0.0
 11
110.5
 21
157.85
 31
0.0
  0
ELLIPSE
  5
288
330
17
100
AcDbEntity
  8
S-CALLOUT
100
AcDbEllipse
 10
73.0
 20
180.5
 30
0.0
 11
4.3
 21
0.0
 31
0.0
 40
0.5813953488372093
 41
0.0
 42
6.283185307179586
  0
TEXT
  5
289
330
17
100
AcDbEntity
  8
S-CALLOUT
100
AcDbText
 10
73.0
 20
180.5
 30
0.0
 40
2.0
  1
SB05
  7
OpenSans
 72
1
 11
73.0
 21
180.5
 31
0.0
100
AcDbText
 73
2
  0
LINE
  5
28A
330
17
100
AcDbEntity
  8
S-CALLOUT
100
AcDbLine
 10
73.0
 20
178.0
 30
0.0
 11
77.3
 21
180.5
 31
0.0
  0
ELLIPSE
  5
28B
330
17
100
AcDbEntity
  8
S-CALLOUT
100
AcDbEllipse
 10
60.5
 20
180.5
 30
0.0
 11
4.3
 21
0.0
 31
0.0
 40
0.5813953488372093
 41
0.0
 42
6.283185307179586
  0
TEXT
  5
28C
330
17
100
AcDbEntity
  8
S-CALLOUT
100
AcDbText
 10
60.5
 20
180.5
 30
0.0
 40
2.0
  1
SB07
  7
OpenSans
 72
1
 11
60.5
 21
180.5
 31
0.0
100
AcDbText
 73
2
  0
LINE
  5
28D
330
17
100
AcDbEntity
  8
S-CALLOUT
100
AcDbLine
 10
60.5
 20
178.0
 30
0.0
 11
64.8
 21
180.5
 31
0.0
  0
ELLIPSE
  5
28E
330
17
100
AcDbEntity
  8
S-CALLOUT
100
AcDbEllipse
 10
110.5
 20
180.5
 30
0.0
 11
4.3
 21
0.0
 31
0.0
 40
0.5813953488372093
 41
0.0
 42
6.283185307179586
  0
TEXT
  5
28F
330
17
100
AcDbEntity
  8
S-CALLOUT
100
AcDbText
 10
110.5
 20
180.5
 30
0.0
 40
2.0
  1
SB08
  7
OpenSans
 72
1
 11
110.5
 21
180.5
 31
0.0
100
AcDbText
 73
2
  0
LINE
  5
290
330
17
100
AcDbEntity
  8
S-CALLOUT
100
AcDbLine
 10
110.5
 20
178.0
 30
0.0
 11
114.8
 21
180.5
 31
0.0
  0
ELLIPSE
  5
291
330
17
100
AcDbEntity
  8
S-CALLOUT
100
AcDbEllipse
 10
148.0
 20
180.5
 30
0.0
 11
4.3
 21
0.0
 31
0.0
 40
0.5813953488372093
 41
0.0
 42
6.283185307179586
  0
TEXT
  5
292
330
17
100
AcDbEntity
  8
S-CALLOUT
100
AcDbText
 10
148.0
 20
180.5
 30
0.0
 40
2.0
  1
SB06
  7
OpenSans
 72
1
 11
148.0
 21
180.5
 31
0.0
100
AcDbText
 73
2
  0
LINE
  5
293
330
17
100
AcDbEntity
  8
S-CALLOUT
100
AcDbLine
 10
148.0
 20
178.0
 30
0.0
 11
152.3
 21
180.5
 31
0.0
  0
DIMENSION
  5
294
330
17
100
AcDbEntity
  8
S-DIM
100
AcDbDimension
280
0
  2
*D6
  3
A2-DIM
 10
56.75
 20
146.0
 30
0.0
 11
110.5
 21
147.7
 31
0.0
 70
32
 71
5
  1
<>
100
AcDbAlignedDimension
 13
56.75
 23
168.0
 33
0.0
 14
164.25
 24
168.0
 34
0.0
 50
0.0
100
AcDbRotatedDimension
1001
ACAD
1000
DSTYLE
1002
{
1070
144
1040
40.0
1002
}
  0
DIMENSION
  5
2A3
330
17
100
AcDbEntity
  8
S-DIM
100
AcDbDimension
280
0
  2
*D7
  3
A2-DIM
 10
48.0
 20
139.0
 30
0.0
 11
110.5
 21
140.7
 31
0.0
 70
32
 71
5
  1
<>
100
AcDbAlignedDimension
 13
48.0
 23
168.0
 33
0.0
 14
173.0
 24
168.0
 34
0.0
 50
0.0
100
AcDbRotatedDimension
1001
ACAD
1000
DSTYLE
1002
{
1070
144
1040
40.0
1002
}
  0
INSERT
  5
2B2
330
17
100
AcDbEntity
  8
S-LEVEL
100
AcDbBlockReference
  2
A2-LEVEL
 10
174.5
 20
168.0
 30
0.0
  0
TEXT
  5
2B4
330
17
100
AcDbEntity
  8
S-LEVEL
100
AcDbText
 10
177.1
 20
170.6
 30
0.0
 40
1.8
  1
(+)3.650
  7
OpenSans
 11
177.1
 21
170.6
 31
0.0
100
AcDbText
 73
2
  0
CIRCLE
  5
2B5
330
17
100
AcDbEntity
  8
S-TITLE
100
AcDbCircle
 10
48.0
 20
129.0
 30
0.0
 40
4.0
  0
TEXT
  5
2B6
330
17
100
AcDbEntity
  8
S-TITLE
100
AcDbText
 10
48.0
 20
129.0
 30
0.0
 40
3.6720000000000006
  1
3
  7
OpenSans
 72
1
 11
48.0
 21
129.0
 31
0.0
100
AcDbText
 73
2
  0
TEXT
  5
2B7
330
17
100
AcDbEntity
  8
S-TITLE
100
AcDbText
 10
56.2
 20
130.0
 30
0.0
 40
3.572444718782906
  1
BEAM B2 - LONGITUDINAL SECTION  (GRIDS A AND B)
  7
OpenSans
 11
56.2
 21
130.0
 31
0.0
100
AcDbText
  0
LINE
  5
2B8
330
17
100
AcDbEntity
  8
S-TITLE
100
AcDbLine
 10
53.6
 20
128.6
 30
0.0
 11
188.0
 21
128.6
 31
0.0
  0
TEXT
  5
2B9
330
17
100
AcDbEntity
  8
S-TEXT
100
AcDbText
 10
56.2
 20
122.4
 30
0.0
 40
2.2223434411880967
  1
1 : 40   B2 250 x 450,  CLEAR SPAN 4300,  d = 404,  3-T20 TOP + 2-T20 BOTTOM (D1)
  7
OpenSans
 11
56.2
 21
122.4
 31
0.0
100
AcDbText
  0
HATCH
  5
2BA
330
17
100
AcDbEntity
  8
S-HATCH
 62
7
100
AcDbHatch
 10
0.0
 20
0.0
 30
0.0
210
0.0
220
0.0
230
1.0
  2
ANSI31
 70
0
 71
0
 91
1
 92
3
 72
0
 73
1
 93
4
 10
46.0
 20
66.0
 10
71.0
 20
66.0
 10
71.0
 20
111.0
 10
46.0
 20
111.0
 97
0
 75
1
 76
1
 52
0.0
 41
0.45
 77
0
 78
1
 53
45.0
 43
0.0
 44
0.0
 45
-1.0102788136
 46
1.0102788136
 79
0
 98
0
  0
LWPOLYLINE
  5
2BB
330
17
100
AcDbEntity
  8
S-CONCRETE
100
AcDbPolyline
 90
4
 70
1
 10
46.0
 20
66.0
 10
71.0
 20
66.0
 10
71.0
 20
111.0
 10
46.0
 20
111.0
  0
LWPOLYLINE
  5
2BC
330
17
100
AcDbEntity
  8
S-REBAR-STIRRUP
100
AcDbPolyline
 90
4
 70
1
 10
49.4
 20
69.4
 10
67.6
 20
69.4
 10
67.6
 20
107.6
 10
49.4
 20
107.6
  0
LINE
  5
2BD
330
17
100
AcDbEntity
  8
S-REBAR-STIRRUP
100
AcDbLine
 10
67.6
 20
107.6
 30
0.0
 11
66.69999999999999
 21
106.69999999999999
 31
0.0
  0
LINE
  5
2BE
330
17
100
AcDbEntity
  8
S-REBAR-STIRRUP
100
AcDbLine
 10
67.14999999999999
 20
107.6
 30
0.0
 11
66.24999999999999
 21
106.69999999999999
 31
0.0
  0
CIRCLE
  5
2BF
330
17
100
AcDbEntity
  8
S-REBAR-MAIN
100
AcDbCircle
 10
50.6
 20
106.4
 30
0.0
 40
0.8
  0
HATCH
  5
2C0
330
17
100
AcDbEntity
  8
S-REBAR-MAIN
 62
1
100
AcDbHatch
 10
0.0
 20
0.0
 30
0.0
210
0.0
220
0.0
230
1.0
  2
SOLID
 70
1
 71
0
 91
1
 92
3
 72
0
 73
1
 93
16
 10
51.4
 20
106.4
 10
51.33910362600903
 20
106.70614674589208
 10
51.16568542494924
 20
106.96568542494924
 10
50.90614674589207
 20
107.13910362600903
 10
50.6
 20
107.2
 10
50.29385325410793
 20
107.13910362600903
 10
50.034314575050765
 20
106.96568542494924
 10
49.860896373990975
 20
106.70614674589208
 10
49.800000000000004
 20
106.4
 10
49.86089637399097
 20
106.09385325410793
 10
50.034314575050765
 20
105.83431457505077
 10
50.29385325410793
 20
105.66089637399098
 10
50.6
 20
105.60000000000001
 10
50.90614674589207
 20
105.66089637399098
 10
51.16568542494924
 20
105.83431457505077
 10
51.33910362600903
 20
106.09385325410793
 97
0
 75
0
 76
1
 98
0
  0
CIRCLE
  5
2C1
330
17
100
AcDbEntity
  8
S-REBAR-MAIN
100
AcDbCircle
 10
55.86666666666667
 20
106.4
 30
0.0
 40
0.8
  0
HATCH
  5
2C2
330
17
100
AcDbEntity
  8
S-REBAR-MAIN
 62
1
100
AcDbHatch
 10
0.0
 20
0.0
 30
0.0
210
0.0
220
0.0
230
1.0
  2
SOLID
 70
1
 71
0
 91
1
 92
3
 72
0
 73
1
 93
16
 10
56.666666666666664
 20
106.4
 10
56.60577029267569
 20
106.70614674589208
 10
56.432352091615904
 20
106.96568542494924
 10
56.17281341255874
 20
107.13910362600903
 10
55.86666666666667
 20
107.2
 10
55.560519920774595
 20
107.13910362600903
 10
55.30098124171743
 20
106.96568542494924
 10
55.12756304065764
 20
106.70614674589208
 10
55.06666666666667
 20
106.4
 10
55.127563040657634
 20
106.09385325410793
 10
55.30098124171743
 20
105.83431457505077
 10
55.560519920774595
 20
105.66089637399098
 10
55.86666666666667
 20
105.60000000000001
 10
56.17281341255874
 20
105.66089637399098
 10
56.432352091615904
 20
105.83431457505077
 10
56.60577029267569
 20
106.09385325410793
 97
0
 75
0
 76
1
 98
0
  0
CIRCLE
  5
2C3
330
17
100
AcDbEntity
  8
S-REBAR-MAIN
100
AcDbCircle
 10
61.13333333333333
 20
106.4
 30
0.0
 40
0.8
  0
HATCH
  5
2C4
330
17
100
AcDbEntity
  8
S-REBAR-MAIN
 62
1
100
AcDbHatch
 10
0.0
 20
0.0
 30
0.0
210
0.0
220
0.0
230
1.0
  2
SOLID
 70
1
 71
0
 91
1
 92
3
 72
0
 73
1
 93
16
 10
61.93333333333333
 20
106.4
 10
61.87243695934236
 20
106.70614674589208
 10
61.69901875828257
 20
106.96568542494924
 10
61.439480079225405
 20
107.13910362600903
 10
61.13333333333333
 20
107.2
 10
60.82718658744126
 20
107.13910362600903
 10
60.567647908384096
 20
106.96568542494924
 10
60.39422970732431
 20
106.70614674589208
 10
60.333333333333336
 20
106.4
 10
60.3942297073243
 20
106.09385325410793
 10
60.567647908384096
 20
105.83431457505077
 10
60.82718658744126
 20
105.66089637399098
 10
61.13333333333333
 20
105.60000000000001
 10
61.439480079225405
 20
105.66089637399098
 10
61.69901875828257
 20
105.83431457505077
 10
61.87243695934236
 20
106.09385325410793
 97
0
 75
0
 76
1
 98
0
  0
CIRCLE
  5
2C5
330
17
100
AcDbEntity
  8
S-REBAR-MAIN
100
AcDbCircle
 10
66.4
 20
106.4
 30
0.0
 40
0.8
  0
HATCH
  5
2C6
330
17
100
AcDbEntity
  8
S-REBAR-MAIN
 62
1
100
AcDbHatch
 10
0.0
 20
0.0
 30
0.0
210
0.0
220
0.0
230
1.0
  2
SOLID
 70
1
 71
0
 91
1
 92
3
 72
0
 73
1
 93
16
 10
67.2
 20
106.4
 10
67.13910362600903
 20
106.70614674589208
 10
66.96568542494924
 20
106.96568542494924
 10
66.70614674589208
 20
107.13910362600903
 10
66.4
 20
107.2
 10
66.09385325410793
 20
107.13910362600903
 10
65.83431457505077
 20
106.96568542494924
 10
65.66089637399098
 20
106.70614674589208
 10
65.60000000000001
 20
106.4
 10
65.66089637399098
 20
106.09385325410793
 10
65.83431457505077
 20
105.83431457505077
 10
66.09385325410793
 20
105.66089637399098
 10
66.4
 20
105.60000000000001
 10
66.70614674589208
 20
105.66089637399098
 10
66.96568542494924
 20
105.83431457505077
 10
67.13910362600903
 20
106.09385325410793
 97
0
 75
0
 76
1
 98
0
  0
CIRCLE
  5
2C7
330
17
100
AcDbEntity
  8
S-REBAR-MAIN
100
AcDbCircle
 10
50.6
 20
70.6
 30
0.0
 40
0.8
  0
HATCH
  5
2C8
330
17
100
AcDbEntity
  8
S-REBAR-MAIN
 62
1
100
AcDbHatch
 10
0.0
 20
0.0
 30
0.0
210
0.0
220
0.0
230
1.0
  2
SOLID
 70
1
 71
0
 91
1
 92
3
 72
0
 73
1
 93
16
 10
51.4
 20
70.6
 10
51.33910362600903
 20
70.90614674589207
 10
51.16568542494924
 20
71.16568542494923
 10
50.90614674589207
 20
71.33910362600902
 10
50.6
 20
71.39999999999999
 10
50.29385325410793
 20
71.33910362600902
 10
50.034314575050765
 20
71.16568542494923
 10
49.860896373990975
 20
70.90614674589207
 10
49.800000000000004
 20
70.6
 10
49.86089637399097
 20
70.29385325410792
 10
50.034314575050765
 20
70.03431457505076
 10
50.29385325410793
 20
69.86089637399097
 10
50.6
 20
69.8
 10
50.90614674589207
 20
69.86089637399097
 10
51.16568542494924
 20
70.03431457505076
 10
51.33910362600903
 20
70.29385325410792
 97
0
 75
0
 76
1
 98
0
  0
CIRCLE
  5
2C9
330
17
100
AcDbEntity
  8
S-REBAR-MAIN
100
AcDbCircle
 10
66.4
 20
70.6
 30
0.0
 40
0.8
  0
HATCH
  5
2CA
330
17
100
AcDbEntity
  8
S-REBAR-MAIN
 62
1
100
AcDbHatch
 10
0.0
 20
0.0
 30
0.0
210
0.0
220
0.0
230
1.0
  2
SOLID
 70
1
 71
0
 91
1
 92
3
 72
0
 73
1
 93
16
 10
67.2
 20
70.6
 10
67.13910362600903
 20
70.90614674589207
 10
66.96568542494924
 20
71.16568542494923
 10
66.70614674589208
 20
71.33910362600902
 10
66.4
 20
71.39999999999999
 10
66.09385325410793
 20
71.33910362600902
 10
65.83431457505077
 20
71.16568542494923
 10
65.66089637399098
 20
70.90614674589207
 10
65.60000000000001
 20
70.6
 10
65.66089637399098
 20
70.29385325410792
 10
65.83431457505077
 20
70.03431457505076
 10
66.09385325410793
 20
69.86089637399097
 10
66.4
 20
69.8
 10
66.70614674589208
 20
69.86089637399097
 10
66.96568542494924
 20
70.03431457505076
 10
67.13910362600903
 20
70.29385325410792
 97
0
 75
0
 76
1
 98
0
  0
DIMENSION
  5
2CB
330
17
100
AcDbEntity
  8
S-DIM
100
AcDbDimension
280
0
  2
*D8
  3
A2-DIM-S
 10
46.0
 20
61.5
 30
0.0
 11
58.5
 21
63.1
 31
0.0
 70
32
 71
5
  1
<>
100
AcDbAlignedDimension
 13
46.0
 23
66.0
 33
0.0
 14
71.0
 24
66.0
 34
0.0
 50
0.0
100
AcDbRotatedDimension
1001
ACAD
1000
DSTYLE
1002
{
1070
144
1040
10.0
1002
}
  0
DIMENSION
  5
2DA
330
17
100
AcDbEntity
  8
S-DIM
100
AcDbDimension
280
0
  2
*D9
  3
A2-DIM-S
 10
75.5
 20
66.0
 30
0.0
 11
73.9
 21
88.5
 31
0.0
 70
32
 71
5
  1
<>
100
AcDbAlignedDimension
 13
71.0
 23
66.0
 33
0.0
 14
71.0
 24
111.0
 34
0.0
 50
90.0
100
AcDbRotatedDimension
1001
ACAD
1000
DSTYLE
1002
{
1070
144
1040
10.0
1002
}
  0
TEXT
  5
2E9
330
17
100
AcDbEntity
  8
S-SECTION
100
AcDbText
 10
58.5
 20
57.5
 30
0.0
 40
2.0
  1
a-a / b-b
  7
OpenSans
 72
1
 11
58.5
 21
57.5
 31
0.0
100
AcDbText
 73
2
  0
TEXT
  5
2EA
330
17
100
AcDbEntity
  8
S-TEXT
100
AcDbText
 10
58.5
 20
53.5
 30
0.0
 40
1.7
  1
BEAM B1
  7
OpenSans
 72
1
 11
58.5
 21
53.5
 31
0.0
100
AcDbText
 73
2
  0
TEXT
  5
2EB
330
17
100
AcDbEntity
  8
S-TEXT
100
AcDbText
 10
58.5
 20
113.6
 30
0.0
 40
1.7
  1
T8 2L HOOPS
  7
OpenSans
 72
1
 11
58.5
 21
113.6
 31
0.0
100
AcDbText
 73
2
  0
TEXT
  5
2EC
330
17
100
AcDbEntity
  8
S-TEXT
100
AcDbText
 10
58.5
 20
116.6
 30
0.0
 40
1.7
  1
4-T16 TOP + 2-T16 BTM
  7
OpenSans
 72
1
 11
58.5
 21
116.6
 31
0.0
100
AcDbText
 73
2
  0
HATCH
  5
2ED
330
17
100
AcDbEntity
  8
S-HATCH
 62
7
100
AcDbHatch
 10
0.0
 20
0.0
 30
0.0
210
0.0
220
0.0
230
1.0
  2
ANSI31
 70
0
 71
0
 91
1
 92
3
 72
0
 73
1
 93
4
 10
82.0
 20
66.0
 10
107.0
 20
66.0
 10
107.0
 20
111.0
 10
82.0
 20
111.0
 97
0
 75
1
 76
1
 52
0.0
 41
0.45
 77
0
 78
1
 53
45.0
 43
0.0
 44
0.0
 45
-1.0102788136
 46
1.0102788136
 79
0
 98
0
  0
LWPOLYLINE
  5
2EE
330
17
100
AcDbEntity
  8
S-CONCRETE
100
AcDbPolyline
 90
4
 70
1
 10
82.0
 20
66.0
 10
107.0
 20
66.0
 10
107.0
 20
111.0
 10
82.0
 20
111.0
  0
LWPOLYLINE
  5
2EF
330
17
100
AcDbEntity
  8
S-REBAR-STIRRUP
100
AcDbPolyline
 90
4
 70
1
 10
85.4
 20
69.4
 10
103.6
 20
69.4
 10
103.6
 20
107.6
 10
85.4
 20
107.6
  0
LINE
  5
2F0
330
17
100
AcDbEntity
  8
S-REBAR-STIRRUP
100
AcDbLine
 10
103.6
 20
107.6
 30
0.0
 11
102.69999999999999
 21
106.69999999999999
 31
0.0
  0
LINE
  5
2F1
330
17
100
AcDbEntity
  8
S-REBAR-STIRRUP
100
AcDbLine
 10
103.14999999999999
 20
107.6
 30
0.0
 11
102.24999999999999
 21
106.69999999999999
 31
0.0
  0
CIRCLE
  5
2F2
330
17
100
AcDbEntity
  8
S-REBAR-MAIN
100
AcDbCircle
 10
86.8
 20
106.2
 30
0.0
 40
1.0
  0
HATCH
  5
2F3
330
17
100
AcDbEntity
  8
S-REBAR-MAIN
 62
1
100
AcDbHatch
 10
0.0
 20
0.0
 30
0.0
210
0.0
220
0.0
230
1.0
  2
SOLID
 70
1
 71
0
 91
1
 92
3
 72
0
 73
1
 93
16
 10
87.8
 20
106.2
 10
87.72387953251129
 20
106.58268343236509
 10
87.50710678118655
 20
106.90710678118656
 10
87.18268343236508
 20
107.1238795325113
 10
86.8
 20
107.2
 10
86.41731656763491
 20
107.1238795325113
 10
86.09289321881344
 20
106.90710678118656
 10
85.8761204674887
 20
106.58268343236509
 10
85.8
 20
106.2
 10
85.8761204674887
 20
105.81731656763492
 10
86.09289321881344
 20
105.49289321881345
 10
86.41731656763491
 20
105.27612046748871
 10
86.8
 20
105.2
 10
87.18268343236508
 20
105.27612046748871
 10
87.50710678118655
 20
105.49289321881345
 10
87.72387953251129
 20
105.81731656763492
 97
0
 75
0
 76
1
 98
0
  0
CIRCLE
  5
2F4
330
17
100
AcDbEntity
  8
S-REBAR-MAIN
100
AcDbCircle
 10
94.5
 20
106.2
 30
0.0
 40
1.0
  0
HATCH
  5
2F5
330
17
100
AcDbEntity
  8
S-REBAR-MAIN
 62
1
100
AcDbHatch
 10
0.0
 20
0.0
 30
0.0
210
0.0
220
0.0
230
1.0
  2
SOLID
 70
1
 71
0
 91
1
 92
3
 72
0
 73
1
 93
16
 10
95.5
 20
106.2
 10
95.4238795325113
 20
106.58268343236509
 10
95.20710678118655
 20
106.90710678118656
 10
94.88268343236508
 20
107.1238795325113
 10
94.5
 20
107.2
 10
94.11731656763492
 20
107.1238795325113
 10
93.79289321881345
 20
106.90710678118656
 10
93.5761204674887
 20
106.58268343236509
 10
93.5
 20
106.2
 10
93.5761204674887
 20
105.81731656763492
 10
93.79289321881345
 20
105.49289321881345
 10
94.11731656763492
 20
105.27612046748871
 10
94.5
 20
105.2
 10
94.88268343236508
 20
105.27612046748871
 10
95.20710678118655
 20
105.49289321881345
 10
95.4238795325113
 20
105.81731656763492
 97
0
 75
0
 76
1
 98
0
  0
CIRCLE
  5
2F6
330
17
100
AcDbEntity
  8
S-REBAR-MAIN
100
AcDbCircle
 10
102.2
 20
106.2
 30
0.0
 40
1.0
  0
HATCH
  5
2F7
330
17
100
AcDbEntity
  8
S-REBAR-MAIN
 62
1
100
AcDbHatch
 10
0.0
 20
0.0
 30
0.0
210
0.0
220
0.0
230
1.0
  2
SOLID
 70
1
 71
0
 91
1
 92
3
 72
0
 73
1
 93
16
 10
103.2
 20
106.2
 10
103.1238795325113
 20
106.58268343236509
 10
102.90710678118656
 20
106.90710678118656
 10
102.58268343236509
 20
107.1238795325113
 10
102.2
 20
107.2
 10
101.81731656763492
 20
107.1238795325113
 10
101.49289321881345
 20
106.90710678118656
 10
101.27612046748871
 20
106.58268343236509
 10
101.2
 20
106.2
 10
101.27612046748871
 20
105.81731656763492
 10
101.49289321881345
 20
105.49289321881345
 10
101.81731656763492
 20
105.27612046748871
 10
102.2
 20
105.2
 10
102.58268343236509
 20
105.27612046748871
 10
102.90710678118656
 20
105.49289321881345
 10
103.1238795325113
 20
105.81731656763492
 97
0
 75
0
 76
1
 98
0
  0
CIRCLE
  5
2F8
330
17
100
AcDbEntity
  8
S-REBAR-MAIN
100
AcDbCircle
 10
86.8
 20
70.8
 30
0.0
 40
1.0
  0
HATCH
  5
2F9
330
17
100
AcDbEntity
  8
S-REBAR-MAIN
 62
1
100
AcDbHatch
 10
0.0
 20
0.0
 30
0.0
210
0.0
220
0.0
230
1.0
  2
SOLID
 70
1
 71
0
 91
1
 92
3
 72
0
 73
1
 93
16
 10
87.8
 20
70.8
 10
87.72387953251129
 20
71.18268343236508
 10
87.50710678118655
 20
71.50710678118655
 10
87.18268343236508
 20
71.72387953251129
 10
86.8
 20
71.8
 10
86.41731656763491
 20
71.72387953251129
 10
86.09289321881344
 20
71.50710678118655
 10
85.8761204674887
 20
71.18268343236508
 10
85.8
 20
70.8
 10
85.8761204674887
 20
70.41731656763491
 10
86.09289321881344
 20
70.09289321881344
 10
86.41731656763491
 20
69.8761204674887
 10
86.8
 20
69.8
 10
87.18268343236508
 20
69.8761204674887
 10
87.50710678118655
 20
70.09289321881344
 10
87.72387953251129
 20
70.41731656763491
 97
0
 75
0
 76
1
 98
0
  0
CIRCLE
  5
2FA
330
17
100
AcDbEntity
  8
S-REBAR-MAIN
100
AcDbCircle
 10
102.2
 20
70.8
 30
0.0
 40
1.0
  0
HATCH
  5
2FB
330
17
100
AcDbEntity
  8
S-REBAR-MAIN
 62
1
100
AcDbHatch
 10
0.0
 20
0.0
 30
0.0
210
0.0
220
0.0
230
1.0
  2
SOLID
 70
1
 71
0
 91
1
 92
3
 72
0
 73
1
 93
16
 10
103.2
 20
70.8
 10
103.1238795325113
 20
71.18268343236508
 10
102.90710678118656
 20
71.50710678118655
 10
102.58268343236509
 20
71.72387953251129
 10
102.2
 20
71.8
 10
101.81731656763492
 20
71.72387953251129
 10
101.49289321881345
 20
71.50710678118655
 10
101.27612046748871
 20
71.18268343236508
 10
101.2
 20
70.8
 10
101.27612046748871
 20
70.41731656763491
 10
101.49289321881345
 20
70.09289321881344
 10
101.81731656763492
 20
69.8761204674887
 10
102.2
 20
69.8
 10
102.58268343236509
 20
69.8761204674887
 10
102.90710678118656
 20
70.09289321881344
 10
103.1238795325113
 20
70.41731656763491
 97
0
 75
0
 76
1
 98
0
  0
DIMENSION
  5
2FC
330
17
100
AcDbEntity
  8
S-DIM
100
AcDbDimension
280
0
  2
*D10
  3
A2-DIM-S
 10
82.0
 20
61.5
 30
0.0
 11
94.5
 21
63.1
 31
0.0
 70
32
 71
5
  1
<>
100
AcDbAlignedDimension
 13
82.0
 23
66.0
 33
0.0
 14
107.0
 24
66.0
 34
0.0
 50
0.0
100
AcDbRotatedDimension
1001
ACAD
1000
DSTYLE
1002
{
1070
144
1040
10.0
1002
}
  0
TEXT
  5
30B
330
17
100
AcDbEntity
  8
S-SECTION
100
AcDbText
 10
94.5
 20
57.5
 30
0.0
 40
2.0
  1
c-c / d-d
  7
OpenSans
 72
1
 11
94.5
 21
57.5
 31
0.0
100
AcDbText
 73
2
  0
TEXT
  5
30C
330
17
100
AcDbEntity
  8
S-TEXT
100
AcDbText
 10
94.5
 20
53.5
 30
0.0
 40
1.7
  1
BEAM B2
  7
OpenSans
 72
1
 11
94.5
 21
53.5
 31
0.0
100
AcDbText
 73
2
  0
TEXT
  5
30D
330
17
100
AcDbEntity
  8
S-TEXT
100
AcDbText
 10
94.5
 20
113.6
 30
0.0
 40
1.7
  1
T8 2L HOOPS
  7
OpenSans
 72
1
 11
94.5
 21
113.6
 31
0.0
100
AcDbText
 73
2
  0
TEXT
  5
30E
330
17
100
AcDbEntity
  8
S-TEXT
100
AcDbText
 10
94.5
 20
116.6
 30
0.0
 40
1.7
  1
3-T20 TOP + 2-T20 BTM
  7
OpenSans
 72
1
 11
94.5
 21
116.6
 31
0.0
100
AcDbText
 73
2
  0
HATCH
  5
30F
330
17
100
AcDbEntity
  8
S-HATCH
 62
7
100
AcDbHatch
 10
0.0
 20
0.0
 30
0.0
210
0.0
220
0.0
230
1.0
  2
ANSI31
 70
0
 71
0
 91
1
 92
3
 72
0
 73
1
 93
4
 10
114.0
 20
71.0
 10
149.0
 20
71.0
 10
149.0
 20
106.0
 10
114.0
 20
106.0
 97
0
 75
1
 76
1
 52
0.0
 41
0.45
 77
0
 78
1
 53
45.0
 43
0.0
 44
0.0
 45
-1.0102788136
 46
1.0102788136
 79
0
 98
0
  0
LWPOLYLINE
  5
310
330
17
100
AcDbEntity
  8
S-CONCRETE
100
AcDbPolyline
 90
4
 70
1
 10
114.0
 20
71.0
 10
149.0
 20
71.0
 10
149.0
 20
106.0
 10
114.0
 20
106.0
  0
LWPOLYLINE
  5
311
330
17
100
AcDbEntity
  8
S-REBAR-STIRRUP
100
AcDbPolyline
 90
4
 70
1
 10
118.0
 20
75.0
 10
145.0
 20
75.0
 10
145.0
 20
102.0
 10
118.0
 20
102.0
  0
LINE
  5
312
330
17
100
AcDbEntity
  8
S-REBAR-STIRRUP
100
AcDbLine
 10
145.0
 20
102.0
 30
0.0
 11
144.0
 21
101.0
 31
0.0
  0
LINE
  5
313
330
17
100
AcDbEntity
  8
S-REBAR-STIRRUP
100
AcDbLine
 10
144.55
 20
102.0
 30
0.0
 11
143.55
 21
101.0
 31
0.0
  0
LINE
  5
314
330
17
100
AcDbEntity
  8
S-REBAR-STIRRUP
100
AcDbLine
 10
119.0
 20
88.5
 30
0.0
 11
144.0
 21
88.5
 31
0.0
  0
LINE
  5
315
330
17
100
AcDbEntity
  8
S-REBAR-STIRRUP
100
AcDbLine
 10
131.5
 20
76.0
 30
0.0
 11
131.5
 21
101.0
 31
0.0
  0
CIRCLE
  5
316
330
17
100
AcDbEntity
  8
S-REBAR-MAIN
100
AcDbCircle
 10
119.8
 20
76.8
 30
0.0
 40
0.8
  0
HATCH
  5
317
330
17
100
AcDbEntity
  8
S-REBAR-MAIN
 62
1
100
AcDbHatch
 10
0.0
 20
0.0
 30
0.0
210
0.0
220
0.0
230
1.0
  2
SOLID
 70
1
 71
0
 91
1
 92
3
 72
0
 73
1
 93
16
 10
120.6
 20
76.8
 10
120.53910362600902
 20
77.10614674589208
 10
120.36568542494923
 20
77.36568542494923
 10
120.10614674589208
 20
77.53910362600902
 10
119.8
 20
77.6
 10
119.49385325410792
 20
77.53910362600902
 10
119.23431457505076
 20
77.36568542494923
 10
119.06089637399097
 20
77.10614674589208
 10
119.0
 20
76.8
 10
119.06089637399097
 20
76.49385325410792
 10
119.23431457505076
 20
76.23431457505076
 10
119.49385325410792
 20
76.06089637399097
 10
119.8
 20
76.0
 10
120.10614674589208
 20
76.06089637399097
 10
120.36568542494923
 20
76.23431457505076
 10
120.53910362600902
 20
76.49385325410792
 97
0
 75
0
 76
1
 98
0
  0
CIRCLE
  5
318
330
17
100
AcDbEntity
  8
S-REBAR-MAIN
100
AcDbCircle
 10
119.8
 20
88.5
 30
0.0
 40
0.8
  0
HATCH
  5
319
330
17
100
AcDbEntity
  8
S-REBAR-MAIN
 62
1
100
AcDbHatch
 10
0.0
 20
0.0
 30
0.0
210
0.0
220
0.0
230
1.0
  2
SOLID
 70
1
 71
0
 91
1
 92
3
 72
0
 73
1
 93
16
 10
120.6
 20
88.5
 10
120.53910362600902
 20
88.80614674589208
 10
120.36568542494923
 20
89.06568542494924
 10
120.10614674589208
 20
89.23910362600903
 10
119.8
 20
89.3
 10
119.49385325410792
 20
89.23910362600903
 10
119.23431457505076
 20
89.06568542494924
 10
119.06089637399097
 20
88.80614674589208
 10
119.0
 20
88.5
 10
119.06089637399097
 20
88.19385325410792
 10
119.23431457505076
 20
87.93431457505076
 10
119.49385325410792
 20
87.76089637399097
 10
119.8
 20
87.7
 10
120.10614674589208
 20
87.76089637399097
 10
120.36568542494923
 20
87.93431457505076
 10
120.53910362600902
 20
88.19385325410792
 97
0
 75
0
 76
1
 98
0
  0
CIRCLE
  5
31A
330
17
100
AcDbEntity
  8
S-REBAR-MAIN
100
AcDbCircle
 10
119.8
 20
100.19999999999999
 30
0.0
 40
0.8
  0
HATCH
  5
31B
330
17
100
AcDbEntity
  8
S-REBAR-MAIN
 62
1
100
AcDbHatch
 10
0.0
 20
0.0
 30
0.0
210
0.0
220
0.0
230
1.0
  2
SOLID
 70
1
 71
0
 91
1
 92
3
 72
0
 73
1
 93
16
 10
120.6
 20
100.19999999999999
 10
120.53910362600902
 20
100.50614674589207
 10
120.36568542494923
 20
100.76568542494923
 10
120.10614674589208
 20
100.93910362600901
 10
119.8
 20
100.99999999999999
 10
119.49385325410792
 20
100.93910362600901
 10
119.23431457505076
 20
100.76568542494923
 10
119.06089637399097
 20
100.50614674589207
 10
119.0
 20
100.19999999999999
 10
119.06089637399097
 20
99.89385325410791
 10
119.23431457505076
 20
99.63431457505075
 10
119.49385325410792
 20
99.46089637399096
 10
119.8
 20
99.39999999999999
 10
120.10614674589208
 20
99.46089637399096
 10
120.36568542494923
 20
99.63431457505075
 10
120.53910362600902
 20
99.89385325410791
 97
0
 75
0
 76
1
 98
0
  0
CIRCLE
  5
31C
330
17
100
AcDbEntity
  8
S-REBAR-MAIN
100
AcDbCircle
 10
131.5
 20
76.8
 30
0.0
 40
0.8
  0
HATCH
  5
31D
330
17
100
AcDbEntity
  8
S-REBAR-MAIN
 62
1
100
AcDbHatch
 10
0.0
 20
0.0
 30
0.0
210
0.0
220
0.0
230
1.0
  2
SOLID
 70
1
 71
0
 91
1
 92
3
 72
0
 73
1
 93
16
 10
132.3
 20
76.8
 10
132.23910362600904
 20
77.10614674589208
 10
132.06568542494924
 20
77.36568542494923
 10
131.80614674589208
 20
77.53910362600902
 10
131.5
 20
77.6
 10
131.19385325410792
 20
77.53910362600902
 10
130.93431457505076
 20
77.36568542494923
 10
130.76089637399096
 20
77.10614674589208
 10
130.7
 20
76.8
 10
130.76089637399096
 20
76.49385325410792
 10
130.93431457505076
 20
76.23431457505076
 10
131.19385325410792
 20
76.06089637399097
 10
131.5
 20
76.0
 10
131.80614674589208
 20
76.06089637399097
 10
132.06568542494924
 20
76.23431457505076
 10
132.23910362600904
 20
76.49385325410792
 97
0
 75
0
 76
1
 98
0
  0
CIRCLE
  5
31E
330
17
100
AcDbEntity
  8
S-REBAR-MAIN
100
AcDbCircle
 10
131.5
 20
100.19999999999999
 30
0.0
 40
0.8
  0
HATCH
  5
31F
330
17
100
AcDbEntity
  8
S-REBAR-MAIN
 62
1
100
AcDbHatch
 10
0.0
 20
0.0
 30
0.0
210
0.0
220
0.0
230
1.0
  2
SOLID
 70
1
 71
0
 91
1
 92
3
 72
0
 73
1
 93
16
 10
132.3
 20
100.19999999999999
 10
132.23910362600904
 20
100.50614674589207
 10
132.06568542494924
 20
100.76568542494923
 10
131.80614674589208
 20
100.93910362600901
 10
131.5
 20
100.99999999999999
 10
131.19385325410792
 20
100.93910362600901
 10
130.93431457505076
 20
100.76568542494923
 10
130.76089637399096
 20
100.50614674589207
 10
130.7
 20
100.19999999999999
 10
130.76089637399096
 20
99.89385325410791
 10
130.93431457505076
 20
99.63431457505075
 10
131.19385325410792
 20
99.46089637399096
 10
131.5
 20
99.39999999999999
 10
131.80614674589208
 20
99.46089637399096
 10
132.06568542494924
 20
99.63431457505075
 10
132.23910362600904
 20
99.89385325410791
 97
0
 75
0
 76
1
 98
0
  0
CIRCLE
  5
320
330
17
100
AcDbEntity
  8
S-REBAR-MAIN
100
AcDbCircle
 10
143.2
 20
76.8
 30
0.0
 40
0.8
  0
HATCH
  5
321
330
17
100
AcDbEntity
  8
S-REBAR-MAIN
 62
1
100
AcDbHatch
 10
0.0
 20
0.0
 30
0.0
210
0.0
220
0.0
230
1.0
  2
SOLID
 70
1
 71
0
 91
1
 92
3
 72
0
 73
1
 93
16
 10
144.0
 20
76.8
 10
143.93910362600903
 20
77.10614674589208
 10
143.76568542494923
 20
77.36568542494923
 10
143.50614674589207
 20
77.53910362600902
 10
143.2
 20
77.6
 10
142.8938532541079
 20
77.53910362600902
 10
142.63431457505075
 20
77.36568542494923
 10
142.46089637399095
 20
77.10614674589208
 10
142.39999999999998
 20
76.8
 10
142.46089637399095
 20
76.49385325410792
 10
142.63431457505075
 20
76.23431457505076
 10
142.8938532541079
 20
76.06089637399097
 10
143.2
 20
76.0
 10
143.50614674589207
 20
76.06089637399097
 10
143.76568542494923
 20
76.23431457505076
 10
143.93910362600903
 20
76.49385325410792
 97
0
 75
0
 76
1
 98
0
  0
CIRCLE
  5
322
330
17
100
AcDbEntity
  8
S-REBAR-MAIN
100
AcDbCircle
 10
143.2
 20
88.5
 30
0.0
 40
0.8
  0
HATCH
  5
323
330
17
100
AcDbEntity
  8
S-REBAR-MAIN
 62
1
100
AcDbHatch
 10
0.0
 20
0.0
 30
0.0
210
0.0
220
0.0
230
1.0
  2
SOLID
 70
1
 71
0
 91
1
 92
3
 72
0
 73
1
 93
16
 10
144.0
 20
88.5
 10
143.93910362600903
 20
88.80614674589208
 10
143.76568542494923
 20
89.06568542494924
 10
143.50614674589207
 20
89.23910362600903
 10
143.2
 20
89.3
 10
142.8938532541079
 20
89.23910362600903
 10
142.63431457505075
 20
89.06568542494924
 10
142.46089637399095
 20
88.80614674589208
 10
142.39999999999998
 20
88.5
 10
142.46089637399095
 20
88.19385325410792
 10
142.63431457505075
 20
87.93431457505076
 10
142.8938532541079
 20
87.76089637399097
 10
143.2
 20
87.7
 10
143.50614674589207
 20
87.76089637399097
 10
143.76568542494923
 20
87.93431457505076
 10
143.93910362600903
 20
88.19385325410792
 97
0
 75
0
 76
1
 98
0
  0
CIRCLE
  5
324
330
17
100
AcDbEntity
  8
S-REBAR-MAIN
100
AcDbCircle
 10
143.2
 20
100.19999999999999
 30
0.0
 40
0.8
  0
HATCH
  5
325
330
17
100
AcDbEntity
  8
S-REBAR-MAIN
 62
1
100
AcDbHatch
 10
0.0
 20
0.0
 30
0.0
210
0.0
220
0.0
230
1.0
  2
SOLID
 70
1
 71
0
 91
1
 92
3
 72
0
 73
1
 93
16
 10
144.0
 20
100.19999999999999
 10
143.93910362600903
 20
100.50614674589207
 10
143.76568542494923
 20
100.76568542494923
 10
143.50614674589207
 20
100.93910362600901
 10
143.2
 20
100.99999999999999
 10
142.8938532541079
 20
100.93910362600901
 10
142.63431457505075
 20
100.76568542494923
 10
142.46089637399095
 20
100.50614674589207
 10
142.39999999999998
 20
100.19999999999999
 10
142.46089637399095
 20
99.89385325410791
 10
142.63431457505075
 20
99.63431457505075
 10
142.8938532541079
 20
99.46089637399096
 10
143.2
 20
99.39999999999999
 10
143.50614674589207
 20
99.46089637399096
 10
143.76568542494923
 20
99.63431457505075
 10
143.93910362600903
 20
99.89385325410791
 97
0
 75
0
 76
1
 98
0
  0
DIMENSION
  5
326
330
17
100
AcDbEntity
  8
S-DIM
100
AcDbDimension
280
0
  2
*D11
  3
A2-DIM-S
 10
114.0
 20
66.5
 30
0.0
 11
131.5
 21
68.1
 31
0.0
 70
32
 71
5
  1
<>
100
AcDbAlignedDimension
 13
114.0
 23
71.0
 33
0.0
 14
149.0
 24
71.0
 34
0.0
 50
0.0
100
AcDbRotatedDimension
1001
ACAD
1000
DSTYLE
1002
{
1070
144
1040
10.0
1002
}
  0
TEXT
  5
335
330
17
100
AcDbEntity
  8
S-SECTION
100
AcDbText
 10
131.5
 20
57.5
 30
0.0
 40
2.0
  1
3 - 3
  7
OpenSans
 72
1
 11
131.5
 21
57.5
 31
0.0
100
AcDbText
 73
2
  0
TEXT
  5
336
330
17
100
AcDbEntity
  8
S-TEXT
100
AcDbText
 10
131.5
 20
53.5
 30
0.0
 40
1.7
  1
C1 CONFINING ZONE
  7
OpenSans
 72
1
 11
131.5
 21
53.5
 31
0.0
100
AcDbText
 73
2
  0
TEXT
  5
337
330
17
100
AcDbEntity
  8
S-TEXT
100
AcDbText
 10
131.5
 20
108.6
 30
0.0
 40
1.7
  1
T10 HOOP + 1 CROSS-TIE E/W @ 85
  7
OpenSans
 72
1
 11
131.5
 21
108.6
 31
0.0
100
AcDbText
 73
2
  0
TEXT
  5
338
330
17
100
AcDbEntity
  8
S-TEXT
100
AcDbText
 10
131.5
 20
111.6
 30
0.0
 40
1.7
  1
8-T16   (p = 1.31 %)
  7
OpenSans
 72
1
 11
131.5
 21
111.6
 31
0.0
100
AcDbText
 73
2
  0
HATCH
  5
339
330
17
100
AcDbEntity
  8
S-HATCH
 62
7
100
AcDbHatch
 10
0.0
 20
0.0
 30
0.0
210
0.0
220
0.0
230
1.0
  2
ANSI31
 70
0
 71
0
 91
1
 92
3
 72
0
 73
1
 93
4
 10
152.0
 20
71.0
 10
187.0
 20
71.0
 10
187.0
 20
106.0
 10
152.0
 20
106.0
 97
0
 75
1
 76
1
 52
0.0
 41
0.45
 77
0
 78
1
 53
45.0
 43
0.0
 44
0.0
 45
-1.0102788136
 46
1.0102788136
 79
0
 98
0
  0
LWPOLYLINE
  5
33A
330
17
100
AcDbEntity
  8
S-CONCRETE
100
AcDbPolyline
 90
4
 70
1
 10
152.0
 20
71.0
 10
187.0
 20
71.0
 10
187.0
 20
106.0
 10
152.0
 20
106.0
  0
LWPOLYLINE
  5
33B
330
17
100
AcDbEntity
  8
S-REBAR-STIRRUP
100
AcDbPolyline
 90
4
 70
1
 10
156.0
 20
75.0
 10
183.0
 20
75.0
 10
183.0
 20
102.0
 10
156.0
 20
102.0
  0
LINE
  5
33C
330
17
100
AcDbEntity
  8
S-REBAR-STIRRUP
100
AcDbLine
 10
183.0
 20
102.0
 30
0.0
 11
182.0
 21
101.0
 31
0.0
  0
LINE
  5
33D
330
17
100
AcDbEntity
  8
S-REBAR-STIRRUP
100
AcDbLine
 10
182.55
 20
102.0
 30
0.0
 11
181.55
 21
101.0
 31
0.0
  0
CIRCLE
  5
33E
330
17
100
AcDbEntity
  8
S-REBAR-MAIN
100
AcDbCircle
 10
157.8
 20
76.8
 30
0.0
 40
0.8
  0
HATCH
  5
33F
330
17
100
AcDbEntity
  8
S-REBAR-MAIN
 62
1
100
AcDbHatch
 10
0.0
 20
0.0
 30
0.0
210
0.0
220
0.0
230
1.0
  2
SOLID
 70
1
 71
0
 91
1
 92
3
 72
0
 73
1
 93
16
 10
158.60000000000002
 20
76.8
 10
158.53910362600905
 20
77.10614674589208
 10
158.36568542494925
 20
77.36568542494923
 10
158.1061467458921
 20
77.53910362600902
 10
157.8
 20
77.6
 10
157.49385325410793
 20
77.53910362600902
 10
157.23431457505077
 20
77.36568542494923
 10
157.06089637399097
 20
77.10614674589208
 10
157.0
 20
76.8
 10
157.06089637399097
 20
76.49385325410792
 10
157.23431457505077
 20
76.23431457505076
 10
157.49385325410793
 20
76.06089637399097
 10
157.8
 20
76.0
 10
158.1061467458921
 20
76.06089637399097
 10
158.36568542494925
 20
76.23431457505076
 10
158.53910362600905
 20
76.49385325410792
 97
0
 75
0
 76
1
 98
0
  0
CIRCLE
  5
340
330
17
100
AcDbEntity
  8
S-REBAR-MAIN
100
AcDbCircle
 10
157.8
 20
88.5
 30
0.0
 40
0.8
  0
HATCH
  5
341
330
17
100
AcDbEntity
  8
S-REBAR-MAIN
 62
1
100
AcDbHatch
 10
0.0
 20
0.0
 30
0.0
210
0.0
220
0.0
230
1.0
  2
SOLID
 70
1
 71
0
 91
1
 92
3
 72
0
 73
1
 93
16
 10
158.60000000000002
 20
88.5
 10
158.53910362600905
 20
88.80614674589208
 10
158.36568542494925
 20
89.06568542494924
 10
158.1061467458921
 20
89.23910362600903
 10
157.8
 20
89.3
 10
157.49385325410793
 20
89.23910362600903
 10
157.23431457505077
 20
89.06568542494924
 10
157.06089637399097
 20
88.80614674589208
 10
157.0
 20
88.5
 10
157.06089637399097
 20
88.19385325410792
 10
157.23431457505077
 20
87.93431457505076
 10
157.49385325410793
 20
87.76089637399097
 10
157.8
 20
87.7
 10
158.1061467458921
 20
87.76089637399097
 10
158.36568542494925
 20
87.93431457505076
 10
158.53910362600905
 20
88.19385325410792
 97
0
 75
0
 76
1
 98
0
  0
CIRCLE
  5
342
330
17
100
AcDbEntity
  8
S-REBAR-MAIN
100
AcDbCircle
 10
157.8
 20
100.19999999999999
 30
0.0
 40
0.8
  0
HATCH
  5
343
330
17
100
AcDbEntity
  8
S-REBAR-MAIN
 62
1
100
AcDbHatch
 10
0.0
 20
0.0
 30
0.0
210
0.0
220
0.0
230
1.0
  2
SOLID
 70
1
 71
0
 91
1
 92
3
 72
0
 73
1
 93
16
 10
158.60000000000002
 20
100.19999999999999
 10
158.53910362600905
 20
100.50614674589207
 10
158.36568542494925
 20
100.76568542494923
 10
158.1061467458921
 20
100.93910362600901
 10
157.8
 20
100.99999999999999
 10
157.49385325410793
 20
100.93910362600901
 10
157.23431457505077
 20
100.76568542494923
 10
157.06089637399097
 20
100.50614674589207
 10
157.0
 20
100.19999999999999
 10
157.06089637399097
 20
99.89385325410791
 10
157.23431457505077
 20
99.63431457505075
 10
157.49385325410793
 20
99.46089637399096
 10
157.8
 20
99.39999999999999
 10
158.1061467458921
 20
99.46089637399096
 10
158.36568542494925
 20
99.63431457505075
 10
158.53910362600905
 20
99.89385325410791
 97
0
 75
0
 76
1
 98
0
  0
CIRCLE
  5
344
330
17
100
AcDbEntity
  8
S-REBAR-MAIN
100
AcDbCircle
 10
169.5
 20
76.8
 30
0.0
 40
0.8
  0
HATCH
  5
345
330
17
100
AcDbEntity
  8
S-REBAR-MAIN
 62
1
100
AcDbHatch
 10
0.0
 20
0.0
 30
0.0
210
0.0
220
0.0
230
1.0
  2
SOLID
 70
1
 71
0
 91
1
 92
3
 72
0
 73
1
 93
16
 10
170.3
 20
76.8
 10
170.23910362600904
 20
77.10614674589208
 10
170.06568542494924
 20
77.36568542494923
 10
169.80614674589208
 20
77.53910362600902
 10
169.5
 20
77.6
 10
169.19385325410792
 20
77.53910362600902
 10
168.93431457505076
 20
77.36568542494923
 10
168.76089637399096
 20
77.10614674589208
 10
168.7
 20
76.8
 10
168.76089637399096
 20
76.49385325410792
 10
168.93431457505076
 20
76.23431457505076
 10
169.19385325410792
 20
76.06089637399097
 10
169.5
 20
76.0
 10
169.80614674589208
 20
76.06089637399097
 10
170.06568542494924
 20
76.23431457505076
 10
170.23910362600904
 20
76.49385325410792
 97
0
 75
0
 76
1
 98
0
  0
CIRCLE
  5
346
330
17
100
AcDbEntity
  8
S-REBAR-MAIN
100
AcDbCircle
 10
169.5
 20
100.19999999999999
 30
0.0
 40
0.8
  0
HATCH
  5
347
330
17
100
AcDbEntity
  8
S-REBAR-MAIN
 62
1
100
AcDbHatch
 10
0.0
 20
0.0
 30
0.0
210
0.0
220
0.0
230
1.0
  2
SOLID
 70
1
 71
0
 91
1
 92
3
 72
0
 73
1
 93
16
 10
170.3
 20
100.19999999999999
 10
170.23910362600904
 20
100.50614674589207
 10
170.06568542494924
 20
100.76568542494923
 10
169.80614674589208
 20
100.93910362600901
 10
169.5
 20
100.99999999999999
 10
169.19385325410792
 20
100.93910362600901
 10
168.93431457505076
 20
100.76568542494923
 10
168.76089637399096
 20
100.50614674589207
 10
168.7
 20
100.19999999999999
 10
168.76089637399096
 20
99.89385325410791
 10
168.93431457505076
 20
99.63431457505075
 10
169.19385325410792
 20
99.46089637399096
 10
169.5
 20
99.39999999999999
 10
169.80614674589208
 20
99.46089637399096
 10
170.06568542494924
 20
99.63431457505075
 10
170.23910362600904
 20
99.89385325410791
 97
0
 75
0
 76
1
 98
0
  0
CIRCLE
  5
348
330
17
100
AcDbEntity
  8
S-REBAR-MAIN
100
AcDbCircle
 10
181.20000000000002
 20
76.8
 30
0.0
 40
0.8
  0
HATCH
  5
349
330
17
100
AcDbEntity
  8
S-REBAR-MAIN
 62
1
100
AcDbHatch
 10
0.0
 20
0.0
 30
0.0
210
0.0
220
0.0
230
1.0
  2
SOLID
 70
1
 71
0
 91
1
 92
3
 72
0
 73
1
 93
16
 10
182.00000000000003
 20
76.8
 10
181.93910362600906
 20
77.10614674589208
 10
181.76568542494925
 20
77.36568542494923
 10
181.5061467458921
 20
77.53910362600902
 10
181.20000000000002
 20
77.6
 10
180.89385325410794
 20
77.53910362600902
 10
180.63431457505078
 20
77.36568542494923
 10
180.46089637399098
 20
77.10614674589208
 10
180.4
 20
76.8
 10
180.46089637399098
 20
76.49385325410792
 10
180.63431457505078
 20
76.23431457505076
 10
180.89385325410794
 20
76.06089637399097
 10
181.20000000000002
 20
76.0
 10
181.5061467458921
 20
76.06089637399097
 10
181.76568542494925
 20
76.23431457505076
 10
181.93910362600906
 20
76.49385325410792
 97
0
 75
0
 76
1
 98
0
  0
CIRCLE
  5
34A
330
17
100
AcDbEntity
  8
S-REBAR-MAIN
100
AcDbCircle
 10
181.20000000000002
 20
88.5
 30
0.0
 40
0.8
  0
HATCH
  5
34B
330
17
100
AcDbEntity
  8
S-REBAR-MAIN
 62
1
100
AcDbHatch
 10
0.0
 20
0.0
 30
0.0
210
0.0
220
0.0
230
1.0
  2
SOLID
 70
1
 71
0
 91
1
 92
3
 72
0
 73
1
 93
16
 10
182.00000000000003
 20
88.5
 10
181.93910362600906
 20
88.80614674589208
 10
181.76568542494925
 20
89.06568542494924
 10
181.5061467458921
 20
89.23910362600903
 10
181.20000000000002
 20
89.3
 10
180.89385325410794
 20
89.23910362600903
 10
180.63431457505078
 20
89.06568542494924
 10
180.46089637399098
 20
88.80614674589208
 10
180.4
 20
88.5
 10
180.46089637399098
 20
88.19385325410792
 10
180.63431457505078
 20
87.93431457505076
 10
180.89385325410794
 20
87.76089637399097
 10
181.20000000000002
 20
87.7
 10
181.5061467458921
 20
87.76089637399097
 10
181.76568542494925
 20
87.93431457505076
 10
181.93910362600906
 20
88.19385325410792
 97
0
 75
0
 76
1
 98
0
  0
CIRCLE
  5
34C
330
17
100
AcDbEntity
  8
S-REBAR-MAIN
100
AcDbCircle
 10
181.20000000000002
 20
100.19999999999999
 30
0.0
 40
0.8
  0
HATCH
  5
34D
330
17
100
AcDbEntity
  8
S-REBAR-MAIN
 62
1
100
AcDbHatch
 10
0.0
 20
0.0
 30
0.0
210
0.0
220
0.0
230
1.0
  2
SOLID
 70
1
 71
0
 91
1
 92
3
 72
0
 73
1
 93
16
 10
182.00000000000003
 20
100.19999999999999
 10
181.93910362600906
 20
100.50614674589207
 10
181.76568542494925
 20
100.76568542494923
 10
181.5061467458921
 20
100.93910362600901
 10
181.20000000000002
 20
100.99999999999999
 10
180.89385325410794
 20
100.93910362600901
 10
180.63431457505078
 20
100.76568542494923
 10
180.46089637399098
 20
100.50614674589207
 10
180.4
 20
100.19999999999999
 10
180.46089637399098
 20
99.89385325410791
 10
180.63431457505078
 20
99.63431457505075
 10
180.89385325410794
 20
99.46089637399096
 10
181.20000000000002
 20
99.39999999999999
 10
181.5061467458921
 20
99.46089637399096
 10
181.76568542494925
 20
99.63431457505075
 10
181.93910362600906
 20
99.89385325410791
 97
0
 75
0
 76
1
 98
0
  0
DIMENSION
  5
34E
330
17
100
AcDbEntity
  8
S-DIM
100
AcDbDimension
280
0
  2
*D12
  3
A2-DIM-S
 10
152.0
 20
66.5
 30
0.0
 11
169.5
 21
68.1
 31
0.0
 70
32
 71
5
  1
<>
100
AcDbAlignedDimension
 13
152.0
 23
71.0
 33
0.0
 14
187.0
 24
71.0
 34
0.0
 50
0.0
100
AcDbRotatedDimension
1001
ACAD
1000
DSTYLE
1002
{
1070
144
1040
10.0
1002
}
  0
TEXT
  5
35D
330
17
100
AcDbEntity
  8
S-SECTION
100
AcDbText
 10
169.5
 20
57.5
 30
0.0
 40
2.0
  1
4 - 4
  7
OpenSans
 72
1
 11
169.5
 21
57.5
 31
0.0
100
AcDbText
 73
2
  0
TEXT
  5
35E
330
17
100
AcDbEntity
  8
S-TEXT
100
AcDbText
 10
169.5
 20
53.5
 30
0.0
 40
1.7
  1
C1 GENERAL
  7
OpenSans
 72
1
 11
169.5
 21
53.5
 31
0.0
100
AcDbText
 73
2
  0
TEXT
  5
35F
330
17
100
AcDbEntity
  8
S-TEXT
100
AcDbText
 10
169.5
 20
108.6
 30
0.0
 40
1.7
  1
T8 HOOP @ 150
  7
OpenSans
 72
1
 11
169.5
 21
108.6
 31
0.0
100
AcDbText
 73
2
  0
TEXT
  5
360
330
17
100
AcDbEntity
  8
S-TEXT
100
AcDbText
 10
169.5
 20
111.6
 30
0.0
 40
1.7
  1
8-T16   (p = 1.31 %)
  7
OpenSans
 72
1
 11
169.5
 21
111.6
 31
0.0
100
AcDbText
 73
2
  0
CIRCLE
  5
361
330
17
100
AcDbEntity
  8
S-TITLE
100
AcDbCircle
 10
48.0
 20
44.0
 30
0.0
 40
4.0
  0
TEXT
  5
362
330
17
100
AcDbEntity
  8
S-TITLE
100
AcDbText
 10
48.0
 20
44.0
 30
0.0
 40
3.6720000000000006
  1
4
  7
OpenSans
 72
1
 11
48.0
 21
44.0
 31
0.0
100
AcDbText
 73
2
  0
TEXT
  5
363
330
17
100
AcDbEntity
  8
S-TITLE
100
AcDbText
 10
56.2
 20
45.0
 30
0.0
 40
5.4
  1
SECTIONS - BEAMS AND COLUMN
  7
OpenSans
 11
56.2
 21
45.0
 31
0.0
100
AcDbText
  0
LINE
  5
364
330
17
100
AcDbEntity
  8
S-TITLE
100
AcDbLine
 10
53.6
 20
43.6
 30
0.0
 11
188.0
 21
43.6
 31
0.0
  0
TEXT
  5
365
330
17
100
AcDbEntity
  8
S-TEXT
100
AcDbText
 10
56.2
 20
37.4
 30
0.0
 40
3.3
  1
1 : 10   COVER 30 TO BEAMS,  40 TO COLUMNS
  7
OpenSans
 11
56.2
 21
37.4
 31
0.0
100
AcDbText
  0
LWPOLYLINE
  5
366
330
17
100
AcDbEntity
  8
S-CONCRETE
100
AcDbPolyline
 90
4
 70
1
 10
219.0
 20
58.0
 10
233.0
 20
58.0
 10
233.0
 20
382.0
 10
219.0
 20
382.0
  0
HATCH
  5
367
330
17
100
AcDbEntity
  8
S-HATCH
 62
7
100
AcDbHatch
 10
0.0
 20
0.0
 30
0.0
210
0.0
220
0.0
230
1.0
  2
ANSI31
 70
0
 71
0
 91
1
 92
3
 72
0
 73
1
 93
4
 10
213.8
 20
52.80000000000001
 10
238.2
 20
52.80000000000001
 10
238.2
 20
58.0
 10
213.8
 20
58.0
 97
0
 75
1
 76
1
 52
0.0
 41
0.45
 77
0
 78
1
 53
45.0
 43
0.0
 44
0.0
 45
-1.0102788136
 46
1.0102788136
 79
0
 98
0
  0
LINE
  5
368
330
17
100
AcDbEntity
  8
S-CONCRETE
100
AcDbLine
 10
213.8
 20
58.0
 30
0.0
 11
238.2
 21
58.0
 31
0.0
  0
LWPOLYLINE
  5
369
330
17
100
AcDbEntity
  8
S-CONCRETE
100
AcDbPolyline
 90
4
 70
1
 10
219.0
 20
116.0
 10
213.8
 20
116.0
 10
213.8
 20
132.0
 10
219.0
 20
132.0
  0
LWPOLYLINE
  5
36A
330
17
100
AcDbEntity
  8
S-CONCRETE
100
AcDbPolyline
 90
4
 70
1
 10
233.0
 20
116.0
 10
238.2
 20
116.0
 10
238.2
 20
132.0
 10
233.0
 20
132.0
  0
LWPOLYLINE
  5
36B
330
17
100
AcDbEntity
  8
S-CONCRETE
100
AcDbPolyline
 90
4
 70
1
 10
219.0
 20
242.0
 10
213.8
 20
242.0
 10
213.8
 20
260.0
 10
219.0
 20
260.0
  0
LWPOLYLINE
  5
36C
330
17
100
AcDbEntity
  8
S-CONCRETE
100
AcDbPolyline
 90
4
 70
1
 10
233.0
 20
242.0
 10
238.2
 20
242.0
 10
238.2
 20
260.0
 10
233.0
 20
260.0
  0
LWPOLYLINE
  5
36D
330
17
100
AcDbEntity
  8
S-CONCRETE
100
AcDbPolyline
 90
4
 70
1
 10
219.0
 20
364.0
 10
213.8
 20
364.0
 10
213.8
 20
382.0
 10
219.0
 20
382.0
  0
LWPOLYLINE
  5
36E
330
17
100
AcDbEntity
  8
S-CONCRETE
100
AcDbPolyline
 90
4
 70
1
 10
233.0
 20
364.0
 10
238.2
 20
364.0
 10
238.2
 20
382.0
 10
233.0
 20
382.0
  0
LINE
  5
36F
330
17
100
AcDbEntity
  8
S-CONCRETE-THIN
100
AcDbLine
 10
219.0
 20
254.0
 30
0.0
 11
213.8
 21
254.0
 31
0.0
  0
LINE
  5
370
330
17
100
AcDbEntity
  8
S-CONCRETE-THIN
100
AcDbLine
 10
233.0
 20
254.0
 30
0.0
 11
238.2
 21
254.0
 31
0.0
  0
LINE
  5
371
330
17
100
AcDbEntity
  8
S-CONCRETE-THIN
100
AcDbLine
 10
219.0
 20
376.0
 30
0.0
 11
213.8
 21
376.0
 31
0.0
  0
LINE
  5
372
330
17
100
AcDbEntity
  8
S-CONCRETE-THIN
100
AcDbLine
 10
233.0
 20
376.0
 30
0.0
 11
238.2
 21
376.0
 31
0.0
  0
LWPOLYLINE
  5
373
330
17
100
AcDbEntity
  8
S-REBAR-MAIN
100
AcDbPolyline
 90
3
 70
0
 10
221.32
 20
380.8
 10
221.32
 20
36.959999999999994
 10
226.44
 20
36.959999999999994
  0
LWPOLYLINE
  5
374
330
17
100
AcDbEntity
  8
S-REBAR-MAIN
100
AcDbPolyline
 90
3
 70
0
 10
230.68
 20
380.8
 10
230.68
 20
36.959999999999994
 10
225.56
 20
36.959999999999994
  0
LINE
  5
375
330
17
100
AcDbEntity
  8
S-REBAR-STIRRUP
100
AcDbLine
 10
220.6
 20
58.0
 30
0.0
 11
231.4
 21
58.0
 31
0.0
  0
LINE
  5
376
330
17
100
AcDbEntity
  8
S-REBAR-STIRRUP
100
AcDbLine
 10
220.6
 20
61.4
 30
0.0
 11
231.4
 21
61.4
 31
0.0
  0
LINE
  5
377
330
17
100
AcDbEntity
  8
S-REBAR-STIRRUP
100
AcDbLine
 10
220.6
 20
64.8
 30
0.0
 11
231.4
 21
64.8
 31
0.0
  0
LINE
  5
378
330
17
100
AcDbEntity
  8
S-REBAR-STIRRUP
100
AcDbLine
 10
220.6
 20
68.2
 30
0.0
 11
231.4
 21
68.2
 31
0.0
  0
LINE
  5
379
330
17
100
AcDbEntity
  8
S-REBAR-STIRRUP
100
AcDbLine
 10
220.6
 20
71.60000000000001
 30
0.0
 11
231.4
 21
71.60000000000001
 31
0.0
  0
LINE
  5
37A
330
17
100
AcDbEntity
  8
S-REBAR-STIRRUP
100
AcDbLine
 10
220.6
 20
75.0
 30
0.0
 11
231.4
 21
75.0
 31
0.0
  0
LINE
  5
37B
330
17
100
AcDbEntity
  8
S-REBAR-STIRRUP
100
AcDbLine
 10
220.6
 20
96.0
 30
0.0
 11
231.4
 21
96.0
 31
0.0
  0
LINE
  5
37C
330
17
100
AcDbEntity
  8
S-REBAR-STIRRUP
100
AcDbLine
 10
220.6
 20
99.4
 30
0.0
 11
231.4
 21
99.4
 31
0.0
  0
LINE
  5
37D
330
17
100
AcDbEntity
  8
S-REBAR-STIRRUP
100
AcDbLine
 10
220.6
 20
102.8
 30
0.0
 11
231.4
 21
102.8
 31
0.0
  0
LINE
  5
37E
330
17
100
AcDbEntity
  8
S-REBAR-STIRRUP
100
AcDbLine
 10
220.6
 20
106.2
 30
0.0
 11
231.4
 21
106.2
 31
0.0
  0
LINE
  5
37F
330
17
100
AcDbEntity
  8
S-REBAR-STIRRUP
100
AcDbLine
 10
220.6
 20
109.6
 30
0.0
 11
231.4
 21
109.6
 31
0.0
  0
LINE
  5
380
330
17
100
AcDbEntity
  8
S-REBAR-STIRRUP
100
AcDbLine
 10
220.6
 20
113.0
 30
0.0
 11
231.4
 21
113.0
 31
0.0
  0
LINE
  5
381
330
17
100
AcDbEntity
  8
S-REBAR-STIRRUP
100
AcDbLine
 10
220.6
 20
116.4
 30
0.0
 11
231.4
 21
116.4
 31
0.0
  0
LINE
  5
382
330
17
100
AcDbEntity
  8
S-REBAR-STIRRUP
100
AcDbLine
 10
220.6
 20
119.8
 30
0.0
 11
231.4
 21
119.8
 31
0.0
  0
LINE
  5
383
330
17
100
AcDbEntity
  8
S-REBAR-STIRRUP
100
AcDbLine
 10
220.6
 20
123.2
 30
0.0
 11
231.4
 21
123.2
 31
0.0
  0
LINE
  5
384
330
17
100
AcDbEntity
  8
S-REBAR-STIRRUP
100
AcDbLine
 10
220.6
 20
126.6
 30
0.0
 11
231.4
 21
126.6
 31
0.0
  0
LINE
  5
385
330
17
100
AcDbEntity
  8
S-REBAR-STIRRUP
100
AcDbLine
 10
220.6
 20
130.0
 30
0.0
 11
231.4
 21
130.0
 31
0.0
  0
LINE
  5
386
330
17
100
AcDbEntity
  8
S-REBAR-STIRRUP
100
AcDbLine
 10
220.6
 20
133.4
 30
0.0
 11
231.4
 21
133.4
 31
0.0
  0
LINE
  5
387
330
17
100
AcDbEntity
  8
S-REBAR-STIRRUP
100
AcDbLine
 10
220.6
 20
136.8
 30
0.0
 11
231.4
 21
136.8
 31
0.0
  0
LINE
  5
388
330
17
100
AcDbEntity
  8
S-REBAR-STIRRUP
100
AcDbLine
 10
220.6
 20
140.2
 30
0.0
 11
231.4
 21
140.2
 31
0.0
  0
LINE
  5
389
330
17
100
AcDbEntity
  8
S-REBAR-STIRRUP
100
AcDbLine
 10
220.6
 20
143.6
 30
0.0
 11
231.4
 21
143.6
 31
0.0
  0
LINE
  5
38A
330
17
100
AcDbEntity
  8
S-REBAR-STIRRUP
100
AcDbLine
 10
220.6
 20
147.0
 30
0.0
 11
231.4
 21
147.0
 31
0.0
  0
LINE
  5
38B
330
17
100
AcDbEntity
  8
S-REBAR-STIRRUP
100
AcDbLine
 10
220.6
 20
150.4
 30
0.0
 11
231.4
 21
150.4
 31
0.0
  0
LINE
  5
38C
330
17
100
AcDbEntity
  8
S-REBAR-STIRRUP
100
AcDbLine
 10
220.6
 20
222.0
 30
0.0
 11
231.4
 21
222.0
 31
0.0
  0
LINE
  5
38D
330
17
100
AcDbEntity
  8
S-REBAR-STIRRUP
100
AcDbLine
 10
220.6
 20
225.39999999999998
 30
0.0
 11
231.4
 21
225.39999999999998
 31
0.0
  0
LINE
  5
38E
330
17
100
AcDbEntity
  8
S-REBAR-STIRRUP
100
AcDbLine
 10
220.6
 20
228.79999999999998
 30
0.0
 11
231.4
 21
228.79999999999998
 31
0.0
  0
LINE
  5
38F
330
17
100
AcDbEntity
  8
S-REBAR-STIRRUP
100
AcDbLine
 10
220.6
 20
232.2
 30
0.0
 11
231.4
 21
232.2
 31
0.0
  0
LINE
  5
390
330
17
100
AcDbEntity
  8
S-REBAR-STIRRUP
100
AcDbLine
 10
220.6
 20
235.59999999999997
 30
0.0
 11
231.4
 21
235.59999999999997
 31
0.0
  0
LINE
  5
391
330
17
100
AcDbEntity
  8
S-REBAR-STIRRUP
100
AcDbLine
 10
220.6
 20
239.0
 30
0.0
 11
231.4
 21
239.0
 31
0.0
  0
LINE
  5
392
330
17
100
AcDbEntity
  8
S-REBAR-STIRRUP
100
AcDbLine
 10
220.6
 20
242.4
 30
0.0
 11
231.4
 21
242.4
 31
0.0
  0
LINE
  5
393
330
17
100
AcDbEntity
  8
S-REBAR-STIRRUP
100
AcDbLine
 10
220.6
 20
245.8
 30
0.0
 11
231.4
 21
245.8
 31
0.0
  0
LINE
  5
394
330
17
100
AcDbEntity
  8
S-REBAR-STIRRUP
100
AcDbLine
 10
220.6
 20
249.2
 30
0.0
 11
231.4
 21
249.2
 31
0.0
  0
LINE
  5
395
330
17
100
AcDbEntity
  8
S-REBAR-STIRRUP
100
AcDbLine
 10
220.6
 20
252.6
 30
0.0
 11
231.4
 21
252.6
 31
0.0
  0
LINE
  5
396
330
17
100
AcDbEntity
  8
S-REBAR-STIRRUP
100
AcDbLine
 10
220.6
 20
256.0
 30
0.0
 11
231.4
 21
256.0
 31
0.0
  0
LINE
  5
397
330
17
100
AcDbEntity
  8
S-REBAR-STIRRUP
100
AcDbLine
 10
220.6
 20
259.4
 30
0.0
 11
231.4
 21
259.4
 31
0.0
  0
LINE
  5
398
330
17
100
AcDbEntity
  8
S-REBAR-STIRRUP
100
AcDbLine
 10
220.6
 20
262.79999999999995
 30
0.0
 11
231.4
 21
262.79999999999995
 31
0.0
  0
LINE
  5
399
330
17
100
AcDbEntity
  8
S-REBAR-STIRRUP
100
AcDbLine
 10
220.6
 20
266.2
 30
0.0
 11
231.4
 21
266.2
 31
0.0
  0
LINE
  5
39A
330
17
100
AcDbEntity
  8
S-REBAR-STIRRUP
100
AcDbLine
 10
220.6
 20
269.6
 30
0.0
 11
231.4
 21
269.6
 31
0.0
  0
LINE
  5
39B
330
17
100
AcDbEntity
  8
S-REBAR-STIRRUP
100
AcDbLine
 10
220.6
 20
273.0
 30
0.0
 11
231.4
 21
273.0
 31
0.0
  0
LINE
  5
39C
330
17
100
AcDbEntity
  8
S-REBAR-STIRRUP
100
AcDbLine
 10
220.6
 20
276.4
 30
0.0
 11
231.4
 21
276.4
 31
0.0
  0
LINE
  5
39D
330
17
100
AcDbEntity
  8
S-REBAR-STIRRUP
100
AcDbLine
 10
220.6
 20
279.8
 30
0.0
 11
231.4
 21
279.8
 31
0.0
  0
LINE
  5
39E
330
17
100
AcDbEntity
  8
S-REBAR-STIRRUP
100
AcDbLine
 10
220.6
 20
344.0
 30
0.0
 11
231.4
 21
344.0
 31
0.0
  0
LINE
  5
39F
330
17
100
AcDbEntity
  8
S-REBAR-STIRRUP
100
AcDbLine
 10
220.6
 20
347.4
 30
0.0
 11
231.4
 21
347.4
 31
0.0
  0
LINE
  5
3A0
330
17
100
AcDbEntity
  8
S-REBAR-STIRRUP
100
AcDbLine
 10
220.6
 20
350.8
 30
0.0
 11
231.4
 21
350.8
 31
0.0
  0
LINE
  5
3A1
330
17
100
AcDbEntity
  8
S-REBAR-STIRRUP
100
AcDbLine
 10
220.6
 20
354.2
 30
0.0
 11
231.4
 21
354.2
 31
0.0
  0
LINE
  5
3A2
330
17
100
AcDbEntity
  8
S-REBAR-STIRRUP
100
AcDbLine
 10
220.6
 20
357.6
 30
0.0
 11
231.4
 21
357.6
 31
0.0
  0
LINE
  5
3A3
330
17
100
AcDbEntity
  8
S-REBAR-STIRRUP
100
AcDbLine
 10
220.6
 20
361.0
 30
0.0
 11
231.4
 21
361.0
 31
0.0
  0
LINE
  5
3A4
330
17
100
AcDbEntity
  8
S-REBAR-STIRRUP
100
AcDbLine
 10
220.6
 20
364.4
 30
0.0
 11
231.4
 21
364.4
 31
0.0
  0
LINE
  5
3A5
330
17
100
AcDbEntity
  8
S-REBAR-STIRRUP
100
AcDbLine
 10
220.6
 20
367.8
 30
0.0
 11
231.4
 21
367.8
 31
0.0
  0
LINE
  5
3A6
330
17
100
AcDbEntity
  8
S-REBAR-STIRRUP
100
AcDbLine
 10
220.6
 20
371.2
 30
0.0
 11
231.4
 21
371.2
 31
0.0
  0
LINE
  5
3A7
330
17
100
AcDbEntity
  8
S-REBAR-STIRRUP
100
AcDbLine
 10
220.6
 20
374.6
 30
0.0
 11
231.4
 21
374.6
 31
0.0
  0
LINE
  5
3A8
330
17
100
AcDbEntity
  8
S-REBAR-STIRRUP
100
AcDbLine
 10
220.6
 20
378.0
 30
0.0
 11
231.4
 21
378.0
 31
0.0
  0
LINE
  5
3A9
330
17
100
AcDbEntity
  8
S-REBAR-STIRRUP
100
AcDbLine
 10
220.6
 20
381.40000000000003
 30
0.0
 11
231.4
 21
381.40000000000003
 31
0.0
  0
LINE
  5
3AA
330
17
100
AcDbEntity
  8
S-REBAR-STIRRUP
100
AcDbLine
 10
220.6
 20
84.0
 30
0.0
 11
231.4
 21
84.0
 31
0.0
  0
LINE
  5
3AB
330
17
100
AcDbEntity
  8
S-REBAR-STIRRUP
100
AcDbLine
 10
220.6
 20
90.0
 30
0.0
 11
231.4
 21
90.0
 31
0.0
  0
LINE
  5
3AC
330
17
100
AcDbEntity
  8
S-REBAR-STIRRUP
100
AcDbLine
 10
220.6
 20
158.0
 30
0.0
 11
231.4
 21
158.0
 31
0.0
  0
LINE
  5
3AD
330
17
100
AcDbEntity
  8
S-REBAR-STIRRUP
100
AcDbLine
 10
220.6
 20
164.0
 30
0.0
 11
231.4
 21
164.0
 31
0.0
  0
LINE
  5
3AE
330
17
100
AcDbEntity
  8
S-REBAR-STIRRUP
100
AcDbLine
 10
220.6
 20
170.0
 30
0.0
 11
231.4
 21
170.0
 31
0.0
  0
LINE
  5
3AF
330
17
100
AcDbEntity
  8
S-REBAR-STIRRUP
100
AcDbLine
 10
220.6
 20
176.0
 30
0.0
 11
231.4
 21
176.0
 31
0.0
  0
LINE
  5
3B0
330
17
100
AcDbEntity
  8
S-REBAR-STIRRUP
100
AcDbLine
 10
220.6
 20
182.0
 30
0.0
 11
231.4
 21
182.0
 31
0.0
  0
LINE
  5
3B1
330
17
100
AcDbEntity
  8
S-REBAR-STIRRUP
100
AcDbLine
 10
220.6
 20
188.0
 30
0.0
 11
231.4
 21
188.0
 31
0.0
  0
LINE
  5
3B2
330
17
100
AcDbEntity
  8
S-REBAR-STIRRUP
100
AcDbLine
 10
220.6
 20
194.0
 30
0.0
 11
231.4
 21
194.0
 31
0.0
  0
LINE
  5
3B3
330
17
100
AcDbEntity
  8
S-REBAR-STIRRUP
100
AcDbLine
 10
220.6
 20
200.0
 30
0.0
 11
231.4
 21
200.0
 31
0.0
  0
LINE
  5
3B4
330
17
100
AcDbEntity
  8
S-REBAR-STIRRUP
100
AcDbLine
 10
220.6
 20
206.0
 30
0.0
 11
231.4
 21
206.0
 31
0.0
  0
LINE
  5
3B5
330
17
100
AcDbEntity
  8
S-REBAR-STIRRUP
100
AcDbLine
 10
220.6
 20
212.0
 30
0.0
 11
231.4
 21
212.0
 31
0.0
  0
LINE
  5
3B6
330
17
100
AcDbEntity
  8
S-REBAR-STIRRUP
100
AcDbLine
 10
220.6
 20
218.0
 30
0.0
 11
231.4
 21
218.0
 31
0.0
  0
LINE
  5
3B7
330
17
100
AcDbEntity
  8
S-REBAR-STIRRUP
100
AcDbLine
 10
220.6
 20
286.0
 30
0.0
 11
231.4
 21
286.0
 31
0.0
  0
LINE
  5
3B8
330
17
100
AcDbEntity
  8
S-REBAR-STIRRUP
100
AcDbLine
 10
220.6
 20
292.0
 30
0.0
 11
231.4
 21
292.0
 31
0.0
  0
LINE
  5
3B9
330
17
100
AcDbEntity
  8
S-REBAR-STIRRUP
100
AcDbLine
 10
220.6
 20
298.0
 30
0.0
 11
231.4
 21
298.0
 31
0.0
  0
LINE
  5
3BA
330
17
100
AcDbEntity
  8
S-REBAR-STIRRUP
100
AcDbLine
 10
220.6
 20
304.0
 30
0.0
 11
231.4
 21
304.0
 31
0.0
  0
LINE
  5
3BB
330
17
100
AcDbEntity
  8
S-REBAR-STIRRUP
100
AcDbLine
 10
220.6
 20
310.0
 30
0.0
 11
231.4
 21
310.0
 31
0.0
  0
LINE
  5
3BC
330
17
100
AcDbEntity
  8
S-REBAR-STIRRUP
100
AcDbLine
 10
220.6
 20
316.0
 30
0.0
 11
231.4
 21
316.0
 31
0.0
  0
LINE
  5
3BD
330
17
100
AcDbEntity
  8
S-REBAR-STIRRUP
100
AcDbLine
 10
220.6
 20
322.0
 30
0.0
 11
231.4
 21
322.0
 31
0.0
  0
LINE
  5
3BE
330
17
100
AcDbEntity
  8
S-REBAR-STIRRUP
100
AcDbLine
 10
220.6
 20
328.0
 30
0.0
 11
231.4
 21
328.0
 31
0.0
  0
LINE
  5
3BF
330
17
100
AcDbEntity
  8
S-REBAR-STIRRUP
100
AcDbLine
 10
220.6
 20
334.0
 30
0.0
 11
231.4
 21
334.0
 31
0.0
  0
LINE
  5
3C0
330
17
100
AcDbEntity
  8
S-REBAR-STIRRUP
100
AcDbLine
 10
220.6
 20
340.0
 30
0.0
 11
231.4
 21
340.0
 31
0.0
  0
LINE
  5
3C1
330
17
100
AcDbEntity
  8
S-LEVEL
100
AcDbLine
 10
219.0
 20
58.0
 30
0.0
 11
214.0
 21
58.0
 31
0.0
  0
TEXT
  5
3C2
330
17
100
AcDbEntity
  8
S-LEVEL
100
AcDbText
 10
213.0
 20
59.6
 30
0.0
 40
1.7
  1
(-)1.400
  7
OpenSans
 72
2
 11
213.0
 21
59.6
 31
0.0
100
AcDbText
 73
2
  0
LINE
  5
3C3
330
17
100
AcDbEntity
  8
S-LEVEL
100
AcDbLine
 10
219.0
 20
132.0
 30
0.0
 11
214.0
 21
132.0
 31
0.0
  0
TEXT
  5
3C4
330
17
100
AcDbEntity
  8
S-LEVEL
100
AcDbText
 10
213.0
 20
133.6
 30
0.0
 40
1.7
  1
(+)0.450
  7
OpenSans
 72
2
 11
213.0
 21
133.6
 31
0.0
100
AcDbText
 73
2
  0
LINE
  5
3C5
330
17
100
AcDbEntity
  8
S-LEVEL
100
AcDbLine
 10
219.0
 20
260.0
 30
0.0
 11
214.0
 21
260.0
 31
0.0
  0
TEXT
  5
3C6
330
17
100
AcDbEntity
  8
S-LEVEL
100
AcDbText
 10
213.0
 20
261.6
 30
0.0
 40
1.7
  1
(+)3.650
  7
OpenSans
 72
2
 11
213.0
 21
261.6
 31
0.0
100
AcDbText
 73
2
  0
LINE
  5
3C7
330
17
100
AcDbEntity
  8
S-LEVEL
100
AcDbLine
 10
219.0
 20
382.0
 30
0.0
 11
214.0
 21
382.0
 31
0.0
  0
TEXT
  5
3C8
330
17
100
AcDbEntity
  8
S-LEVEL
100
AcDbText
 10
213.0
 20
383.6
 30
0.0
 40
1.7
  1
(+)6.700
  7
OpenSans
 72
2
 11
213.0
 21
383.6
 31
0.0
100
AcDbText
 73
2
  0
LINE
  5
3C9
330
17
100
AcDbEntity
  8
S-DIM
100
AcDbLine
 10
197.0
 20
133.0
 30
0.0
 11
197.0
 21
259.0
 31
0.0
  0
TEXT
  5
3CA
330
17
100
AcDbEntity
  8
S-DIM
100
AcDbText
 10
195.8
 20
196.0
 30
0.0
 40
1.7
  1
3200
 50
90.0
  7
OpenSans
 72
1
 11
195.8
 21
196.0
 31
0.0
100
AcDbText
 73
2
  0
LINE
  5
3CB
330
17
100
AcDbEntity
  8
S-DIM
100
AcDbLine
 10
197.0
 20
261.0
 30
0.0
 11
197.0
 21
381.0
 31
0.0
  0
TEXT
  5
3CC
330
17
100
AcDbEntity
  8
S-DIM
100
AcDbText
 10
195.8
 20
321.0
 30
0.0
 40
1.7
  1
3050
 50
90.0
  7
OpenSans
 72
1
 11
195.8
 21
321.0
 31
0.0
100
AcDbText
 73
2
  0
LINE
  5
3CD
330
17
100
AcDbEntity
  8
S-DIM
100
AcDbLine
 10
236.5
 20
58.0
 30
0.0
 11
236.5
 21
78.0
 31
0.0
  0
LINE
  5
3CE
330
17
100
AcDbEntity
  8
S-DIM
100
AcDbLine
 10
235.3
 20
58.0
 30
0.0
 11
237.7
 21
58.0
 31
0.0
  0
LINE
  5
3CF
330
17
100
AcDbEntity
  8
S-DIM
100
AcDbLine
 10
235.3
 20
78.0
 30
0.0
 11
237.7
 21
78.0
 31
0.0
  0
LINE
  5
3D0
330
17
100
AcDbEntity
  8
S-DIM
100
AcDbLine
 10
236.5
 20
96.0
 30
0.0
 11
236.5
 21
152.0
 31
0.0
  0
LINE
  5
3D1
330
17
100
AcDbEntity
  8
S-DIM
100
AcDbLine
 10
235.3
 20
96.0
 30
0.0
 11
237.7
 21
96.0
 31
0.0
  0
LINE
  5
3D2
330
17
100
AcDbEntity
  8
S-DIM
100
AcDbLine
 10
235.3
 20
152.0
 30
0.0
 11
237.7
 21
152.0
 31
0.0
  0
LINE
  5
3D3
330
17
100
AcDbEntity
  8
S-DIM
100
AcDbLine
 10
236.5
 20
222.0
 30
0.0
 11
236.5
 21
280.0
 31
0.0
  0
LINE
  5
3D4
330
17
100
AcDbEntity
  8
S-DIM
100
AcDbLine
 10
235.3
 20
222.0
 30
0.0
 11
237.7
 21
222.0
 31
0.0
  0
LINE
  5
3D5
330
17
100
AcDbEntity
  8
S-DIM
100
AcDbLine
 10
235.3
 20
280.0
 30
0.0
 11
237.7
 21
280.0
 31
0.0
  0
LINE
  5
3D6
330
17
100
AcDbEntity
  8
S-DIM
100
AcDbLine
 10
236.5
 20
344.0
 30
0.0
 11
236.5
 21
382.0
 31
0.0
  0
LINE
  5
3D7
330
17
100
AcDbEntity
  8
S-DIM
100
AcDbLine
 10
235.3
 20
344.0
 30
0.0
 11
237.7
 21
344.0
 31
0.0
  0
LINE
  5
3D8
330
17
100
AcDbEntity
  8
S-DIM
100
AcDbLine
 10
235.3
 20
382.0
 30
0.0
 11
237.7
 21
382.0
 31
0.0
  0
ELLIPSE
  5
3D9
330
17
100
AcDbEntity
  8
S-CALLOUT
100
AcDbEllipse
 10
260.0
 20
200.0
 30
0.0
 11
4.3
 21
0.0
 31
0.0
 40
0.5813953488372093
 41
0.0
 42
6.283185307179586
  0
TEXT
  5
3DA
330
17
100
AcDbEntity
  8
S-CALLOUT
100
AcDbText
 10
260.0
 20
200.0
 30
0.0
 40
2.0
  1
SC01
  7
OpenSans
 72
1
 11
260.0
 21
200.0
 31
0.0
100
AcDbText
 73
2
  0
LINE
  5
3DB
330
17
100
AcDbEntity
  8
S-CALLOUT
100
AcDbLine
 10
230.68
 20
200.0
 30
0.0
 11
255.7
 21
200.0
 31
0.0
  0
ELLIPSE
  5
3DC
330
17
100
AcDbEntity
  8
S-CALLOUT
100
AcDbEllipse
 10
260.0
 20
251.2
 30
0.0
 11
4.3
 21
0.0
 31
0.0
 40
0.5813953488372093
 41
0.0
 42
6.283185307179586
  0
TEXT
  5
3DD
330
17
100
AcDbEntity
  8
S-CALLOUT
100
AcDbText
 10
260.0
 20
251.2
 30
0.0
 40
2.0
  1
SC02
  7
OpenSans
 72
1
 11
260.0
 21
251.2
 31
0.0
100
AcDbText
 73
2
  0
LINE
  5
3DE
330
17
100
AcDbEntity
  8
S-CALLOUT
100
AcDbLine
 10
236.5
 20
251.2
 30
0.0
 11
255.7
 21
251.2
 31
0.0
  0
ELLIPSE
  5
3DF
330
17
100
AcDbEntity
  8
S-CALLOUT
100
AcDbEllipse
 10
260.0
 20
316.0
 30
0.0
 11
4.3
 21
0.0
 31
0.0
 40
0.5813953488372093
 41
0.0
 42
6.283185307179586
  0
TEXT
  5
3E0
330
17
100
AcDbEntity
  8
S-CALLOUT
100
AcDbText
 10
260.0
 20
316.0
 30
0.0
 40
2.0
  1
SC04
  7
OpenSans
 72
1
 11
260.0
 21
316.0
 31
0.0
100
AcDbText
 73
2
  0
LINE
  5
3E1
330
17
100
AcDbEntity
  8
S-CALLOUT
100
AcDbLine
 10
236.5
 20
316.0
 30
0.0
 11
255.7
 21
316.0
 31
0.0
  0
ELLIPSE
  5
3E2
330
17
100
AcDbEntity
  8
S-CALLOUT
100
AcDbEllipse
 10
260.0
 20
124.0
 30
0.0
 11
4.3
 21
0.0
 31
0.0
 40
0.5813953488372093
 41
0.0
 42
6.283185307179586
  0
TEXT
  5
3E3
330
17
100
AcDbEntity
  8
S-CALLOUT
100
AcDbText
 10
260.0
 20
124.0
 30
0.0
 40
2.0
  1
SC03
  7
OpenSans
 72
1
 11
260.0
 21
124.0
 31
0.0
100
AcDbText
 73
2
  0
LINE
  5
3E4
330
17
100
AcDbEntity
  8
S-CALLOUT
100
AcDbLine
 10
236.5
 20
124.0
 30
0.0
 11
255.7
 21
124.0
 31
0.0
  0
INSERT
  5
3E5
330
17
100
AcDbEntity
  8
S-SECTION
100
AcDbBlockReference
  2
A2-SECMARK
 10
226.0
 20
354.0
 30
0.0
  0
TEXT
  5
3E7
330
17
100
AcDbEntity
  8
S-SECTION
100
AcDbText
 10
226.0
 20
354.0
 30
0.0
 40
2.0
  1
3
  7
OpenSans
 72
1
 11
226.0
 21
354.0
 31
0.0
100
AcDbText
 73
2
  0
LINE
  5
3E8
330
17
100
AcDbEntity
  8
S-SECTION
100
AcDbLine
 10
229.0
 20
354.0
 30
0.0
 11
231.6
 21
354.0
 31
0.0
  0
INSERT
  5
3E9
330
17
100
AcDbEntity
  8
S-SECTION
100
AcDbBlockReference
  2
A2-SECMARK
 10
226.0
 20
316.0
 30
0.0
  0
TEXT
  5
3EB
330
17
100
AcDbEntity
  8
S-SECTION
100
AcDbText
 10
226.0
 20
316.0
 30
0.0
 40
2.0
  1
4
  7
OpenSans
 72
1
 11
226.0
 21
316.0
 31
0.0
100
AcDbText
 73
2
  0
LINE
  5
3EC
330
17
100
AcDbEntity
  8
S-SECTION
100
AcDbLine
 10
229.0
 20
316.0
 30
0.0
 11
231.6
 21
316.0
 31
0.0
  0
TEXT
  5
3ED
330
17
100
AcDbEntity
  8
S-TEXT
100
AcDbText
 10
213.0
 20
119.6
 30
0.0
 40
1.7
  1
PB 250 x 400
  7
OpenSans
 72
2
 11
213.0
 21
119.6
 31
0.0
100
AcDbText
 73
2
  0
TEXT
  5
3EE
330
17
100
AcDbEntity
  8
S-TEXT
100
AcDbText
 10
213.0
 20
110.8
 30
0.0
 40
1.7
  1
SR2-V1
  7
OpenSans
 72
2
 11
213.0
 21
110.8
 31
0.0
100
AcDbText
 73
2
  0
TEXT
  5
3EF
330
17
100
AcDbEntity
  8
S-TEXT
100
AcDbText
 10
213.0
 20
54.4
 30
0.0
 40
1.7
  1
F1 - SHEET 09
  7
OpenSans
 72
2
 11
213.0
 21
54.4
 31
0.0
100
AcDbText
 73
2
  0
TEXT
  5
3F0
330
17
100
AcDbEntity
  8
S-TEXT
100
AcDbText
 10
238.5
 20
355.2
 30
0.0
 40
1.7
  1
CONFINING ZONES
  7
OpenSans
 11
238.5
 21
355.2
 31
0.0
100
AcDbText
 73
2
  0
TEXT
  5
3F1
330
17
100
AcDbEntity
  8
S-TEXT
100
AcDbText
 10
238.5
 20
347.2
 30
0.0
 40
1.7
  1
lo = 500 (TYP)
  7
OpenSans
 11
238.5
 21
347.2
 31
0.0
100
AcDbText
 73
2
  0
TEXT
  5
3F2
330
17
100
AcDbEntity
  8
S-TEXT
100
AcDbText
 10
238.5
 20
294.0
 30
0.0
 40
1.7
  1
T10 + CROSS-TIES
  7
OpenSans
 11
238.5
 21
294.0
 31
0.0
100
AcDbText
 73
2
  0
TEXT
  5
3F3
330
17
100
AcDbEntity
  8
S-TEXT
100
AcDbText
 10
238.5
 20
286.0
 30
0.0
 40
1.7
  1
EACH WAY @ 85
  7
OpenSans
 11
238.5
 21
286.0
 31
0.0
100
AcDbText
 73
2
  0
TEXT
  5
3F4
330
17
100
AcDbEntity
  8
S-TEXT
100
AcDbText
 10
238.5
 20
178.0
 30
0.0
 40
1.7
  1
T8 @ 150 BETWEEN
  7
OpenSans
 11
238.5
 21
178.0
 31
0.0
100
AcDbText
 73
2
  0
TEXT
  5
3F5
330
17
100
AcDbEntity
  8
S-TEXT
100
AcDbText
 10
238.5
 20
86.0
 30
0.0
 40
1.7
  1
THROUGH THE JOINT
  7
OpenSans
 11
238.5
 21
86.0
 31
0.0
100
AcDbText
 73
2
  0
TEXT
  5
3F6
330
17
100
AcDbEntity
  8
S-TEXT
100
AcDbText
 10
238.5
 20
78.0
 30
0.0
 40
1.7
  1
Cl. 8.2 (TYP)
  7
OpenSans
 11
238.5
 21
78.0
 31
0.0
100
AcDbText
 73
2
  0
CIRCLE
  5
3F7
330
17
100
AcDbEntity
  8
S-TITLE
100
AcDbCircle
 10
196.0
 20
44.0
 30
0.0
 40
4.0
  0
TEXT
  5
3F8
330
17
100
AcDbEntity
  8
S-TITLE
100
AcDbText
 10
196.0
 20
44.0
 30
0.0
 40
3.6720000000000006
  1
5
  7
OpenSans
 72
1
 11
196.0
 21
44.0
 31
0.0
100
AcDbText
 73
2
  0
TEXT
  5
3F9
330
17
100
AcDbEntity
  8
S-TITLE
100
AcDbText
 10
204.2
 20
45.0
 30
0.0
 40
5.4
  1
COLUMN C1
  7
OpenSans
 11
204.2
 21
45.0
 31
0.0
100
AcDbText
  0
LINE
  5
3FA
330
17
100
AcDbEntity
  8
S-TITLE
100
AcDbLine
 10
201.6
 20
43.6
 30
0.0
 11
272.0
 21
43.6
 31
0.0
  0
TEXT
  5
3FB
330
17
100
AcDbEntity
  8
S-TEXT
100
AcDbText
 10
204.2
 20
37.4
 30
0.0
 40
2.3986493211061357
  1
1 : 25   VERTICAL SECTION, FULL HEIGHT
  7
OpenSans
 11
204.2
 21
37.4
 31
0.0
100
AcDbText
  0
LWPOLYLINE
  5
3FC
330
17
100
AcDbEntity
  8
S-TABLE
100
AcDbPolyline
 90
4
 70
1
 10
277.0
 20
376.59999999999997
 10
460.0
 20
376.59999999999997
 10
460.0
 20
383.0
 10
277.0
 20
383.0
  0
TEXT
  5
3FD
330
17
100
AcDbEntity
  8
S-TABLE
100
AcDbText
 10
368.5
 20
379.8
 30
0.0
 40
3.8
  1
BEAM SCHEDULE - SENTRY POST FRAME
  7
OpenSans
 72
1
 11
368.5
 21
379.8
 31
0.0
100
AcDbText
 73
2
  0
LWPOLYLINE
  5
3FE
330
17
100
AcDbEntity
  8
S-TABLE
100
AcDbPolyline
 90
4
 70
1
 10
277.0
 20
372.6
 10
460.0
 20
372.6
 10
460.0
 20
376.6
 10
277.0
 20
376.6
  0
TEXT
  5
3FF
330
17
100
AcDbEntity
  8
S-TABLE
100
AcDbText
 10
292.65465767118314
 20
374.6
 30
0.0
 40
2.3
  1
BEAM
  7
OpenSans
 72
1
 11
292.65465767118314
 21
374.6
 31
0.0
100
AcDbText
 73
2
  0
LINE
  5
400
330
17
100
AcDbEntity
  8
S-TABLE
100
AcDbLine
 10
308.30931534236623
 20
372.6
 30
0.0
 11
308.30931534236623
 21
376.6
 31
0.0
  0
TEXT
  5
401
330
17
100
AcDbEntity
  8
S-TABLE
100
AcDbText
 10
317.17426103625274
 20
374.6
 30
0.0
 40
2.3
  1
SIZE
  7
OpenSans
 72
1
 11
317.17426103625274
 21
374.6
 31
0.0
100
AcDbText
 73
2
  0
LINE
  5
402
330
17
100
AcDbEntity
  8
S-TABLE
100
AcDbLine
 10
326.0392067301392
 20
372.6
 30
0.0
 11
326.0392067301392
 21
376.6
 31
0.0
  0
TEXT
  5
403
330
17
100
AcDbEntity
  8
S-TABLE
100
AcDbText
 10
336.40338528699306
 20
374.6
 30
0.0
 40
2.3
  1
SPAN c/c
  7
OpenSans
 72
1
 11
336.40338528699306
 21
374.6
 31
0.0
100
AcDbText
 73
2
  0
LINE
  5
404
330
17
100
AcDbEntity
  8
S-TABLE
100
AcDbLine
 10
346.767563843847
 20
372.6
 30
0.0
 11
346.767563843847
 21
376.6
 31
0.0
  0
TEXT
  5
405
330
17
100
AcDbEntity
  8
S-TABLE
100
AcDbText
 10
353.4700226883866
 20
374.6
 30
0.0
 40
2.3
  1
CLEAR
  7
OpenSans
 72
1
 11
353.4700226883866
 21
374.6
 31
0.0
100
AcDbText
 73
2
  0
LINE
  5
406
330
17
100
AcDbEntity
  8
S-TABLE
100
AcDbLine
 10
360.1724815329262
 20
372.6
 30
0.0
 11
360.1724815329262
 21
376.6
 31
0.0
  0
TEXT
  5
407
330
17
100
AcDbEntity
  8
S-TABLE
100
AcDbText
 10
367.2460488137268
 20
374.6
 30
0.0
 40
2.3
  1
COVER
  7
OpenSans
 72
1
 11
367.2460488137268
 21
374.6
 31
0.0
100
AcDbText
 73
2
  0
LINE
  5
408
330
17
100
AcDbEntity
  8
S-TABLE
100
AcDbLine
 10
374.3196160945274
 20
372.6
 30
0.0
 11
374.3196160945274
 21
376.6
 31
0.0
  0
TEXT
  5
409
330
17
100
AcDbEntity
  8
S-TABLE
100
AcDbText
 10
378.56384553177304
 20
374.6
 30
0.0
 40
2.3
  1
d
  7
OpenSans
 72
1
 11
378.56384553177304
 21
374.6
 31
0.0
100
AcDbText
 73
2
  0
LINE
  5
40A
330
17
100
AcDbEntity
  8
S-TABLE
100
AcDbLine
 10
382.8080749690187
 20
372.6
 30
0.0
 11
382.8080749690187
 21
376.6
 31
0.0
  0
TEXT
  5
40B
330
17
100
AcDbEntity
  8
S-TABLE
100
AcDbText
 10
395.2489260455939
 20
374.6
 30
0.0
 40
2.3
  1
TOP AT SUPP.
  7
OpenSans
 72
1
 11
395.2489260455939
 21
374.6
 31
0.0
100
AcDbText
 73
2
  0
LINE
  5
40C
330
17
100
AcDbEntity
  8
S-TABLE
100
AcDbLine
 10
407.68977712216906
 20
372.6
 30
0.0
 11
407.68977712216906
 21
376.6
 31
0.0
  0
TEXT
  5
40D
330
17
100
AcDbEntity
  8
S-TABLE
100
AcDbText
 10
416.1327424119327
 20
374.6
 30
0.0
 40
2.3
  1
BOTTOM
  7
OpenSans
 72
1
 11
416.1327424119327
 21
374.6
 31
0.0
100
AcDbText
 73
2
  0
LINE
  5
40E
330
17
100
AcDbEntity
  8
S-TABLE
100
AcDbLine
 10
424.57570770169633
 20
372.6
 30
0.0
 11
424.57570770169633
 21
376.6
 31
0.0
  0
TEXT
  5
40F
330
17
100
AcDbEntity
  8
S-TABLE
100
AcDbText
 10
442.28785385084814
 20
374.6
 30
0.0
 40
2.3
  1
HOOPS
  7
OpenSans
 72
1
 11
442.28785385084814
 21
374.6
 31
0.0
100
AcDbText
 73
2
  0
LWPOLYLINE
  5
410
330
17
100
AcDbEntity
  8
S-TABLE
100
AcDbPolyline
 90
4
 70
1
 10
277.0
 20
368.6
 10
460.0
 20
368.6
 10
460.0
 20
372.6
 10
277.0
 20
372.6
  0
TEXT
  5
411
330
17
100
AcDbEntity
  8
S-TABLE
100
AcDbText
 10
278.4
 20
370.6
 30
0.0
 40
2.1
  1
B1  GRIDS 1 AND 2
  7
OpenSans
 11
278.4
 21
370.6
 31
0.0
100
AcDbText
 73
2
  0
LINE
  5
412
330
17
100
AcDbEntity
  8
S-TABLE
100
AcDbLine
 10
308.30931534236623
 20
368.6
 30
0.0
 11
308.30931534236623
 21
372.6
 31
0.0
  0
TEXT
  5
413
330
17
100
AcDbEntity
  8
S-TABLE
100
AcDbText
 10
317.17426103625274
 20
370.6
 30
0.0
 40
2.1
  1
250 x 450
  7
OpenSans
 72
1
 11
317.17426103625274
 21
370.6
 31
0.0
100
AcDbText
 73
2
  0
LINE
  5
414
330
17
100
AcDbEntity
  8
S-TABLE
100
AcDbLine
 10
326.0392067301392
 20
368.6
 30
0.0
 11
326.0392067301392
 21
372.6
 31
0.0
  0
TEXT
  5
415
330
17
100
AcDbEntity
  8
S-TABLE
100
AcDbText
 10
336.40338528699306
 20
370.6
 30
0.0
 40
2.1
  1
3650
  7
OpenSans
 72
1
 11
336.40338528699306
 21
370.6
 31
0.0
100
AcDbText
 73
2
  0
LINE
  5
416
330
17
100
AcDbEntity
  8
S-TABLE
100
AcDbLine
 10
346.767563843847
 20
368.6
 30
0.0
 11
346.767563843847
 21
372.6
 31
0.0
  0
TEXT
  5
417
330
17
100
AcDbEntity
  8
S-TABLE
100
AcDbText
 10
353.4700226883866
 20
370.6
 30
0.0
 40
2.1
  1
3300
  7
OpenSans
 72
1
 11
353.4700226883866
 21
370.6
 31
0.0
100
AcDbText
 73
2
  0
LINE
  5
418
330
17
100
AcDbEntity
  8
S-TABLE
100
AcDbLine
 10
360.1724815329262
 20
368.6
 30
0.0
 11
360.1724815329262
 21
372.6
 31
0.0
  0
TEXT
  5
419
330
17
100
AcDbEntity
  8
S-TABLE
100
AcDbText
 10
367.2460488137268
 20
370.6
 30
0.0
 40
2.1
  1
30
  7
OpenSans
 72
1
 11
367.2460488137268
 21
370.6
 31
0.0
100
AcDbText
 73
2
  0
LINE
  5
41A
330
17
100
AcDbEntity
  8
S-TABLE
100
AcDbLine
 10
374.3196160945274
 20
368.6
 30
0.0
 11
374.3196160945274
 21
372.6
 31
0.0
  0
TEXT
  5
41B
330
17
100
AcDbEntity
  8
S-TABLE
100
AcDbText
 10
378.56384553177304
 20
370.6
 30
0.0
 40
2.1
  1
404
  7
OpenSans
 72
1
 11
378.56384553177304
 21
370.6
 31
0.0
100
AcDbText
 73
2
  0
LINE
  5
41C
330
17
100
AcDbEntity
  8
S-TABLE
100
AcDbLine
 10
382.8080749690187
 20
368.6
 30
0.0
 11
382.8080749690187
 21
372.6
 31
0.0
  0
TEXT
  5
41D
330
17
100
AcDbEntity
  8
S-TABLE
100
AcDbText
 10
395.2489260455939
 20
370.6
 30
0.0
 40
2.1
  1
4-T16
  7
OpenSans
 72
1
 11
395.2489260455939
 21
370.6
 31
0.0
100
AcDbText
 73
2
  0
LINE
  5
41E
330
17
100
AcDbEntity
  8
S-TABLE
100
AcDbLine
 10
407.68977712216906
 20
368.6
 30
0.0
 11
407.68977712216906
 21
372.6
 31
0.0
  0
TEXT
  5
41F
330
17
100
AcDbEntity
  8
S-TABLE
100
AcDbText
 10
416.1327424119327
 20
370.6
 30
0.0
 40
2.1
  1
2-T16
  7
OpenSans
 72
1
 11
416.1327424119327
 21
370.6
 31
0.0
100
AcDbText
 73
2
  0
LINE
  5
420
330
17
100
AcDbEntity
  8
S-TABLE
100
AcDbLine
 10
424.57570770169633
 20
368.6
 30
0.0
 11
424.57570770169633
 21
372.6
 31
0.0
  0
TEXT
  5
421
330
17
100
AcDbEntity
  8
S-TABLE
100
AcDbText
 10
442.28785385084814
 20
370.6
 30
0.0
 40
2.1
  1
T8 2L @ 100 / 150
  7
OpenSans
 72
1
 11
442.28785385084814
 21
370.6
 31
0.0
100
AcDbText
 73
2
  0
LWPOLYLINE
  5
422
330
17
100
AcDbEntity
  8
S-TABLE
100
AcDbPolyline
 90
4
 70
1
 10
277.0
 20
364.6
 10
460.0
 20
364.6
 10
460.0
 20
368.6
 10
277.0
 20
368.6
  0
TEXT
  5
423
330
17
100
AcDbEntity
  8
S-TABLE
100
AcDbText
 10
278.4
 20
366.6
 30
0.0
 40
2.1
  1
B2  GRIDS A AND B
  7
OpenSans
 11
278.4
 21
366.6
 31
0.0
100
AcDbText
 73
2
  0
LINE
  5
424
330
17
100
AcDbEntity
  8
S-TABLE
100
AcDbLine
 10
308.30931534236623
 20
364.6
 30
0.0
 11
308.30931534236623
 21
368.6
 31
0.0
  0
TEXT
  5
425
330
17
100
AcDbEntity
  8
S-TABLE
100
AcDbText
 10
317.17426103625274
 20
366.6
 30
0.0
 40
2.1
  1
250 x 450
  7
OpenSans
 72
1
 11
317.17426103625274
 21
366.6
 31
0.0
100
AcDbText
 73
2
  0
LINE
  5
426
330
17
100
AcDbEntity
  8
S-TABLE
100
AcDbLine
 10
326.0392067301392
 20
364.6
 30
0.0
 11
326.0392067301392
 21
368.6
 31
0.0
  0
TEXT
  5
427
330
17
100
AcDbEntity
  8
S-TABLE
100
AcDbText
 10
336.40338528699306
 20
366.6
 30
0.0
 40
2.1
  1
4650
  7
OpenSans
 72
1
 11
336.40338528699306
 21
366.6
 31
0.0
100
AcDbText
 73
2
  0
LINE
  5
428
330
17
100
AcDbEntity
  8
S-TABLE
100
AcDbLine
 10
346.767563843847
 20
364.6
 30
0.0
 11
346.767563843847
 21
368.6
 31
0.0
  0
TEXT
  5
429
330
17
100
AcDbEntity
  8
S-TABLE
100
AcDbText
 10
353.4700226883866
 20
366.6
 30
0.0
 40
2.1
  1
4300
  7
OpenSans
 72
1
 11
353.4700226883866
 21
366.6
 31
0.0
100
AcDbText
 73
2
  0
LINE
  5
42A
330
17
100
AcDbEntity
  8
S-TABLE
100
AcDbLine
 10
360.1724815329262
 20
364.6
 30
0.0
 11
360.1724815329262
 21
368.6
 31
0.0
  0
TEXT
  5
42B
330
17
100
AcDbEntity
  8
S-TABLE
100
AcDbText
 10
367.2460488137268
 20
366.6
 30
0.0
 40
2.1
  1
30
  7
OpenSans
 72
1
 11
367.2460488137268
 21
366.6
 31
0.0
100
AcDbText
 73
2
  0
LINE
  5
42C
330
17
100
AcDbEntity
  8
S-TABLE
100
AcDbLine
 10
374.3196160945274
 20
364.6
 30
0.0
 11
374.3196160945274
 21
368.6
 31
0.0
  0
TEXT
  5
42D
330
17
100
AcDbEntity
  8
S-TABLE
100
AcDbText
 10
378.56384553177304
 20
366.6
 30
0.0
 40
2.1
  1
404
  7
OpenSans
 72
1
 11
378.56384553177304
 21
366.6
 31
0.0
100
AcDbText
 73
2
  0
LINE
  5
42E
330
17
100
AcDbEntity
  8
S-TABLE
100
AcDbLine
 10
382.8080749690187
 20
364.6
 30
0.0
 11
382.8080749690187
 21
368.6
 31
0.0
  0
TEXT
  5
42F
330
17
100
AcDbEntity
  8
S-TABLE
100
AcDbText
 10
395.2489260455939
 20
366.6
 30
0.0
 40
2.1
  1
3-T20
  7
OpenSans
 72
1
 11
395.2489260455939
 21
366.6
 31
0.0
100
AcDbText
 73
2
  0
LINE
  5
430
330
17
100
AcDbEntity
  8
S-TABLE
100
AcDbLine
 10
407.68977712216906
 20
364.6
 30
0.0
 11
407.68977712216906
 21
368.6
 31
0.0
  0
TEXT
  5
431
330
17
100
AcDbEntity
  8
S-TABLE
100
AcDbText
 10
416.1327424119327
 20
366.6
 30
0.0
 40
2.1
  1
2-T20
  7
OpenSans
 72
1
 11
416.1327424119327
 21
366.6
 31
0.0
100
AcDbText
 73
2
  0
LINE
  5
432
330
17
100
AcDbEntity
  8
S-TABLE
100
AcDbLine
 10
424.57570770169633
 20
364.6
 30
0.0
 11
424.57570770169633
 21
368.6
 31
0.0
  0
TEXT
  5
433
330
17
100
AcDbEntity
  8
S-TABLE
100
AcDbText
 10
442.28785385084814
 20
366.6
 30
0.0
 40
2.1
  1
T8 2L @ 100 / 150
  7
OpenSans
 72
1
 11
442.28785385084814
 21
366.6
 31
0.0
100
AcDbText
 73
2
  0
LWPOLYLINE
  5
434
330
17
100
AcDbEntity
  8
S-TABLE
100
AcDbPolyline
 90
4
 70
1
 10
277.0
 20
360.6
 10
460.0
 20
360.6
 10
460.0
 20
364.6
 10
277.0
 20
364.6
  0
TEXT
  5
435
330
17
100
AcDbEntity
  8
S-TABLE
100
AcDbText
 10
278.6
 20
362.6
 30
0.0
 40
2.3
  1
IS 13920 Cl. 6.1:  b 250 >= 200 OK  |  b/D 0.556 >= 0.3 OK  |  Ln/D 7.33 >= 4 OK
  7
OpenSans
 11
278.6
 21
362.6
 31
0.0
100
AcDbText
 73
2
  0
LWPOLYLINE
  5
436
330
17
100
AcDbEntity
  8
S-TABLE
100
AcDbPolyline
 90
4
 70
1
 10
277.0
 20
356.6
 10
460.0
 20
356.6
 10
460.0
 20
360.6
 10
277.0
 20
360.6
  0
TEXT
  5
437
330
17
100
AcDbEntity
  8
S-TABLE
100
AcDbText
 10
278.6
 20
358.6
 30
0.0
 40
2.3
  1
SCHEDULED HERE, DETAILED ELSEWHERE, NOT DRAWN ON THIS SHEET
  7
OpenSans
 11
278.6
 21
358.6
 31
0.0
100
AcDbText
 73
2
  0
LWPOLYLINE
  5
438
330
17
100
AcDbEntity
  8
S-TABLE
100
AcDbPolyline
 90
4
 70
1
 10
277.0
 20
352.6
 10
460.0
 20
352.6
 10
460.0
 20
356.6
 10
277.0
 20
356.6
  0
TEXT
  5
439
330
17
100
AcDbEntity
  8
S-TABLE
100
AcDbText
 10
278.4
 20
354.6
 30
0.0
 40
2.1
  1
PB  PLINTH BEAM
  7
OpenSans
 11
278.4
 21
354.6
 31
0.0
100
AcDbText
 73
2
  0
LINE
  5
43A
330
17
100
AcDbEntity
  8
S-TABLE
100
AcDbLine
 10
308.30931534236623
 20
352.6
 30
0.0
 11
308.30931534236623
 21
356.6
 31
0.0
  0
TEXT
  5
43B
330
17
100
AcDbEntity
  8
S-TABLE
100
AcDbText
 10
317.17426103625274
 20
354.6
 30
0.0
 40
2.1
  1
250 x 400
  7
OpenSans
 72
1
 11
317.17426103625274
 21
354.6
 31
0.0
100
AcDbText
 73
2
  0
LINE
  5
43C
330
17
100
AcDbEntity
  8
S-TABLE
100
AcDbLine
 10
326.0392067301392
 20
352.6
 30
0.0
 11
326.0392067301392
 21
356.6
 31
0.0
  0
TEXT
  5
43D
330
17
100
AcDbEntity
  8
S-TABLE
100
AcDbText
 10
336.40338528699306
 20
354.6
 30
0.0
 40
2.1
  1
3650 / 4650
  7
OpenSans
 72
1
 11
336.40338528699306
 21
354.6
 31
0.0
100
AcDbText
 73
2
  0
LINE
  5
43E
330
17
100
AcDbEntity
  8
S-TABLE
100
AcDbLine
 10
346.767563843847
 20
352.6
 30
0.0
 11
346.767563843847
 21
356.6
 31
0.0
  0
TEXT
  5
43F
330
17
100
AcDbEntity
  8
S-TABLE
100
AcDbText
 10
353.4700226883866
 20
354.6
 30
0.0
 40
2.1
  1
-
  7
OpenSans
 72
1
 11
353.4700226883866
 21
354.6
 31
0.0
100
AcDbText
 73
2
  0
LINE
  5
440
330
17
100
AcDbEntity
  8
S-TABLE
100
AcDbLine
 10
360.1724815329262
 20
352.6
 30
0.0
 11
360.1724815329262
 21
356.6
 31
0.0
  0
TEXT
  5
441
330
17
100
AcDbEntity
  8
S-TABLE
100
AcDbText
 10
367.2460488137268
 20
354.6
 30
0.0
 40
2.1
  1
30
  7
OpenSans
 72
1
 11
367.2460488137268
 21
354.6
 31
0.0
100
AcDbText
 73
2
  0
LINE
  5
442
330
17
100
AcDbEntity
  8
S-TABLE
100
AcDbLine
 10
374.3196160945274
 20
352.6
 30
0.0
 11
374.3196160945274
 21
356.6
 31
0.0
  0
TEXT
  5
443
330
17
100
AcDbEntity
  8
S-TABLE
100
AcDbText
 10
378.56384553177304
 20
354.6
 30
0.0
 40
2.1
  1
354
  7
OpenSans
 72
1
 11
378.56384553177304
 21
354.6
 31
0.0
100
AcDbText
 73
2
  0
LINE
  5
444
330
17
100
AcDbEntity
  8
S-TABLE
100
AcDbLine
 10
382.8080749690187
 20
352.6
 30
0.0
 11
382.8080749690187
 21
356.6
 31
0.0
  0
TEXT
  5
445
330
17
100
AcDbEntity
  8
S-TABLE
100
AcDbText
 10
395.2489260455939
 20
354.6
 30
0.0
 40
2.1
  1
3-T12
  7
OpenSans
 72
1
 11
395.2489260455939
 21
354.6
 31
0.0
100
AcDbText
 73
2
  0
LINE
  5
446
330
17
100
AcDbEntity
  8
S-TABLE
100
AcDbLine
 10
407.68977712216906
 20
352.6
 30
0.0
 11
407.68977712216906
 21
356.6
 31
0.0
  0
TEXT
  5
447
330
17
100
AcDbEntity
  8
S-TABLE
100
AcDbText
 10
416.1327424119327
 20
354.6
 30
0.0
 40
2.1
  1
3-T12
  7
OpenSans
 72
1
 11
416.1327424119327
 21
354.6
 31
0.0
100
AcDbText
 73
2
  0
LINE
  5
448
330
17
100
AcDbEntity
  8
S-TABLE
100
AcDbLine
 10
424.57570770169633
 20
352.6
 30
0.0
 11
424.57570770169633
 21
356.6
 31
0.0
  0
TEXT
  5
449
330
17
100
AcDbEntity
  8
S-TABLE
100
AcDbText
 10
442.28785385084814
 20
354.6
 30
0.0
 40
2.1
  1
NOT STATED - SR2-V1
  7
OpenSans
 72
1
 11
442.28785385084814
 21
354.6
 31
0.0
100
AcDbText
 73
2
  0
LWPOLYLINE
  5
44A
330
17
100
AcDbEntity
  8
S-TABLE
100
AcDbPolyline
 90
4
 70
1
 10
277.0
 20
341.2
 10
460.0
 20
341.2
 10
460.0
 20
347.6
 10
277.0
 20
347.6
  0
TEXT
  5
44B
330
17
100
AcDbEntity
  8
S-TABLE
100
AcDbText
 10
368.5
 20
344.40000000000003
 30
0.0
 40
3.8
  1
COLUMN SCHEDULE
  7
OpenSans
 72
1
 11
368.5
 21
344.40000000000003
 31
0.0
100
AcDbText
 73
2
  0
LWPOLYLINE
  5
44C
330
17
100
AcDbEntity
  8
S-TABLE
100
AcDbPolyline
 90
4
 70
1
 10
277.0
 20
337.20000000000005
 10
460.0
 20
337.20000000000005
 10
460.0
 20
341.20000000000005
 10
277.0
 20
341.20000000000005
  0
TEXT
  5
44D
330
17
100
AcDbEntity
  8
S-TABLE
100
AcDbText
 10
281.7586044927215
 20
339.20000000000005
 30
0.0
 40
2.3
  1
COL
  7
OpenSans
 72
1
 11
281.7586044927215
 21
339.20000000000005
 31
0.0
100
AcDbText
 73
2
  0
LINE
  5
44E
330
17
100
AcDbEntity
  8
S-TABLE
100
AcDbLine
 10
286.5172089854429
 20
337.20000000000005
 30
0.0
 11
286.5172089854429
 21
341.20000000000005
 31
0.0
  0
TEXT
  5
44F
330
17
100
AcDbEntity
  8
S-TABLE
100
AcDbText
 10
295.4396484383096
 20
339.20000000000005
 30
0.0
 40
2.3
  1
SIZE
  7
OpenSans
 72
1
 11
295.4396484383096
 21
339.20000000000005
 31
0.0
100
AcDbText
 73
2
  0
LINE
  5
450
330
17
100
AcDbEntity
  8
S-TABLE
100
AcDbLine
 10
304.36208789117626
 20
337.20000000000005
 30
0.0
 11
304.36208789117626
 21
341.20000000000005
 31
0.0
  0
TEXT
  5
451
330
17
100
AcDbEntity
  8
S-TABLE
100
AcDbText
 10
320.2442618188012
 20
339.20000000000005
 30
0.0
 40
2.3
  1
LEVELS
  7
OpenSans
 72
1
 11
320.2442618188012
 21
339.20000000000005
 31
0.0
100
AcDbText
 73
2
  0
LINE
  5
452
330
17
100
AcDbEntity
  8
S-TABLE
100
AcDbLine
 10
336.1264357464261
 20
337.20000000000005
 30
0.0
 11
336.1264357464261
 21
341.20000000000005
 31
0.0
  0
TEXT
  5
453
330
17
100
AcDbEntity
  8
S-TABLE
100
AcDbText
 10
343.24587877045354
 20
339.20000000000005
 30
0.0
 40
2.3
  1
COVER
  7
OpenSans
 72
1
 11
343.24587877045354
 21
339.20000000000005
 31
0.0
100
AcDbText
 73
2
  0
LINE
  5
454
330
17
100
AcDbEntity
  8
S-TABLE
100
AcDbLine
 10
350.36532179448096
 20
337.20000000000005
 30
0.0
 11
350.36532179448096
 21
341.20000000000005
 31
0.0
  0
TEXT
  5
455
330
17
100
AcDbEntity
  8
S-TABLE
100
AcDbText
 10
361.95160468603217
 20
339.20000000000005
 30
0.0
 40
2.3
  1
VERTICALS
  7
OpenSans
 72
1
 11
361.95160468603217
 21
339.20000000000005
 31
0.0
100
AcDbText
 73
2
  0
LINE
  5
456
330
17
100
AcDbEntity
  8
S-TABLE
100
AcDbLine
 10
373.5378875775834
 20
337.20000000000005
 30
0.0
 11
373.5378875775834
 21
341.20000000000005
 31
0.0
  0
TEXT
  5
457
330
17
100
AcDbEntity
  8
S-TABLE
100
AcDbText
 10
380.16141348931836
 20
339.20000000000005
 30
0.0
 40
2.3
  1
p
  7
OpenSans
 72
1
 11
380.16141348931836
 21
339.20000000000005
 31
0.0
100
AcDbText
 73
2
  0
LINE
  5
458
330
17
100
AcDbEntity
  8
S-TABLE
100
AcDbLine
 10
386.7849394010534
 20
337.20000000000005
 30
0.0
 11
386.7849394010534
 21
341.20000000000005
 31
0.0
  0
TEXT
  5
459
330
17
100
AcDbEntity
  8
S-TABLE
100
AcDbText
 10
410.2365124338721
 20
339.20000000000005
 30
0.0
 40
2.3
  1
CONFINING (Cl. 8.1)
  7
OpenSans
 72
1
 11
410.2365124338721
 21
339.20000000000005
 31
0.0
100
AcDbText
 73
2
  0
LINE
  5
45A
330
17
100
AcDbEntity
  8
S-TABLE
100
AcDbLine
 10
433.68808546669084
 20
337.20000000000005
 30
0.0
 11
433.68808546669084
 21
341.20000000000005
 31
0.0
  0
TEXT
  5
45B
330
17
100
AcDbEntity
  8
S-TABLE
100
AcDbText
 10
446.8440427333454
 20
339.20000000000005
 30
0.0
 40
2.3
  1
GENERAL TIES
  7
OpenSans
 72
1
 11
446.8440427333454
 21
339.20000000000005
 31
0.0
100
AcDbText
 73
2
  0
LWPOLYLINE
  5
45C
330
17
100
AcDbEntity
  8
S-TABLE
100
AcDbPolyline
 90
4
 70
1
 10
277.0
 20
333.20000000000005
 10
460.0
 20
333.20000000000005
 10
460.0
 20
337.20000000000005
 10
277.0
 20
337.20000000000005
  0
TEXT
  5
45D
330
17
100
AcDbEntity
  8
S-TABLE
100
AcDbText
 10
281.7586044927215
 20
335.20000000000005
 30
0.0
 40
2.1
  1
C1
  7
OpenSans
 72
1
 11
281.7586044927215
 21
335.20000000000005
 31
0.0
100
AcDbText
 73
2
  0
LINE
  5
45E
330
17
100
AcDbEntity
  8
S-TABLE
100
AcDbLine
 10
286.5172089854429
 20
333.20000000000005
 30
0.0
 11
286.5172089854429
 21
337.20000000000005
 31
0.0
  0
TEXT
  5
45F
330
17
100
AcDbEntity
  8
S-TABLE
100
AcDbText
 10
295.4396484383096
 20
335.20000000000005
 30
0.0
 40
2.1
  1
350 x 350
  7
OpenSans
 72
1
 11
295.4396484383096
 21
335.20000000000005
 31
0.0
100
AcDbText
 73
2
  0
LINE
  5
460
330
17
100
AcDbEntity
  8
S-TABLE
100
AcDbLine
 10
304.36208789117626
 20
333.20000000000005
 30
0.0
 11
304.36208789117626
 21
337.20000000000005
 31
0.0
  0
TEXT
  5
461
330
17
100
AcDbEntity
  8
S-TABLE
100
AcDbText
 10
320.2442618188012
 20
335.20000000000005
 30
0.0
 40
2.1
  1
(-)1.400 TO +6.700
  7
OpenSans
 72
1
 11
320.2442618188012
 21
335.20000000000005
 31
0.0
100
AcDbText
 73
2
  0
LINE
  5
462
330
17
100
AcDbEntity
  8
S-TABLE
100
AcDbLine
 10
336.1264357464261
 20
333.20000000000005
 30
0.0
 11
336.1264357464261
 21
337.20000000000005
 31
0.0
  0
TEXT
  5
463
330
17
100
AcDbEntity
  8
S-TABLE
100
AcDbText
 10
343.24587877045354
 20
335.20000000000005
 30
0.0
 40
2.1
  1
40
  7
OpenSans
 72
1
 11
343.24587877045354
 21
335.20000000000005
 31
0.0
100
AcDbText
 73
2
  0
LINE
  5
464
330
17
100
AcDbEntity
  8
S-TABLE
100
AcDbLine
 10
350.36532179448096
 20
333.20000000000005
 30
0.0
 11
350.36532179448096
 21
337.20000000000005
 31
0.0
  0
TEXT
  5
465
330
17
100
AcDbEntity
  8
S-TABLE
100
AcDbText
 10
361.95160468603217
 20
335.20000000000005
 30
0.0
 40
2.1
  1
8-T16  (1608)
  7
OpenSans
 72
1
 11
361.95160468603217
 21
335.20000000000005
 31
0.0
100
AcDbText
 73
2
  0
LINE
  5
466
330
17
100
AcDbEntity
  8
S-TABLE
100
AcDbLine
 10
373.5378875775834
 20
333.20000000000005
 30
0.0
 11
373.5378875775834
 21
337.20000000000005
 31
0.0
  0
TEXT
  5
467
330
17
100
AcDbEntity
  8
S-TABLE
100
AcDbText
 10
380.16141348931836
 20
335.20000000000005
 30
0.0
 40
2.1
  1
1.31 %
  7
OpenSans
 72
1
 11
380.16141348931836
 21
335.20000000000005
 31
0.0
100
AcDbText
 73
2
  0
LINE
  5
468
330
17
100
AcDbEntity
  8
S-TABLE
100
AcDbLine
 10
386.7849394010534
 20
333.20000000000005
 30
0.0
 11
386.7849394010534
 21
337.20000000000005
 31
0.0
  0
TEXT
  5
469
330
17
100
AcDbEntity
  8
S-TABLE
100
AcDbText
 10
410.2365124338721
 20
335.20000000000005
 30
0.0
 40
2.1
  1
T10 + 1 CROSS-TIE E/W @ 85
  7
OpenSans
 72
1
 11
410.2365124338721
 21
335.20000000000005
 31
0.0
100
AcDbText
 73
2
  0
LINE
  5
46A
330
17
100
AcDbEntity
  8
S-TABLE
100
AcDbLine
 10
433.68808546669084
 20
333.20000000000005
 30
0.0
 11
433.68808546669084
 21
337.20000000000005
 31
0.0
  0
TEXT
  5
46B
330
17
100
AcDbEntity
  8
S-TABLE
100
AcDbText
 10
446.8440427333454
 20
335.20000000000005
 30
0.0
 40
2.1
  1
T8 @ 150
  7
OpenSans
 72
1
 11
446.8440427333454
 21
335.20000000000005
 31
0.0
100
AcDbText
 73
2
  0
LWPOLYLINE
  5
46C
330
17
100
AcDbEntity
  8
S-TABLE
100
AcDbPolyline
 90
4
 70
1
 10
277.0
 20
329.20000000000005
 10
460.0
 20
329.20000000000005
 10
460.0
 20
333.20000000000005
 10
277.0
 20
333.20000000000005
  0
TEXT
  5
46D
330
17
100
AcDbEntity
  8
S-TABLE
100
AcDbText
 10
278.6
 20
331.20000000000005
 30
0.0
 40
2.3
  1
4 No. COLUMNS.  SHORT COLUMN: lex/D = 9.43 < 12 (IS 456 Cl. 25.1.2)
  7
OpenSans
 11
278.6
 21
331.20000000000005
 31
0.0
100
AcDbText
 73
2
  0
LWPOLYLINE
  5
46E
330
17
100
AcDbEntity
  8
S-TABLE
100
AcDbPolyline
 90
4
 70
1
 10
277.0
 20
325.20000000000005
 10
460.0
 20
325.20000000000005
 10
460.0
 20
329.20000000000005
 10
277.0
 20
329.20000000000005
  0
TEXT
  5
46F
330
17
100
AcDbEntity
  8
S-TABLE
100
AcDbText
 10
278.6
 20
327.20000000000005
 30
0.0
 40
2.3
  1
CONFINING STEEL OVER lo = 500 FROM EVERY JOINT FACE AND THROUGH THE JOINT
  7
OpenSans
 11
278.6
 21
327.20000000000005
 31
0.0
100
AcDbText
 73
2
  0
LWPOLYLINE
  5
470
330
17
100
AcDbEntity
  8
S-TABLE
100
AcDbPolyline
 90
4
 70
1
 10
277.0
 20
321.20000000000005
 10
460.0
 20
321.20000000000005
 10
460.0
 20
325.20000000000005
 10
277.0
 20
325.20000000000005
  0
TEXT
  5
471
330
17
100
AcDbEntity
  8
S-TABLE
100
AcDbText
 10
278.6
 20
323.20000000000005
 30
0.0
 40
2.3
  1
Ash PROVIDED 3 x 78.5 = 235.5 mm2  vs  168.5 REQUIRED (IS 13920 Cl. 8.1)
  7
OpenSans
 11
278.6
 21
323.20000000000005
 31
0.0
100
AcDbText
 73
2
  0
LWPOLYLINE
  5
472
330
17
100
AcDbEntity
  8
S-TABLE
100
AcDbPolyline
 90
4
 70
1
 10
277.0
 20
309.8
 10
460.0
 20
309.8
 10
460.0
 20
316.20000000000005
 10
277.0
 20
316.20000000000005
  0
TEXT
  5
473
330
17
100
AcDbEntity
  8
S-TABLE
100
AcDbText
 10
368.5
 20
313.00000000000006
 30
0.0
 40
3.8
  1
BAR MARK SCHEDULE - BEAMS B1 / B2 AND COLUMN C1
  7
OpenSans
 72
1
 11
368.5
 21
313.00000000000006
 31
0.0
100
AcDbText
 73
2
  0
LWPOLYLINE
  5
474
330
17
100
AcDbEntity
  8
S-TABLE
100
AcDbPolyline
 90
4
 70
1
 10
277.0
 20
306.1000000000001
 10
460.0
 20
306.1000000000001
 10
460.0
 20
309.80000000000007
 10
277.0
 20
309.80000000000007
  0
TEXT
  5
475
330
17
100
AcDbEntity
  8
S-TABLE
100
AcDbText
 10
285.0415382332658
 20
307.95000000000005
 30
0.0
 40
2.3
  1
MARK
  7
OpenSans
 72
1
 11
285.0415382332658
 21
307.95000000000005
 31
0.0
100
AcDbText
 73
2
  0
LINE
  5
476
330
17
100
AcDbEntity
  8
S-TABLE
100
AcDbLine
 10
293.08307646653157
 20
306.1000000000001
 30
0.0
 11
293.08307646653157
 21
309.80000000000007
 31
0.0
  0
TEXT
  5
477
330
17
100
AcDbEntity
  8
S-TABLE
100
AcDbText
 10
299.3558335177779
 20
307.95000000000005
 30
0.0
 40
2.3
  1
BAR
  7
OpenSans
 72
1
 11
299.3558335177779
 21
307.95000000000005
 31
0.0
100
AcDbText
 73
2
  0
LINE
  5
478
330
17
100
AcDbEntity
  8
S-TABLE
100
AcDbLine
 10
305.62859056902425
 20
306.1000000000001
 30
0.0
 11
305.62859056902425
 21
309.80000000000007
 31
0.0
  0
TEXT
  5
479
330
17
100
AcDbEntity
  8
S-TABLE
100
AcDbText
 10
316.9431520452644
 20
307.95000000000005
 30
0.0
 40
2.3
  1
SPACING
  7
OpenSans
 72
1
 11
316.9431520452644
 21
307.95000000000005
 31
0.0
100
AcDbText
 73
2
  0
LINE
  5
47A
330
17
100
AcDbEntity
  8
S-TABLE
100
AcDbLine
 10
328.25771352150457
 20
306.1000000000001
 30
0.0
 11
328.25771352150457
 21
309.80000000000007
 31
0.0
  0
TEXT
  5
47B
330
17
100
AcDbEntity
  8
S-TABLE
100
AcDbText
 10
377.504162942858
 20
307.95000000000005
 30
0.0
 40
2.3
  1
LOCATION
  7
OpenSans
 72
1
 11
377.504162942858
 21
307.95000000000005
 31
0.0
100
AcDbText
 73
2
  0
LINE
  5
47C
330
17
100
AcDbEntity
  8
S-TABLE
100
AcDbLine
 10
426.7506123642114
 20
306.1000000000001
 30
0.0
 11
426.7506123642114
 21
309.80000000000007
 31
0.0
  0
TEXT
  5
47D
330
17
100
AcDbEntity
  8
S-TABLE
100
AcDbText
 10
437.7871484112544
 20
307.95000000000005
 30
0.0
 40
2.3
  1
CUT mm
  7
OpenSans
 72
1
 11
437.7871484112544
 21
307.95000000000005
 31
0.0
100
AcDbText
 73
2
  0
LINE
  5
47E
330
17
100
AcDbEntity
  8
S-TABLE
100
AcDbLine
 10
448.82368445829735
 20
306.1000000000001
 30
0.0
 11
448.82368445829735
 21
309.80000000000007
 31
0.0
  0
TEXT
  5
47F
330
17
100
AcDbEntity
  8
S-TABLE
100
AcDbText
 10
454.41184222914865
 20
307.95000000000005
 30
0.0
 40
2.3
  1
No.
  7
OpenSans
 72
1
 11
454.41184222914865
 21
307.95000000000005
 31
0.0
100
AcDbText
 73
2
  0
LWPOLYLINE
  5
480
330
17
100
AcDbEntity
  8
S-TABLE
100
AcDbPolyline
 90
4
 70
1
 10
277.0
 20
302.4000000000001
 10
460.0
 20
302.4000000000001
 10
460.0
 20
306.1000000000001
 10
277.0
 20
306.1000000000001
  0
TEXT
  5
481
330
17
100
AcDbEntity
  8
S-TABLE
100
AcDbText
 10
285.0415382332658
 20
304.25000000000006
 30
0.0
 40
2.1
  1
SB01
  7
OpenSans
 72
1
 11
285.0415382332658
 21
304.25000000000006
 31
0.0
100
AcDbText
 73
2
  0
LINE
  5
482
330
17
100
AcDbEntity
  8
S-TABLE
100
AcDbLine
 10
293.08307646653157
 20
302.4000000000001
 30
0.0
 11
293.08307646653157
 21
306.1000000000001
 31
0.0
  0
TEXT
  5
483
330
17
100
AcDbEntity
  8
S-TABLE
100
AcDbText
 10
299.3558335177779
 20
304.25000000000006
 30
0.0
 40
2.1
  1
T16
  7
OpenSans
 72
1
 11
299.3558335177779
 21
304.25000000000006
 31
0.0
100
AcDbText
 73
2
  0
LINE
  5
484
330
17
100
AcDbEntity
  8
S-TABLE
100
AcDbLine
 10
305.62859056902425
 20
302.4000000000001
 30
0.0
 11
305.62859056902425
 21
306.1000000000001
 31
0.0
  0
TEXT
  5
485
330
17
100
AcDbEntity
  8
S-TABLE
100
AcDbText
 10
316.9431520452644
 20
304.25000000000006
 30
0.0
 40
2.1
  1
-
  7
OpenSans
 72
1
 11
316.9431520452644
 21
304.25000000000006
 31
0.0
100
AcDbText
 73
2
  0
LINE
  5
486
330
17
100
AcDbEntity
  8
S-TABLE
100
AcDbLine
 10
328.25771352150457
 20
302.4000000000001
 30
0.0
 11
328.25771352150457
 21
306.1000000000001
 31
0.0
  0
TEXT
  5
487
330
17
100
AcDbEntity
  8
S-TABLE
100
AcDbText
 10
329.65771352150455
 20
304.25000000000006
 30
0.0
 40
2.1
  1
TOP, 4 BARS, FULL LENGTH (D1)
  7
OpenSans
 11
329.65771352150455
 21
304.25000000000006
 31
0.0
100
AcDbText
 73
2
  0
LINE
  5
488
330
17
100
AcDbEntity
  8
S-TABLE
100
AcDbLine
 10
426.7506123642114
 20
302.4000000000001
 30
0.0
 11
426.7506123642114
 21
306.1000000000001
 31
0.0
  0
TEXT
  5
489
330
17
100
AcDbEntity
  8
S-TABLE
100
AcDbText
 10
437.7871484112544
 20
304.25000000000006
 30
0.0
 40
2.1
  1
4750
  7
OpenSans
 72
1
 11
437.7871484112544
 21
304.25000000000006
 31
0.0
100
AcDbText
 73
2
  0
LINE
  5
48A
330
17
100
AcDbEntity
  8
S-TABLE
100
AcDbLine
 10
448.82368445829735
 20
302.4000000000001
 30
0.0
 11
448.82368445829735
 21
306.1000000000001
 31
0.0
  0
TEXT
  5
48B
330
17
100
AcDbEntity
  8
S-TABLE
100
AcDbText
 10
454.41184222914865
 20
304.25000000000006
 30
0.0
 40
2.1
  1
8
  7
OpenSans
 72
1
 11
454.41184222914865
 21
304.25000000000006
 31
0.0
100
AcDbText
 73
2
  0
LWPOLYLINE
  5
48C
330
17
100
AcDbEntity
  8
S-TABLE
100
AcDbPolyline
 90
4
 70
1
 10
277.0
 20
298.7000000000001
 10
460.0
 20
298.7000000000001
 10
460.0
 20
302.4000000000001
 10
277.0
 20
302.4000000000001
  0
TEXT
  5
48D
330
17
100
AcDbEntity
  8
S-TABLE
100
AcDbText
 10
285.0415382332658
 20
300.55000000000007
 30
0.0
 40
2.1
  1
SB02
  7
OpenSans
 72
1
 11
285.0415382332658
 21
300.55000000000007
 31
0.0
100
AcDbText
 73
2
  0
LINE
  5
48E
330
17
100
AcDbEntity
  8
S-TABLE
100
AcDbLine
 10
293.08307646653157
 20
298.7000000000001
 30
0.0
 11
293.08307646653157
 21
302.4000000000001
 31
0.0
  0
TEXT
  5
48F
330
17
100
AcDbEntity
  8
S-TABLE
100
AcDbText
 10
299.3558335177779
 20
300.55000000000007
 30
0.0
 40
2.1
  1
T16
  7
OpenSans
 72
1
 11
299.3558335177779
 21
300.55000000000007
 31
0.0
100
AcDbText
 73
2
  0
LINE
  5
490
330
17
100
AcDbEntity
  8
S-TABLE
100
AcDbLine
 10
305.62859056902425
 20
298.7000000000001
 30
0.0
 11
305.62859056902425
 21
302.4000000000001
 31
0.0
  0
TEXT
  5
491
330
17
100
AcDbEntity
  8
S-TABLE
100
AcDbText
 10
316.9431520452644
 20
300.55000000000007
 30
0.0
 40
2.1
  1
-
  7
OpenSans
 72
1
 11
316.9431520452644
 21
300.55000000000007
 31
0.0
100
AcDbText
 73
2
  0
LINE
  5
492
330
17
100
AcDbEntity
  8
S-TABLE
100
AcDbLine
 10
328.25771352150457
 20
298.7000000000001
 30
0.0
 11
328.25771352150457
 21
302.4000000000001
 31
0.0
  0
TEXT
  5
493
330
17
100
AcDbEntity
  8
S-TABLE
100
AcDbText
 10
329.65771352150455
 20
300.55000000000007
 30
0.0
 40
2.1
  1
BOTTOM, 2 BARS CONTINUOUS
  7
OpenSans
 11
329.65771352150455
 21
300.55000000000007
 31
0.0
100
AcDbText
 73
2
  0
LINE
  5
494
330
17
100
AcDbEntity
  8
S-TABLE
100
AcDbLine
 10
426.7506123642114
 20
298.7000000000001
 30
0.0
 11
426.7506123642114
 21
302.4000000000001
 31
0.0
  0
TEXT
  5
495
330
17
100
AcDbEntity
  8
S-TABLE
100
AcDbText
 10
437.7871484112544
 20
300.55000000000007
 30
0.0
 40
2.1
  1
4750
  7
OpenSans
 72
1
 11
437.7871484112544
 21
300.55000000000007
 31
0.0
100
AcDbText
 73
2
  0
LINE
  5
496
330
17
100
AcDbEntity
  8
S-TABLE
100
AcDbLine
 10
448.82368445829735
 20
298.7000000000001
 30
0.0
 11
448.82368445829735
 21
302.4000000000001
 31
0.0
  0
TEXT
  5
497
330
17
100
AcDbEntity
  8
S-TABLE
100
AcDbText
 10
454.41184222914865
 20
300.55000000000007
 30
0.0
 40
2.1
  1
4
  7
OpenSans
 72
1
 11
454.41184222914865
 21
300.55000000000007
 31
0.0
100
AcDbText
 73
2
  0
LWPOLYLINE
  5
498
330
17
100
AcDbEntity
  8
S-TABLE
100
AcDbPolyline
 90
4
 70
1
 10
277.0
 20
295.0000000000001
 10
460.0
 20
295.0000000000001
 10
460.0
 20
298.7000000000001
 10
277.0
 20
298.7000000000001
  0
TEXT
  5
499
330
17
100
AcDbEntity
  8
S-TABLE
100
AcDbText
 10
285.0415382332658
 20
296.8500000000001
 30
0.0
 40
2.1
  1
SB03
  7
OpenSans
 72
1
 11
285.0415382332658
 21
296.8500000000001
 31
0.0
100
AcDbText
 73
2
  0
LINE
  5
49A
330
17
100
AcDbEntity
  8
S-TABLE
100
AcDbLine
 10
293.08307646653157
 20
295.0000000000001
 30
0.0
 11
293.08307646653157
 21
298.7000000000001
 31
0.0
  0
TEXT
  5
49B
330
17
100
AcDbEntity
  8
S-TABLE
100
AcDbText
 10
299.3558335177779
 20
296.8500000000001
 30
0.0
 40
2.1
  1
T8
  7
OpenSans
 72
1
 11
299.3558335177779
 21
296.8500000000001
 31
0.0
100
AcDbText
 73
2
  0
LINE
  5
49C
330
17
100
AcDbEntity
  8
S-TABLE
100
AcDbLine
 10
305.62859056902425
 20
295.0000000000001
 30
0.0
 11
305.62859056902425
 21
298.7000000000001
 31
0.0
  0
TEXT
  5
49D
330
17
100
AcDbEntity
  8
S-TABLE
100
AcDbText
 10
316.9431520452644
 20
296.8500000000001
 30
0.0
 40
2.1
  1
100
  7
OpenSans
 72
1
 11
316.9431520452644
 21
296.8500000000001
 31
0.0
100
AcDbText
 73
2
  0
LINE
  5
49E
330
17
100
AcDbEntity
  8
S-TABLE
100
AcDbLine
 10
328.25771352150457
 20
295.0000000000001
 30
0.0
 11
328.25771352150457
 21
298.7000000000001
 31
0.0
  0
TEXT
  5
49F
330
17
100
AcDbEntity
  8
S-TABLE
100
AcDbText
 10
329.65771352150455
 20
296.8500000000001
 30
0.0
 40
2.1
  1
HOOPS, HINGE ZONE 810 = 2d EACH END
  7
OpenSans
 11
329.65771352150455
 21
296.8500000000001
 31
0.0
100
AcDbText
 73
2
  0
LINE
  5
4A0
330
17
100
AcDbEntity
  8
S-TABLE
100
AcDbLine
 10
426.7506123642114
 20
295.0000000000001
 30
0.0
 11
426.7506123642114
 21
298.7000000000001
 31
0.0
  0
TEXT
  5
4A1
330
17
100
AcDbEntity
  8
S-TABLE
100
AcDbText
 10
437.7871484112544
 20
296.8500000000001
 30
0.0
 40
2.1
  1
1320
  7
OpenSans
 72
1
 11
437.7871484112544
 21
296.8500000000001
 31
0.0
100
AcDbText
 73
2
  0
LINE
  5
4A2
330
17
100
AcDbEntity
  8
S-TABLE
100
AcDbLine
 10
448.82368445829735
 20
295.0000000000001
 30
0.0
 11
448.82368445829735
 21
298.7000000000001
 31
0.0
  0
TEXT
  5
4A3
330
17
100
AcDbEntity
  8
S-TABLE
100
AcDbText
 10
454.41184222914865
 20
296.8500000000001
 30
0.0
 40
2.1
  1
32
  7
OpenSans
 72
1
 11
454.41184222914865
 21
296.8500000000001
 31
0.0
100
AcDbText
 73
2
  0
LWPOLYLINE
  5
4A4
330
17
100
AcDbEntity
  8
S-TABLE
100
AcDbPolyline
 90
4
 70
1
 10
277.0
 20
291.3000000000001
 10
460.0
 20
291.3000000000001
 10
460.0
 20
295.0000000000001
 10
277.0
 20
295.0000000000001
  0
TEXT
  5
4A5
330
17
100
AcDbEntity
  8
S-TABLE
100
AcDbText
 10
285.0415382332658
 20
293.1500000000001
 30
0.0
 40
2.1
  1
SB04
  7
OpenSans
 72
1
 11
285.0415382332658
 21
293.1500000000001
 31
0.0
100
AcDbText
 73
2
  0
LINE
  5
4A6
330
17
100
AcDbEntity
  8
S-TABLE
100
AcDbLine
 10
293.08307646653157
 20
291.3000000000001
 30
0.0
 11
293.08307646653157
 21
295.0000000000001
 31
0.0
  0
TEXT
  5
4A7
330
17
100
AcDbEntity
  8
S-TABLE
100
AcDbText
 10
299.3558335177779
 20
293.1500000000001
 30
0.0
 40
2.1
  1
T8
  7
OpenSans
 72
1
 11
299.3558335177779
 21
293.1500000000001
 31
0.0
100
AcDbText
 73
2
  0
LINE
  5
4A8
330
17
100
AcDbEntity
  8
S-TABLE
100
AcDbLine
 10
305.62859056902425
 20
291.3000000000001
 30
0.0
 11
305.62859056902425
 21
295.0000000000001
 31
0.0
  0
TEXT
  5
4A9
330
17
100
AcDbEntity
  8
S-TABLE
100
AcDbText
 10
316.9431520452644
 20
293.1500000000001
 30
0.0
 40
2.1
  1
150
  7
OpenSans
 72
1
 11
316.9431520452644
 21
293.1500000000001
 31
0.0
100
AcDbText
 73
2
  0
LINE
  5
4AA
330
17
100
AcDbEntity
  8
S-TABLE
100
AcDbLine
 10
328.25771352150457
 20
291.3000000000001
 30
0.0
 11
328.25771352150457
 21
295.0000000000001
 31
0.0
  0
TEXT
  5
4AB
330
17
100
AcDbEntity
  8
S-TABLE
100
AcDbText
 10
329.65771352150455
 20
293.1500000000001
 30
0.0
 40
2.1
  1
HOOPS, CENTRAL ZONE
  7
OpenSans
 11
329.65771352150455
 21
293.1500000000001
 31
0.0
100
AcDbText
 73
2
  0
LINE
  5
4AC
330
17
100
AcDbEntity
  8
S-TABLE
100
AcDbLine
 10
426.7506123642114
 20
291.3000000000001
 30
0.0
 11
426.7506123642114
 21
295.0000000000001
 31
0.0
  0
TEXT
  5
4AD
330
17
100
AcDbEntity
  8
S-TABLE
100
AcDbText
 10
437.7871484112544
 20
293.1500000000001
 30
0.0
 40
2.1
  1
1320
  7
OpenSans
 72
1
 11
437.7871484112544
 21
293.1500000000001
 31
0.0
100
AcDbText
 73
2
  0
LINE
  5
4AE
330
17
100
AcDbEntity
  8
S-TABLE
100
AcDbLine
 10
448.82368445829735
 20
291.3000000000001
 30
0.0
 11
448.82368445829735
 21
295.0000000000001
 31
0.0
  0
TEXT
  5
4AF
330
17
100
AcDbEntity
  8
S-TABLE
100
AcDbText
 10
454.41184222914865
 20
293.1500000000001
 30
0.0
 40
2.1
  1
22
  7
OpenSans
 72
1
 11
454.41184222914865
 21
293.1500000000001
 31
0.0
100
AcDbText
 73
2
  0
LWPOLYLINE
  5
4B0
330
17
100
AcDbEntity
  8
S-TABLE
100
AcDbPolyline
 90
4
 70
1
 10
277.0
 20
287.60000000000014
 10
460.0
 20
287.60000000000014
 10
460.0
 20
291.3000000000001
 10
277.0
 20
291.3000000000001
  0
TEXT
  5
4B1
330
17
100
AcDbEntity
  8
S-TABLE
100
AcDbText
 10
285.0415382332658
 20
289.4500000000001
 30
0.0
 40
2.1
  1
SB05
  7
OpenSans
 72
1
 11
285.0415382332658
 21
289.4500000000001
 31
0.0
100
AcDbText
 73
2
  0
LINE
  5
4B2
330
17
100
AcDbEntity
  8
S-TABLE
100
AcDbLine
 10
293.08307646653157
 20
287.60000000000014
 30
0.0
 11
293.08307646653157
 21
291.3000000000001
 31
0.0
  0
TEXT
  5
4B3
330
17
100
AcDbEntity
  8
S-TABLE
100
AcDbText
 10
299.3558335177779
 20
289.4500000000001
 30
0.0
 40
2.1
  1
T20
  7
OpenSans
 72
1
 11
299.3558335177779
 21
289.4500000000001
 31
0.0
100
AcDbText
 73
2
  0
LINE
  5
4B4
330
17
100
AcDbEntity
  8
S-TABLE
100
AcDbLine
 10
305.62859056902425
 20
287.60000000000014
 30
0.0
 11
305.62859056902425
 21
291.3000000000001
 31
0.0
  0
TEXT
  5
4B5
330
17
100
AcDbEntity
  8
S-TABLE
100
AcDbText
 10
316.9431520452644
 20
289.4500000000001
 30
0.0
 40
2.1
  1
-
  7
OpenSans
 72
1
 11
316.9431520452644
 21
289.4500000000001
 31
0.0
100
AcDbText
 73
2
  0
LINE
  5
4B6
330
17
100
AcDbEntity
  8
S-TABLE
100
AcDbLine
 10
328.25771352150457
 20
287.60000000000014
 30
0.0
 11
328.25771352150457
 21
291.3000000000001
 31
0.0
  0
TEXT
  5
4B7
330
17
100
AcDbEntity
  8
S-TABLE
100
AcDbText
 10
329.65771352150455
 20
289.4500000000001
 30
0.0
 40
2.1
  1
TOP, 3 BARS, FULL LENGTH (D1)
  7
OpenSans
 11
329.65771352150455
 21
289.4500000000001
 31
0.0
100
AcDbText
 73
2
  0
LINE
  5
4B8
330
17
100
AcDbEntity
  8
S-TABLE
100
AcDbLine
 10
426.7506123642114
 20
287.60000000000014
 30
0.0
 11
426.7506123642114
 21
291.3000000000001
 31
0.0
  0
TEXT
  5
4B9
330
17
100
AcDbEntity
  8
S-TABLE
100
AcDbText
 10
437.7871484112544
 20
289.4500000000001
 30
0.0
 40
2.1
  1
6150
  7
OpenSans
 72
1
 11
437.7871484112544
 21
289.4500000000001
 31
0.0
100
AcDbText
 73
2
  0
LINE
  5
4BA
330
17
100
AcDbEntity
  8
S-TABLE
100
AcDbLine
 10
448.82368445829735
 20
287.60000000000014
 30
0.0
 11
448.82368445829735
 21
291.3000000000001
 31
0.0
  0
TEXT
  5
4BB
330
17
100
AcDbEntity
  8
S-TABLE
100
AcDbText
 10
454.41184222914865
 20
289.4500000000001
 30
0.0
 40
2.1
  1
6
  7
OpenSans
 72
1
 11
454.41184222914865
 21
289.4500000000001
 31
0.0
100
AcDbText
 73
2
  0
LWPOLYLINE
  5
4BC
330
17
100
AcDbEntity
  8
S-TABLE
100
AcDbPolyline
 90
4
 70
1
 10
277.0
 20
283.90000000000015
 10
460.0
 20
283.90000000000015
 10
460.0
 20
287.60000000000014
 10
277.0
 20
287.60000000000014
  0
TEXT
  5
4BD
330
17
100
AcDbEntity
  8
S-TABLE
100
AcDbText
 10
285.0415382332658
 20
285.7500000000001
 30
0.0
 40
2.1
  1
SB06
  7
OpenSans
 72
1
 11
285.0415382332658
 21
285.7500000000001
 31
0.0
100
AcDbText
 73
2
  0
LINE
  5
4BE
330
17
100
AcDbEntity
  8
S-TABLE
100
AcDbLine
 10
293.08307646653157
 20
283.90000000000015
 30
0.0
 11
293.08307646653157
 21
287.60000000000014
 31
0.0
  0
TEXT
  5
4BF
330
17
100
AcDbEntity
  8
S-TABLE
100
AcDbText
 10
299.3558335177779
 20
285.7500000000001
 30
0.0
 40
2.1
  1
T20
  7
OpenSans
 72
1
 11
299.3558335177779
 21
285.7500000000001
 31
0.0
100
AcDbText
 73
2
  0
LINE
  5
4C0
330
17
100
AcDbEntity
  8
S-TABLE
100
AcDbLine
 10
305.62859056902425
 20
283.90000000000015
 30
0.0
 11
305.62859056902425
 21
287.60000000000014
 31
0.0
  0
TEXT
  5
4C1
330
17
100
AcDbEntity
  8
S-TABLE
100
AcDbText
 10
316.9431520452644
 20
285.7500000000001
 30
0.0
 40
2.1
  1
-
  7
OpenSans
 72
1
 11
316.9431520452644
 21
285.7500000000001
 31
0.0
100
AcDbText
 73
2
  0
LINE
  5
4C2
330
17
100
AcDbEntity
  8
S-TABLE
100
AcDbLine
 10
328.25771352150457
 20
283.90000000000015
 30
0.0
 11
328.25771352150457
 21
287.60000000000014
 31
0.0
  0
TEXT
  5
4C3
330
17
100
AcDbEntity
  8
S-TABLE
100
AcDbText
 10
329.65771352150455
 20
285.7500000000001
 30
0.0
 40
2.1
  1
BOTTOM, 2 BARS CONTINUOUS
  7
OpenSans
 11
329.65771352150455
 21
285.7500000000001
 31
0.0
100
AcDbText
 73
2
  0
LINE
  5
4C4
330
17
100
AcDbEntity
  8
S-TABLE
100
AcDbLine
 10
426.7506123642114
 20
283.90000000000015
 30
0.0
 11
426.7506123642114
 21
287.60000000000014
 31
0.0
  0
TEXT
  5
4C5
330
17
100
AcDbEntity
  8
S-TABLE
100
AcDbText
 10
437.7871484112544
 20
285.7500000000001
 30
0.0
 40
2.1
  1
6150
  7
OpenSans
 72
1
 11
437.7871484112544
 21
285.7500000000001
 31
0.0
100
AcDbText
 73
2
  0
LINE
  5
4C6
330
17
100
AcDbEntity
  8
S-TABLE
100
AcDbLine
 10
448.82368445829735
 20
283.90000000000015
 30
0.0
 11
448.82368445829735
 21
287.60000000000014
 31
0.0
  0
TEXT
  5
4C7
330
17
100
AcDbEntity
  8
S-TABLE
100
AcDbText
 10
454.41184222914865
 20
285.7500000000001
 30
0.0
 40
2.1
  1
4
  7
OpenSans
 72
1
 11
454.41184222914865
 21
285.7500000000001
 31
0.0
100
AcDbText
 73
2
  0
LWPOLYLINE
  5
4C8
330
17
100
AcDbEntity
  8
S-TABLE
100
AcDbPolyline
 90
4
 70
1
 10
277.0
 20
280.20000000000016
 10
460.0
 20
280.20000000000016
 10
460.0
 20
283.90000000000015
 10
277.0
 20
283.90000000000015
  0
TEXT
  5
4C9
330
17
100
AcDbEntity
  8
S-TABLE
100
AcDbText
 10
285.0415382332658
 20
282.0500000000001
 30
0.0
 40
2.1
  1
SB07
  7
OpenSans
 72
1
 11
285.0415382332658
 21
282.0500000000001
 31
0.0
100
AcDbText
 73
2
  0
LINE
  5
4CA
330
17
100
AcDbEntity
  8
S-TABLE
100
AcDbLine
 10
293.08307646653157
 20
280.20000000000016
 30
0.0
 11
293.08307646653157
 21
283.90000000000015
 31
0.0
  0
TEXT
  5
4CB
330
17
100
AcDbEntity
  8
S-TABLE
100
AcDbText
 10
299.3558335177779
 20
282.0500000000001
 30
0.0
 40
2.1
  1
T8
  7
OpenSans
 72
1
 11
299.3558335177779
 21
282.0500000000001
 31
0.0
100
AcDbText
 73
2
  0
LINE
  5
4CC
330
17
100
AcDbEntity
  8
S-TABLE
100
AcDbLine
 10
305.62859056902425
 20
280.20000000000016
 30
0.0
 11
305.62859056902425
 21
283.90000000000015
 31
0.0
  0
TEXT
  5
4CD
330
17
100
AcDbEntity
  8
S-TABLE
100
AcDbText
 10
316.9431520452644
 20
282.0500000000001
 30
0.0
 40
2.1
  1
100
  7
OpenSans
 72
1
 11
316.9431520452644
 21
282.0500000000001
 31
0.0
100
AcDbText
 73
2
  0
LINE
  5
4CE
330
17
100
AcDbEntity
  8
S-TABLE
100
AcDbLine
 10
328.25771352150457
 20
280.20000000000016
 30
0.0
 11
328.25771352150457
 21
283.90000000000015
 31
0.0
  0
TEXT
  5
4CF
330
17
100
AcDbEntity
  8
S-TABLE
100
AcDbText
 10
329.65771352150455
 20
282.0500000000001
 30
0.0
 40
2.1
  1
HOOPS, HINGE ZONE 810 = 2d EACH END
  7
OpenSans
 11
329.65771352150455
 21
282.0500000000001
 31
0.0
100
AcDbText
 73
2
  0
LINE
  5
4D0
330
17
100
AcDbEntity
  8
S-TABLE
100
AcDbLine
 10
426.7506123642114
 20
280.20000000000016
 30
0.0
 11
426.7506123642114
 21
283.90000000000015
 31
0.0
  0
TEXT
  5
4D1
330
17
100
AcDbEntity
  8
S-TABLE
100
AcDbText
 10
437.7871484112544
 20
282.0500000000001
 30
0.0
 40
2.1
  1
1320
  7
OpenSans
 72
1
 11
437.7871484112544
 21
282.0500000000001
 31
0.0
100
AcDbText
 73
2
  0
LINE
  5
4D2
330
17
100
AcDbEntity
  8
S-TABLE
100
AcDbLine
 10
448.82368445829735
 20
280.20000000000016
 30
0.0
 11
448.82368445829735
 21
283.90000000000015
 31
0.0
  0
TEXT
  5
4D3
330
17
100
AcDbEntity
  8
S-TABLE
100
AcDbText
 10
454.41184222914865
 20
282.0500000000001
 30
0.0
 40
2.1
  1
32
  7
OpenSans
 72
1
 11
454.41184222914865
 21
282.0500000000001
 31
0.0
100
AcDbText
 73
2
  0
LWPOLYLINE
  5
4D4
330
17
100
AcDbEntity
  8
S-TABLE
100
AcDbPolyline
 90
4
 70
1
 10
277.0
 20
276.50000000000017
 10
460.0
 20
276.50000000000017
 10
460.0
 20
280.20000000000016
 10
277.0
 20
280.20000000000016
  0
TEXT
  5
4D5
330
17
100
AcDbEntity
  8
S-TABLE
100
AcDbText
 10
285.0415382332658
 20
278.35000000000014
 30
0.0
 40
2.1
  1
SB08
  7
OpenSans
 72
1
 11
285.0415382332658
 21
278.35000000000014
 31
0.0
100
AcDbText
 73
2
  0
LINE
  5
4D6
330
17
100
AcDbEntity
  8
S-TABLE
100
AcDbLine
 10
293.08307646653157
 20
276.50000000000017
 30
0.0
 11
293.08307646653157
 21
280.20000000000016
 31
0.0
  0
TEXT
  5
4D7
330
17
100
AcDbEntity
  8
S-TABLE
100
AcDbText
 10
299.3558335177779
 20
278.35000000000014
 30
0.0
 40
2.1
  1
T8
  7
OpenSans
 72
1
 11
299.3558335177779
 21
278.35000000000014
 31
0.0
100
AcDbText
 73
2
  0
LINE
  5
4D8
330
17
100
AcDbEntity
  8
S-TABLE
100
AcDbLine
 10
305.62859056902425
 20
276.50000000000017
 30
0.0
 11
305.62859056902425
 21
280.20000000000016
 31
0.0
  0
TEXT
  5
4D9
330
17
100
AcDbEntity
  8
S-TABLE
100
AcDbText
 10
316.9431520452644
 20
278.35000000000014
 30
0.0
 40
2.1
  1
150
  7
OpenSans
 72
1
 11
316.9431520452644
 21
278.35000000000014
 31
0.0
100
AcDbText
 73
2
  0
LINE
  5
4DA
330
17
100
AcDbEntity
  8
S-TABLE
100
AcDbLine
 10
328.25771352150457
 20
276.50000000000017
 30
0.0
 11
328.25771352150457
 21
280.20000000000016
 31
0.0
  0
TEXT
  5
4DB
330
17
100
AcDbEntity
  8
S-TABLE
100
AcDbText
 10
329.65771352150455
 20
278.35000000000014
 30
0.0
 40
2.1
  1
HOOPS, CENTRAL ZONE
  7
OpenSans
 11
329.65771352150455
 21
278.35000000000014
 31
0.0
100
AcDbText
 73
2
  0
LINE
  5
4DC
330
17
100
AcDbEntity
  8
S-TABLE
100
AcDbLine
 10
426.7506123642114
 20
276.50000000000017
 30
0.0
 11
426.7506123642114
 21
280.20000000000016
 31
0.0
  0
TEXT
  5
4DD
330
17
100
AcDbEntity
  8
S-TABLE
100
AcDbText
 10
437.7871484112544
 20
278.35000000000014
 30
0.0
 40
2.1
  1
1320
  7
OpenSans
 72
1
 11
437.7871484112544
 21
278.35000000000014
 31
0.0
100
AcDbText
 73
2
  0
LINE
  5
4DE
330
17
100
AcDbEntity
  8
S-TABLE
100
AcDbLine
 10
448.82368445829735
 20
276.50000000000017
 30
0.0
 11
448.82368445829735
 21
280.20000000000016
 31
0.0
  0
TEXT
  5
4DF
330
17
100
AcDbEntity
  8
S-TABLE
100
AcDbText
 10
454.41184222914865
 20
278.35000000000014
 30
0.0
 40
2.1
  1
36
  7
OpenSans
 72
1
 11
454.41184222914865
 21
278.35000000000014
 31
0.0
100
AcDbText
 73
2
  0
LWPOLYLINE
  5
4E0
330
17
100
AcDbEntity
  8
S-TABLE
100
AcDbPolyline
 90
4
 70
1
 10
277.0
 20
272.8000000000002
 10
460.0
 20
272.8000000000002
 10
460.0
 20
276.50000000000017
 10
277.0
 20
276.50000000000017
  0
TEXT
  5
4E1
330
17
100
AcDbEntity
  8
S-TABLE
100
AcDbText
 10
285.0415382332658
 20
274.65000000000015
 30
0.0
 40
2.1
  1
SC01
  7
OpenSans
 72
1
 11
285.0415382332658
 21
274.65000000000015
 31
0.0
100
AcDbText
 73
2
  0
LINE
  5
4E2
330
17
100
AcDbEntity
  8
S-TABLE
100
AcDbLine
 10
293.08307646653157
 20
272.8000000000002
 30
0.0
 11
293.08307646653157
 21
276.50000000000017
 31
0.0
  0
TEXT
  5
4E3
330
17
100
AcDbEntity
  8
S-TABLE
100
AcDbText
 10
299.3558335177779
 20
274.65000000000015
 30
0.0
 40
2.1
  1
T16
  7
OpenSans
 72
1
 11
299.3558335177779
 21
274.65000000000015
 31
0.0
100
AcDbText
 73
2
  0
LINE
  5
4E4
330
17
100
AcDbEntity
  8
S-TABLE
100
AcDbLine
 10
305.62859056902425
 20
272.8000000000002
 30
0.0
 11
305.62859056902425
 21
276.50000000000017
 31
0.0
  0
TEXT
  5
4E5
330
17
100
AcDbEntity
  8
S-TABLE
100
AcDbText
 10
316.9431520452644
 20
274.65000000000015
 30
0.0
 40
2.1
  1
-
  7
OpenSans
 72
1
 11
316.9431520452644
 21
274.65000000000015
 31
0.0
100
AcDbText
 73
2
  0
LINE
  5
4E6
330
17
100
AcDbEntity
  8
S-TABLE
100
AcDbLine
 10
328.25771352150457
 20
272.8000000000002
 30
0.0
 11
328.25771352150457
 21
276.50000000000017
 31
0.0
  0
TEXT
  5
4E7
330
17
100
AcDbEntity
  8
S-TABLE
100
AcDbText
 10
329.65771352150455
 20
274.65000000000015
 30
0.0
 40
2.1
  1
VERTICALS, 8 PER COLUMN, NO SPLICE (D3)
  7
OpenSans
 11
329.65771352150455
 21
274.65000000000015
 31
0.0
100
AcDbText
 73
2
  0
LINE
  5
4E8
330
17
100
AcDbEntity
  8
S-TABLE
100
AcDbLine
 10
426.7506123642114
 20
272.8000000000002
 30
0.0
 11
426.7506123642114
 21
276.50000000000017
 31
0.0
  0
TEXT
  5
4E9
330
17
100
AcDbEntity
  8
S-TABLE
100
AcDbText
 10
437.7871484112544
 20
274.65000000000015
 30
0.0
 40
2.1
  1
8724
  7
OpenSans
 72
1
 11
437.7871484112544
 21
274.65000000000015
 31
0.0
100
AcDbText
 73
2
  0
LINE
  5
4EA
330
17
100
AcDbEntity
  8
S-TABLE
100
AcDbLine
 10
448.82368445829735
 20
272.8000000000002
 30
0.0
 11
448.82368445829735
 21
276.50000000000017
 31
0.0
  0
TEXT
  5
4EB
330
17
100
AcDbEntity
  8
S-TABLE
100
AcDbText
 10
454.41184222914865
 20
274.65000000000015
 30
0.0
 40
2.1
  1
32
  7
OpenSans
 72
1
 11
454.41184222914865
 21
274.65000000000015
 31
0.0
100
AcDbText
 73
2
  0
LWPOLYLINE
  5
4EC
330
17
100
AcDbEntity
  8
S-TABLE
100
AcDbPolyline
 90
4
 70
1
 10
277.0
 20
269.1000000000002
 10
460.0
 20
269.1000000000002
 10
460.0
 20
272.8000000000002
 10
277.0
 20
272.8000000000002
  0
TEXT
  5
4ED
330
17
100
AcDbEntity
  8
S-TABLE
100
AcDbText
 10
285.0415382332658
 20
270.95000000000016
 30
0.0
 40
2.1
  1
SC02
  7
OpenSans
 72
1
 11
285.0415382332658
 21
270.95000000000016
 31
0.0
100
AcDbText
 73
2
  0
LINE
  5
4EE
330
17
100
AcDbEntity
  8
S-TABLE
100
AcDbLine
 10
293.08307646653157
 20
269.1000000000002
 30
0.0
 11
293.08307646653157
 21
272.8000000000002
 31
0.0
  0
TEXT
  5
4EF
330
17
100
AcDbEntity
  8
S-TABLE
100
AcDbText
 10
299.3558335177779
 20
270.95000000000016
 30
0.0
 40
2.1
  1
T10
  7
OpenSans
 72
1
 11
299.3558335177779
 21
270.95000000000016
 31
0.0
100
AcDbText
 73
2
  0
LINE
  5
4F0
330
17
100
AcDbEntity
  8
S-TABLE
100
AcDbLine
 10
305.62859056902425
 20
269.1000000000002
 30
0.0
 11
305.62859056902425
 21
272.8000000000002
 31
0.0
  0
TEXT
  5
4F1
330
17
100
AcDbEntity
  8
S-TABLE
100
AcDbText
 10
316.9431520452644
 20
270.95000000000016
 30
0.0
 40
2.1
  1
85
  7
OpenSans
 72
1
 11
316.9431520452644
 21
270.95000000000016
 31
0.0
100
AcDbText
 73
2
  0
LINE
  5
4F2
330
17
100
AcDbEntity
  8
S-TABLE
100
AcDbLine
 10
328.25771352150457
 20
269.1000000000002
 30
0.0
 11
328.25771352150457
 21
272.8000000000002
 31
0.0
  0
TEXT
  5
4F3
330
17
100
AcDbEntity
  8
S-TABLE
100
AcDbText
 10
329.65771352150455
 20
270.95000000000016
 30
0.0
 40
2.1
  1
CONFINING HOOPS, 9 ZONES (IS 13920 Cl. 8.1)
  7
OpenSans
 11
329.65771352150455
 21
270.95000000000016
 31
0.0
100
AcDbText
 73
2
  0
LINE
  5
4F4
330
17
100
AcDbEntity
  8
S-TABLE
100
AcDbLine
 10
426.7506123642114
 20
269.1000000000002
 30
0.0
 11
426.7506123642114
 21
272.8000000000002
 31
0.0
  0
TEXT
  5
4F5
330
17
100
AcDbEntity
  8
S-TABLE
100
AcDbText
 10
437.7871484112544
 20
270.95000000000016
 30
0.0
 40
2.1
  1
1280
  7
OpenSans
 72
1
 11
437.7871484112544
 21
270.95000000000016
 31
0.0
100
AcDbText
 73
2
  0
LINE
  5
4F6
330
17
100
AcDbEntity
  8
S-TABLE
100
AcDbLine
 10
448.82368445829735
 20
269.1000000000002
 30
0.0
 11
448.82368445829735
 21
272.8000000000002
 31
0.0
  0
TEXT
  5
4F7
330
17
100
AcDbEntity
  8
S-TABLE
100
AcDbText
 10
454.41184222914865
 20
270.95000000000016
 30
0.0
 40
2.1
  1
212
  7
OpenSans
 72
1
 11
454.41184222914865
 21
270.95000000000016
 31
0.0
100
AcDbText
 73
2
  0
LWPOLYLINE
  5
4F8
330
17
100
AcDbEntity
  8
S-TABLE
100
AcDbPolyline
 90
4
 70
1
 10
277.0
 20
265.4000000000002
 10
460.0
 20
265.4000000000002
 10
460.0
 20
269.1000000000002
 10
277.0
 20
269.1000000000002
  0
TEXT
  5
4F9
330
17
100
AcDbEntity
  8
S-TABLE
100
AcDbText
 10
285.0415382332658
 20
267.25000000000017
 30
0.0
 40
2.1
  1
SC03
  7
OpenSans
 72
1
 11
285.0415382332658
 21
267.25000000000017
 31
0.0
100
AcDbText
 73
2
  0
LINE
  5
4FA
330
17
100
AcDbEntity
  8
S-TABLE
100
AcDbLine
 10
293.08307646653157
 20
265.4000000000002
 30
0.0
 11
293.08307646653157
 21
269.1000000000002
 31
0.0
  0
TEXT
  5
4FB
330
17
100
AcDbEntity
  8
S-TABLE
100
AcDbText
 10
299.3558335177779
 20
267.25000000000017
 30
0.0
 40
2.1
  1
T10
  7
OpenSans
 72
1
 11
299.3558335177779
 21
267.25000000000017
 31
0.0
100
AcDbText
 73
2
  0
LINE
  5
4FC
330
17
100
AcDbEntity
  8
S-TABLE
100
AcDbLine
 10
305.62859056902425
 20
265.4000000000002
 30
0.0
 11
305.62859056902425
 21
269.1000000000002
 31
0.0
  0
TEXT
  5
4FD
330
17
100
AcDbEntity
  8
S-TABLE
100
AcDbText
 10
316.9431520452644
 20
267.25000000000017
 30
0.0
 40
2.1
  1
85
  7
OpenSans
 72
1
 11
316.9431520452644
 21
267.25000000000017
 31
0.0
100
AcDbText
 73
2
  0
LINE
  5
4FE
330
17
100
AcDbEntity
  8
S-TABLE
100
AcDbLine
 10
328.25771352150457
 20
265.4000000000002
 30
0.0
 11
328.25771352150457
 21
269.1000000000002
 31
0.0
  0
TEXT
  5
4FF
330
17
100
AcDbEntity
  8
S-TABLE
100
AcDbText
 10
329.65771352150455
 20
267.25000000000017
 30
0.0
 40
2.1
  1
CROSS-TIES, ONE EACH WAY WITH EVERY HOOP
  7
OpenSans
 11
329.65771352150455
 21
267.25000000000017
 31
0.0
100
AcDbText
 73
2
  0
LINE
  5
500
330
17
100
AcDbEntity
  8
S-TABLE
100
AcDbLine
 10
426.7506123642114
 20
265.4000000000002
 30
0.0
 11
426.7506123642114
 21
269.1000000000002
 31
0.0
  0
TEXT
  5
501
330
17
100
AcDbEntity
  8
S-TABLE
100
AcDbText
 10
437.7871484112544
 20
267.25000000000017
 30
0.0
 40
2.1
  1
470
  7
OpenSans
 72
1
 11
437.7871484112544
 21
267.25000000000017
 31
0.0
100
AcDbText
 73
2
  0
LINE
  5
502
330
17
100
AcDbEntity
  8
S-TABLE
100
AcDbLine
 10
448.82368445829735
 20
265.4000000000002
 30
0.0
 11
448.82368445829735
 21
269.1000000000002
 31
0.0
  0
TEXT
  5
503
330
17
100
AcDbEntity
  8
S-TABLE
100
AcDbText
 10
454.41184222914865
 20
267.25000000000017
 30
0.0
 40
2.1
  1
424
  7
OpenSans
 72
1
 11
454.41184222914865
 21
267.25000000000017
 31
0.0
100
AcDbText
 73
2
  0
LWPOLYLINE
  5
504
330
17
100
AcDbEntity
  8
S-TABLE
100
AcDbPolyline
 90
4
 70
1
 10
277.0
 20
261.7000000000002
 10
460.0
 20
261.7000000000002
 10
460.0
 20
265.4000000000002
 10
277.0
 20
265.4000000000002
  0
TEXT
  5
505
330
17
100
AcDbEntity
  8
S-TABLE
100
AcDbText
 10
285.0415382332658
 20
263.5500000000002
 30
0.0
 40
2.1
  1
SC04
  7
OpenSans
 72
1
 11
285.0415382332658
 21
263.5500000000002
 31
0.0
100
AcDbText
 73
2
  0
LINE
  5
506
330
17
100
AcDbEntity
  8
S-TABLE
100
AcDbLine
 10
293.08307646653157
 20
261.7000000000002
 30
0.0
 11
293.08307646653157
 21
265.4000000000002
 31
0.0
  0
TEXT
  5
507
330
17
100
AcDbEntity
  8
S-TABLE
100
AcDbText
 10
299.3558335177779
 20
263.5500000000002
 30
0.0
 40
2.1
  1
T8
  7
OpenSans
 72
1
 11
299.3558335177779
 21
263.5500000000002
 31
0.0
100
AcDbText
 73
2
  0
LINE
  5
508
330
17
100
AcDbEntity
  8
S-TABLE
100
AcDbLine
 10
305.62859056902425
 20
261.7000000000002
 30
0.0
 11
305.62859056902425
 21
265.4000000000002
 31
0.0
  0
TEXT
  5
509
330
17
100
AcDbEntity
  8
S-TABLE
100
AcDbText
 10
316.9431520452644
 20
263.5500000000002
 30
0.0
 40
2.1
  1
150
  7
OpenSans
 72
1
 11
316.9431520452644
 21
263.5500000000002
 31
0.0
100
AcDbText
 73
2
  0
LINE
  5
50A
330
17
100
AcDbEntity
  8
S-TABLE
100
AcDbLine
 10
328.25771352150457
 20
261.7000000000002
 30
0.0
 11
328.25771352150457
 21
265.4000000000002
 31
0.0
  0
TEXT
  5
50B
330
17
100
AcDbEntity
  8
S-TABLE
100
AcDbText
 10
329.65771352150455
 20
263.5500000000002
 30
0.0
 40
2.1
  1
GENERAL TIES, OUTSIDE THE CONFINING ZONES
  7
OpenSans
 11
329.65771352150455
 21
263.5500000000002
 31
0.0
100
AcDbText
 73
2
  0
LINE
  5
50C
330
17
100
AcDbEntity
  8
S-TABLE
100
AcDbLine
 10
426.7506123642114
 20
261.7000000000002
 30
0.0
 11
426.7506123642114
 21
265.4000000000002
 31
0.0
  0
TEXT
  5
50D
330
17
100
AcDbEntity
  8
S-TABLE
100
AcDbText
 10
437.7871484112544
 20
263.5500000000002
 30
0.0
 40
2.1
  1
1240
  7
OpenSans
 72
1
 11
437.7871484112544
 21
263.5500000000002
 31
0.0
100
AcDbText
 73
2
  0
LINE
  5
50E
330
17
100
AcDbEntity
  8
S-TABLE
100
AcDbLine
 10
448.82368445829735
 20
261.7000000000002
 30
0.0
 11
448.82368445829735
 21
265.4000000000002
 31
0.0
  0
TEXT
  5
50F
330
17
100
AcDbEntity
  8
S-TABLE
100
AcDbText
 10
454.41184222914865
 20
263.5500000000002
 30
0.0
 40
2.1
  1
92
  7
OpenSans
 72
1
 11
454.41184222914865
 21
263.5500000000002
 31
0.0
100
AcDbText
 73
2
  0
LWPOLYLINE
  5
510
330
17
100
AcDbEntity
  8
S-TABLE
100
AcDbPolyline
 90
4
 70
1
 10
277.0
 20
250.3000000000002
 10
460.0
 20
250.3000000000002
 10
460.0
 20
256.7000000000002
 10
277.0
 20
256.7000000000002
  0
TEXT
  5
511
330
17
100
AcDbEntity
  8
S-TABLE
100
AcDbText
 10
368.5
 20
253.5000000000002
 30
0.0
 40
3.8
  1
IS 13920:2016 COMPLIANCE - SENTRY POST FRAME
  7
OpenSans
 72
1
 11
368.5
 21
253.5000000000002
 31
0.0
100
AcDbText
 73
2
  0
LWPOLYLINE
  5
512
330
17
100
AcDbEntity
  8
S-TABLE
100
AcDbPolyline
 90
4
 70
1
 10
277.0
 20
246.8000000000002
 10
460.0
 20
246.8000000000002
 10
460.0
 20
250.3000000000002
 10
277.0
 20
250.3000000000002
  0
TEXT
  5
513
330
17
100
AcDbEntity
  8
S-TABLE
100
AcDbText
 10
298.45309319854175
 20
248.5500000000002
 30
0.0
 40
2.15
  1
CLAUSE
  7
OpenSans
 72
1
 11
298.45309319854175
 21
248.5500000000002
 31
0.0
100
AcDbText
 73
2
  0
LINE
  5
514
330
17
100
AcDbEntity
  8
S-TABLE
100
AcDbLine
 10
319.9061863970835
 20
246.8000000000002
 30
0.0
 11
319.9061863970835
 21
250.3000000000002
 31
0.0
  0
TEXT
  5
515
330
17
100
AcDbEntity
  8
S-TABLE
100
AcDbText
 10
352.6239739661381
 20
248.5500000000002
 30
0.0
 40
2.15
  1
REQUIREMENT
  7
OpenSans
 72
1
 11
352.6239739661381
 21
248.5500000000002
 31
0.0
100
AcDbText
 73
2
  0
LINE
  5
516
330
17
100
AcDbEntity
  8
S-TABLE
100
AcDbLine
 10
385.3417615351927
 20
246.8000000000002
 30
0.0
 11
385.3417615351927
 21
250.3000000000002
 31
0.0
  0
TEXT
  5
517
330
17
100
AcDbEntity
  8
S-TABLE
100
AcDbText
 10
408.0908277605064
 20
248.5500000000002
 30
0.0
 40
2.15
  1
PROVIDED
  7
OpenSans
 72
1
 11
408.0908277605064
 21
248.5500000000002
 31
0.0
100
AcDbText
 73
2
  0
LINE
  5
518
330
17
100
AcDbEntity
  8
S-TABLE
100
AcDbLine
 10
430.83989398582
 20
246.8000000000002
 30
0.0
 11
430.83989398582
 21
250.3000000000002
 31
0.0
  0
TEXT
  5
519
330
17
100
AcDbEntity
  8
S-TABLE
100
AcDbText
 10
445.41994699291
 20
248.5500000000002
 30
0.0
 40
2.15
  1
VERDICT
  7
OpenSans
 72
1
 11
445.41994699291
 21
248.5500000000002
 31
0.0
100
AcDbText
 73
2
  0
LWPOLYLINE
  5
51A
330
17
100
AcDbEntity
  8
S-TABLE
100
AcDbPolyline
 90
4
 70
1
 10
277.0
 20
243.3000000000002
 10
460.0
 20
243.3000000000002
 10
460.0
 20
246.8000000000002
 10
277.0
 20
246.8000000000002
  0
TEXT
  5
51B
330
17
100
AcDbEntity
  8
S-TABLE
100
AcDbText
 10
278.4
 20
245.0500000000002
 30
0.0
 40
1.95
  1
Cl. 6.1.1 / 6.1.2 / 6.1.3
  7
OpenSans
 11
278.4
 21
245.0500000000002
 31
0.0
100
AcDbText
 73
2
  0
LINE
  5
51C
330
17
100
AcDbEntity
  8
S-TABLE
100
AcDbLine
 10
319.9061863970835
 20
243.3000000000002
 30
0.0
 11
319.9061863970835
 21
246.8000000000002
 31
0.0
  0
TEXT
  5
51D
330
17
100
AcDbEntity
  8
S-TABLE
100
AcDbText
 10
321.3061863970835
 20
245.0500000000002
 30
0.0
 40
1.95
  1
b >= 200,  b/D >= 0.3,  Ln/D >= 4
  7
OpenSans
 11
321.3061863970835
 21
245.0500000000002
 31
0.0
100
AcDbText
 73
2
  0
LINE
  5
51E
330
17
100
AcDbEntity
  8
S-TABLE
100
AcDbLine
 10
385.3417615351927
 20
243.3000000000002
 30
0.0
 11
385.3417615351927
 21
246.8000000000002
 31
0.0
  0
TEXT
  5
51F
330
17
100
AcDbEntity
  8
S-TABLE
100
AcDbText
 10
386.74176153519267
 20
245.0500000000002
 30
0.0
 40
1.95
  1
250,  0.556,  7.33
  7
OpenSans
 11
386.74176153519267
 21
245.0500000000002
 31
0.0
100
AcDbText
 73
2
  0
LINE
  5
520
330
17
100
AcDbEntity
  8
S-TABLE
100
AcDbLine
 10
430.83989398582
 20
243.3000000000002
 30
0.0
 11
430.83989398582
 21
246.8000000000002
 31
0.0
  0
TEXT
  5
521
330
17
100
AcDbEntity
  8
S-TABLE
100
AcDbText
 10
445.41994699291
 20
245.0500000000002
 30
0.0
 40
1.95
  1
PASS
  7
OpenSans
 72
1
 11
445.41994699291
 21
245.0500000000002
 31
0.0
100
AcDbText
 73
2
  0
LWPOLYLINE
  5
522
330
17
100
AcDbEntity
  8
S-TABLE
100
AcDbPolyline
 90
4
 70
1
 10
277.0
 20
239.8000000000002
 10
460.0
 20
239.8000000000002
 10
460.0
 20
243.3000000000002
 10
277.0
 20
243.3000000000002
  0
TEXT
  5
523
330
17
100
AcDbEntity
  8
S-TABLE
100
AcDbText
 10
278.4
 20
241.5500000000002
 30
0.0
 40
1.95
  1
Cl. 6.2.1(b) / 6.2.2
  7
OpenSans
 11
278.4
 21
241.5500000000002
 31
0.0
100
AcDbText
 73
2
  0
LINE
  5
524
330
17
100
AcDbEntity
  8
S-TABLE
100
AcDbLine
 10
319.9061863970835
 20
239.8000000000002
 30
0.0
 11
319.9061863970835
 21
243.3000000000002
 31
0.0
  0
TEXT
  5
525
330
17
100
AcDbEntity
  8
S-TABLE
100
AcDbText
 10
321.3061863970835
 20
241.5500000000002
 30
0.0
 40
1.95
  1
rho,min 266 mm2  ;  rho,max 2525 mm2
  7
OpenSans
 11
321.3061863970835
 21
241.5500000000002
 31
0.0
100
AcDbText
 73
2
  0
LINE
  5
526
330
17
100
AcDbEntity
  8
S-TABLE
100
AcDbLine
 10
385.3417615351927
 20
239.8000000000002
 30
0.0
 11
385.3417615351927
 21
243.3000000000002
 31
0.0
  0
TEXT
  5
527
330
17
100
AcDbEntity
  8
S-TABLE
100
AcDbText
 10
386.74176153519267
 20
241.5500000000002
 30
0.0
 40
1.95
  1
402 (2-T16)  ;  942 (3-T20) MAX
  7
OpenSans
 11
386.74176153519267
 21
241.5500000000002
 31
0.0
100
AcDbText
 73
2
  0
LINE
  5
528
330
17
100
AcDbEntity
  8
S-TABLE
100
AcDbLine
 10
430.83989398582
 20
239.8000000000002
 30
0.0
 11
430.83989398582
 21
243.3000000000002
 31
0.0
  0
TEXT
  5
529
330
17
100
AcDbEntity
  8
S-TABLE
100
AcDbText
 10
445.41994699291
 20
241.5500000000002
 30
0.0
 40
1.95
  1
PASS
  7
OpenSans
 72
1
 11
445.41994699291
 21
241.5500000000002
 31
0.0
100
AcDbText
 73
2
  0
LWPOLYLINE
  5
52A
330
17
100
AcDbEntity
  8
S-TABLE
100
AcDbPolyline
 90
4
 70
1
 10
277.0
 20
236.3000000000002
 10
460.0
 20
236.3000000000002
 10
460.0
 20
239.8000000000002
 10
277.0
 20
239.8000000000002
  0
TEXT
  5
52B
330
17
100
AcDbEntity
  8
S-TABLE
100
AcDbText
 10
278.4
 20
238.0500000000002
 30
0.0
 40
1.95
  1
Cl. 6.2.3  positive at joint
  7
OpenSans
 11
278.4
 21
238.0500000000002
 31
0.0
100
AcDbText
 73
2
  0
LINE
  5
52C
330
17
100
AcDbEntity
  8
S-TABLE
100
AcDbLine
 10
319.9061863970835
 20
236.3000000000002
 30
0.0
 11
319.9061863970835
 21
239.8000000000002
 31
0.0
  0
TEXT
  5
52D
330
17
100
AcDbEntity
  8
S-TABLE
100
AcDbText
 10
321.3061863970835
 20
238.0500000000002
 30
0.0
 40
1.95
  1
>= 50 % of the negative steel
  7
OpenSans
 11
321.3061863970835
 21
238.0500000000002
 31
0.0
100
AcDbText
 73
2
  0
LINE
  5
52E
330
17
100
AcDbEntity
  8
S-TABLE
100
AcDbLine
 10
385.3417615351927
 20
236.3000000000002
 30
0.0
 11
385.3417615351927
 21
239.8000000000002
 31
0.0
  0
TEXT
  5
52F
330
17
100
AcDbEntity
  8
S-TABLE
100
AcDbText
 10
386.74176153519267
 20
238.0500000000002
 30
0.0
 40
1.95
  1
402 = 50 % of 804
  7
OpenSans
 11
386.74176153519267
 21
238.0500000000002
 31
0.0
100
AcDbText
 73
2
  0
LINE
  5
530
330
17
100
AcDbEntity
  8
S-TABLE
100
AcDbLine
 10
430.83989398582
 20
236.3000000000002
 30
0.0
 11
430.83989398582
 21
239.8000000000002
 31
0.0
  0
TEXT
  5
531
330
17
100
AcDbEntity
  8
S-TABLE
100
AcDbText
 10
445.41994699291
 20
238.0500000000002
 30
0.0
 40
1.95
  1
PASS
  7
OpenSans
 72
1
 11
445.41994699291
 21
238.0500000000002
 31
0.0
100
AcDbText
 73
2
  0
LWPOLYLINE
  5
532
330
17
100
AcDbEntity
  8
S-TABLE
100
AcDbPolyline
 90
4
 70
1
 10
277.0
 20
232.8000000000002
 10
460.0
 20
232.8000000000002
 10
460.0
 20
236.3000000000002
 10
277.0
 20
236.3000000000002
  0
TEXT
  5
533
330
17
100
AcDbEntity
  8
S-TABLE
100
AcDbText
 10
278.4
 20
234.5500000000002
 30
0.0
 40
1.95
  1
Cl. 6.2.4  through the joint
  7
OpenSans
 11
278.4
 21
234.5500000000002
 31
0.0
100
AcDbText
 73
2
  0
LINE
  5
534
330
17
100
AcDbEntity
  8
S-TABLE
100
AcDbLine
 10
319.9061863970835
 20
232.8000000000002
 30
0.0
 11
319.9061863970835
 21
236.3000000000002
 31
0.0
  0
TEXT
  5
535
330
17
100
AcDbEntity
  8
S-TABLE
100
AcDbText
 10
321.3061863970835
 20
234.5500000000002
 30
0.0
 40
1.95
  1
>= 25 % of the max = 201 mm2
  7
OpenSans
 11
321.3061863970835
 21
234.5500000000002
 31
0.0
100
AcDbText
 73
2
  0
LINE
  5
536
330
17
100
AcDbEntity
  8
S-TABLE
100
AcDbLine
 10
385.3417615351927
 20
232.8000000000002
 30
0.0
 11
385.3417615351927
 21
236.3000000000002
 31
0.0
  0
TEXT
  5
537
330
17
100
AcDbEntity
  8
S-TABLE
100
AcDbText
 10
386.74176153519267
 20
234.5500000000002
 30
0.0
 40
1.95
  1
402 CONTINUOUS
  7
OpenSans
 11
386.74176153519267
 21
234.5500000000002
 31
0.0
100
AcDbText
 73
2
  0
LINE
  5
538
330
17
100
AcDbEntity
  8
S-TABLE
100
AcDbLine
 10
430.83989398582
 20
232.8000000000002
 30
0.0
 11
430.83989398582
 21
236.3000000000002
 31
0.0
  0
TEXT
  5
539
330
17
100
AcDbEntity
  8
S-TABLE
100
AcDbText
 10
445.41994699291
 20
234.5500000000002
 30
0.0
 40
1.95
  1
PASS
  7
OpenSans
 72
1
 11
445.41994699291
 21
234.5500000000002
 31
0.0
100
AcDbText
 73
2
  0
LWPOLYLINE
  5
53A
330
17
100
AcDbEntity
  8
S-TABLE
100
AcDbPolyline
 90
4
 70
1
 10
277.0
 20
229.3000000000002
 10
460.0
 20
229.3000000000002
 10
460.0
 20
232.8000000000002
 10
277.0
 20
232.8000000000002
  0
TEXT
  5
53B
330
17
100
AcDbEntity
  8
S-TABLE
100
AcDbText
 10
278.4
 20
231.0500000000002
 30
0.0
 40
1.95
  1
Cl. 6.3.3  capacity shear
  7
OpenSans
 11
278.4
 21
231.0500000000002
 31
0.0
100
AcDbText
 73
2
  0
LINE
  5
53C
330
17
100
AcDbEntity
  8
S-TABLE
100
AcDbLine
 10
319.9061863970835
 20
229.3000000000002
 30
0.0
 11
319.9061863970835
 21
232.8000000000002
 31
0.0
  0
TEXT
  5
53D
330
17
100
AcDbEntity
  8
S-TABLE
100
AcDbText
 10
321.3061863970835
 20
231.0500000000002
 30
0.0
 40
1.95
  1
Vu  B1 120.4  /  B2 144.7 kN
  7
OpenSans
 11
321.3061863970835
 21
231.0500000000002
 31
0.0
100
AcDbText
 73
2
  0
LINE
  5
53E
330
17
100
AcDbEntity
  8
S-TABLE
100
AcDbLine
 10
385.3417615351927
 20
229.3000000000002
 30
0.0
 11
385.3417615351927
 21
232.8000000000002
 31
0.0
  0
TEXT
  5
53F
330
17
100
AcDbEntity
  8
S-TABLE
100
AcDbText
 10
386.74176153519267
 20
231.0500000000002
 30
0.0
 40
1.95
  1
T8 2-LEG @ 100
  7
OpenSans
 11
386.74176153519267
 21
231.0500000000002
 31
0.0
100
AcDbText
 73
2
  0
LINE
  5
540
330
17
100
AcDbEntity
  8
S-TABLE
100
AcDbLine
 10
430.83989398582
 20
229.3000000000002
 30
0.0
 11
430.83989398582
 21
232.8000000000002
 31
0.0
  0
TEXT
  5
541
330
17
100
AcDbEntity
  8
S-TABLE
100
AcDbText
 10
445.41994699291
 20
231.0500000000002
 30
0.0
 40
1.95
  1
PASS
  7
OpenSans
 72
1
 11
445.41994699291
 21
231.0500000000002
 31
0.0
100
AcDbText
 73
2
  0
LWPOLYLINE
  5
542
330
17
100
AcDbEntity
  8
S-TABLE
100
AcDbPolyline
 90
4
 70
1
 10
277.0
 20
225.8000000000002
 10
460.0
 20
225.8000000000002
 10
460.0
 20
229.3000000000002
 10
277.0
 20
229.3000000000002
  0
TEXT
  5
543
330
17
100
AcDbEntity
  8
S-TABLE
100
AcDbText
 10
278.4
 20
227.5500000000002
 30
0.0
 40
1.95
  1
Cl. 6.3.4  tau_c = 0
  7
OpenSans
 11
278.4
 21
227.5500000000002
 31
0.0
100
AcDbText
 73
2
  0
LINE
  5
544
330
17
100
AcDbEntity
  8
S-TABLE
100
AcDbLine
 10
319.9061863970835
 20
225.8000000000002
 30
0.0
 11
319.9061863970835
 21
229.3000000000002
 31
0.0
  0
TEXT
  5
545
330
17
100
AcDbEntity
  8
S-TABLE
100
AcDbText
 10
321.3061863970835
 20
227.5500000000002
 30
0.0
 40
1.95
  1
EQ share  B1 60 %  /  B2 49.7 %
  7
OpenSans
 11
321.3061863970835
 21
227.5500000000002
 31
0.0
100
AcDbText
 73
2
  0
LINE
  5
546
330
17
100
AcDbEntity
  8
S-TABLE
100
AcDbLine
 10
385.3417615351927
 20
225.8000000000002
 30
0.0
 11
385.3417615351927
 21
229.3000000000002
 31
0.0
  0
TEXT
  5
547
330
17
100
AcDbEntity
  8
S-TABLE
100
AcDbText
 10
386.74176153519267
 20
227.5500000000002
 30
0.0
 40
1.95
  1
TAKEN AS TRIGGERED
  7
OpenSans
 11
386.74176153519267
 21
227.5500000000002
 31
0.0
100
AcDbText
 73
2
  0
LINE
  5
548
330
17
100
AcDbEntity
  8
S-TABLE
100
AcDbLine
 10
430.83989398582
 20
225.8000000000002
 30
0.0
 11
430.83989398582
 21
229.3000000000002
 31
0.0
  0
TEXT
  5
549
330
17
100
AcDbEntity
  8
S-TABLE
100
AcDbText
 10
445.41994699291
 20
227.5500000000002
 30
0.0
 40
1.95
  1
PASS
  7
OpenSans
 72
1
 11
445.41994699291
 21
227.5500000000002
 31
0.0
100
AcDbText
 73
2
  0
LWPOLYLINE
  5
54A
330
17
100
AcDbEntity
  8
S-TABLE
100
AcDbPolyline
 90
4
 70
1
 10
277.0
 20
222.3000000000002
 10
460.0
 20
222.3000000000002
 10
460.0
 20
225.8000000000002
 10
277.0
 20
225.8000000000002
  0
TEXT
  5
54B
330
17
100
AcDbEntity
  8
S-TABLE
100
AcDbText
 10
278.4
 20
224.0500000000002
 30
0.0
 40
1.95
  1
Cl. 6.3.5.1 / 6.3.5.2
  7
OpenSans
 11
278.4
 21
224.0500000000002
 31
0.0
100
AcDbText
 73
2
  0
LINE
  5
54C
330
17
100
AcDbEntity
  8
S-TABLE
100
AcDbLine
 10
319.9061863970835
 20
222.3000000000002
 30
0.0
 11
319.9061863970835
 21
225.8000000000002
 31
0.0
  0
TEXT
  5
54D
330
17
100
AcDbEntity
  8
S-TABLE
100
AcDbText
 10
321.3061863970835
 20
224.0500000000002
 30
0.0
 40
1.95
  1
hinge min(d/4=101, 8phi=128) ; else d/2=202
  7
OpenSans
 11
321.3061863970835
 21
224.0500000000002
 31
0.0
100
AcDbText
 73
2
  0
LINE
  5
54E
330
17
100
AcDbEntity
  8
S-TABLE
100
AcDbLine
 10
385.3417615351927
 20
222.3000000000002
 30
0.0
 11
385.3417615351927
 21
225.8000000000002
 31
0.0
  0
TEXT
  5
54F
330
17
100
AcDbEntity
  8
S-TABLE
100
AcDbText
 10
386.74176153519267
 20
224.0500000000002
 30
0.0
 40
1.95
  1
100 OVER 2d = 810 ;  150
  7
OpenSans
 11
386.74176153519267
 21
224.0500000000002
 31
0.0
100
AcDbText
 73
2
  0
LINE
  5
550
330
17
100
AcDbEntity
  8
S-TABLE
100
AcDbLine
 10
430.83989398582
 20
222.3000000000002
 30
0.0
 11
430.83989398582
 21
225.8000000000002
 31
0.0
  0
TEXT
  5
551
330
17
100
AcDbEntity
  8
S-TABLE
100
AcDbText
 10
445.41994699291
 20
224.0500000000002
 30
0.0
 40
1.95
  1
PASS
  7
OpenSans
 72
1
 11
445.41994699291
 21
224.0500000000002
 31
0.0
100
AcDbText
 73
2
  0
LWPOLYLINE
  5
552
330
17
100
AcDbEntity
  8
S-TABLE
100
AcDbPolyline
 90
4
 70
1
 10
277.0
 20
218.8000000000002
 10
460.0
 20
218.8000000000002
 10
460.0
 20
222.3000000000002
 10
277.0
 20
222.3000000000002
  0
TEXT
  5
553
330
17
100
AcDbEntity
  8
S-TABLE
100
AcDbText
 10
278.4
 20
220.5500000000002
 30
0.0
 40
1.95
  1
Cl. 7.2.1  SCWB, FIRST FLOOR
  7
OpenSans
 11
278.4
 21
220.5500000000002
 31
0.0
100
AcDbText
 73
2
  0
LINE
  5
554
330
17
100
AcDbEntity
  8
S-TABLE
100
AcDbLine
 10
319.9061863970835
 20
218.8000000000002
 30
0.0
 11
319.9061863970835
 21
222.3000000000002
 31
0.0
  0
TEXT
  5
555
330
17
100
AcDbEntity
  8
S-TABLE
100
AcDbText
 10
321.3061863970835
 20
220.5500000000002
 30
0.0
 40
1.95
  1
1.4 sum Mb  171.6 (X)  /  195.7 (Z)
  7
OpenSans
 11
321.3061863970835
 21
220.5500000000002
 31
0.0
100
AcDbText
 73
2
  0
LINE
  5
556
330
17
100
AcDbEntity
  8
S-TABLE
100
AcDbLine
 10
385.3417615351927
 20
218.8000000000002
 30
0.0
 11
385.3417615351927
 21
222.3000000000002
 31
0.0
  0
TEXT
  5
557
330
17
100
AcDbEntity
  8
S-TABLE
100
AcDbText
 10
386.74176153519267
 20
220.5500000000002
 30
0.0
 40
1.95
  1
sum Mc 213.9
  7
OpenSans
 11
386.74176153519267
 21
220.5500000000002
 31
0.0
100
AcDbText
 73
2
  0
LINE
  5
558
330
17
100
AcDbEntity
  8
S-TABLE
100
AcDbLine
 10
430.83989398582
 20
218.8000000000002
 30
0.0
 11
430.83989398582
 21
222.3000000000002
 31
0.0
  0
TEXT
  5
559
330
17
100
AcDbEntity
  8
S-TABLE
100
AcDbText
 10
445.41994699291
 20
220.5500000000002
 30
0.0
 40
1.95
  1
PASS
  7
OpenSans
 72
1
 11
445.41994699291
 21
220.5500000000002
 31
0.0
100
AcDbText
 73
2
  0
LWPOLYLINE
  5
55A
330
17
100
AcDbEntity
  8
S-TABLE
100
AcDbPolyline
 90
4
 70
1
 10
277.0
 20
215.3000000000002
 10
460.0
 20
215.3000000000002
 10
460.0
 20
218.8000000000002
 10
277.0
 20
218.8000000000002
  0
TEXT
  5
55B
330
17
100
AcDbEntity
  8
S-TABLE
100
AcDbText
 10
278.4
 20
217.0500000000002
 30
0.0
 40
1.95
  1
Cl. 7.2.1  SCWB, ROOF
  7
OpenSans
 11
278.4
 21
217.0500000000002
 31
0.0
100
AcDbText
 73
2
  0
LINE
  5
55C
330
17
100
AcDbEntity
  8
S-TABLE
100
AcDbLine
 10
319.9061863970835
 20
215.3000000000002
 30
0.0
 11
319.9061863970835
 21
218.8000000000002
 31
0.0
  0
TEXT
  5
55D
330
17
100
AcDbEntity
  8
S-TABLE
100
AcDbText
 10
321.3061863970835
 20
217.0500000000002
 30
0.0
 40
1.95
  1
1.4 sum Mb 138.5 AT 2-T20
  7
OpenSans
 11
321.3061863970835
 21
217.0500000000002
 31
0.0
100
AcDbText
 73
2
  0
LINE
  5
55E
330
17
100
AcDbEntity
  8
S-TABLE
100
AcDbLine
 10
385.3417615351927
 20
215.3000000000002
 30
0.0
 11
385.3417615351927
 21
218.8000000000002
 31
0.0
  0
TEXT
  5
55F
330
17
100
AcDbEntity
  8
S-TABLE
100
AcDbText
 10
386.74176153519267
 20
217.0500000000002
 30
0.0
 40
1.95
  1
sum Mc 101
  7
OpenSans
 11
386.74176153519267
 21
217.0500000000002
 31
0.0
100
AcDbText
 73
2
  0
LINE
  5
560
330
17
100
AcDbEntity
  8
S-TABLE
100
AcDbLine
 10
430.83989398582
 20
215.3000000000002
 30
0.0
 11
430.83989398582
 21
218.8000000000002
 31
0.0
  0
TEXT
  5
561
330
17
100
AcDbEntity
  8
S-TABLE
100
AcDbText
 10
445.41994699291
 20
217.0500000000002
 30
0.0
 40
1.95
  1
MARGINAL - SR2-F1
  7
OpenSans
 72
1
 11
445.41994699291
 21
217.0500000000002
 31
0.0
100
AcDbText
 73
2
  0
LWPOLYLINE
  5
562
330
17
100
AcDbEntity
  8
S-TABLE
100
AcDbPolyline
 90
4
 70
1
 10
277.0
 20
211.8000000000002
 10
460.0
 20
211.8000000000002
 10
460.0
 20
215.3000000000002
 10
277.0
 20
215.3000000000002
  0
TEXT
  5
563
330
17
100
AcDbEntity
  8
S-TABLE
100
AcDbText
 10
278.4
 20
213.5500000000002
 30
0.0
 40
1.95
  1
Cl. 7.4  ties, full length
  7
OpenSans
 11
278.4
 21
213.5500000000002
 31
0.0
100
AcDbText
 73
2
  0
LINE
  5
564
330
17
100
AcDbEntity
  8
S-TABLE
100
AcDbLine
 10
319.9061863970835
 20
211.8000000000002
 30
0.0
 11
319.9061863970835
 21
215.3000000000002
 31
0.0
  0
TEXT
  5
565
330
17
100
AcDbEntity
  8
S-TABLE
100
AcDbText
 10
321.3061863970835
 20
213.5500000000002
 30
0.0
 40
1.95
  1
<= 0.5 x least dimension = 175
  7
OpenSans
 11
321.3061863970835
 21
213.5500000000002
 31
0.0
100
AcDbText
 73
2
  0
LINE
  5
566
330
17
100
AcDbEntity
  8
S-TABLE
100
AcDbLine
 10
385.3417615351927
 20
211.8000000000002
 30
0.0
 11
385.3417615351927
 21
215.3000000000002
 31
0.0
  0
TEXT
  5
567
330
17
100
AcDbEntity
  8
S-TABLE
100
AcDbText
 10
386.74176153519267
 20
213.5500000000002
 30
0.0
 40
1.95
  1
150
  7
OpenSans
 11
386.74176153519267
 21
213.5500000000002
 31
0.0
100
AcDbText
 73
2
  0
LINE
  5
568
330
17
100
AcDbEntity
  8
S-TABLE
100
AcDbLine
 10
430.83989398582
 20
211.8000000000002
 30
0.0
 11
430.83989398582
 21
215.3000000000002
 31
0.0
  0
TEXT
  5
569
330
17
100
AcDbEntity
  8
S-TABLE
100
AcDbText
 10
445.41994699291
 20
213.5500000000002
 30
0.0
 40
1.95
  1
PASS
  7
OpenSans
 72
1
 11
445.41994699291
 21
213.5500000000002
 31
0.0
100
AcDbText
 73
2
  0
LWPOLYLINE
  5
56A
330
17
100
AcDbEntity
  8
S-TABLE
100
AcDbPolyline
 90
4
 70
1
 10
277.0
 20
208.3000000000002
 10
460.0
 20
208.3000000000002
 10
460.0
 20
211.8000000000002
 10
277.0
 20
211.8000000000002
  0
TEXT
  5
56B
330
17
100
AcDbEntity
  8
S-TABLE
100
AcDbText
 10
278.4
 20
210.0500000000002
 30
0.0
 40
1.95
  1
Cl. 8.1  lo and spacing
  7
OpenSans
 11
278.4
 21
210.0500000000002
 31
0.0
100
AcDbText
 73
2
  0
LINE
  5
56C
330
17
100
AcDbEntity
  8
S-TABLE
100
AcDbLine
 10
319.9061863970835
 20
208.3000000000002
 30
0.0
 11
319.9061863970835
 21
211.8000000000002
 31
0.0
  0
TEXT
  5
56D
330
17
100
AcDbEntity
  8
S-TABLE
100
AcDbText
 10
321.3061863970835
 20
210.0500000000002
 30
0.0
 40
1.95
  1
lo max(350, h/6=458, 450) ; 75 <= s <= 87.5
  7
OpenSans
 11
321.3061863970835
 21
210.0500000000002
 31
0.0
100
AcDbText
 73
2
  0
LINE
  5
56E
330
17
100
AcDbEntity
  8
S-TABLE
100
AcDbLine
 10
385.3417615351927
 20
208.3000000000002
 30
0.0
 11
385.3417615351927
 21
211.8000000000002
 31
0.0
  0
TEXT
  5
56F
330
17
100
AcDbEntity
  8
S-TABLE
100
AcDbText
 10
386.74176153519267
 20
210.0500000000002
 30
0.0
 40
1.95
  1
500 ;  85
  7
OpenSans
 11
386.74176153519267
 21
210.0500000000002
 31
0.0
100
AcDbText
 73
2
  0
LINE
  5
570
330
17
100
AcDbEntity
  8
S-TABLE
100
AcDbLine
 10
430.83989398582
 20
208.3000000000002
 30
0.0
 11
430.83989398582
 21
211.8000000000002
 31
0.0
  0
TEXT
  5
571
330
17
100
AcDbEntity
  8
S-TABLE
100
AcDbText
 10
445.41994699291
 20
210.0500000000002
 30
0.0
 40
1.95
  1
PASS
  7
OpenSans
 72
1
 11
445.41994699291
 21
210.0500000000002
 31
0.0
100
AcDbText
 73
2
  0
LWPOLYLINE
  5
572
330
17
100
AcDbEntity
  8
S-TABLE
100
AcDbPolyline
 90
4
 70
1
 10
277.0
 20
204.8000000000002
 10
460.0
 20
204.8000000000002
 10
460.0
 20
208.3000000000002
 10
277.0
 20
208.3000000000002
  0
TEXT
  5
573
330
17
100
AcDbEntity
  8
S-TABLE
100
AcDbText
 10
278.4
 20
206.5500000000002
 30
0.0
 40
1.95
  1
Cl. 8.1  Ash
  7
OpenSans
 11
278.4
 21
206.5500000000002
 31
0.0
100
AcDbText
 73
2
  0
LINE
  5
574
330
17
100
AcDbEntity
  8
S-TABLE
100
AcDbLine
 10
319.9061863970835
 20
204.8000000000002
 30
0.0
 11
319.9061863970835
 21
208.3000000000002
 31
0.0
  0
TEXT
  5
575
330
17
100
AcDbEntity
  8
S-TABLE
100
AcDbText
 10
321.3061863970835
 20
206.5500000000002
 30
0.0
 40
1.95
  1
168.5 mm2  (minimum 68.9)
  7
OpenSans
 11
321.3061863970835
 21
206.5500000000002
 31
0.0
100
AcDbText
 73
2
  0
LINE
  5
576
330
17
100
AcDbEntity
  8
S-TABLE
100
AcDbLine
 10
385.3417615351927
 20
204.8000000000002
 30
0.0
 11
385.3417615351927
 21
208.3000000000002
 31
0.0
  0
TEXT
  5
577
330
17
100
AcDbEntity
  8
S-TABLE
100
AcDbText
 10
386.74176153519267
 20
206.5500000000002
 30
0.0
 40
1.95
  1
235.5  (3 LEGS T10)
  7
OpenSans
 11
386.74176153519267
 21
206.5500000000002
 31
0.0
100
AcDbText
 73
2
  0
LINE
  5
578
330
17
100
AcDbEntity
  8
S-TABLE
100
AcDbLine
 10
430.83989398582
 20
204.8000000000002
 30
0.0
 11
430.83989398582
 21
208.3000000000002
 31
0.0
  0
TEXT
  5
579
330
17
100
AcDbEntity
  8
S-TABLE
100
AcDbText
 10
445.41994699291
 20
206.5500000000002
 30
0.0
 40
1.95
  1
PASS
  7
OpenSans
 72
1
 11
445.41994699291
 21
206.5500000000002
 31
0.0
100
AcDbText
 73
2
  0
LWPOLYLINE
  5
57A
330
17
100
AcDbEntity
  8
S-TABLE
100
AcDbPolyline
 90
4
 70
1
 10
277.0
 20
201.3000000000002
 10
460.0
 20
201.3000000000002
 10
460.0
 20
204.8000000000002
 10
277.0
 20
204.8000000000002
  0
TEXT
  5
57B
330
17
100
AcDbEntity
  8
S-TABLE
100
AcDbText
 10
278.4
 20
203.0500000000002
 30
0.0
 40
1.95
  1
Cl. 8.2  through the joint
  7
OpenSans
 11
278.4
 21
203.0500000000002
 31
0.0
100
AcDbText
 73
2
  0
LINE
  5
57C
330
17
100
AcDbEntity
  8
S-TABLE
100
AcDbLine
 10
319.9061863970835
 20
201.3000000000002
 30
0.0
 11
319.9061863970835
 21
204.8000000000002
 31
0.0
  0
TEXT
  5
57D
330
17
100
AcDbEntity
  8
S-TABLE
100
AcDbText
 10
321.3061863970835
 20
203.0500000000002
 30
0.0
 40
1.95
  1
CONFINING STEEL CONTINUED
  7
OpenSans
 11
321.3061863970835
 21
203.0500000000002
 31
0.0
100
AcDbText
 73
2
  0
LINE
  5
57E
330
17
100
AcDbEntity
  8
S-TABLE
100
AcDbLine
 10
385.3417615351927
 20
201.3000000000002
 30
0.0
 11
385.3417615351927
 21
204.8000000000002
 31
0.0
  0
TEXT
  5
57F
330
17
100
AcDbEntity
  8
S-TABLE
100
AcDbText
 10
386.74176153519267
 20
203.0500000000002
 30
0.0
 40
1.95
  1
PROVIDED
  7
OpenSans
 11
386.74176153519267
 21
203.0500000000002
 31
0.0
100
AcDbText
 73
2
  0
LINE
  5
580
330
17
100
AcDbEntity
  8
S-TABLE
100
AcDbLine
 10
430.83989398582
 20
201.3000000000002
 30
0.0
 11
430.83989398582
 21
204.8000000000002
 31
0.0
  0
TEXT
  5
581
330
17
100
AcDbEntity
  8
S-TABLE
100
AcDbText
 10
445.41994699291
 20
203.0500000000002
 30
0.0
 40
1.95
  1
PASS
  7
OpenSans
 72
1
 11
445.41994699291
 21
203.0500000000002
 31
0.0
100
AcDbText
 73
2
  0
LWPOLYLINE
  5
582
330
17
100
AcDbEntity
  8
S-TABLE
100
AcDbPolyline
 90
4
 70
1
 10
277.0
 20
197.8000000000002
 10
460.0
 20
197.8000000000002
 10
460.0
 20
201.3000000000002
 10
277.0
 20
201.3000000000002
  0
TEXT
  5
583
330
17
100
AcDbEntity
  8
S-TABLE
100
AcDbText
 10
278.4
 20
199.5500000000002
 30
0.0
 40
1.95
  1
Cl. 10.4  boundary elements
  7
OpenSans
 11
278.4
 21
199.5500000000002
 31
0.0
100
AcDbText
 73
2
  0
LINE
  5
584
330
17
100
AcDbEntity
  8
S-TABLE
100
AcDbLine
 10
319.9061863970835
 20
197.8000000000002
 30
0.0
 11
319.9061863970835
 21
201.3000000000002
 31
0.0
  0
TEXT
  5
585
330
17
100
AcDbEntity
  8
S-TABLE
100
AcDbText
 10
321.3061863970835
 20
199.5500000000002
 30
0.0
 40
1.95
  1
CHECKED FOR THE BOX ONLY
  7
OpenSans
 11
321.3061863970835
 21
199.5500000000002
 31
0.0
100
AcDbText
 73
2
  0
LINE
  5
586
330
17
100
AcDbEntity
  8
S-TABLE
100
AcDbLine
 10
385.3417615351927
 20
197.8000000000002
 30
0.0
 11
385.3417615351927
 21
201.3000000000002
 31
0.0
  0
TEXT
  5
587
330
17
100
AcDbEntity
  8
S-TABLE
100
AcDbText
 10
386.74176153519267
 20
199.5500000000002
 30
0.0
 40
1.95
  1
NOT TRIGGERED
  7
OpenSans
 11
386.74176153519267
 21
199.5500000000002
 31
0.0
100
AcDbText
 73
2
  0
LINE
  5
588
330
17
100
AcDbEntity
  8
S-TABLE
100
AcDbLine
 10
430.83989398582
 20
197.8000000000002
 30
0.0
 11
430.83989398582
 21
201.3000000000002
 31
0.0
  0
TEXT
  5
589
330
17
100
AcDbEntity
  8
S-TABLE
100
AcDbText
 10
445.41994699291
 20
199.5500000000002
 30
0.0
 40
1.95
  1
N/A HERE
  7
OpenSans
 72
1
 11
445.41994699291
 21
199.5500000000002
 31
0.0
100
AcDbText
 73
2
  0
LWPOLYLINE
  5
58A
330
17
100
AcDbEntity
  8
S-TABLE
100
AcDbPolyline
 90
4
 70
1
 10
277.0
 20
137.98000000000022
 10
460.0
 20
137.98000000000022
 10
460.0
 20
192.8000000000002
 10
277.0
 20
192.8000000000002
  0
LINE
  5
58B
330
17
100
AcDbEntity
  8
S-TABLE
100
AcDbLine
 10
277.0
 20
186.4000000000002
 30
0.0
 11
460.0
 21
186.4000000000002
 31
0.0
  0
TEXT
  5
58C
330
17
100
AcDbEntity
  8
S-TITLE
100
AcDbText
 10
279.0
 20
188.6000000000002
 30
0.0
 40
2.8
  1
DECLARED DETAILING DECISIONS AND OPEN ITEMS
  7
OpenSans
 11
279.0
 21
188.6000000000002
 31
0.0
100
AcDbText
  0
TEXT
  5
58D
330
17
100
AcDbEntity
  8
S-NOTE
100
AcDbText
 10
279.0
 20
183.4000000000002
 30
0.0
 40
1.72
  1
D1  TOP STEEL IS DETAILED CONTINUOUS OVER THE FULL SPAN.  Master F.4 schedules '4-T16 top at supports' and
  7
OpenSans
 11
279.0
 21
183.4000000000002
 31
0.0
100
AcDbText
  0
TEXT
  5
58E
330
17
100
AcDbEntity
  8
S-NOTE
100
AcDbText
 10
279.0
 20
181.0200000000002
 30
0.0
 40
1.72
  1
    '3-T20 top at supports' and gives NO curtailment point anywhere.  Running the bars through is conservative
  7
OpenSans
 11
279.0
 21
181.0200000000002
 31
0.0
100
AcDbText
  0
TEXT
  5
58F
330
17
100
AcDbEntity
  8
S-NOTE
100
AcDbText
 10
279.0
 20
178.6400000000002
 30
0.0
 40
1.72
  1
    under moment reversal and invents no cut-off.   [SR2-V3]
  7
OpenSans
 11
279.0
 21
178.6400000000002
 31
0.0
100
AcDbText
  0
TEXT
  5
590
330
17
100
AcDbEntity
  8
S-NOTE
100
AcDbText
 10
279.0
 20
176.26000000000022
 30
0.0
 40
1.72
  1
D2  ANCHORAGE AT THE EXTERIOR JOINT.  Bars are taken to the far face of the confined core - 350 - 40 cover -
  7
OpenSans
 11
279.0
 21
176.26000000000022
 31
0.0
100
AcDbText
  0
TEXT
  5
591
330
17
100
AcDbEntity
  8
S-NOTE
100
AcDbText
 10
279.0
 20
173.88000000000022
 30
0.0
 40
1.72
  1
    10 hoop = 300 from the near face - and turned 90 deg with a leg of Ld - 300.  Ld is the IS 456 Cl. 26.2.1
  7
OpenSans
 11
279.0
 21
173.88000000000022
 31
0.0
100
AcDbText
  0
TEXT
  5
592
330
17
100
AcDbEntity
  8
S-NOTE
100
AcDbText
 10
279.0
 20
171.50000000000023
 30
0.0
 40
1.72
  1
    tension value at M30 / Fe500:  T16 725,  T20 906,  so the legs are 425 and 625.  The master states no
  7
OpenSans
 11
279.0
 21
171.50000000000023
 31
0.0
100
AcDbText
  0
TEXT
  5
593
330
17
100
AcDbEntity
  8
S-NOTE
100
AcDbText
 10
279.0
 20
169.12000000000023
 30
0.0
 40
1.72
  1
    anchorage detail for the beam bars.   [SR2-V2]
  7
OpenSans
 11
279.0
 21
169.12000000000023
 31
0.0
100
AcDbText
  0
TEXT
  5
594
330
17
100
AcDbEntity
  8
S-NOTE
100
AcDbText
 10
279.0
 20
166.74000000000024
 30
0.0
 40
1.72
  1
D3  THE COLUMN VERTICALS ARE SPLICE-FREE.  The 8 724 mm cut length is inside the 12 000 mm stock bar, so no
  7
OpenSans
 11
279.0
 21
166.74000000000024
 31
0.0
100
AcDbText
  0
TEXT
  5
595
330
17
100
AcDbEntity
  8
S-NOTE
100
AcDbText
 10
279.0
 20
164.36000000000024
 30
0.0
 40
1.72
  1
    lap is required and none is invented.  The bar is therefore its own starter, which is exactly how master
  7
OpenSans
 11
279.0
 21
164.36000000000024
 31
0.0
100
AcDbText
  0
TEXT
  5
596
330
17
100
AcDbEntity
  8
S-NOTE
100
AcDbText
 10
279.0
 20
161.98000000000025
 30
0.0
 40
1.72
  1
    B.8.7 checks it:  526 straight in the footing + a 128 (8 phi) bend = 654 > Ld,comp 592.
  7
OpenSans
 11
279.0
 21
161.98000000000025
 31
0.0
100
AcDbText
  0
TEXT
  5
597
330
17
100
AcDbEntity
  8
S-NOTE
100
AcDbText
 10
279.0
 20
159.60000000000025
 30
0.0
 40
1.72
  1
SR2-F1  *** OPEN, NOT RESOLVED ***  B2 TOP STEEL AT THE ROOF JOINT.  Master B.8.6 evaluates the roof joint
  7
OpenSans
 11
279.0
 21
159.60000000000025
 31
0.0
100
AcDbText
  0
TEXT
  5
598
330
17
100
AcDbEntity
  8
S-NOTE
100
AcDbText
 10
279.0
 20
157.22000000000025
 30
0.0
 40
1.72
  1
    with B2 = 2-T20 (sum Mb 98.9, 1.4 x = 138.5 <= sum Mc 101, 'marginal').  Master F.4 schedules 3-T20 top
  7
OpenSans
 11
279.0
 21
157.22000000000025
 31
0.0
100
AcDbText
  0
TEXT
  5
599
330
17
100
AcDbEntity
  8
S-NOTE
100
AcDbText
 10
279.0
 20
154.84000000000026
 30
0.0
 40
1.72
  1
    at supports for B2 and does NOT distinguish level.  With 3-T20 at the roof, 1.4 sum Mb = 195.7 > sum Mc
  7
OpenSans
 11
279.0
 21
154.84000000000026
 31
0.0
100
AcDbText
  0
TEXT
  5
59A
330
17
100
AcDbEntity
  8
S-NOTE
100
AcDbText
 10
279.0
 20
152.46000000000026
 30
0.0
 40
1.72
  1
    = 101 and IS 13920 Cl. 7.2.1 FAILS at that joint.  Both statements cannot be true.  THIS SHEET DETAILS
  7
OpenSans
 11
279.0
 21
152.46000000000026
 31
0.0
100
AcDbText
  0
TEXT
  5
59B
330
17
100
AcDbEntity
  8
S-NOTE
100
AcDbText
 10
279.0
 20
150.08000000000027
 30
0.0
 40
1.72
  1
    THE FIRST-FLOOR FRAME, where B.8.5 and F.4 agree on 3-T20.  The roof frame is cross-referenced only.
  7
OpenSans
 11
279.0
 21
150.08000000000027
 31
0.0
100
AcDbText
  0
TEXT
  5
59C
330
17
100
AcDbEntity
  8
S-NOTE
100
AcDbText
 10
279.0
 20
147.70000000000027
 30
0.0
 40
1.72
  1
SR2-V1  The plinth beam PB is scheduled (3-T12 top + 3-T12 bottom) but NO link size or spacing exists in the
  7
OpenSans
 11
279.0
 21
147.70000000000027
 31
0.0
100
AcDbText
  0
TEXT
  5
59D
330
17
100
AcDbEntity
  8
S-NOTE
100
AcDbText
 10
279.0
 20
145.32000000000028
 30
0.0
 40
1.72
  1
    master.  PB IS NOT DETAILED HERE.   SR2-V6  IS 13920 Cl. 8.1 also asks for confining steel to continue
  7
OpenSans
 11
279.0
 21
145.32000000000028
 31
0.0
100
AcDbText
  0
TEXT
  5
59E
330
17
100
AcDbEntity
  8
S-NOTE
100
AcDbText
 10
279.0
 20
142.94000000000028
 30
0.0
 40
1.72
  1
    INTO the footing; master F.4 stops at 'top and bottom of every column and through the joint'.  Applied
  7
OpenSans
 11
279.0
 21
142.94000000000028
 31
0.0
100
AcDbText
  0
TEXT
  5
59F
330
17
100
AcDbEntity
  8
S-NOTE
100
AcDbText
 10
279.0
 20
140.5600000000003
 30
0.0
 40
1.72
  1
    as written - no footing embedment is drawn.  Refer to the design authority before the footings are cast.
  7
OpenSans
 11
279.0
 21
140.5600000000003
 31
0.0
100
AcDbText
  0
LWPOLYLINE
  5
5A0
330
17
100
AcDbEntity
  8
S-TABLE
100
AcDbPolyline
 90
4
 70
1
 10
277.0
 20
38.70000000000023
 10
460.0
 20
38.70000000000023
 10
460.0
 20
133.98000000000022
 10
277.0
 20
133.98000000000022
  0
LINE
  5
5A1
330
17
100
AcDbEntity
  8
S-TABLE
100
AcDbLine
 10
277.0
 20
127.58000000000021
 30
0.0
 11
460.0
 21
127.58000000000021
 31
0.0
  0
TEXT
  5
5A2
330
17
100
AcDbEntity
  8
S-TITLE
100
AcDbText
 10
279.0
 20
129.7800000000002
 30
0.0
 40
2.8
  1
DESIGN BASIS - THIS SHEET
  7
OpenSans
 11
279.0
 21
129.7800000000002
 31
0.0
100
AcDbText
  0
TEXT
  5
5A3
330
17
100
AcDbEntity
  8
S-NOTE
100
AcDbText
 10
279.0
 20
124.58000000000021
 30
0.0
 40
1.72
  1
SEISMIC BASIS   IS 1893 (Pt 1):2016,  Z 0.16 ZONE III,  I 1.5,  R 3.0,  Sa/g 2.5   ->   Ah = 0.100
  7
OpenSans
 11
279.0
 21
124.58000000000021
 31
0.0
100
AcDbText
  0
TEXT
  5
5A4
330
17
100
AcDbEntity
  8
S-NOTE
100
AcDbText
 10
279.0
 20
122.20000000000022
 30
0.0
 40
1.72
  1
   R = 3.0 because the infill panels are NOT positively separated from the frame.  R = 5.0 would require that.
  7
OpenSans
 11
279.0
 21
122.20000000000022
 31
0.0
100
AcDbText
  0
TEXT
  5
5A5
330
17
100
AcDbEntity
  8
S-NOTE
100
AcDbText
 10
279.0
 20
119.82000000000022
 30
0.0
 40
1.72
  1
   Ta 0.297 s (Cl. 7.6.2) - all three period estimates land inside 0.10 to 0.40 s, so Sa/g = 2.5 regardless.
  7
OpenSans
 11
279.0
 21
119.82000000000022
 31
0.0
100
AcDbText
  0
TEXT
  5
5A6
330
17
100
AcDbEntity
  8
S-NOTE
100
AcDbText
 10
279.0
 20
117.44000000000023
 30
0.0
 40
1.72
  1
   ALL MEMBER DESIGN USES THE STAAD BASE SHEAR Vb = 73.18 kN, NOT THE HAND-CALCULATED 59.3 kN.
  7
OpenSans
 11
279.0
 21
117.44000000000023
 31
0.0
100
AcDbText
  0
TEXT
  5
5A7
330
17
100
AcDbEntity
  8
S-NOTE
100
AcDbText
 10
279.0
 20
115.06000000000023
 30
0.0
 40
1.72
  1

  7
OpenSans
 11
279.0
 21
115.06000000000023
 31
0.0
100
AcDbText
  0
TEXT
  5
5A8
330
17
100
AcDbEntity
  8
S-NOTE
100
AcDbText
 10
279.0
 20
112.68000000000023
 30
0.0
 40
1.72
  1
PORTAL-METHOD MEMBER FORCES  (master B.8.1)
  7
OpenSans
 11
279.0
 21
112.68000000000023
 31
0.0
100
AcDbText
  0
TEXT
  5
5A9
330
17
100
AcDbEntity
  8
S-NOTE
100
AcDbText
 10
279.0
 20
110.30000000000024
 30
0.0
 40
1.72
  1
   Q roof 59.51 kN ; Q floor 13.67 kN ; column shear 18.30 (ground) / 14.88 (first) kN
  7
OpenSans
 11
279.0
 21
110.30000000000024
 31
0.0
100
AcDbText
  0
TEXT
  5
5AA
330
17
100
AcDbEntity
  8
S-NOTE
100
AcDbText
 10
279.0
 20
107.92000000000024
 30
0.0
 40
1.72
  1
   Column moment 29.27 / 22.69 kNm ; beam moment 51.96 at the first-floor joint, 22.69 at the roof
  7
OpenSans
 11
279.0
 21
107.92000000000024
 31
0.0
100
AcDbText
  0
TEXT
  5
5AB
330
17
100
AcDbEntity
  8
S-NOTE
100
AcDbText
 10
279.0
 20
105.54000000000025
 30
0.0
 40
1.72
  1
   Axial from overturning READ FROM THE STAAD REACTIONS:  EQ+X 36.127 kN governs over EQ+Z 27.891 kN
  7
OpenSans
 11
279.0
 21
105.54000000000025
 31
0.0
100
AcDbText
  0
TEXT
  5
5AC
330
17
100
AcDbEntity
  8
S-NOTE
100
AcDbText
 10
279.0
 20
103.16000000000025
 30
0.0
 40
1.72
  1

  7
OpenSans
 11
279.0
 21
103.16000000000025
 31
0.0
100
AcDbText
  0
TEXT
  5
5AD
330
17
100
AcDbEntity
  8
S-NOTE
100
AcDbText
 10
279.0
 20
100.78000000000026
 30
0.0
 40
1.72
  1
THE JOINT ROTATES - STATED, NOT HIDDEN  (master B.8.2).  Slope-deflection on a single-bay portal:
  7
OpenSans
 11
279.0
 21
100.78000000000026
 31
0.0
100
AcDbText
  0
TEXT
  5
5AE
330
17
100
AcDbEntity
  8
S-NOTE
100
AcDbText
 10
279.0
 20
98.40000000000026
 30
0.0
 40
1.72
  1
   I,beam 1.8984e9, I,col 1.2505e9, Kc 3.203e6 E  ->  support moments x0.755 (B1) and x0.797 (B2).
  7
OpenSans
 11
279.0
 21
98.40000000000026
 31
0.0
100
AcDbText
  0
TEXT
  5
5AF
330
17
100
AcDbEntity
  8
S-NOTE
100
AcDbText
 10
279.0
 20
96.02000000000027
 30
0.0
 40
1.72
  1
   Beams are NOT taken as fully fixed.
  7
OpenSans
 11
279.0
 21
96.02000000000027
 31
0.0
100
AcDbText
  0
TEXT
  5
5B0
330
17
100
AcDbEntity
  8
S-NOTE
100
AcDbText
 10
279.0
 20
93.64000000000027
 30
0.0
 40
1.72
  1

  7
OpenSans
 11
279.0
 21
93.64000000000027
 31
0.0
100
AcDbText
  0
TEXT
  5
5B1
330
17
100
AcDbEntity
  8
S-NOTE
100
AcDbText
 10
279.0
 20
91.26000000000028
 30
0.0
 40
1.72
  1
BEAM B1  250 x 450, SPAN 3650, CLEAR 3300     d 404 ;  Mu,lim = 0.133 x 30 x 250 x 404^2 = 162.8 kNm
  7
OpenSans
 11
279.0
 21
91.26000000000028
 31
0.0
100
AcDbText
  0
TEXT
  5
5B2
330
17
100
AcDbEntity
  8
S-NOTE
100
AcDbText
 10
279.0
 20
88.88000000000028
 30
0.0
 40
1.72
  1
   1.5(DL + EL) = 1.5(17.01 + 51.96) = 103.5 kNm  *** GOVERNS ***  over 86.2 and 93.2 ;  Ast,req 661
  7
OpenSans
 11
279.0
 21
88.88000000000028
 31
0.0
100
AcDbText
  0
TEXT
  5
5B3
330
17
100
AcDbEntity
  8
S-NOTE
100
AcDbText
 10
279.0
 20
86.50000000000028
 30
0.0
 40
1.72
  1
   PROVIDED 4-T16 TOP (804) :  Mu 122.6 kNm,  UTILISATION 84 %,  x/d 0.321
  7
OpenSans
 11
279.0
 21
86.50000000000028
 31
0.0
100
AcDbText
  0
TEXT
  5
5B4
330
17
100
AcDbEntity
  8
S-NOTE
100
AcDbText
 10
279.0
 20
84.12000000000029
 30
0.0
 40
1.72
  1
   BOTTOM  reversal -52.4 needs 313 ; Cl. 6.2.3 needs 0.5 x 804 = 402 *** GOVERNS ***  ->  2-T16, Mu 66.0
  7
OpenSans
 11
279.0
 21
84.12000000000029
 31
0.0
100
AcDbText
  0
TEXT
  5
5B5
330
17
100
AcDbEntity
  8
S-NOTE
100
AcDbText
 10
279.0
 20
81.7400000000003
 30
0.0
 40
1.72
  1
   SHEAR  Vu = 1.2 x 80.1/2 + 1.4(122.6 + 66.0)/3.650 = 48.1 + 72.3 = 120.4 kN ; tau_v 1.192 < 3.50
  7
OpenSans
 11
279.0
 21
81.7400000000003
 31
0.0
100
AcDbText
  0
TEXT
  5
5B6
330
17
100
AcDbEntity
  8
S-NOTE
100
AcDbText
 10
279.0
 20
79.3600000000003
 30
0.0
 40
1.72
  1
     EQ share 60 % >= 50 %, no axial  ->  Cl. 6.3.4:  tau_c TAKEN AS ZERO.  Asv/sv 0.685 -> T8 2L at 147
  7
OpenSans
 11
279.0
 21
79.3600000000003
 31
0.0
100
AcDbText
  0
TEXT
  5
5B7
330
17
100
AcDbEntity
  8
S-NOTE
100
AcDbText
 10
279.0
 20
76.9800000000003
 30
0.0
 40
1.72
  1
   DEFLECTION  l/d = 9.0 << 20
  7
OpenSans
 11
279.0
 21
76.9800000000003
 31
0.0
100
AcDbText
  0
TEXT
  5
5B8
330
17
100
AcDbEntity
  8
S-NOTE
100
AcDbText
 10
279.0
 20
74.6000000000003
 30
0.0
 40
1.72
  1

  7
OpenSans
 11
279.0
 21
74.6000000000003
 31
0.0
100
AcDbText
  0
TEXT
  5
5B9
330
17
100
AcDbEntity
  8
S-NOTE
100
AcDbText
 10
279.0
 20
72.22000000000031
 30
0.0
 40
1.72
  1
BEAM B2  250 x 450, SPAN 4650, CLEAR 4300
  7
OpenSans
 11
279.0
 21
72.22000000000031
 31
0.0
100
AcDbText
  0
TEXT
  5
5BA
330
17
100
AcDbEntity
  8
S-NOTE
100
AcDbText
 10
279.0
 20
69.84000000000032
 30
0.0
 40
1.72
  1
   1.5(DL + EL) = 1.5(31.25 + 51.96) = 124.8 kNm  *** GOVERNS *** ;  Ast,req 822
  7
OpenSans
 11
279.0
 21
69.84000000000032
 31
0.0
100
AcDbText
  0
TEXT
  5
5BB
330
17
100
AcDbEntity
  8
S-NOTE
100
AcDbText
 10
279.0
 20
67.46000000000032
 30
0.0
 40
1.72
  1
   PROVIDED 3-T20 TOP (942) :  Mu 139.8 kNm,  UTILISATION 89 %,  x/d 0.376
  7
OpenSans
 11
279.0
 21
67.46000000000032
 31
0.0
100
AcDbText
  0
TEXT
  5
5BC
330
17
100
AcDbEntity
  8
S-NOTE
100
AcDbText
 10
279.0
 20
65.08000000000033
 30
0.0
 40
1.72
  1
     *** 3-T20 NOT 5-T16: five T16 need 256 mm in a 250 mm wide beam.  Skip that check and it is a site RFI.
  7
OpenSans
 11
279.0
 21
65.08000000000033
 31
0.0
100
AcDbText
  0
TEXT
  5
5BD
330
17
100
AcDbEntity
  8
S-NOTE
100
AcDbText
 10
279.0
 20
62.70000000000032
 30
0.0
 40
1.72
  1
   BOTTOM  Cl. 6.2.3 -> 0.5 x 942 = 471 *** GOVERNS *** over the 297 midspan requirement  ->  2-T20, Mu 98.9
  7
OpenSans
 11
279.0
 21
62.70000000000032
 31
0.0
100
AcDbText
  0
TEXT
  5
5BE
330
17
100
AcDbEntity
  8
S-NOTE
100
AcDbText
 10
279.0
 20
60.32000000000032
 30
0.0
 40
1.72
  1
   SHEAR  Vu = 72.8 + 71.9 = 144.7 kN ; tau_v 1.433 < 3.50.  EQ share 49.7 %, a hair under the trigger.
  7
OpenSans
 11
279.0
 21
60.32000000000032
 31
0.0
100
AcDbText
  0
TEXT
  5
5BF
330
17
100
AcDbEntity
  8
S-NOTE
100
AcDbText
 10
279.0
 20
57.94000000000032
 30
0.0
 40
1.72
  1
     *** TAKEN AS TRIGGERED (tau_c = 0): a design must not turn on the third decimal place of a ratio. ***
  7
OpenSans
 11
279.0
 21
57.94000000000032
 31
0.0
100
AcDbText
  0
TEXT
  5
5C0
330
17
100
AcDbEntity
  8
S-NOTE
100
AcDbText
 10
279.0
 20
55.560000000000315
 30
0.0
 40
1.72
  1

  7
OpenSans
 11
279.0
 21
55.560000000000315
 31
0.0
100
AcDbText
  0
TEXT
  5
5C1
330
17
100
AcDbEntity
  8
S-NOTE
100
AcDbText
 10
279.0
 20
53.18000000000031
 30
0.0
 40
1.72
  1
COLUMN C1  350 x 350   SHORT COLUMN lex 3300, lex/D 9.43 < 12 ;  e,min 20 -> M,min 5.5 kNm, far below applied
  7
OpenSans
 11
279.0
 21
53.18000000000031
 31
0.0
100
AcDbText
  0
TEXT
  5
5C2
330
17
100
AcDbEntity
  8
S-NOTE
100
AcDbText
 10
279.0
 20
50.80000000000031
 30
0.0
 40
1.72
  1
   AXIAL per column  1.5(DL+LL) 251.3 ;  1.5(DL+EL) 276.8 MAX ;  1.5(DL-EL) 168.4 MIN
  7
OpenSans
 11
279.0
 21
50.80000000000031
 31
0.0
100
AcDbText
  0
TEXT
  5
5C3
330
17
100
AcDbEntity
  8
S-NOTE
100
AcDbText
 10
279.0
 20
48.42000000000031
 30
0.0
 40
1.72
  1
   8-T16 = 1608 mm2, p = 1.31 % (min 0.8 % = 980, max 6 %), bars on all four faces, d'/D 0.16
  7
OpenSans
 11
279.0
 21
48.42000000000031
 31
0.0
100
AcDbText
  0
TEXT
  5
5C4
330
17
100
AcDbEntity
  8
S-NOTE
100
AcDbText
 10
279.0
 20
46.040000000000305
 30
0.0
 40
1.72
  1
   UNIAXIAL CAPACITY computed from the Cl. 38.1 stress block and the Fe500 curve, NOT read off a chart:
  7
OpenSans
 11
279.0
 21
46.040000000000305
 31
0.0
100
AcDbText
  0
TEXT
  5
5C5
330
17
100
AcDbEntity
  8
S-NOTE
100
AcDbText
 10
279.0
 20
43.6600000000003
 30
0.0
 40
1.72
  1
     Mu1 = 105.8 / 111.7 / 112.9 kNm.   BIAXIAL Cl. 39.6:  Puz 2235 ; Pu/Puz 0.124 < 0.2 -> alpha,n 1.0 ;
  7
OpenSans
 11
279.0
 21
43.6600000000003
 31
0.0
100
AcDbText
  0
TEXT
  5
5C6
330
17
100
AcDbEntity
  8
S-NOTE
100
AcDbText
 10
279.0
 20
41.2800000000003
 30
0.0
 40
1.72
  1
     25.6/112.9 + 66.8/112.9 = 0.819 <= 1.0  OK.   DRIFT limit 12.8 / 12.2 mm ; calculated under 3 mm.
  7
OpenSans
 11
279.0
 21
41.2800000000003
 31
0.0
100
AcDbText
  0
ENDSEC
  0
SECTION
  2
OBJECTS
  0
DICTIONARY
  5
A
330
0
100
AcDbDictionary
281
1
  3
ACAD_COLOR
350
B
  3
ACAD_GROUP
350
C
  3
ACAD_LAYOUT
350
D
  3
ACAD_MATERIAL
350
E
  3
ACAD_MLEADERSTYLE
350
F
  3
ACAD_MLINESTYLE
350
10
  3
ACAD_PLOTSETTINGS
350
11
  3
ACAD_PLOTSTYLENAME
350
12
  3
ACAD_SCALELIST
350
14
  3
ACAD_TABLESTYLE
350
15
  3
ACAD_VISUALSTYLE
350
16
  3
EZDXF_META
350
2D
  0
DICTIONARY
  5
B
330
A
100
AcDbDictionary
281
1
  0
DICTIONARY
  5
C
330
A
100
AcDbDictionary
281
1
  0
DICTIONARY
  5
D
330
A
100
AcDbDictionary
281
1
  3
Model
350
1A
  3
Layout1
350
1E
  0
DICTIONARY
  5
E
330
A
100
AcDbDictionary
281
1
  3
ByBlock
350
1F
  3
ByLayer
350
20
  3
Global
350
21
  0
DICTIONARY
  5
F
330
A
100
AcDbDictionary
281
1
  3
Standard
350
2C
  0
DICTIONARY
  5
10
330
A
100
AcDbDictionary
281
1
  3
Standard
350
22
  0
DICTIONARY
  5
11
330
A
100
AcDbDictionary
281
1
  0
ACDBDICTIONARYWDFLT
  5
12
330
A
100
AcDbDictionary
281
1
  3
Normal
350
13
100
AcDbDictionaryWithDefault
340
13
  0
ACDBPLACEHOLDER
  5
13
330
12
  0
DICTIONARY
  5
14
330
A
100
AcDbDictionary
281
1
  0
DICTIONARY
  5
15
330
A
100
AcDbDictionary
281
1
  0
DICTIONARY
  5
16
330
A
100
AcDbDictionary
281
1
  3
2dWireframe
350
5A
  3
Basic
350
5B
  3
Brighten
350
5C
  3
ColorChange
350
5D
  3
Conceptual
350
5E
  3
Dim
350
5F
  3
EdgeColorOff
350
60
  3
Facepattern
350
61
  3
Flat
350
62
  3
FlatWithEdges
350
63
  3
Gouraud
350
64
  3
GouraudWithEdges
350
65
  3
Hidden
350
66
  3
JitterOff
350
67
  3
Linepattern
350
68
  3
Modeling
350
69
  3
OverhangOff
350
6A
  3
Realistic
350
6B
  3
Shaded
350
6C
  3
Shaded with edges
350
6D
  3
Shades of Gray
350
6E
  3
Sketchy
350
6F
  3
Thicken
350
70
  3
Wireframe
350
71
  3
X-Ray
350
72
  0
LAYOUT
  5
1A
330
D
100
AcDbPlotSettings
  1

  4
A3
  6

 40
7.5
 41
20.0
 42
7.5
 43
20.0
 44
420.0
 45
297.0
 46
0.0
 47
0.0
 48
0.0
 49
0.0
140
0.0
141
0.0
142
1.0
143
1.0
 70
1024
 72
1
 73
0
 74
5
  7

 75
16
 76
0
 77
2
 78
300
147
1.0
148
0.0
149
0.0
100
AcDbLayout
  1
Model
 70
1
 71
0
 10
0.0
 20
0.0
 11
420.0
 21
297.0
 12
0.0
 22
0.0
 32
0.0
 14
1e+20
 24
1e+20
 34
1e+20
 15
-1e+20
 25
-1e+20
 35
-1e+20
146
0.0
 13
0.0
 23
0.0
 33
0.0
 16
1.0
 26
0.0
 36
0.0
 17
0.0
 27
1.0
 37
0.0
 76
1
330
17
  0
LAYOUT
  5
1E
330
D
100
AcDbPlotSettings
  1

  4
A3
  6

 40
7.5
 41
20.0
 42
7.5
 43
20.0
 44
420.0
 45
297.0
 46
0.0
 47
0.0
 48
0.0
 49
0.0
140
0.0
141
0.0
142
1.0
143
1.0
 70
0
 72
1
 73
0
 74
5
  7

 75
16
 76
0
 77
2
 78
300
147
1.0
148
0.0
149
0.0
100
AcDbLayout
  1
Layout1
 70
1
 71
1
 10
0.0
 20
0.0
 11
420.0
 21
297.0
 12
0.0
 22
0.0
 32
0.0
 14
1e+20
 24
1e+20
 34
1e+20
 15
-1e+20
 25
-1e+20
 35
-1e+20
146
0.0
 13
0.0
 23
0.0
 33
0.0
 16
1.0
 26
0.0
 36
0.0
 17
0.0
 27
1.0
 37
0.0
 76
1
330
1B
  0
MATERIAL
  5
1F
102
{ACAD_REACTORS
330
E
102
}
330
E
100
AcDbMaterial
  1
ByBlock
  2

 70
0
 40
1.0
 71
1
 41
1.0
 91
-1023410177
 42
1.0
 72
1
  3

 73
1
 74
1
 75
1
 44
0.5
 73
0
 45
1.0
 46
1.0
 77
1
  4

 78
1
 79
1
170
1
 48
1.0
171
1
  6

172
1
173
1
174
1
140
1.0
141
1.0
175
1
  7

176
1
177
1
178
1
143
1.0
179
1
  8

270
1
271
1
272
1
145
1.0
146
1.0
273
1
  9

274
1
275
1
276
1
 42
1.0
 72
1
  3

 73
1
 74
1
 75
1
 94
63
  0
MATERIAL
  5
20
102
{ACAD_REACTORS
330
E
102
}
330
E
100
AcDbMaterial
  1
ByLayer
  2

 70
0
 40
1.0
 71
1
 41
1.0
 91
-1023410177
 42
1.0
 72
1
  3

 73
1
 74
1
 75
1
 44
0.5
 73
0
 45
1.0
 46
1.0
 77
1
  4

 78
1
 79
1
170
1
 48
1.0
171
1
  6

172
1
173
1
174
1
140
1.0
141
1.0
175
1
  7

176
1
177
1
178
1
143
1.0
179
1
  8

270
1
271
1
272
1
145
1.0
146
1.0
273
1
  9

274
1
275
1
276
1
 42
1.0
 72
1
  3

 73
1
 74
1
 75
1
 94
63
  0
MATERIAL
  5
21
102
{ACAD_REACTORS
330
E
102
}
330
E
100
AcDbMaterial
  1
Global
  2

 70
0
 40
1.0
 71
1
 41
1.0
 91
-1023410177
 42
1.0
 72
1
  3

 73
1
 74
1
 75
1
 44
0.5
 73
0
 45
1.0
 46
1.0
 77
1
  4

 78
1
 79
1
170
1
 48
1.0
171
1
  6

172
1
173
1
174
1
140
1.0
141
1.0
175
1
  7

176
1
177
1
178
1
143
1.0
179
1
  8

270
1
271
1
272
1
145
1.0
146
1.0
273
1
  9

274
1
275
1
276
1
 42
1.0
 72
1
  3

 73
1
 74
1
 75
1
 94
63
  0
MLINESTYLE
  5
22
102
{ACAD_REACTORS
330
10
102
}
330
10
100
AcDbMlineStyle
  2
Standard
 70
0
  3

 62
256
 51
90.0
 52
90.0
 71
2
 49
0.5
 62
256
  6
BYLAYER
 49
-0.5
 62
256
  6
BYLAYER
  0
MLEADERSTYLE
  5
2C
102
{ACAD_REACTORS
330
F
102
}
330
F
100
AcDbMLeaderStyle
179
2
170
2
171
1
172
0
 90
2
 40
0.0
 41
0.0
173
1
 91
-1056964608
 92
-2
290
1
 42
2.0
291
1
 43
8.0
  3
Standard
 44
4.0
300

342
29
174
1
175
1
176
0
178
1
 93
-1056964608
 45
4.0
292
0
297
0
 46
4.0
 94
-1056964608
 47
1.0
 49
1.0
140
1.0
294
1
141
0.0
177
0
142
1.0
295
0
296
0
143
3.75
271
0
272
9
273
9
  0
DICTIONARY
  5
2D
330
A
100
AcDbDictionary
280
1
281
1
  3
CREATED_BY_EZDXF
350
2E
  3
WRITTEN_BY_EZDXF
350
5C9
  0
DICTIONARYVAR
  5
2E
330
2D
100
DictionaryVariables
280
0
  1
1.4.4 @ 2026-09-16T08:44:30.901484+00:00
  0
VISUALSTYLE
  5
5A
102
{ACAD_REACTORS
330
16
102
}
330
16
100
AcDbVisualStyle
  2
2dWireframe
 70
4
 90
0
 40
0.6
 62
7
290
0
291
0
  0
VISUALSTYLE
  5
5B
102
{ACAD_REACTORS
330
16
102
}
330
16
100
AcDbVisualStyle
  2
Basic
 70
7
 90
1
 40
0.6
 62
7
290
0
291
1
  0
VISUALSTYLE
  5
5C
102
{ACAD_REACTORS
330
16
102
}
330
16
100
AcDbVisualStyle
  2
Brighten
 70
12
 90
2
 40
0.6
 62
7
290
0
291
1
  0
VISUALSTYLE
  5
5D
102
{ACAD_REACTORS
330
16
102
}
330
16
100
AcDbVisualStyle
  2
ColorChange
 70
16
 90
2
 40
0.6
 62
8
290
0
291
1
  0
VISUALSTYLE
  5
5E
102
{ACAD_REACTORS
330
16
102
}
330
16
100
AcDbVisualStyle
  2
Conceptual
 70
9
 90
3
 40
0.6
 62
7
290
0
291
0
  0
VISUALSTYLE
  5
5F
102
{ACAD_REACTORS
330
16
102
}
330
16
100
AcDbVisualStyle
  2
Dim
 70
11
 90
2
 40
0.6
 62
7
290
0
291
1
  0
VISUALSTYLE
  5
60
102
{ACAD_REACTORS
330
16
102
}
330
16
100
AcDbVisualStyle
  2
EdgeColorOff
 70
22
 90
2
 40
0.6
 62
7
290
0
291
1
  0
VISUALSTYLE
  5
61
102
{ACAD_REACTORS
330
16
102
}
330
16
100
AcDbVisualStyle
  2
Facepattern
 70
15
 90
2
 40
0.6
 62
7
290
0
291
1
  0
VISUALSTYLE
  5
62
102
{ACAD_REACTORS
330
16
102
}
330
16
100
AcDbVisualStyle
  2
Flat
 70
0
 90
2
 40
0.6
 62
7
290
0
291
1
  0
VISUALSTYLE
  5
63
102
{ACAD_REACTORS
330
16
102
}
330
16
100
AcDbVisualStyle
  2
FlatWithEdges
 70
1
 90
2
 40
0.6
 62
7
290
0
291
1
  0
VISUALSTYLE
  5
64
102
{ACAD_REACTORS
330
16
102
}
330
16
100
AcDbVisualStyle
  2
Gouraud
 70
2
 90
2
 40
0.6
 62
7
290
0
291
1
  0
VISUALSTYLE
  5
65
102
{ACAD_REACTORS
330
16
102
}
330
16
100
AcDbVisualStyle
  2
GouraudWithEdges
 70
3
 90
2
 40
0.6
 62
7
290
0
291
1
  0
VISUALSTYLE
  5
66
102
{ACAD_REACTORS
330
16
102
}
330
16
100
AcDbVisualStyle
  2
Hidden
 70
6
 90
1
 40
0.6
 62
7
290
0
291
0
  0
VISUALSTYLE
  5
67
102
{ACAD_REACTORS
330
16
102
}
330
16
100
AcDbVisualStyle
  2
JitterOff
 70
20
 90
2
 40
0.6
 62
7
290
0
291
1
  0
VISUALSTYLE
  5
68
102
{ACAD_REACTORS
330
16
102
}
330
16
100
AcDbVisualStyle
  2
Linepattern
 70
14
 90
2
 40
0.6
 62
7
290
0
291
1
  0
VISUALSTYLE
  5
69
102
{ACAD_REACTORS
330
16
102
}
330
16
100
AcDbVisualStyle
  2
Modeling
 70
10
 90
2
 40
0.6
 62
7
290
0
291
0
  0
VISUALSTYLE
  5
6A
102
{ACAD_REACTORS
330
16
102
}
330
16
100
AcDbVisualStyle
  2
OverhangOff
 70
21
 90
2
 40
0.6
 62
7
290
0
291
1
  0
VISUALSTYLE
  5
6B
102
{ACAD_REACTORS
330
16
102
}
330
16
100
AcDbVisualStyle
  2
Realistic
 70
8
 90
2
 40
0.6
 62
7
290
0
291
0
  0
VISUALSTYLE
  5
6C
102
{ACAD_REACTORS
330
16
102
}
330
16
100
AcDbVisualStyle
  2
Shaded
 70
27
 90
2
 40
0.6
 62
7
290
0
291
0
  0
VISUALSTYLE
  5
6D
102
{ACAD_REACTORS
330
16
102
}
330
16
100
AcDbVisualStyle
  2
Shaded with edges
 70
26
 90
2
 40
0.6
 62
7
290
0
291
0
  0
VISUALSTYLE
  5
6E
102
{ACAD_REACTORS
330
16
102
}
330
16
100
AcDbVisualStyle
  2
Shades of Gray
 70
23
 90
2
 40
0.6
 62
7
290
0
291
0
  0
VISUALSTYLE
  5
6F
102
{ACAD_REACTORS
330
16
102
}
330
16
100
AcDbVisualStyle
  2
Sketchy
 70
24
 90
1
 40
0.6
 62
7
290
0
291
0
  0
VISUALSTYLE
  5
70
102
{ACAD_REACTORS
330
16
102
}
330
16
100
AcDbVisualStyle
  2
Thicken
 70
13
 90
2
 40
0.6
 62
7
290
0
291
1
  0
VISUALSTYLE
  5
71
102
{ACAD_REACTORS
330
16
102
}
330
16
100
AcDbVisualStyle
  2
Wireframe
 70
5
 90
0
 40
0.6
 62
7
290
0
291
0
  0
VISUALSTYLE
  5
72
102
{ACAD_REACTORS
330
16
102
}
330
16
100
AcDbVisualStyle
  2
X-Ray
 70
25
 90
2
 40
0.5
 62
7
290
0
291
0
  0
DICTIONARYVAR
  5
5C9
330
2D
100
DictionaryVariables
280
0
  1
1.4.4 @ 2026-09-16T08:44:31.002242+00:00
  0
ENDSEC
  0
EOF
