  0
SECTION
  2
HEADER
  9
$ACADVER
  1
AC1024
  9
$ACADMAINTVER
 70
6
  9
$DWGCODEPAGE
  3
ANSI_1252
  9
$LASTSAVEDBY
  1
ezdxf
  9
$INSBASE
 10
0.0
 20
0.0
 30
0.0
  9
$EXTMIN
 10
1e+20
 20
1e+20
 30
1e+20
  9
$EXTMAX
 10
-1e+20
 20
-1e+20
 30
-1e+20
  9
$LIMMIN
 10
0.0
 20
0.0
  9
$LIMMAX
 10
420.0
 20
297.0
  9
$ORTHOMODE
 70
0
  9
$REGENMODE
 70
1
  9
$FILLMODE
 70
1
  9
$QTEXTMODE
 70
0
  9
$MIRRTEXT
 70
1
  9
$LTSCALE
 40
1.0
  9
$ATTMODE
 70
1
  9
$TEXTSIZE
 40
2.5
  9
$TRACEWID
 40
1.0
  9
$TEXTSTYLE
  7
OpenSans
  9
$CLAYER
  8
0
  9
$CELTYPE
  6
ByLayer
  9
$CECOLOR
 62
256
  9
$CELTSCALE
 40
1.0
  9
$DISPSILH
 70
0
  9
$DIMSCALE
 40
1.0
  9
$DIMASZ
 40
0.175
  9
$DIMEXO
 40
0.125
  9
$DIMDLI
 40
3.75
  9
$DIMRND
 40
0.0
  9
$DIMDLE
 40
0.0
  9
$DIMEXE
 40
0.375
  9
$DIMTP
 40
0.0
  9
$DIMTM
 40
0.0
  9
$DIMTXT
 40
0.25
  9
$DIMCEN
 40
2.5
  9
$DIMTSZ
 40
0.0
  9
$DIMTOL
 70
0
  9
$DIMLIM
 70
0
  9
$DIMTIH
 70
0
  9
$DIMTOH
 70
0
  9
$DIMSE1
 70
0
  9
$DIMSE2
 70
0
  9
$DIMTAD
 70
1
  9
$DIMZIN
 70
12
  9
$DIMBLK
  1
ARCHTICK
  9
$DIMASO
 70
1
  9
$DIMSHO
 70
1
  9
$DIMPOST
  1

  9
$DIMAPOST
  1

  9
$DIMALT
 70
0
  9
$DIMALTD
 70
3
  9
$DIMALTF
 40
0.03937007874
  9
$DIMLFAC
 40
100.0
  9
$DIMTOFL
 70
1
  9
$DIMTVP
 40
0.0
  9
$DIMTIX
 70
0
  9
$DIMSOXD
 70
0
  9
$DIMSAH
 70
0
  9
$DIMBLK1
  1

  9
$DIMBLK2
  1

  9
$DIMSTYLE
  2
EZDXF
  9
$DIMCLRD
 70
0
  9
$DIMCLRE
 70
0
  9
$DIMCLRT
 70
0
  9
$DIMTFAC
 40
0.5
  9
$DIMGAP
 40
0.1
  9
$DIMJUST
 70
0
  9
$DIMSD1
 70
0
  9
$DIMSD2
 70
0
  9
$DIMTOLJ
 70
0
  9
$DIMTZIN
 70
8
  9
$DIMALTZ
 70
0
  9
$DIMALTTZ
 70
0
  9
$DIMUPT
 70
1
  9
$DIMDEC
 70
2
  9
$DIMTDEC
 70
2
  9
$DIMALTU
 70
2
  9
$DIMALTTD
 70
3
  9
$DIMTXSTY
  7
OpenSansCondensed-Light
  9
$DIMAUNIT
 70
0
  9
$DIMADEC
 70
2
  9
$DIMALTRND
 40
0.0
  9
$DIMAZIN
 70
3
  9
$DIMDSEP
 70
46
  9
$DIMATFIT
 70
3
  9
$DIMFRAC
 70
0
  9
$DIMLDRBLK
  1

  9
$DIMLUNIT
 70
2
  9
$DIMLWD
 70
-2
  9
$DIMLWE
 70
-2
  9
$DIMTMOVE
 70
2
  9
$DIMFXL
 40
1.0
  9
$DIMFXLON
 70
0
  9
$DIMJOGANG
 40
0.785398163397
  9
$DIMTFILL
 70
0
  9
$DIMTFILLCLR
 70
0
  9
$DIMARCSYM
 70
0
  9
$DIMLTYPE
  6

  9
$DIMLTEX1
  6

  9
$DIMLTEX2
  6

  9
$DIMTXTDIRECTION
 70
0
  9
$LUNITS
 70
2
  9
$LUPREC
 70
4
  9
$SKETCHINC
 40
1.0
  9
$FILLETRAD
 40
10.0
  9
$AUNITS
 70
0
  9
$AUPREC
 70
2
  9
$MENU
  1
.
  9
$ELEVATION
 40
0.0
  9
$PELEVATION
 40
0.0
  9
$THICKNESS
 40
0.0
  9
$LIMCHECK
 70
0
  9
$CHAMFERA
 40
0.0
  9
$CHAMFERB
 40
0.0
  9
$CHAMFERC
 40
0.0
  9
$CHAMFERD
 40
0.0
  9
$SKPOLY
 70
0
  9
$TDCREATE
 40
2461302.35787037
  9
$TDUCREATE
 40
2458532.153996898
  9
$TDUPDATE
 40
2461302.35787037
  9
$TDUUPDATE
 40
2458532.1544311
  9
$TDINDWG
 40
0.0
  9
$TDUSRTIMER
 40
0.0
  9
$USRTIMER
 70
1
  9
$ANGBASE
 50
0.0
  9
$ANGDIR
 70
0
  9
$PDMODE
 70
0
  9
$PDSIZE
 40
0.0
  9
$PLINEWID
 40
0.0
  9
$SPLFRAME
 70
0
  9
$SPLINETYPE
 70
6
  9
$SPLINESEGS
 70
8
  9
$HANDSEED
  5
63C
  9
$SURFTAB1
 70
6
  9
$SURFTAB2
 70
6
  9
$SURFTYPE
 70
6
  9
$SURFU
 70
6
  9
$SURFV
 70
6
  9
$UCSBASE
  2

  9
$UCSNAME
  2

  9
$UCSORG
 10
0.0
 20
0.0
 30
0.0
  9
$UCSXDIR
 10
1.0
 20
0.0
 30
0.0
  9
$UCSYDIR
 10
0.0
 20
1.0
 30
0.0
  9
$UCSORTHOREF
  2

  9
$UCSORTHOVIEW
 70
0
  9
$UCSORGTOP
 10
0.0
 20
0.0
 30
0.0
  9
$UCSORGBOTTOM
 10
0.0
 20
0.0
 30
0.0
  9
$UCSORGLEFT
 10
0.0
 20
0.0
 30
0.0
  9
$UCSORGRIGHT
 10
0.0
 20
0.0
 30
0.0
  9
$UCSORGFRONT
 10
0.0
 20
0.0
 30
0.0
  9
$UCSORGBACK
 10
0.0
 20
0.0
 30
0.0
  9
$PUCSBASE
  2

  9
$PUCSNAME
  2

  9
$PUCSORG
 10
0.0
 20
0.0
 30
0.0
  9
$PUCSXDIR
 10
1.0
 20
0.0
 30
0.0
  9
$PUCSYDIR
 10
0.0
 20
1.0
 30
0.0
  9
$PUCSORTHOREF
  2

  9
$PUCSORTHOVIEW
 70
0
  9
$PUCSORGTOP
 10
0.0
 20
0.0
 30
0.0
  9
$PUCSORGBOTTOM
 10
0.0
 20
0.0
 30
0.0
  9
$PUCSORGLEFT
 10
0.0
 20
0.0
 30
0.0
  9
$PUCSORGRIGHT
 10
0.0
 20
0.0
 30
0.0
  9
$PUCSORGFRONT
 10
0.0
 20
0.0
 30
0.0
  9
$PUCSORGBACK
 10
0.0
 20
0.0
 30
0.0
  9
$USERI1
 70
0
  9
$USERI2
 70
0
  9
$USERI3
 70
0
  9
$USERI4
 70
0
  9
$USERI5
 70
0
  9
$USERR1
 40
0.0
  9
$USERR2
 40
0.0
  9
$USERR3
 40
0.0
  9
$USERR4
 40
0.0
  9
$USERR5
 40
0.0
  9
$WORLDVIEW
 70
1
  9
$SHADEDGE
 70
3
  9
$SHADEDIF
 70
70
  9
$TILEMODE
 70
1
  9
$MAXACTVP
 70
64
  9
$PINSBASE
 10
0.0
 20
0.0
 30
0.0
  9
$PLIMCHECK
 70
0
  9
$PEXTMIN
 10
1e+20
 20
1e+20
 30
1e+20
  9
$PEXTMAX
 10
-1e+20
 20
-1e+20
 30
-1e+20
  9
$PLIMMIN
 10
0.0
 20
0.0
  9
$PLIMMAX
 10
420.0
 20
297.0
  9
$UNITMODE
 70
0
  9
$VISRETAIN
 70
1
  9
$PLINEGEN
 70
0
  9
$PSLTSCALE
 70
1
  9
$TREEDEPTH
 70
3020
  9
$CMLSTYLE
  2
Standard
  9
$CMLJUST
 70
0
  9
$CMLSCALE
 40
20.0
  9
$PROXYGRAPHICS
 70
1
  9
$MEASUREMENT
 70
1
  9
$CELWEIGHT
370
-1
  9
$ENDCAPS
280
0
  9
$JOINSTYLE
280
0
  9
$LWDISPLAY
290
0
  9
$INSUNITS
 70
4
  9
$HYPERLINKBASE
  1

  9
$STYLESHEET
  1

  9
$XEDIT
290
1
  9
$CEPSNTYPE
380
0
  9
$PSTYLEMODE
290
1
  9
$FINGERPRINTGUID
  2
{50293F6F-3433-4019-B9CF-CD56E1395422}
  9
$VERSIONGUID
  2
{CEA7726E-4CFF-4939-ABDA-923C9ECE5FFA}
  9
$EXTNAMES
290
1
  9
$PSVPSCALE
 40
0.0
  9
$OLESTARTUP
290
0
  9
$SORTENTS
280
127
  9
$INDEXCTL
280
0
  9
$HIDETEXT
280
1
  9
$XCLIPFRAME
280
1
  9
$HALOGAP
280
0
  9
$OBSCOLOR
 70
257
  9
$OBSLTYPE
280
0
  9
$INTERSECTIONDISPLAY
280
0
  9
$INTERSECTIONCOLOR
 70
257
  9
$DIMASSOC
280
2
  9
$PROJECTNAME
  1

  9
$CAMERADISPLAY
290
0
  9
$LENSLENGTH
 40
50.0
  9
$CAMERAHEIGHT
 40
0.0
  9
$STEPSPERSEC
 40
24.0
  9
$STEPSIZE
 40
100.0
  9
$3DDWFPREC
 40
2.0
  9
$PSOLWIDTH
 40
0.005
  9
$PSOLHEIGHT
 40
0.08
  9
$LOFTANG1
 40
1.570796326795
  9
$LOFTANG2
 40
1.570796326795
  9
$LOFTMAG1
 40
0.0
  9
$LOFTMAG2
 40
0.0
  9
$LOFTPARAM
 70
7
  9
$LOFTNORMALS
280
1
  9
$LATITUDE
 40
37.795
  9
$LONGITUDE
 40
-122.394
  9
$NORTHDIRECTION
 40
0.0
  9
$TIMEZONE
 70
-8000
  9
$LIGHTGLYPHDISPLAY
280
1
  9
$TILEMODELIGHTSYNCH
280
1
  9
$CMATERIAL
347
20
  9
$SOLIDHIST
280
0
  9
$SHOWHIST
280
1
  9
$DWFFRAME
280
2
  9
$DGNFRAME
280
2
  9
$REALWORLDSCALE
290
1
  9
$INTERFERECOLOR
 62
256
  9
$CSHADOW
280
0
  9
$SHADOWPLANELOCATION
 40
0.0
  0
ENDSEC
  0
SECTION
  2
CLASSES
  0
CLASS
  1
ACDBDICTIONARYWDFLT
  2
AcDbDictionaryWithDefault
  3
ObjectDBX Classes
 90
0
 91
0
280
0
281
0
  0
CLASS
  1
SUN
  2
AcDbSun
  3
SCENEOE
 90
1153
 91
0
280
0
281
0
  0
CLASS
  1
VISUALSTYLE
  2
AcDbVisualStyle
  3
ObjectDBX Classes
 90
4095
 91
0
280
0
281
0
  0
CLASS
  1
MATERIAL
  2
AcDbMaterial
  3
ObjectDBX Classes
 90
1153
 91
0
280
0
281
0
  0
CLASS
  1
SCALE
  2
AcDbScale
  3
ObjectDBX Classes
 90
1153
 91
0
280
0
281
0
  0
CLASS
  1
TABLESTYLE
  2
AcDbTableStyle
  3
ObjectDBX Classes
 90
4095
 91
0
280
0
281
0
  0
CLASS
  1
MLEADERSTYLE
  2
AcDbMLeaderStyle
  3
ACDB_MLEADERSTYLE_CLASS
 90
4095
 91
0
280
0
281
0
  0
CLASS
  1
DICTIONARYVAR
  2
AcDbDictionaryVar
  3
ObjectDBX Classes
 90
0
 91
0
280
0
281
0
  0
CLASS
  1
CELLSTYLEMAP
  2
AcDbCellStyleMap
  3
ObjectDBX Classes
 90
1152
 91
0
280
0
281
0
  0
CLASS
  1
MENTALRAYRENDERSETTINGS
  2
AcDbMentalRayRenderSettings
  3
SCENEOE
 90
1024
 91
0
280
0
281
0
  0
CLASS
  1
ACDBDETAILVIEWSTYLE
  2
AcDbDetailViewStyle
  3
ObjectDBX Classes
 90
1025
 91
0
280
0
281
0
  0
CLASS
  1
ACDBSECTIONVIEWSTYLE
  2
AcDbSectionViewStyle
  3
ObjectDBX Classes
 90
1025
 91
0
280
0
281
0
  0
CLASS
  1
RASTERVARIABLES
  2
AcDbRasterVariables
  3
ISM
 90
0
 91
0
280
0
281
0
  0
CLASS
  1
LAYOUT
  2
AcDbLayout
  3
ObjectDBX Classes
 90
0
 91
0
280
0
281
0
  0
CLASS
  1
ACDBPLACEHOLDER
  2
AcDbPlaceHolder
  3
ObjectDBX Classes
 90
0
 91
0
280
0
281
0
  0
ENDSEC
  0
SECTION
  2
TABLES
  0
TABLE
  2
VPORT
  5
8
330
0
100
AcDbSymbolTable
 70
1
  0
VPORT
  5
23
330
8
100
AcDbSymbolTableRecord
100
AcDbViewportTableRecord
  2
*Active
 70
0
 10
0.0
 20
0.0
 11
1.0
 21
1.0
 12
0.0
 22
0.0
 13
0.0
 23
0.0
 14
0.5
 24
0.5
 15
0.5
 25
0.5
 16
0.0
 26
0.0
 36
1.0
 17
0.0
 27
0.0
 37
0.0
 40
1000.0
 41
1.34
 42
50.0
 43
0.0
 44
0.0
 50
0.0
 51
0.0
 71
0
 72
1000
 73
1
 74
3
 75
0
 76
0
 77
0
 78
0
281
0
 65
0
146
0.0
  0
ENDTAB
  0
TABLE
  2
LTYPE
  5
2
330
0
100
AcDbSymbolTable
 70
21
  0
LTYPE
  5
24
330
2
100
AcDbSymbolTableRecord
100
AcDbLinetypeTableRecord
  2
ByBlock
 70
0
  3

 72
65
 73
0
 40
0.0
  0
LTYPE
  5
25
330
2
100
AcDbSymbolTableRecord
100
AcDbLinetypeTableRecord
  2
ByLayer
 70
0
  3

 72
65
 73
0
 40
0.0
  0
LTYPE
  5
26
330
2
100
AcDbSymbolTableRecord
100
AcDbLinetypeTableRecord
  2
Continuous
 70
0
  3

 72
65
 73
0
 40
0.0
  0
LTYPE
  5
2F
330
2
100
AcDbSymbolTableRecord
100
AcDbLinetypeTableRecord
  2
CENTER
 70
0
  3
Center ____ _ ____ _ ____ _ ____ _ ____ _ ____
 72
65
 73
4
 40
5.08
 49
3.175
 74
0
 49
-0.635
 74
0
 49
0.635
 74
0
 49
-0.635
 74
0
  0
LTYPE
  5
30
330
2
100
AcDbSymbolTableRecord
100
AcDbLinetypeTableRecord
  2
CENTERX2
 70
0
  3
Center (2x) ________  __  ________  __  ________
 72
65
 73
4
 40
8.89
 49
6.35
 74
0
 49
-0.635
 74
0
 49
1.27
 74
0
 49
-0.635
 74
0
  0
LTYPE
  5
31
330
2
100
AcDbSymbolTableRecord
100
AcDbLinetypeTableRecord
  2
CENTER2
 70
0
  3
Center (.5x) ____ _ ____ _ ____ _ ____ _ ____
 72
65
 73
4
 40
2.54
 49
1.587
 74
0
 49
-0.318
 74
0
 49
0.318
 74
0
 49
-0.318
 74
0
  0
LTYPE
  5
32
330
2
100
AcDbSymbolTableRecord
100
AcDbLinetypeTableRecord
  2
DASHED
 70
0
  3
Dashed __ __ __ __ __ __ __ __ __ __ __ __ __ _
 72
65
 73
2
 40
1.524
 49
1.27
 74
0
 49
-0.254
 74
0
  0
LTYPE
  5
33
330
2
100
AcDbSymbolTableRecord
100
AcDbLinetypeTableRecord
  2
DASHEDX2
 70
0
  3
Dashed (2x) ____  ____  ____  ____  ____  ____
 72
65
 73
2
 40
3.048
 49
2.54
 74
0
 49
-0.508
 74
0
  0
LTYPE
  5
34
330
2
100
AcDbSymbolTableRecord
100
AcDbLinetypeTableRecord
  2
DASHED2
 70
0
  3
Dashed (.5x) _ _ _ _ _ _ _ _ _ _ _ _ _ _
 72
65
 73
2
 40
0.762
 49
0.635
 74
0
 49
-0.127
 74
0
  0
LTYPE
  5
35
330
2
100
AcDbSymbolTableRecord
100
AcDbLinetypeTableRecord
  2
PHANTOM
 70
0
  3
Phantom ______  __  __  ______  __  __  ______
 72
65
 73
6
 40
6.35
 49
3.175
 74
0
 49
-0.635
 74
0
 49
0.635
 74
0
 49
-0.635
 74
0
 49
0.635
 74
0
 49
-0.635
 74
0
  0
LTYPE
  5
36
330
2
100
AcDbSymbolTableRecord
100
AcDbLinetypeTableRecord
  2
PHANTOMX2
 70
0
  3
Phantom (2x)____________    ____    ____    ____________
 72
65
 73
6
 40
10.795
 49
6.35
 74
0
 49
-0.635
 74
0
 49
1.27
 74
0
 49
-0.635
 74
0
 49
1.27
 74
0
 49
-0.635
 74
0
  0
LTYPE
  5
37
330
2
100
AcDbSymbolTableRecord
100
AcDbLinetypeTableRecord
  2
PHANTOM2
 70
0
  3
Phantom (.5x) ___ _ _ ___ _ _ ___ _ _ ___ _ _ ___
 72
65
 73
6
 40
3.175
 49
1.587
 74
0
 49
-0.318
 74
0
 49
0.318
 74
0
 49
-0.318
 74
0
 49
0.318
 74
0
 49
-0.318
 74
0
  0
LTYPE
  5
38
330
2
100
AcDbSymbolTableRecord
100
AcDbLinetypeTableRecord
  2
DASHDOT
 70
0
  3
Dash dot __ . __ . __ . __ . __ . __ . __ . __
 72
65
 73
4
 40
3.556
 49
2.54
 74
0
 49
-0.508
 74
0
 49
0.0
 74
0
 49
-0.508
 74
0
  0
LTYPE
  5
39
330
2
100
AcDbSymbolTableRecord
100
AcDbLinetypeTableRecord
  2
DASHDOTX2
 70
0
  3
Dash dot (2x) ____  .  ____  .  ____  .  ____
 72
65
 73
4
 40
6.096
 49
5.08
 74
0
 49
-0.508
 74
0
 49
0.0
 74
0
 49
-0.508
 74
0
  0
LTYPE
  5
3A
330
2
100
AcDbSymbolTableRecord
100
AcDbLinetypeTableRecord
  2
DASHDOT2
 70
0
  3
Dash dot (.5x) _ . _ . _ . _ . _ . _ . _ . _
 72
65
 73
4
 40
1.778
 49
1.27
 74
0
 49
-0.254
 74
0
 49
0.0
 74
0
 49
-0.254
 74
0
  0
LTYPE
  5
3B
330
2
100
AcDbSymbolTableRecord
100
AcDbLinetypeTableRecord
  2
DOT
 70
0
  3
Dot .  .  .  .  .  .  .  .  .  .  .  .  .  .  .  .
 72
65
 73
2
 40
0.508
 49
0.0
 74
0
 49
-0.508
 74
0
  0
LTYPE
  5
3C
330
2
100
AcDbSymbolTableRecord
100
AcDbLinetypeTableRecord
  2
DOTX2
 70
0
  3
Dot (2x) .    .    .    .    .    .    .    . 
 72
65
 73
2
 40
1.016
 49
0.0
 74
0
 49
-1.016
 74
0
  0
LTYPE
  5
3D
330
2
100
AcDbSymbolTableRecord
100
AcDbLinetypeTableRecord
  2
DOT2
 70
0
  3
Dot (.5) . . . . . . . . . . . . . . . . . . . 
 72
65
 73
2
 40
0.254
 49
0.0
 74
0
 49
-0.254
 74
0
  0
LTYPE
  5
3E
330
2
100
AcDbSymbolTableRecord
100
AcDbLinetypeTableRecord
  2
DIVIDE
 70
0
  3
Divide __ . . __ . . __ . . __ . . __ . . __
 72
65
 73
6
 40
4.064
 49
2.54
 74
0
 49
-0.508
 74
0
 49
0.0
 74
0
 49
-0.508
 74
0
 49
0.0
 74
0
 49
-0.508
 74
0
  0
LTYPE
  5
3F
330
2
100
AcDbSymbolTableRecord
100
AcDbLinetypeTableRecord
  2
DIVIDEX2
 70
0
  3
Divide (2x) ____  . .  ____  . .  ____  . .  ____
 72
65
 73
6
 40
6.604
 49
5.08
 74
0
 49
-0.508
 74
0
 49
0.0
 74
0
 49
-0.508
 74
0
 49
0.0
 74
0
 49
-0.508
 74
0
  0
LTYPE
  5
40
330
2
100
AcDbSymbolTableRecord
100
AcDbLinetypeTableRecord
  2
DIVIDE2
 70
0
  3
Divide(.5x) _ . _ . _ . _ . _ . _ . _ . _
 72
65
 73
6
 40
2.032
 49
1.27
 74
0
 49
-0.254
 74
0
 49
0.0
 74
0
 49
-0.254
 74
0
 49
0.0
 74
0
 49
-0.254
 74
0
  0
ENDTAB
  0
TABLE
  2
LAYER
  5
1
330
0
100
AcDbSymbolTable
 70
22
  0
LAYER
  5
27
330
1
100
AcDbSymbolTableRecord
100
AcDbLayerTableRecord
  2
0
 70
0
 62
7
  6
Continuous
370
-3
390
13
347
21
  0
LAYER
  5
28
330
1
100
AcDbSymbolTableRecord
100
AcDbLayerTableRecord
  2
Defpoints
 70
0
 62
7
  6
Continuous
290
0
370
-3
390
13
347
21
  0
LAYER
  5
8A
330
1
100
AcDbSymbolTableRecord
100
AcDbLayerTableRecord
  2
S-CONCRETE
 70
0
 62
7
  6
Continuous
370
-3
390
13
347
21
1001
AcAecLayerStandard
1000

1000
Structural concrete, cut
  0
LAYER
  5
8C
330
1
100
AcDbSymbolTableRecord
100
AcDbLayerTableRecord
  2
S-CONCRETE-THIN
 70
0
 62
7
  6
Continuous
370
-3
390
13
347
21
1001
AcAecLayerStandard
1000

1000
Concrete outlines, uncut
  0
LAYER
  5
8D
330
1
100
AcDbSymbolTableRecord
100
AcDbLayerTableRecord
  2
S-HIDDEN
 70
0
 62
8
  6
Continuous
370
-3
390
13
347
21
1001
AcAecLayerStandard
1000

1000
Concrete and features beyond / below
  0
LAYER
  5
8E
330
1
100
AcDbSymbolTableRecord
100
AcDbLayerTableRecord
  2
S-REBAR-MAIN
 70
0
 62
1
  6
Continuous
370
-3
390
13
347
21
1001
AcAecLayerStandard
1000

1000
Main reinforcement
  0
LAYER
  5
8F
330
1
100
AcDbSymbolTableRecord
100
AcDbLayerTableRecord
  2
S-REBAR-DIST
 70
0
 62
5
  6
Continuous
370
-3
390
13
347
21
1001
AcAecLayerStandard
1000

1000
Distribution reinforcement
  0
LAYER
  5
90
330
1
100
AcDbSymbolTableRecord
100
AcDbLayerTableRecord
  2
S-REBAR-STIRRUP
 70
0
 62
5
  6
Continuous
370
-3
390
13
347
21
1001
AcAecLayerStandard
1000

1000
Links and stirrups
  0
LAYER
  5
91
330
1
100
AcDbSymbolTableRecord
100
AcDbLayerTableRecord
  2
S-REBAR-SEC
 70
0
 62
1
  6
Continuous
370
-3
390
13
347
21
1001
AcAecLayerStandard
1000

1000
Trimmers, jamb bars, starters, additional bars
  0
LAYER
  5
92
330
1
100
AcDbSymbolTableRecord
100
AcDbLayerTableRecord
  2
S-DIM
 70
0
 62
7
  6
Continuous
370
-3
390
13
347
21
1001
AcAecLayerStandard
1000

1000
Dimensions
  0
LAYER
  5
93
330
1
100
AcDbSymbolTableRecord
100
AcDbLayerTableRecord
  2
S-TEXT
 70
0
 62
7
  6
Continuous
370
-3
390
13
347
21
1001
AcAecLayerStandard
1000

1000
General annotation
  0
LAYER
  5
94
330
1
100
AcDbSymbolTableRecord
100
AcDbLayerTableRecord
  2
S-NOTE
 70
0
 62
7
  6
Continuous
370
-3
390
13
347
21
1001
AcAecLayerStandard
1000

1000
Note panels
  0
LAYER
  5
95
330
1
100
AcDbSymbolTableRecord
100
AcDbLayerTableRecord
  2
S-CALLOUT
 70
0
 62
7
  6
Continuous
370
-3
390
13
347
21
1001
AcAecLayerStandard
1000

1000
Bar-mark tags and leaders
  0
LAYER
  5
96
330
1
100
AcDbSymbolTableRecord
100
AcDbLayerTableRecord
  2
S-SECTION
 70
0
 62
7
  6
Continuous
370
-3
390
13
347
21
1001
AcAecLayerStandard
1000

1000
Section and detail markers
  0
LAYER
  5
97
330
1
100
AcDbSymbolTableRecord
100
AcDbLayerTableRecord
  2
S-GRID
 70
0
 62
7
  6
Continuous
370
-3
390
13
347
21
1001
AcAecLayerStandard
1000

1000
Grid lines and bubbles
  0
LAYER
  5
98
330
1
100
AcDbSymbolTableRecord
100
AcDbLayerTableRecord
  2
S-CENTER
 70
0
 62
7
  6
Continuous
370
-3
390
13
347
21
1001
AcAecLayerStandard
1000

1000
Centrelines and void diagonals
  0
LAYER
  5
99
330
1
100
AcDbSymbolTableRecord
100
AcDbLayerTableRecord
  2
S-HATCH
 70
0
 62
8
  6
Continuous
370
-3
390
13
347
21
1001
AcAecLayerStandard
1000

1000
Section hatch
  0
LAYER
  5
9A
330
1
100
AcDbSymbolTableRecord
100
AcDbLayerTableRecord
  2
S-TITLE
 70
0
 62
7
  6
Continuous
370
-3
390
13
347
21
1001
AcAecLayerStandard
1000

1000
Border, title block, view titles
  0
LAYER
  5
9B
330
1
100
AcDbSymbolTableRecord
100
AcDbLayerTableRecord
  2
S-EXISTING
 70
0
 62
8
  6
Continuous
370
-3
390
13
347
21
1001
AcAecLayerStandard
1000

1000
Soil, rock, fill and cover build-up
  0
LAYER
  5
9C
330
1
100
AcDbSymbolTableRecord
100
AcDbLayerTableRecord
  2
S-WATERPROOF
 70
0
 62
7
  6
Continuous
370
-3
390
13
347
21
1001
AcAecLayerStandard
1000

1000
Tanking, waterstops, groundwater table
  0
LAYER
  5
9D
330
1
100
AcDbSymbolTableRecord
100
AcDbLayerTableRecord
  2
S-LEVEL
 70
0
 62
7
  6
Continuous
370
-3
390
13
347
21
1001
AcAecLayerStandard
1000

1000
Level markers
  0
LAYER
  5
9E
330
1
100
AcDbSymbolTableRecord
100
AcDbLayerTableRecord
  2
S-TABLE
 70
0
 62
7
  6
Continuous
370
-3
390
13
347
21
1001
AcAecLayerStandard
1000

1000
Tables and schedules
  0
ENDTAB
  0
TABLE
  2
STYLE
  5
5
330
0
100
AcDbSymbolTable
 70
26
  0
STYLE
  5
29
330
5
100
AcDbSymbolTableRecord
100
AcDbTextStyleTableRecord
  2
Standard
 70
0
 40
0.0
 41
1.0
 50
0.0
 71
0
 42
2.5
  3
txt
  4

  0
STYLE
  5
41
330
5
100
AcDbSymbolTableRecord
100
AcDbTextStyleTableRecord
  2
OpenSans-Light
 70
0
 40
0.0
 41
1.0
 50
0.0
 71
0
 42
2.5
  3
OpenSans-Light.ttf
  4

  0
STYLE
  5
42
330
5
100
AcDbSymbolTableRecord
100
AcDbTextStyleTableRecord
  2
OpenSans-Light-Italic
 70
0
 40
0.0
 41
1.0
 50
0.0
 71
0
 42
2.5
  3
OpenSans-LightItalic.ttf
  4

  0
STYLE
  5
43
330
5
100
AcDbSymbolTableRecord
100
AcDbTextStyleTableRecord
  2
OpenSans
 70
0
 40
0.0
 41
1.0
 50
0.0
 71
0
 42
2.5
  3
OpenSans-Regular.ttf
  4

  0
STYLE
  5
44
330
5
100
AcDbSymbolTableRecord
100
AcDbTextStyleTableRecord
  2
OpenSans-Italic
 70
0
 40
0.0
 41
1.0
 50
0.0
 71
0
 42
2.5
  3
OpenSans-Italic.ttf
  4

  0
STYLE
  5
45
330
5
100
AcDbSymbolTableRecord
100
AcDbTextStyleTableRecord
  2
OpenSans-SemiBold
 70
0
 40
0.0
 41
1.0
 50
0.0
 71
0
 42
2.5
  3
OpenSans-SemiBold.ttf
  4

  0
STYLE
  5
46
330
5
100
AcDbSymbolTableRecord
100
AcDbTextStyleTableRecord
  2
OpenSans-SemiBoldItalic
 70
0
 40
0.0
 41
1.0
 50
0.0
 71
0
 42
2.5
  3
OpenSans-SemiBoldItalic.ttf
  4

  0
STYLE
  5
47
330
5
100
AcDbSymbolTableRecord
100
AcDbTextStyleTableRecord
  2
OpenSans-Bold
 70
0
 40
0.0
 41
1.0
 50
0.0
 71
0
 42
2.5
  3
OpenSans-Bold.ttf
  4

  0
STYLE
  5
48
330
5
100
AcDbSymbolTableRecord
100
AcDbTextStyleTableRecord
  2
OpenSans-BoldItalic
 70
0
 40
0.0
 41
1.0
 50
0.0
 71
0
 42
2.5
  3
OpenSans-BoldItalic.ttf
  4

  0
STYLE
  5
49
330
5
100
AcDbSymbolTableRecord
100
AcDbTextStyleTableRecord
  2
OpenSans-ExtraBold
 70
0
 40
0.0
 41
1.0
 50
0.0
 71
0
 42
2.5
  3
OpenSans-ExtraBold.ttf
  4

  0
STYLE
  5
4A
330
5
100
AcDbSymbolTableRecord
100
AcDbTextStyleTableRecord
  2
OpenSans-ExtraBoldItalic
 70
0
 40
0.0
 41
1.0
 50
0.0
 71
0
 42
2.5
  3
OpenSans-ExtraBoldItalic.ttf
  4

  0
STYLE
  5
4B
330
5
100
AcDbSymbolTableRecord
100
AcDbTextStyleTableRecord
  2
OpenSansCondensed-Bold
 70
0
 40
0.0
 41
1.0
 50
0.0
 71
0
 42
2.5
  3
OpenSansCondensed-Bold.ttf
  4

  0
STYLE
  5
4C
330
5
100
AcDbSymbolTableRecord
100
AcDbTextStyleTableRecord
  2
OpenSansCondensed-Light
 70
0
 40
0.0
 41
1.0
 50
0.0
 71
0
 42
2.5
  3
OpenSansCondensed-Light.ttf
  4

  0
STYLE
  5
4D
330
5
100
AcDbSymbolTableRecord
100
AcDbTextStyleTableRecord
  2
OpenSansCondensed-Italic
 70
0
 40
0.0
 41
1.0
 50
0.0
 71
0
 42
2.5
  3
OpenSansCondensed-LightItalic.ttf
  4

  0
STYLE
  5
4E
330
5
100
AcDbSymbolTableRecord
100
AcDbTextStyleTableRecord
  2
LiberationSans
 70
0
 40
0.0
 41
1.0
 50
0.0
 71
0
 42
2.5
  3
LiberationSans-Regular.ttf
  4

  0
STYLE
  5
4F
330
5
100
AcDbSymbolTableRecord
100
AcDbTextStyleTableRecord
  2
LiberationSans-Bold
 70
0
 40
0.0
 41
1.0
 50
0.0
 71
0
 42
2.5
  3
LiberationSans-Bold.ttf
  4

  0
STYLE
  5
50
330
5
100
AcDbSymbolTableRecord
100
AcDbTextStyleTableRecord
  2
LiberationSans-BoldItalic
 70
0
 40
0.0
 41
1.0
 50
0.0
 71
0
 42
2.5
  3
LiberationSans-BoldItalic.ttf
  4

  0
STYLE
  5
51
330
5
100
AcDbSymbolTableRecord
100
AcDbTextStyleTableRecord
  2
LiberationSans-Italic
 70
0
 40
0.0
 41
1.0
 50
0.0
 71
0
 42
2.5
  3
LiberationSans-Italic.ttf
  4

  0
STYLE
  5
52
330
5
100
AcDbSymbolTableRecord
100
AcDbTextStyleTableRecord
  2
LiberationSerif
 70
0
 40
0.0
 41
1.0
 50
0.0
 71
0
 42
2.5
  3
LiberationSerif-Regular.ttf
  4

  0
STYLE
  5
53
330
5
100
AcDbSymbolTableRecord
100
AcDbTextStyleTableRecord
  2
LiberationSerif-Bold
 70
0
 40
0.0
 41
1.0
 50
0.0
 71
0
 42
2.5
  3
LiberationSerif-Bold.ttf
  4

  0
STYLE
  5
54
330
5
100
AcDbSymbolTableRecord
100
AcDbTextStyleTableRecord
  2
LiberationSerif-BoldItalic
 70
0
 40
0.0
 41
1.0
 50
0.0
 71
0
 42
2.5
  3
LiberationSerif-BoldItalic.ttf
  4

  0
STYLE
  5
55
330
5
100
AcDbSymbolTableRecord
100
AcDbTextStyleTableRecord
  2
LiberationSerif-Italic
 70
0
 40
0.0
 41
1.0
 50
0.0
 71
0
 42
2.5
  3
LiberationSerif-Italic.ttf
  4

  0
STYLE
  5
56
330
5
100
AcDbSymbolTableRecord
100
AcDbTextStyleTableRecord
  2
LiberationMono
 70
0
 40
0.0
 41
1.0
 50
0.0
 71
0
 42
2.5
  3
LiberationMono-Regular.ttf
  4

  0
STYLE
  5
57
330
5
100
AcDbSymbolTableRecord
100
AcDbTextStyleTableRecord
  2
LiberationMono-Bold
 70
0
 40
0.0
 41
1.0
 50
0.0
 71
0
 42
2.5
  3
LiberationMono-Bold.ttf
  4

  0
STYLE
  5
58
330
5
100
AcDbSymbolTableRecord
100
AcDbTextStyleTableRecord
  2
LiberationMono-BoldItalic
 70
0
 40
0.0
 41
1.0
 50
0.0
 71
0
 42
2.5
  3
LiberationMono-BoldItalic.ttf
  4

  0
STYLE
  5
59
330
5
100
AcDbSymbolTableRecord
100
AcDbTextStyleTableRecord
  2
LiberationMono-Italic
 70
0
 40
0.0
 41
1.0
 50
0.0
 71
0
 42
2.5
  3
LiberationMono-Italic.ttf
  4

  0
ENDTAB
  0
TABLE
  2
VIEW
  5
7
330
0
100
AcDbSymbolTable
 70
0
  0
ENDTAB
  0
TABLE
  2
UCS
  5
6
330
0
100
AcDbSymbolTable
 70
0
  0
ENDTAB
  0
TABLE
  2
APPID
  5
3
330
0
100
AcDbSymbolTable
 70
4
  0
APPID
  5
2A
330
3
100
AcDbSymbolTableRecord
100
AcDbRegAppTableRecord
  2
ACAD
 70
0
  0
APPID
  5
8B
330
3
100
AcDbSymbolTableRecord
100
AcDbRegAppTableRecord
  2
AcAecLayerStandard
 70
0
  0
APPID
  5
639
330
3
100
AcDbSymbolTableRecord
100
AcDbRegAppTableRecord
  2
HATCHBACKGROUNDCOLOR
 70
0
  0
APPID
  5
63A
330
3
100
AcDbSymbolTableRecord
100
AcDbRegAppTableRecord
  2
EZDXF
 70
0
  0
ENDTAB
  0
TABLE
  2
DIMSTYLE
  5
4
330
0
100
AcDbSymbolTable
 70
14
100
AcDbDimStyleTable
  0
DIMSTYLE
105
2B
330
4
100
AcDbSymbolTableRecord
100
AcDbDimStyleTableRecord
  2
Standard
 70
0
 40
1.0
 41
2.5
 42
0.625
 43
3.75
 44
1.25
 45
0.0
 46
0.0
 47
0.0
 48
0.0
 49
2.5
140
2.5
141
2.5
142
0.0
143
0.03937007874
144
1.0
145
0.0
146
1.0
147
0.625
148
0.0
 69
0
 70
0
 71
0
 72
0
 73
0
 74
0
 75
0
 76
0
 77
1
 78
8
 79
3
170
0
171
3
172
1
173
0
174
0
175
0
176
0
177
0
178
0
179
2
271
2
272
2
273
2
274
3
275
0
276
0
277
2
278
44
279
0
280
0
281
0
282
0
283
0
284
8
285
0
286
0
288
0
289
3
290
0
371
-2
372
-2
  0
DIMSTYLE
105
73
330
4
100
AcDbSymbolTableRecord
100
AcDbDimStyleTableRecord
  2
EZDXF
 70
0
 40
1.0
 41
0.175
 42
0.125
 43
3.75
 44
0.375
 45
0.0
 46
0.0
 47
0.0
 48
0.0
 49
2.5
140
0.25
141
2.5
142
0.0
143
0.03937007874
144
100.0
145
0.0
146
0.5
147
0.1
148
0.0
 69
0
 70
0
 71
0
 72
0
 73
0
 74
0
 75
0
 76
0
 77
1
 78
12
 79
3
170
0
171
3
172
1
173
0
174
0
175
0
176
0
177
0
178
0
179
2
271
2
272
2
273
2
274
3
275
0
276
0
277
2
278
46
279
2
280
0
281
0
282
0
283
0
284
8
285
0
286
0
288
1
289
3
290
0
340
4C
342
74
371
-2
372
-2
  0
DIMSTYLE
105
7C
330
4
100
AcDbSymbolTableRecord
100
AcDbDimStyleTableRecord
  2
EZ_M_100_H25_CM
 70
0
 40
1.0
 41
0.25
 42
0.125
 43
3.75
 44
0.375
 45
0.0
 46
0.0
 47
0.0
 48
0.0
 49
2.5
140
0.25
141
2.5
142
0.125
143
0.03937007874
144
100.0
145
0.0
146
0.5
147
0.1
148
0.0
 69
0
 70
0
 71
0
 72
0
 73
0
 74
0
 75
0
 76
0
 77
1
 78
12
 79
3
170
0
171
3
172
1
173
0
174
0
175
0
176
0
177
0
178
0
179
2
271
2
272
2
273
2
274
3
275
0
276
0
277
2
278
46
279
2
280
0
281
0
282
0
283
0
284
8
285
0
286
0
288
1
289
3
290
0
340
4C
371
-2
372
-2
  0
DIMSTYLE
105
7D
330
4
100
AcDbSymbolTableRecord
100
AcDbDimStyleTableRecord
  2
EZ_M_50_H25_CM
 70
0
 40
1.0
 41
0.125
 42
0.0625
 43
3.75
 44
0.1875
 45
0.0
 46
0.0
 47
0.0
 48
0.0
 49
2.5
140
0.125
141
2.5
142
0.0625
143
0.03937007874
144
100.0
145
0.0
146
0.5
147
0.05
148
0.0
 69
0
 70
0
 71
0
 72
0
 73
0
 74
0
 75
0
 76
0
 77
1
 78
12
 79
3
170
0
171
3
172
1
173
0
174
0
175
0
176
0
177
0
178
0
179
2
271
2
272
2
273
2
274
3
275
0
276
0
277
2
278
46
279
2
280
0
281
0
282
0
283
0
284
8
285
0
286
0
288
1
289
3
290
0
340
4C
371
-2
372
-2
  0
DIMSTYLE
105
7E
330
4
100
AcDbSymbolTableRecord
100
AcDbDimStyleTableRecord
  2
EZ_M_25_H25_CM
 70
0
 40
1.0
 41
0.0625
 42
0.03125
 43
3.75
 44
0.09375
 45
0.0
 46
0.0
 47
0.0
 48
0.0
 49
2.5
140
0.0625
141
2.5
142
0.03125
143
0.03937007874
144
100.0
145
0.0
146
0.5
147
0.025
148
0.0
 69
0
 70
0
 71
0
 72
0
 73
0
 74
0
 75
0
 76
0
 77
1
 78
12
 79
3
170
0
171
3
172
1
173
0
174
0
175
0
176
0
177
0
178
0
179
2
271
2
272
2
273
2
274
3
275
0
276
0
277
2
278
46
279
2
280
0
281
0
282
0
283
0
284
8
285
0
286
0
288
1
289
3
290
0
340
4C
371
-2
372
-2
  0
DIMSTYLE
105
7F
330
4
100
AcDbSymbolTableRecord
100
AcDbDimStyleTableRecord
  2
EZ_M_20_H25_CM
 70
0
 40
1.0
 41
0.05
 42
0.025
 43
3.75
 44
0.07500000000000001
 45
0.0
 46
0.0
 47
0.0
 48
0.0
 49
2.5
140
0.05
141
2.5
142
0.025
143
0.03937007874
144
100.0
145
0.0
146
0.5
147
0.020000000000000004
148
0.0
 69
0
 70
0
 71
0
 72
0
 73
0
 74
0
 75
0
 76
0
 77
1
 78
12
 79
3
170
0
171
3
172
1
173
0
174
0
175
0
176
0
177
0
178
0
179
2
271
2
272
2
273
2
274
3
275
0
276
0
277
2
278
46
279
2
280
0
281
0
282
0
283
0
284
8
285
0
286
0
288
1
289
3
290
0
340
4C
371
-2
372
-2
  0
DIMSTYLE
105
80
330
4
100
AcDbSymbolTableRecord
100
AcDbDimStyleTableRecord
  2
EZ_M_10_H25_CM
 70
0
 40
1.0
 41
0.025
 42
0.0125
 43
3.75
 44
0.037500000000000006
 45
0.0
 46
0.0
 47
0.0
 48
0.0
 49
2.5
140
0.025
141
2.5
142
0.0125
143
0.03937007874
144
100.0
145
0.0
146
0.5
147
0.010000000000000002
148
0.0
 69
0
 70
0
 71
0
 72
0
 73
0
 74
0
 75
0
 76
0
 77
1
 78
12
 79
3
170
0
171
3
172
1
173
0
174
0
175
0
176
0
177
0
178
0
179
2
271
2
272
2
273
2
274
3
275
0
276
0
277
2
278
46
279
2
280
0
281
0
282
0
283
0
284
8
285
0
286
0
288
1
289
3
290
0
340
4C
371
-2
372
-2
  0
DIMSTYLE
105
81
330
4
100
AcDbSymbolTableRecord
100
AcDbDimStyleTableRecord
  2
EZ_M_5_H25_CM
 70
0
 40
1.0
 41
0.0125
 42
0.00625
 43
3.75
 44
0.018750000000000003
 45
0.0
 46
0.0
 47
0.0
 48
0.0
 49
2.5
140
0.0125
141
2.5
142
0.00625
143
0.03937007874
144
100.0
145
0.0
146
0.5
147
0.005000000000000001
148
0.0
 69
0
 70
0
 71
0
 72
0
 73
0
 74
0
 75
0
 76
0
 77
1
 78
12
 79
3
170
0
171
3
172
1
173
0
174
0
175
0
176
0
177
0
178
0
179
2
271
2
272
2
273
2
274
3
275
0
276
0
277
2
278
46
279
2
280
0
281
0
282
0
283
0
284
8
285
0
286
0
288
1
289
3
290
0
340
4C
371
-2
372
-2
  0
DIMSTYLE
105
82
330
4
100
AcDbSymbolTableRecord
100
AcDbDimStyleTableRecord
  2
EZ_M_1_H25_CM
 70
0
 40
1.0
 41
0.0025
 42
0.00125
 43
3.75
 44
0.00375
 45
0.0
 46
0.0
 47
0.0
 48
0.0
 49
2.5
140
0.0025
141
2.5
142
0.00125
143
0.03937007874
144
100.0
145
0.0
146
0.5
147
0.001
148
0.0
 69
0
 70
0
 71
0
 72
0
 73
0
 74
0
 75
0
 76
0
 77
1
 78
12
 79
3
170
0
171
3
172
1
173
0
174
0
175
0
176
0
177
0
178
0
179
2
271
2
272
2
273
2
274
3
275
0
276
0
277
2
278
46
279
2
280
0
281
0
282
0
283
0
284
8
285
0
286
0
288
1
289
3
290
0
340
4C
371
-2
372
-2
  0
DIMSTYLE
105
83
330
4
100
AcDbSymbolTableRecord
100
AcDbDimStyleTableRecord
  2
EZ_RADIUS
 70
0
 40
1.0
 41
0.25
 42
0.125
 43
3.75
 44
0.375
 45
0.0
 46
0.0
 47
0.0
 48
0.0
 49
2.5
140
0.25
141
0.0
142
0.0
143
0.03937007874
144
100.0
145
0.0
146
0.5
147
0.1
148
0.0
 69
0
 70
0
 71
0
 72
0
 73
0
 74
0
 75
0
 76
0
 77
1
 78
12
 79
3
170
0
171
3
172
0
173
0
174
0
175
0
176
0
177
0
178
0
179
2
271
2
272
2
273
2
274
3
275
0
276
0
277
2
278
46
279
1
280
0
281
0
282
0
283
0
284
8
285
0
286
0
288
1
289
3
290
0
340
4C
342
84
371
-2
372
-2
  0
DIMSTYLE
105
88
330
4
100
AcDbSymbolTableRecord
100
AcDbDimStyleTableRecord
  2
EZ_RADIUS_INSIDE
 70
0
 40
1.0
 41
0.25
 42
0.125
 43
3.75
 44
0.375
 45
0.0
 46
0.0
 47
0.0
 48
0.0
 49
2.5
140
0.25
141
0.0
142
0.0
143
0.03937007874
144
100.0
145
0.0
146
0.5
147
0.1
148
0.0
 69
0
 70
0
 71
0
 72
0
 73
0
 74
0
 75
0
 76
0
 77
0
 78
12
 79
3
170
0
171
3
172
0
173
0
174
1
175
0
176
0
177
0
178
0
179
2
271
2
272
2
273
2
274
3
275
0
276
0
277
2
278
46
279
0
280
0
281
0
282
0
283
0
284
8
285
0
286
0
288
1
289
0
290
0
340
4C
342
84
371
-2
372
-2
  0
DIMSTYLE
105
89
330
4
100
AcDbSymbolTableRecord
100
AcDbDimStyleTableRecord
  2
EZ_CURVED
 70
0
 40
1.0
 41
0.25
 42
0.125
 43
3.75
 44
0.375
 45
0.0
 46
0.0
 47
0.0
 48
0.0
 49
2.5
140
0.25
141
2.5
142
0.0
143
0.03937007874
144
100.0
145
0.0
146
0.5
147
0.1
148
0.0
 69
0
 70
0
 71
0
 72
0
 73
0
 74
0
 75
0
 76
0
 77
1
 78
12
 79
2
 90
2
170
0
171
3
172
1
173
0
174
0
175
0
176
0
177
0
178
0
179
2
271
2
272
2
273
2
274
3
275
0
276
0
277
2
278
46
279
2
280
0
281
0
282
0
283
0
284
8
285
0
286
0
288
1
289
3
290
0
340
4C
371
-2
372
-2
  0
DIMSTYLE
105
9F
330
4
100
AcDbSymbolTableRecord
100
AcDbDimStyleTableRecord
  2
A2-DIM
 70
0
 40
1.0
 41
1.4
 42
1.0
 43
3.75
 44
1.1
 45
0.0
 46
0.0
 47
0.0
 48
0.0
 49
2.5
140
2.0
141
2.5
142
0.0
143
0.03937007874
144
1.0
145
0.0
146
1.0
147
0.7
148
0.0
 69
0
 70
0
 71
0
 72
0
 73
0
 74
0
 75
0
 76
0
 77
1
 78
8
 79
3
170
0
171
3
172
1
173
0
174
0
175
0
176
7
177
7
178
7
179
2
271
0
272
2
273
2
274
3
275
0
276
0
277
2
278
44
279
0
280
0
281
0
282
0
283
0
284
8
285
0
286
0
288
0
289
3
290
0
340
43
342
74
371
13
372
13
  0
DIMSTYLE
105
A0
330
4
100
AcDbSymbolTableRecord
100
AcDbDimStyleTableRecord
  2
A2-DIM-S
 70
0
 40
1.0
 41
1.1
 42
1.0
 43
3.75
 44
1.1
 45
0.0
 46
0.0
 47
0.0
 48
0.0
 49
2.5
140
1.8
141
2.5
142
0.0
143
0.03937007874
144
1.0
145
0.0
146
1.0
147
0.7
148
0.0
 69
0
 70
0
 71
0
 72
0
 73
0
 74
0
 75
0
 76
0
 77
1
 78
8
 79
3
170
0
171
3
172
1
173
0
174
0
175
0
176
7
177
7
178
7
179
2
271
0
272
2
273
2
274
3
275
0
276
0
277
2
278
44
279
0
280
0
281
0
282
0
283
0
284
8
285
0
286
0
288
0
289
3
290
0
340
43
342
74
371
13
372
13
  0
ENDTAB
  0
TABLE
  2
BLOCK_RECORD
  5
9
330
0
100
AcDbSymbolTable
 70
19
  0
BLOCK_RECORD
  5
17
330
9
100
AcDbSymbolTableRecord
100
AcDbBlockTableRecord
  2
*Model_Space
340
1A
 70
0
280
1
281
0
  0
BLOCK_RECORD
  5
1B
330
9
100
AcDbSymbolTableRecord
100
AcDbBlockTableRecord
  2
*Paper_Space
340
1E
 70
0
280
1
281
0
  0
BLOCK_RECORD
  5
74
330
9
100
AcDbSymbolTableRecord
100
AcDbBlockTableRecord
  2
_ARCHTICK
340
0
 70
0
280
1
281
0
  0
BLOCK_RECORD
  5
78
330
9
100
AcDbSymbolTableRecord
100
AcDbBlockTableRecord
  2
_CLOSEDFILLED
340
0
 70
0
280
1
281
0
  0
BLOCK_RECORD
  5
84
330
9
100
AcDbSymbolTableRecord
100
AcDbBlockTableRecord
  2
_CLOSEDBLANK
340
0
 70
0
280
1
281
0
  0
BLOCK_RECORD
  5
A1
330
9
100
AcDbSymbolTableRecord
100
AcDbBlockTableRecord
  2
A2-SECMARK
340
0
 70
0
280
1
281
0
  0
BLOCK_RECORD
  5
A5
330
9
100
AcDbSymbolTableRecord
100
AcDbBlockTableRecord
  2
A2-LEVEL
340
0
 70
0
280
1
281
0
  0
BLOCK_RECORD
  5
A9
330
9
100
AcDbSymbolTableRecord
100
AcDbBlockTableRecord
  2
A2-NORTH
340
0
 70
0
280
1
281
0
  0
BLOCK_RECORD
  5
2A6
330
9
100
AcDbSymbolTableRecord
100
AcDbBlockTableRecord
  2
*D1
340
0
 70
0
280
1
281
0
  0
BLOCK_RECORD
  5
2B5
330
9
100
AcDbSymbolTableRecord
100
AcDbBlockTableRecord
  2
*D2
340
0
 70
0
280
1
281
0
  0
BLOCK_RECORD
  5
323
330
9
100
AcDbSymbolTableRecord
100
AcDbBlockTableRecord
  2
*D3
340
0
 70
0
280
1
281
0
  0
BLOCK_RECORD
  5
332
330
9
100
AcDbSymbolTableRecord
100
AcDbBlockTableRecord
  2
*D4
340
0
 70
0
280
1
281
0
  0
BLOCK_RECORD
  5
3A6
330
9
100
AcDbSymbolTableRecord
100
AcDbBlockTableRecord
  2
*D5
340
0
 70
0
280
1
281
0
  0
BLOCK_RECORD
  5
3E0
330
9
100
AcDbSymbolTableRecord
100
AcDbBlockTableRecord
  2
*D6
340
0
 70
0
280
1
281
0
  0
BLOCK_RECORD
  5
418
330
9
100
AcDbSymbolTableRecord
100
AcDbBlockTableRecord
  2
*D7
340
0
 70
0
280
1
281
0
  0
BLOCK_RECORD
  5
440
330
9
100
AcDbSymbolTableRecord
100
AcDbBlockTableRecord
  2
*D8
340
0
 70
0
280
1
281
0
  0
BLOCK_RECORD
  5
46E
330
9
100
AcDbSymbolTableRecord
100
AcDbBlockTableRecord
  2
*D9
340
0
 70
0
280
1
281
0
  0
BLOCK_RECORD
  5
498
330
9
100
AcDbSymbolTableRecord
100
AcDbBlockTableRecord
  2
*D10
340
0
 70
0
280
1
281
0
  0
BLOCK_RECORD
  5
4A7
330
9
100
AcDbSymbolTableRecord
100
AcDbBlockTableRecord
  2
*D11
340
0
 70
0
280
1
281
0
  0
ENDTAB
  0
ENDSEC
  0
SECTION
  2
BLOCKS
  0
BLOCK
  5
18
330
17
100
AcDbEntity
  8
0
100
AcDbBlockBegin
  2
*Model_Space
 70
0
 10
0.0
 20
0.0
 30
0.0
  3
*Model_Space
  1

  0
ENDBLK
  5
19
330
17
100
AcDbEntity
  8
0
100
AcDbBlockEnd
  0
BLOCK
  5
1C
330
1B
100
AcDbEntity
  8
0
100
AcDbBlockBegin
  2
*Paper_Space
 70
0
 10
0.0
 20
0.0
 30
0.0
  3
*Paper_Space
  1

  0
ENDBLK
  5
1D
330
1B
100
AcDbEntity
  8
0
100
AcDbBlockEnd
  0
BLOCK
  5
75
330
74
100
AcDbEntity
  8
0
100
AcDbBlockBegin
  2
_ARCHTICK
 70
0
 10
0.0
 20
0.0
 30
0.0
  3
_ARCHTICK
  1

  0
LWPOLYLINE
  5
77
330
74
100
AcDbEntity
  8
0
  6
BYBLOCK
 62
0
100
AcDbPolyline
 90
2
 70
0
 43
0.15
 10
-0.5
 20
-0.5
 10
0.5
 20
0.5
  0
ENDBLK
  5
76
330
74
100
AcDbEntity
  8
0
100
AcDbBlockEnd
  0
BLOCK
  5
79
330
78
100
AcDbEntity
  8
0
100
AcDbBlockBegin
  2
_CLOSEDFILLED
 70
0
 10
0.0
 20
0.0
 30
0.0
  3
_CLOSEDFILLED
  1

  0
SOLID
  5
7B
330
78
100
AcDbEntity
  8
0
  6
BYBLOCK
 62
0
100
AcDbTrace
 10
-1.0
 20
0.16439898372402537
 30
0.0
 11
0.0
 21
0.0
 31
0.0
 12
-1.0
 22
-0.16439898372402537
 32
0.0
 13
-1.0
 23
-0.16439898372402537
 33
0.0
  0
ENDBLK
  5
7A
330
78
100
AcDbEntity
  8
0
100
AcDbBlockEnd
  0
BLOCK
  5
85
330
84
100
AcDbEntity
  8
0
100
AcDbBlockBegin
  2
_CLOSEDBLANK
 70
0
 10
0.0
 20
0.0
 30
0.0
  3
_CLOSEDBLANK
  1

  0
LWPOLYLINE
  5
87
330
84
100
AcDbEntity
  8
0
  6
BYBLOCK
 62
0
100
AcDbPolyline
 90
3
 70
1
 10
-1.0
 20
0.16439898372402537
 10
0.0
 20
0.0
 10
-1.0
 20
-0.16439898372402537
  0
ENDBLK
  5
86
330
84
100
AcDbEntity
  8
0
100
AcDbBlockEnd
  0
BLOCK
  5
A2
330
A1
100
AcDbEntity
  8
0
100
AcDbBlockBegin
  2
A2-SECMARK
 70
0
 10
0.0
 20
0.0
 30
0.0
  3
A2-SECMARK
  1

  0
CIRCLE
  5
A4
330
A1
100
AcDbEntity
  8
S-SECTION
100
AcDbCircle
 10
0.0
 20
0.0
 30
0.0
 40
3.6
  0
ENDBLK
  5
A3
330
A1
100
AcDbEntity
  8
0
100
AcDbBlockEnd
  0
BLOCK
  5
A6
330
A5
100
AcDbEntity
  8
0
100
AcDbBlockBegin
  2
A2-LEVEL
 70
0
 10
0.0
 20
0.0
 30
0.0
  3
A2-LEVEL
  1

  0
LWPOLYLINE
  5
A8
330
A5
100
AcDbEntity
  8
S-LEVEL
100
AcDbPolyline
 90
3
 70
1
 10
0.0
 20
0.0
 10
-1.9
 20
2.8
 10
1.9
 20
2.8
  0
ENDBLK
  5
A7
330
A5
100
AcDbEntity
  8
0
100
AcDbBlockEnd
  0
BLOCK
  5
AA
330
A9
100
AcDbEntity
  8
0
100
AcDbBlockBegin
  2
A2-NORTH
 70
0
 10
0.0
 20
0.0
 30
0.0
  3
A2-NORTH
  1

  0
CIRCLE
  5
AC
330
A9
100
AcDbEntity
  8
S-TITLE
100
AcDbCircle
 10
0.0
 20
0.0
 30
0.0
 40
7.0
  0
LWPOLYLINE
  5
AD
330
A9
100
AcDbEntity
  8
S-TITLE
100
AcDbPolyline
 90
4
 70
1
 10
0.0
 20
6.0
 10
-2.2
 20
-4.2
 10
0.0
 20
-1.8
 10
2.2
 20
-4.2
  0
ENDBLK
  5
AB
330
A9
100
AcDbEntity
  8
0
100
AcDbBlockEnd
  0
BLOCK
  5
2A7
330
2A6
100
AcDbEntity
  8
0
100
AcDbBlockBegin
  2
*D1
 70
1
 10
0.0
 20
0.0
 30
0.0
  3
*D1
  1

  0
LINE
  5
2A9
330
2A6
100
AcDbEntity
  8
0
 62
7
370
13
100
AcDbLine
 10
62.0
 20
265.0
 30
0.0
 11
62.0
 21
258.9
 31
0.0
  0
LINE
  5
2AA
330
2A6
100
AcDbEntity
  8
0
 62
7
370
13
100
AcDbLine
 10
158.0
 20
265.0
 30
0.0
 11
158.0
 21
258.9
 31
0.0
  0
INSERT
  5
2AB
330
2A6
100
AcDbEntity
  8
S-DIM
 62
7
100
AcDbBlockReference
  2
_ARCHTICK
 10
62.0
 20
260.0
 30
0.0
 41
1.4
 42
1.4
 50
180.0
  0
INSERT
  5
2AD
330
2A6
100
AcDbEntity
  8
S-DIM
 62
7
100
AcDbBlockReference
  2
_ARCHTICK
 10
158.0
 20
260.0
 30
0.0
 41
1.4
 42
1.4
  0
LINE
  5
2AF
330
2A6
100
AcDbEntity
  8
0
 62
7
370
13
100
AcDbLine
 10
62.0
 20
260.0
 30
0.0
 11
158.0
 21
260.0
 31
0.0
  0
MTEXT
  5
2B0
330
2A6
100
AcDbEntity
  8
S-DIM
 62
7
100
AcDbMText
 10
110.0
 20
261.7
 30
0.0
 40
2.0
 71
5
  1
4800
  7
OpenSans
  0
POINT
  5
2B1
330
2A6
100
AcDbEntity
  8
Defpoints
100
AcDbPoint
 10
62.0
 20
260.0
 30
0.0
  0
POINT
  5
2B2
330
2A6
100
AcDbEntity
  8
Defpoints
100
AcDbPoint
 10
62.0
 20
266.0
 30
0.0
  0
POINT
  5
2B3
330
2A6
100
AcDbEntity
  8
Defpoints
100
AcDbPoint
 10
158.0
 20
266.0
 30
0.0
  0
ENDBLK
  5
2A8
330
2A6
100
AcDbEntity
  8
0
100
AcDbBlockEnd
  0
BLOCK
  5
2B6
330
2B5
100
AcDbEntity
  8
0
100
AcDbBlockBegin
  2
*D2
 70
1
 10
0.0
 20
0.0
 30
0.0
  3
*D2
  1

  0
LINE
  5
2B8
330
2B5
100
AcDbEntity
  8
0
 62
7
370
13
100
AcDbLine
 10
61.0
 20
266.0
 30
0.0
 11
45.9
 21
266.0
 31
0.0
  0
LINE
  5
2B9
330
2B5
100
AcDbEntity
  8
0
 62
7
370
13
100
AcDbLine
 10
61.0
 20
382.0
 30
0.0
 11
45.9
 21
382.0
 31
0.0
  0
INSERT
  5
2BA
330
2B5
100
AcDbEntity
  8
S-DIM
 62
7
100
AcDbBlockReference
  2
_ARCHTICK
 10
47.0
 20
266.0
 30
0.0
 41
1.4
 42
1.4
 50
270.0
  0
INSERT
  5
2BC
330
2B5
100
AcDbEntity
  8
S-DIM
 62
7
100
AcDbBlockReference
  2
_ARCHTICK
 10
47.0
 20
382.0
 30
0.0
 41
1.4
 42
1.4
 50
90.0
  0
LINE
  5
2BE
330
2B5
100
AcDbEntity
  8
0
 62
7
370
13
100
AcDbLine
 10
47.0
 20
266.0
 30
0.0
 11
47.0
 21
382.0
 31
0.0
  0
MTEXT
  5
2BF
330
2B5
100
AcDbEntity
  8
S-DIM
 62
7
100
AcDbMText
 10
45.3
 20
324.0
 30
0.0
 40
2.0
 71
5
  1
5800
  7
OpenSans
 50
90.0
  0
POINT
  5
2C0
330
2B5
100
AcDbEntity
  8
Defpoints
100
AcDbPoint
 10
47.0
 20
266.0
 30
0.0
  0
POINT
  5
2C1
330
2B5
100
AcDbEntity
  8
Defpoints
100
AcDbPoint
 10
62.0
 20
266.0
 30
0.0
  0
POINT
  5
2C2
330
2B5
100
AcDbEntity
  8
Defpoints
100
AcDbPoint
 10
62.0
 20
382.0
 30
0.0
  0
ENDBLK
  5
2B7
330
2B5
100
AcDbEntity
  8
0
100
AcDbBlockEnd
  0
BLOCK
  5
324
330
323
100
AcDbEntity
  8
0
100
AcDbBlockBegin
  2
*D3
 70
1
 10
0.0
 20
0.0
 30
0.0
  3
*D3
  1

  0
LINE
  5
326
330
323
100
AcDbEntity
  8
0
 62
7
370
13
100
AcDbLine
 10
78.0
 20
169.0
 30
0.0
 11
78.0
 21
144.9
 31
0.0
  0
LINE
  5
327
330
323
100
AcDbEntity
  8
0
 62
7
370
13
100
AcDbLine
 10
174.0
 20
169.0
 30
0.0
 11
174.0
 21
144.9
 31
0.0
  0
INSERT
  5
328
330
323
100
AcDbEntity
  8
S-DIM
 62
7
100
AcDbBlockReference
  2
_ARCHTICK
 10
78.0
 20
146.0
 30
0.0
 41
1.4
 42
1.4
 50
180.0
  0
INSERT
  5
32A
330
323
100
AcDbEntity
  8
S-DIM
 62
7
100
AcDbBlockReference
  2
_ARCHTICK
 10
174.0
 20
146.0
 30
0.0
 41
1.4
 42
1.4
  0
LINE
  5
32C
330
323
100
AcDbEntity
  8
0
 62
7
370
13
100
AcDbLine
 10
78.0
 20
146.0
 30
0.0
 11
174.0
 21
146.0
 31
0.0
  0
MTEXT
  5
32D
330
323
100
AcDbEntity
  8
S-DIM
 62
7
100
AcDbMText
 10
126.0
 20
147.7
 30
0.0
 40
2.0
 71
5
  1
4800
  7
OpenSans
  0
POINT
  5
32E
330
323
100
AcDbEntity
  8
Defpoints
100
AcDbPoint
 10
78.0
 20
146.0
 30
0.0
  0
POINT
  5
32F
330
323
100
AcDbEntity
  8
Defpoints
100
AcDbPoint
 10
78.0
 20
170.0
 30
0.0
  0
POINT
  5
330
330
323
100
AcDbEntity
  8
Defpoints
100
AcDbPoint
 10
174.0
 20
170.0
 30
0.0
  0
ENDBLK
  5
325
330
323
100
AcDbEntity
  8
0
100
AcDbBlockEnd
  0
BLOCK
  5
333
330
332
100
AcDbEntity
  8
0
100
AcDbBlockBegin
  2
*D4
 70
1
 10
0.0
 20
0.0
 30
0.0
  3
*D4
  1

  0
LINE
  5
335
330
332
100
AcDbEntity
  8
0
 62
7
370
13
100
AcDbLine
 10
77.0
 20
170.0
 30
0.0
 11
58.9
 21
170.0
 31
0.0
  0
LINE
  5
336
330
332
100
AcDbEntity
  8
0
 62
7
370
13
100
AcDbLine
 10
77.0
 20
218.0
 30
0.0
 11
58.9
 21
218.0
 31
0.0
  0
INSERT
  5
337
330
332
100
AcDbEntity
  8
S-DIM
 62
7
100
AcDbBlockReference
  2
_ARCHTICK
 10
60.0
 20
170.0
 30
0.0
 41
1.1
 42
1.1
 50
270.0
  0
INSERT
  5
339
330
332
100
AcDbEntity
  8
S-DIM
 62
7
100
AcDbBlockReference
  2
_ARCHTICK
 10
60.0
 20
218.0
 30
0.0
 41
1.1
 42
1.1
 50
90.0
  0
LINE
  5
33B
330
332
100
AcDbEntity
  8
0
 62
7
370
13
100
AcDbLine
 10
60.0
 20
170.0
 30
0.0
 11
60.0
 21
218.0
 31
0.0
  0
MTEXT
  5
33C
330
332
100
AcDbEntity
  8
S-DIM
 62
7
100
AcDbMText
 10
58.4
 20
194.0
 30
0.0
 40
1.8
 71
5
  1
2400
  7
OpenSans
 50
90.0
  0
POINT
  5
33D
330
332
100
AcDbEntity
  8
Defpoints
100
AcDbPoint
 10
60.0
 20
170.0
 30
0.0
  0
POINT
  5
33E
330
332
100
AcDbEntity
  8
Defpoints
100
AcDbPoint
 10
78.0
 20
170.0
 30
0.0
  0
POINT
  5
33F
330
332
100
AcDbEntity
  8
Defpoints
100
AcDbPoint
 10
78.0
 20
218.0
 30
0.0
  0
ENDBLK
  5
334
330
332
100
AcDbEntity
  8
0
100
AcDbBlockEnd
  0
BLOCK
  5
3A7
330
3A6
100
AcDbEntity
  8
0
100
AcDbBlockBegin
  2
*D5
 70
1
 10
0.0
 20
0.0
 30
0.0
  3
*D5
  1

  0
LINE
  5
3A9
330
3A6
100
AcDbEntity
  8
0
 62
7
370
13
100
AcDbLine
 10
193.0
 20
265.0
 30
0.0
 11
193.0
 21
258.9
 31
0.0
  0
LINE
  5
3AA
330
3A6
100
AcDbEntity
  8
0
 62
7
370
13
100
AcDbLine
 10
211.0
 20
265.0
 30
0.0
 11
211.0
 21
258.9
 31
0.0
  0
INSERT
  5
3AB
330
3A6
100
AcDbEntity
  8
S-DIM
 62
7
100
AcDbBlockReference
  2
_ARCHTICK
 10
193.0
 20
260.0
 30
0.0
 41
1.1
 42
1.1
 50
180.0
  0
INSERT
  5
3AD
330
3A6
100
AcDbEntity
  8
S-DIM
 62
7
100
AcDbBlockReference
  2
_ARCHTICK
 10
211.0
 20
260.0
 30
0.0
 41
1.1
 42
1.1
  0
LINE
  5
3AF
330
3A6
100
AcDbEntity
  8
0
 62
7
370
13
100
AcDbLine
 10
193.0
 20
260.0
 30
0.0
 11
211.0
 21
260.0
 31
0.0
  0
MTEXT
  5
3B0
330
3A6
100
AcDbEntity
  8
S-DIM
 62
7
100
AcDbMText
 10
202.0
 20
261.6
 30
0.0
 40
1.8
 71
5
  1
900
  7
OpenSans
  0
POINT
  5
3B1
330
3A6
100
AcDbEntity
  8
Defpoints
100
AcDbPoint
 10
193.0
 20
260.0
 30
0.0
  0
POINT
  5
3B2
330
3A6
100
AcDbEntity
  8
Defpoints
100
AcDbPoint
 10
193.0
 20
266.0
 30
0.0
  0
POINT
  5
3B3
330
3A6
100
AcDbEntity
  8
Defpoints
100
AcDbPoint
 10
211.0
 20
266.0
 30
0.0
  0
ENDBLK
  5
3A8
330
3A6
100
AcDbEntity
  8
0
100
AcDbBlockEnd
  0
BLOCK
  5
3E1
330
3E0
100
AcDbEntity
  8
0
100
AcDbBlockBegin
  2
*D6
 70
1
 10
0.0
 20
0.0
 30
0.0
  3
*D6
  1

  0
LINE
  5
3E3
330
3E0
100
AcDbEntity
  8
0
 62
7
370
13
100
AcDbLine
 10
107.0
 20
66.0
 30
0.0
 11
111.6
 21
66.0
 31
0.0
  0
LINE
  5
3E4
330
3E0
100
AcDbEntity
  8
0
 62
7
370
13
100
AcDbLine
 10
107.0
 20
91.0
 30
0.0
 11
111.6
 21
91.0
 31
0.0
  0
INSERT
  5
3E5
330
3E0
100
AcDbEntity
  8
S-DIM
 62
7
100
AcDbBlockReference
  2
_ARCHTICK
 10
110.5
 20
66.0
 30
0.0
 41
1.1
 42
1.1
 50
270.0
  0
INSERT
  5
3E7
330
3E0
100
AcDbEntity
  8
S-DIM
 62
7
100
AcDbBlockReference
  2
_ARCHTICK
 10
110.5
 20
91.0
 30
0.0
 41
1.1
 42
1.1
 50
90.0
  0
LINE
  5
3E9
330
3E0
100
AcDbEntity
  8
0
 62
7
370
13
100
AcDbLine
 10
110.5
 20
66.0
 30
0.0
 11
110.5
 21
91.0
 31
0.0
  0
MTEXT
  5
3EA
330
3E0
100
AcDbEntity
  8
S-DIM
 62
7
100
AcDbMText
 10
108.9
 20
78.5
 30
0.0
 40
1.8
 71
5
  1
500
  7
OpenSans
 50
90.0
  0
POINT
  5
3EB
330
3E0
100
AcDbEntity
  8
Defpoints
100
AcDbPoint
 10
110.5
 20
66.0
 30
0.0
  0
POINT
  5
3EC
330
3E0
100
AcDbEntity
  8
Defpoints
100
AcDbPoint
 10
106.0
 20
66.0
 30
0.0
  0
POINT
  5
3ED
330
3E0
100
AcDbEntity
  8
Defpoints
100
AcDbPoint
 10
106.0
 20
91.0
 30
0.0
  0
ENDBLK
  5
3E2
330
3E0
100
AcDbEntity
  8
0
100
AcDbBlockEnd
  0
BLOCK
  5
419
330
418
100
AcDbEntity
  8
0
100
AcDbBlockBegin
  2
*D7
 70
1
 10
0.0
 20
0.0
 30
0.0
  3
*D7
  1

  0
LINE
  5
41B
330
418
100
AcDbEntity
  8
0
 62
7
370
13
100
AcDbLine
 10
175.0
 20
66.0
 30
0.0
 11
179.6
 21
66.0
 31
0.0
  0
LINE
  5
41C
330
418
100
AcDbEntity
  8
0
 62
7
370
13
100
AcDbLine
 10
175.0
 20
86.0
 30
0.0
 11
179.6
 21
86.0
 31
0.0
  0
INSERT
  5
41D
330
418
100
AcDbEntity
  8
S-DIM
 62
7
100
AcDbBlockReference
  2
_ARCHTICK
 10
178.5
 20
66.0
 30
0.0
 41
1.1
 42
1.1
 50
270.0
  0
INSERT
  5
41F
330
418
100
AcDbEntity
  8
S-DIM
 62
7
100
AcDbBlockReference
  2
_ARCHTICK
 10
178.5
 20
86.0
 30
0.0
 41
1.1
 42
1.1
 50
90.0
  0
LINE
  5
421
330
418
100
AcDbEntity
  8
0
 62
7
370
13
100
AcDbLine
 10
178.5
 20
66.0
 30
0.0
 11
178.5
 21
86.0
 31
0.0
  0
MTEXT
  5
422
330
418
100
AcDbEntity
  8
S-DIM
 62
7
100
AcDbMText
 10
176.9
 20
76.0
 30
0.0
 40
1.8
 71
5
  1
400
  7
OpenSans
 50
90.0
  0
POINT
  5
423
330
418
100
AcDbEntity
  8
Defpoints
100
AcDbPoint
 10
178.5
 20
66.0
 30
0.0
  0
POINT
  5
424
330
418
100
AcDbEntity
  8
Defpoints
100
AcDbPoint
 10
174.0
 20
66.0
 30
0.0
  0
POINT
  5
425
330
418
100
AcDbEntity
  8
Defpoints
100
AcDbPoint
 10
174.0
 20
86.0
 30
0.0
  0
ENDBLK
  5
41A
330
418
100
AcDbEntity
  8
0
100
AcDbBlockEnd
  0
BLOCK
  5
441
330
440
100
AcDbEntity
  8
0
100
AcDbBlockBegin
  2
*D8
 70
1
 10
0.0
 20
0.0
 30
0.0
  3
*D8
  1

  0
LINE
  5
443
330
440
100
AcDbEntity
  8
0
 62
7
370
13
100
AcDbLine
 10
182.0
 20
65.0
 30
0.0
 11
182.0
 21
60.4
 31
0.0
  0
LINE
  5
444
330
440
100
AcDbEntity
  8
0
 62
7
370
13
100
AcDbLine
 10
202.0
 20
65.0
 30
0.0
 11
202.0
 21
60.4
 31
0.0
  0
INSERT
  5
445
330
440
100
AcDbEntity
  8
S-DIM
 62
7
100
AcDbBlockReference
  2
_ARCHTICK
 10
182.0
 20
61.5
 30
0.0
 41
1.1
 42
1.1
 50
180.0
  0
INSERT
  5
447
330
440
100
AcDbEntity
  8
S-DIM
 62
7
100
AcDbBlockReference
  2
_ARCHTICK
 10
202.0
 20
61.5
 30
0.0
 41
1.1
 42
1.1
  0
LINE
  5
449
330
440
100
AcDbEntity
  8
0
 62
7
370
13
100
AcDbLine
 10
182.0
 20
61.5
 30
0.0
 11
202.0
 21
61.5
 31
0.0
  0
MTEXT
  5
44A
330
440
100
AcDbEntity
  8
S-DIM
 62
7
100
AcDbMText
 10
192.0
 20
63.1
 30
0.0
 40
1.8
 71
5
  1
400
  7
OpenSans
  0
POINT
  5
44B
330
440
100
AcDbEntity
  8
Defpoints
100
AcDbPoint
 10
182.0
 20
61.5
 30
0.0
  0
POINT
  5
44C
330
440
100
AcDbEntity
  8
Defpoints
100
AcDbPoint
 10
182.0
 20
66.0
 30
0.0
  0
POINT
  5
44D
330
440
100
AcDbEntity
  8
Defpoints
100
AcDbPoint
 10
202.0
 20
66.0
 30
0.0
  0
ENDBLK
  5
442
330
440
100
AcDbEntity
  8
0
100
AcDbBlockEnd
  0
BLOCK
  5
46F
330
46E
100
AcDbEntity
  8
0
100
AcDbBlockBegin
  2
*D9
 70
1
 10
0.0
 20
0.0
 30
0.0
  3
*D9
  1

  0
LINE
  5
471
330
46E
100
AcDbEntity
  8
0
 62
7
370
13
100
AcDbLine
 10
271.0
 20
66.0
 30
0.0
 11
275.6
 21
66.0
 31
0.0
  0
LINE
  5
472
330
46E
100
AcDbEntity
  8
0
 62
7
370
13
100
AcDbLine
 10
271.0
 20
86.0
 30
0.0
 11
275.6
 21
86.0
 31
0.0
  0
INSERT
  5
473
330
46E
100
AcDbEntity
  8
S-DIM
 62
7
100
AcDbBlockReference
  2
_ARCHTICK
 10
274.5
 20
66.0
 30
0.0
 41
1.1
 42
1.1
 50
270.0
  0
INSERT
  5
475
330
46E
100
AcDbEntity
  8
S-DIM
 62
7
100
AcDbBlockReference
  2
_ARCHTICK
 10
274.5
 20
86.0
 30
0.0
 41
1.1
 42
1.1
 50
90.0
  0
LINE
  5
477
330
46E
100
AcDbEntity
  8
0
 62
7
370
13
100
AcDbLine
 10
274.5
 20
66.0
 30
0.0
 11
274.5
 21
86.0
 31
0.0
  0
MTEXT
  5
478
330
46E
100
AcDbEntity
  8
S-DIM
 62
7
100
AcDbMText
 10
272.9
 20
76.0
 30
0.0
 40
1.8
 71
5
  1
400
  7
OpenSans
 50
90.0
  0
POINT
  5
479
330
46E
100
AcDbEntity
  8
Defpoints
100
AcDbPoint
 10
274.5
 20
66.0
 30
0.0
  0
POINT
  5
47A
330
46E
100
AcDbEntity
  8
Defpoints
100
AcDbPoint
 10
270.0
 20
66.0
 30
0.0
  0
POINT
  5
47B
330
46E
100
AcDbEntity
  8
Defpoints
100
AcDbPoint
 10
270.0
 20
86.0
 30
0.0
  0
ENDBLK
  5
470
330
46E
100
AcDbEntity
  8
0
100
AcDbBlockEnd
  0
BLOCK
  5
499
330
498
100
AcDbEntity
  8
0
100
AcDbBlockBegin
  2
*D10
 70
1
 10
0.0
 20
0.0
 30
0.0
  3
*D10
  1

  0
LINE
  5
49B
330
498
100
AcDbEntity
  8
0
 62
7
370
13
100
AcDbLine
 10
230.0
 20
204.0
 30
0.0
 11
230.0
 21
211.1
 31
0.0
  0
LINE
  5
49C
330
498
100
AcDbEntity
  8
0
 62
7
370
13
100
AcDbLine
 10
245.0
 20
204.0
 30
0.0
 11
245.0
 21
211.1
 31
0.0
  0
INSERT
  5
49D
330
498
100
AcDbEntity
  8
S-DIM
 62
7
100
AcDbBlockReference
  2
_ARCHTICK
 10
230.0
 20
210.0
 30
0.0
 41
1.1
 42
1.1
 50
180.0
  0
INSERT
  5
49F
330
498
100
AcDbEntity
  8
S-DIM
 62
7
100
AcDbBlockReference
  2
_ARCHTICK
 10
245.0
 20
210.0
 30
0.0
 41
1.1
 42
1.1
  0
LINE
  5
4A1
330
498
100
AcDbEntity
  8
0
 62
7
370
13
100
AcDbLine
 10
230.0
 20
210.0
 30
0.0
 11
245.0
 21
210.0
 31
0.0
  0
MTEXT
  5
4A2
330
498
100
AcDbEntity
  8
S-DIM
 62
7
100
AcDbMText
 10
237.5
 20
211.6
 30
0.0
 40
1.8
 71
5
  1
300
  7
OpenSans
  0
POINT
  5
4A3
330
498
100
AcDbEntity
  8
Defpoints
100
AcDbPoint
 10
230.0
 20
210.0
 30
0.0
  0
POINT
  5
4A4
330
498
100
AcDbEntity
  8
Defpoints
100
AcDbPoint
 10
230.0
 20
203.0
 30
0.0
  0
POINT
  5
4A5
330
498
100
AcDbEntity
  8
Defpoints
100
AcDbPoint
 10
245.0
 20
203.0
 30
0.0
  0
ENDBLK
  5
49A
330
498
100
AcDbEntity
  8
0
100
AcDbBlockEnd
  0
BLOCK
  5
4A8
330
4A7
100
AcDbEntity
  8
0
100
AcDbBlockBegin
  2
*D11
 70
1
 10
0.0
 20
0.0
 30
0.0
  3
*D11
  1

  0
LINE
  5
4AA
330
4A7
100
AcDbEntity
  8
0
 62
7
370
13
100
AcDbLine
 10
231.0
 20
188.0
 30
0.0
 11
253.1
 21
188.0
 31
0.0
  0
LINE
  5
4AB
330
4A7
100
AcDbEntity
  8
0
 62
7
370
13
100
AcDbLine
 10
231.0
 20
203.0
 30
0.0
 11
253.1
 21
203.0
 31
0.0
  0
INSERT
  5
4AC
330
4A7
100
AcDbEntity
  8
S-DIM
 62
7
100
AcDbBlockReference
  2
_ARCHTICK
 10
252.0
 20
188.0
 30
0.0
 41
1.1
 42
1.1
 50
270.0
  0
INSERT
  5
4AE
330
4A7
100
AcDbEntity
  8
S-DIM
 62
7
100
AcDbBlockReference
  2
_ARCHTICK
 10
252.0
 20
203.0
 30
0.0
 41
1.1
 42
1.1
 50
90.0
  0
LINE
  5
4B0
330
4A7
100
AcDbEntity
  8
0
 62
7
370
13
100
AcDbLine
 10
252.0
 20
188.0
 30
0.0
 11
252.0
 21
203.0
 31
0.0
  0
MTEXT
  5
4B1
330
4A7
100
AcDbEntity
  8
S-DIM
 62
7
100
AcDbMText
 10
250.4
 20
195.5
 30
0.0
 40
1.8
 71
5
  1
300
  7
OpenSans
 50
90.0
  0
POINT
  5
4B2
330
4A7
100
AcDbEntity
  8
Defpoints
100
AcDbPoint
 10
252.0
 20
188.0
 30
0.0
  0
POINT
  5
4B3
330
4A7
100
AcDbEntity
  8
Defpoints
100
AcDbPoint
 10
230.0
 20
188.0
 30
0.0
  0
POINT
  5
4B4
330
4A7
100
AcDbEntity
  8
Defpoints
100
AcDbPoint
 10
230.0
 20
203.0
 30
0.0
  0
ENDBLK
  5
4A9
330
4A7
100
AcDbEntity
  8
0
100
AcDbBlockEnd
  0
ENDSEC
  0
SECTION
  2
ENTITIES
  0
LWPOLYLINE
  5
AE
330
17
100
AcDbEntity
  8
S-TITLE
100
AcDbPolyline
 90
4
 70
1
 10
27.0
 20
19.1
 10
567.0
 20
19.1
 10
567.0
 20
400.9
 10
27.0
 20
400.9
  0
LWPOLYLINE
  5
AF
330
17
100
AcDbEntity
  8
S-TITLE
100
AcDbPolyline
 90
4
 70
1
 10
38.8
 20
30.9
 10
555.2
 20
30.9
 10
555.2
 20
389.1
 10
38.8
 20
389.1
  0
LINE
  5
B0
330
17
100
AcDbEntity
  8
S-TITLE
100
AcDbLine
 10
464.3
 20
30.9
 30
0.0
 11
464.3
 21
389.1
 31
0.0
  0
LWPOLYLINE
  5
B1
330
17
100
AcDbEntity
  8
S-TITLE
100
AcDbPolyline
 90
4
 70
1
 10
467.0
 20
314.5
 10
552.4
 20
314.5
 10
552.4
 20
386.4
 10
467.0
 20
386.4
  0
LINE
  5
B2
330
17
100
AcDbEntity
  8
S-TITLE
100
AcDbLine
 10
467.0
 20
332.7
 30
0.0
 11
552.4
 21
332.7
 31
0.0
  0
TEXT
  5
B3
330
17
100
AcDbEntity
  8
S-TITLE
100
AcDbText
 10
509.7
 20
366.15
 30
0.0
 40
2.9
  1
UNDERGROUND CBRN-HARDENED
  7
OpenSans
 72
1
 11
509.7
 21
366.15
 31
0.0
100
AcDbText
 73
2
  0
TEXT
  5
B4
330
17
100
AcDbEntity
  8
S-TITLE
100
AcDbText
 10
509.7
 20
361.75
 30
0.0
 40
2.9
  1
BLAST-RESISTANT PROTECTIVE
  7
OpenSans
 72
1
 11
509.7
 21
361.75
 31
0.0
100
AcDbText
 73
2
  0
TEXT
  5
B5
330
17
100
AcDbEntity
  8
S-TITLE
100
AcDbText
 10
509.7
 20
357.35
 30
0.0
 40
2.9
  1
STRUCTURE + SENTRY POST
  7
OpenSans
 72
1
 11
509.7
 21
357.35
 31
0.0
100
AcDbText
 73
2
  0
TEXT
  5
B6
330
17
100
AcDbEntity
  8
S-TITLE
100
AcDbText
 10
509.7
 20
352.95000000000005
 30
0.0
 40
2.9
  1
PUNE, MAHARASHTRA
  7
OpenSans
 72
1
 11
509.7
 21
352.95000000000005
 31
0.0
100
AcDbText
 73
2
  0
TEXT
  5
B7
330
17
100
AcDbEntity
  8
S-TITLE
100
AcDbText
 10
509.7
 20
323.6
 30
0.0
 40
3.3349999999999995
  1
NOTES
  7
OpenSans
 72
1
 11
509.7
 21
323.6
 31
0.0
100
AcDbText
 73
2
  0
LWPOLYLINE
  5
B8
330
17
100
AcDbEntity
  8
S-TITLE
100
AcDbPolyline
 90
4
 70
1
 10
467.0
 20
193.4
 10
552.4
 20
193.4
 10
552.4
 20
311.8
 10
467.0
 20
311.8
  0
TEXT
  5
B9
330
17
100
AcDbEntity
  8
S-NOTE
100
AcDbText
 10
475.0
 20
305.8
 30
0.0
 40
2.15
  1
1.
  7
OpenSans
 11
475.0
 21
305.8
 31
0.0
100
AcDbText
  0
TEXT
  5
BA
330
17
100
AcDbEntity
  8
S-NOTE
100
AcDbText
 10
486.0
 20
305.8
 30
0.0
 40
2.15
  1
ALL DIMENSIONS ARE IN MM. ALL LEVELS
  7
OpenSans
 11
486.0
 21
305.8
 31
0.0
100
AcDbText
  0
TEXT
  5
BB
330
17
100
AcDbEntity
  8
S-NOTE
100
AcDbText
 10
486.0
 20
302.7255
 30
0.0
 40
2.15
  1
ARE IN METRES RELATIVE TO FINISHED
  7
OpenSans
 11
486.0
 21
302.7255
 31
0.0
100
AcDbText
  0
TEXT
  5
BC
330
17
100
AcDbEntity
  8
S-NOTE
100
AcDbText
 10
486.0
 20
299.651
 30
0.0
 40
2.15
  1
SITE GRADE 0.000, NEGATIVE
  7
OpenSans
 11
486.0
 21
299.651
 31
0.0
100
AcDbText
  0
TEXT
  5
BD
330
17
100
AcDbEntity
  8
S-NOTE
100
AcDbText
 10
486.0
 20
296.5765
 30
0.0
 40
2.15
  1
DOWNWARDS.
  7
OpenSans
 11
486.0
 21
296.5765
 31
0.0
100
AcDbText
  0
TEXT
  5
BE
330
17
100
AcDbEntity
  8
S-NOTE
100
AcDbText
 10
475.0
 20
293.502
 30
0.0
 40
2.15
  1
2.
  7
OpenSans
 11
475.0
 21
293.502
 31
0.0
100
AcDbText
  0
TEXT
  5
BF
330
17
100
AcDbEntity
  8
S-NOTE
100
AcDbText
 10
486.0
 20
293.502
 30
0.0
 40
2.15
  1
WRITTEN DIM TO BE FOLLOWED ONLY.
  7
OpenSans
 11
486.0
 21
293.502
 31
0.0
100
AcDbText
  0
TEXT
  5
C0
330
17
100
AcDbEntity
  8
S-NOTE
100
AcDbText
 10
486.0
 20
290.4275
 30
0.0
 40
2.15
  1
DRG NOT TO BE SCALED.
  7
OpenSans
 11
486.0
 21
290.4275
 31
0.0
100
AcDbText
  0
TEXT
  5
C1
330
17
100
AcDbEntity
  8
S-NOTE
100
AcDbText
 10
475.0
 20
287.353
 30
0.0
 40
2.15
  1
3.
  7
OpenSans
 11
475.0
 21
287.353
 31
0.0
100
AcDbText
  0
TEXT
  5
C2
330
17
100
AcDbEntity
  8
S-NOTE
100
AcDbText
 10
486.0
 20
287.353
 30
0.0
 40
2.15
  1
THIS DRG IS TO BE READ IN CONJUNCTION
  7
OpenSans
 11
486.0
 21
287.353
 31
0.0
100
AcDbText
  0
TEXT
  5
C3
330
17
100
AcDbEntity
  8
S-NOTE
100
AcDbText
 10
486.0
 20
284.2785
 30
0.0
 40
2.15
  1
WITH ALL RELEVANT ARCH AND STR
  7
OpenSans
 11
486.0
 21
284.2785
 31
0.0
100
AcDbText
  0
TEXT
  5
C4
330
17
100
AcDbEntity
  8
S-NOTE
100
AcDbText
 10
486.0
 20
281.204
 30
0.0
 40
2.15
  1
DRGS.
  7
OpenSans
 11
486.0
 21
281.204
 31
0.0
100
AcDbText
  0
TEXT
  5
C5
330
17
100
AcDbEntity
  8
S-NOTE
100
AcDbText
 10
475.0
 20
278.1295
 30
0.0
 40
2.15
  1
4.
  7
OpenSans
 11
475.0
 21
278.1295
 31
0.0
100
AcDbText
  0
TEXT
  5
C6
330
17
100
AcDbEntity
  8
S-NOTE
100
AcDbText
 10
486.0
 20
278.1295
 30
0.0
 40
2.15
  1
CONCRETE M35, w/c NOT MORE THAN
  7
OpenSans
 11
486.0
 21
278.1295
 31
0.0
100
AcDbText
  0
TEXT
  5
C7
330
17
100
AcDbEntity
  8
S-NOTE
100
AcDbText
 10
486.0
 20
275.055
 30
0.0
 40
2.15
  1
0.45. REINFORCEMENT Fe500D TO IS
  7
OpenSans
 11
486.0
 21
275.055
 31
0.0
100
AcDbText
  0
TEXT
  5
C8
330
17
100
AcDbEntity
  8
S-NOTE
100
AcDbText
 10
486.0
 20
271.9805
 30
0.0
 40
2.15
  1
1786:2008. Ld 40 PHI, LAPS 50 PHI, ALL
  7
OpenSans
 11
486.0
 21
271.9805
 31
0.0
100
AcDbText
  0
TEXT
  5
C9
330
17
100
AcDbEntity
  8
S-NOTE
100
AcDbText
 10
486.0
 20
268.906
 30
0.0
 40
2.15
  1
STAGGERED SO THAT NOT MORE THAN 50
  7
OpenSans
 11
486.0
 21
268.906
 31
0.0
100
AcDbText
  0
TEXT
  5
CA
330
17
100
AcDbEntity
  8
S-NOTE
100
AcDbText
 10
486.0
 20
265.8315
 30
0.0
 40
2.15
  1
% ARE SPLICED AT ONE SECTION.
  7
OpenSans
 11
486.0
 21
265.8315
 31
0.0
100
AcDbText
  0
TEXT
  5
CB
330
17
100
AcDbEntity
  8
S-NOTE
100
AcDbText
 10
475.0
 20
262.757
 30
0.0
 40
2.15
  1
5.
  7
OpenSans
 11
475.0
 21
262.757
 31
0.0
100
AcDbText
  0
TEXT
  5
CC
330
17
100
AcDbEntity
  8
S-NOTE
100
AcDbText
 10
486.0
 20
262.757
 30
0.0
 40
2.15
  1
MAX BAR SPACING 150 IN BOTH
  7
OpenSans
 11
486.0
 21
262.757
 31
0.0
100
AcDbText
  0
TEXT
  5
CD
330
17
100
AcDbEntity
  8
S-NOTE
100
AcDbText
 10
486.0
 20
259.6825
 30
0.0
 40
2.15
  1
CURTAINS - THIS IS AN EMP REQUIREMENT
  7
OpenSans
 11
486.0
 21
259.6825
 31
0.0
100
AcDbText
  0
TEXT
  5
CE
330
17
100
AcDbEntity
  8
S-NOTE
100
AcDbText
 10
486.0
 20
256.608
 30
0.0
 40
2.15
  1
AND IS STRICTER THAN IS 456 Cl. 26.3.3.
  7
OpenSans
 11
486.0
 21
256.608
 31
0.0
100
AcDbText
  0
TEXT
  5
CF
330
17
100
AcDbEntity
  8
S-NOTE
100
AcDbText
 10
475.0
 20
253.5335
 30
0.0
 40
2.15
  1
6.
  7
OpenSans
 11
475.0
 21
253.5335
 31
0.0
100
AcDbText
  0
TEXT
  5
D0
330
17
100
AcDbEntity
  8
S-NOTE
100
AcDbText
 10
486.0
 20
253.5335
 30
0.0
 40
2.15
  1
THE HEADHOUSE ROOF IS FLUSH WITH
  7
OpenSans
 11
486.0
 21
253.5335
 31
0.0
100
AcDbText
  0
TEXT
  5
D1
330
17
100
AcDbEntity
  8
S-NOTE
100
AcDbText
 10
486.0
 20
250.459
 30
0.0
 40
2.15
  1
THE BERM CREST AT (+)0.900 AND
  7
OpenSans
 11
486.0
 21
250.459
 31
0.0
100
AcDbText
  0
TEXT
  5
D2
330
17
100
AcDbEntity
  8
S-NOTE
100
AcDbText
 10
486.0
 20
247.3845
 30
0.0
 40
2.15
  1
CARRIES NO EARTH COVER. IT IS LOADED
  7
OpenSans
 11
486.0
 21
247.3845
 31
0.0
100
AcDbText
  0
TEXT
  5
D3
330
17
100
AcDbEntity
  8
S-NOTE
100
AcDbText
 10
486.0
 20
244.31
 30
0.0
 40
2.15
  1
AT 396.5 kPa = 383 BLAST + 12.5 SELF +
  7
OpenSans
 11
486.0
 21
244.31
 31
0.0
100
AcDbText
  0
TEXT
  5
D4
330
17
100
AcDbEntity
  8
S-NOTE
100
AcDbText
 10
486.0
 20
241.2355
 30
0.0
 40
2.15
  1
1.0 SIDL.
  7
OpenSans
 11
486.0
 21
241.2355
 31
0.0
100
AcDbText
  0
TEXT
  5
D5
330
17
100
AcDbEntity
  8
S-NOTE
100
AcDbText
 10
475.0
 20
238.161
 30
0.0
 40
2.15
  1
7.
  7
OpenSans
 11
475.0
 21
238.161
 31
0.0
100
AcDbText
  0
TEXT
  5
D6
330
17
100
AcDbEntity
  8
S-NOTE
100
AcDbText
 10
486.0
 20
238.161
 30
0.0
 40
2.15
  1
THE FOUR WALLS ARE REINFORCED
  7
OpenSans
 11
486.0
 21
238.161
 31
0.0
100
AcDbText
  0
TEXT
  5
D7
330
17
100
AcDbEntity
  8
S-NOTE
100
AcDbText
 10
486.0
 20
235.0865
 30
0.0
 40
2.15
  1
SYMMETRICALLY FOR 383 kPa ACTING ON
  7
OpenSans
 11
486.0
 21
235.0865
 31
0.0
100
AcDbText
  0
TEXT
  5
D8
330
17
100
AcDbEntity
  8
S-NOTE
100
AcDbText
 10
486.0
 20
232.012
 30
0.0
 40
2.15
  1
EITHER FACE - SEE THE CONSTRUCTION
  7
OpenSans
 11
486.0
 21
232.012
 31
0.0
100
AcDbText
  0
TEXT
  5
D9
330
17
100
AcDbEntity
  8
S-NOTE
100
AcDbText
 10
486.0
 20
228.9375
 30
0.0
 40
2.15
  1
REQUIREMENTS PANEL. THIS IS A STATED
  7
OpenSans
 11
486.0
 21
228.9375
 31
0.0
100
AcDbText
  0
TEXT
  5
DA
330
17
100
AcDbEntity
  8
S-NOTE
100
AcDbText
 10
486.0
 20
225.863
 30
0.0
 40
2.15
  1
REQUIREMENT, NOT AN ACCIDENT OF
  7
OpenSans
 11
486.0
 21
225.863
 31
0.0
100
AcDbText
  0
TEXT
  5
DB
330
17
100
AcDbEntity
  8
S-NOTE
100
AcDbText
 10
486.0
 20
222.7885
 30
0.0
 40
2.15
  1
DETAILING.
  7
OpenSans
 11
486.0
 21
222.7885
 31
0.0
100
AcDbText
  0
TEXT
  5
DC
330
17
100
AcDbEntity
  8
S-NOTE
100
AcDbText
 10
475.0
 20
219.714
 30
0.0
 40
2.15
  1
8.
  7
OpenSans
 11
475.0
 21
219.714
 31
0.0
100
AcDbText
  0
TEXT
  5
DD
330
17
100
AcDbEntity
  8
S-NOTE
100
AcDbText
 10
486.0
 20
219.714
 30
0.0
 40
2.15
  1
THE HEADHOUSE FLOOR IS THE TOP OF
  7
OpenSans
 11
486.0
 21
219.714
 31
0.0
100
AcDbText
  0
TEXT
  5
DE
330
17
100
AcDbEntity
  8
S-NOTE
100
AcDbText
 10
486.0
 20
216.6395
 30
0.0
 40
2.15
  1
THE 900 PRESSURE SLAB AT (-)2.000.
  7
OpenSans
 11
486.0
 21
216.6395
 31
0.0
100
AcDbText
  0
TEXT
  5
DF
330
17
100
AcDbEntity
  8
S-NOTE
100
AcDbText
 10
486.0
 20
213.565
 30
0.0
 40
2.15
  1
WALL STARTERS H10 ARE CAST WITH
  7
OpenSans
 11
486.0
 21
213.565
 31
0.0
100
AcDbText
  0
TEXT
  5
E0
330
17
100
AcDbEntity
  8
S-NOTE
100
AcDbText
 10
486.0
 20
210.4905
 30
0.0
 40
2.15
  1
THAT SLAB - SEE SHEET 06.
  7
OpenSans
 11
486.0
 21
210.4905
 31
0.0
100
AcDbText
  0
TEXT
  5
E1
330
17
100
AcDbEntity
  8
S-NOTE
100
AcDbText
 10
475.0
 20
207.416
 30
0.0
 40
2.15
  1
9.
  7
OpenSans
 11
475.0
 21
207.416
 31
0.0
100
AcDbText
  0
TEXT
  5
E2
330
17
100
AcDbEntity
  8
S-NOTE
100
AcDbText
 10
486.0
 20
207.416
 30
0.0
 40
2.15
  1
CONTRACTOR TO CHECK AND VERIFY THE
  7
OpenSans
 11
486.0
 21
207.416
 31
0.0
100
AcDbText
  0
TEXT
  5
E3
330
17
100
AcDbEntity
  8
S-NOTE
100
AcDbText
 10
486.0
 20
204.3415
 30
0.0
 40
2.15
  1
DRG BEFORE EXECUTION.
  7
OpenSans
 11
486.0
 21
204.3415
 31
0.0
100
AcDbText
  0
LWPOLYLINE
  5
E4
330
17
100
AcDbEntity
  8
S-TITLE
100
AcDbPolyline
 90
4
 70
1
 10
467.0
 20
130.3
 10
552.4
 20
130.3
 10
552.4
 20
190.6
 10
467.0
 20
190.6
  0
TEXT
  5
E5
330
17
100
AcDbEntity
  8
S-TITLE
100
AcDbText
 10
509.7
 20
175.70473972334912
 30
0.0
 40
5.867207585903513
  1
STRUCTURAL
  7
OpenSans
 72
1
 11
509.7
 21
175.70473972334912
 31
0.0
100
AcDbText
 73
2
  0
TEXT
  5
E6
330
17
100
AcDbEntity
  8
S-TITLE
100
AcDbText
 10
509.7
 20
168.07736986167455
 30
0.0
 40
5.867207585903513
  1
REINFORCEMENT
  7
OpenSans
 72
1
 11
509.7
 21
168.07736986167455
 31
0.0
100
AcDbText
 73
2
  0
TEXT
  5
E7
330
17
100
AcDbEntity
  8
S-TITLE
100
AcDbText
 10
509.7
 20
160.45
 30
0.0
 40
5.867207585903513
  1
DETAILING -
  7
OpenSans
 72
1
 11
509.7
 21
160.45
 31
0.0
100
AcDbText
 73
2
  0
TEXT
  5
E8
330
17
100
AcDbEntity
  8
S-TITLE
100
AcDbText
 10
509.7
 20
152.82263013832542
 30
0.0
 40
5.867207585903513
  1
ENTRY HEADHOUSE
  7
OpenSans
 72
1
 11
509.7
 21
152.82263013832542
 31
0.0
100
AcDbText
 73
2
  0
TEXT
  5
E9
330
17
100
AcDbEntity
  8
S-TITLE
100
AcDbText
 10
509.7
 20
145.19526027665086
 30
0.0
 40
5.867207585903513
  1
ROOF & WALLS
  7
OpenSans
 72
1
 11
509.7
 21
145.19526027665086
 31
0.0
100
AcDbText
 73
2
  0
LWPOLYLINE
  5
EA
330
17
100
AcDbEntity
  8
S-TITLE
100
AcDbPolyline
 90
4
 70
1
 10
467.0
 20
33.6
 10
552.4
 20
33.6
 10
552.4
 20
128.2
 10
467.0
 20
128.2
  0
LINE
  5
EB
330
17
100
AcDbEntity
  8
S-TITLE
100
AcDbLine
 10
467.0
 20
40.9
 30
0.0
 11
552.4
 21
40.9
 31
0.0
  0
LINE
  5
EC
330
17
100
AcDbEntity
  8
S-TITLE
100
AcDbLine
 10
467.0
 20
54.6
 30
0.0
 11
552.4
 21
54.6
 31
0.0
  0
LINE
  5
ED
330
17
100
AcDbEntity
  8
S-TITLE
100
AcDbLine
 10
467.0
 20
61.8
 30
0.0
 11
552.4
 21
61.8
 31
0.0
  0
LINE
  5
EE
330
17
100
AcDbEntity
  8
S-TITLE
100
AcDbLine
 10
467.0
 20
69.1
 30
0.0
 11
552.4
 21
69.1
 31
0.0
  0
LINE
  5
EF
330
17
100
AcDbEntity
  8
S-TITLE
100
AcDbLine
 10
467.0
 20
76.4
 30
0.0
 11
552.4
 21
76.4
 31
0.0
  0
LINE
  5
F0
330
17
100
AcDbEntity
  8
S-TITLE
100
AcDbLine
 10
467.0
 20
83.6
 30
0.0
 11
552.4
 21
83.6
 31
0.0
  0
LINE
  5
F1
330
17
100
AcDbEntity
  8
S-TITLE
100
AcDbLine
 10
467.0
 20
96.9
 30
0.0
 11
552.4
 21
96.9
 31
0.0
  0
TEXT
  5
F2
330
17
100
AcDbEntity
  8
S-TITLE
100
AcDbText
 10
509.7
 20
116.827
 30
0.0
 40
6.58
  1
CBRN HARDENED
  7
OpenSans
 72
1
 11
509.7
 21
116.827
 31
0.0
100
AcDbText
 73
2
  0
TEXT
  5
F3
330
17
100
AcDbEntity
  8
S-TITLE
100
AcDbText
 10
509.7
 20
108.273
 30
0.0
 40
6.58
  1
UG OPS ROOM
  7
OpenSans
 72
1
 11
509.7
 21
108.273
 31
0.0
100
AcDbText
 73
2
  0
TEXT
  5
F4
330
17
100
AcDbEntity
  8
S-TITLE
100
AcDbText
 10
509.7
 20
90.25
 30
0.0
 40
7.0
  1
SHEET 14
  7
OpenSans
 72
1
 11
509.7
 21
90.25
 31
0.0
100
AcDbText
 73
2
  0
TEXT
  5
F5
330
17
100
AcDbEntity
  8
S-TITLE
100
AcDbText
 10
509.7
 20
47.75
 30
0.0
 40
7.0
  1
STR014
  7
OpenSans
 72
1
 11
509.7
 21
47.75
 31
0.0
100
AcDbText
 73
2
  0
TEXT
  5
F6
330
17
100
AcDbEntity
  8
S-TITLE
100
AcDbText
 10
471.0
 20
80.0
 30
0.0
 40
3.2
  1
Project number
  7
OpenSans
 11
471.0
 21
80.0
 31
0.0
100
AcDbText
 73
2
  0
TEXT
  5
F7
330
17
100
AcDbEntity
  8
S-TITLE
100
AcDbText
 10
548.4
 20
80.0
 30
0.0
 40
3.2
  1
01
  7
OpenSans
 72
2
 11
548.4
 21
80.0
 31
0.0
100
AcDbText
 73
2
  0
TEXT
  5
F8
330
17
100
AcDbEntity
  8
S-TITLE
100
AcDbText
 10
471.0
 20
72.75
 30
0.0
 40
3.2
  1
Date
  7
OpenSans
 11
471.0
 21
72.75
 31
0.0
100
AcDbText
 73
2
  0
TEXT
  5
F9
330
17
100
AcDbEntity
  8
S-TITLE
100
AcDbText
 10
548.4
 20
72.75
 30
0.0
 40
3.2
  1
18 SEP 2026
  7
OpenSans
 72
2
 11
548.4
 21
72.75
 31
0.0
100
AcDbText
 73
2
  0
TEXT
  5
FA
330
17
100
AcDbEntity
  8
S-TITLE
100
AcDbText
 10
471.0
 20
65.44999999999999
 30
0.0
 40
3.2
  1
Drawn by
  7
OpenSans
 11
471.0
 21
65.44999999999999
 31
0.0
100
AcDbText
 73
2
  0
TEXT
  5
FB
330
17
100
AcDbEntity
  8
S-TITLE
100
AcDbText
 10
548.4
 20
65.44999999999999
 30
0.0
 40
3.2
  1
SYN 01
  7
OpenSans
 72
2
 11
548.4
 21
65.44999999999999
 31
0.0
100
AcDbText
 73
2
  0
TEXT
  5
FC
330
17
100
AcDbEntity
  8
S-TITLE
100
AcDbText
 10
471.0
 20
58.2
 30
0.0
 40
3.2
  1
Checked by
  7
OpenSans
 11
471.0
 21
58.2
 31
0.0
100
AcDbText
 73
2
  0
TEXT
  5
FD
330
17
100
AcDbEntity
  8
S-TITLE
100
AcDbText
 10
548.4
 20
58.2
 30
0.0
 40
3.2
  1
DR IR CHAUDHARI
  7
OpenSans
 72
2
 11
548.4
 21
58.2
 31
0.0
100
AcDbText
 73
2
  0
TEXT
  5
FE
330
17
100
AcDbEntity
  8
S-TITLE
100
AcDbText
 10
471.0
 20
37.25
 30
0.0
 40
3.2
  1
Scale
  7
OpenSans
 11
471.0
 21
37.25
 31
0.0
100
AcDbText
 73
2
  0
TEXT
  5
FF
330
17
100
AcDbEntity
  8
S-TITLE
100
AcDbText
 10
548.4
 20
37.25
 30
0.0
 40
3.2
  1
As indicated
  7
OpenSans
 72
2
 11
548.4
 21
37.25
 31
0.0
100
AcDbText
 73
2
  0
TEXT
  5
100
330
17
100
AcDbEntity
  8
S-TITLE
100
AcDbText
 10
562.0
 20
33.6
 30
0.0
 40
2.9
  1
HH1   18.09.2026
 50
90.0
  7
OpenSans
 11
562.0
 21
33.6
 31
0.0
100
AcDbText
  0
LWPOLYLINE
  5
101
330
17
100
AcDbEntity
  8
S-CONCRETE
100
AcDbPolyline
 90
4
 70
1
 10
62.0
 20
266.0
 10
158.0
 20
266.0
 10
158.0
 20
382.0
 10
62.0
 20
382.0
  0
LINE
  5
102
330
17
100
AcDbEntity
  8
S-HIDDEN
100
AcDbLine
 10
70.0
 20
266.0
 30
0.0
 11
70.0
 21
267.8
 31
0.0
  0
LINE
  5
103
330
17
100
AcDbEntity
  8
S-HIDDEN
100
AcDbLine
 10
70.0
 20
269.0
 30
0.0
 11
70.0
 21
270.8
 31
0.0
  0
LINE
  5
104
330
17
100
AcDbEntity
  8
S-HIDDEN
100
AcDbLine
 10
70.0
 20
272.0
 30
0.0
 11
70.0
 21
273.8
 31
0.0
  0
LINE
  5
105
330
17
100
AcDbEntity
  8
S-HIDDEN
100
AcDbLine
 10
70.0
 20
275.0
 30
0.0
 11
70.0
 21
276.8
 31
0.0
  0
LINE
  5
106
330
17
100
AcDbEntity
  8
S-HIDDEN
100
AcDbLine
 10
70.0
 20
278.0
 30
0.0
 11
70.0
 21
279.8
 31
0.0
  0
LINE
  5
107
330
17
100
AcDbEntity
  8
S-HIDDEN
100
AcDbLine
 10
70.0
 20
281.0
 30
0.0
 11
70.0
 21
282.8
 31
0.0
  0
LINE
  5
108
330
17
100
AcDbEntity
  8
S-HIDDEN
100
AcDbLine
 10
70.0
 20
284.0
 30
0.0
 11
70.0
 21
285.8
 31
0.0
  0
LINE
  5
109
330
17
100
AcDbEntity
  8
S-HIDDEN
100
AcDbLine
 10
70.0
 20
287.0
 30
0.0
 11
70.0
 21
288.8
 31
0.0
  0
LINE
  5
10A
330
17
100
AcDbEntity
  8
S-HIDDEN
100
AcDbLine
 10
70.0
 20
290.0
 30
0.0
 11
70.0
 21
291.8
 31
0.0
  0
LINE
  5
10B
330
17
100
AcDbEntity
  8
S-HIDDEN
100
AcDbLine
 10
70.0
 20
293.0
 30
0.0
 11
70.0
 21
294.8
 31
0.0
  0
LINE
  5
10C
330
17
100
AcDbEntity
  8
S-HIDDEN
100
AcDbLine
 10
70.0
 20
296.0
 30
0.0
 11
70.0
 21
297.8
 31
0.0
  0
LINE
  5
10D
330
17
100
AcDbEntity
  8
S-HIDDEN
100
AcDbLine
 10
70.0
 20
299.0
 30
0.0
 11
70.0
 21
300.8
 31
0.0
  0
LINE
  5
10E
330
17
100
AcDbEntity
  8
S-HIDDEN
100
AcDbLine
 10
70.0
 20
302.0
 30
0.0
 11
70.0
 21
303.8
 31
0.0
  0
LINE
  5
10F
330
17
100
AcDbEntity
  8
S-HIDDEN
100
AcDbLine
 10
70.0
 20
305.0
 30
0.0
 11
70.0
 21
306.8
 31
0.0
  0
LINE
  5
110
330
17
100
AcDbEntity
  8
S-HIDDEN
100
AcDbLine
 10
70.0
 20
308.0
 30
0.0
 11
70.0
 21
309.8
 31
0.0
  0
LINE
  5
111
330
17
100
AcDbEntity
  8
S-HIDDEN
100
AcDbLine
 10
70.0
 20
311.0
 30
0.0
 11
70.0
 21
312.8
 31
0.0
  0
LINE
  5
112
330
17
100
AcDbEntity
  8
S-HIDDEN
100
AcDbLine
 10
70.0
 20
314.0
 30
0.0
 11
70.0
 21
315.8
 31
0.0
  0
LINE
  5
113
330
17
100
AcDbEntity
  8
S-HIDDEN
100
AcDbLine
 10
70.0
 20
317.0
 30
0.0
 11
70.0
 21
318.8
 31
0.0
  0
LINE
  5
114
330
17
100
AcDbEntity
  8
S-HIDDEN
100
AcDbLine
 10
70.0
 20
320.0
 30
0.0
 11
70.0
 21
321.8
 31
0.0
  0
LINE
  5
115
330
17
100
AcDbEntity
  8
S-HIDDEN
100
AcDbLine
 10
70.0
 20
323.0
 30
0.0
 11
70.0
 21
324.8
 31
0.0
  0
LINE
  5
116
330
17
100
AcDbEntity
  8
S-HIDDEN
100
AcDbLine
 10
70.0
 20
326.0
 30
0.0
 11
70.0
 21
327.8
 31
0.0
  0
LINE
  5
117
330
17
100
AcDbEntity
  8
S-HIDDEN
100
AcDbLine
 10
70.0
 20
329.0
 30
0.0
 11
70.0
 21
330.8
 31
0.0
  0
LINE
  5
118
330
17
100
AcDbEntity
  8
S-HIDDEN
100
AcDbLine
 10
70.0
 20
332.0
 30
0.0
 11
70.0
 21
333.8
 31
0.0
  0
LINE
  5
119
330
17
100
AcDbEntity
  8
S-HIDDEN
100
AcDbLine
 10
70.0
 20
335.0
 30
0.0
 11
70.0
 21
336.8
 31
0.0
  0
LINE
  5
11A
330
17
100
AcDbEntity
  8
S-HIDDEN
100
AcDbLine
 10
70.0
 20
338.0
 30
0.0
 11
70.0
 21
339.8
 31
0.0
  0
LINE
  5
11B
330
17
100
AcDbEntity
  8
S-HIDDEN
100
AcDbLine
 10
70.0
 20
341.0
 30
0.0
 11
70.0
 21
342.8
 31
0.0
  0
LINE
  5
11C
330
17
100
AcDbEntity
  8
S-HIDDEN
100
AcDbLine
 10
70.0
 20
344.0
 30
0.0
 11
70.0
 21
345.8
 31
0.0
  0
LINE
  5
11D
330
17
100
AcDbEntity
  8
S-HIDDEN
100
AcDbLine
 10
70.0
 20
347.0
 30
0.0
 11
70.0
 21
348.8
 31
0.0
  0
LINE
  5
11E
330
17
100
AcDbEntity
  8
S-HIDDEN
100
AcDbLine
 10
70.0
 20
350.0
 30
0.0
 11
70.0
 21
351.8
 31
0.0
  0
LINE
  5
11F
330
17
100
AcDbEntity
  8
S-HIDDEN
100
AcDbLine
 10
70.0
 20
353.0
 30
0.0
 11
70.0
 21
354.8
 31
0.0
  0
LINE
  5
120
330
17
100
AcDbEntity
  8
S-HIDDEN
100
AcDbLine
 10
70.0
 20
356.0
 30
0.0
 11
70.0
 21
357.8
 31
0.0
  0
LINE
  5
121
330
17
100
AcDbEntity
  8
S-HIDDEN
100
AcDbLine
 10
70.0
 20
359.0
 30
0.0
 11
70.0
 21
360.8
 31
0.0
  0
LINE
  5
122
330
17
100
AcDbEntity
  8
S-HIDDEN
100
AcDbLine
 10
70.0
 20
362.0
 30
0.0
 11
70.0
 21
363.8
 31
0.0
  0
LINE
  5
123
330
17
100
AcDbEntity
  8
S-HIDDEN
100
AcDbLine
 10
70.0
 20
365.0
 30
0.0
 11
70.0
 21
366.8
 31
0.0
  0
LINE
  5
124
330
17
100
AcDbEntity
  8
S-HIDDEN
100
AcDbLine
 10
70.0
 20
368.0
 30
0.0
 11
70.0
 21
369.8
 31
0.0
  0
LINE
  5
125
330
17
100
AcDbEntity
  8
S-HIDDEN
100
AcDbLine
 10
70.0
 20
371.0
 30
0.0
 11
70.0
 21
372.8
 31
0.0
  0
LINE
  5
126
330
17
100
AcDbEntity
  8
S-HIDDEN
100
AcDbLine
 10
70.0
 20
374.0
 30
0.0
 11
70.0
 21
375.8
 31
0.0
  0
LINE
  5
127
330
17
100
AcDbEntity
  8
S-HIDDEN
100
AcDbLine
 10
70.0
 20
377.0
 30
0.0
 11
70.0
 21
378.8
 31
0.0
  0
LINE
  5
128
330
17
100
AcDbEntity
  8
S-HIDDEN
100
AcDbLine
 10
70.0
 20
380.0
 30
0.0
 11
70.0
 21
381.8
 31
0.0
  0
LINE
  5
129
330
17
100
AcDbEntity
  8
S-HIDDEN
100
AcDbLine
 10
150.0
 20
266.0
 30
0.0
 11
150.0
 21
267.8
 31
0.0
  0
LINE
  5
12A
330
17
100
AcDbEntity
  8
S-HIDDEN
100
AcDbLine
 10
150.0
 20
269.0
 30
0.0
 11
150.0
 21
270.8
 31
0.0
  0
LINE
  5
12B
330
17
100
AcDbEntity
  8
S-HIDDEN
100
AcDbLine
 10
150.0
 20
272.0
 30
0.0
 11
150.0
 21
273.8
 31
0.0
  0
LINE
  5
12C
330
17
100
AcDbEntity
  8
S-HIDDEN
100
AcDbLine
 10
150.0
 20
275.0
 30
0.0
 11
150.0
 21
276.8
 31
0.0
  0
LINE
  5
12D
330
17
100
AcDbEntity
  8
S-HIDDEN
100
AcDbLine
 10
150.0
 20
278.0
 30
0.0
 11
150.0
 21
279.8
 31
0.0
  0
LINE
  5
12E
330
17
100
AcDbEntity
  8
S-HIDDEN
100
AcDbLine
 10
150.0
 20
281.0
 30
0.0
 11
150.0
 21
282.8
 31
0.0
  0
LINE
  5
12F
330
17
100
AcDbEntity
  8
S-HIDDEN
100
AcDbLine
 10
150.0
 20
284.0
 30
0.0
 11
150.0
 21
285.8
 31
0.0
  0
LINE
  5
130
330
17
100
AcDbEntity
  8
S-HIDDEN
100
AcDbLine
 10
150.0
 20
287.0
 30
0.0
 11
150.0
 21
288.8
 31
0.0
  0
LINE
  5
131
330
17
100
AcDbEntity
  8
S-HIDDEN
100
AcDbLine
 10
150.0
 20
290.0
 30
0.0
 11
150.0
 21
291.8
 31
0.0
  0
LINE
  5
132
330
17
100
AcDbEntity
  8
S-HIDDEN
100
AcDbLine
 10
150.0
 20
293.0
 30
0.0
 11
150.0
 21
294.8
 31
0.0
  0
LINE
  5
133
330
17
100
AcDbEntity
  8
S-HIDDEN
100
AcDbLine
 10
150.0
 20
296.0
 30
0.0
 11
150.0
 21
297.8
 31
0.0
  0
LINE
  5
134
330
17
100
AcDbEntity
  8
S-HIDDEN
100
AcDbLine
 10
150.0
 20
299.0
 30
0.0
 11
150.0
 21
300.8
 31
0.0
  0
LINE
  5
135
330
17
100
AcDbEntity
  8
S-HIDDEN
100
AcDbLine
 10
150.0
 20
302.0
 30
0.0
 11
150.0
 21
303.8
 31
0.0
  0
LINE
  5
136
330
17
100
AcDbEntity
  8
S-HIDDEN
100
AcDbLine
 10
150.0
 20
305.0
 30
0.0
 11
150.0
 21
306.8
 31
0.0
  0
LINE
  5
137
330
17
100
AcDbEntity
  8
S-HIDDEN
100
AcDbLine
 10
150.0
 20
308.0
 30
0.0
 11
150.0
 21
309.8
 31
0.0
  0
LINE
  5
138
330
17
100
AcDbEntity
  8
S-HIDDEN
100
AcDbLine
 10
150.0
 20
311.0
 30
0.0
 11
150.0
 21
312.8
 31
0.0
  0
LINE
  5
139
330
17
100
AcDbEntity
  8
S-HIDDEN
100
AcDbLine
 10
150.0
 20
314.0
 30
0.0
 11
150.0
 21
315.8
 31
0.0
  0
LINE
  5
13A
330
17
100
AcDbEntity
  8
S-HIDDEN
100
AcDbLine
 10
150.0
 20
317.0
 30
0.0
 11
150.0
 21
318.8
 31
0.0
  0
LINE
  5
13B
330
17
100
AcDbEntity
  8
S-HIDDEN
100
AcDbLine
 10
150.0
 20
320.0
 30
0.0
 11
150.0
 21
321.8
 31
0.0
  0
LINE
  5
13C
330
17
100
AcDbEntity
  8
S-HIDDEN
100
AcDbLine
 10
150.0
 20
323.0
 30
0.0
 11
150.0
 21
324.8
 31
0.0
  0
LINE
  5
13D
330
17
100
AcDbEntity
  8
S-HIDDEN
100
AcDbLine
 10
150.0
 20
326.0
 30
0.0
 11
150.0
 21
327.8
 31
0.0
  0
LINE
  5
13E
330
17
100
AcDbEntity
  8
S-HIDDEN
100
AcDbLine
 10
150.0
 20
329.0
 30
0.0
 11
150.0
 21
330.8
 31
0.0
  0
LINE
  5
13F
330
17
100
AcDbEntity
  8
S-HIDDEN
100
AcDbLine
 10
150.0
 20
332.0
 30
0.0
 11
150.0
 21
333.8
 31
0.0
  0
LINE
  5
140
330
17
100
AcDbEntity
  8
S-HIDDEN
100
AcDbLine
 10
150.0
 20
335.0
 30
0.0
 11
150.0
 21
336.8
 31
0.0
  0
LINE
  5
141
330
17
100
AcDbEntity
  8
S-HIDDEN
100
AcDbLine
 10
150.0
 20
338.0
 30
0.0
 11
150.0
 21
339.8
 31
0.0
  0
LINE
  5
142
330
17
100
AcDbEntity
  8
S-HIDDEN
100
AcDbLine
 10
150.0
 20
341.0
 30
0.0
 11
150.0
 21
342.8
 31
0.0
  0
LINE
  5
143
330
17
100
AcDbEntity
  8
S-HIDDEN
100
AcDbLine
 10
150.0
 20
344.0
 30
0.0
 11
150.0
 21
345.8
 31
0.0
  0
LINE
  5
144
330
17
100
AcDbEntity
  8
S-HIDDEN
100
AcDbLine
 10
150.0
 20
347.0
 30
0.0
 11
150.0
 21
348.8
 31
0.0
  0
LINE
  5
145
330
17
100
AcDbEntity
  8
S-HIDDEN
100
AcDbLine
 10
150.0
 20
350.0
 30
0.0
 11
150.0
 21
351.8
 31
0.0
  0
LINE
  5
146
330
17
100
AcDbEntity
  8
S-HIDDEN
100
AcDbLine
 10
150.0
 20
353.0
 30
0.0
 11
150.0
 21
354.8
 31
0.0
  0
LINE
  5
147
330
17
100
AcDbEntity
  8
S-HIDDEN
100
AcDbLine
 10
150.0
 20
356.0
 30
0.0
 11
150.0
 21
357.8
 31
0.0
  0
LINE
  5
148
330
17
100
AcDbEntity
  8
S-HIDDEN
100
AcDbLine
 10
150.0
 20
359.0
 30
0.0
 11
150.0
 21
360.8
 31
0.0
  0
LINE
  5
149
330
17
100
AcDbEntity
  8
S-HIDDEN
100
AcDbLine
 10
150.0
 20
362.0
 30
0.0
 11
150.0
 21
363.8
 31
0.0
  0
LINE
  5
14A
330
17
100
AcDbEntity
  8
S-HIDDEN
100
AcDbLine
 10
150.0
 20
365.0
 30
0.0
 11
150.0
 21
366.8
 31
0.0
  0
LINE
  5
14B
330
17
100
AcDbEntity
  8
S-HIDDEN
100
AcDbLine
 10
150.0
 20
368.0
 30
0.0
 11
150.0
 21
369.8
 31
0.0
  0
LINE
  5
14C
330
17
100
AcDbEntity
  8
S-HIDDEN
100
AcDbLine
 10
150.0
 20
371.0
 30
0.0
 11
150.0
 21
372.8
 31
0.0
  0
LINE
  5
14D
330
17
100
AcDbEntity
  8
S-HIDDEN
100
AcDbLine
 10
150.0
 20
374.0
 30
0.0
 11
150.0
 21
375.8
 31
0.0
  0
LINE
  5
14E
330
17
100
AcDbEntity
  8
S-HIDDEN
100
AcDbLine
 10
150.0
 20
377.0
 30
0.0
 11
150.0
 21
378.8
 31
0.0
  0
LINE
  5
14F
330
17
100
AcDbEntity
  8
S-HIDDEN
100
AcDbLine
 10
150.0
 20
380.0
 30
0.0
 11
150.0
 21
381.8
 31
0.0
  0
LINE
  5
150
330
17
100
AcDbEntity
  8
S-HIDDEN
100
AcDbLine
 10
62.0
 20
274.0
 30
0.0
 11
63.8
 21
274.0
 31
0.0
  0
LINE
  5
151
330
17
100
AcDbEntity
  8
S-HIDDEN
100
AcDbLine
 10
65.0
 20
274.0
 30
0.0
 11
66.8
 21
274.0
 31
0.0
  0
LINE
  5
152
330
17
100
AcDbEntity
  8
S-HIDDEN
100
AcDbLine
 10
68.0
 20
274.0
 30
0.0
 11
69.8
 21
274.0
 31
0.0
  0
LINE
  5
153
330
17
100
AcDbEntity
  8
S-HIDDEN
100
AcDbLine
 10
71.0
 20
274.0
 30
0.0
 11
72.8
 21
274.0
 31
0.0
  0
LINE
  5
154
330
17
100
AcDbEntity
  8
S-HIDDEN
100
AcDbLine
 10
74.0
 20
274.0
 30
0.0
 11
75.8
 21
274.0
 31
0.0
  0
LINE
  5
155
330
17
100
AcDbEntity
  8
S-HIDDEN
100
AcDbLine
 10
77.0
 20
274.0
 30
0.0
 11
78.8
 21
274.0
 31
0.0
  0
LINE
  5
156
330
17
100
AcDbEntity
  8
S-HIDDEN
100
AcDbLine
 10
80.0
 20
274.0
 30
0.0
 11
81.8
 21
274.0
 31
0.0
  0
LINE
  5
157
330
17
100
AcDbEntity
  8
S-HIDDEN
100
AcDbLine
 10
83.0
 20
274.0
 30
0.0
 11
84.8
 21
274.0
 31
0.0
  0
LINE
  5
158
330
17
100
AcDbEntity
  8
S-HIDDEN
100
AcDbLine
 10
86.0
 20
274.0
 30
0.0
 11
87.8
 21
274.0
 31
0.0
  0
LINE
  5
159
330
17
100
AcDbEntity
  8
S-HIDDEN
100
AcDbLine
 10
89.0
 20
274.0
 30
0.0
 11
90.8
 21
274.0
 31
0.0
  0
LINE
  5
15A
330
17
100
AcDbEntity
  8
S-HIDDEN
100
AcDbLine
 10
92.0
 20
274.0
 30
0.0
 11
93.8
 21
274.0
 31
0.0
  0
LINE
  5
15B
330
17
100
AcDbEntity
  8
S-HIDDEN
100
AcDbLine
 10
95.0
 20
274.0
 30
0.0
 11
96.8
 21
274.0
 31
0.0
  0
LINE
  5
15C
330
17
100
AcDbEntity
  8
S-HIDDEN
100
AcDbLine
 10
98.0
 20
274.0
 30
0.0
 11
99.8
 21
274.0
 31
0.0
  0
LINE
  5
15D
330
17
100
AcDbEntity
  8
S-HIDDEN
100
AcDbLine
 10
101.0
 20
274.0
 30
0.0
 11
102.8
 21
274.0
 31
0.0
  0
LINE
  5
15E
330
17
100
AcDbEntity
  8
S-HIDDEN
100
AcDbLine
 10
104.0
 20
274.0
 30
0.0
 11
105.8
 21
274.0
 31
0.0
  0
LINE
  5
15F
330
17
100
AcDbEntity
  8
S-HIDDEN
100
AcDbLine
 10
107.0
 20
274.0
 30
0.0
 11
108.8
 21
274.0
 31
0.0
  0
LINE
  5
160
330
17
100
AcDbEntity
  8
S-HIDDEN
100
AcDbLine
 10
110.0
 20
274.0
 30
0.0
 11
111.8
 21
274.0
 31
0.0
  0
LINE
  5
161
330
17
100
AcDbEntity
  8
S-HIDDEN
100
AcDbLine
 10
113.0
 20
274.0
 30
0.0
 11
114.8
 21
274.0
 31
0.0
  0
LINE
  5
162
330
17
100
AcDbEntity
  8
S-HIDDEN
100
AcDbLine
 10
116.0
 20
274.0
 30
0.0
 11
117.8
 21
274.0
 31
0.0
  0
LINE
  5
163
330
17
100
AcDbEntity
  8
S-HIDDEN
100
AcDbLine
 10
119.0
 20
274.0
 30
0.0
 11
120.8
 21
274.0
 31
0.0
  0
LINE
  5
164
330
17
100
AcDbEntity
  8
S-HIDDEN
100
AcDbLine
 10
122.0
 20
274.0
 30
0.0
 11
123.8
 21
274.0
 31
0.0
  0
LINE
  5
165
330
17
100
AcDbEntity
  8
S-HIDDEN
100
AcDbLine
 10
125.0
 20
274.0
 30
0.0
 11
126.8
 21
274.0
 31
0.0
  0
LINE
  5
166
330
17
100
AcDbEntity
  8
S-HIDDEN
100
AcDbLine
 10
128.0
 20
274.0
 30
0.0
 11
129.8
 21
274.0
 31
0.0
  0
LINE
  5
167
330
17
100
AcDbEntity
  8
S-HIDDEN
100
AcDbLine
 10
131.0
 20
274.0
 30
0.0
 11
132.8
 21
274.0
 31
0.0
  0
LINE
  5
168
330
17
100
AcDbEntity
  8
S-HIDDEN
100
AcDbLine
 10
134.0
 20
274.0
 30
0.0
 11
135.8
 21
274.0
 31
0.0
  0
LINE
  5
169
330
17
100
AcDbEntity
  8
S-HIDDEN
100
AcDbLine
 10
137.0
 20
274.0
 30
0.0
 11
138.8
 21
274.0
 31
0.0
  0
LINE
  5
16A
330
17
100
AcDbEntity
  8
S-HIDDEN
100
AcDbLine
 10
140.0
 20
274.0
 30
0.0
 11
141.8
 21
274.0
 31
0.0
  0
LINE
  5
16B
330
17
100
AcDbEntity
  8
S-HIDDEN
100
AcDbLine
 10
143.0
 20
274.0
 30
0.0
 11
144.8
 21
274.0
 31
0.0
  0
LINE
  5
16C
330
17
100
AcDbEntity
  8
S-HIDDEN
100
AcDbLine
 10
146.0
 20
274.0
 30
0.0
 11
147.8
 21
274.0
 31
0.0
  0
LINE
  5
16D
330
17
100
AcDbEntity
  8
S-HIDDEN
100
AcDbLine
 10
149.0
 20
274.0
 30
0.0
 11
150.8
 21
274.0
 31
0.0
  0
LINE
  5
16E
330
17
100
AcDbEntity
  8
S-HIDDEN
100
AcDbLine
 10
152.0
 20
274.0
 30
0.0
 11
153.8
 21
274.0
 31
0.0
  0
LINE
  5
16F
330
17
100
AcDbEntity
  8
S-HIDDEN
100
AcDbLine
 10
155.0
 20
274.0
 30
0.0
 11
156.8
 21
274.0
 31
0.0
  0
LINE
  5
170
330
17
100
AcDbEntity
  8
S-HIDDEN
100
AcDbLine
 10
62.0
 20
374.0
 30
0.0
 11
63.8
 21
374.0
 31
0.0
  0
LINE
  5
171
330
17
100
AcDbEntity
  8
S-HIDDEN
100
AcDbLine
 10
65.0
 20
374.0
 30
0.0
 11
66.8
 21
374.0
 31
0.0
  0
LINE
  5
172
330
17
100
AcDbEntity
  8
S-HIDDEN
100
AcDbLine
 10
68.0
 20
374.0
 30
0.0
 11
69.8
 21
374.0
 31
0.0
  0
LINE
  5
173
330
17
100
AcDbEntity
  8
S-HIDDEN
100
AcDbLine
 10
71.0
 20
374.0
 30
0.0
 11
72.8
 21
374.0
 31
0.0
  0
LINE
  5
174
330
17
100
AcDbEntity
  8
S-HIDDEN
100
AcDbLine
 10
74.0
 20
374.0
 30
0.0
 11
75.8
 21
374.0
 31
0.0
  0
LINE
  5
175
330
17
100
AcDbEntity
  8
S-HIDDEN
100
AcDbLine
 10
77.0
 20
374.0
 30
0.0
 11
78.8
 21
374.0
 31
0.0
  0
LINE
  5
176
330
17
100
AcDbEntity
  8
S-HIDDEN
100
AcDbLine
 10
80.0
 20
374.0
 30
0.0
 11
81.8
 21
374.0
 31
0.0
  0
LINE
  5
177
330
17
100
AcDbEntity
  8
S-HIDDEN
100
AcDbLine
 10
83.0
 20
374.0
 30
0.0
 11
84.8
 21
374.0
 31
0.0
  0
LINE
  5
178
330
17
100
AcDbEntity
  8
S-HIDDEN
100
AcDbLine
 10
86.0
 20
374.0
 30
0.0
 11
87.8
 21
374.0
 31
0.0
  0
LINE
  5
179
330
17
100
AcDbEntity
  8
S-HIDDEN
100
AcDbLine
 10
89.0
 20
374.0
 30
0.0
 11
90.8
 21
374.0
 31
0.0
  0
LINE
  5
17A
330
17
100
AcDbEntity
  8
S-HIDDEN
100
AcDbLine
 10
92.0
 20
374.0
 30
0.0
 11
93.8
 21
374.0
 31
0.0
  0
LINE
  5
17B
330
17
100
AcDbEntity
  8
S-HIDDEN
100
AcDbLine
 10
95.0
 20
374.0
 30
0.0
 11
96.8
 21
374.0
 31
0.0
  0
LINE
  5
17C
330
17
100
AcDbEntity
  8
S-HIDDEN
100
AcDbLine
 10
98.0
 20
374.0
 30
0.0
 11
99.8
 21
374.0
 31
0.0
  0
LINE
  5
17D
330
17
100
AcDbEntity
  8
S-HIDDEN
100
AcDbLine
 10
101.0
 20
374.0
 30
0.0
 11
102.8
 21
374.0
 31
0.0
  0
LINE
  5
17E
330
17
100
AcDbEntity
  8
S-HIDDEN
100
AcDbLine
 10
104.0
 20
374.0
 30
0.0
 11
105.8
 21
374.0
 31
0.0
  0
LINE
  5
17F
330
17
100
AcDbEntity
  8
S-HIDDEN
100
AcDbLine
 10
107.0
 20
374.0
 30
0.0
 11
108.8
 21
374.0
 31
0.0
  0
LINE
  5
180
330
17
100
AcDbEntity
  8
S-HIDDEN
100
AcDbLine
 10
110.0
 20
374.0
 30
0.0
 11
111.8
 21
374.0
 31
0.0
  0
LINE
  5
181
330
17
100
AcDbEntity
  8
S-HIDDEN
100
AcDbLine
 10
113.0
 20
374.0
 30
0.0
 11
114.8
 21
374.0
 31
0.0
  0
LINE
  5
182
330
17
100
AcDbEntity
  8
S-HIDDEN
100
AcDbLine
 10
116.0
 20
374.0
 30
0.0
 11
117.8
 21
374.0
 31
0.0
  0
LINE
  5
183
330
17
100
AcDbEntity
  8
S-HIDDEN
100
AcDbLine
 10
119.0
 20
374.0
 30
0.0
 11
120.8
 21
374.0
 31
0.0
  0
LINE
  5
184
330
17
100
AcDbEntity
  8
S-HIDDEN
100
AcDbLine
 10
122.0
 20
374.0
 30
0.0
 11
123.8
 21
374.0
 31
0.0
  0
LINE
  5
185
330
17
100
AcDbEntity
  8
S-HIDDEN
100
AcDbLine
 10
125.0
 20
374.0
 30
0.0
 11
126.8
 21
374.0
 31
0.0
  0
LINE
  5
186
330
17
100
AcDbEntity
  8
S-HIDDEN
100
AcDbLine
 10
128.0
 20
374.0
 30
0.0
 11
129.8
 21
374.0
 31
0.0
  0
LINE
  5
187
330
17
100
AcDbEntity
  8
S-HIDDEN
100
AcDbLine
 10
131.0
 20
374.0
 30
0.0
 11
132.8
 21
374.0
 31
0.0
  0
LINE
  5
188
330
17
100
AcDbEntity
  8
S-HIDDEN
100
AcDbLine
 10
134.0
 20
374.0
 30
0.0
 11
135.8
 21
374.0
 31
0.0
  0
LINE
  5
189
330
17
100
AcDbEntity
  8
S-HIDDEN
100
AcDbLine
 10
137.0
 20
374.0
 30
0.0
 11
138.8
 21
374.0
 31
0.0
  0
LINE
  5
18A
330
17
100
AcDbEntity
  8
S-HIDDEN
100
AcDbLine
 10
140.0
 20
374.0
 30
0.0
 11
141.8
 21
374.0
 31
0.0
  0
LINE
  5
18B
330
17
100
AcDbEntity
  8
S-HIDDEN
100
AcDbLine
 10
143.0
 20
374.0
 30
0.0
 11
144.8
 21
374.0
 31
0.0
  0
LINE
  5
18C
330
17
100
AcDbEntity
  8
S-HIDDEN
100
AcDbLine
 10
146.0
 20
374.0
 30
0.0
 11
147.8
 21
374.0
 31
0.0
  0
LINE
  5
18D
330
17
100
AcDbEntity
  8
S-HIDDEN
100
AcDbLine
 10
149.0
 20
374.0
 30
0.0
 11
150.8
 21
374.0
 31
0.0
  0
LINE
  5
18E
330
17
100
AcDbEntity
  8
S-HIDDEN
100
AcDbLine
 10
152.0
 20
374.0
 30
0.0
 11
153.8
 21
374.0
 31
0.0
  0
LINE
  5
18F
330
17
100
AcDbEntity
  8
S-HIDDEN
100
AcDbLine
 10
155.0
 20
374.0
 30
0.0
 11
156.8
 21
374.0
 31
0.0
  0
LWPOLYLINE
  5
190
330
17
100
AcDbEntity
  8
S-REBAR-MAIN
100
AcDbPolyline
 90
2
 70
0
 10
63.5
 20
267.5
 10
156.5
 20
267.5
  0
LWPOLYLINE
  5
191
330
17
100
AcDbEntity
  8
S-REBAR-MAIN
100
AcDbPolyline
 90
2
 70
0
 10
63.5
 20
270.5
 10
156.5
 20
270.5
  0
LWPOLYLINE
  5
192
330
17
100
AcDbEntity
  8
S-REBAR-MAIN
100
AcDbPolyline
 90
2
 70
0
 10
63.5
 20
273.5
 10
156.5
 20
273.5
  0
LWPOLYLINE
  5
193
330
17
100
AcDbEntity
  8
S-REBAR-MAIN
100
AcDbPolyline
 90
2
 70
0
 10
63.5
 20
276.5
 10
156.5
 20
276.5
  0
LWPOLYLINE
  5
194
330
17
100
AcDbEntity
  8
S-REBAR-MAIN
100
AcDbPolyline
 90
2
 70
0
 10
63.5
 20
279.5
 10
156.5
 20
279.5
  0
LWPOLYLINE
  5
195
330
17
100
AcDbEntity
  8
S-REBAR-MAIN
100
AcDbPolyline
 90
2
 70
0
 10
63.5
 20
282.5
 10
156.5
 20
282.5
  0
LWPOLYLINE
  5
196
330
17
100
AcDbEntity
  8
S-REBAR-MAIN
100
AcDbPolyline
 90
2
 70
0
 10
63.5
 20
285.5
 10
156.5
 20
285.5
  0
LWPOLYLINE
  5
197
330
17
100
AcDbEntity
  8
S-REBAR-MAIN
100
AcDbPolyline
 90
2
 70
0
 10
63.5
 20
288.5
 10
156.5
 20
288.5
  0
LWPOLYLINE
  5
198
330
17
100
AcDbEntity
  8
S-REBAR-MAIN
100
AcDbPolyline
 90
2
 70
0
 10
63.5
 20
291.5
 10
156.5
 20
291.5
  0
LWPOLYLINE
  5
199
330
17
100
AcDbEntity
  8
S-REBAR-MAIN
100
AcDbPolyline
 90
2
 70
0
 10
63.5
 20
294.5
 10
156.5
 20
294.5
  0
LWPOLYLINE
  5
19A
330
17
100
AcDbEntity
  8
S-REBAR-MAIN
100
AcDbPolyline
 90
2
 70
0
 10
63.5
 20
297.5
 10
156.5
 20
297.5
  0
LWPOLYLINE
  5
19B
330
17
100
AcDbEntity
  8
S-REBAR-MAIN
100
AcDbPolyline
 90
2
 70
0
 10
63.5
 20
300.5
 10
156.5
 20
300.5
  0
LWPOLYLINE
  5
19C
330
17
100
AcDbEntity
  8
S-REBAR-MAIN
100
AcDbPolyline
 90
2
 70
0
 10
63.5
 20
303.5
 10
156.5
 20
303.5
  0
LWPOLYLINE
  5
19D
330
17
100
AcDbEntity
  8
S-REBAR-MAIN
100
AcDbPolyline
 90
2
 70
0
 10
63.5
 20
306.5
 10
156.5
 20
306.5
  0
LWPOLYLINE
  5
19E
330
17
100
AcDbEntity
  8
S-REBAR-MAIN
100
AcDbPolyline
 90
2
 70
0
 10
63.5
 20
309.5
 10
156.5
 20
309.5
  0
LWPOLYLINE
  5
19F
330
17
100
AcDbEntity
  8
S-REBAR-MAIN
100
AcDbPolyline
 90
2
 70
0
 10
63.5
 20
312.5
 10
156.5
 20
312.5
  0
LWPOLYLINE
  5
1A0
330
17
100
AcDbEntity
  8
S-REBAR-MAIN
100
AcDbPolyline
 90
2
 70
0
 10
63.5
 20
315.5
 10
156.5
 20
315.5
  0
LWPOLYLINE
  5
1A1
330
17
100
AcDbEntity
  8
S-REBAR-MAIN
100
AcDbPolyline
 90
2
 70
0
 10
63.5
 20
318.5
 10
156.5
 20
318.5
  0
LWPOLYLINE
  5
1A2
330
17
100
AcDbEntity
  8
S-REBAR-MAIN
100
AcDbPolyline
 90
2
 70
0
 10
63.5
 20
321.5
 10
156.5
 20
321.5
  0
LWPOLYLINE
  5
1A3
330
17
100
AcDbEntity
  8
S-REBAR-MAIN
100
AcDbPolyline
 90
2
 70
0
 10
63.5
 20
324.5
 10
156.5
 20
324.5
  0
LWPOLYLINE
  5
1A4
330
17
100
AcDbEntity
  8
S-REBAR-MAIN
100
AcDbPolyline
 90
2
 70
0
 10
63.5
 20
327.5
 10
156.5
 20
327.5
  0
LWPOLYLINE
  5
1A5
330
17
100
AcDbEntity
  8
S-REBAR-MAIN
100
AcDbPolyline
 90
2
 70
0
 10
63.5
 20
330.5
 10
156.5
 20
330.5
  0
LWPOLYLINE
  5
1A6
330
17
100
AcDbEntity
  8
S-REBAR-MAIN
100
AcDbPolyline
 90
2
 70
0
 10
63.5
 20
333.5
 10
156.5
 20
333.5
  0
LWPOLYLINE
  5
1A7
330
17
100
AcDbEntity
  8
S-REBAR-MAIN
100
AcDbPolyline
 90
2
 70
0
 10
63.5
 20
336.5
 10
156.5
 20
336.5
  0
LWPOLYLINE
  5
1A8
330
17
100
AcDbEntity
  8
S-REBAR-MAIN
100
AcDbPolyline
 90
2
 70
0
 10
63.5
 20
339.5
 10
156.5
 20
339.5
  0
LWPOLYLINE
  5
1A9
330
17
100
AcDbEntity
  8
S-REBAR-MAIN
100
AcDbPolyline
 90
2
 70
0
 10
63.5
 20
342.5
 10
156.5
 20
342.5
  0
LWPOLYLINE
  5
1AA
330
17
100
AcDbEntity
  8
S-REBAR-MAIN
100
AcDbPolyline
 90
2
 70
0
 10
63.5
 20
345.5
 10
156.5
 20
345.5
  0
LWPOLYLINE
  5
1AB
330
17
100
AcDbEntity
  8
S-REBAR-MAIN
100
AcDbPolyline
 90
2
 70
0
 10
63.5
 20
348.5
 10
156.5
 20
348.5
  0
LWPOLYLINE
  5
1AC
330
17
100
AcDbEntity
  8
S-REBAR-MAIN
100
AcDbPolyline
 90
2
 70
0
 10
63.5
 20
351.5
 10
156.5
 20
351.5
  0
LWPOLYLINE
  5
1AD
330
17
100
AcDbEntity
  8
S-REBAR-MAIN
100
AcDbPolyline
 90
2
 70
0
 10
63.5
 20
354.5
 10
156.5
 20
354.5
  0
LWPOLYLINE
  5
1AE
330
17
100
AcDbEntity
  8
S-REBAR-MAIN
100
AcDbPolyline
 90
2
 70
0
 10
63.5
 20
357.5
 10
156.5
 20
357.5
  0
LWPOLYLINE
  5
1AF
330
17
100
AcDbEntity
  8
S-REBAR-MAIN
100
AcDbPolyline
 90
2
 70
0
 10
63.5
 20
360.5
 10
156.5
 20
360.5
  0
LWPOLYLINE
  5
1B0
330
17
100
AcDbEntity
  8
S-REBAR-MAIN
100
AcDbPolyline
 90
2
 70
0
 10
63.5
 20
363.5
 10
156.5
 20
363.5
  0
LWPOLYLINE
  5
1B1
330
17
100
AcDbEntity
  8
S-REBAR-MAIN
100
AcDbPolyline
 90
2
 70
0
 10
63.5
 20
366.5
 10
156.5
 20
366.5
  0
LWPOLYLINE
  5
1B2
330
17
100
AcDbEntity
  8
S-REBAR-MAIN
100
AcDbPolyline
 90
2
 70
0
 10
63.5
 20
369.5
 10
156.5
 20
369.5
  0
LWPOLYLINE
  5
1B3
330
17
100
AcDbEntity
  8
S-REBAR-MAIN
100
AcDbPolyline
 90
2
 70
0
 10
63.5
 20
372.5
 10
156.5
 20
372.5
  0
LWPOLYLINE
  5
1B4
330
17
100
AcDbEntity
  8
S-REBAR-MAIN
100
AcDbPolyline
 90
2
 70
0
 10
63.5
 20
375.5
 10
156.5
 20
375.5
  0
LWPOLYLINE
  5
1B5
330
17
100
AcDbEntity
  8
S-REBAR-MAIN
100
AcDbPolyline
 90
2
 70
0
 10
63.5
 20
378.5
 10
156.5
 20
378.5
  0
LWPOLYLINE
  5
1B6
330
17
100
AcDbEntity
  8
S-REBAR-DIST
100
AcDbPolyline
 90
2
 70
0
 10
63.5
 20
267.5
 10
63.5
 20
380.5
  0
LWPOLYLINE
  5
1B7
330
17
100
AcDbEntity
  8
S-REBAR-DIST
100
AcDbPolyline
 90
2
 70
0
 10
66.5
 20
267.5
 10
66.5
 20
380.5
  0
LWPOLYLINE
  5
1B8
330
17
100
AcDbEntity
  8
S-REBAR-DIST
100
AcDbPolyline
 90
2
 70
0
 10
69.5
 20
267.5
 10
69.5
 20
380.5
  0
LWPOLYLINE
  5
1B9
330
17
100
AcDbEntity
  8
S-REBAR-DIST
100
AcDbPolyline
 90
2
 70
0
 10
72.5
 20
267.5
 10
72.5
 20
380.5
  0
LWPOLYLINE
  5
1BA
330
17
100
AcDbEntity
  8
S-REBAR-DIST
100
AcDbPolyline
 90
2
 70
0
 10
75.5
 20
267.5
 10
75.5
 20
380.5
  0
LWPOLYLINE
  5
1BB
330
17
100
AcDbEntity
  8
S-REBAR-DIST
100
AcDbPolyline
 90
2
 70
0
 10
78.5
 20
267.5
 10
78.5
 20
380.5
  0
LWPOLYLINE
  5
1BC
330
17
100
AcDbEntity
  8
S-REBAR-DIST
100
AcDbPolyline
 90
2
 70
0
 10
81.5
 20
267.5
 10
81.5
 20
380.5
  0
LWPOLYLINE
  5
1BD
330
17
100
AcDbEntity
  8
S-REBAR-DIST
100
AcDbPolyline
 90
2
 70
0
 10
84.5
 20
267.5
 10
84.5
 20
380.5
  0
LWPOLYLINE
  5
1BE
330
17
100
AcDbEntity
  8
S-REBAR-DIST
100
AcDbPolyline
 90
2
 70
0
 10
87.5
 20
267.5
 10
87.5
 20
380.5
  0
LWPOLYLINE
  5
1BF
330
17
100
AcDbEntity
  8
S-REBAR-DIST
100
AcDbPolyline
 90
2
 70
0
 10
90.5
 20
267.5
 10
90.5
 20
380.5
  0
LWPOLYLINE
  5
1C0
330
17
100
AcDbEntity
  8
S-REBAR-DIST
100
AcDbPolyline
 90
2
 70
0
 10
93.5
 20
267.5
 10
93.5
 20
380.5
  0
LWPOLYLINE
  5
1C1
330
17
100
AcDbEntity
  8
S-REBAR-DIST
100
AcDbPolyline
 90
2
 70
0
 10
96.5
 20
267.5
 10
96.5
 20
380.5
  0
LWPOLYLINE
  5
1C2
330
17
100
AcDbEntity
  8
S-REBAR-DIST
100
AcDbPolyline
 90
2
 70
0
 10
99.5
 20
267.5
 10
99.5
 20
380.5
  0
LWPOLYLINE
  5
1C3
330
17
100
AcDbEntity
  8
S-REBAR-DIST
100
AcDbPolyline
 90
2
 70
0
 10
102.5
 20
267.5
 10
102.5
 20
380.5
  0
LWPOLYLINE
  5
1C4
330
17
100
AcDbEntity
  8
S-REBAR-DIST
100
AcDbPolyline
 90
2
 70
0
 10
105.5
 20
267.5
 10
105.5
 20
380.5
  0
LWPOLYLINE
  5
1C5
330
17
100
AcDbEntity
  8
S-REBAR-DIST
100
AcDbPolyline
 90
2
 70
0
 10
108.5
 20
267.5
 10
108.5
 20
380.5
  0
LWPOLYLINE
  5
1C6
330
17
100
AcDbEntity
  8
S-REBAR-DIST
100
AcDbPolyline
 90
2
 70
0
 10
111.5
 20
267.5
 10
111.5
 20
380.5
  0
LWPOLYLINE
  5
1C7
330
17
100
AcDbEntity
  8
S-REBAR-DIST
100
AcDbPolyline
 90
2
 70
0
 10
114.5
 20
267.5
 10
114.5
 20
380.5
  0
LWPOLYLINE
  5
1C8
330
17
100
AcDbEntity
  8
S-REBAR-DIST
100
AcDbPolyline
 90
2
 70
0
 10
117.5
 20
267.5
 10
117.5
 20
380.5
  0
LWPOLYLINE
  5
1C9
330
17
100
AcDbEntity
  8
S-REBAR-DIST
100
AcDbPolyline
 90
2
 70
0
 10
120.5
 20
267.5
 10
120.5
 20
380.5
  0
LWPOLYLINE
  5
1CA
330
17
100
AcDbEntity
  8
S-REBAR-DIST
100
AcDbPolyline
 90
2
 70
0
 10
123.5
 20
267.5
 10
123.5
 20
380.5
  0
LWPOLYLINE
  5
1CB
330
17
100
AcDbEntity
  8
S-REBAR-DIST
100
AcDbPolyline
 90
2
 70
0
 10
126.5
 20
267.5
 10
126.5
 20
380.5
  0
LWPOLYLINE
  5
1CC
330
17
100
AcDbEntity
  8
S-REBAR-DIST
100
AcDbPolyline
 90
2
 70
0
 10
129.5
 20
267.5
 10
129.5
 20
380.5
  0
LWPOLYLINE
  5
1CD
330
17
100
AcDbEntity
  8
S-REBAR-DIST
100
AcDbPolyline
 90
2
 70
0
 10
132.5
 20
267.5
 10
132.5
 20
380.5
  0
LWPOLYLINE
  5
1CE
330
17
100
AcDbEntity
  8
S-REBAR-DIST
100
AcDbPolyline
 90
2
 70
0
 10
135.5
 20
267.5
 10
135.5
 20
380.5
  0
LWPOLYLINE
  5
1CF
330
17
100
AcDbEntity
  8
S-REBAR-DIST
100
AcDbPolyline
 90
2
 70
0
 10
138.5
 20
267.5
 10
138.5
 20
380.5
  0
LWPOLYLINE
  5
1D0
330
17
100
AcDbEntity
  8
S-REBAR-DIST
100
AcDbPolyline
 90
2
 70
0
 10
141.5
 20
267.5
 10
141.5
 20
380.5
  0
LWPOLYLINE
  5
1D1
330
17
100
AcDbEntity
  8
S-REBAR-DIST
100
AcDbPolyline
 90
2
 70
0
 10
144.5
 20
267.5
 10
144.5
 20
380.5
  0
LWPOLYLINE
  5
1D2
330
17
100
AcDbEntity
  8
S-REBAR-DIST
100
AcDbPolyline
 90
2
 70
0
 10
147.5
 20
267.5
 10
147.5
 20
380.5
  0
LWPOLYLINE
  5
1D3
330
17
100
AcDbEntity
  8
S-REBAR-DIST
100
AcDbPolyline
 90
2
 70
0
 10
150.5
 20
267.5
 10
150.5
 20
380.5
  0
LWPOLYLINE
  5
1D4
330
17
100
AcDbEntity
  8
S-REBAR-DIST
100
AcDbPolyline
 90
2
 70
0
 10
153.5
 20
267.5
 10
153.5
 20
380.5
  0
LWPOLYLINE
  5
1D5
330
17
100
AcDbEntity
  8
S-REBAR-DIST
100
AcDbPolyline
 90
2
 70
0
 10
156.5
 20
267.5
 10
156.5
 20
380.5
  0
LINE
  5
1D6
330
17
100
AcDbEntity
  8
S-REBAR-SEC
100
AcDbLine
 10
86.0
 20
266.0
 30
0.0
 11
86.0
 21
267.8
 31
0.0
  0
LINE
  5
1D7
330
17
100
AcDbEntity
  8
S-REBAR-SEC
100
AcDbLine
 10
86.0
 20
269.0
 30
0.0
 11
86.0
 21
270.8
 31
0.0
  0
LINE
  5
1D8
330
17
100
AcDbEntity
  8
S-REBAR-SEC
100
AcDbLine
 10
86.0
 20
272.0
 30
0.0
 11
86.0
 21
273.8
 31
0.0
  0
LINE
  5
1D9
330
17
100
AcDbEntity
  8
S-REBAR-SEC
100
AcDbLine
 10
86.0
 20
275.0
 30
0.0
 11
86.0
 21
276.8
 31
0.0
  0
LINE
  5
1DA
330
17
100
AcDbEntity
  8
S-REBAR-SEC
100
AcDbLine
 10
86.0
 20
278.0
 30
0.0
 11
86.0
 21
279.8
 31
0.0
  0
LINE
  5
1DB
330
17
100
AcDbEntity
  8
S-REBAR-SEC
100
AcDbLine
 10
86.0
 20
281.0
 30
0.0
 11
86.0
 21
282.8
 31
0.0
  0
LINE
  5
1DC
330
17
100
AcDbEntity
  8
S-REBAR-SEC
100
AcDbLine
 10
86.0
 20
284.0
 30
0.0
 11
86.0
 21
285.8
 31
0.0
  0
LINE
  5
1DD
330
17
100
AcDbEntity
  8
S-REBAR-SEC
100
AcDbLine
 10
86.0
 20
287.0
 30
0.0
 11
86.0
 21
288.8
 31
0.0
  0
LINE
  5
1DE
330
17
100
AcDbEntity
  8
S-REBAR-SEC
100
AcDbLine
 10
86.0
 20
290.0
 30
0.0
 11
86.0
 21
291.8
 31
0.0
  0
LINE
  5
1DF
330
17
100
AcDbEntity
  8
S-REBAR-SEC
100
AcDbLine
 10
86.0
 20
293.0
 30
0.0
 11
86.0
 21
294.8
 31
0.0
  0
LINE
  5
1E0
330
17
100
AcDbEntity
  8
S-REBAR-SEC
100
AcDbLine
 10
86.0
 20
296.0
 30
0.0
 11
86.0
 21
297.8
 31
0.0
  0
LINE
  5
1E1
330
17
100
AcDbEntity
  8
S-REBAR-SEC
100
AcDbLine
 10
86.0
 20
299.0
 30
0.0
 11
86.0
 21
300.8
 31
0.0
  0
LINE
  5
1E2
330
17
100
AcDbEntity
  8
S-REBAR-SEC
100
AcDbLine
 10
86.0
 20
302.0
 30
0.0
 11
86.0
 21
303.8
 31
0.0
  0
LINE
  5
1E3
330
17
100
AcDbEntity
  8
S-REBAR-SEC
100
AcDbLine
 10
86.0
 20
305.0
 30
0.0
 11
86.0
 21
306.8
 31
0.0
  0
LINE
  5
1E4
330
17
100
AcDbEntity
  8
S-REBAR-SEC
100
AcDbLine
 10
86.0
 20
308.0
 30
0.0
 11
86.0
 21
309.8
 31
0.0
  0
LINE
  5
1E5
330
17
100
AcDbEntity
  8
S-REBAR-SEC
100
AcDbLine
 10
86.0
 20
311.0
 30
0.0
 11
86.0
 21
312.8
 31
0.0
  0
LINE
  5
1E6
330
17
100
AcDbEntity
  8
S-REBAR-SEC
100
AcDbLine
 10
86.0
 20
314.0
 30
0.0
 11
86.0
 21
315.8
 31
0.0
  0
LINE
  5
1E7
330
17
100
AcDbEntity
  8
S-REBAR-SEC
100
AcDbLine
 10
86.0
 20
317.0
 30
0.0
 11
86.0
 21
318.8
 31
0.0
  0
LINE
  5
1E8
330
17
100
AcDbEntity
  8
S-REBAR-SEC
100
AcDbLine
 10
86.0
 20
320.0
 30
0.0
 11
86.0
 21
321.8
 31
0.0
  0
LINE
  5
1E9
330
17
100
AcDbEntity
  8
S-REBAR-SEC
100
AcDbLine
 10
86.0
 20
323.0
 30
0.0
 11
86.0
 21
324.8
 31
0.0
  0
LINE
  5
1EA
330
17
100
AcDbEntity
  8
S-REBAR-SEC
100
AcDbLine
 10
86.0
 20
326.0
 30
0.0
 11
86.0
 21
327.8
 31
0.0
  0
LINE
  5
1EB
330
17
100
AcDbEntity
  8
S-REBAR-SEC
100
AcDbLine
 10
86.0
 20
329.0
 30
0.0
 11
86.0
 21
330.8
 31
0.0
  0
LINE
  5
1EC
330
17
100
AcDbEntity
  8
S-REBAR-SEC
100
AcDbLine
 10
86.0
 20
332.0
 30
0.0
 11
86.0
 21
333.8
 31
0.0
  0
LINE
  5
1ED
330
17
100
AcDbEntity
  8
S-REBAR-SEC
100
AcDbLine
 10
86.0
 20
335.0
 30
0.0
 11
86.0
 21
336.8
 31
0.0
  0
LINE
  5
1EE
330
17
100
AcDbEntity
  8
S-REBAR-SEC
100
AcDbLine
 10
86.0
 20
338.0
 30
0.0
 11
86.0
 21
339.8
 31
0.0
  0
LINE
  5
1EF
330
17
100
AcDbEntity
  8
S-REBAR-SEC
100
AcDbLine
 10
86.0
 20
341.0
 30
0.0
 11
86.0
 21
342.8
 31
0.0
  0
LINE
  5
1F0
330
17
100
AcDbEntity
  8
S-REBAR-SEC
100
AcDbLine
 10
86.0
 20
344.0
 30
0.0
 11
86.0
 21
345.8
 31
0.0
  0
LINE
  5
1F1
330
17
100
AcDbEntity
  8
S-REBAR-SEC
100
AcDbLine
 10
86.0
 20
347.0
 30
0.0
 11
86.0
 21
348.8
 31
0.0
  0
LINE
  5
1F2
330
17
100
AcDbEntity
  8
S-REBAR-SEC
100
AcDbLine
 10
86.0
 20
350.0
 30
0.0
 11
86.0
 21
351.8
 31
0.0
  0
LINE
  5
1F3
330
17
100
AcDbEntity
  8
S-REBAR-SEC
100
AcDbLine
 10
86.0
 20
353.0
 30
0.0
 11
86.0
 21
354.8
 31
0.0
  0
LINE
  5
1F4
330
17
100
AcDbEntity
  8
S-REBAR-SEC
100
AcDbLine
 10
86.0
 20
356.0
 30
0.0
 11
86.0
 21
357.8
 31
0.0
  0
LINE
  5
1F5
330
17
100
AcDbEntity
  8
S-REBAR-SEC
100
AcDbLine
 10
86.0
 20
359.0
 30
0.0
 11
86.0
 21
360.8
 31
0.0
  0
LINE
  5
1F6
330
17
100
AcDbEntity
  8
S-REBAR-SEC
100
AcDbLine
 10
86.0
 20
362.0
 30
0.0
 11
86.0
 21
363.8
 31
0.0
  0
LINE
  5
1F7
330
17
100
AcDbEntity
  8
S-REBAR-SEC
100
AcDbLine
 10
86.0
 20
365.0
 30
0.0
 11
86.0
 21
366.8
 31
0.0
  0
LINE
  5
1F8
330
17
100
AcDbEntity
  8
S-REBAR-SEC
100
AcDbLine
 10
86.0
 20
368.0
 30
0.0
 11
86.0
 21
369.8
 31
0.0
  0
LINE
  5
1F9
330
17
100
AcDbEntity
  8
S-REBAR-SEC
100
AcDbLine
 10
86.0
 20
371.0
 30
0.0
 11
86.0
 21
372.8
 31
0.0
  0
LINE
  5
1FA
330
17
100
AcDbEntity
  8
S-REBAR-SEC
100
AcDbLine
 10
86.0
 20
374.0
 30
0.0
 11
86.0
 21
375.8
 31
0.0
  0
LINE
  5
1FB
330
17
100
AcDbEntity
  8
S-REBAR-SEC
100
AcDbLine
 10
86.0
 20
377.0
 30
0.0
 11
86.0
 21
378.8
 31
0.0
  0
LINE
  5
1FC
330
17
100
AcDbEntity
  8
S-REBAR-SEC
100
AcDbLine
 10
86.0
 20
380.0
 30
0.0
 11
86.0
 21
381.8
 31
0.0
  0
LINE
  5
1FD
330
17
100
AcDbEntity
  8
S-REBAR-SEC
100
AcDbLine
 10
134.0
 20
266.0
 30
0.0
 11
134.0
 21
267.8
 31
0.0
  0
LINE
  5
1FE
330
17
100
AcDbEntity
  8
S-REBAR-SEC
100
AcDbLine
 10
134.0
 20
269.0
 30
0.0
 11
134.0
 21
270.8
 31
0.0
  0
LINE
  5
1FF
330
17
100
AcDbEntity
  8
S-REBAR-SEC
100
AcDbLine
 10
134.0
 20
272.0
 30
0.0
 11
134.0
 21
273.8
 31
0.0
  0
LINE
  5
200
330
17
100
AcDbEntity
  8
S-REBAR-SEC
100
AcDbLine
 10
134.0
 20
275.0
 30
0.0
 11
134.0
 21
276.8
 31
0.0
  0
LINE
  5
201
330
17
100
AcDbEntity
  8
S-REBAR-SEC
100
AcDbLine
 10
134.0
 20
278.0
 30
0.0
 11
134.0
 21
279.8
 31
0.0
  0
LINE
  5
202
330
17
100
AcDbEntity
  8
S-REBAR-SEC
100
AcDbLine
 10
134.0
 20
281.0
 30
0.0
 11
134.0
 21
282.8
 31
0.0
  0
LINE
  5
203
330
17
100
AcDbEntity
  8
S-REBAR-SEC
100
AcDbLine
 10
134.0
 20
284.0
 30
0.0
 11
134.0
 21
285.8
 31
0.0
  0
LINE
  5
204
330
17
100
AcDbEntity
  8
S-REBAR-SEC
100
AcDbLine
 10
134.0
 20
287.0
 30
0.0
 11
134.0
 21
288.8
 31
0.0
  0
LINE
  5
205
330
17
100
AcDbEntity
  8
S-REBAR-SEC
100
AcDbLine
 10
134.0
 20
290.0
 30
0.0
 11
134.0
 21
291.8
 31
0.0
  0
LINE
  5
206
330
17
100
AcDbEntity
  8
S-REBAR-SEC
100
AcDbLine
 10
134.0
 20
293.0
 30
0.0
 11
134.0
 21
294.8
 31
0.0
  0
LINE
  5
207
330
17
100
AcDbEntity
  8
S-REBAR-SEC
100
AcDbLine
 10
134.0
 20
296.0
 30
0.0
 11
134.0
 21
297.8
 31
0.0
  0
LINE
  5
208
330
17
100
AcDbEntity
  8
S-REBAR-SEC
100
AcDbLine
 10
134.0
 20
299.0
 30
0.0
 11
134.0
 21
300.8
 31
0.0
  0
LINE
  5
209
330
17
100
AcDbEntity
  8
S-REBAR-SEC
100
AcDbLine
 10
134.0
 20
302.0
 30
0.0
 11
134.0
 21
303.8
 31
0.0
  0
LINE
  5
20A
330
17
100
AcDbEntity
  8
S-REBAR-SEC
100
AcDbLine
 10
134.0
 20
305.0
 30
0.0
 11
134.0
 21
306.8
 31
0.0
  0
LINE
  5
20B
330
17
100
AcDbEntity
  8
S-REBAR-SEC
100
AcDbLine
 10
134.0
 20
308.0
 30
0.0
 11
134.0
 21
309.8
 31
0.0
  0
LINE
  5
20C
330
17
100
AcDbEntity
  8
S-REBAR-SEC
100
AcDbLine
 10
134.0
 20
311.0
 30
0.0
 11
134.0
 21
312.8
 31
0.0
  0
LINE
  5
20D
330
17
100
AcDbEntity
  8
S-REBAR-SEC
100
AcDbLine
 10
134.0
 20
314.0
 30
0.0
 11
134.0
 21
315.8
 31
0.0
  0
LINE
  5
20E
330
17
100
AcDbEntity
  8
S-REBAR-SEC
100
AcDbLine
 10
134.0
 20
317.0
 30
0.0
 11
134.0
 21
318.8
 31
0.0
  0
LINE
  5
20F
330
17
100
AcDbEntity
  8
S-REBAR-SEC
100
AcDbLine
 10
134.0
 20
320.0
 30
0.0
 11
134.0
 21
321.8
 31
0.0
  0
LINE
  5
210
330
17
100
AcDbEntity
  8
S-REBAR-SEC
100
AcDbLine
 10
134.0
 20
323.0
 30
0.0
 11
134.0
 21
324.8
 31
0.0
  0
LINE
  5
211
330
17
100
AcDbEntity
  8
S-REBAR-SEC
100
AcDbLine
 10
134.0
 20
326.0
 30
0.0
 11
134.0
 21
327.8
 31
0.0
  0
LINE
  5
212
330
17
100
AcDbEntity
  8
S-REBAR-SEC
100
AcDbLine
 10
134.0
 20
329.0
 30
0.0
 11
134.0
 21
330.8
 31
0.0
  0
LINE
  5
213
330
17
100
AcDbEntity
  8
S-REBAR-SEC
100
AcDbLine
 10
134.0
 20
332.0
 30
0.0
 11
134.0
 21
333.8
 31
0.0
  0
LINE
  5
214
330
17
100
AcDbEntity
  8
S-REBAR-SEC
100
AcDbLine
 10
134.0
 20
335.0
 30
0.0
 11
134.0
 21
336.8
 31
0.0
  0
LINE
  5
215
330
17
100
AcDbEntity
  8
S-REBAR-SEC
100
AcDbLine
 10
134.0
 20
338.0
 30
0.0
 11
134.0
 21
339.8
 31
0.0
  0
LINE
  5
216
330
17
100
AcDbEntity
  8
S-REBAR-SEC
100
AcDbLine
 10
134.0
 20
341.0
 30
0.0
 11
134.0
 21
342.8
 31
0.0
  0
LINE
  5
217
330
17
100
AcDbEntity
  8
S-REBAR-SEC
100
AcDbLine
 10
134.0
 20
344.0
 30
0.0
 11
134.0
 21
345.8
 31
0.0
  0
LINE
  5
218
330
17
100
AcDbEntity
  8
S-REBAR-SEC
100
AcDbLine
 10
134.0
 20
347.0
 30
0.0
 11
134.0
 21
348.8
 31
0.0
  0
LINE
  5
219
330
17
100
AcDbEntity
  8
S-REBAR-SEC
100
AcDbLine
 10
134.0
 20
350.0
 30
0.0
 11
134.0
 21
351.8
 31
0.0
  0
LINE
  5
21A
330
17
100
AcDbEntity
  8
S-REBAR-SEC
100
AcDbLine
 10
134.0
 20
353.0
 30
0.0
 11
134.0
 21
354.8
 31
0.0
  0
LINE
  5
21B
330
17
100
AcDbEntity
  8
S-REBAR-SEC
100
AcDbLine
 10
134.0
 20
356.0
 30
0.0
 11
134.0
 21
357.8
 31
0.0
  0
LINE
  5
21C
330
17
100
AcDbEntity
  8
S-REBAR-SEC
100
AcDbLine
 10
134.0
 20
359.0
 30
0.0
 11
134.0
 21
360.8
 31
0.0
  0
LINE
  5
21D
330
17
100
AcDbEntity
  8
S-REBAR-SEC
100
AcDbLine
 10
134.0
 20
362.0
 30
0.0
 11
134.0
 21
363.8
 31
0.0
  0
LINE
  5
21E
330
17
100
AcDbEntity
  8
S-REBAR-SEC
100
AcDbLine
 10
134.0
 20
365.0
 30
0.0
 11
134.0
 21
366.8
 31
0.0
  0
LINE
  5
21F
330
17
100
AcDbEntity
  8
S-REBAR-SEC
100
AcDbLine
 10
134.0
 20
368.0
 30
0.0
 11
134.0
 21
369.8
 31
0.0
  0
LINE
  5
220
330
17
100
AcDbEntity
  8
S-REBAR-SEC
100
AcDbLine
 10
134.0
 20
371.0
 30
0.0
 11
134.0
 21
372.8
 31
0.0
  0
LINE
  5
221
330
17
100
AcDbEntity
  8
S-REBAR-SEC
100
AcDbLine
 10
134.0
 20
374.0
 30
0.0
 11
134.0
 21
375.8
 31
0.0
  0
LINE
  5
222
330
17
100
AcDbEntity
  8
S-REBAR-SEC
100
AcDbLine
 10
134.0
 20
377.0
 30
0.0
 11
134.0
 21
378.8
 31
0.0
  0
LINE
  5
223
330
17
100
AcDbEntity
  8
S-REBAR-SEC
100
AcDbLine
 10
134.0
 20
380.0
 30
0.0
 11
134.0
 21
381.8
 31
0.0
  0
LINE
  5
224
330
17
100
AcDbEntity
  8
S-REBAR-SEC
100
AcDbLine
 10
62.0
 20
290.0
 30
0.0
 11
63.8
 21
290.0
 31
0.0
  0
LINE
  5
225
330
17
100
AcDbEntity
  8
S-REBAR-SEC
100
AcDbLine
 10
65.0
 20
290.0
 30
0.0
 11
66.8
 21
290.0
 31
0.0
  0
LINE
  5
226
330
17
100
AcDbEntity
  8
S-REBAR-SEC
100
AcDbLine
 10
68.0
 20
290.0
 30
0.0
 11
69.8
 21
290.0
 31
0.0
  0
LINE
  5
227
330
17
100
AcDbEntity
  8
S-REBAR-SEC
100
AcDbLine
 10
71.0
 20
290.0
 30
0.0
 11
72.8
 21
290.0
 31
0.0
  0
LINE
  5
228
330
17
100
AcDbEntity
  8
S-REBAR-SEC
100
AcDbLine
 10
74.0
 20
290.0
 30
0.0
 11
75.8
 21
290.0
 31
0.0
  0
LINE
  5
229
330
17
100
AcDbEntity
  8
S-REBAR-SEC
100
AcDbLine
 10
77.0
 20
290.0
 30
0.0
 11
78.8
 21
290.0
 31
0.0
  0
LINE
  5
22A
330
17
100
AcDbEntity
  8
S-REBAR-SEC
100
AcDbLine
 10
80.0
 20
290.0
 30
0.0
 11
81.8
 21
290.0
 31
0.0
  0
LINE
  5
22B
330
17
100
AcDbEntity
  8
S-REBAR-SEC
100
AcDbLine
 10
83.0
 20
290.0
 30
0.0
 11
84.8
 21
290.0
 31
0.0
  0
LINE
  5
22C
330
17
100
AcDbEntity
  8
S-REBAR-SEC
100
AcDbLine
 10
86.0
 20
290.0
 30
0.0
 11
87.8
 21
290.0
 31
0.0
  0
LINE
  5
22D
330
17
100
AcDbEntity
  8
S-REBAR-SEC
100
AcDbLine
 10
89.0
 20
290.0
 30
0.0
 11
90.8
 21
290.0
 31
0.0
  0
LINE
  5
22E
330
17
100
AcDbEntity
  8
S-REBAR-SEC
100
AcDbLine
 10
92.0
 20
290.0
 30
0.0
 11
93.8
 21
290.0
 31
0.0
  0
LINE
  5
22F
330
17
100
AcDbEntity
  8
S-REBAR-SEC
100
AcDbLine
 10
95.0
 20
290.0
 30
0.0
 11
96.8
 21
290.0
 31
0.0
  0
LINE
  5
230
330
17
100
AcDbEntity
  8
S-REBAR-SEC
100
AcDbLine
 10
98.0
 20
290.0
 30
0.0
 11
99.8
 21
290.0
 31
0.0
  0
LINE
  5
231
330
17
100
AcDbEntity
  8
S-REBAR-SEC
100
AcDbLine
 10
101.0
 20
290.0
 30
0.0
 11
102.8
 21
290.0
 31
0.0
  0
LINE
  5
232
330
17
100
AcDbEntity
  8
S-REBAR-SEC
100
AcDbLine
 10
104.0
 20
290.0
 30
0.0
 11
105.8
 21
290.0
 31
0.0
  0
LINE
  5
233
330
17
100
AcDbEntity
  8
S-REBAR-SEC
100
AcDbLine
 10
107.0
 20
290.0
 30
0.0
 11
108.8
 21
290.0
 31
0.0
  0
LINE
  5
234
330
17
100
AcDbEntity
  8
S-REBAR-SEC
100
AcDbLine
 10
110.0
 20
290.0
 30
0.0
 11
111.8
 21
290.0
 31
0.0
  0
LINE
  5
235
330
17
100
AcDbEntity
  8
S-REBAR-SEC
100
AcDbLine
 10
113.0
 20
290.0
 30
0.0
 11
114.8
 21
290.0
 31
0.0
  0
LINE
  5
236
330
17
100
AcDbEntity
  8
S-REBAR-SEC
100
AcDbLine
 10
116.0
 20
290.0
 30
0.0
 11
117.8
 21
290.0
 31
0.0
  0
LINE
  5
237
330
17
100
AcDbEntity
  8
S-REBAR-SEC
100
AcDbLine
 10
119.0
 20
290.0
 30
0.0
 11
120.8
 21
290.0
 31
0.0
  0
LINE
  5
238
330
17
100
AcDbEntity
  8
S-REBAR-SEC
100
AcDbLine
 10
122.0
 20
290.0
 30
0.0
 11
123.8
 21
290.0
 31
0.0
  0
LINE
  5
239
330
17
100
AcDbEntity
  8
S-REBAR-SEC
100
AcDbLine
 10
125.0
 20
290.0
 30
0.0
 11
126.8
 21
290.0
 31
0.0
  0
LINE
  5
23A
330
17
100
AcDbEntity
  8
S-REBAR-SEC
100
AcDbLine
 10
128.0
 20
290.0
 30
0.0
 11
129.8
 21
290.0
 31
0.0
  0
LINE
  5
23B
330
17
100
AcDbEntity
  8
S-REBAR-SEC
100
AcDbLine
 10
131.0
 20
290.0
 30
0.0
 11
132.8
 21
290.0
 31
0.0
  0
LINE
  5
23C
330
17
100
AcDbEntity
  8
S-REBAR-SEC
100
AcDbLine
 10
134.0
 20
290.0
 30
0.0
 11
135.8
 21
290.0
 31
0.0
  0
LINE
  5
23D
330
17
100
AcDbEntity
  8
S-REBAR-SEC
100
AcDbLine
 10
137.0
 20
290.0
 30
0.0
 11
138.8
 21
290.0
 31
0.0
  0
LINE
  5
23E
330
17
100
AcDbEntity
  8
S-REBAR-SEC
100
AcDbLine
 10
140.0
 20
290.0
 30
0.0
 11
141.8
 21
290.0
 31
0.0
  0
LINE
  5
23F
330
17
100
AcDbEntity
  8
S-REBAR-SEC
100
AcDbLine
 10
143.0
 20
290.0
 30
0.0
 11
144.8
 21
290.0
 31
0.0
  0
LINE
  5
240
330
17
100
AcDbEntity
  8
S-REBAR-SEC
100
AcDbLine
 10
146.0
 20
290.0
 30
0.0
 11
147.8
 21
290.0
 31
0.0
  0
LINE
  5
241
330
17
100
AcDbEntity
  8
S-REBAR-SEC
100
AcDbLine
 10
149.0
 20
290.0
 30
0.0
 11
150.8
 21
290.0
 31
0.0
  0
LINE
  5
242
330
17
100
AcDbEntity
  8
S-REBAR-SEC
100
AcDbLine
 10
152.0
 20
290.0
 30
0.0
 11
153.8
 21
290.0
 31
0.0
  0
LINE
  5
243
330
17
100
AcDbEntity
  8
S-REBAR-SEC
100
AcDbLine
 10
155.0
 20
290.0
 30
0.0
 11
156.8
 21
290.0
 31
0.0
  0
LINE
  5
244
330
17
100
AcDbEntity
  8
S-REBAR-SEC
100
AcDbLine
 10
62.0
 20
358.0
 30
0.0
 11
63.8
 21
358.0
 31
0.0
  0
LINE
  5
245
330
17
100
AcDbEntity
  8
S-REBAR-SEC
100
AcDbLine
 10
65.0
 20
358.0
 30
0.0
 11
66.8
 21
358.0
 31
0.0
  0
LINE
  5
246
330
17
100
AcDbEntity
  8
S-REBAR-SEC
100
AcDbLine
 10
68.0
 20
358.0
 30
0.0
 11
69.8
 21
358.0
 31
0.0
  0
LINE
  5
247
330
17
100
AcDbEntity
  8
S-REBAR-SEC
100
AcDbLine
 10
71.0
 20
358.0
 30
0.0
 11
72.8
 21
358.0
 31
0.0
  0
LINE
  5
248
330
17
100
AcDbEntity
  8
S-REBAR-SEC
100
AcDbLine
 10
74.0
 20
358.0
 30
0.0
 11
75.8
 21
358.0
 31
0.0
  0
LINE
  5
249
330
17
100
AcDbEntity
  8
S-REBAR-SEC
100
AcDbLine
 10
77.0
 20
358.0
 30
0.0
 11
78.8
 21
358.0
 31
0.0
  0
LINE
  5
24A
330
17
100
AcDbEntity
  8
S-REBAR-SEC
100
AcDbLine
 10
80.0
 20
358.0
 30
0.0
 11
81.8
 21
358.0
 31
0.0
  0
LINE
  5
24B
330
17
100
AcDbEntity
  8
S-REBAR-SEC
100
AcDbLine
 10
83.0
 20
358.0
 30
0.0
 11
84.8
 21
358.0
 31
0.0
  0
LINE
  5
24C
330
17
100
AcDbEntity
  8
S-REBAR-SEC
100
AcDbLine
 10
86.0
 20
358.0
 30
0.0
 11
87.8
 21
358.0
 31
0.0
  0
LINE
  5
24D
330
17
100
AcDbEntity
  8
S-REBAR-SEC
100
AcDbLine
 10
89.0
 20
358.0
 30
0.0
 11
90.8
 21
358.0
 31
0.0
  0
LINE
  5
24E
330
17
100
AcDbEntity
  8
S-REBAR-SEC
100
AcDbLine
 10
92.0
 20
358.0
 30
0.0
 11
93.8
 21
358.0
 31
0.0
  0
LINE
  5
24F
330
17
100
AcDbEntity
  8
S-REBAR-SEC
100
AcDbLine
 10
95.0
 20
358.0
 30
0.0
 11
96.8
 21
358.0
 31
0.0
  0
LINE
  5
250
330
17
100
AcDbEntity
  8
S-REBAR-SEC
100
AcDbLine
 10
98.0
 20
358.0
 30
0.0
 11
99.8
 21
358.0
 31
0.0
  0
LINE
  5
251
330
17
100
AcDbEntity
  8
S-REBAR-SEC
100
AcDbLine
 10
101.0
 20
358.0
 30
0.0
 11
102.8
 21
358.0
 31
0.0
  0
LINE
  5
252
330
17
100
AcDbEntity
  8
S-REBAR-SEC
100
AcDbLine
 10
104.0
 20
358.0
 30
0.0
 11
105.8
 21
358.0
 31
0.0
  0
LINE
  5
253
330
17
100
AcDbEntity
  8
S-REBAR-SEC
100
AcDbLine
 10
107.0
 20
358.0
 30
0.0
 11
108.8
 21
358.0
 31
0.0
  0
LINE
  5
254
330
17
100
AcDbEntity
  8
S-REBAR-SEC
100
AcDbLine
 10
110.0
 20
358.0
 30
0.0
 11
111.8
 21
358.0
 31
0.0
  0
LINE
  5
255
330
17
100
AcDbEntity
  8
S-REBAR-SEC
100
AcDbLine
 10
113.0
 20
358.0
 30
0.0
 11
114.8
 21
358.0
 31
0.0
  0
LINE
  5
256
330
17
100
AcDbEntity
  8
S-REBAR-SEC
100
AcDbLine
 10
116.0
 20
358.0
 30
0.0
 11
117.8
 21
358.0
 31
0.0
  0
LINE
  5
257
330
17
100
AcDbEntity
  8
S-REBAR-SEC
100
AcDbLine
 10
119.0
 20
358.0
 30
0.0
 11
120.8
 21
358.0
 31
0.0
  0
LINE
  5
258
330
17
100
AcDbEntity
  8
S-REBAR-SEC
100
AcDbLine
 10
122.0
 20
358.0
 30
0.0
 11
123.8
 21
358.0
 31
0.0
  0
LINE
  5
259
330
17
100
AcDbEntity
  8
S-REBAR-SEC
100
AcDbLine
 10
125.0
 20
358.0
 30
0.0
 11
126.8
 21
358.0
 31
0.0
  0
LINE
  5
25A
330
17
100
AcDbEntity
  8
S-REBAR-SEC
100
AcDbLine
 10
128.0
 20
358.0
 30
0.0
 11
129.8
 21
358.0
 31
0.0
  0
LINE
  5
25B
330
17
100
AcDbEntity
  8
S-REBAR-SEC
100
AcDbLine
 10
131.0
 20
358.0
 30
0.0
 11
132.8
 21
358.0
 31
0.0
  0
LINE
  5
25C
330
17
100
AcDbEntity
  8
S-REBAR-SEC
100
AcDbLine
 10
134.0
 20
358.0
 30
0.0
 11
135.8
 21
358.0
 31
0.0
  0
LINE
  5
25D
330
17
100
AcDbEntity
  8
S-REBAR-SEC
100
AcDbLine
 10
137.0
 20
358.0
 30
0.0
 11
138.8
 21
358.0
 31
0.0
  0
LINE
  5
25E
330
17
100
AcDbEntity
  8
S-REBAR-SEC
100
AcDbLine
 10
140.0
 20
358.0
 30
0.0
 11
141.8
 21
358.0
 31
0.0
  0
LINE
  5
25F
330
17
100
AcDbEntity
  8
S-REBAR-SEC
100
AcDbLine
 10
143.0
 20
358.0
 30
0.0
 11
144.8
 21
358.0
 31
0.0
  0
LINE
  5
260
330
17
100
AcDbEntity
  8
S-REBAR-SEC
100
AcDbLine
 10
146.0
 20
358.0
 30
0.0
 11
147.8
 21
358.0
 31
0.0
  0
LINE
  5
261
330
17
100
AcDbEntity
  8
S-REBAR-SEC
100
AcDbLine
 10
149.0
 20
358.0
 30
0.0
 11
150.8
 21
358.0
 31
0.0
  0
LINE
  5
262
330
17
100
AcDbEntity
  8
S-REBAR-SEC
100
AcDbLine
 10
152.0
 20
358.0
 30
0.0
 11
153.8
 21
358.0
 31
0.0
  0
LINE
  5
263
330
17
100
AcDbEntity
  8
S-REBAR-SEC
100
AcDbLine
 10
155.0
 20
358.0
 30
0.0
 11
156.8
 21
358.0
 31
0.0
  0
LINE
  5
264
330
17
100
AcDbEntity
  8
S-HIDDEN
100
AcDbLine
 10
79.0
 20
374.0
 30
0.0
 11
79.0
 21
375.8
 31
0.0
  0
LINE
  5
265
330
17
100
AcDbEntity
  8
S-HIDDEN
100
AcDbLine
 10
79.0
 20
377.0
 30
0.0
 11
79.0
 21
378.8
 31
0.0
  0
LINE
  5
266
330
17
100
AcDbEntity
  8
S-HIDDEN
100
AcDbLine
 10
79.0
 20
380.0
 30
0.0
 11
79.0
 21
381.8
 31
0.0
  0
LINE
  5
267
330
17
100
AcDbEntity
  8
S-HIDDEN
100
AcDbLine
 10
97.0
 20
374.0
 30
0.0
 11
97.0
 21
375.8
 31
0.0
  0
LINE
  5
268
330
17
100
AcDbEntity
  8
S-HIDDEN
100
AcDbLine
 10
97.0
 20
377.0
 30
0.0
 11
97.0
 21
378.8
 31
0.0
  0
LINE
  5
269
330
17
100
AcDbEntity
  8
S-HIDDEN
100
AcDbLine
 10
97.0
 20
380.0
 30
0.0
 11
97.0
 21
381.8
 31
0.0
  0
ELLIPSE
  5
26A
330
17
100
AcDbEntity
  8
S-CALLOUT
100
AcDbEllipse
 10
94.0
 20
356.0
 30
0.0
 11
4.3
 21
0.0
 31
0.0
 40
0.5813953488372093
 41
0.0
 42
6.283185307179586
  0
TEXT
  5
26B
330
17
100
AcDbEntity
  8
S-CALLOUT
100
AcDbText
 10
94.0
 20
356.0
 30
0.0
 40
2.0
  1
H01A
  7
OpenSans
 72
1
 11
94.0
 21
356.0
 31
0.0
100
AcDbText
 73
2
  0
LINE
  5
26C
330
17
100
AcDbEntity
  8
S-CALLOUT
100
AcDbLine
 10
118.0
 20
356.0
 30
0.0
 11
98.3
 21
356.0
 31
0.0
  0
ELLIPSE
  5
26D
330
17
100
AcDbEntity
  8
S-CALLOUT
100
AcDbEllipse
 10
94.0
 20
332.0
 30
0.0
 11
4.3
 21
0.0
 31
0.0
 40
0.5813953488372093
 41
0.0
 42
6.283185307179586
  0
TEXT
  5
26E
330
17
100
AcDbEntity
  8
S-CALLOUT
100
AcDbText
 10
94.0
 20
332.0
 30
0.0
 40
2.0
  1
H01B
  7
OpenSans
 72
1
 11
94.0
 21
332.0
 31
0.0
100
AcDbText
 73
2
  0
LINE
  5
26F
330
17
100
AcDbEntity
  8
S-CALLOUT
100
AcDbLine
 10
118.0
 20
332.0
 30
0.0
 11
98.3
 21
332.0
 31
0.0
  0
ELLIPSE
  5
270
330
17
100
AcDbEntity
  8
S-CALLOUT
100
AcDbEllipse
 10
84.0
 20
285.0
 30
0.0
 11
4.3
 21
0.0
 31
0.0
 40
0.5813953488372093
 41
0.0
 42
6.283185307179586
  0
TEXT
  5
271
330
17
100
AcDbEntity
  8
S-CALLOUT
100
AcDbText
 10
84.0
 20
285.0
 30
0.0
 40
2.0
  1
H02
  7
OpenSans
 72
1
 11
84.0
 21
285.0
 31
0.0
100
AcDbText
 73
2
  0
LINE
  5
272
330
17
100
AcDbEntity
  8
S-CALLOUT
100
AcDbLine
 10
74.0
 20
285.0
 30
0.0
 11
79.7
 21
285.0
 31
0.0
  0
ELLIPSE
  5
273
330
17
100
AcDbEntity
  8
S-CALLOUT
100
AcDbEllipse
 10
114.0
 20
309.0
 30
0.0
 11
4.3
 21
0.0
 31
0.0
 40
0.5813953488372093
 41
0.0
 42
6.283185307179586
  0
TEXT
  5
274
330
17
100
AcDbEntity
  8
S-CALLOUT
100
AcDbText
 10
114.0
 20
309.0
 30
0.0
 40
2.0
  1
H03
  7
OpenSans
 72
1
 11
114.0
 21
309.0
 31
0.0
100
AcDbText
 73
2
  0
LINE
  5
275
330
17
100
AcDbEntity
  8
S-CALLOUT
100
AcDbLine
 10
134.0
 20
309.0
 30
0.0
 11
118.3
 21
309.0
 31
0.0
  0
TEXT
  5
276
330
17
100
AcDbEntity
  8
S-TEXT
100
AcDbText
 10
112.0
 20
369.0
 30
0.0
 40
1.7
  1
T20 @ 150 EF EW
  7
OpenSans
 72
1
 11
112.0
 21
369.0
 31
0.0
100
AcDbText
 73
2
  0
TEXT
  5
277
330
17
100
AcDbEntity
  8
S-TEXT
100
AcDbText
 10
112.0
 20
280.0
 30
0.0
 40
1.7
  1
X BARS MAIN (RED), Y SECONDARY (BLUE)
  7
OpenSans
 72
1
 11
112.0
 21
280.0
 31
0.0
100
AcDbText
 73
2
  0
TEXT
  5
278
330
17
100
AcDbEntity
  8
S-TEXT
100
AcDbText
 10
74.0
 20
338.0
 30
0.0
 40
1.7
  1
LINK ZONE 1200
 50
90.0
  7
OpenSans
 72
1
 11
74.0
 21
338.0
 31
0.0
100
AcDbText
 73
2
  0
TEXT
  5
279
330
17
100
AcDbEntity
  8
S-TEXT
100
AcDbText
 10
88.0
 20
378.0
 30
0.0
 40
1.7
  1
SECURITY DOOR BELOW, IN HW2
  7
OpenSans
 72
1
 11
88.0
 21
378.0
 31
0.0
100
AcDbText
 73
2
  0
INSERT
  5
27A
330
17
100
AcDbEntity
  8
S-TITLE
100
AcDbBlockReference
  2
A2-NORTH
 10
144.0
 20
368.0
 30
0.0
  0
TEXT
  5
27C
330
17
100
AcDbEntity
  8
S-TITLE
100
AcDbText
 10
144.0
 20
377.6
 30
0.0
 40
1.8
  1
N
  7
OpenSans
 72
1
 11
144.0
 21
377.6
 31
0.0
100
AcDbText
 73
1
  0
INSERT
  5
27D
330
17
100
AcDbEntity
  8
S-SECTION
100
AcDbBlockReference
  2
A2-SECMARK
 10
53.0
 20
324.0
 30
0.0
  0
TEXT
  5
27F
330
17
100
AcDbEntity
  8
S-SECTION
100
AcDbText
 10
53.0
 20
324.0
 30
0.0
 40
2.0
  1
A
  7
OpenSans
 72
1
 11
53.0
 21
324.0
 31
0.0
100
AcDbText
 73
2
  0
LINE
  5
280
330
17
100
AcDbEntity
  8
S-SECTION
100
AcDbLine
 10
56.6
 20
324.0
 30
0.0
 11
59.2
 21
324.0
 31
0.0
  0
INSERT
  5
281
330
17
100
AcDbEntity
  8
S-SECTION
100
AcDbBlockReference
  2
A2-SECMARK
 10
167.0
 20
324.0
 30
0.0
  0
TEXT
  5
283
330
17
100
AcDbEntity
  8
S-SECTION
100
AcDbText
 10
167.0
 20
324.0
 30
0.0
 40
2.0
  1
A
  7
OpenSans
 72
1
 11
167.0
 21
324.0
 31
0.0
100
AcDbText
 73
2
  0
LINE
  5
284
330
17
100
AcDbEntity
  8
S-SECTION
100
AcDbLine
 10
163.4
 20
324.0
 30
0.0
 11
160.8
 21
324.0
 31
0.0
  0
LINE
  5
285
330
17
100
AcDbEntity
  8
S-CENTER
100
AcDbLine
 10
54.0
 20
324.0
 30
0.0
 11
58.0
 21
324.0
 31
0.0
  0
LINE
  5
286
330
17
100
AcDbEntity
  8
S-CENTER
100
AcDbLine
 10
59.2
 20
324.0
 30
0.0
 11
59.8
 21
324.0
 31
0.0
  0
LINE
  5
287
330
17
100
AcDbEntity
  8
S-CENTER
100
AcDbLine
 10
61.0
 20
324.0
 30
0.0
 11
65.0
 21
324.0
 31
0.0
  0
LINE
  5
288
330
17
100
AcDbEntity
  8
S-CENTER
100
AcDbLine
 10
66.2
 20
324.0
 30
0.0
 11
66.8
 21
324.0
 31
0.0
  0
LINE
  5
289
330
17
100
AcDbEntity
  8
S-CENTER
100
AcDbLine
 10
68.0
 20
324.0
 30
0.0
 11
72.0
 21
324.0
 31
0.0
  0
LINE
  5
28A
330
17
100
AcDbEntity
  8
S-CENTER
100
AcDbLine
 10
73.2
 20
324.0
 30
0.0
 11
73.8
 21
324.0
 31
0.0
  0
LINE
  5
28B
330
17
100
AcDbEntity
  8
S-CENTER
100
AcDbLine
 10
75.0
 20
324.0
 30
0.0
 11
79.0
 21
324.0
 31
0.0
  0
LINE
  5
28C
330
17
100
AcDbEntity
  8
S-CENTER
100
AcDbLine
 10
80.2
 20
324.0
 30
0.0
 11
80.8
 21
324.0
 31
0.0
  0
LINE
  5
28D
330
17
100
AcDbEntity
  8
S-CENTER
100
AcDbLine
 10
82.0
 20
324.0
 30
0.0
 11
86.0
 21
324.0
 31
0.0
  0
LINE
  5
28E
330
17
100
AcDbEntity
  8
S-CENTER
100
AcDbLine
 10
87.2
 20
324.0
 30
0.0
 11
87.80000000000001
 21
324.0
 31
0.0
  0
LINE
  5
28F
330
17
100
AcDbEntity
  8
S-CENTER
100
AcDbLine
 10
89.0
 20
324.0
 30
0.0
 11
93.0
 21
324.0
 31
0.0
  0
LINE
  5
290
330
17
100
AcDbEntity
  8
S-CENTER
100
AcDbLine
 10
94.20000000000002
 20
324.0
 30
0.0
 11
94.80000000000001
 21
324.0
 31
0.0
  0
LINE
  5
291
330
17
100
AcDbEntity
  8
S-CENTER
100
AcDbLine
 10
96.00000000000001
 20
324.0
 30
0.0
 11
100.00000000000001
 21
324.0
 31
0.0
  0
LINE
  5
292
330
17
100
AcDbEntity
  8
S-CENTER
100
AcDbLine
 10
101.20000000000002
 20
324.0
 30
0.0
 11
101.80000000000001
 21
324.0
 31
0.0
  0
LINE
  5
293
330
17
100
AcDbEntity
  8
S-CENTER
100
AcDbLine
 10
103.00000000000003
 20
324.0
 30
0.0
 11
107.00000000000003
 21
324.0
 31
0.0
  0
LINE
  5
294
330
17
100
AcDbEntity
  8
S-CENTER
100
AcDbLine
 10
108.20000000000002
 20
324.0
 30
0.0
 11
108.80000000000003
 21
324.0
 31
0.0
  0
LINE
  5
295
330
17
100
AcDbEntity
  8
S-CENTER
100
AcDbLine
 10
110.00000000000003
 20
324.0
 30
0.0
 11
114.00000000000003
 21
324.0
 31
0.0
  0
LINE
  5
296
330
17
100
AcDbEntity
  8
S-CENTER
100
AcDbLine
 10
115.20000000000003
 20
324.0
 30
0.0
 11
115.80000000000004
 21
324.0
 31
0.0
  0
LINE
  5
297
330
17
100
AcDbEntity
  8
S-CENTER
100
AcDbLine
 10
117.00000000000003
 20
324.0
 30
0.0
 11
121.00000000000003
 21
324.0
 31
0.0
  0
LINE
  5
298
330
17
100
AcDbEntity
  8
S-CENTER
100
AcDbLine
 10
122.20000000000003
 20
324.0
 30
0.0
 11
122.80000000000003
 21
324.0
 31
0.0
  0
LINE
  5
299
330
17
100
AcDbEntity
  8
S-CENTER
100
AcDbLine
 10
124.00000000000003
 20
324.0
 30
0.0
 11
128.00000000000003
 21
324.0
 31
0.0
  0
LINE
  5
29A
330
17
100
AcDbEntity
  8
S-CENTER
100
AcDbLine
 10
129.20000000000005
 20
324.0
 30
0.0
 11
129.8
 21
324.0
 31
0.0
  0
LINE
  5
29B
330
17
100
AcDbEntity
  8
S-CENTER
100
AcDbLine
 10
131.00000000000003
 20
324.0
 30
0.0
 11
135.00000000000003
 21
324.0
 31
0.0
  0
LINE
  5
29C
330
17
100
AcDbEntity
  8
S-CENTER
100
AcDbLine
 10
136.20000000000005
 20
324.0
 30
0.0
 11
136.8
 21
324.0
 31
0.0
  0
LINE
  5
29D
330
17
100
AcDbEntity
  8
S-CENTER
100
AcDbLine
 10
138.00000000000003
 20
324.0
 30
0.0
 11
142.00000000000003
 21
324.0
 31
0.0
  0
LINE
  5
29E
330
17
100
AcDbEntity
  8
S-CENTER
100
AcDbLine
 10
143.20000000000005
 20
324.0
 30
0.0
 11
143.8
 21
324.0
 31
0.0
  0
LINE
  5
29F
330
17
100
AcDbEntity
  8
S-CENTER
100
AcDbLine
 10
145.00000000000003
 20
324.0
 30
0.0
 11
149.00000000000003
 21
324.0
 31
0.0
  0
LINE
  5
2A0
330
17
100
AcDbEntity
  8
S-CENTER
100
AcDbLine
 10
150.20000000000005
 20
324.0
 30
0.0
 11
150.8
 21
324.0
 31
0.0
  0
LINE
  5
2A1
330
17
100
AcDbEntity
  8
S-CENTER
100
AcDbLine
 10
152.00000000000003
 20
324.0
 30
0.0
 11
156.00000000000003
 21
324.0
 31
0.0
  0
LINE
  5
2A2
330
17
100
AcDbEntity
  8
S-CENTER
100
AcDbLine
 10
157.20000000000005
 20
324.0
 30
0.0
 11
157.8
 21
324.0
 31
0.0
  0
LINE
  5
2A3
330
17
100
AcDbEntity
  8
S-CENTER
100
AcDbLine
 10
159.00000000000003
 20
324.0
 30
0.0
 11
163.00000000000003
 21
324.0
 31
0.0
  0
LINE
  5
2A4
330
17
100
AcDbEntity
  8
S-CENTER
100
AcDbLine
 10
164.20000000000005
 20
324.0
 30
0.0
 11
164.8
 21
324.0
 31
0.0
  0
DIMENSION
  5
2A5
330
17
100
AcDbEntity
  8
S-DIM
100
AcDbDimension
280
0
  2
*D1
  3
A2-DIM
 10
62.0
 20
260.0
 30
0.0
 11
110.0
 21
261.7
 31
0.0
 70
32
 71
5
  1
<>
100
AcDbAlignedDimension
 13
62.0
 23
266.0
 33
0.0
 14
158.0
 24
266.0
 34
0.0
 50
0.0
100
AcDbRotatedDimension
1001
ACAD
1000
DSTYLE
1002
{
1070
144
1040
50.0
1002
}
  0
DIMENSION
  5
2B4
330
17
100
AcDbEntity
  8
S-DIM
100
AcDbDimension
280
0
  2
*D2
  3
A2-DIM
 10
47.0
 20
266.0
 30
0.0
 11
45.3
 21
324.0
 31
0.0
 70
32
 71
5
  1
<>
100
AcDbAlignedDimension
 13
62.0
 23
266.0
 33
0.0
 14
62.0
 24
382.0
 34
0.0
 50
90.0
100
AcDbRotatedDimension
1001
ACAD
1000
DSTYLE
1002
{
1070
144
1040
50.0
1002
}
  0
CIRCLE
  5
2C3
330
17
100
AcDbEntity
  8
S-TITLE
100
AcDbCircle
 10
48.0
 20
252.0
 30
0.0
 40
4.0
  0
TEXT
  5
2C4
330
17
100
AcDbEntity
  8
S-TITLE
100
AcDbText
 10
48.0
 20
252.0
 30
0.0
 40
3.6720000000000006
  1
1
  7
OpenSans
 72
1
 11
48.0
 21
252.0
 31
0.0
100
AcDbText
 73
2
  0
TEXT
  5
2C5
330
17
100
AcDbEntity
  8
S-TITLE
100
AcDbText
 10
56.2
 20
253.0
 30
0.0
 40
3.4971528515763373
  1
HEADHOUSE - ROOF REINFORCEMENT PLAN
  7
OpenSans
 11
56.2
 21
253.0
 31
0.0
100
AcDbText
  0
LINE
  5
2C6
330
17
100
AcDbEntity
  8
S-TITLE
100
AcDbLine
 10
53.6
 20
251.6
 30
0.0
 11
162.0
 21
251.6
 31
0.0
  0
TEXT
  5
2C7
330
17
100
AcDbEntity
  8
S-TEXT
100
AcDbText
 10
56.2
 20
245.4
 30
0.0
 40
2.245527692482657
  1
1 : 50   ROOF 500 THK, T20 @ 150 EF EW (2094 mm2/m), COVER 75
  7
OpenSans
 11
56.2
 21
245.4
 31
0.0
100
AcDbText
  0
HATCH
  5
2C8
330
17
100
AcDbEntity
  8
S-EXISTING
 62
7
100
AcDbHatch
 10
0.0
 20
0.0
 30
0.0
210
0.0
220
0.0
230
1.0
  2
EARTH
 70
0
 71
0
 91
1
 92
3
 72
0
 73
1
 93
4
 10
51.0
 20
210.0
 10
78.0
 20
228.0
 10
78.0
 20
170.0
 10
51.0
 20
170.0
 97
0
 75
1
 76
1
 52
0.0
 41
0.9
 77
0
 78
6
 53
0.0
 43
0.0
 44
0.0
 45
5.715
 46
5.715
 79
2
 49
5.715
 49
-5.715
 53
0.0
 43
0.0
 44
2.143125
 45
5.715
 46
5.715
 79
2
 49
5.715
 49
-5.715
 53
0.0
 43
0.0
 44
4.28625
 45
5.715
 46
5.715
 79
2
 49
5.715
 49
-5.715
 53
90.0
 43
0.714375
 44
5.000625
 45
-5.715
 46
5.715
 79
2
 49
5.715
 49
-5.715
 53
90.0
 43
2.8575
 44
5.000625
 45
-5.715
 46
5.715
 79
2
 49
5.715
 49
-5.715
 53
90.0
 43
5.000625
 44
5.000625
 45
-5.715
 46
5.715
 79
2
 49
5.715
 49
-5.715
 98
0
  0
HATCH
  5
2C9
330
17
100
AcDbEntity
  8
S-EXISTING
 62
7
100
AcDbHatch
 10
0.0
 20
0.0
 30
0.0
210
0.0
220
0.0
230
1.0
  2
EARTH
 70
0
 71
0
 91
1
 92
3
 72
0
 73
1
 93
4
 10
174.0
 20
228.0
 10
201.0
 20
210.0
 10
201.0
 20
170.0
 10
174.0
 20
170.0
 97
0
 75
1
 76
1
 52
0.0
 41
0.9
 77
0
 78
6
 53
0.0
 43
0.0
 44
0.0
 45
5.715
 46
5.715
 79
2
 49
5.715
 49
-5.715
 53
0.0
 43
0.0
 44
2.143125
 45
5.715
 46
5.715
 79
2
 49
5.715
 49
-5.715
 53
0.0
 43
0.0
 44
4.28625
 45
5.715
 46
5.715
 79
2
 49
5.715
 49
-5.715
 53
90.0
 43
0.714375
 44
5.000625
 45
-5.715
 46
5.715
 79
2
 49
5.715
 49
-5.715
 53
90.0
 43
2.8575
 44
5.000625
 45
-5.715
 46
5.715
 79
2
 49
5.715
 49
-5.715
 53
90.0
 43
5.000625
 44
5.000625
 45
-5.715
 46
5.715
 79
2
 49
5.715
 49
-5.715
 98
0
  0
HATCH
  5
2CA
330
17
100
AcDbEntity
  8
S-HATCH
 62
7
100
AcDbHatch
 10
0.0
 20
0.0
 30
0.0
210
0.0
220
0.0
230
1.0
  2
ANSI31
 70
0
 71
0
 91
1
 92
3
 72
0
 73
1
 93
4
 10
51.0
 20
170.0
 10
201.0
 20
170.0
 10
201.0
 20
152.0
 10
51.0
 20
152.0
 97
0
 75
1
 76
1
 52
0.0
 41
1.1
 77
0
 78
1
 53
45.0
 43
0.0
 44
0.0
 45
-2.4695704333
 46
2.4695704333
 79
0
 98
0
  0
LWPOLYLINE
  5
2CB
330
17
100
AcDbEntity
  8
S-CONCRETE
100
AcDbPolyline
 90
4
 70
1
 10
51.0
 20
152.0
 10
201.0
 20
152.0
 10
201.0
 20
170.0
 10
51.0
 20
170.0
  0
HATCH
  5
2CC
330
17
100
AcDbEntity
  8
S-HATCH
 62
7
100
AcDbHatch
 10
0.0
 20
0.0
 30
0.0
210
0.0
220
0.0
230
1.0
  2
ANSI31
 70
0
 71
0
 91
1
 92
3
 72
0
 73
1
 93
4
 10
78.0
 20
170.0
 10
86.0
 20
170.0
 10
86.0
 20
218.0
 10
78.0
 20
218.0
 97
0
 75
1
 76
1
 52
0.0
 41
0.8
 77
0
 78
1
 53
45.0
 43
0.0
 44
0.0
 45
-1.7960512242
 46
1.7960512242
 79
0
 98
0
  0
LWPOLYLINE
  5
2CD
330
17
100
AcDbEntity
  8
S-CONCRETE
100
AcDbPolyline
 90
4
 70
1
 10
78.0
 20
170.0
 10
86.0
 20
170.0
 10
86.0
 20
218.0
 10
78.0
 20
218.0
  0
HATCH
  5
2CE
330
17
100
AcDbEntity
  8
S-HATCH
 62
7
100
AcDbHatch
 10
0.0
 20
0.0
 30
0.0
210
0.0
220
0.0
230
1.0
  2
ANSI31
 70
0
 71
0
 91
1
 92
3
 72
0
 73
1
 93
4
 10
166.0
 20
170.0
 10
174.0
 20
170.0
 10
174.0
 20
218.0
 10
166.0
 20
218.0
 97
0
 75
1
 76
1
 52
0.0
 41
0.8
 77
0
 78
1
 53
45.0
 43
0.0
 44
0.0
 45
-1.7960512242
 46
1.7960512242
 79
0
 98
0
  0
LWPOLYLINE
  5
2CF
330
17
100
AcDbEntity
  8
S-CONCRETE
100
AcDbPolyline
 90
4
 70
1
 10
166.0
 20
170.0
 10
174.0
 20
170.0
 10
174.0
 20
218.0
 10
166.0
 20
218.0
  0
HATCH
  5
2D0
330
17
100
AcDbEntity
  8
S-HATCH
 62
7
100
AcDbHatch
 10
0.0
 20
0.0
 30
0.0
210
0.0
220
0.0
230
1.0
  2
ANSI31
 70
0
 71
0
 91
1
 92
3
 72
0
 73
1
 93
4
 10
78.0
 20
218.0
 10
174.0
 20
218.0
 10
174.0
 20
228.0
 10
78.0
 20
228.0
 97
0
 75
1
 76
1
 52
0.0
 41
0.8
 77
0
 78
1
 53
45.0
 43
0.0
 44
0.0
 45
-1.7960512242
 46
1.7960512242
 79
0
 98
0
  0
LWPOLYLINE
  5
2D1
330
17
100
AcDbEntity
  8
S-CONCRETE
100
AcDbPolyline
 90
4
 70
1
 10
78.0
 20
218.0
 10
174.0
 20
218.0
 10
174.0
 20
228.0
 10
78.0
 20
228.0
  0
LWPOLYLINE
  5
2D2
330
17
100
AcDbEntity
  8
S-CONCRETE
100
AcDbPolyline
 90
3
 70
1
 10
86.0
 20
218.0
 10
92.0
 20
218.0
 10
86.0
 20
212.0
  0
LWPOLYLINE
  5
2D3
330
17
100
AcDbEntity
  8
S-CONCRETE
100
AcDbPolyline
 90
3
 70
1
 10
166.0
 20
218.0
 10
160.0
 20
218.0
 10
166.0
 20
212.0
  0
LWPOLYLINE
  5
2D4
330
17
100
AcDbEntity
  8
S-REBAR-MAIN
100
AcDbPolyline
 90
2
 70
0
 10
79.5
 20
219.7
 10
172.5
 20
219.7
  0
LWPOLYLINE
  5
2D5
330
17
100
AcDbEntity
  8
S-REBAR-MAIN
100
AcDbPolyline
 90
2
 70
0
 10
79.5
 20
226.3
 10
172.5
 20
226.3
  0
LINE
  5
2D6
330
17
100
AcDbEntity
  8
S-REBAR-STIRRUP
100
AcDbLine
 10
82.0
 20
219.5
 30
0.0
 11
82.0
 21
226.5
 31
0.0
  0
LINE
  5
2D7
330
17
100
AcDbEntity
  8
S-REBAR-STIRRUP
100
AcDbLine
 10
85.5
 20
219.5
 30
0.0
 11
85.5
 21
226.5
 31
0.0
  0
LINE
  5
2D8
330
17
100
AcDbEntity
  8
S-REBAR-STIRRUP
100
AcDbLine
 10
89.0
 20
219.5
 30
0.0
 11
89.0
 21
226.5
 31
0.0
  0
LINE
  5
2D9
330
17
100
AcDbEntity
  8
S-REBAR-STIRRUP
100
AcDbLine
 10
92.5
 20
219.5
 30
0.0
 11
92.5
 21
226.5
 31
0.0
  0
LINE
  5
2DA
330
17
100
AcDbEntity
  8
S-REBAR-STIRRUP
100
AcDbLine
 10
96.0
 20
219.5
 30
0.0
 11
96.0
 21
226.5
 31
0.0
  0
LINE
  5
2DB
330
17
100
AcDbEntity
  8
S-REBAR-STIRRUP
100
AcDbLine
 10
99.5
 20
219.5
 30
0.0
 11
99.5
 21
226.5
 31
0.0
  0
LINE
  5
2DC
330
17
100
AcDbEntity
  8
S-REBAR-STIRRUP
100
AcDbLine
 10
103.0
 20
219.5
 30
0.0
 11
103.0
 21
226.5
 31
0.0
  0
LINE
  5
2DD
330
17
100
AcDbEntity
  8
S-REBAR-STIRRUP
100
AcDbLine
 10
108.0
 20
219.5
 30
0.0
 11
108.0
 21
226.5
 31
0.0
  0
LINE
  5
2DE
330
17
100
AcDbEntity
  8
S-REBAR-STIRRUP
100
AcDbLine
 10
113.0
 20
219.5
 30
0.0
 11
113.0
 21
226.5
 31
0.0
  0
LINE
  5
2DF
330
17
100
AcDbEntity
  8
S-REBAR-STIRRUP
100
AcDbLine
 10
118.0
 20
219.5
 30
0.0
 11
118.0
 21
226.5
 31
0.0
  0
LINE
  5
2E0
330
17
100
AcDbEntity
  8
S-REBAR-STIRRUP
100
AcDbLine
 10
123.0
 20
219.5
 30
0.0
 11
123.0
 21
226.5
 31
0.0
  0
LINE
  5
2E1
330
17
100
AcDbEntity
  8
S-REBAR-STIRRUP
100
AcDbLine
 10
128.0
 20
219.5
 30
0.0
 11
128.0
 21
226.5
 31
0.0
  0
LINE
  5
2E2
330
17
100
AcDbEntity
  8
S-REBAR-STIRRUP
100
AcDbLine
 10
133.0
 20
219.5
 30
0.0
 11
133.0
 21
226.5
 31
0.0
  0
LINE
  5
2E3
330
17
100
AcDbEntity
  8
S-REBAR-STIRRUP
100
AcDbLine
 10
138.0
 20
219.5
 30
0.0
 11
138.0
 21
226.5
 31
0.0
  0
LINE
  5
2E4
330
17
100
AcDbEntity
  8
S-REBAR-STIRRUP
100
AcDbLine
 10
143.0
 20
219.5
 30
0.0
 11
143.0
 21
226.5
 31
0.0
  0
LINE
  5
2E5
330
17
100
AcDbEntity
  8
S-REBAR-STIRRUP
100
AcDbLine
 10
148.0
 20
219.5
 30
0.0
 11
148.0
 21
226.5
 31
0.0
  0
LINE
  5
2E6
330
17
100
AcDbEntity
  8
S-REBAR-STIRRUP
100
AcDbLine
 10
153.0
 20
219.5
 30
0.0
 11
153.0
 21
226.5
 31
0.0
  0
LINE
  5
2E7
330
17
100
AcDbEntity
  8
S-REBAR-STIRRUP
100
AcDbLine
 10
156.5
 20
219.5
 30
0.0
 11
156.5
 21
226.5
 31
0.0
  0
LINE
  5
2E8
330
17
100
AcDbEntity
  8
S-REBAR-STIRRUP
100
AcDbLine
 10
160.0
 20
219.5
 30
0.0
 11
160.0
 21
226.5
 31
0.0
  0
LINE
  5
2E9
330
17
100
AcDbEntity
  8
S-REBAR-STIRRUP
100
AcDbLine
 10
163.5
 20
219.5
 30
0.0
 11
163.5
 21
226.5
 31
0.0
  0
LINE
  5
2EA
330
17
100
AcDbEntity
  8
S-REBAR-STIRRUP
100
AcDbLine
 10
167.0
 20
219.5
 30
0.0
 11
167.0
 21
226.5
 31
0.0
  0
LWPOLYLINE
  5
2EB
330
17
100
AcDbEntity
  8
S-REBAR-MAIN
100
AcDbPolyline
 90
2
 70
0
 10
79.0
 20
167.0
 10
79.0
 20
218.0
  0
LWPOLYLINE
  5
2EC
330
17
100
AcDbEntity
  8
S-REBAR-MAIN
100
AcDbPolyline
 90
2
 70
0
 10
85.2
 20
167.0
 10
85.2
 20
218.0
  0
LINE
  5
2ED
330
17
100
AcDbEntity
  8
S-REBAR-STIRRUP
100
AcDbLine
 10
79.0
 20
175.0
 30
0.0
 11
85.2
 21
175.0
 31
0.0
  0
LINE
  5
2EE
330
17
100
AcDbEntity
  8
S-REBAR-STIRRUP
100
AcDbLine
 10
79.0
 20
180.0
 30
0.0
 11
85.2
 21
180.0
 31
0.0
  0
LINE
  5
2EF
330
17
100
AcDbEntity
  8
S-REBAR-STIRRUP
100
AcDbLine
 10
79.0
 20
185.0
 30
0.0
 11
85.2
 21
185.0
 31
0.0
  0
LINE
  5
2F0
330
17
100
AcDbEntity
  8
S-REBAR-STIRRUP
100
AcDbLine
 10
79.0
 20
190.0
 30
0.0
 11
85.2
 21
190.0
 31
0.0
  0
LINE
  5
2F1
330
17
100
AcDbEntity
  8
S-REBAR-STIRRUP
100
AcDbLine
 10
79.0
 20
195.0
 30
0.0
 11
85.2
 21
195.0
 31
0.0
  0
LINE
  5
2F2
330
17
100
AcDbEntity
  8
S-REBAR-STIRRUP
100
AcDbLine
 10
79.0
 20
200.0
 30
0.0
 11
85.2
 21
200.0
 31
0.0
  0
LINE
  5
2F3
330
17
100
AcDbEntity
  8
S-REBAR-STIRRUP
100
AcDbLine
 10
79.0
 20
205.0
 30
0.0
 11
85.2
 21
205.0
 31
0.0
  0
LINE
  5
2F4
330
17
100
AcDbEntity
  8
S-REBAR-STIRRUP
100
AcDbLine
 10
79.0
 20
210.0
 30
0.0
 11
85.2
 21
210.0
 31
0.0
  0
LINE
  5
2F5
330
17
100
AcDbEntity
  8
S-REBAR-STIRRUP
100
AcDbLine
 10
79.0
 20
215.0
 30
0.0
 11
85.2
 21
215.0
 31
0.0
  0
LWPOLYLINE
  5
2F6
330
17
100
AcDbEntity
  8
S-REBAR-MAIN
100
AcDbPolyline
 90
2
 70
0
 10
167.0
 20
167.0
 10
167.0
 20
218.0
  0
LWPOLYLINE
  5
2F7
330
17
100
AcDbEntity
  8
S-REBAR-MAIN
100
AcDbPolyline
 90
2
 70
0
 10
173.2
 20
167.0
 10
173.2
 20
218.0
  0
LINE
  5
2F8
330
17
100
AcDbEntity
  8
S-REBAR-STIRRUP
100
AcDbLine
 10
167.0
 20
175.0
 30
0.0
 11
173.2
 21
175.0
 31
0.0
  0
LINE
  5
2F9
330
17
100
AcDbEntity
  8
S-REBAR-STIRRUP
100
AcDbLine
 10
167.0
 20
180.0
 30
0.0
 11
173.2
 21
180.0
 31
0.0
  0
LINE
  5
2FA
330
17
100
AcDbEntity
  8
S-REBAR-STIRRUP
100
AcDbLine
 10
167.0
 20
185.0
 30
0.0
 11
173.2
 21
185.0
 31
0.0
  0
LINE
  5
2FB
330
17
100
AcDbEntity
  8
S-REBAR-STIRRUP
100
AcDbLine
 10
167.0
 20
190.0
 30
0.0
 11
173.2
 21
190.0
 31
0.0
  0
LINE
  5
2FC
330
17
100
AcDbEntity
  8
S-REBAR-STIRRUP
100
AcDbLine
 10
167.0
 20
195.0
 30
0.0
 11
173.2
 21
195.0
 31
0.0
  0
LINE
  5
2FD
330
17
100
AcDbEntity
  8
S-REBAR-STIRRUP
100
AcDbLine
 10
167.0
 20
200.0
 30
0.0
 11
173.2
 21
200.0
 31
0.0
  0
LINE
  5
2FE
330
17
100
AcDbEntity
  8
S-REBAR-STIRRUP
100
AcDbLine
 10
167.0
 20
205.0
 30
0.0
 11
173.2
 21
205.0
 31
0.0
  0
LINE
  5
2FF
330
17
100
AcDbEntity
  8
S-REBAR-STIRRUP
100
AcDbLine
 10
167.0
 20
210.0
 30
0.0
 11
173.2
 21
210.0
 31
0.0
  0
LINE
  5
300
330
17
100
AcDbEntity
  8
S-REBAR-STIRRUP
100
AcDbLine
 10
167.0
 20
215.0
 30
0.0
 11
173.2
 21
215.0
 31
0.0
  0
LWPOLYLINE
  5
301
330
17
100
AcDbEntity
  8
S-REBAR-SEC
100
AcDbPolyline
 90
2
 70
0
 10
86.0
 20
212.8
 10
91.2
 20
218.0
  0
LWPOLYLINE
  5
302
330
17
100
AcDbEntity
  8
S-REBAR-SEC
100
AcDbPolyline
 90
2
 70
0
 10
166.0
 20
212.8
 10
160.8
 20
218.0
  0
INSERT
  5
303
330
17
100
AcDbEntity
  8
S-LEVEL
100
AcDbBlockReference
  2
A2-LEVEL
 10
188.0
 20
228.0
 30
0.0
  0
TEXT
  5
305
330
17
100
AcDbEntity
  8
S-LEVEL
100
AcDbText
 10
190.6
 20
230.6
 30
0.0
 40
1.8
  1
(+)0.900
  7
OpenSans
 11
190.6
 21
230.6
 31
0.0
100
AcDbText
 73
2
  0
INSERT
  5
306
330
17
100
AcDbEntity
  8
S-LEVEL
100
AcDbBlockReference
  2
A2-LEVEL
 10
188.0
 20
218.0
 30
0.0
  0
TEXT
  5
308
330
17
100
AcDbEntity
  8
S-LEVEL
100
AcDbText
 10
190.6
 20
220.6
 30
0.0
 40
1.8
  1
(+)0.400
  7
OpenSans
 11
190.6
 21
220.6
 31
0.0
100
AcDbText
 73
2
  0
INSERT
  5
309
330
17
100
AcDbEntity
  8
S-LEVEL
100
AcDbBlockReference
  2
A2-LEVEL
 10
188.0
 20
170.0
 30
0.0
  0
TEXT
  5
30B
330
17
100
AcDbEntity
  8
S-LEVEL
100
AcDbText
 10
190.6
 20
172.6
 30
0.0
 40
1.8
  1
(-)2.000
  7
OpenSans
 11
190.6
 21
172.6
 31
0.0
100
AcDbText
 73
2
  0
INSERT
  5
30C
330
17
100
AcDbEntity
  8
S-LEVEL
100
AcDbBlockReference
  2
A2-LEVEL
 10
64.0
 20
210.0
 30
0.0
  0
TEXT
  5
30E
330
17
100
AcDbEntity
  8
S-LEVEL
100
AcDbText
 10
61.4
 20
212.6
 30
0.0
 40
1.8
  1
0.000 GRADE
  7
OpenSans
 72
2
 11
61.4
 21
212.6
 31
0.0
100
AcDbText
 73
2
  0
TEXT
  5
30F
330
17
100
AcDbEntity
  8
S-TEXT
100
AcDbText
 10
62.0
 20
216.6
 30
0.0
 40
1.7
  1
BERM 1.5 : 1
  7
OpenSans
 72
1
 11
62.0
 21
216.6
 31
0.0
100
AcDbText
 73
2
  0
TEXT
  5
310
330
17
100
AcDbEntity
  8
S-TEXT
100
AcDbText
 10
190.0
 20
216.6
 30
0.0
 40
1.7
  1
BERM 1.5 : 1
  7
OpenSans
 72
1
 11
190.0
 21
216.6
 31
0.0
100
AcDbText
 73
2
  0
TEXT
  5
311
330
17
100
AcDbEntity
  8
S-TEXT
100
AcDbText
 10
126.0
 20
161.4
 30
0.0
 40
1.7
  1
900 PRESSURE SLAB - SHEET 06
  7
OpenSans
 72
1
 11
126.0
 21
161.4
 31
0.0
100
AcDbText
 73
2
  0
TEXT
  5
312
330
17
100
AcDbEntity
  8
S-TEXT
100
AcDbText
 10
126.0
 20
234.6
 30
0.0
 40
1.7
  1
NO EARTH COVER ON THE HEADHOUSE ROOF
  7
OpenSans
 72
1
 11
126.0
 21
234.6
 31
0.0
100
AcDbText
 73
2
  0
ELLIPSE
  5
313
330
17
100
AcDbEntity
  8
S-CALLOUT
100
AcDbEllipse
 10
98.0
 20
213.0
 30
0.0
 11
4.3
 21
0.0
 31
0.0
 40
0.5813953488372093
 41
0.0
 42
6.283185307179586
  0
TEXT
  5
314
330
17
100
AcDbEntity
  8
S-CALLOUT
100
AcDbText
 10
98.0
 20
213.0
 30
0.0
 40
2.0
  1
H01C
  7
OpenSans
 72
1
 11
98.0
 21
213.0
 31
0.0
100
AcDbText
 73
2
  0
LINE
  5
315
330
17
100
AcDbEntity
  8
S-CALLOUT
100
AcDbLine
 10
114.0
 20
226.2
 30
0.0
 11
102.3
 21
213.0
 31
0.0
  0
ELLIPSE
  5
316
330
17
100
AcDbEntity
  8
S-CALLOUT
100
AcDbEllipse
 10
154.0
 20
213.0
 30
0.0
 11
4.3
 21
0.0
 31
0.0
 40
0.5813953488372093
 41
0.0
 42
6.283185307179586
  0
TEXT
  5
317
330
17
100
AcDbEntity
  8
S-CALLOUT
100
AcDbText
 10
154.0
 20
213.0
 30
0.0
 40
2.0
  1
H02
  7
OpenSans
 72
1
 11
154.0
 21
213.0
 31
0.0
100
AcDbText
 73
2
  0
LINE
  5
318
330
17
100
AcDbEntity
  8
S-CALLOUT
100
AcDbLine
 10
146.0
 20
223.0
 30
0.0
 11
149.7
 21
213.0
 31
0.0
  0
ELLIPSE
  5
319
330
17
100
AcDbEntity
  8
S-CALLOUT
100
AcDbEllipse
 10
98.0
 20
196.0
 30
0.0
 11
4.3
 21
0.0
 31
0.0
 40
0.5813953488372093
 41
0.0
 42
6.283185307179586
  0
TEXT
  5
31A
330
17
100
AcDbEntity
  8
S-CALLOUT
100
AcDbText
 10
98.0
 20
196.0
 30
0.0
 40
2.0
  1
H04A
  7
OpenSans
 72
1
 11
98.0
 21
196.0
 31
0.0
100
AcDbText
 73
2
  0
LINE
  5
31B
330
17
100
AcDbEntity
  8
S-CALLOUT
100
AcDbLine
 10
85.2
 20
196.0
 30
0.0
 11
93.7
 21
196.0
 31
0.0
  0
ELLIPSE
  5
31C
330
17
100
AcDbEntity
  8
S-CALLOUT
100
AcDbEllipse
 10
154.0
 20
196.0
 30
0.0
 11
4.3
 21
0.0
 31
0.0
 40
0.5813953488372093
 41
0.0
 42
6.283185307179586
  0
TEXT
  5
31D
330
17
100
AcDbEntity
  8
S-CALLOUT
100
AcDbText
 10
154.0
 20
196.0
 30
0.0
 40
2.0
  1
H06
  7
OpenSans
 72
1
 11
154.0
 21
196.0
 31
0.0
100
AcDbText
 73
2
  0
LINE
  5
31E
330
17
100
AcDbEntity
  8
S-CALLOUT
100
AcDbLine
 10
163.4
 20
215.4
 30
0.0
 11
158.3
 21
196.0
 31
0.0
  0
ELLIPSE
  5
31F
330
17
100
AcDbEntity
  8
S-CALLOUT
100
AcDbEllipse
 10
98.0
 20
176.0
 30
0.0
 11
4.3
 21
0.0
 31
0.0
 40
0.5813953488372093
 41
0.0
 42
6.283185307179586
  0
TEXT
  5
320
330
17
100
AcDbEntity
  8
S-CALLOUT
100
AcDbText
 10
98.0
 20
176.0
 30
0.0
 40
2.0
  1
H10
  7
OpenSans
 72
1
 11
98.0
 21
176.0
 31
0.0
100
AcDbText
 73
2
  0
LINE
  5
321
330
17
100
AcDbEntity
  8
S-CALLOUT
100
AcDbLine
 10
85.2
 20
167.0
 30
0.0
 11
93.7
 21
176.0
 31
0.0
  0
DIMENSION
  5
322
330
17
100
AcDbEntity
  8
S-DIM
100
AcDbDimension
280
0
  2
*D3
  3
A2-DIM
 10
78.0
 20
146.0
 30
0.0
 11
126.0
 21
147.7
 31
0.0
 70
32
 71
5
  1
<>
100
AcDbAlignedDimension
 13
78.0
 23
170.0
 33
0.0
 14
174.0
 24
170.0
 34
0.0
 50
0.0
100
AcDbRotatedDimension
1001
ACAD
1000
DSTYLE
1002
{
1070
144
1040
50.0
1002
}
  0
DIMENSION
  5
331
330
17
100
AcDbEntity
  8
S-DIM
100
AcDbDimension
280
0
  2
*D4
  3
A2-DIM-S
 10
60.0
 20
170.0
 30
0.0
 11
58.4
 21
194.0
 31
0.0
 70
32
 71
5
  1
<>
100
AcDbAlignedDimension
 13
78.0
 23
170.0
 33
0.0
 14
78.0
 24
218.0
 34
0.0
 50
90.0
100
AcDbRotatedDimension
1001
ACAD
1000
DSTYLE
1002
{
1070
144
1040
50.0
1002
}
  0
CIRCLE
  5
340
330
17
100
AcDbEntity
  8
S-TITLE
100
AcDbCircle
 10
48.0
 20
138.0
 30
0.0
 40
4.0
  0
TEXT
  5
341
330
17
100
AcDbEntity
  8
S-TITLE
100
AcDbText
 10
48.0
 20
138.0
 30
0.0
 40
3.6720000000000006
  1
2
  7
OpenSans
 72
1
 11
48.0
 21
138.0
 31
0.0
100
AcDbText
 73
2
  0
TEXT
  5
342
330
17
100
AcDbEntity
  8
S-TITLE
100
AcDbText
 10
56.2
 20
139.0
 30
0.0
 40
5.4
  1
HEADHOUSE - SECTION A-A
  7
OpenSans
 11
56.2
 21
139.0
 31
0.0
100
AcDbText
  0
LINE
  5
343
330
17
100
AcDbEntity
  8
S-TITLE
100
AcDbLine
 10
53.6
 20
137.6
 30
0.0
 11
200.0
 21
137.6
 31
0.0
  0
TEXT
  5
344
330
17
100
AcDbEntity
  8
S-TEXT
100
AcDbText
 10
56.2
 20
131.4
 30
0.0
 40
3.3
  1
1 : 50   CUT IN X, LOOKING NORTH
  7
OpenSans
 11
56.2
 21
131.4
 31
0.0
100
AcDbText
  0
LWPOLYLINE
  5
345
330
17
100
AcDbEntity
  8
S-CONCRETE
100
AcDbPolyline
 90
4
 70
1
 10
176.0
 20
266.0
 10
272.0
 20
266.0
 10
272.0
 20
324.0
 10
176.0
 20
324.0
  0
LINE
  5
346
330
17
100
AcDbEntity
  8
S-CONCRETE
100
AcDbLine
 10
176.0
 20
314.0
 30
0.0
 11
272.0
 21
314.0
 31
0.0
  0
LWPOLYLINE
  5
347
330
17
100
AcDbEntity
  8
S-CONCRETE
100
AcDbPolyline
 90
4
 70
1
 10
193.0
 20
266.0
 10
211.0
 20
266.0
 10
211.0
 20
308.0
 10
193.0
 20
308.0
  0
LINE
  5
348
330
17
100
AcDbEntity
  8
S-CENTER
100
AcDbLine
 10
193.0
 20
266.0
 30
0.0
 11
211.0
 21
308.0
 31
0.0
  0
LINE
  5
349
330
17
100
AcDbEntity
  8
S-CENTER
100
AcDbLine
 10
193.0
 20
308.0
 30
0.0
 11
211.0
 21
266.0
 31
0.0
  0
LWPOLYLINE
  5
34A
330
17
100
AcDbEntity
  8
S-REBAR-SEC
100
AcDbPolyline
 90
4
 70
1
 10
181.0
 20
308.0
 10
223.0
 20
308.0
 10
223.0
 20
324.0
 10
181.0
 20
324.0
  0
LWPOLYLINE
  5
34B
330
17
100
AcDbEntity
  8
S-REBAR-MAIN
100
AcDbPolyline
 90
2
 70
0
 10
176.8
 20
266.0
 10
176.8
 20
314.0
  0
LWPOLYLINE
  5
34C
330
17
100
AcDbEntity
  8
S-REBAR-MAIN
100
AcDbPolyline
 90
2
 70
0
 10
179.8
 20
266.0
 10
179.8
 20
314.0
  0
LWPOLYLINE
  5
34D
330
17
100
AcDbEntity
  8
S-REBAR-MAIN
100
AcDbPolyline
 90
2
 70
0
 10
182.8
 20
266.0
 10
182.8
 20
314.0
  0
LWPOLYLINE
  5
34E
330
17
100
AcDbEntity
  8
S-REBAR-MAIN
100
AcDbPolyline
 90
2
 70
0
 10
185.8
 20
266.0
 10
185.8
 20
314.0
  0
LWPOLYLINE
  5
34F
330
17
100
AcDbEntity
  8
S-REBAR-MAIN
100
AcDbPolyline
 90
2
 70
0
 10
188.8
 20
266.0
 10
188.8
 20
314.0
  0
LWPOLYLINE
  5
350
330
17
100
AcDbEntity
  8
S-REBAR-MAIN
100
AcDbPolyline
 90
2
 70
0
 10
191.8
 20
266.0
 10
191.8
 20
314.0
  0
LWPOLYLINE
  5
351
330
17
100
AcDbEntity
  8
S-REBAR-MAIN
100
AcDbPolyline
 90
2
 70
0
 10
212.8
 20
266.0
 10
212.8
 20
314.0
  0
LWPOLYLINE
  5
352
330
17
100
AcDbEntity
  8
S-REBAR-MAIN
100
AcDbPolyline
 90
2
 70
0
 10
215.8
 20
266.0
 10
215.8
 20
314.0
  0
LWPOLYLINE
  5
353
330
17
100
AcDbEntity
  8
S-REBAR-MAIN
100
AcDbPolyline
 90
2
 70
0
 10
218.8
 20
266.0
 10
218.8
 20
314.0
  0
LWPOLYLINE
  5
354
330
17
100
AcDbEntity
  8
S-REBAR-MAIN
100
AcDbPolyline
 90
2
 70
0
 10
221.8
 20
266.0
 10
221.8
 20
314.0
  0
LWPOLYLINE
  5
355
330
17
100
AcDbEntity
  8
S-REBAR-MAIN
100
AcDbPolyline
 90
2
 70
0
 10
224.8
 20
266.0
 10
224.8
 20
314.0
  0
LWPOLYLINE
  5
356
330
17
100
AcDbEntity
  8
S-REBAR-MAIN
100
AcDbPolyline
 90
2
 70
0
 10
227.8
 20
266.0
 10
227.8
 20
314.0
  0
LWPOLYLINE
  5
357
330
17
100
AcDbEntity
  8
S-REBAR-MAIN
100
AcDbPolyline
 90
2
 70
0
 10
230.8
 20
266.0
 10
230.8
 20
314.0
  0
LWPOLYLINE
  5
358
330
17
100
AcDbEntity
  8
S-REBAR-MAIN
100
AcDbPolyline
 90
2
 70
0
 10
233.8
 20
266.0
 10
233.8
 20
314.0
  0
LWPOLYLINE
  5
359
330
17
100
AcDbEntity
  8
S-REBAR-MAIN
100
AcDbPolyline
 90
2
 70
0
 10
236.8
 20
266.0
 10
236.8
 20
314.0
  0
LWPOLYLINE
  5
35A
330
17
100
AcDbEntity
  8
S-REBAR-MAIN
100
AcDbPolyline
 90
2
 70
0
 10
239.8
 20
266.0
 10
239.8
 20
314.0
  0
LWPOLYLINE
  5
35B
330
17
100
AcDbEntity
  8
S-REBAR-MAIN
100
AcDbPolyline
 90
2
 70
0
 10
242.8
 20
266.0
 10
242.8
 20
314.0
  0
LWPOLYLINE
  5
35C
330
17
100
AcDbEntity
  8
S-REBAR-MAIN
100
AcDbPolyline
 90
2
 70
0
 10
245.8
 20
266.0
 10
245.8
 20
314.0
  0
LWPOLYLINE
  5
35D
330
17
100
AcDbEntity
  8
S-REBAR-MAIN
100
AcDbPolyline
 90
2
 70
0
 10
248.8
 20
266.0
 10
248.8
 20
314.0
  0
LWPOLYLINE
  5
35E
330
17
100
AcDbEntity
  8
S-REBAR-MAIN
100
AcDbPolyline
 90
2
 70
0
 10
251.8
 20
266.0
 10
251.8
 20
314.0
  0
LWPOLYLINE
  5
35F
330
17
100
AcDbEntity
  8
S-REBAR-MAIN
100
AcDbPolyline
 90
2
 70
0
 10
254.8
 20
266.0
 10
254.8
 20
314.0
  0
LWPOLYLINE
  5
360
330
17
100
AcDbEntity
  8
S-REBAR-MAIN
100
AcDbPolyline
 90
2
 70
0
 10
257.8
 20
266.0
 10
257.8
 20
314.0
  0
LWPOLYLINE
  5
361
330
17
100
AcDbEntity
  8
S-REBAR-MAIN
100
AcDbPolyline
 90
2
 70
0
 10
260.8
 20
266.0
 10
260.8
 20
314.0
  0
LWPOLYLINE
  5
362
330
17
100
AcDbEntity
  8
S-REBAR-MAIN
100
AcDbPolyline
 90
2
 70
0
 10
263.8
 20
266.0
 10
263.8
 20
314.0
  0
LWPOLYLINE
  5
363
330
17
100
AcDbEntity
  8
S-REBAR-MAIN
100
AcDbPolyline
 90
2
 70
0
 10
266.8
 20
266.0
 10
266.8
 20
314.0
  0
LWPOLYLINE
  5
364
330
17
100
AcDbEntity
  8
S-REBAR-MAIN
100
AcDbPolyline
 90
2
 70
0
 10
269.8
 20
266.0
 10
269.8
 20
314.0
  0
LWPOLYLINE
  5
365
330
17
100
AcDbEntity
  8
S-REBAR-DIST
100
AcDbPolyline
 90
2
 70
0
 10
176.8
 20
269.0
 10
193.0
 20
269.0
  0
LWPOLYLINE
  5
366
330
17
100
AcDbEntity
  8
S-REBAR-DIST
100
AcDbPolyline
 90
2
 70
0
 10
211.0
 20
269.0
 10
271.2
 20
269.0
  0
LWPOLYLINE
  5
367
330
17
100
AcDbEntity
  8
S-REBAR-DIST
100
AcDbPolyline
 90
2
 70
0
 10
176.8
 20
272.0
 10
193.0
 20
272.0
  0
LWPOLYLINE
  5
368
330
17
100
AcDbEntity
  8
S-REBAR-DIST
100
AcDbPolyline
 90
2
 70
0
 10
211.0
 20
272.0
 10
271.2
 20
272.0
  0
LWPOLYLINE
  5
369
330
17
100
AcDbEntity
  8
S-REBAR-DIST
100
AcDbPolyline
 90
2
 70
0
 10
176.8
 20
275.0
 10
193.0
 20
275.0
  0
LWPOLYLINE
  5
36A
330
17
100
AcDbEntity
  8
S-REBAR-DIST
100
AcDbPolyline
 90
2
 70
0
 10
211.0
 20
275.0
 10
271.2
 20
275.0
  0
LWPOLYLINE
  5
36B
330
17
100
AcDbEntity
  8
S-REBAR-DIST
100
AcDbPolyline
 90
2
 70
0
 10
176.8
 20
278.0
 10
193.0
 20
278.0
  0
LWPOLYLINE
  5
36C
330
17
100
AcDbEntity
  8
S-REBAR-DIST
100
AcDbPolyline
 90
2
 70
0
 10
211.0
 20
278.0
 10
271.2
 20
278.0
  0
LWPOLYLINE
  5
36D
330
17
100
AcDbEntity
  8
S-REBAR-DIST
100
AcDbPolyline
 90
2
 70
0
 10
176.8
 20
281.0
 10
193.0
 20
281.0
  0
LWPOLYLINE
  5
36E
330
17
100
AcDbEntity
  8
S-REBAR-DIST
100
AcDbPolyline
 90
2
 70
0
 10
211.0
 20
281.0
 10
271.2
 20
281.0
  0
LWPOLYLINE
  5
36F
330
17
100
AcDbEntity
  8
S-REBAR-DIST
100
AcDbPolyline
 90
2
 70
0
 10
176.8
 20
284.0
 10
193.0
 20
284.0
  0
LWPOLYLINE
  5
370
330
17
100
AcDbEntity
  8
S-REBAR-DIST
100
AcDbPolyline
 90
2
 70
0
 10
211.0
 20
284.0
 10
271.2
 20
284.0
  0
LWPOLYLINE
  5
371
330
17
100
AcDbEntity
  8
S-REBAR-DIST
100
AcDbPolyline
 90
2
 70
0
 10
176.8
 20
287.0
 10
193.0
 20
287.0
  0
LWPOLYLINE
  5
372
330
17
100
AcDbEntity
  8
S-REBAR-DIST
100
AcDbPolyline
 90
2
 70
0
 10
211.0
 20
287.0
 10
271.2
 20
287.0
  0
LWPOLYLINE
  5
373
330
17
100
AcDbEntity
  8
S-REBAR-DIST
100
AcDbPolyline
 90
2
 70
0
 10
176.8
 20
290.0
 10
193.0
 20
290.0
  0
LWPOLYLINE
  5
374
330
17
100
AcDbEntity
  8
S-REBAR-DIST
100
AcDbPolyline
 90
2
 70
0
 10
211.0
 20
290.0
 10
271.2
 20
290.0
  0
LWPOLYLINE
  5
375
330
17
100
AcDbEntity
  8
S-REBAR-DIST
100
AcDbPolyline
 90
2
 70
0
 10
176.8
 20
293.0
 10
193.0
 20
293.0
  0
LWPOLYLINE
  5
376
330
17
100
AcDbEntity
  8
S-REBAR-DIST
100
AcDbPolyline
 90
2
 70
0
 10
211.0
 20
293.0
 10
271.2
 20
293.0
  0
LWPOLYLINE
  5
377
330
17
100
AcDbEntity
  8
S-REBAR-DIST
100
AcDbPolyline
 90
2
 70
0
 10
176.8
 20
296.0
 10
193.0
 20
296.0
  0
LWPOLYLINE
  5
378
330
17
100
AcDbEntity
  8
S-REBAR-DIST
100
AcDbPolyline
 90
2
 70
0
 10
211.0
 20
296.0
 10
271.2
 20
296.0
  0
LWPOLYLINE
  5
379
330
17
100
AcDbEntity
  8
S-REBAR-DIST
100
AcDbPolyline
 90
2
 70
0
 10
176.8
 20
299.0
 10
193.0
 20
299.0
  0
LWPOLYLINE
  5
37A
330
17
100
AcDbEntity
  8
S-REBAR-DIST
100
AcDbPolyline
 90
2
 70
0
 10
211.0
 20
299.0
 10
271.2
 20
299.0
  0
LWPOLYLINE
  5
37B
330
17
100
AcDbEntity
  8
S-REBAR-DIST
100
AcDbPolyline
 90
2
 70
0
 10
176.8
 20
302.0
 10
193.0
 20
302.0
  0
LWPOLYLINE
  5
37C
330
17
100
AcDbEntity
  8
S-REBAR-DIST
100
AcDbPolyline
 90
2
 70
0
 10
211.0
 20
302.0
 10
271.2
 20
302.0
  0
LWPOLYLINE
  5
37D
330
17
100
AcDbEntity
  8
S-REBAR-DIST
100
AcDbPolyline
 90
2
 70
0
 10
176.8
 20
305.0
 10
193.0
 20
305.0
  0
LWPOLYLINE
  5
37E
330
17
100
AcDbEntity
  8
S-REBAR-DIST
100
AcDbPolyline
 90
2
 70
0
 10
211.0
 20
305.0
 10
271.2
 20
305.0
  0
LWPOLYLINE
  5
37F
330
17
100
AcDbEntity
  8
S-REBAR-DIST
100
AcDbPolyline
 90
2
 70
0
 10
176.8
 20
308.0
 10
193.0
 20
308.0
  0
LWPOLYLINE
  5
380
330
17
100
AcDbEntity
  8
S-REBAR-DIST
100
AcDbPolyline
 90
2
 70
0
 10
211.0
 20
308.0
 10
271.2
 20
308.0
  0
LWPOLYLINE
  5
381
330
17
100
AcDbEntity
  8
S-REBAR-DIST
100
AcDbPolyline
 90
2
 70
0
 10
176.8
 20
311.0
 10
193.0
 20
311.0
  0
LWPOLYLINE
  5
382
330
17
100
AcDbEntity
  8
S-REBAR-DIST
100
AcDbPolyline
 90
2
 70
0
 10
211.0
 20
311.0
 10
271.2
 20
311.0
  0
LWPOLYLINE
  5
383
330
17
100
AcDbEntity
  8
S-REBAR-SEC
100
AcDbPolyline
 90
2
 70
0
 10
191.6
 20
266.0
 10
191.6
 20
324.0
  0
LWPOLYLINE
  5
384
330
17
100
AcDbEntity
  8
S-REBAR-SEC
100
AcDbPolyline
 90
2
 70
0
 10
194.4
 20
266.0
 10
194.4
 20
324.0
  0
LWPOLYLINE
  5
385
330
17
100
AcDbEntity
  8
S-REBAR-SEC
100
AcDbPolyline
 90
2
 70
0
 10
209.6
 20
266.0
 10
209.6
 20
324.0
  0
LWPOLYLINE
  5
386
330
17
100
AcDbEntity
  8
S-REBAR-SEC
100
AcDbPolyline
 90
2
 70
0
 10
212.4
 20
266.0
 10
212.4
 20
324.0
  0
LWPOLYLINE
  5
387
330
17
100
AcDbEntity
  8
S-REBAR-MAIN
100
AcDbPolyline
 90
2
 70
0
 10
181.0
 20
309.2
 10
223.0
 20
309.2
  0
LWPOLYLINE
  5
388
330
17
100
AcDbEntity
  8
S-REBAR-MAIN
100
AcDbPolyline
 90
2
 70
0
 10
181.0
 20
322.8
 10
223.0
 20
322.8
  0
LINE
  5
389
330
17
100
AcDbEntity
  8
S-REBAR-STIRRUP
100
AcDbLine
 10
182.5
 20
308.8
 30
0.0
 11
182.5
 21
323.2
 31
0.0
  0
LINE
  5
38A
330
17
100
AcDbEntity
  8
S-REBAR-STIRRUP
100
AcDbLine
 10
185.5
 20
308.8
 30
0.0
 11
185.5
 21
323.2
 31
0.0
  0
LINE
  5
38B
330
17
100
AcDbEntity
  8
S-REBAR-STIRRUP
100
AcDbLine
 10
188.5
 20
308.8
 30
0.0
 11
188.5
 21
323.2
 31
0.0
  0
LINE
  5
38C
330
17
100
AcDbEntity
  8
S-REBAR-STIRRUP
100
AcDbLine
 10
191.5
 20
308.8
 30
0.0
 11
191.5
 21
323.2
 31
0.0
  0
LINE
  5
38D
330
17
100
AcDbEntity
  8
S-REBAR-STIRRUP
100
AcDbLine
 10
194.5
 20
308.8
 30
0.0
 11
194.5
 21
323.2
 31
0.0
  0
LINE
  5
38E
330
17
100
AcDbEntity
  8
S-REBAR-STIRRUP
100
AcDbLine
 10
197.5
 20
308.8
 30
0.0
 11
197.5
 21
323.2
 31
0.0
  0
LINE
  5
38F
330
17
100
AcDbEntity
  8
S-REBAR-STIRRUP
100
AcDbLine
 10
200.5
 20
308.8
 30
0.0
 11
200.5
 21
323.2
 31
0.0
  0
LINE
  5
390
330
17
100
AcDbEntity
  8
S-REBAR-STIRRUP
100
AcDbLine
 10
203.5
 20
308.8
 30
0.0
 11
203.5
 21
323.2
 31
0.0
  0
LINE
  5
391
330
17
100
AcDbEntity
  8
S-REBAR-STIRRUP
100
AcDbLine
 10
206.5
 20
308.8
 30
0.0
 11
206.5
 21
323.2
 31
0.0
  0
LINE
  5
392
330
17
100
AcDbEntity
  8
S-REBAR-STIRRUP
100
AcDbLine
 10
209.5
 20
308.8
 30
0.0
 11
209.5
 21
323.2
 31
0.0
  0
LINE
  5
393
330
17
100
AcDbEntity
  8
S-REBAR-STIRRUP
100
AcDbLine
 10
212.5
 20
308.8
 30
0.0
 11
212.5
 21
323.2
 31
0.0
  0
LINE
  5
394
330
17
100
AcDbEntity
  8
S-REBAR-STIRRUP
100
AcDbLine
 10
215.5
 20
308.8
 30
0.0
 11
215.5
 21
323.2
 31
0.0
  0
LINE
  5
395
330
17
100
AcDbEntity
  8
S-REBAR-STIRRUP
100
AcDbLine
 10
218.5
 20
308.8
 30
0.0
 11
218.5
 21
323.2
 31
0.0
  0
LINE
  5
396
330
17
100
AcDbEntity
  8
S-REBAR-STIRRUP
100
AcDbLine
 10
221.5
 20
308.8
 30
0.0
 11
221.5
 21
323.2
 31
0.0
  0
TEXT
  5
397
330
17
100
AcDbEntity
  8
S-TEXT
100
AcDbText
 10
202.0
 20
284.0
 30
0.0
 40
1.7
  1
SECURITY DOOR 900 x 2100 - NOT BLAST RATED
  7
OpenSans
 72
1
 11
202.0
 21
284.0
 31
0.0
100
AcDbText
 73
2
  0
TEXT
  5
398
330
17
100
AcDbEntity
  8
S-TEXT
100
AcDbText
 10
242.0
 20
316.0
 30
0.0
 40
1.7
  1
400 x 800 EDGE BAND, 600 EACH SIDE
  7
OpenSans
 72
1
 11
242.0
 21
316.0
 31
0.0
100
AcDbText
 73
2
  0
ELLIPSE
  5
399
330
17
100
AcDbEntity
  8
S-CALLOUT
100
AcDbEllipse
 10
196.0
 20
334.0
 30
0.0
 11
4.3
 21
0.0
 31
0.0
 40
0.5813953488372093
 41
0.0
 42
6.283185307179586
  0
TEXT
  5
39A
330
17
100
AcDbEntity
  8
S-CALLOUT
100
AcDbText
 10
196.0
 20
334.0
 30
0.0
 40
2.0
  1
H08
  7
OpenSans
 72
1
 11
196.0
 21
334.0
 31
0.0
100
AcDbText
 73
2
  0
LINE
  5
39B
330
17
100
AcDbEntity
  8
S-CALLOUT
100
AcDbLine
 10
223.0
 20
309.2
 30
0.0
 11
200.3
 21
334.0
 31
0.0
  0
ELLIPSE
  5
39C
330
17
100
AcDbEntity
  8
S-CALLOUT
100
AcDbEllipse
 10
214.0
 20
334.0
 30
0.0
 11
4.3
 21
0.0
 31
0.0
 40
0.5813953488372093
 41
0.0
 42
6.283185307179586
  0
TEXT
  5
39D
330
17
100
AcDbEntity
  8
S-CALLOUT
100
AcDbText
 10
214.0
 20
334.0
 30
0.0
 40
2.0
  1
H07
  7
OpenSans
 72
1
 11
214.0
 21
334.0
 31
0.0
100
AcDbText
 73
2
  0
LINE
  5
39E
330
17
100
AcDbEntity
  8
S-CALLOUT
100
AcDbLine
 10
191.6
 20
300.0
 30
0.0
 11
209.7
 21
334.0
 31
0.0
  0
ELLIPSE
  5
39F
330
17
100
AcDbEntity
  8
S-CALLOUT
100
AcDbEllipse
 10
232.0
 20
334.0
 30
0.0
 11
4.3
 21
0.0
 31
0.0
 40
0.5813953488372093
 41
0.0
 42
6.283185307179586
  0
TEXT
  5
3A0
330
17
100
AcDbEntity
  8
S-CALLOUT
100
AcDbText
 10
232.0
 20
334.0
 30
0.0
 40
2.0
  1
H04B
  7
OpenSans
 72
1
 11
232.0
 21
334.0
 31
0.0
100
AcDbText
 73
2
  0
LINE
  5
3A1
330
17
100
AcDbEntity
  8
S-CALLOUT
100
AcDbLine
 10
271.2
 20
300.0
 30
0.0
 11
236.3
 21
334.0
 31
0.0
  0
ELLIPSE
  5
3A2
330
17
100
AcDbEntity
  8
S-CALLOUT
100
AcDbEllipse
 10
250.0
 20
334.0
 30
0.0
 11
4.3
 21
0.0
 31
0.0
 40
0.5813953488372093
 41
0.0
 42
6.283185307179586
  0
TEXT
  5
3A3
330
17
100
AcDbEntity
  8
S-CALLOUT
100
AcDbText
 10
250.0
 20
334.0
 30
0.0
 40
2.0
  1
H05
  7
OpenSans
 72
1
 11
250.0
 21
334.0
 31
0.0
100
AcDbText
 73
2
  0
LINE
  5
3A4
330
17
100
AcDbEntity
  8
S-CALLOUT
100
AcDbLine
 10
252.0
 20
278.8
 30
0.0
 11
254.3
 21
334.0
 31
0.0
  0
DIMENSION
  5
3A5
330
17
100
AcDbEntity
  8
S-DIM
100
AcDbDimension
280
0
  2
*D5
  3
A2-DIM-S
 10
193.0
 20
260.0
 30
0.0
 11
202.0
 21
261.6
 31
0.0
 70
32
 71
5
  1
<>
100
AcDbAlignedDimension
 13
193.0
 23
266.0
 33
0.0
 14
211.0
 24
266.0
 34
0.0
 50
0.0
100
AcDbRotatedDimension
1001
ACAD
1000
DSTYLE
1002
{
1070
144
1040
50.0
1002
}
  0
CIRCLE
  5
3B4
330
17
100
AcDbEntity
  8
S-TITLE
100
AcDbCircle
 10
172.0
 20
252.0
 30
0.0
 40
4.0
  0
TEXT
  5
3B5
330
17
100
AcDbEntity
  8
S-TITLE
100
AcDbText
 10
172.0
 20
252.0
 30
0.0
 40
3.6720000000000006
  1
3
  7
OpenSans
 72
1
 11
172.0
 21
252.0
 31
0.0
100
AcDbText
 73
2
  0
TEXT
  5
3B6
330
17
100
AcDbEntity
  8
S-TITLE
100
AcDbText
 10
180.2
 20
253.0
 30
0.0
 40
3.847009290706487
  1
WALL HW2 - INTERNAL ELEVATION
  7
OpenSans
 11
180.2
 21
253.0
 31
0.0
100
AcDbText
  0
LINE
  5
3B7
330
17
100
AcDbEntity
  8
S-TITLE
100
AcDbLine
 10
177.6
 20
251.6
 30
0.0
 11
272.0
 21
251.6
 31
0.0
  0
TEXT
  5
3B8
330
17
100
AcDbEntity
  8
S-TEXT
100
AcDbText
 10
180.2
 20
245.4
 30
0.0
 40
2.2
  1
1 : 50   400 THK, T16 @ 150 EF EW, AT THE SECURITY DOOR
  7
OpenSans
 11
180.2
 21
245.4
 31
0.0
100
AcDbText
  0
HATCH
  5
3B9
330
17
100
AcDbEntity
  8
S-HATCH
 62
7
100
AcDbHatch
 10
0.0
 20
0.0
 30
0.0
210
0.0
220
0.0
230
1.0
  2
ANSI31
 70
0
 71
0
 91
1
 92
3
 72
0
 73
1
 93
4
 10
46.0
 20
66.0
 10
106.0
 20
66.0
 10
106.0
 20
91.0
 10
46.0
 20
91.0
 97
0
 75
1
 76
1
 52
0.0
 41
0.45
 77
0
 78
1
 53
45.0
 43
0.0
 44
0.0
 45
-1.0102788136
 46
1.0102788136
 79
0
 98
0
  0
LWPOLYLINE
  5
3BA
330
17
100
AcDbEntity
  8
S-CONCRETE
100
AcDbPolyline
 90
4
 70
1
 10
46.0
 20
66.0
 10
106.0
 20
66.0
 10
106.0
 20
91.0
 10
46.0
 20
91.0
  0
LINE
  5
3BB
330
17
100
AcDbEntity
  8
S-REBAR-MAIN
100
AcDbLine
 10
49.75
 20
86.75
 30
0.0
 11
102.25
 21
86.75
 31
0.0
  0
CIRCLE
  5
3BC
330
17
100
AcDbEntity
  8
S-REBAR-DIST
100
AcDbCircle
 10
53.5
 20
86.75
 30
0.0
 40
0.5
  0
HATCH
  5
3BD
330
17
100
AcDbEntity
  8
S-REBAR-DIST
 62
5
100
AcDbHatch
 10
0.0
 20
0.0
 30
0.0
210
0.0
220
0.0
230
1.0
  2
SOLID
 70
1
 71
0
 91
1
 92
3
 72
0
 73
1
 93
16
 10
54.0
 20
86.75
 10
53.96193976625565
 20
86.94134171618255
 10
53.85355339059328
 20
87.10355339059328
 10
53.69134171618254
 20
87.21193976625564
 10
53.5
 20
87.25
 10
53.30865828381746
 20
87.21193976625564
 10
53.14644660940672
 20
87.10355339059328
 10
53.03806023374435
 20
86.94134171618255
 10
53.0
 20
86.75
 10
53.03806023374435
 20
86.55865828381745
 10
53.14644660940672
 20
86.39644660940672
 10
53.30865828381746
 20
86.28806023374436
 10
53.5
 20
86.25
 10
53.69134171618254
 20
86.28806023374436
 10
53.85355339059328
 20
86.39644660940672
 10
53.96193976625565
 20
86.55865828381745
 97
0
 75
0
 76
1
 98
0
  0
CIRCLE
  5
3BE
330
17
100
AcDbEntity
  8
S-REBAR-DIST
100
AcDbCircle
 10
61.0
 20
86.75
 30
0.0
 40
0.5
  0
HATCH
  5
3BF
330
17
100
AcDbEntity
  8
S-REBAR-DIST
 62
5
100
AcDbHatch
 10
0.0
 20
0.0
 30
0.0
210
0.0
220
0.0
230
1.0
  2
SOLID
 70
1
 71
0
 91
1
 92
3
 72
0
 73
1
 93
16
 10
61.5
 20
86.75
 10
61.46193976625565
 20
86.94134171618255
 10
61.35355339059328
 20
87.10355339059328
 10
61.19134171618254
 20
87.21193976625564
 10
61.0
 20
87.25
 10
60.80865828381746
 20
87.21193976625564
 10
60.64644660940672
 20
87.10355339059328
 10
60.53806023374435
 20
86.94134171618255
 10
60.5
 20
86.75
 10
60.53806023374435
 20
86.55865828381745
 10
60.64644660940672
 20
86.39644660940672
 10
60.80865828381746
 20
86.28806023374436
 10
61.0
 20
86.25
 10
61.19134171618254
 20
86.28806023374436
 10
61.35355339059328
 20
86.39644660940672
 10
61.46193976625565
 20
86.55865828381745
 97
0
 75
0
 76
1
 98
0
  0
CIRCLE
  5
3C0
330
17
100
AcDbEntity
  8
S-REBAR-DIST
100
AcDbCircle
 10
68.5
 20
86.75
 30
0.0
 40
0.5
  0
HATCH
  5
3C1
330
17
100
AcDbEntity
  8
S-REBAR-DIST
 62
5
100
AcDbHatch
 10
0.0
 20
0.0
 30
0.0
210
0.0
220
0.0
230
1.0
  2
SOLID
 70
1
 71
0
 91
1
 92
3
 72
0
 73
1
 93
16
 10
69.0
 20
86.75
 10
68.96193976625564
 20
86.94134171618255
 10
68.85355339059328
 20
87.10355339059328
 10
68.69134171618255
 20
87.21193976625564
 10
68.5
 20
87.25
 10
68.30865828381745
 20
87.21193976625564
 10
68.14644660940672
 20
87.10355339059328
 10
68.03806023374436
 20
86.94134171618255
 10
68.0
 20
86.75
 10
68.03806023374436
 20
86.55865828381745
 10
68.14644660940672
 20
86.39644660940672
 10
68.30865828381745
 20
86.28806023374436
 10
68.5
 20
86.25
 10
68.69134171618255
 20
86.28806023374436
 10
68.85355339059328
 20
86.39644660940672
 10
68.96193976625564
 20
86.55865828381745
 97
0
 75
0
 76
1
 98
0
  0
CIRCLE
  5
3C2
330
17
100
AcDbEntity
  8
S-REBAR-DIST
100
AcDbCircle
 10
76.0
 20
86.75
 30
0.0
 40
0.5
  0
HATCH
  5
3C3
330
17
100
AcDbEntity
  8
S-REBAR-DIST
 62
5
100
AcDbHatch
 10
0.0
 20
0.0
 30
0.0
210
0.0
220
0.0
230
1.0
  2
SOLID
 70
1
 71
0
 91
1
 92
3
 72
0
 73
1
 93
16
 10
76.5
 20
86.75
 10
76.46193976625564
 20
86.94134171618255
 10
76.35355339059328
 20
87.10355339059328
 10
76.19134171618255
 20
87.21193976625564
 10
76.0
 20
87.25
 10
75.80865828381745
 20
87.21193976625564
 10
75.64644660940672
 20
87.10355339059328
 10
75.53806023374436
 20
86.94134171618255
 10
75.5
 20
86.75
 10
75.53806023374436
 20
86.55865828381745
 10
75.64644660940672
 20
86.39644660940672
 10
75.80865828381745
 20
86.28806023374436
 10
76.0
 20
86.25
 10
76.19134171618255
 20
86.28806023374436
 10
76.35355339059328
 20
86.39644660940672
 10
76.46193976625564
 20
86.55865828381745
 97
0
 75
0
 76
1
 98
0
  0
CIRCLE
  5
3C4
330
17
100
AcDbEntity
  8
S-REBAR-DIST
100
AcDbCircle
 10
83.5
 20
86.75
 30
0.0
 40
0.5
  0
HATCH
  5
3C5
330
17
100
AcDbEntity
  8
S-REBAR-DIST
 62
5
100
AcDbHatch
 10
0.0
 20
0.0
 30
0.0
210
0.0
220
0.0
230
1.0
  2
SOLID
 70
1
 71
0
 91
1
 92
3
 72
0
 73
1
 93
16
 10
84.0
 20
86.75
 10
83.96193976625564
 20
86.94134171618255
 10
83.85355339059328
 20
87.10355339059328
 10
83.69134171618255
 20
87.21193976625564
 10
83.5
 20
87.25
 10
83.30865828381745
 20
87.21193976625564
 10
83.14644660940672
 20
87.10355339059328
 10
83.03806023374436
 20
86.94134171618255
 10
83.0
 20
86.75
 10
83.03806023374436
 20
86.55865828381745
 10
83.14644660940672
 20
86.39644660940672
 10
83.30865828381745
 20
86.28806023374436
 10
83.5
 20
86.25
 10
83.69134171618255
 20
86.28806023374436
 10
83.85355339059328
 20
86.39644660940672
 10
83.96193976625564
 20
86.55865828381745
 97
0
 75
0
 76
1
 98
0
  0
CIRCLE
  5
3C6
330
17
100
AcDbEntity
  8
S-REBAR-DIST
100
AcDbCircle
 10
91.0
 20
86.75
 30
0.0
 40
0.5
  0
HATCH
  5
3C7
330
17
100
AcDbEntity
  8
S-REBAR-DIST
 62
5
100
AcDbHatch
 10
0.0
 20
0.0
 30
0.0
210
0.0
220
0.0
230
1.0
  2
SOLID
 70
1
 71
0
 91
1
 92
3
 72
0
 73
1
 93
16
 10
91.5
 20
86.75
 10
91.46193976625564
 20
86.94134171618255
 10
91.35355339059328
 20
87.10355339059328
 10
91.19134171618255
 20
87.21193976625564
 10
91.0
 20
87.25
 10
90.80865828381745
 20
87.21193976625564
 10
90.64644660940672
 20
87.10355339059328
 10
90.53806023374436
 20
86.94134171618255
 10
90.5
 20
86.75
 10
90.53806023374436
 20
86.55865828381745
 10
90.64644660940672
 20
86.39644660940672
 10
90.80865828381745
 20
86.28806023374436
 10
91.0
 20
86.25
 10
91.19134171618255
 20
86.28806023374436
 10
91.35355339059328
 20
86.39644660940672
 10
91.46193976625564
 20
86.55865828381745
 97
0
 75
0
 76
1
 98
0
  0
CIRCLE
  5
3C8
330
17
100
AcDbEntity
  8
S-REBAR-DIST
100
AcDbCircle
 10
98.5
 20
86.75
 30
0.0
 40
0.5
  0
HATCH
  5
3C9
330
17
100
AcDbEntity
  8
S-REBAR-DIST
 62
5
100
AcDbHatch
 10
0.0
 20
0.0
 30
0.0
210
0.0
220
0.0
230
1.0
  2
SOLID
 70
1
 71
0
 91
1
 92
3
 72
0
 73
1
 93
16
 10
99.0
 20
86.75
 10
98.96193976625564
 20
86.94134171618255
 10
98.85355339059328
 20
87.10355339059328
 10
98.69134171618255
 20
87.21193976625564
 10
98.5
 20
87.25
 10
98.30865828381745
 20
87.21193976625564
 10
98.14644660940672
 20
87.10355339059328
 10
98.03806023374436
 20
86.94134171618255
 10
98.0
 20
86.75
 10
98.03806023374436
 20
86.55865828381745
 10
98.14644660940672
 20
86.39644660940672
 10
98.30865828381745
 20
86.28806023374436
 10
98.5
 20
86.25
 10
98.69134171618255
 20
86.28806023374436
 10
98.85355339059328
 20
86.39644660940672
 10
98.96193976625564
 20
86.55865828381745
 97
0
 75
0
 76
1
 98
0
  0
LINE
  5
3CA
330
17
100
AcDbEntity
  8
S-REBAR-MAIN
100
AcDbLine
 10
49.75
 20
70.25
 30
0.0
 11
102.25
 21
70.25
 31
0.0
  0
CIRCLE
  5
3CB
330
17
100
AcDbEntity
  8
S-REBAR-DIST
100
AcDbCircle
 10
53.5
 20
70.25
 30
0.0
 40
0.5
  0
HATCH
  5
3CC
330
17
100
AcDbEntity
  8
S-REBAR-DIST
 62
5
100
AcDbHatch
 10
0.0
 20
0.0
 30
0.0
210
0.0
220
0.0
230
1.0
  2
SOLID
 70
1
 71
0
 91
1
 92
3
 72
0
 73
1
 93
16
 10
54.0
 20
70.25
 10
53.96193976625565
 20
70.44134171618255
 10
53.85355339059328
 20
70.60355339059328
 10
53.69134171618254
 20
70.71193976625564
 10
53.5
 20
70.75
 10
53.30865828381746
 20
70.71193976625564
 10
53.14644660940672
 20
70.60355339059328
 10
53.03806023374435
 20
70.44134171618255
 10
53.0
 20
70.25
 10
53.03806023374435
 20
70.05865828381745
 10
53.14644660940672
 20
69.89644660940672
 10
53.30865828381746
 20
69.78806023374436
 10
53.5
 20
69.75
 10
53.69134171618254
 20
69.78806023374436
 10
53.85355339059328
 20
69.89644660940672
 10
53.96193976625565
 20
70.05865828381745
 97
0
 75
0
 76
1
 98
0
  0
CIRCLE
  5
3CD
330
17
100
AcDbEntity
  8
S-REBAR-DIST
100
AcDbCircle
 10
61.0
 20
70.25
 30
0.0
 40
0.5
  0
HATCH
  5
3CE
330
17
100
AcDbEntity
  8
S-REBAR-DIST
 62
5
100
AcDbHatch
 10
0.0
 20
0.0
 30
0.0
210
0.0
220
0.0
230
1.0
  2
SOLID
 70
1
 71
0
 91
1
 92
3
 72
0
 73
1
 93
16
 10
61.5
 20
70.25
 10
61.46193976625565
 20
70.44134171618255
 10
61.35355339059328
 20
70.60355339059328
 10
61.19134171618254
 20
70.71193976625564
 10
61.0
 20
70.75
 10
60.80865828381746
 20
70.71193976625564
 10
60.64644660940672
 20
70.60355339059328
 10
60.53806023374435
 20
70.44134171618255
 10
60.5
 20
70.25
 10
60.53806023374435
 20
70.05865828381745
 10
60.64644660940672
 20
69.89644660940672
 10
60.80865828381746
 20
69.78806023374436
 10
61.0
 20
69.75
 10
61.19134171618254
 20
69.78806023374436
 10
61.35355339059328
 20
69.89644660940672
 10
61.46193976625565
 20
70.05865828381745
 97
0
 75
0
 76
1
 98
0
  0
CIRCLE
  5
3CF
330
17
100
AcDbEntity
  8
S-REBAR-DIST
100
AcDbCircle
 10
68.5
 20
70.25
 30
0.0
 40
0.5
  0
HATCH
  5
3D0
330
17
100
AcDbEntity
  8
S-REBAR-DIST
 62
5
100
AcDbHatch
 10
0.0
 20
0.0
 30
0.0
210
0.0
220
0.0
230
1.0
  2
SOLID
 70
1
 71
0
 91
1
 92
3
 72
0
 73
1
 93
16
 10
69.0
 20
70.25
 10
68.96193976625564
 20
70.44134171618255
 10
68.85355339059328
 20
70.60355339059328
 10
68.69134171618255
 20
70.71193976625564
 10
68.5
 20
70.75
 10
68.30865828381745
 20
70.71193976625564
 10
68.14644660940672
 20
70.60355339059328
 10
68.03806023374436
 20
70.44134171618255
 10
68.0
 20
70.25
 10
68.03806023374436
 20
70.05865828381745
 10
68.14644660940672
 20
69.89644660940672
 10
68.30865828381745
 20
69.78806023374436
 10
68.5
 20
69.75
 10
68.69134171618255
 20
69.78806023374436
 10
68.85355339059328
 20
69.89644660940672
 10
68.96193976625564
 20
70.05865828381745
 97
0
 75
0
 76
1
 98
0
  0
CIRCLE
  5
3D1
330
17
100
AcDbEntity
  8
S-REBAR-DIST
100
AcDbCircle
 10
76.0
 20
70.25
 30
0.0
 40
0.5
  0
HATCH
  5
3D2
330
17
100
AcDbEntity
  8
S-REBAR-DIST
 62
5
100
AcDbHatch
 10
0.0
 20
0.0
 30
0.0
210
0.0
220
0.0
230
1.0
  2
SOLID
 70
1
 71
0
 91
1
 92
3
 72
0
 73
1
 93
16
 10
76.5
 20
70.25
 10
76.46193976625564
 20
70.44134171618255
 10
76.35355339059328
 20
70.60355339059328
 10
76.19134171618255
 20
70.71193976625564
 10
76.0
 20
70.75
 10
75.80865828381745
 20
70.71193976625564
 10
75.64644660940672
 20
70.60355339059328
 10
75.53806023374436
 20
70.44134171618255
 10
75.5
 20
70.25
 10
75.53806023374436
 20
70.05865828381745
 10
75.64644660940672
 20
69.89644660940672
 10
75.80865828381745
 20
69.78806023374436
 10
76.0
 20
69.75
 10
76.19134171618255
 20
69.78806023374436
 10
76.35355339059328
 20
69.89644660940672
 10
76.46193976625564
 20
70.05865828381745
 97
0
 75
0
 76
1
 98
0
  0
CIRCLE
  5
3D3
330
17
100
AcDbEntity
  8
S-REBAR-DIST
100
AcDbCircle
 10
83.5
 20
70.25
 30
0.0
 40
0.5
  0
HATCH
  5
3D4
330
17
100
AcDbEntity
  8
S-REBAR-DIST
 62
5
100
AcDbHatch
 10
0.0
 20
0.0
 30
0.0
210
0.0
220
0.0
230
1.0
  2
SOLID
 70
1
 71
0
 91
1
 92
3
 72
0
 73
1
 93
16
 10
84.0
 20
70.25
 10
83.96193976625564
 20
70.44134171618255
 10
83.85355339059328
 20
70.60355339059328
 10
83.69134171618255
 20
70.71193976625564
 10
83.5
 20
70.75
 10
83.30865828381745
 20
70.71193976625564
 10
83.14644660940672
 20
70.60355339059328
 10
83.03806023374436
 20
70.44134171618255
 10
83.0
 20
70.25
 10
83.03806023374436
 20
70.05865828381745
 10
83.14644660940672
 20
69.89644660940672
 10
83.30865828381745
 20
69.78806023374436
 10
83.5
 20
69.75
 10
83.69134171618255
 20
69.78806023374436
 10
83.85355339059328
 20
69.89644660940672
 10
83.96193976625564
 20
70.05865828381745
 97
0
 75
0
 76
1
 98
0
  0
CIRCLE
  5
3D5
330
17
100
AcDbEntity
  8
S-REBAR-DIST
100
AcDbCircle
 10
91.0
 20
70.25
 30
0.0
 40
0.5
  0
HATCH
  5
3D6
330
17
100
AcDbEntity
  8
S-REBAR-DIST
 62
5
100
AcDbHatch
 10
0.0
 20
0.0
 30
0.0
210
0.0
220
0.0
230
1.0
  2
SOLID
 70
1
 71
0
 91
1
 92
3
 72
0
 73
1
 93
16
 10
91.5
 20
70.25
 10
91.46193976625564
 20
70.44134171618255
 10
91.35355339059328
 20
70.60355339059328
 10
91.19134171618255
 20
70.71193976625564
 10
91.0
 20
70.75
 10
90.80865828381745
 20
70.71193976625564
 10
90.64644660940672
 20
70.60355339059328
 10
90.53806023374436
 20
70.44134171618255
 10
90.5
 20
70.25
 10
90.53806023374436
 20
70.05865828381745
 10
90.64644660940672
 20
69.89644660940672
 10
90.80865828381745
 20
69.78806023374436
 10
91.0
 20
69.75
 10
91.19134171618255
 20
69.78806023374436
 10
91.35355339059328
 20
69.89644660940672
 10
91.46193976625564
 20
70.05865828381745
 97
0
 75
0
 76
1
 98
0
  0
CIRCLE
  5
3D7
330
17
100
AcDbEntity
  8
S-REBAR-DIST
100
AcDbCircle
 10
98.5
 20
70.25
 30
0.0
 40
0.5
  0
HATCH
  5
3D8
330
17
100
AcDbEntity
  8
S-REBAR-DIST
 62
5
100
AcDbHatch
 10
0.0
 20
0.0
 30
0.0
210
0.0
220
0.0
230
1.0
  2
SOLID
 70
1
 71
0
 91
1
 92
3
 72
0
 73
1
 93
16
 10
99.0
 20
70.25
 10
98.96193976625564
 20
70.44134171618255
 10
98.85355339059328
 20
70.60355339059328
 10
98.69134171618255
 20
70.71193976625564
 10
98.5
 20
70.75
 10
98.30865828381745
 20
70.71193976625564
 10
98.14644660940672
 20
70.60355339059328
 10
98.03806023374436
 20
70.44134171618255
 10
98.0
 20
70.25
 10
98.03806023374436
 20
70.05865828381745
 10
98.14644660940672
 20
69.89644660940672
 10
98.30865828381745
 20
69.78806023374436
 10
98.5
 20
69.75
 10
98.69134171618255
 20
69.78806023374436
 10
98.85355339059328
 20
69.89644660940672
 10
98.96193976625564
 20
70.05865828381745
 97
0
 75
0
 76
1
 98
0
  0
LINE
  5
3D9
330
17
100
AcDbEntity
  8
S-REBAR-STIRRUP
100
AcDbLine
 10
52.75
 20
69.75
 30
0.0
 11
52.75
 21
87.25
 31
0.0
  0
LINE
  5
3DA
330
17
100
AcDbEntity
  8
S-REBAR-STIRRUP
100
AcDbLine
 10
62.05
 20
69.75
 30
0.0
 11
62.05
 21
87.25
 31
0.0
  0
LINE
  5
3DB
330
17
100
AcDbEntity
  8
S-REBAR-STIRRUP
100
AcDbLine
 10
71.35
 20
69.75
 30
0.0
 11
71.35
 21
87.25
 31
0.0
  0
LINE
  5
3DC
330
17
100
AcDbEntity
  8
S-REBAR-STIRRUP
100
AcDbLine
 10
80.65
 20
69.75
 30
0.0
 11
80.65
 21
87.25
 31
0.0
  0
LINE
  5
3DD
330
17
100
AcDbEntity
  8
S-REBAR-STIRRUP
100
AcDbLine
 10
89.95
 20
69.75
 30
0.0
 11
89.95
 21
87.25
 31
0.0
  0
LINE
  5
3DE
330
17
100
AcDbEntity
  8
S-REBAR-STIRRUP
100
AcDbLine
 10
99.25
 20
69.75
 30
0.0
 11
99.25
 21
87.25
 31
0.0
  0
DIMENSION
  5
3DF
330
17
100
AcDbEntity
  8
S-DIM
100
AcDbDimension
280
0
  2
*D6
  3
A2-DIM-S
 10
110.5
 20
66.0
 30
0.0
 11
108.9
 21
78.5
 31
0.0
 70
32
 71
5
  1
<>
100
AcDbAlignedDimension
 13
106.0
 23
66.0
 33
0.0
 14
106.0
 24
91.0
 34
0.0
 50
90.0
100
AcDbRotatedDimension
1001
ACAD
1000
DSTYLE
1002
{
1070
144
1040
20.0
1002
}
  0
TEXT
  5
3EE
330
17
100
AcDbEntity
  8
S-SECTION
100
AcDbText
 10
76.0
 20
57.5
 30
0.0
 40
2.0
  1
b - b
  7
OpenSans
 72
1
 11
76.0
 21
57.5
 31
0.0
100
AcDbText
 73
2
  0
TEXT
  5
3EF
330
17
100
AcDbEntity
  8
S-TEXT
100
AcDbText
 10
76.0
 20
53.5
 30
0.0
 40
1.7
  1
ROOF 500
  7
OpenSans
 72
1
 11
76.0
 21
53.5
 31
0.0
100
AcDbText
 73
2
  0
TEXT
  5
3F0
330
17
100
AcDbEntity
  8
S-TEXT
100
AcDbText
 10
76.0
 20
93.6
 30
0.0
 40
1.7
  1
T12 4L @ 175 / 250
  7
OpenSans
 72
1
 11
76.0
 21
93.6
 31
0.0
100
AcDbText
 73
2
  0
TEXT
  5
3F1
330
17
100
AcDbEntity
  8
S-TEXT
100
AcDbText
 10
76.0
 20
96.6
 30
0.0
 40
1.7
  1
T20 @ 150 EF EW
  7
OpenSans
 72
1
 11
76.0
 21
96.6
 31
0.0
100
AcDbText
 73
2
  0
HATCH
  5
3F2
330
17
100
AcDbEntity
  8
S-HATCH
 62
7
100
AcDbHatch
 10
0.0
 20
0.0
 30
0.0
210
0.0
220
0.0
230
1.0
  2
ANSI31
 70
0
 71
0
 91
1
 92
3
 72
0
 73
1
 93
4
 10
114.0
 20
66.0
 10
174.0
 20
66.0
 10
174.0
 20
86.0
 10
114.0
 20
86.0
 97
0
 75
1
 76
1
 52
0.0
 41
0.45
 77
0
 78
1
 53
45.0
 43
0.0
 44
0.0
 45
-1.0102788136
 46
1.0102788136
 79
0
 98
0
  0
LWPOLYLINE
  5
3F3
330
17
100
AcDbEntity
  8
S-CONCRETE
100
AcDbPolyline
 90
4
 70
1
 10
114.0
 20
66.0
 10
174.0
 20
66.0
 10
174.0
 20
86.0
 10
114.0
 20
86.0
  0
LINE
  5
3F4
330
17
100
AcDbEntity
  8
S-REBAR-MAIN
100
AcDbLine
 10
116.5
 20
83.6
 30
0.0
 11
171.5
 21
83.6
 31
0.0
  0
CIRCLE
  5
3F5
330
17
100
AcDbEntity
  8
S-REBAR-DIST
100
AcDbCircle
 10
120.25
 20
83.6
 30
0.0
 40
0.4
  0
HATCH
  5
3F6
330
17
100
AcDbEntity
  8
S-REBAR-DIST
 62
5
100
AcDbHatch
 10
0.0
 20
0.0
 30
0.0
210
0.0
220
0.0
230
1.0
  2
SOLID
 70
1
 71
0
 91
1
 92
3
 72
0
 73
1
 93
16
 10
120.65
 20
83.6
 10
120.61955181300452
 20
83.75307337294603
 10
120.53284271247462
 20
83.88284271247461
 10
120.40307337294604
 20
83.96955181300451
 10
120.25
 20
84.0
 10
120.09692662705396
 20
83.96955181300451
 10
119.96715728752538
 20
83.88284271247461
 10
119.88044818699548
 20
83.75307337294603
 10
119.85
 20
83.6
 10
119.88044818699548
 20
83.44692662705395
 10
119.96715728752538
 20
83.31715728752538
 10
120.09692662705396
 20
83.23044818699547
 10
120.25
 20
83.19999999999999
 10
120.40307337294604
 20
83.23044818699547
 10
120.53284271247462
 20
83.31715728752538
 10
120.61955181300452
 20
83.44692662705395
 97
0
 75
0
 76
1
 98
0
  0
CIRCLE
  5
3F7
330
17
100
AcDbEntity
  8
S-REBAR-DIST
100
AcDbCircle
 10
127.75
 20
83.6
 30
0.0
 40
0.4
  0
HATCH
  5
3F8
330
17
100
AcDbEntity
  8
S-REBAR-DIST
 62
5
100
AcDbHatch
 10
0.0
 20
0.0
 30
0.0
210
0.0
220
0.0
230
1.0
  2
SOLID
 70
1
 71
0
 91
1
 92
3
 72
0
 73
1
 93
16
 10
128.15
 20
83.6
 10
128.1195518130045
 20
83.75307337294603
 10
128.03284271247463
 20
83.88284271247461
 10
127.90307337294604
 20
83.96955181300451
 10
127.75
 20
84.0
 10
127.59692662705396
 20
83.96955181300451
 10
127.46715728752538
 20
83.88284271247461
 10
127.38044818699548
 20
83.75307337294603
 10
127.35
 20
83.6
 10
127.38044818699548
 20
83.44692662705395
 10
127.46715728752538
 20
83.31715728752538
 10
127.59692662705396
 20
83.23044818699547
 10
127.75
 20
83.19999999999999
 10
127.90307337294604
 20
83.23044818699547
 10
128.03284271247463
 20
83.31715728752538
 10
128.1195518130045
 20
83.44692662705395
 97
0
 75
0
 76
1
 98
0
  0
CIRCLE
  5
3F9
330
17
100
AcDbEntity
  8
S-REBAR-DIST
100
AcDbCircle
 10
135.25
 20
83.6
 30
0.0
 40
0.4
  0
HATCH
  5
3FA
330
17
100
AcDbEntity
  8
S-REBAR-DIST
 62
5
100
AcDbHatch
 10
0.0
 20
0.0
 30
0.0
210
0.0
220
0.0
230
1.0
  2
SOLID
 70
1
 71
0
 91
1
 92
3
 72
0
 73
1
 93
16
 10
135.65
 20
83.6
 10
135.6195518130045
 20
83.75307337294603
 10
135.53284271247463
 20
83.88284271247461
 10
135.40307337294604
 20
83.96955181300451
 10
135.25
 20
84.0
 10
135.09692662705396
 20
83.96955181300451
 10
134.96715728752537
 20
83.88284271247461
 10
134.8804481869955
 20
83.75307337294603
 10
134.85
 20
83.6
 10
134.8804481869955
 20
83.44692662705395
 10
134.96715728752537
 20
83.31715728752538
 10
135.09692662705396
 20
83.23044818699547
 10
135.25
 20
83.19999999999999
 10
135.40307337294604
 20
83.23044818699547
 10
135.53284271247463
 20
83.31715728752538
 10
135.6195518130045
 20
83.44692662705395
 97
0
 75
0
 76
1
 98
0
  0
CIRCLE
  5
3FB
330
17
100
AcDbEntity
  8
S-REBAR-DIST
100
AcDbCircle
 10
142.75
 20
83.6
 30
0.0
 40
0.4
  0
HATCH
  5
3FC
330
17
100
AcDbEntity
  8
S-REBAR-DIST
 62
5
100
AcDbHatch
 10
0.0
 20
0.0
 30
0.0
210
0.0
220
0.0
230
1.0
  2
SOLID
 70
1
 71
0
 91
1
 92
3
 72
0
 73
1
 93
16
 10
143.15
 20
83.6
 10
143.1195518130045
 20
83.75307337294603
 10
143.03284271247463
 20
83.88284271247461
 10
142.90307337294604
 20
83.96955181300451
 10
142.75
 20
84.0
 10
142.59692662705396
 20
83.96955181300451
 10
142.46715728752537
 20
83.88284271247461
 10
142.3804481869955
 20
83.75307337294603
 10
142.35
 20
83.6
 10
142.3804481869955
 20
83.44692662705395
 10
142.46715728752537
 20
83.31715728752538
 10
142.59692662705396
 20
83.23044818699547
 10
142.75
 20
83.19999999999999
 10
142.90307337294604
 20
83.23044818699547
 10
143.03284271247463
 20
83.31715728752538
 10
143.1195518130045
 20
83.44692662705395
 97
0
 75
0
 76
1
 98
0
  0
CIRCLE
  5
3FD
330
17
100
AcDbEntity
  8
S-REBAR-DIST
100
AcDbCircle
 10
150.25
 20
83.6
 30
0.0
 40
0.4
  0
HATCH
  5
3FE
330
17
100
AcDbEntity
  8
S-REBAR-DIST
 62
5
100
AcDbHatch
 10
0.0
 20
0.0
 30
0.0
210
0.0
220
0.0
230
1.0
  2
SOLID
 70
1
 71
0
 91
1
 92
3
 72
0
 73
1
 93
16
 10
150.65
 20
83.6
 10
150.6195518130045
 20
83.75307337294603
 10
150.53284271247463
 20
83.88284271247461
 10
150.40307337294604
 20
83.96955181300451
 10
150.25
 20
84.0
 10
150.09692662705396
 20
83.96955181300451
 10
149.96715728752537
 20
83.88284271247461
 10
149.8804481869955
 20
83.75307337294603
 10
149.85
 20
83.6
 10
149.8804481869955
 20
83.44692662705395
 10
149.96715728752537
 20
83.31715728752538
 10
150.09692662705396
 20
83.23044818699547
 10
150.25
 20
83.19999999999999
 10
150.40307337294604
 20
83.23044818699547
 10
150.53284271247463
 20
83.31715728752538
 10
150.6195518130045
 20
83.44692662705395
 97
0
 75
0
 76
1
 98
0
  0
CIRCLE
  5
3FF
330
17
100
AcDbEntity
  8
S-REBAR-DIST
100
AcDbCircle
 10
157.75
 20
83.6
 30
0.0
 40
0.4
  0
HATCH
  5
400
330
17
100
AcDbEntity
  8
S-REBAR-DIST
 62
5
100
AcDbHatch
 10
0.0
 20
0.0
 30
0.0
210
0.0
220
0.0
230
1.0
  2
SOLID
 70
1
 71
0
 91
1
 92
3
 72
0
 73
1
 93
16
 10
158.15
 20
83.6
 10
158.1195518130045
 20
83.75307337294603
 10
158.03284271247463
 20
83.88284271247461
 10
157.90307337294604
 20
83.96955181300451
 10
157.75
 20
84.0
 10
157.59692662705396
 20
83.96955181300451
 10
157.46715728752537
 20
83.88284271247461
 10
157.3804481869955
 20
83.75307337294603
 10
157.35
 20
83.6
 10
157.3804481869955
 20
83.44692662705395
 10
157.46715728752537
 20
83.31715728752538
 10
157.59692662705396
 20
83.23044818699547
 10
157.75
 20
83.19999999999999
 10
157.90307337294604
 20
83.23044818699547
 10
158.03284271247463
 20
83.31715728752538
 10
158.1195518130045
 20
83.44692662705395
 97
0
 75
0
 76
1
 98
0
  0
CIRCLE
  5
401
330
17
100
AcDbEntity
  8
S-REBAR-DIST
100
AcDbCircle
 10
165.25
 20
83.6
 30
0.0
 40
0.4
  0
HATCH
  5
402
330
17
100
AcDbEntity
  8
S-REBAR-DIST
 62
5
100
AcDbHatch
 10
0.0
 20
0.0
 30
0.0
210
0.0
220
0.0
230
1.0
  2
SOLID
 70
1
 71
0
 91
1
 92
3
 72
0
 73
1
 93
16
 10
165.65
 20
83.6
 10
165.6195518130045
 20
83.75307337294603
 10
165.53284271247463
 20
83.88284271247461
 10
165.40307337294604
 20
83.96955181300451
 10
165.25
 20
84.0
 10
165.09692662705396
 20
83.96955181300451
 10
164.96715728752537
 20
83.88284271247461
 10
164.8804481869955
 20
83.75307337294603
 10
164.85
 20
83.6
 10
164.8804481869955
 20
83.44692662705395
 10
164.96715728752537
 20
83.31715728752538
 10
165.09692662705396
 20
83.23044818699547
 10
165.25
 20
83.19999999999999
 10
165.40307337294604
 20
83.23044818699547
 10
165.53284271247463
 20
83.31715728752538
 10
165.6195518130045
 20
83.44692662705395
 97
0
 75
0
 76
1
 98
0
  0
LINE
  5
403
330
17
100
AcDbEntity
  8
S-REBAR-MAIN
100
AcDbLine
 10
116.5
 20
68.9
 30
0.0
 11
171.5
 21
68.9
 31
0.0
  0
CIRCLE
  5
404
330
17
100
AcDbEntity
  8
S-REBAR-DIST
100
AcDbCircle
 10
120.25
 20
68.9
 30
0.0
 40
0.4
  0
HATCH
  5
405
330
17
100
AcDbEntity
  8
S-REBAR-DIST
 62
5
100
AcDbHatch
 10
0.0
 20
0.0
 30
0.0
210
0.0
220
0.0
230
1.0
  2
SOLID
 70
1
 71
0
 91
1
 92
3
 72
0
 73
1
 93
16
 10
120.65
 20
68.9
 10
120.61955181300452
 20
69.05307337294605
 10
120.53284271247462
 20
69.18284271247462
 10
120.40307337294604
 20
69.26955181300453
 10
120.25
 20
69.30000000000001
 10
120.09692662705396
 20
69.26955181300453
 10
119.96715728752538
 20
69.18284271247462
 10
119.88044818699548
 20
69.05307337294605
 10
119.85
 20
68.9
 10
119.88044818699548
 20
68.74692662705397
 10
119.96715728752538
 20
68.61715728752539
 10
120.09692662705396
 20
68.53044818699549
 10
120.25
 20
68.5
 10
120.40307337294604
 20
68.53044818699549
 10
120.53284271247462
 20
68.61715728752539
 10
120.61955181300452
 20
68.74692662705397
 97
0
 75
0
 76
1
 98
0
  0
CIRCLE
  5
406
330
17
100
AcDbEntity
  8
S-REBAR-DIST
100
AcDbCircle
 10
127.75
 20
68.9
 30
0.0
 40
0.4
  0
HATCH
  5
407
330
17
100
AcDbEntity
  8
S-REBAR-DIST
 62
5
100
AcDbHatch
 10
0.0
 20
0.0
 30
0.0
210
0.0
220
0.0
230
1.0
  2
SOLID
 70
1
 71
0
 91
1
 92
3
 72
0
 73
1
 93
16
 10
128.15
 20
68.9
 10
128.1195518130045
 20
69.05307337294605
 10
128.03284271247463
 20
69.18284271247462
 10
127.90307337294604
 20
69.26955181300453
 10
127.75
 20
69.30000000000001
 10
127.59692662705396
 20
69.26955181300453
 10
127.46715728752538
 20
69.18284271247462
 10
127.38044818699548
 20
69.05307337294605
 10
127.35
 20
68.9
 10
127.38044818699548
 20
68.74692662705397
 10
127.46715728752538
 20
68.61715728752539
 10
127.59692662705396
 20
68.53044818699549
 10
127.75
 20
68.5
 10
127.90307337294604
 20
68.53044818699549
 10
128.03284271247463
 20
68.61715728752539
 10
128.1195518130045
 20
68.74692662705397
 97
0
 75
0
 76
1
 98
0
  0
CIRCLE
  5
408
330
17
100
AcDbEntity
  8
S-REBAR-DIST
100
AcDbCircle
 10
135.25
 20
68.9
 30
0.0
 40
0.4
  0
HATCH
  5
409
330
17
100
AcDbEntity
  8
S-REBAR-DIST
 62
5
100
AcDbHatch
 10
0.0
 20
0.0
 30
0.0
210
0.0
220
0.0
230
1.0
  2
SOLID
 70
1
 71
0
 91
1
 92
3
 72
0
 73
1
 93
16
 10
135.65
 20
68.9
 10
135.6195518130045
 20
69.05307337294605
 10
135.53284271247463
 20
69.18284271247462
 10
135.40307337294604
 20
69.26955181300453
 10
135.25
 20
69.30000000000001
 10
135.09692662705396
 20
69.26955181300453
 10
134.96715728752537
 20
69.18284271247462
 10
134.8804481869955
 20
69.05307337294605
 10
134.85
 20
68.9
 10
134.8804481869955
 20
68.74692662705397
 10
134.96715728752537
 20
68.61715728752539
 10
135.09692662705396
 20
68.53044818699549
 10
135.25
 20
68.5
 10
135.40307337294604
 20
68.53044818699549
 10
135.53284271247463
 20
68.61715728752539
 10
135.6195518130045
 20
68.74692662705397
 97
0
 75
0
 76
1
 98
0
  0
CIRCLE
  5
40A
330
17
100
AcDbEntity
  8
S-REBAR-DIST
100
AcDbCircle
 10
142.75
 20
68.9
 30
0.0
 40
0.4
  0
HATCH
  5
40B
330
17
100
AcDbEntity
  8
S-REBAR-DIST
 62
5
100
AcDbHatch
 10
0.0
 20
0.0
 30
0.0
210
0.0
220
0.0
230
1.0
  2
SOLID
 70
1
 71
0
 91
1
 92
3
 72
0
 73
1
 93
16
 10
143.15
 20
68.9
 10
143.1195518130045
 20
69.05307337294605
 10
143.03284271247463
 20
69.18284271247462
 10
142.90307337294604
 20
69.26955181300453
 10
142.75
 20
69.30000000000001
 10
142.59692662705396
 20
69.26955181300453
 10
142.46715728752537
 20
69.18284271247462
 10
142.3804481869955
 20
69.05307337294605
 10
142.35
 20
68.9
 10
142.3804481869955
 20
68.74692662705397
 10
142.46715728752537
 20
68.61715728752539
 10
142.59692662705396
 20
68.53044818699549
 10
142.75
 20
68.5
 10
142.90307337294604
 20
68.53044818699549
 10
143.03284271247463
 20
68.61715728752539
 10
143.1195518130045
 20
68.74692662705397
 97
0
 75
0
 76
1
 98
0
  0
CIRCLE
  5
40C
330
17
100
AcDbEntity
  8
S-REBAR-DIST
100
AcDbCircle
 10
150.25
 20
68.9
 30
0.0
 40
0.4
  0
HATCH
  5
40D
330
17
100
AcDbEntity
  8
S-REBAR-DIST
 62
5
100
AcDbHatch
 10
0.0
 20
0.0
 30
0.0
210
0.0
220
0.0
230
1.0
  2
SOLID
 70
1
 71
0
 91
1
 92
3
 72
0
 73
1
 93
16
 10
150.65
 20
68.9
 10
150.6195518130045
 20
69.05307337294605
 10
150.53284271247463
 20
69.18284271247462
 10
150.40307337294604
 20
69.26955181300453
 10
150.25
 20
69.30000000000001
 10
150.09692662705396
 20
69.26955181300453
 10
149.96715728752537
 20
69.18284271247462
 10
149.8804481869955
 20
69.05307337294605
 10
149.85
 20
68.9
 10
149.8804481869955
 20
68.74692662705397
 10
149.96715728752537
 20
68.61715728752539
 10
150.09692662705396
 20
68.53044818699549
 10
150.25
 20
68.5
 10
150.40307337294604
 20
68.53044818699549
 10
150.53284271247463
 20
68.61715728752539
 10
150.6195518130045
 20
68.74692662705397
 97
0
 75
0
 76
1
 98
0
  0
CIRCLE
  5
40E
330
17
100
AcDbEntity
  8
S-REBAR-DIST
100
AcDbCircle
 10
157.75
 20
68.9
 30
0.0
 40
0.4
  0
HATCH
  5
40F
330
17
100
AcDbEntity
  8
S-REBAR-DIST
 62
5
100
AcDbHatch
 10
0.0
 20
0.0
 30
0.0
210
0.0
220
0.0
230
1.0
  2
SOLID
 70
1
 71
0
 91
1
 92
3
 72
0
 73
1
 93
16
 10
158.15
 20
68.9
 10
158.1195518130045
 20
69.05307337294605
 10
158.03284271247463
 20
69.18284271247462
 10
157.90307337294604
 20
69.26955181300453
 10
157.75
 20
69.30000000000001
 10
157.59692662705396
 20
69.26955181300453
 10
157.46715728752537
 20
69.18284271247462
 10
157.3804481869955
 20
69.05307337294605
 10
157.35
 20
68.9
 10
157.3804481869955
 20
68.74692662705397
 10
157.46715728752537
 20
68.61715728752539
 10
157.59692662705396
 20
68.53044818699549
 10
157.75
 20
68.5
 10
157.90307337294604
 20
68.53044818699549
 10
158.03284271247463
 20
68.61715728752539
 10
158.1195518130045
 20
68.74692662705397
 97
0
 75
0
 76
1
 98
0
  0
CIRCLE
  5
410
330
17
100
AcDbEntity
  8
S-REBAR-DIST
100
AcDbCircle
 10
165.25
 20
68.9
 30
0.0
 40
0.4
  0
HATCH
  5
411
330
17
100
AcDbEntity
  8
S-REBAR-DIST
 62
5
100
AcDbHatch
 10
0.0
 20
0.0
 30
0.0
210
0.0
220
0.0
230
1.0
  2
SOLID
 70
1
 71
0
 91
1
 92
3
 72
0
 73
1
 93
16
 10
165.65
 20
68.9
 10
165.6195518130045
 20
69.05307337294605
 10
165.53284271247463
 20
69.18284271247462
 10
165.40307337294604
 20
69.26955181300453
 10
165.25
 20
69.30000000000001
 10
165.09692662705396
 20
69.26955181300453
 10
164.96715728752537
 20
69.18284271247462
 10
164.8804481869955
 20
69.05307337294605
 10
164.85
 20
68.9
 10
164.8804481869955
 20
68.74692662705397
 10
164.96715728752537
 20
68.61715728752539
 10
165.09692662705396
 20
68.53044818699549
 10
165.25
 20
68.5
 10
165.40307337294604
 20
68.53044818699549
 10
165.53284271247463
 20
68.61715728752539
 10
165.6195518130045
 20
68.74692662705397
 97
0
 75
0
 76
1
 98
0
  0
LINE
  5
412
330
17
100
AcDbEntity
  8
S-REBAR-STIRRUP
100
AcDbLine
 10
119.5
 20
68.5
 30
0.0
 11
119.5
 21
84.0
 31
0.0
  0
LINE
  5
413
330
17
100
AcDbEntity
  8
S-REBAR-STIRRUP
100
AcDbLine
 10
131.75
 20
68.5
 30
0.0
 11
131.75
 21
84.0
 31
0.0
  0
LINE
  5
414
330
17
100
AcDbEntity
  8
S-REBAR-STIRRUP
100
AcDbLine
 10
144.0
 20
68.5
 30
0.0
 11
144.0
 21
84.0
 31
0.0
  0
LINE
  5
415
330
17
100
AcDbEntity
  8
S-REBAR-STIRRUP
100
AcDbLine
 10
156.25
 20
68.5
 30
0.0
 11
156.25
 21
84.0
 31
0.0
  0
LINE
  5
416
330
17
100
AcDbEntity
  8
S-REBAR-STIRRUP
100
AcDbLine
 10
168.5
 20
68.5
 30
0.0
 11
168.5
 21
84.0
 31
0.0
  0
DIMENSION
  5
417
330
17
100
AcDbEntity
  8
S-DIM
100
AcDbDimension
280
0
  2
*D7
  3
A2-DIM-S
 10
178.5
 20
66.0
 30
0.0
 11
176.9
 21
76.0
 31
0.0
 70
32
 71
5
  1
<>
100
AcDbAlignedDimension
 13
174.0
 23
66.0
 33
0.0
 14
174.0
 24
86.0
 34
0.0
 50
90.0
100
AcDbRotatedDimension
1001
ACAD
1000
DSTYLE
1002
{
1070
144
1040
20.0
1002
}
  0
TEXT
  5
426
330
17
100
AcDbEntity
  8
S-SECTION
100
AcDbText
 10
144.0
 20
57.5
 30
0.0
 40
2.0
  1
c - c
  7
OpenSans
 72
1
 11
144.0
 21
57.5
 31
0.0
100
AcDbText
 73
2
  0
TEXT
  5
427
330
17
100
AcDbEntity
  8
S-TEXT
100
AcDbText
 10
144.0
 20
53.5
 30
0.0
 40
1.7
  1
WALLS HW1 - HW4 400
  7
OpenSans
 72
1
 11
144.0
 21
53.5
 31
0.0
100
AcDbText
 73
2
  0
TEXT
  5
428
330
17
100
AcDbEntity
  8
S-TEXT
100
AcDbText
 10
144.0
 20
88.6
 30
0.0
 40
1.7
  1
T12 4L @ 250 THROUGHOUT
  7
OpenSans
 72
1
 11
144.0
 21
88.6
 31
0.0
100
AcDbText
 73
2
  0
TEXT
  5
429
330
17
100
AcDbEntity
  8
S-TEXT
100
AcDbText
 10
144.0
 20
91.6
 30
0.0
 40
1.7
  1
T16 @ 150 EF EW
  7
OpenSans
 72
1
 11
144.0
 21
91.6
 31
0.0
100
AcDbText
 73
2
  0
HATCH
  5
42A
330
17
100
AcDbEntity
  8
S-HATCH
 62
7
100
AcDbHatch
 10
0.0
 20
0.0
 30
0.0
210
0.0
220
0.0
230
1.0
  2
ANSI31
 70
0
 71
0
 91
1
 92
3
 72
0
 73
1
 93
4
 10
182.0
 20
66.0
 10
202.0
 20
66.0
 10
202.0
 20
106.0
 10
182.0
 20
106.0
 97
0
 75
1
 76
1
 52
0.0
 41
0.45
 77
0
 78
1
 53
45.0
 43
0.0
 44
0.0
 45
-1.0102788136
 46
1.0102788136
 79
0
 98
0
  0
LWPOLYLINE
  5
42B
330
17
100
AcDbEntity
  8
S-CONCRETE
100
AcDbPolyline
 90
4
 70
1
 10
182.0
 20
66.0
 10
202.0
 20
66.0
 10
202.0
 20
106.0
 10
182.0
 20
106.0
  0
LWPOLYLINE
  5
42C
330
17
100
AcDbEntity
  8
S-REBAR-STIRRUP
100
AcDbPolyline
 90
4
 70
1
 10
184.0
 20
68.0
 10
200.0
 20
68.0
 10
200.0
 20
104.0
 10
184.0
 20
104.0
  0
LINE
  5
42D
330
17
100
AcDbEntity
  8
S-REBAR-STIRRUP
100
AcDbLine
 10
200.0
 20
104.0
 30
0.0
 11
199.1
 21
103.1
 31
0.0
  0
LINE
  5
42E
330
17
100
AcDbEntity
  8
S-REBAR-STIRRUP
100
AcDbLine
 10
199.55
 20
104.0
 30
0.0
 11
198.65
 21
103.1
 31
0.0
  0
CIRCLE
  5
42F
330
17
100
AcDbEntity
  8
S-REBAR-MAIN
100
AcDbCircle
 10
185.1
 20
102.9
 30
0.0
 40
0.5
  0
HATCH
  5
430
330
17
100
AcDbEntity
  8
S-REBAR-MAIN
 62
1
100
AcDbHatch
 10
0.0
 20
0.0
 30
0.0
210
0.0
220
0.0
230
1.0
  2
SOLID
 70
1
 71
0
 91
1
 92
3
 72
0
 73
1
 93
16
 10
185.6
 20
102.9
 10
185.56193976625565
 20
103.09134171618255
 10
185.45355339059327
 20
103.25355339059328
 10
185.29134171618253
 20
103.36193976625565
 10
185.1
 20
103.4
 10
184.90865828381746
 20
103.36193976625565
 10
184.74644660940672
 20
103.25355339059328
 10
184.63806023374434
 20
103.09134171618255
 10
184.6
 20
102.9
 10
184.63806023374434
 20
102.70865828381746
 10
184.74644660940672
 20
102.54644660940673
 10
184.90865828381746
 20
102.43806023374437
 10
185.1
 20
102.4
 10
185.29134171618253
 20
102.43806023374437
 10
185.45355339059327
 20
102.54644660940673
 10
185.56193976625565
 20
102.70865828381746
 97
0
 75
0
 76
1
 98
0
  0
CIRCLE
  5
431
330
17
100
AcDbEntity
  8
S-REBAR-MAIN
100
AcDbCircle
 10
189.9
 20
102.9
 30
0.0
 40
0.5
  0
HATCH
  5
432
330
17
100
AcDbEntity
  8
S-REBAR-MAIN
 62
1
100
AcDbHatch
 10
0.0
 20
0.0
 30
0.0
210
0.0
220
0.0
230
1.0
  2
SOLID
 70
1
 71
0
 91
1
 92
3
 72
0
 73
1
 93
16
 10
190.4
 20
102.9
 10
190.36193976625566
 20
103.09134171618255
 10
190.25355339059328
 20
103.25355339059328
 10
190.09134171618254
 20
103.36193976625565
 10
189.9
 20
103.4
 10
189.70865828381747
 20
103.36193976625565
 10
189.54644660940673
 20
103.25355339059328
 10
189.43806023374435
 20
103.09134171618255
 10
189.4
 20
102.9
 10
189.43806023374435
 20
102.70865828381746
 10
189.54644660940673
 20
102.54644660940673
 10
189.70865828381747
 20
102.43806023374437
 10
189.9
 20
102.4
 10
190.09134171618254
 20
102.43806023374437
 10
190.25355339059328
 20
102.54644660940673
 10
190.36193976625566
 20
102.70865828381746
 97
0
 75
0
 76
1
 98
0
  0
CIRCLE
  5
433
330
17
100
AcDbEntity
  8
S-REBAR-MAIN
100
AcDbCircle
 10
194.7
 20
102.9
 30
0.0
 40
0.5
  0
HATCH
  5
434
330
17
100
AcDbEntity
  8
S-REBAR-MAIN
 62
1
100
AcDbHatch
 10
0.0
 20
0.0
 30
0.0
210
0.0
220
0.0
230
1.0
  2
SOLID
 70
1
 71
0
 91
1
 92
3
 72
0
 73
1
 93
16
 10
195.2
 20
102.9
 10
195.16193976625564
 20
103.09134171618255
 10
195.05355339059327
 20
103.25355339059328
 10
194.89134171618252
 20
103.36193976625565
 10
194.7
 20
103.4
 10
194.50865828381745
 20
103.36193976625565
 10
194.3464466094067
 20
103.25355339059328
 10
194.23806023374433
 20
103.09134171618255
 10
194.2
 20
102.9
 10
194.23806023374433
 20
102.70865828381746
 10
194.3464466094067
 20
102.54644660940673
 10
194.50865828381745
 20
102.43806023374437
 10
194.7
 20
102.4
 10
194.89134171618252
 20
102.43806023374437
 10
195.05355339059327
 20
102.54644660940673
 10
195.16193976625564
 20
102.70865828381746
 97
0
 75
0
 76
1
 98
0
  0
CIRCLE
  5
435
330
17
100
AcDbEntity
  8
S-REBAR-MAIN
100
AcDbCircle
 10
199.5
 20
102.9
 30
0.0
 40
0.5
  0
HATCH
  5
436
330
17
100
AcDbEntity
  8
S-REBAR-MAIN
 62
1
100
AcDbHatch
 10
0.0
 20
0.0
 30
0.0
210
0.0
220
0.0
230
1.0
  2
SOLID
 70
1
 71
0
 91
1
 92
3
 72
0
 73
1
 93
16
 10
200.0
 20
102.9
 10
199.96193976625565
 20
103.09134171618255
 10
199.85355339059328
 20
103.25355339059328
 10
199.69134171618254
 20
103.36193976625565
 10
199.5
 20
103.4
 10
199.30865828381746
 20
103.36193976625565
 10
199.14644660940672
 20
103.25355339059328
 10
199.03806023374435
 20
103.09134171618255
 10
199.0
 20
102.9
 10
199.03806023374435
 20
102.70865828381746
 10
199.14644660940672
 20
102.54644660940673
 10
199.30865828381746
 20
102.43806023374437
 10
199.5
 20
102.4
 10
199.69134171618254
 20
102.43806023374437
 10
199.85355339059328
 20
102.54644660940673
 10
199.96193976625565
 20
102.70865828381746
 97
0
 75
0
 76
1
 98
0
  0
CIRCLE
  5
437
330
17
100
AcDbEntity
  8
S-REBAR-MAIN
100
AcDbCircle
 10
185.1
 20
69.1
 30
0.0
 40
0.5
  0
HATCH
  5
438
330
17
100
AcDbEntity
  8
S-REBAR-MAIN
 62
1
100
AcDbHatch
 10
0.0
 20
0.0
 30
0.0
210
0.0
220
0.0
230
1.0
  2
SOLID
 70
1
 71
0
 91
1
 92
3
 72
0
 73
1
 93
16
 10
185.6
 20
69.1
 10
185.56193976625565
 20
69.29134171618254
 10
185.45355339059327
 20
69.45355339059327
 10
185.29134171618253
 20
69.56193976625563
 10
185.1
 20
69.6
 10
184.90865828381746
 20
69.56193976625563
 10
184.74644660940672
 20
69.45355339059327
 10
184.63806023374434
 20
69.29134171618254
 10
184.6
 20
69.1
 10
184.63806023374434
 20
68.90865828381745
 10
184.74644660940672
 20
68.74644660940672
 10
184.90865828381746
 20
68.63806023374435
 10
185.1
 20
68.6
 10
185.29134171618253
 20
68.63806023374435
 10
185.45355339059327
 20
68.74644660940672
 10
185.56193976625565
 20
68.90865828381745
 97
0
 75
0
 76
1
 98
0
  0
CIRCLE
  5
439
330
17
100
AcDbEntity
  8
S-REBAR-MAIN
100
AcDbCircle
 10
189.9
 20
69.1
 30
0.0
 40
0.5
  0
HATCH
  5
43A
330
17
100
AcDbEntity
  8
S-REBAR-MAIN
 62
1
100
AcDbHatch
 10
0.0
 20
0.0
 30
0.0
210
0.0
220
0.0
230
1.0
  2
SOLID
 70
1
 71
0
 91
1
 92
3
 72
0
 73
1
 93
16
 10
190.4
 20
69.1
 10
190.36193976625566
 20
69.29134171618254
 10
190.25355339059328
 20
69.45355339059327
 10
190.09134171618254
 20
69.56193976625563
 10
189.9
 20
69.6
 10
189.70865828381747
 20
69.56193976625563
 10
189.54644660940673
 20
69.45355339059327
 10
189.43806023374435
 20
69.29134171618254
 10
189.4
 20
69.1
 10
189.43806023374435
 20
68.90865828381745
 10
189.54644660940673
 20
68.74644660940672
 10
189.70865828381747
 20
68.63806023374435
 10
189.9
 20
68.6
 10
190.09134171618254
 20
68.63806023374435
 10
190.25355339059328
 20
68.74644660940672
 10
190.36193976625566
 20
68.90865828381745
 97
0
 75
0
 76
1
 98
0
  0
CIRCLE
  5
43B
330
17
100
AcDbEntity
  8
S-REBAR-MAIN
100
AcDbCircle
 10
194.7
 20
69.1
 30
0.0
 40
0.5
  0
HATCH
  5
43C
330
17
100
AcDbEntity
  8
S-REBAR-MAIN
 62
1
100
AcDbHatch
 10
0.0
 20
0.0
 30
0.0
210
0.0
220
0.0
230
1.0
  2
SOLID
 70
1
 71
0
 91
1
 92
3
 72
0
 73
1
 93
16
 10
195.2
 20
69.1
 10
195.16193976625564
 20
69.29134171618254
 10
195.05355339059327
 20
69.45355339059327
 10
194.89134171618252
 20
69.56193976625563
 10
194.7
 20
69.6
 10
194.50865828381745
 20
69.56193976625563
 10
194.3464466094067
 20
69.45355339059327
 10
194.23806023374433
 20
69.29134171618254
 10
194.2
 20
69.1
 10
194.23806023374433
 20
68.90865828381745
 10
194.3464466094067
 20
68.74644660940672
 10
194.50865828381745
 20
68.63806023374435
 10
194.7
 20
68.6
 10
194.89134171618252
 20
68.63806023374435
 10
195.05355339059327
 20
68.74644660940672
 10
195.16193976625564
 20
68.90865828381745
 97
0
 75
0
 76
1
 98
0
  0
CIRCLE
  5
43D
330
17
100
AcDbEntity
  8
S-REBAR-MAIN
100
AcDbCircle
 10
199.5
 20
69.1
 30
0.0
 40
0.5
  0
HATCH
  5
43E
330
17
100
AcDbEntity
  8
S-REBAR-MAIN
 62
1
100
AcDbHatch
 10
0.0
 20
0.0
 30
0.0
210
0.0
220
0.0
230
1.0
  2
SOLID
 70
1
 71
0
 91
1
 92
3
 72
0
 73
1
 93
16
 10
200.0
 20
69.1
 10
199.96193976625565
 20
69.29134171618254
 10
199.85355339059328
 20
69.45355339059327
 10
199.69134171618254
 20
69.56193976625563
 10
199.5
 20
69.6
 10
199.30865828381746
 20
69.56193976625563
 10
199.14644660940672
 20
69.45355339059327
 10
199.03806023374435
 20
69.29134171618254
 10
199.0
 20
69.1
 10
199.03806023374435
 20
68.90865828381745
 10
199.14644660940672
 20
68.74644660940672
 10
199.30865828381746
 20
68.63806023374435
 10
199.5
 20
68.6
 10
199.69134171618254
 20
68.63806023374435
 10
199.85355339059328
 20
68.74644660940672
 10
199.96193976625565
 20
68.90865828381745
 97
0
 75
0
 76
1
 98
0
  0
DIMENSION
  5
43F
330
17
100
AcDbEntity
  8
S-DIM
100
AcDbDimension
280
0
  2
*D8
  3
A2-DIM-S
 10
182.0
 20
61.5
 30
0.0
 11
192.0
 21
63.1
 31
0.0
 70
32
 71
5
  1
<>
100
AcDbAlignedDimension
 13
182.0
 23
66.0
 33
0.0
 14
202.0
 24
66.0
 34
0.0
 50
0.0
100
AcDbRotatedDimension
1001
ACAD
1000
DSTYLE
1002
{
1070
144
1040
20.0
1002
}
  0
TEXT
  5
44E
330
17
100
AcDbEntity
  8
S-SECTION
100
AcDbText
 10
192.0
 20
57.5
 30
0.0
 40
2.0
  1
d - d
  7
OpenSans
 72
1
 11
192.0
 21
57.5
 31
0.0
100
AcDbText
 73
2
  0
TEXT
  5
44F
330
17
100
AcDbEntity
  8
S-TEXT
100
AcDbText
 10
192.0
 20
53.5
 30
0.0
 40
1.7
  1
DOOR-HEAD BAND
  7
OpenSans
 72
1
 11
192.0
 21
53.5
 31
0.0
100
AcDbText
 73
2
  0
TEXT
  5
450
330
17
100
AcDbEntity
  8
S-TEXT
100
AcDbText
 10
192.0
 20
108.6
 30
0.0
 40
1.7
  1
T12 4L @ 150
  7
OpenSans
 72
1
 11
192.0
 21
108.6
 31
0.0
100
AcDbText
 73
2
  0
TEXT
  5
451
330
17
100
AcDbEntity
  8
S-TEXT
100
AcDbText
 10
192.0
 20
111.6
 30
0.0
 40
1.7
  1
4-T20 T + 4-T20 B
  7
OpenSans
 72
1
 11
192.0
 21
111.6
 31
0.0
100
AcDbText
 73
2
  0
HATCH
  5
452
330
17
100
AcDbEntity
  8
S-HATCH
 62
7
100
AcDbHatch
 10
0.0
 20
0.0
 30
0.0
210
0.0
220
0.0
230
1.0
  2
ANSI31
 70
0
 71
0
 91
1
 92
3
 72
0
 73
1
 93
4
 10
210.0
 20
66.0
 10
270.0
 20
66.0
 10
270.0
 20
86.0
 10
210.0
 20
86.0
 97
0
 75
1
 76
1
 52
0.0
 41
0.45
 77
0
 78
1
 53
45.0
 43
0.0
 44
0.0
 45
-1.0102788136
 46
1.0102788136
 79
0
 98
0
  0
LWPOLYLINE
  5
453
330
17
100
AcDbEntity
  8
S-CONCRETE
100
AcDbPolyline
 90
4
 70
1
 10
210.0
 20
66.0
 10
270.0
 20
66.0
 10
270.0
 20
86.0
 10
210.0
 20
86.0
  0
LINE
  5
454
330
17
100
AcDbEntity
  8
S-CENTER
100
AcDbLine
 10
240.0
 20
66.0
 30
0.0
 11
240.0
 21
86.0
 31
0.0
  0
CIRCLE
  5
455
330
17
100
AcDbEntity
  8
S-REBAR-MAIN
100
AcDbCircle
 10
236.5
 20
68.9
 30
0.0
 40
0.5
  0
HATCH
  5
456
330
17
100
AcDbEntity
  8
S-REBAR-MAIN
 62
1
100
AcDbHatch
 10
0.0
 20
0.0
 30
0.0
210
0.0
220
0.0
230
1.0
  2
SOLID
 70
1
 71
0
 91
1
 92
3
 72
0
 73
1
 93
16
 10
237.0
 20
68.9
 10
236.96193976625565
 20
69.09134171618255
 10
236.85355339059328
 20
69.25355339059328
 10
236.69134171618254
 20
69.36193976625565
 10
236.5
 20
69.4
 10
236.30865828381746
 20
69.36193976625565
 10
236.14644660940672
 20
69.25355339059328
 10
236.03806023374435
 20
69.09134171618255
 10
236.0
 20
68.9
 10
236.03806023374435
 20
68.70865828381746
 10
236.14644660940672
 20
68.54644660940673
 10
236.30865828381746
 20
68.43806023374437
 10
236.5
 20
68.4
 10
236.69134171618254
 20
68.43806023374437
 10
236.85355339059328
 20
68.54644660940673
 10
236.96193976625565
 20
68.70865828381746
 97
0
 75
0
 76
1
 98
0
  0
CIRCLE
  5
457
330
17
100
AcDbEntity
  8
S-REBAR-MAIN
100
AcDbCircle
 10
229.5
 20
68.9
 30
0.0
 40
0.5
  0
HATCH
  5
458
330
17
100
AcDbEntity
  8
S-REBAR-MAIN
 62
1
100
AcDbHatch
 10
0.0
 20
0.0
 30
0.0
210
0.0
220
0.0
230
1.0
  2
SOLID
 70
1
 71
0
 91
1
 92
3
 72
0
 73
1
 93
16
 10
230.0
 20
68.9
 10
229.96193976625565
 20
69.09134171618255
 10
229.85355339059328
 20
69.25355339059328
 10
229.69134171618254
 20
69.36193976625565
 10
229.5
 20
69.4
 10
229.30865828381746
 20
69.36193976625565
 10
229.14644660940672
 20
69.25355339059328
 10
229.03806023374435
 20
69.09134171618255
 10
229.0
 20
68.9
 10
229.03806023374435
 20
68.70865828381746
 10
229.14644660940672
 20
68.54644660940673
 10
229.30865828381746
 20
68.43806023374437
 10
229.5
 20
68.4
 10
229.69134171618254
 20
68.43806023374437
 10
229.85355339059328
 20
68.54644660940673
 10
229.96193976625565
 20
68.70865828381746
 97
0
 75
0
 76
1
 98
0
  0
CIRCLE
  5
459
330
17
100
AcDbEntity
  8
S-REBAR-DIST
100
AcDbCircle
 10
243.0
 20
68.9
 30
0.0
 40
0.4
  0
HATCH
  5
45A
330
17
100
AcDbEntity
  8
S-REBAR-DIST
 62
5
100
AcDbHatch
 10
0.0
 20
0.0
 30
0.0
210
0.0
220
0.0
230
1.0
  2
SOLID
 70
1
 71
0
 91
1
 92
3
 72
0
 73
1
 93
16
 10
243.4
 20
68.9
 10
243.3695518130045
 20
69.05307337294605
 10
243.28284271247463
 20
69.18284271247462
 10
243.15307337294604
 20
69.26955181300453
 10
243.0
 20
69.30000000000001
 10
242.84692662705396
 20
69.26955181300453
 10
242.71715728752537
 20
69.18284271247462
 10
242.6304481869955
 20
69.05307337294605
 10
242.6
 20
68.9
 10
242.6304481869955
 20
68.74692662705397
 10
242.71715728752537
 20
68.61715728752539
 10
242.84692662705396
 20
68.53044818699549
 10
243.0
 20
68.5
 10
243.15307337294604
 20
68.53044818699549
 10
243.28284271247463
 20
68.61715728752539
 10
243.3695518130045
 20
68.74692662705397
 97
0
 75
0
 76
1
 98
0
  0
CIRCLE
  5
45B
330
17
100
AcDbEntity
  8
S-REBAR-DIST
100
AcDbCircle
 10
250.5
 20
68.9
 30
0.0
 40
0.4
  0
HATCH
  5
45C
330
17
100
AcDbEntity
  8
S-REBAR-DIST
 62
5
100
AcDbHatch
 10
0.0
 20
0.0
 30
0.0
210
0.0
220
0.0
230
1.0
  2
SOLID
 70
1
 71
0
 91
1
 92
3
 72
0
 73
1
 93
16
 10
250.9
 20
68.9
 10
250.8695518130045
 20
69.05307337294605
 10
250.78284271247463
 20
69.18284271247462
 10
250.65307337294604
 20
69.26955181300453
 10
250.5
 20
69.30000000000001
 10
250.34692662705396
 20
69.26955181300453
 10
250.21715728752537
 20
69.18284271247462
 10
250.1304481869955
 20
69.05307337294605
 10
250.1
 20
68.9
 10
250.1304481869955
 20
68.74692662705397
 10
250.21715728752537
 20
68.61715728752539
 10
250.34692662705396
 20
68.53044818699549
 10
250.5
 20
68.5
 10
250.65307337294604
 20
68.53044818699549
 10
250.78284271247463
 20
68.61715728752539
 10
250.8695518130045
 20
68.74692662705397
 97
0
 75
0
 76
1
 98
0
  0
CIRCLE
  5
45D
330
17
100
AcDbEntity
  8
S-REBAR-DIST
100
AcDbCircle
 10
258.0
 20
68.9
 30
0.0
 40
0.4
  0
HATCH
  5
45E
330
17
100
AcDbEntity
  8
S-REBAR-DIST
 62
5
100
AcDbHatch
 10
0.0
 20
0.0
 30
0.0
210
0.0
220
0.0
230
1.0
  2
SOLID
 70
1
 71
0
 91
1
 92
3
 72
0
 73
1
 93
16
 10
258.4
 20
68.9
 10
258.36955181300453
 20
69.05307337294605
 10
258.28284271247463
 20
69.18284271247462
 10
258.15307337294604
 20
69.26955181300453
 10
258.0
 20
69.30000000000001
 10
257.84692662705396
 20
69.26955181300453
 10
257.71715728752537
 20
69.18284271247462
 10
257.63044818699547
 20
69.05307337294605
 10
257.6
 20
68.9
 10
257.63044818699547
 20
68.74692662705397
 10
257.71715728752537
 20
68.61715728752539
 10
257.84692662705396
 20
68.53044818699549
 10
258.0
 20
68.5
 10
258.15307337294604
 20
68.53044818699549
 10
258.28284271247463
 20
68.61715728752539
 10
258.36955181300453
 20
68.74692662705397
 97
0
 75
0
 76
1
 98
0
  0
CIRCLE
  5
45F
330
17
100
AcDbEntity
  8
S-REBAR-DIST
100
AcDbCircle
 10
265.5
 20
68.9
 30
0.0
 40
0.4
  0
HATCH
  5
460
330
17
100
AcDbEntity
  8
S-REBAR-DIST
 62
5
100
AcDbHatch
 10
0.0
 20
0.0
 30
0.0
210
0.0
220
0.0
230
1.0
  2
SOLID
 70
1
 71
0
 91
1
 92
3
 72
0
 73
1
 93
16
 10
265.9
 20
68.9
 10
265.86955181300453
 20
69.05307337294605
 10
265.78284271247463
 20
69.18284271247462
 10
265.65307337294604
 20
69.26955181300453
 10
265.5
 20
69.30000000000001
 10
265.34692662705396
 20
69.26955181300453
 10
265.21715728752537
 20
69.18284271247462
 10
265.13044818699547
 20
69.05307337294605
 10
265.1
 20
68.9
 10
265.13044818699547
 20
68.74692662705397
 10
265.21715728752537
 20
68.61715728752539
 10
265.34692662705396
 20
68.53044818699549
 10
265.5
 20
68.5
 10
265.65307337294604
 20
68.53044818699549
 10
265.78284271247463
 20
68.61715728752539
 10
265.86955181300453
 20
68.74692662705397
 97
0
 75
0
 76
1
 98
0
  0
CIRCLE
  5
461
330
17
100
AcDbEntity
  8
S-REBAR-MAIN
100
AcDbCircle
 10
236.5
 20
83.6
 30
0.0
 40
0.5
  0
HATCH
  5
462
330
17
100
AcDbEntity
  8
S-REBAR-MAIN
 62
1
100
AcDbHatch
 10
0.0
 20
0.0
 30
0.0
210
0.0
220
0.0
230
1.0
  2
SOLID
 70
1
 71
0
 91
1
 92
3
 72
0
 73
1
 93
16
 10
237.0
 20
83.6
 10
236.96193976625565
 20
83.79134171618254
 10
236.85355339059328
 20
83.95355339059327
 10
236.69134171618254
 20
84.06193976625563
 10
236.5
 20
84.1
 10
236.30865828381746
 20
84.06193976625563
 10
236.14644660940672
 20
83.95355339059327
 10
236.03806023374435
 20
83.79134171618254
 10
236.0
 20
83.6
 10
236.03806023374435
 20
83.40865828381745
 10
236.14644660940672
 20
83.24644660940672
 10
236.30865828381746
 20
83.13806023374435
 10
236.5
 20
83.1
 10
236.69134171618254
 20
83.13806023374435
 10
236.85355339059328
 20
83.24644660940672
 10
236.96193976625565
 20
83.40865828381745
 97
0
 75
0
 76
1
 98
0
  0
CIRCLE
  5
463
330
17
100
AcDbEntity
  8
S-REBAR-MAIN
100
AcDbCircle
 10
229.5
 20
83.6
 30
0.0
 40
0.5
  0
HATCH
  5
464
330
17
100
AcDbEntity
  8
S-REBAR-MAIN
 62
1
100
AcDbHatch
 10
0.0
 20
0.0
 30
0.0
210
0.0
220
0.0
230
1.0
  2
SOLID
 70
1
 71
0
 91
1
 92
3
 72
0
 73
1
 93
16
 10
230.0
 20
83.6
 10
229.96193976625565
 20
83.79134171618254
 10
229.85355339059328
 20
83.95355339059327
 10
229.69134171618254
 20
84.06193976625563
 10
229.5
 20
84.1
 10
229.30865828381746
 20
84.06193976625563
 10
229.14644660940672
 20
83.95355339059327
 10
229.03806023374435
 20
83.79134171618254
 10
229.0
 20
83.6
 10
229.03806023374435
 20
83.40865828381745
 10
229.14644660940672
 20
83.24644660940672
 10
229.30865828381746
 20
83.13806023374435
 10
229.5
 20
83.1
 10
229.69134171618254
 20
83.13806023374435
 10
229.85355339059328
 20
83.24644660940672
 10
229.96193976625565
 20
83.40865828381745
 97
0
 75
0
 76
1
 98
0
  0
CIRCLE
  5
465
330
17
100
AcDbEntity
  8
S-REBAR-DIST
100
AcDbCircle
 10
243.0
 20
83.6
 30
0.0
 40
0.4
  0
HATCH
  5
466
330
17
100
AcDbEntity
  8
S-REBAR-DIST
 62
5
100
AcDbHatch
 10
0.0
 20
0.0
 30
0.0
210
0.0
220
0.0
230
1.0
  2
SOLID
 70
1
 71
0
 91
1
 92
3
 72
0
 73
1
 93
16
 10
243.4
 20
83.6
 10
243.3695518130045
 20
83.75307337294603
 10
243.28284271247463
 20
83.88284271247461
 10
243.15307337294604
 20
83.96955181300451
 10
243.0
 20
84.0
 10
242.84692662705396
 20
83.96955181300451
 10
242.71715728752537
 20
83.88284271247461
 10
242.6304481869955
 20
83.75307337294603
 10
242.6
 20
83.6
 10
242.6304481869955
 20
83.44692662705395
 10
242.71715728752537
 20
83.31715728752538
 10
242.84692662705396
 20
83.23044818699547
 10
243.0
 20
83.19999999999999
 10
243.15307337294604
 20
83.23044818699547
 10
243.28284271247463
 20
83.31715728752538
 10
243.3695518130045
 20
83.44692662705395
 97
0
 75
0
 76
1
 98
0
  0
CIRCLE
  5
467
330
17
100
AcDbEntity
  8
S-REBAR-DIST
100
AcDbCircle
 10
250.5
 20
83.6
 30
0.0
 40
0.4
  0
HATCH
  5
468
330
17
100
AcDbEntity
  8
S-REBAR-DIST
 62
5
100
AcDbHatch
 10
0.0
 20
0.0
 30
0.0
210
0.0
220
0.0
230
1.0
  2
SOLID
 70
1
 71
0
 91
1
 92
3
 72
0
 73
1
 93
16
 10
250.9
 20
83.6
 10
250.8695518130045
 20
83.75307337294603
 10
250.78284271247463
 20
83.88284271247461
 10
250.65307337294604
 20
83.96955181300451
 10
250.5
 20
84.0
 10
250.34692662705396
 20
83.96955181300451
 10
250.21715728752537
 20
83.88284271247461
 10
250.1304481869955
 20
83.75307337294603
 10
250.1
 20
83.6
 10
250.1304481869955
 20
83.44692662705395
 10
250.21715728752537
 20
83.31715728752538
 10
250.34692662705396
 20
83.23044818699547
 10
250.5
 20
83.19999999999999
 10
250.65307337294604
 20
83.23044818699547
 10
250.78284271247463
 20
83.31715728752538
 10
250.8695518130045
 20
83.44692662705395
 97
0
 75
0
 76
1
 98
0
  0
CIRCLE
  5
469
330
17
100
AcDbEntity
  8
S-REBAR-DIST
100
AcDbCircle
 10
258.0
 20
83.6
 30
0.0
 40
0.4
  0
HATCH
  5
46A
330
17
100
AcDbEntity
  8
S-REBAR-DIST
 62
5
100
AcDbHatch
 10
0.0
 20
0.0
 30
0.0
210
0.0
220
0.0
230
1.0
  2
SOLID
 70
1
 71
0
 91
1
 92
3
 72
0
 73
1
 93
16
 10
258.4
 20
83.6
 10
258.36955181300453
 20
83.75307337294603
 10
258.28284271247463
 20
83.88284271247461
 10
258.15307337294604
 20
83.96955181300451
 10
258.0
 20
84.0
 10
257.84692662705396
 20
83.96955181300451
 10
257.71715728752537
 20
83.88284271247461
 10
257.63044818699547
 20
83.75307337294603
 10
257.6
 20
83.6
 10
257.63044818699547
 20
83.44692662705395
 10
257.71715728752537
 20
83.31715728752538
 10
257.84692662705396
 20
83.23044818699547
 10
258.0
 20
83.19999999999999
 10
258.15307337294604
 20
83.23044818699547
 10
258.28284271247463
 20
83.31715728752538
 10
258.36955181300453
 20
83.44692662705395
 97
0
 75
0
 76
1
 98
0
  0
CIRCLE
  5
46B
330
17
100
AcDbEntity
  8
S-REBAR-DIST
100
AcDbCircle
 10
265.5
 20
83.6
 30
0.0
 40
0.4
  0
HATCH
  5
46C
330
17
100
AcDbEntity
  8
S-REBAR-DIST
 62
5
100
AcDbHatch
 10
0.0
 20
0.0
 30
0.0
210
0.0
220
0.0
230
1.0
  2
SOLID
 70
1
 71
0
 91
1
 92
3
 72
0
 73
1
 93
16
 10
265.9
 20
83.6
 10
265.86955181300453
 20
83.75307337294603
 10
265.78284271247463
 20
83.88284271247461
 10
265.65307337294604
 20
83.96955181300451
 10
265.5
 20
84.0
 10
265.34692662705396
 20
83.96955181300451
 10
265.21715728752537
 20
83.88284271247461
 10
265.13044818699547
 20
83.75307337294603
 10
265.1
 20
83.6
 10
265.13044818699547
 20
83.44692662705395
 10
265.21715728752537
 20
83.31715728752538
 10
265.34692662705396
 20
83.23044818699547
 10
265.5
 20
83.19999999999999
 10
265.65307337294604
 20
83.23044818699547
 10
265.78284271247463
 20
83.31715728752538
 10
265.86955181300453
 20
83.44692662705395
 97
0
 75
0
 76
1
 98
0
  0
DIMENSION
  5
46D
330
17
100
AcDbEntity
  8
S-DIM
100
AcDbDimension
280
0
  2
*D9
  3
A2-DIM-S
 10
274.5
 20
66.0
 30
0.0
 11
272.9
 21
76.0
 31
0.0
 70
32
 71
5
  1
<>
100
AcDbAlignedDimension
 13
270.0
 23
66.0
 33
0.0
 14
270.0
 24
86.0
 34
0.0
 50
90.0
100
AcDbRotatedDimension
1001
ACAD
1000
DSTYLE
1002
{
1070
144
1040
20.0
1002
}
  0
TEXT
  5
47C
330
17
100
AcDbEntity
  8
S-SECTION
100
AcDbText
 10
240.0
 20
57.5
 30
0.0
 40
2.0
  1
e - e
  7
OpenSans
 72
1
 11
240.0
 21
57.5
 31
0.0
100
AcDbText
 73
2
  0
TEXT
  5
47D
330
17
100
AcDbEntity
  8
S-TEXT
100
AcDbText
 10
240.0
 20
53.5
 30
0.0
 40
1.7
  1
DOOR JAMB IN HW2
  7
OpenSans
 72
1
 11
240.0
 21
53.5
 31
0.0
100
AcDbText
 73
2
  0
TEXT
  5
47E
330
17
100
AcDbEntity
  8
S-TEXT
100
AcDbText
 10
240.0
 20
88.6
 30
0.0
 40
1.7
  1
Ld 800 BEYOND
  7
OpenSans
 72
1
 11
240.0
 21
88.6
 31
0.0
100
AcDbText
 73
2
  0
TEXT
  5
47F
330
17
100
AcDbEntity
  8
S-TEXT
100
AcDbText
 10
240.0
 20
91.6
 30
0.0
 40
1.7
  1
2-T20 EACH JAMB, EACH FACE
  7
OpenSans
 72
1
 11
240.0
 21
91.6
 31
0.0
100
AcDbText
 73
2
  0
CIRCLE
  5
480
330
17
100
AcDbEntity
  8
S-TITLE
100
AcDbCircle
 10
48.0
 20
44.0
 30
0.0
 40
4.0
  0
TEXT
  5
481
330
17
100
AcDbEntity
  8
S-TITLE
100
AcDbText
 10
48.0
 20
44.0
 30
0.0
 40
3.6720000000000006
  1
4
  7
OpenSans
 72
1
 11
48.0
 21
44.0
 31
0.0
100
AcDbText
 73
2
  0
TEXT
  5
482
330
17
100
AcDbEntity
  8
S-TITLE
100
AcDbText
 10
56.2
 20
45.0
 30
0.0
 40
5.4
  1
SECTIONS - ROOF, WALL, DOOR HEAD AND JAMB
  7
OpenSans
 11
56.2
 21
45.0
 31
0.0
100
AcDbText
  0
LINE
  5
483
330
17
100
AcDbEntity
  8
S-TITLE
100
AcDbLine
 10
53.6
 20
43.6
 30
0.0
 11
270.0
 21
43.6
 31
0.0
  0
TEXT
  5
484
330
17
100
AcDbEntity
  8
S-TEXT
100
AcDbText
 10
56.2
 20
37.4
 30
0.0
 40
3.3
  1
1 : 20   COVER 75 ROOF, 50 EARTH FACE, 40 INTERNAL
  7
OpenSans
 11
56.2
 21
37.4
 31
0.0
100
AcDbText
  0
HATCH
  5
485
330
17
100
AcDbEntity
  8
S-HATCH
 62
7
100
AcDbHatch
 10
0.0
 20
0.0
 30
0.0
210
0.0
220
0.0
230
1.0
  2
ANSI31
 70
0
 71
0
 91
1
 92
3
 72
0
 73
1
 93
4
 10
210.0
 20
158.0
 10
230.0
 20
158.0
 10
230.0
 20
203.0
 10
210.0
 20
203.0
 97
0
 75
1
 76
1
 52
0.0
 41
0.5
 77
0
 78
1
 53
45.0
 43
0.0
 44
0.0
 45
-1.1225320152
 46
1.1225320152
 79
0
 98
0
  0
HATCH
  5
486
330
17
100
AcDbEntity
  8
S-HATCH
 62
7
100
AcDbHatch
 10
0.0
 20
0.0
 30
0.0
210
0.0
220
0.0
230
1.0
  2
ANSI31
 70
0
 71
0
 91
1
 92
3
 72
0
 73
1
 93
4
 10
210.0
 20
203.0
 10
255.0
 20
203.0
 10
255.0
 20
228.0
 10
210.0
 20
228.0
 97
0
 75
1
 76
1
 52
0.0
 41
0.5
 77
0
 78
1
 53
45.0
 43
0.0
 44
0.0
 45
-1.1225320152
 46
1.1225320152
 79
0
 98
0
  0
HATCH
  5
487
330
17
100
AcDbEntity
  8
S-HATCH
 62
7
100
AcDbHatch
 10
0.0
 20
0.0
 30
0.0
210
0.0
220
0.0
230
1.0
  2
ANSI31
 70
0
 71
0
 91
1
 92
3
 72
0
 73
1
 93
3
 10
230.0
 20
203.0
 10
245.0
 20
203.0
 10
230.0
 20
188.0
 97
0
 75
1
 76
1
 52
0.0
 41
0.5
 77
0
 78
1
 53
45.0
 43
0.0
 44
0.0
 45
-1.1225320152
 46
1.1225320152
 79
0
 98
0
  0
LWPOLYLINE
  5
488
330
17
100
AcDbEntity
  8
S-CONCRETE
100
AcDbPolyline
 90
7
 70
1
 10
210.0
 20
158.0
 10
210.0
 20
228.0
 10
255.0
 20
228.0
 10
255.0
 20
203.0
 10
245.0
 20
203.0
 10
230.0
 20
188.0
 10
230.0
 20
158.0
  0
LINE
  5
489
330
17
100
AcDbEntity
  8
S-HIDDEN
100
AcDbLine
 10
210.0
 20
203.0
 30
0.0
 11
230.0
 21
203.0
 31
0.0
  0
LINE
  5
48A
330
17
100
AcDbEntity
  8
S-CENTER
100
AcDbLine
 10
207.0
 20
158.0
 30
0.0
 11
208.2
 21
158.0
 31
0.0
  0
LINE
  5
48B
330
17
100
AcDbEntity
  8
S-CENTER
100
AcDbLine
 10
209.0
 20
158.0
 30
0.0
 11
210.2
 21
158.0
 31
0.0
  0
LINE
  5
48C
330
17
100
AcDbEntity
  8
S-CENTER
100
AcDbLine
 10
211.0
 20
158.0
 30
0.0
 11
212.2
 21
158.0
 31
0.0
  0
LINE
  5
48D
330
17
100
AcDbEntity
  8
S-CENTER
100
AcDbLine
 10
227.0
 20
158.0
 30
0.0
 11
228.2
 21
158.0
 31
0.0
  0
LINE
  5
48E
330
17
100
AcDbEntity
  8
S-CENTER
100
AcDbLine
 10
229.0
 20
158.0
 30
0.0
 11
230.2
 21
158.0
 31
0.0
  0
LINE
  5
48F
330
17
100
AcDbEntity
  8
S-CENTER
100
AcDbLine
 10
231.0
 20
158.0
 30
0.0
 11
232.2
 21
158.0
 31
0.0
  0
LWPOLYLINE
  5
490
330
17
100
AcDbEntity
  8
S-REBAR-MAIN
100
AcDbPolyline
 90
2
 70
0
 10
213.75
 20
207.25
 10
255.0
 20
207.25
  0
LWPOLYLINE
  5
491
330
17
100
AcDbEntity
  8
S-REBAR-MAIN
100
AcDbPolyline
 90
2
 70
0
 10
213.75
 20
223.75
 10
255.0
 20
223.75
  0
LWPOLYLINE
  5
492
330
17
100
AcDbEntity
  8
S-REBAR-MAIN
100
AcDbPolyline
 90
2
 70
0
 10
212.5
 20
158.0
 10
212.5
 20
204.5
  0
LWPOLYLINE
  5
493
330
17
100
AcDbEntity
  8
S-REBAR-MAIN
100
AcDbPolyline
 90
2
 70
0
 10
228.0
 20
158.0
 10
228.0
 20
204.5
  0
LWPOLYLINE
  5
494
330
17
100
AcDbEntity
  8
S-REBAR-SEC
100
AcDbPolyline
 90
2
 70
0
 10
228.0
 20
190.0
 10
243.0
 20
201.0
  0
LWPOLYLINE
  5
495
330
17
100
AcDbEntity
  8
S-REBAR-SEC
100
AcDbPolyline
 90
2
 70
0
 10
228.0
 20
197.5
 10
235.5
 20
201.0
  0
LWPOLYLINE
  5
496
330
17
100
AcDbEntity
  8
S-REBAR-SEC
100
AcDbPolyline
 90
2
 70
0
 10
228.0
 20
205.0
 10
228.0
 20
201.0
  0
DIMENSION
  5
497
330
17
100
AcDbEntity
  8
S-DIM
100
AcDbDimension
280
0
  2
*D10
  3
A2-DIM-S
 10
230.0
 20
210.0
 30
0.0
 11
237.5
 21
211.6
 31
0.0
 70
32
 71
5
  1
<>
100
AcDbAlignedDimension
 13
230.0
 23
203.0
 33
0.0
 14
245.0
 24
203.0
 34
0.0
 50
0.0
100
AcDbRotatedDimension
1001
ACAD
1000
DSTYLE
1002
{
1070
144
1040
20.0
1002
}
  0
DIMENSION
  5
4A6
330
17
100
AcDbEntity
  8
S-DIM
100
AcDbDimension
280
0
  2
*D11
  3
A2-DIM-S
 10
252.0
 20
188.0
 30
0.0
 11
250.4
 21
195.5
 31
0.0
 70
32
 71
5
  1
<>
100
AcDbAlignedDimension
 13
230.0
 23
188.0
 33
0.0
 14
230.0
 24
203.0
 34
0.0
 50
90.0
100
AcDbRotatedDimension
1001
ACAD
1000
DSTYLE
1002
{
1070
144
1040
20.0
1002
}
  0
ELLIPSE
  5
4B5
330
17
100
AcDbEntity
  8
S-CALLOUT
100
AcDbEllipse
 10
202.0
 20
194.5
 30
0.0
 11
4.3
 21
0.0
 31
0.0
 40
0.5813953488372093
 41
0.0
 42
6.283185307179586
  0
TEXT
  5
4B6
330
17
100
AcDbEntity
  8
S-CALLOUT
100
AcDbText
 10
202.0
 20
194.5
 30
0.0
 40
2.0
  1
H06
  7
OpenSans
 72
1
 11
202.0
 21
194.5
 31
0.0
100
AcDbText
 73
2
  0
LINE
  5
4B7
330
17
100
AcDbEntity
  8
S-CALLOUT
100
AcDbLine
 10
236.0
 20
195.5
 30
0.0
 11
206.3
 21
194.5
 31
0.0
  0
TEXT
  5
4B8
330
17
100
AcDbEntity
  8
S-TEXT
100
AcDbText
 10
232.5
 20
234.0
 30
0.0
 40
1.7
  1
300 x 300 HAUNCH, ALL 4 JUNCTIONS
  7
OpenSans
 72
1
 11
232.5
 21
234.0
 31
0.0
100
AcDbText
 73
2
  0
TEXT
  5
4B9
330
17
100
AcDbEntity
  8
S-TEXT
100
AcDbText
 10
232.5
 20
152.0
 30
0.0
 40
1.7
  1
TOP STEEL Ld 800 INTO THE WALL
  7
OpenSans
 72
1
 11
232.5
 21
152.0
 31
0.0
100
AcDbText
 73
2
  0
CIRCLE
  5
4BA
330
17
100
AcDbEntity
  8
S-TITLE
100
AcDbCircle
 10
210.0
 20
138.0
 30
0.0
 40
4.0
  0
TEXT
  5
4BB
330
17
100
AcDbEntity
  8
S-TITLE
100
AcDbText
 10
210.0
 20
138.0
 30
0.0
 40
3.6720000000000006
  1
5
  7
OpenSans
 72
1
 11
210.0
 21
138.0
 31
0.0
100
AcDbText
 73
2
  0
TEXT
  5
4BC
330
17
100
AcDbEntity
  8
S-TITLE
100
AcDbText
 10
218.2
 20
139.0
 30
0.0
 40
3.4744960636733295
  1
WALL / ROOF HAUNCH
  7
OpenSans
 11
218.2
 21
139.0
 31
0.0
100
AcDbText
  0
LINE
  5
4BD
330
17
100
AcDbEntity
  8
S-TITLE
100
AcDbLine
 10
215.6
 20
137.6
 30
0.0
 11
272.0
 21
137.6
 31
0.0
  0
TEXT
  5
4BE
330
17
100
AcDbEntity
  8
S-TEXT
100
AcDbText
 10
218.2
 20
131.4
 30
0.0
 40
2.6356280351752206
  1
1 : 20   DIAGONAL T16 @ 150
  7
OpenSans
 11
218.2
 21
131.4
 31
0.0
100
AcDbText
  0
LWPOLYLINE
  5
4BF
330
17
100
AcDbEntity
  8
S-TABLE
100
AcDbPolyline
 90
4
 70
1
 10
277.0
 20
376.59999999999997
 10
460.0
 20
376.59999999999997
 10
460.0
 20
383.0
 10
277.0
 20
383.0
  0
TEXT
  5
4C0
330
17
100
AcDbEntity
  8
S-TABLE
100
AcDbText
 10
368.5
 20
379.8
 30
0.0
 40
3.8
  1
HEADHOUSE - ELEMENT SCHEDULE
  7
OpenSans
 72
1
 11
368.5
 21
379.8
 31
0.0
100
AcDbText
 73
2
  0
LWPOLYLINE
  5
4C1
330
17
100
AcDbEntity
  8
S-TABLE
100
AcDbPolyline
 90
4
 70
1
 10
277.0
 20
369.0
 10
460.0
 20
369.0
 10
460.0
 20
376.6
 10
277.0
 20
376.6
  0
TEXT
  5
4C2
330
17
100
AcDbEntity
  8
S-TABLE
100
AcDbText
 10
297.4491211925777
 20
372.8
 30
0.0
 40
2.09
  1
ELEMENT
  7
OpenSans
 72
1
 11
297.4491211925777
 21
372.8
 31
0.0
100
AcDbText
 73
2
  0
LINE
  5
4C3
330
17
100
AcDbEntity
  8
S-TABLE
100
AcDbLine
 10
317.8982423851554
 20
369.0
 30
0.0
 11
317.8982423851554
 21
376.6
 31
0.0
  0
TEXT
  5
4C4
330
17
100
AcDbEntity
  8
S-TABLE
100
AcDbText
 10
325.8927549798227
 20
372.8
 30
0.0
 40
2.09
  1
THK
  7
OpenSans
 72
1
 11
325.8927549798227
 21
372.8
 31
0.0
100
AcDbText
 73
2
  0
LINE
  5
4C5
330
17
100
AcDbEntity
  8
S-TABLE
100
AcDbLine
 10
333.88726757449
 20
369.0
 30
0.0
 11
333.88726757449
 21
376.6
 31
0.0
  0
TEXT
  5
4C6
330
17
100
AcDbEntity
  8
S-TABLE
100
AcDbText
 10
340.34306812360643
 20
372.8
 30
0.0
 40
2.09
  1
COVER
  7
OpenSans
 72
1
 11
340.34306812360643
 21
372.8
 31
0.0
100
AcDbText
 73
2
  0
LINE
  5
4C7
330
17
100
AcDbEntity
  8
S-TABLE
100
AcDbLine
 10
346.7988686727229
 20
369.0
 30
0.0
 11
346.7988686727229
 21
376.6
 31
0.0
  0
TEXT
  5
4C8
330
17
100
AcDbEntity
  8
S-TABLE
100
AcDbText
 10
350.6998416591424
 20
372.8
 30
0.0
 40
2.09
  1
d
  7
OpenSans
 72
1
 11
350.6998416591424
 21
372.8
 31
0.0
100
AcDbText
 73
2
  0
LINE
  5
4C9
330
17
100
AcDbEntity
  8
S-TABLE
100
AcDbLine
 10
354.6008146455619
 20
369.0
 30
0.0
 11
354.6008146455619
 21
376.6
 31
0.0
  0
TEXT
  5
4CA
330
17
100
AcDbEntity
  8
S-TABLE
100
AcDbText
 10
386.97747651513754
 20
372.8
 30
0.0
 40
2.09
  1
MAIN REINFORCEMENT
  7
OpenSans
 72
1
 11
386.97747651513754
 21
372.8
 31
0.0
100
AcDbText
 73
2
  0
LINE
  5
4CB
330
17
100
AcDbEntity
  8
S-TABLE
100
AcDbLine
 10
419.35413838471317
 20
369.0
 30
0.0
 11
419.35413838471317
 21
376.6
 31
0.0
  0
TEXT
  5
4CC
330
17
100
AcDbEntity
  8
S-TABLE
100
AcDbText
 10
439.67706919235656
 20
372.8
 30
0.0
 40
2.09
  1
LINKS
  7
OpenSans
 72
1
 11
439.67706919235656
 21
372.8
 31
0.0
100
AcDbText
 73
2
  0
LWPOLYLINE
  5
4CD
330
17
100
AcDbEntity
  8
S-TABLE
100
AcDbPolyline
 90
4
 70
1
 10
277.0
 20
361.4
 10
460.0
 20
361.4
 10
460.0
 20
369.0
 10
277.0
 20
369.0
  0
TEXT
  5
4CE
330
17
100
AcDbEntity
  8
S-TABLE
100
AcDbText
 10
278.4
 20
365.2
 30
0.0
 40
1.89
  1
ROOF - END 1200 EACH SIDE
  7
OpenSans
 11
278.4
 21
365.2
 31
0.0
100
AcDbText
 73
2
  0
LINE
  5
4CF
330
17
100
AcDbEntity
  8
S-TABLE
100
AcDbLine
 10
317.8982423851554
 20
361.4
 30
0.0
 11
317.8982423851554
 21
369.0
 31
0.0
  0
TEXT
  5
4D0
330
17
100
AcDbEntity
  8
S-TABLE
100
AcDbText
 10
325.8927549798227
 20
365.2
 30
0.0
 40
1.89
  1
500
  7
OpenSans
 72
1
 11
325.8927549798227
 21
365.2
 31
0.0
100
AcDbText
 73
2
  0
LINE
  5
4D1
330
17
100
AcDbEntity
  8
S-TABLE
100
AcDbLine
 10
333.88726757449
 20
361.4
 30
0.0
 11
333.88726757449
 21
369.0
 31
0.0
  0
TEXT
  5
4D2
330
17
100
AcDbEntity
  8
S-TABLE
100
AcDbText
 10
340.34306812360643
 20
365.2
 30
0.0
 40
1.89
  1
75
  7
OpenSans
 72
1
 11
340.34306812360643
 21
365.2
 31
0.0
100
AcDbText
 73
2
  0
LINE
  5
4D3
330
17
100
AcDbEntity
  8
S-TABLE
100
AcDbLine
 10
346.7988686727229
 20
361.4
 30
0.0
 11
346.7988686727229
 21
369.0
 31
0.0
  0
TEXT
  5
4D4
330
17
100
AcDbEntity
  8
S-TABLE
100
AcDbText
 10
350.6998416591424
 20
365.2
 30
0.0
 40
1.89
  1
415
  7
OpenSans
 72
1
 11
350.6998416591424
 21
365.2
 31
0.0
100
AcDbText
 73
2
  0
LINE
  5
4D5
330
17
100
AcDbEntity
  8
S-TABLE
100
AcDbLine
 10
354.6008146455619
 20
361.4
 30
0.0
 11
354.6008146455619
 21
369.0
 31
0.0
  0
TEXT
  5
4D6
330
17
100
AcDbEntity
  8
S-TABLE
100
AcDbText
 10
356.0008146455619
 20
365.2
 30
0.0
 40
1.89
  1
T20 @ 150 EF EW   (2094 mm2/m)
  7
OpenSans
 11
356.0008146455619
 21
365.2
 31
0.0
100
AcDbText
 73
2
  0
LINE
  5
4D7
330
17
100
AcDbEntity
  8
S-TABLE
100
AcDbLine
 10
419.35413838471317
 20
361.4
 30
0.0
 11
419.35413838471317
 21
369.0
 31
0.0
  0
TEXT
  5
4D8
330
17
100
AcDbEntity
  8
S-TABLE
100
AcDbText
 10
420.75413838471314
 20
365.2
 30
0.0
 40
1.89
  1
T12 4L @ 175
  7
OpenSans
 11
420.75413838471314
 21
365.2
 31
0.0
100
AcDbText
 73
2
  0
LWPOLYLINE
  5
4D9
330
17
100
AcDbEntity
  8
S-TABLE
100
AcDbPolyline
 90
4
 70
1
 10
277.0
 20
353.79999999999995
 10
460.0
 20
353.79999999999995
 10
460.0
 20
361.4
 10
277.0
 20
361.4
  0
TEXT
  5
4DA
330
17
100
AcDbEntity
  8
S-TABLE
100
AcDbText
 10
278.4
 20
357.59999999999997
 30
0.0
 40
1.89
  1
ROOF - MID ZONE
  7
OpenSans
 11
278.4
 21
357.59999999999997
 31
0.0
100
AcDbText
 73
2
  0
LINE
  5
4DB
330
17
100
AcDbEntity
  8
S-TABLE
100
AcDbLine
 10
317.8982423851554
 20
353.79999999999995
 30
0.0
 11
317.8982423851554
 21
361.4
 31
0.0
  0
TEXT
  5
4DC
330
17
100
AcDbEntity
  8
S-TABLE
100
AcDbText
 10
325.8927549798227
 20
357.59999999999997
 30
0.0
 40
1.89
  1
500
  7
OpenSans
 72
1
 11
325.8927549798227
 21
357.59999999999997
 31
0.0
100
AcDbText
 73
2
  0
LINE
  5
4DD
330
17
100
AcDbEntity
  8
S-TABLE
100
AcDbLine
 10
333.88726757449
 20
353.79999999999995
 30
0.0
 11
333.88726757449
 21
361.4
 31
0.0
  0
TEXT
  5
4DE
330
17
100
AcDbEntity
  8
S-TABLE
100
AcDbText
 10
340.34306812360643
 20
357.59999999999997
 30
0.0
 40
1.89
  1
75
  7
OpenSans
 72
1
 11
340.34306812360643
 21
357.59999999999997
 31
0.0
100
AcDbText
 73
2
  0
LINE
  5
4DF
330
17
100
AcDbEntity
  8
S-TABLE
100
AcDbLine
 10
346.7988686727229
 20
353.79999999999995
 30
0.0
 11
346.7988686727229
 21
361.4
 31
0.0
  0
TEXT
  5
4E0
330
17
100
AcDbEntity
  8
S-TABLE
100
AcDbText
 10
350.6998416591424
 20
357.59999999999997
 30
0.0
 40
1.89
  1
415
  7
OpenSans
 72
1
 11
350.6998416591424
 21
357.59999999999997
 31
0.0
100
AcDbText
 73
2
  0
LINE
  5
4E1
330
17
100
AcDbEntity
  8
S-TABLE
100
AcDbLine
 10
354.6008146455619
 20
353.79999999999995
 30
0.0
 11
354.6008146455619
 21
361.4
 31
0.0
  0
TEXT
  5
4E2
330
17
100
AcDbEntity
  8
S-TABLE
100
AcDbText
 10
356.0008146455619
 20
357.59999999999997
 30
0.0
 40
1.89
  1
T20 @ 150 EF EW
  7
OpenSans
 11
356.0008146455619
 21
357.59999999999997
 31
0.0
100
AcDbText
 73
2
  0
LINE
  5
4E3
330
17
100
AcDbEntity
  8
S-TABLE
100
AcDbLine
 10
419.35413838471317
 20
353.79999999999995
 30
0.0
 11
419.35413838471317
 21
361.4
 31
0.0
  0
TEXT
  5
4E4
330
17
100
AcDbEntity
  8
S-TABLE
100
AcDbText
 10
420.75413838471314
 20
357.59999999999997
 30
0.0
 40
1.89
  1
T12 4L @ 250
  7
OpenSans
 11
420.75413838471314
 21
357.59999999999997
 31
0.0
100
AcDbText
 73
2
  0
LWPOLYLINE
  5
4E5
330
17
100
AcDbEntity
  8
S-TABLE
100
AcDbPolyline
 90
4
 70
1
 10
277.0
 20
346.19999999999993
 10
460.0
 20
346.19999999999993
 10
460.0
 20
353.79999999999995
 10
277.0
 20
353.79999999999995
  0
TEXT
  5
4E6
330
17
100
AcDbEntity
  8
S-TABLE
100
AcDbText
 10
278.4
 20
349.99999999999994
 30
0.0
 40
1.89
  1
WALLS HW1 - HW4
  7
OpenSans
 11
278.4
 21
349.99999999999994
 31
0.0
100
AcDbText
 73
2
  0
LINE
  5
4E7
330
17
100
AcDbEntity
  8
S-TABLE
100
AcDbLine
 10
317.8982423851554
 20
346.19999999999993
 30
0.0
 11
317.8982423851554
 21
353.79999999999995
 31
0.0
  0
TEXT
  5
4E8
330
17
100
AcDbEntity
  8
S-TABLE
100
AcDbText
 10
325.8927549798227
 20
349.99999999999994
 30
0.0
 40
1.89
  1
400
  7
OpenSans
 72
1
 11
325.8927549798227
 21
349.99999999999994
 31
0.0
100
AcDbText
 73
2
  0
LINE
  5
4E9
330
17
100
AcDbEntity
  8
S-TABLE
100
AcDbLine
 10
333.88726757449
 20
346.19999999999993
 30
0.0
 11
333.88726757449
 21
353.79999999999995
 31
0.0
  0
TEXT
  5
4EA
330
17
100
AcDbEntity
  8
S-TABLE
100
AcDbText
 10
340.34306812360643
 20
349.99999999999994
 30
0.0
 40
1.89
  1
50 / 40
  7
OpenSans
 72
1
 11
340.34306812360643
 21
349.99999999999994
 31
0.0
100
AcDbText
 73
2
  0
LINE
  5
4EB
330
17
100
AcDbEntity
  8
S-TABLE
100
AcDbLine
 10
346.7988686727229
 20
346.19999999999993
 30
0.0
 11
346.7988686727229
 21
353.79999999999995
 31
0.0
  0
TEXT
  5
4EC
330
17
100
AcDbEntity
  8
S-TABLE
100
AcDbText
 10
350.6998416591424
 20
349.99999999999994
 30
0.0
 40
1.89
  1
342
  7
OpenSans
 72
1
 11
350.6998416591424
 21
349.99999999999994
 31
0.0
100
AcDbText
 73
2
  0
LINE
  5
4ED
330
17
100
AcDbEntity
  8
S-TABLE
100
AcDbLine
 10
354.6008146455619
 20
346.19999999999993
 30
0.0
 11
354.6008146455619
 21
353.79999999999995
 31
0.0
  0
TEXT
  5
4EE
330
17
100
AcDbEntity
  8
S-TABLE
100
AcDbText
 10
356.0008146455619
 20
349.99999999999994
 30
0.0
 40
1.89
  1
T16 @ 150 EF EW   (1340 mm2/m)
  7
OpenSans
 11
356.0008146455619
 21
349.99999999999994
 31
0.0
100
AcDbText
 73
2
  0
LINE
  5
4EF
330
17
100
AcDbEntity
  8
S-TABLE
100
AcDbLine
 10
419.35413838471317
 20
346.19999999999993
 30
0.0
 11
419.35413838471317
 21
353.79999999999995
 31
0.0
  0
TEXT
  5
4F0
330
17
100
AcDbEntity
  8
S-TABLE
100
AcDbText
 10
420.75413838471314
 20
349.99999999999994
 30
0.0
 40
1.89
  1
T12 4L @ 250 THROUGHOUT
  7
OpenSans
 11
420.75413838471314
 21
349.99999999999994
 31
0.0
100
AcDbText
 73
2
  0
LWPOLYLINE
  5
4F1
330
17
100
AcDbEntity
  8
S-TABLE
100
AcDbPolyline
 90
4
 70
1
 10
277.0
 20
338.5999999999999
 10
460.0
 20
338.5999999999999
 10
460.0
 20
346.19999999999993
 10
277.0
 20
346.19999999999993
  0
TEXT
  5
4F2
330
17
100
AcDbEntity
  8
S-TABLE
100
AcDbText
 10
278.4
 20
342.3999999999999
 30
0.0
 40
1.89
  1
DOOR JAMBS, HW2
  7
OpenSans
 11
278.4
 21
342.3999999999999
 31
0.0
100
AcDbText
 73
2
  0
LINE
  5
4F3
330
17
100
AcDbEntity
  8
S-TABLE
100
AcDbLine
 10
317.8982423851554
 20
338.5999999999999
 30
0.0
 11
317.8982423851554
 21
346.19999999999993
 31
0.0
  0
TEXT
  5
4F4
330
17
100
AcDbEntity
  8
S-TABLE
100
AcDbText
 10
325.8927549798227
 20
342.3999999999999
 30
0.0
 40
1.89
  1
-
  7
OpenSans
 72
1
 11
325.8927549798227
 21
342.3999999999999
 31
0.0
100
AcDbText
 73
2
  0
LINE
  5
4F5
330
17
100
AcDbEntity
  8
S-TABLE
100
AcDbLine
 10
333.88726757449
 20
338.5999999999999
 30
0.0
 11
333.88726757449
 21
346.19999999999993
 31
0.0
  0
TEXT
  5
4F6
330
17
100
AcDbEntity
  8
S-TABLE
100
AcDbText
 10
340.34306812360643
 20
342.3999999999999
 30
0.0
 40
1.89
  1
40
  7
OpenSans
 72
1
 11
340.34306812360643
 21
342.3999999999999
 31
0.0
100
AcDbText
 73
2
  0
LINE
  5
4F7
330
17
100
AcDbEntity
  8
S-TABLE
100
AcDbLine
 10
346.7988686727229
 20
338.5999999999999
 30
0.0
 11
346.7988686727229
 21
346.19999999999993
 31
0.0
  0
TEXT
  5
4F8
330
17
100
AcDbEntity
  8
S-TABLE
100
AcDbText
 10
350.6998416591424
 20
342.3999999999999
 30
0.0
 40
1.89
  1
-
  7
OpenSans
 72
1
 11
350.6998416591424
 21
342.3999999999999
 31
0.0
100
AcDbText
 73
2
  0
LINE
  5
4F9
330
17
100
AcDbEntity
  8
S-TABLE
100
AcDbLine
 10
354.6008146455619
 20
338.5999999999999
 30
0.0
 11
354.6008146455619
 21
346.19999999999993
 31
0.0
  0
TEXT
  5
4FA
330
17
100
AcDbEntity
  8
S-TABLE
100
AcDbText
 10
356.0008146455619
 20
342.3999999999999
 30
0.0
 40
1.89
  1
2-T20 EACH JAMB, EACH FACE, Ld 800 BEYOND
  7
OpenSans
 11
356.0008146455619
 21
342.3999999999999
 31
0.0
100
AcDbText
 73
2
  0
LINE
  5
4FB
330
17
100
AcDbEntity
  8
S-TABLE
100
AcDbLine
 10
419.35413838471317
 20
338.5999999999999
 30
0.0
 11
419.35413838471317
 21
346.19999999999993
 31
0.0
  0
TEXT
  5
4FC
330
17
100
AcDbEntity
  8
S-TABLE
100
AcDbText
 10
420.75413838471314
 20
342.3999999999999
 30
0.0
 40
1.89
  1
-
  7
OpenSans
 11
420.75413838471314
 21
342.3999999999999
 31
0.0
100
AcDbText
 73
2
  0
LWPOLYLINE
  5
4FD
330
17
100
AcDbEntity
  8
S-TABLE
100
AcDbPolyline
 90
4
 70
1
 10
277.0
 20
330.9999999999999
 10
460.0
 20
330.9999999999999
 10
460.0
 20
338.5999999999999
 10
277.0
 20
338.5999999999999
  0
TEXT
  5
4FE
330
17
100
AcDbEntity
  8
S-TABLE
100
AcDbText
 10
278.4
 20
334.7999999999999
 30
0.0
 40
1.89
  1
DOOR-HEAD EDGE BAND
  7
OpenSans
 11
278.4
 21
334.7999999999999
 31
0.0
100
AcDbText
 73
2
  0
LINE
  5
4FF
330
17
100
AcDbEntity
  8
S-TABLE
100
AcDbLine
 10
317.8982423851554
 20
330.9999999999999
 30
0.0
 11
317.8982423851554
 21
338.5999999999999
 31
0.0
  0
TEXT
  5
500
330
17
100
AcDbEntity
  8
S-TABLE
100
AcDbText
 10
325.8927549798227
 20
334.7999999999999
 30
0.0
 40
1.89
  1
400 x 800
  7
OpenSans
 72
1
 11
325.8927549798227
 21
334.7999999999999
 31
0.0
100
AcDbText
 73
2
  0
LINE
  5
501
330
17
100
AcDbEntity
  8
S-TABLE
100
AcDbLine
 10
333.88726757449
 20
330.9999999999999
 30
0.0
 11
333.88726757449
 21
338.5999999999999
 31
0.0
  0
TEXT
  5
502
330
17
100
AcDbEntity
  8
S-TABLE
100
AcDbText
 10
340.34306812360643
 20
334.7999999999999
 30
0.0
 40
1.89
  1
40
  7
OpenSans
 72
1
 11
340.34306812360643
 21
334.7999999999999
 31
0.0
100
AcDbText
 73
2
  0
LINE
  5
503
330
17
100
AcDbEntity
  8
S-TABLE
100
AcDbLine
 10
346.7988686727229
 20
330.9999999999999
 30
0.0
 11
346.7988686727229
 21
338.5999999999999
 31
0.0
  0
TEXT
  5
504
330
17
100
AcDbEntity
  8
S-TABLE
100
AcDbText
 10
350.6998416591424
 20
334.7999999999999
 30
0.0
 40
1.89
  1
742
  7
OpenSans
 72
1
 11
350.6998416591424
 21
334.7999999999999
 31
0.0
100
AcDbText
 73
2
  0
LINE
  5
505
330
17
100
AcDbEntity
  8
S-TABLE
100
AcDbLine
 10
354.6008146455619
 20
330.9999999999999
 30
0.0
 11
354.6008146455619
 21
338.5999999999999
 31
0.0
  0
TEXT
  5
506
330
17
100
AcDbEntity
  8
S-TABLE
100
AcDbText
 10
356.0008146455619
 20
334.7999999999999
 30
0.0
 40
1.89
  1
4-T20 TOP + 4-T20 BOTTOM
  7
OpenSans
 11
356.0008146455619
 21
334.7999999999999
 31
0.0
100
AcDbText
 73
2
  0
LINE
  5
507
330
17
100
AcDbEntity
  8
S-TABLE
100
AcDbLine
 10
419.35413838471317
 20
330.9999999999999
 30
0.0
 11
419.35413838471317
 21
338.5999999999999
 31
0.0
  0
TEXT
  5
508
330
17
100
AcDbEntity
  8
S-TABLE
100
AcDbText
 10
420.75413838471314
 20
334.7999999999999
 30
0.0
 40
1.89
  1
T12 4L @ 150
  7
OpenSans
 11
420.75413838471314
 21
334.7999999999999
 31
0.0
100
AcDbText
 73
2
  0
LWPOLYLINE
  5
509
330
17
100
AcDbEntity
  8
S-TABLE
100
AcDbPolyline
 90
4
 70
1
 10
277.0
 20
323.39999999999986
 10
460.0
 20
323.39999999999986
 10
460.0
 20
330.9999999999999
 10
277.0
 20
330.9999999999999
  0
TEXT
  5
50A
330
17
100
AcDbEntity
  8
S-TABLE
100
AcDbText
 10
278.4
 20
327.1999999999999
 30
0.0
 40
1.89
  1
WALL / ROOF HAUNCH
  7
OpenSans
 11
278.4
 21
327.1999999999999
 31
0.0
100
AcDbText
 73
2
  0
LINE
  5
50B
330
17
100
AcDbEntity
  8
S-TABLE
100
AcDbLine
 10
317.8982423851554
 20
323.39999999999986
 30
0.0
 11
317.8982423851554
 21
330.9999999999999
 31
0.0
  0
TEXT
  5
50C
330
17
100
AcDbEntity
  8
S-TABLE
100
AcDbText
 10
325.8927549798227
 20
327.1999999999999
 30
0.0
 40
1.89
  1
300 x 300
  7
OpenSans
 72
1
 11
325.8927549798227
 21
327.1999999999999
 31
0.0
100
AcDbText
 73
2
  0
LINE
  5
50D
330
17
100
AcDbEntity
  8
S-TABLE
100
AcDbLine
 10
333.88726757449
 20
323.39999999999986
 30
0.0
 11
333.88726757449
 21
330.9999999999999
 31
0.0
  0
TEXT
  5
50E
330
17
100
AcDbEntity
  8
S-TABLE
100
AcDbText
 10
340.34306812360643
 20
327.1999999999999
 30
0.0
 40
1.89
  1
-
  7
OpenSans
 72
1
 11
340.34306812360643
 21
327.1999999999999
 31
0.0
100
AcDbText
 73
2
  0
LINE
  5
50F
330
17
100
AcDbEntity
  8
S-TABLE
100
AcDbLine
 10
346.7988686727229
 20
323.39999999999986
 30
0.0
 11
346.7988686727229
 21
330.9999999999999
 31
0.0
  0
TEXT
  5
510
330
17
100
AcDbEntity
  8
S-TABLE
100
AcDbText
 10
350.6998416591424
 20
327.1999999999999
 30
0.0
 40
1.89
  1
-
  7
OpenSans
 72
1
 11
350.6998416591424
 21
327.1999999999999
 31
0.0
100
AcDbText
 73
2
  0
LINE
  5
511
330
17
100
AcDbEntity
  8
S-TABLE
100
AcDbLine
 10
354.6008146455619
 20
323.39999999999986
 30
0.0
 11
354.6008146455619
 21
330.9999999999999
 31
0.0
  0
TEXT
  5
512
330
17
100
AcDbEntity
  8
S-TABLE
100
AcDbText
 10
356.0008146455619
 20
327.1999999999999
 30
0.0
 40
1.89
  1
DIAGONAL T16 @ 150
  7
OpenSans
 11
356.0008146455619
 21
327.1999999999999
 31
0.0
100
AcDbText
 73
2
  0
LINE
  5
513
330
17
100
AcDbEntity
  8
S-TABLE
100
AcDbLine
 10
419.35413838471317
 20
323.39999999999986
 30
0.0
 11
419.35413838471317
 21
330.9999999999999
 31
0.0
  0
TEXT
  5
514
330
17
100
AcDbEntity
  8
S-TABLE
100
AcDbText
 10
420.75413838471314
 20
327.1999999999999
 30
0.0
 40
1.89
  1
-
  7
OpenSans
 11
420.75413838471314
 21
327.1999999999999
 31
0.0
100
AcDbText
 73
2
  0
LWPOLYLINE
  5
515
330
17
100
AcDbEntity
  8
S-TABLE
100
AcDbPolyline
 90
4
 70
1
 10
277.0
 20
315.79999999999984
 10
460.0
 20
315.79999999999984
 10
460.0
 20
323.39999999999986
 10
277.0
 20
323.39999999999986
  0
TEXT
  5
516
330
17
100
AcDbEntity
  8
S-TABLE
100
AcDbText
 10
278.6
 20
319.59999999999985
 30
0.0
 40
2.09
  1
THE WALLS ARE SYMMETRICAL FOR 383 kPa EITHER FACE.  ROOF SPANS 4000 CLEAR, WALLS 2400 CLEAR
  7
OpenSans
 11
278.6
 21
319.59999999999985
 31
0.0
100
AcDbText
 73
2
  0
LWPOLYLINE
  5
517
330
17
100
AcDbEntity
  8
S-TABLE
100
AcDbPolyline
 90
4
 70
1
 10
277.0
 20
291.2999999999998
 10
460.0
 20
291.2999999999998
 10
460.0
 20
297.6999999999998
 10
277.0
 20
297.6999999999998
  0
TEXT
  5
518
330
17
100
AcDbEntity
  8
S-TABLE
100
AcDbText
 10
368.5
 20
294.49999999999983
 30
0.0
 40
3.8
  1
BAR MARK SCHEDULE - HEADHOUSE ROOF 500 AND WALLS 400
  7
OpenSans
 72
1
 11
368.5
 21
294.49999999999983
 31
0.0
100
AcDbText
 73
2
  0
LWPOLYLINE
  5
519
330
17
100
AcDbEntity
  8
S-TABLE
100
AcDbPolyline
 90
4
 70
1
 10
277.0
 20
283.6999999999998
 10
460.0
 20
283.6999999999998
 10
460.0
 20
291.29999999999984
 10
277.0
 20
291.29999999999984
  0
TEXT
  5
51A
330
17
100
AcDbEntity
  8
S-TABLE
100
AcDbText
 10
284.7163282416166
 20
287.49999999999983
 30
0.0
 40
3.14
  1
MARK
  7
OpenSans
 72
1
 11
284.7163282416166
 21
287.49999999999983
 31
0.0
100
AcDbText
 73
2
  0
LINE
  5
51B
330
17
100
AcDbEntity
  8
S-TABLE
100
AcDbLine
 10
292.43265648323325
 20
283.6999999999998
 30
0.0
 11
292.43265648323325
 21
291.29999999999984
 31
0.0
  0
TEXT
  5
51C
330
17
100
AcDbEntity
  8
S-TABLE
100
AcDbText
 10
298.3381480627153
 20
287.49999999999983
 30
0.0
 40
3.14
  1
BAR
  7
OpenSans
 72
1
 11
298.3381480627153
 21
287.49999999999983
 31
0.0
100
AcDbText
 73
2
  0
LINE
  5
51D
330
17
100
AcDbEntity
  8
S-TABLE
100
AcDbLine
 10
304.24363964219725
 20
283.6999999999998
 30
0.0
 11
304.24363964219725
 21
291.29999999999984
 31
0.0
  0
TEXT
  5
51E
330
17
100
AcDbEntity
  8
S-TABLE
100
AcDbText
 10
315.93203101607355
 20
287.49999999999983
 30
0.0
 40
3.14
  1
SPACING
  7
OpenSans
 72
1
 11
315.93203101607355
 21
287.49999999999983
 31
0.0
100
AcDbText
 73
2
  0
LINE
  5
51F
330
17
100
AcDbEntity
  8
S-TABLE
100
AcDbLine
 10
327.6204223899499
 20
283.6999999999998
 30
0.0
 11
327.6204223899499
 21
291.29999999999984
 31
0.0
  0
TEXT
  5
520
330
17
100
AcDbEntity
  8
S-TABLE
100
AcDbText
 10
376.43074548144335
 20
287.49999999999983
 30
0.0
 40
3.14
  1
LOCATION
  7
OpenSans
 72
1
 11
376.43074548144335
 21
287.49999999999983
 31
0.0
100
AcDbText
 73
2
  0
LINE
  5
521
330
17
100
AcDbEntity
  8
S-TABLE
100
AcDbLine
 10
425.24106857293674
 20
283.6999999999998
 30
0.0
 11
425.24106857293674
 21
291.29999999999984
 31
0.0
  0
TEXT
  5
522
330
17
100
AcDbEntity
  8
S-TABLE
100
AcDbText
 10
436.02360528586286
 20
287.49999999999983
 30
0.0
 40
3.14
  1
CUT mm
  7
OpenSans
 72
1
 11
436.02360528586286
 21
287.49999999999983
 31
0.0
100
AcDbText
 73
2
  0
LINE
  5
523
330
17
100
AcDbEntity
  8
S-TABLE
100
AcDbLine
 10
446.8061419987889
 20
283.6999999999998
 30
0.0
 11
446.8061419987889
 21
291.29999999999984
 31
0.0
  0
TEXT
  5
524
330
17
100
AcDbEntity
  8
S-TABLE
100
AcDbText
 10
453.4030709993944
 20
287.49999999999983
 30
0.0
 40
3.14
  1
No.
  7
OpenSans
 72
1
 11
453.4030709993944
 21
287.49999999999983
 31
0.0
100
AcDbText
 73
2
  0
LWPOLYLINE
  5
525
330
17
100
AcDbEntity
  8
S-TABLE
100
AcDbPolyline
 90
4
 70
1
 10
277.0
 20
276.0999999999998
 10
460.0
 20
276.0999999999998
 10
460.0
 20
283.6999999999998
 10
277.0
 20
283.6999999999998
  0
TEXT
  5
526
330
17
100
AcDbEntity
  8
S-TABLE
100
AcDbText
 10
284.7163282416166
 20
279.8999999999998
 30
0.0
 40
2.94
  1
H01A
  7
OpenSans
 72
1
 11
284.7163282416166
 21
279.8999999999998
 31
0.0
100
AcDbText
 73
2
  0
LINE
  5
527
330
17
100
AcDbEntity
  8
S-TABLE
100
AcDbLine
 10
292.43265648323325
 20
276.0999999999998
 30
0.0
 11
292.43265648323325
 21
283.6999999999998
 31
0.0
  0
TEXT
  5
528
330
17
100
AcDbEntity
  8
S-TABLE
100
AcDbText
 10
298.3381480627153
 20
279.8999999999998
 30
0.0
 40
2.94
  1
T20
  7
OpenSans
 72
1
 11
298.3381480627153
 21
279.8999999999998
 31
0.0
100
AcDbText
 73
2
  0
LINE
  5
529
330
17
100
AcDbEntity
  8
S-TABLE
100
AcDbLine
 10
304.24363964219725
 20
276.0999999999998
 30
0.0
 11
304.24363964219725
 21
283.6999999999998
 31
0.0
  0
TEXT
  5
52A
330
17
100
AcDbEntity
  8
S-TABLE
100
AcDbText
 10
315.93203101607355
 20
279.8999999999998
 30
0.0
 40
2.94
  1
150
  7
OpenSans
 72
1
 11
315.93203101607355
 21
279.8999999999998
 31
0.0
100
AcDbText
 73
2
  0
LINE
  5
52B
330
17
100
AcDbEntity
  8
S-TABLE
100
AcDbLine
 10
327.6204223899499
 20
276.0999999999998
 30
0.0
 11
327.6204223899499
 21
283.6999999999998
 31
0.0
  0
TEXT
  5
52C
330
17
100
AcDbEntity
  8
S-TABLE
100
AcDbText
 10
329.0204223899499
 20
279.8999999999998
 30
0.0
 40
2.94
  1
BOTTOM, MAIN (SPANNING 4000 IN X)
  7
OpenSans
 11
329.0204223899499
 21
279.8999999999998
 31
0.0
100
AcDbText
 73
2
  0
LINE
  5
52D
330
17
100
AcDbEntity
  8
S-TABLE
100
AcDbLine
 10
425.24106857293674
 20
276.0999999999998
 30
0.0
 11
425.24106857293674
 21
283.6999999999998
 31
0.0
  0
TEXT
  5
52E
330
17
100
AcDbEntity
  8
S-TABLE
100
AcDbText
 10
436.02360528586286
 20
279.8999999999998
 30
0.0
 40
2.94
  1
4650
  7
OpenSans
 72
1
 11
436.02360528586286
 21
279.8999999999998
 31
0.0
100
AcDbText
 73
2
  0
LINE
  5
52F
330
17
100
AcDbEntity
  8
S-TABLE
100
AcDbLine
 10
446.8061419987889
 20
276.0999999999998
 30
0.0
 11
446.8061419987889
 21
283.6999999999998
 31
0.0
  0
TEXT
  5
530
330
17
100
AcDbEntity
  8
S-TABLE
100
AcDbText
 10
453.4030709993944
 20
279.8999999999998
 30
0.0
 40
2.94
  1
38
  7
OpenSans
 72
1
 11
453.4030709993944
 21
279.8999999999998
 31
0.0
100
AcDbText
 73
2
  0
LWPOLYLINE
  5
531
330
17
100
AcDbEntity
  8
S-TABLE
100
AcDbPolyline
 90
4
 70
1
 10
277.0
 20
268.4999999999998
 10
460.0
 20
268.4999999999998
 10
460.0
 20
276.0999999999998
 10
277.0
 20
276.0999999999998
  0
TEXT
  5
532
330
17
100
AcDbEntity
  8
S-TABLE
100
AcDbText
 10
284.7163282416166
 20
272.2999999999998
 30
0.0
 40
2.94
  1
H01B
  7
OpenSans
 72
1
 11
284.7163282416166
 21
272.2999999999998
 31
0.0
100
AcDbText
 73
2
  0
LINE
  5
533
330
17
100
AcDbEntity
  8
S-TABLE
100
AcDbLine
 10
292.43265648323325
 20
268.4999999999998
 30
0.0
 11
292.43265648323325
 21
276.0999999999998
 31
0.0
  0
TEXT
  5
534
330
17
100
AcDbEntity
  8
S-TABLE
100
AcDbText
 10
298.3381480627153
 20
272.2999999999998
 30
0.0
 40
2.94
  1
T20
  7
OpenSans
 72
1
 11
298.3381480627153
 21
272.2999999999998
 31
0.0
100
AcDbText
 73
2
  0
LINE
  5
535
330
17
100
AcDbEntity
  8
S-TABLE
100
AcDbLine
 10
304.24363964219725
 20
268.4999999999998
 30
0.0
 11
304.24363964219725
 21
276.0999999999998
 31
0.0
  0
TEXT
  5
536
330
17
100
AcDbEntity
  8
S-TABLE
100
AcDbText
 10
315.93203101607355
 20
272.2999999999998
 30
0.0
 40
2.94
  1
150
  7
OpenSans
 72
1
 11
315.93203101607355
 21
272.2999999999998
 31
0.0
100
AcDbText
 73
2
  0
LINE
  5
537
330
17
100
AcDbEntity
  8
S-TABLE
100
AcDbLine
 10
327.6204223899499
 20
268.4999999999998
 30
0.0
 11
327.6204223899499
 21
276.0999999999998
 31
0.0
  0
TEXT
  5
538
330
17
100
AcDbEntity
  8
S-TABLE
100
AcDbText
 10
329.0204223899499
 20
272.2999999999998
 30
0.0
 40
2.94
  1
BOTTOM, SECONDARY (Y)
  7
OpenSans
 11
329.0204223899499
 21
272.2999999999998
 31
0.0
100
AcDbText
 73
2
  0
LINE
  5
539
330
17
100
AcDbEntity
  8
S-TABLE
100
AcDbLine
 10
425.24106857293674
 20
268.4999999999998
 30
0.0
 11
425.24106857293674
 21
276.0999999999998
 31
0.0
  0
TEXT
  5
53A
330
17
100
AcDbEntity
  8
S-TABLE
100
AcDbText
 10
436.02360528586286
 20
272.2999999999998
 30
0.0
 40
2.94
  1
5650
  7
OpenSans
 72
1
 11
436.02360528586286
 21
272.2999999999998
 31
0.0
100
AcDbText
 73
2
  0
LINE
  5
53B
330
17
100
AcDbEntity
  8
S-TABLE
100
AcDbLine
 10
446.8061419987889
 20
268.4999999999998
 30
0.0
 11
446.8061419987889
 21
276.0999999999998
 31
0.0
  0
TEXT
  5
53C
330
17
100
AcDbEntity
  8
S-TABLE
100
AcDbText
 10
453.4030709993944
 20
272.2999999999998
 30
0.0
 40
2.94
  1
32
  7
OpenSans
 72
1
 11
453.4030709993944
 21
272.2999999999998
 31
0.0
100
AcDbText
 73
2
  0
LWPOLYLINE
  5
53D
330
17
100
AcDbEntity
  8
S-TABLE
100
AcDbPolyline
 90
4
 70
1
 10
277.0
 20
260.89999999999975
 10
460.0
 20
260.89999999999975
 10
460.0
 20
268.4999999999998
 10
277.0
 20
268.4999999999998
  0
TEXT
  5
53E
330
17
100
AcDbEntity
  8
S-TABLE
100
AcDbText
 10
284.7163282416166
 20
264.69999999999976
 30
0.0
 40
2.94
  1
H01C
  7
OpenSans
 72
1
 11
284.7163282416166
 21
264.69999999999976
 31
0.0
100
AcDbText
 73
2
  0
LINE
  5
53F
330
17
100
AcDbEntity
  8
S-TABLE
100
AcDbLine
 10
292.43265648323325
 20
260.89999999999975
 30
0.0
 11
292.43265648323325
 21
268.4999999999998
 31
0.0
  0
TEXT
  5
540
330
17
100
AcDbEntity
  8
S-TABLE
100
AcDbText
 10
298.3381480627153
 20
264.69999999999976
 30
0.0
 40
2.94
  1
T20
  7
OpenSans
 72
1
 11
298.3381480627153
 21
264.69999999999976
 31
0.0
100
AcDbText
 73
2
  0
LINE
  5
541
330
17
100
AcDbEntity
  8
S-TABLE
100
AcDbLine
 10
304.24363964219725
 20
260.89999999999975
 30
0.0
 11
304.24363964219725
 21
268.4999999999998
 31
0.0
  0
TEXT
  5
542
330
17
100
AcDbEntity
  8
S-TABLE
100
AcDbText
 10
315.93203101607355
 20
264.69999999999976
 30
0.0
 40
2.94
  1
150
  7
OpenSans
 72
1
 11
315.93203101607355
 21
264.69999999999976
 31
0.0
100
AcDbText
 73
2
  0
LINE
  5
543
330
17
100
AcDbEntity
  8
S-TABLE
100
AcDbLine
 10
327.6204223899499
 20
260.89999999999975
 30
0.0
 11
327.6204223899499
 21
268.4999999999998
 31
0.0
  0
TEXT
  5
544
330
17
100
AcDbEntity
  8
S-TABLE
100
AcDbText
 10
329.0204223899499
 20
264.69999999999976
 30
0.0
 40
2.94
  1
TOP, MAIN (X)
  7
OpenSans
 11
329.0204223899499
 21
264.69999999999976
 31
0.0
100
AcDbText
 73
2
  0
LINE
  5
545
330
17
100
AcDbEntity
  8
S-TABLE
100
AcDbLine
 10
425.24106857293674
 20
260.89999999999975
 30
0.0
 11
425.24106857293674
 21
268.4999999999998
 31
0.0
  0
TEXT
  5
546
330
17
100
AcDbEntity
  8
S-TABLE
100
AcDbText
 10
436.02360528586286
 20
264.69999999999976
 30
0.0
 40
2.94
  1
4650
  7
OpenSans
 72
1
 11
436.02360528586286
 21
264.69999999999976
 31
0.0
100
AcDbText
 73
2
  0
LINE
  5
547
330
17
100
AcDbEntity
  8
S-TABLE
100
AcDbLine
 10
446.8061419987889
 20
260.89999999999975
 30
0.0
 11
446.8061419987889
 21
268.4999999999998
 31
0.0
  0
TEXT
  5
548
330
17
100
AcDbEntity
  8
S-TABLE
100
AcDbText
 10
453.4030709993944
 20
264.69999999999976
 30
0.0
 40
2.94
  1
38
  7
OpenSans
 72
1
 11
453.4030709993944
 21
264.69999999999976
 31
0.0
100
AcDbText
 73
2
  0
LWPOLYLINE
  5
549
330
17
100
AcDbEntity
  8
S-TABLE
100
AcDbPolyline
 90
4
 70
1
 10
277.0
 20
253.29999999999976
 10
460.0
 20
253.29999999999976
 10
460.0
 20
260.89999999999975
 10
277.0
 20
260.89999999999975
  0
TEXT
  5
54A
330
17
100
AcDbEntity
  8
S-TABLE
100
AcDbText
 10
284.7163282416166
 20
257.09999999999974
 30
0.0
 40
2.94
  1
H01D
  7
OpenSans
 72
1
 11
284.7163282416166
 21
257.09999999999974
 31
0.0
100
AcDbText
 73
2
  0
LINE
  5
54B
330
17
100
AcDbEntity
  8
S-TABLE
100
AcDbLine
 10
292.43265648323325
 20
253.29999999999976
 30
0.0
 11
292.43265648323325
 21
260.89999999999975
 31
0.0
  0
TEXT
  5
54C
330
17
100
AcDbEntity
  8
S-TABLE
100
AcDbText
 10
298.3381480627153
 20
257.09999999999974
 30
0.0
 40
2.94
  1
T20
  7
OpenSans
 72
1
 11
298.3381480627153
 21
257.09999999999974
 31
0.0
100
AcDbText
 73
2
  0
LINE
  5
54D
330
17
100
AcDbEntity
  8
S-TABLE
100
AcDbLine
 10
304.24363964219725
 20
253.29999999999976
 30
0.0
 11
304.24363964219725
 21
260.89999999999975
 31
0.0
  0
TEXT
  5
54E
330
17
100
AcDbEntity
  8
S-TABLE
100
AcDbText
 10
315.93203101607355
 20
257.09999999999974
 30
0.0
 40
2.94
  1
150
  7
OpenSans
 72
1
 11
315.93203101607355
 21
257.09999999999974
 31
0.0
100
AcDbText
 73
2
  0
LINE
  5
54F
330
17
100
AcDbEntity
  8
S-TABLE
100
AcDbLine
 10
327.6204223899499
 20
253.29999999999976
 30
0.0
 11
327.6204223899499
 21
260.89999999999975
 31
0.0
  0
TEXT
  5
550
330
17
100
AcDbEntity
  8
S-TABLE
100
AcDbText
 10
329.0204223899499
 20
257.09999999999974
 30
0.0
 40
2.94
  1
TOP, SECONDARY (Y)
  7
OpenSans
 11
329.0204223899499
 21
257.09999999999974
 31
0.0
100
AcDbText
 73
2
  0
LINE
  5
551
330
17
100
AcDbEntity
  8
S-TABLE
100
AcDbLine
 10
425.24106857293674
 20
253.29999999999976
 30
0.0
 11
425.24106857293674
 21
260.89999999999975
 31
0.0
  0
TEXT
  5
552
330
17
100
AcDbEntity
  8
S-TABLE
100
AcDbText
 10
436.02360528586286
 20
257.09999999999974
 30
0.0
 40
2.94
  1
5650
  7
OpenSans
 72
1
 11
436.02360528586286
 21
257.09999999999974
 31
0.0
100
AcDbText
 73
2
  0
LINE
  5
553
330
17
100
AcDbEntity
  8
S-TABLE
100
AcDbLine
 10
446.8061419987889
 20
253.29999999999976
 30
0.0
 11
446.8061419987889
 21
260.89999999999975
 31
0.0
  0
TEXT
  5
554
330
17
100
AcDbEntity
  8
S-TABLE
100
AcDbText
 10
453.4030709993944
 20
257.09999999999974
 30
0.0
 40
2.94
  1
32
  7
OpenSans
 72
1
 11
453.4030709993944
 21
257.09999999999974
 31
0.0
100
AcDbText
 73
2
  0
LWPOLYLINE
  5
555
330
17
100
AcDbEntity
  8
S-TABLE
100
AcDbPolyline
 90
4
 70
1
 10
277.0
 20
245.69999999999976
 10
460.0
 20
245.69999999999976
 10
460.0
 20
253.29999999999976
 10
277.0
 20
253.29999999999976
  0
TEXT
  5
556
330
17
100
AcDbEntity
  8
S-TABLE
100
AcDbText
 10
284.7163282416166
 20
249.49999999999974
 30
0.0
 40
2.94
  1
H02
  7
OpenSans
 72
1
 11
284.7163282416166
 21
249.49999999999974
 31
0.0
100
AcDbText
 73
2
  0
LINE
  5
557
330
17
100
AcDbEntity
  8
S-TABLE
100
AcDbLine
 10
292.43265648323325
 20
245.69999999999976
 30
0.0
 11
292.43265648323325
 21
253.29999999999976
 31
0.0
  0
TEXT
  5
558
330
17
100
AcDbEntity
  8
S-TABLE
100
AcDbText
 10
298.3381480627153
 20
249.49999999999974
 30
0.0
 40
2.94
  1
T12
  7
OpenSans
 72
1
 11
298.3381480627153
 21
249.49999999999974
 31
0.0
100
AcDbText
 73
2
  0
LINE
  5
559
330
17
100
AcDbEntity
  8
S-TABLE
100
AcDbLine
 10
304.24363964219725
 20
245.69999999999976
 30
0.0
 11
304.24363964219725
 21
253.29999999999976
 31
0.0
  0
TEXT
  5
55A
330
17
100
AcDbEntity
  8
S-TABLE
100
AcDbText
 10
315.93203101607355
 20
249.49999999999974
 30
0.0
 40
2.94
  1
175 x 175
  7
OpenSans
 72
1
 11
315.93203101607355
 21
249.49999999999974
 31
0.0
100
AcDbText
 73
2
  0
LINE
  5
55B
330
17
100
AcDbEntity
  8
S-TABLE
100
AcDbLine
 10
327.6204223899499
 20
245.69999999999976
 30
0.0
 11
327.6204223899499
 21
253.29999999999976
 31
0.0
  0
TEXT
  5
55C
330
17
100
AcDbEntity
  8
S-TABLE
100
AcDbText
 10
329.0204223899499
 20
249.49999999999974
 30
0.0
 40
2.94
  1
4-LEGGED LINKS @ 175, END 1200 EACH SIDE
  7
OpenSans
 11
329.0204223899499
 21
249.49999999999974
 31
0.0
100
AcDbText
 73
2
  0
LINE
  5
55D
330
17
100
AcDbEntity
  8
S-TABLE
100
AcDbLine
 10
425.24106857293674
 20
245.69999999999976
 30
0.0
 11
425.24106857293674
 21
253.29999999999976
 31
0.0
  0
TEXT
  5
55E
330
17
100
AcDbEntity
  8
S-TABLE
100
AcDbText
 10
436.02360528586286
 20
249.49999999999974
 30
0.0
 40
2.94
  1
1240
  7
OpenSans
 72
1
 11
436.02360528586286
 21
249.49999999999974
 31
0.0
100
AcDbText
 73
2
  0
LINE
  5
55F
330
17
100
AcDbEntity
  8
S-TABLE
100
AcDbLine
 10
446.8061419987889
 20
245.69999999999976
 30
0.0
 11
446.8061419987889
 21
253.29999999999976
 31
0.0
  0
TEXT
  5
560
330
17
100
AcDbEntity
  8
S-TABLE
100
AcDbText
 10
453.4030709993944
 20
249.49999999999974
 30
0.0
 40
2.94
  1
672
  7
OpenSans
 72
1
 11
453.4030709993944
 21
249.49999999999974
 31
0.0
100
AcDbText
 73
2
  0
LWPOLYLINE
  5
561
330
17
100
AcDbEntity
  8
S-TABLE
100
AcDbPolyline
 90
4
 70
1
 10
277.0
 20
238.09999999999977
 10
460.0
 20
238.09999999999977
 10
460.0
 20
245.69999999999976
 10
277.0
 20
245.69999999999976
  0
TEXT
  5
562
330
17
100
AcDbEntity
  8
S-TABLE
100
AcDbText
 10
284.7163282416166
 20
241.89999999999975
 30
0.0
 40
2.94
  1
H03
  7
OpenSans
 72
1
 11
284.7163282416166
 21
241.89999999999975
 31
0.0
100
AcDbText
 73
2
  0
LINE
  5
563
330
17
100
AcDbEntity
  8
S-TABLE
100
AcDbLine
 10
292.43265648323325
 20
238.09999999999977
 30
0.0
 11
292.43265648323325
 21
245.69999999999976
 31
0.0
  0
TEXT
  5
564
330
17
100
AcDbEntity
  8
S-TABLE
100
AcDbText
 10
298.3381480627153
 20
241.89999999999975
 30
0.0
 40
2.94
  1
T12
  7
OpenSans
 72
1
 11
298.3381480627153
 21
241.89999999999975
 31
0.0
100
AcDbText
 73
2
  0
LINE
  5
565
330
17
100
AcDbEntity
  8
S-TABLE
100
AcDbLine
 10
304.24363964219725
 20
238.09999999999977
 30
0.0
 11
304.24363964219725
 21
245.69999999999976
 31
0.0
  0
TEXT
  5
566
330
17
100
AcDbEntity
  8
S-TABLE
100
AcDbText
 10
315.93203101607355
 20
241.89999999999975
 30
0.0
 40
2.94
  1
250 x 250
  7
OpenSans
 72
1
 11
315.93203101607355
 21
241.89999999999975
 31
0.0
100
AcDbText
 73
2
  0
LINE
  5
567
330
17
100
AcDbEntity
  8
S-TABLE
100
AcDbLine
 10
327.6204223899499
 20
238.09999999999977
 30
0.0
 11
327.6204223899499
 21
245.69999999999976
 31
0.0
  0
TEXT
  5
568
330
17
100
AcDbEntity
  8
S-TABLE
100
AcDbText
 10
329.0204223899499
 20
241.89999999999975
 30
0.0
 40
2.94
  1
4-LEGGED LINKS @ 250, MID ZONE
  7
OpenSans
 11
329.0204223899499
 21
241.89999999999975
 31
0.0
100
AcDbText
 73
2
  0
LINE
  5
569
330
17
100
AcDbEntity
  8
S-TABLE
100
AcDbLine
 10
425.24106857293674
 20
238.09999999999977
 30
0.0
 11
425.24106857293674
 21
245.69999999999976
 31
0.0
  0
TEXT
  5
56A
330
17
100
AcDbEntity
  8
S-TABLE
100
AcDbText
 10
436.02360528586286
 20
241.89999999999975
 30
0.0
 40
2.94
  1
1240
  7
OpenSans
 72
1
 11
436.02360528586286
 21
241.89999999999975
 31
0.0
100
AcDbText
 73
2
  0
LINE
  5
56B
330
17
100
AcDbEntity
  8
S-TABLE
100
AcDbLine
 10
446.8061419987889
 20
238.09999999999977
 30
0.0
 11
446.8061419987889
 21
245.69999999999976
 31
0.0
  0
TEXT
  5
56C
330
17
100
AcDbEntity
  8
S-TABLE
100
AcDbText
 10
453.4030709993944
 20
241.89999999999975
 30
0.0
 40
2.94
  1
240
  7
OpenSans
 72
1
 11
453.4030709993944
 21
241.89999999999975
 31
0.0
100
AcDbText
 73
2
  0
LWPOLYLINE
  5
56D
330
17
100
AcDbEntity
  8
S-TABLE
100
AcDbPolyline
 90
4
 70
1
 10
277.0
 20
230.49999999999977
 10
460.0
 20
230.49999999999977
 10
460.0
 20
238.09999999999977
 10
277.0
 20
238.09999999999977
  0
TEXT
  5
56E
330
17
100
AcDbEntity
  8
S-TABLE
100
AcDbText
 10
284.7163282416166
 20
234.29999999999976
 30
0.0
 40
2.94
  1
H04A
  7
OpenSans
 72
1
 11
284.7163282416166
 21
234.29999999999976
 31
0.0
100
AcDbText
 73
2
  0
LINE
  5
56F
330
17
100
AcDbEntity
  8
S-TABLE
100
AcDbLine
 10
292.43265648323325
 20
230.49999999999977
 30
0.0
 11
292.43265648323325
 21
238.09999999999977
 31
0.0
  0
TEXT
  5
570
330
17
100
AcDbEntity
  8
S-TABLE
100
AcDbText
 10
298.3381480627153
 20
234.29999999999976
 30
0.0
 40
2.94
  1
T16
  7
OpenSans
 72
1
 11
298.3381480627153
 21
234.29999999999976
 31
0.0
100
AcDbText
 73
2
  0
LINE
  5
571
330
17
100
AcDbEntity
  8
S-TABLE
100
AcDbLine
 10
304.24363964219725
 20
230.49999999999977
 30
0.0
 11
304.24363964219725
 21
238.09999999999977
 31
0.0
  0
TEXT
  5
572
330
17
100
AcDbEntity
  8
S-TABLE
100
AcDbText
 10
315.93203101607355
 20
234.29999999999976
 30
0.0
 40
2.94
  1
150
  7
OpenSans
 72
1
 11
315.93203101607355
 21
234.29999999999976
 31
0.0
100
AcDbText
 73
2
  0
LINE
  5
573
330
17
100
AcDbEntity
  8
S-TABLE
100
AcDbLine
 10
327.6204223899499
 20
230.49999999999977
 30
0.0
 11
327.6204223899499
 21
238.09999999999977
 31
0.0
  0
TEXT
  5
574
330
17
100
AcDbEntity
  8
S-TABLE
100
AcDbText
 10
329.0204223899499
 20
234.29999999999976
 30
0.0
 40
2.94
  1
VERTICAL, EACH FACE
  7
OpenSans
 11
329.0204223899499
 21
234.29999999999976
 31
0.0
100
AcDbText
 73
2
  0
LINE
  5
575
330
17
100
AcDbEntity
  8
S-TABLE
100
AcDbLine
 10
425.24106857293674
 20
230.49999999999977
 30
0.0
 11
425.24106857293674
 21
238.09999999999977
 31
0.0
  0
TEXT
  5
576
330
17
100
AcDbEntity
  8
S-TABLE
100
AcDbText
 10
436.02360528586286
 20
234.29999999999976
 30
0.0
 40
2.94
  1
3825
  7
OpenSans
 72
1
 11
436.02360528586286
 21
234.29999999999976
 31
0.0
100
AcDbText
 73
2
  0
LINE
  5
577
330
17
100
AcDbEntity
  8
S-TABLE
100
AcDbLine
 10
446.8061419987889
 20
230.49999999999977
 30
0.0
 11
446.8061419987889
 21
238.09999999999977
 31
0.0
  0
TEXT
  5
578
330
17
100
AcDbEntity
  8
S-TABLE
100
AcDbText
 10
453.4030709993944
 20
234.29999999999976
 30
0.0
 40
2.94
  1
260
  7
OpenSans
 72
1
 11
453.4030709993944
 21
234.29999999999976
 31
0.0
100
AcDbText
 73
2
  0
LWPOLYLINE
  5
579
330
17
100
AcDbEntity
  8
S-TABLE
100
AcDbPolyline
 90
4
 70
1
 10
277.0
 20
222.89999999999978
 10
460.0
 20
222.89999999999978
 10
460.0
 20
230.49999999999977
 10
277.0
 20
230.49999999999977
  0
TEXT
  5
57A
330
17
100
AcDbEntity
  8
S-TABLE
100
AcDbText
 10
284.7163282416166
 20
226.69999999999976
 30
0.0
 40
2.94
  1
H04B
  7
OpenSans
 72
1
 11
284.7163282416166
 21
226.69999999999976
 31
0.0
100
AcDbText
 73
2
  0
LINE
  5
57B
330
17
100
AcDbEntity
  8
S-TABLE
100
AcDbLine
 10
292.43265648323325
 20
222.89999999999978
 30
0.0
 11
292.43265648323325
 21
230.49999999999977
 31
0.0
  0
TEXT
  5
57C
330
17
100
AcDbEntity
  8
S-TABLE
100
AcDbText
 10
298.3381480627153
 20
226.69999999999976
 30
0.0
 40
2.94
  1
T16
  7
OpenSans
 72
1
 11
298.3381480627153
 21
226.69999999999976
 31
0.0
100
AcDbText
 73
2
  0
LINE
  5
57D
330
17
100
AcDbEntity
  8
S-TABLE
100
AcDbLine
 10
304.24363964219725
 20
222.89999999999978
 30
0.0
 11
304.24363964219725
 21
230.49999999999977
 31
0.0
  0
TEXT
  5
57E
330
17
100
AcDbEntity
  8
S-TABLE
100
AcDbText
 10
315.93203101607355
 20
226.69999999999976
 30
0.0
 40
2.94
  1
150
  7
OpenSans
 72
1
 11
315.93203101607355
 21
226.69999999999976
 31
0.0
100
AcDbText
 73
2
  0
LINE
  5
57F
330
17
100
AcDbEntity
  8
S-TABLE
100
AcDbLine
 10
327.6204223899499
 20
222.89999999999978
 30
0.0
 11
327.6204223899499
 21
230.49999999999977
 31
0.0
  0
TEXT
  5
580
330
17
100
AcDbEntity
  8
S-TABLE
100
AcDbText
 10
329.0204223899499
 20
226.69999999999976
 30
0.0
 40
2.94
  1
HORIZONTAL RINGS, EACH FACE
  7
OpenSans
 11
329.0204223899499
 21
226.69999999999976
 31
0.0
100
AcDbText
 73
2
  0
LINE
  5
581
330
17
100
AcDbEntity
  8
S-TABLE
100
AcDbLine
 10
425.24106857293674
 20
222.89999999999978
 30
0.0
 11
425.24106857293674
 21
230.49999999999977
 31
0.0
  0
TEXT
  5
582
330
17
100
AcDbEntity
  8
S-TABLE
100
AcDbText
 10
436.02360528586286
 20
226.69999999999976
 30
0.0
 40
2.94
  1
10200
  7
OpenSans
 72
1
 11
436.02360528586286
 21
226.69999999999976
 31
0.0
100
AcDbText
 73
2
  0
LINE
  5
583
330
17
100
AcDbEntity
  8
S-TABLE
100
AcDbLine
 10
446.8061419987889
 20
222.89999999999978
 30
0.0
 11
446.8061419987889
 21
230.49999999999977
 31
0.0
  0
TEXT
  5
584
330
17
100
AcDbEntity
  8
S-TABLE
100
AcDbText
 10
453.4030709993944
 20
226.69999999999976
 30
0.0
 40
2.94
  1
68
  7
OpenSans
 72
1
 11
453.4030709993944
 21
226.69999999999976
 31
0.0
100
AcDbText
 73
2
  0
LWPOLYLINE
  5
585
330
17
100
AcDbEntity
  8
S-TABLE
100
AcDbPolyline
 90
4
 70
1
 10
277.0
 20
215.29999999999978
 10
460.0
 20
215.29999999999978
 10
460.0
 20
222.89999999999978
 10
277.0
 20
222.89999999999978
  0
TEXT
  5
586
330
17
100
AcDbEntity
  8
S-TABLE
100
AcDbText
 10
284.7163282416166
 20
219.09999999999977
 30
0.0
 40
2.94
  1
H05
  7
OpenSans
 72
1
 11
284.7163282416166
 21
219.09999999999977
 31
0.0
100
AcDbText
 73
2
  0
LINE
  5
587
330
17
100
AcDbEntity
  8
S-TABLE
100
AcDbLine
 10
292.43265648323325
 20
215.29999999999978
 30
0.0
 11
292.43265648323325
 21
222.89999999999978
 31
0.0
  0
TEXT
  5
588
330
17
100
AcDbEntity
  8
S-TABLE
100
AcDbText
 10
298.3381480627153
 20
219.09999999999977
 30
0.0
 40
2.94
  1
T12
  7
OpenSans
 72
1
 11
298.3381480627153
 21
219.09999999999977
 31
0.0
100
AcDbText
 73
2
  0
LINE
  5
589
330
17
100
AcDbEntity
  8
S-TABLE
100
AcDbLine
 10
304.24363964219725
 20
215.29999999999978
 30
0.0
 11
304.24363964219725
 21
222.89999999999978
 31
0.0
  0
TEXT
  5
58A
330
17
100
AcDbEntity
  8
S-TABLE
100
AcDbText
 10
315.93203101607355
 20
219.09999999999977
 30
0.0
 40
2.94
  1
250 x 250
  7
OpenSans
 72
1
 11
315.93203101607355
 21
219.09999999999977
 31
0.0
100
AcDbText
 73
2
  0
LINE
  5
58B
330
17
100
AcDbEntity
  8
S-TABLE
100
AcDbLine
 10
327.6204223899499
 20
215.29999999999978
 30
0.0
 11
327.6204223899499
 21
222.89999999999978
 31
0.0
  0
TEXT
  5
58C
330
17
100
AcDbEntity
  8
S-TABLE
100
AcDbText
 10
329.0204223899499
 20
219.09999999999977
 30
0.0
 40
2.94
  1
4-LEGGED LINKS @ 250, ALL FOUR WALLS
  7
OpenSans
 11
329.0204223899499
 21
219.09999999999977
 31
0.0
100
AcDbText
 73
2
  0
LINE
  5
58D
330
17
100
AcDbEntity
  8
S-TABLE
100
AcDbLine
 10
425.24106857293674
 20
215.29999999999978
 30
0.0
 11
425.24106857293674
 21
222.89999999999978
 31
0.0
  0
TEXT
  5
58E
330
17
100
AcDbEntity
  8
S-TABLE
100
AcDbText
 10
436.02360528586286
 20
219.09999999999977
 30
0.0
 40
2.94
  1
1140
  7
OpenSans
 72
1
 11
436.02360528586286
 21
219.09999999999977
 31
0.0
100
AcDbText
 73
2
  0
LINE
  5
58F
330
17
100
AcDbEntity
  8
S-TABLE
100
AcDbLine
 10
446.8061419987889
 20
215.29999999999978
 30
0.0
 11
446.8061419987889
 21
222.89999999999978
 31
0.0
  0
TEXT
  5
590
330
17
100
AcDbEntity
  8
S-TABLE
100
AcDbText
 10
453.4030709993944
 20
219.09999999999977
 30
0.0
 40
2.94
  1
1404
  7
OpenSans
 72
1
 11
453.4030709993944
 21
219.09999999999977
 31
0.0
100
AcDbText
 73
2
  0
LWPOLYLINE
  5
591
330
17
100
AcDbEntity
  8
S-TABLE
100
AcDbPolyline
 90
4
 70
1
 10
277.0
 20
207.6999999999998
 10
460.0
 20
207.6999999999998
 10
460.0
 20
215.29999999999978
 10
277.0
 20
215.29999999999978
  0
TEXT
  5
592
330
17
100
AcDbEntity
  8
S-TABLE
100
AcDbText
 10
284.7163282416166
 20
211.49999999999977
 30
0.0
 40
2.94
  1
H06
  7
OpenSans
 72
1
 11
284.7163282416166
 21
211.49999999999977
 31
0.0
100
AcDbText
 73
2
  0
LINE
  5
593
330
17
100
AcDbEntity
  8
S-TABLE
100
AcDbLine
 10
292.43265648323325
 20
207.6999999999998
 30
0.0
 11
292.43265648323325
 21
215.29999999999978
 31
0.0
  0
TEXT
  5
594
330
17
100
AcDbEntity
  8
S-TABLE
100
AcDbText
 10
298.3381480627153
 20
211.49999999999977
 30
0.0
 40
2.94
  1
T16
  7
OpenSans
 72
1
 11
298.3381480627153
 21
211.49999999999977
 31
0.0
100
AcDbText
 73
2
  0
LINE
  5
595
330
17
100
AcDbEntity
  8
S-TABLE
100
AcDbLine
 10
304.24363964219725
 20
207.6999999999998
 30
0.0
 11
304.24363964219725
 21
215.29999999999978
 31
0.0
  0
TEXT
  5
596
330
17
100
AcDbEntity
  8
S-TABLE
100
AcDbText
 10
315.93203101607355
 20
211.49999999999977
 30
0.0
 40
2.94
  1
150
  7
OpenSans
 72
1
 11
315.93203101607355
 21
211.49999999999977
 31
0.0
100
AcDbText
 73
2
  0
LINE
  5
597
330
17
100
AcDbEntity
  8
S-TABLE
100
AcDbLine
 10
327.6204223899499
 20
207.6999999999998
 30
0.0
 11
327.6204223899499
 21
215.29999999999978
 31
0.0
  0
TEXT
  5
598
330
17
100
AcDbEntity
  8
S-TABLE
100
AcDbText
 10
329.0204223899499
 20
211.49999999999977
 30
0.0
 40
2.94
  1
HAUNCH DIAGONALS, 300 x 300
  7
OpenSans
 11
329.0204223899499
 21
211.49999999999977
 31
0.0
100
AcDbText
 73
2
  0
LINE
  5
599
330
17
100
AcDbEntity
  8
S-TABLE
100
AcDbLine
 10
425.24106857293674
 20
207.6999999999998
 30
0.0
 11
425.24106857293674
 21
215.29999999999978
 31
0.0
  0
TEXT
  5
59A
330
17
100
AcDbEntity
  8
S-TABLE
100
AcDbText
 10
436.02360528586286
 20
211.49999999999977
 30
0.0
 40
2.94
  1
1704
  7
OpenSans
 72
1
 11
436.02360528586286
 21
211.49999999999977
 31
0.0
100
AcDbText
 73
2
  0
LINE
  5
59B
330
17
100
AcDbEntity
  8
S-TABLE
100
AcDbLine
 10
446.8061419987889
 20
207.6999999999998
 30
0.0
 11
446.8061419987889
 21
215.29999999999978
 31
0.0
  0
TEXT
  5
59C
330
17
100
AcDbEntity
  8
S-TABLE
100
AcDbText
 10
453.4030709993944
 20
211.49999999999977
 30
0.0
 40
2.94
  1
130
  7
OpenSans
 72
1
 11
453.4030709993944
 21
211.49999999999977
 31
0.0
100
AcDbText
 73
2
  0
LWPOLYLINE
  5
59D
330
17
100
AcDbEntity
  8
S-TABLE
100
AcDbPolyline
 90
4
 70
1
 10
277.0
 20
200.0999999999998
 10
460.0
 20
200.0999999999998
 10
460.0
 20
207.6999999999998
 10
277.0
 20
207.6999999999998
  0
TEXT
  5
59E
330
17
100
AcDbEntity
  8
S-TABLE
100
AcDbText
 10
284.7163282416166
 20
203.89999999999978
 30
0.0
 40
2.94
  1
H07
  7
OpenSans
 72
1
 11
284.7163282416166
 21
203.89999999999978
 31
0.0
100
AcDbText
 73
2
  0
LINE
  5
59F
330
17
100
AcDbEntity
  8
S-TABLE
100
AcDbLine
 10
292.43265648323325
 20
200.0999999999998
 30
0.0
 11
292.43265648323325
 21
207.6999999999998
 31
0.0
  0
TEXT
  5
5A0
330
17
100
AcDbEntity
  8
S-TABLE
100
AcDbText
 10
298.3381480627153
 20
203.89999999999978
 30
0.0
 40
2.94
  1
T20
  7
OpenSans
 72
1
 11
298.3381480627153
 21
203.89999999999978
 31
0.0
100
AcDbText
 73
2
  0
LINE
  5
5A1
330
17
100
AcDbEntity
  8
S-TABLE
100
AcDbLine
 10
304.24363964219725
 20
200.0999999999998
 30
0.0
 11
304.24363964219725
 21
207.6999999999998
 31
0.0
  0
TEXT
  5
5A2
330
17
100
AcDbEntity
  8
S-TABLE
100
AcDbText
 10
315.93203101607355
 20
203.89999999999978
 30
0.0
 40
2.94
  1
-
  7
OpenSans
 72
1
 11
315.93203101607355
 21
203.89999999999978
 31
0.0
100
AcDbText
 73
2
  0
LINE
  5
5A3
330
17
100
AcDbEntity
  8
S-TABLE
100
AcDbLine
 10
327.6204223899499
 20
200.0999999999998
 30
0.0
 11
327.6204223899499
 21
207.6999999999998
 31
0.0
  0
TEXT
  5
5A4
330
17
100
AcDbEntity
  8
S-TABLE
100
AcDbText
 10
329.0204223899499
 20
203.89999999999978
 30
0.0
 40
2.94
  1
JAMB BARS, 2-T20 EACH JAMB EACH FACE
  7
OpenSans
 11
329.0204223899499
 21
203.89999999999978
 31
0.0
100
AcDbText
 73
2
  0
LINE
  5
5A5
330
17
100
AcDbEntity
  8
S-TABLE
100
AcDbLine
 10
425.24106857293674
 20
200.0999999999998
 30
0.0
 11
425.24106857293674
 21
207.6999999999998
 31
0.0
  0
TEXT
  5
5A6
330
17
100
AcDbEntity
  8
S-TABLE
100
AcDbText
 10
436.02360528586286
 20
203.89999999999978
 30
0.0
 40
2.94
  1
3700
  7
OpenSans
 72
1
 11
436.02360528586286
 21
203.89999999999978
 31
0.0
100
AcDbText
 73
2
  0
LINE
  5
5A7
330
17
100
AcDbEntity
  8
S-TABLE
100
AcDbLine
 10
446.8061419987889
 20
200.0999999999998
 30
0.0
 11
446.8061419987889
 21
207.6999999999998
 31
0.0
  0
TEXT
  5
5A8
330
17
100
AcDbEntity
  8
S-TABLE
100
AcDbText
 10
453.4030709993944
 20
203.89999999999978
 30
0.0
 40
2.94
  1
8
  7
OpenSans
 72
1
 11
453.4030709993944
 21
203.89999999999978
 31
0.0
100
AcDbText
 73
2
  0
LWPOLYLINE
  5
5A9
330
17
100
AcDbEntity
  8
S-TABLE
100
AcDbPolyline
 90
4
 70
1
 10
277.0
 20
192.4999999999998
 10
460.0
 20
192.4999999999998
 10
460.0
 20
200.0999999999998
 10
277.0
 20
200.0999999999998
  0
TEXT
  5
5AA
330
17
100
AcDbEntity
  8
S-TABLE
100
AcDbText
 10
284.7163282416166
 20
196.29999999999978
 30
0.0
 40
2.94
  1
H08
  7
OpenSans
 72
1
 11
284.7163282416166
 21
196.29999999999978
 31
0.0
100
AcDbText
 73
2
  0
LINE
  5
5AB
330
17
100
AcDbEntity
  8
S-TABLE
100
AcDbLine
 10
292.43265648323325
 20
192.4999999999998
 30
0.0
 11
292.43265648323325
 21
200.0999999999998
 31
0.0
  0
TEXT
  5
5AC
330
17
100
AcDbEntity
  8
S-TABLE
100
AcDbText
 10
298.3381480627153
 20
196.29999999999978
 30
0.0
 40
2.94
  1
T20
  7
OpenSans
 72
1
 11
298.3381480627153
 21
196.29999999999978
 31
0.0
100
AcDbText
 73
2
  0
LINE
  5
5AD
330
17
100
AcDbEntity
  8
S-TABLE
100
AcDbLine
 10
304.24363964219725
 20
192.4999999999998
 30
0.0
 11
304.24363964219725
 21
200.0999999999998
 31
0.0
  0
TEXT
  5
5AE
330
17
100
AcDbEntity
  8
S-TABLE
100
AcDbText
 10
315.93203101607355
 20
196.29999999999978
 30
0.0
 40
2.94
  1
-
  7
OpenSans
 72
1
 11
315.93203101607355
 21
196.29999999999978
 31
0.0
100
AcDbText
 73
2
  0
LINE
  5
5AF
330
17
100
AcDbEntity
  8
S-TABLE
100
AcDbLine
 10
327.6204223899499
 20
192.4999999999998
 30
0.0
 11
327.6204223899499
 21
200.0999999999998
 31
0.0
  0
TEXT
  5
5B0
330
17
100
AcDbEntity
  8
S-TABLE
100
AcDbText
 10
329.0204223899499
 20
196.29999999999978
 30
0.0
 40
2.94
  1
4-T20 TOP + 4-T20 BOTTOM
  7
OpenSans
 11
329.0204223899499
 21
196.29999999999978
 31
0.0
100
AcDbText
 73
2
  0
LINE
  5
5B1
330
17
100
AcDbEntity
  8
S-TABLE
100
AcDbLine
 10
425.24106857293674
 20
192.4999999999998
 30
0.0
 11
425.24106857293674
 21
200.0999999999998
 31
0.0
  0
TEXT
  5
5B2
330
17
100
AcDbEntity
  8
S-TABLE
100
AcDbText
 10
436.02360528586286
 20
196.29999999999978
 30
0.0
 40
2.94
  1
3700
  7
OpenSans
 72
1
 11
436.02360528586286
 21
196.29999999999978
 31
0.0
100
AcDbText
 73
2
  0
LINE
  5
5B3
330
17
100
AcDbEntity
  8
S-TABLE
100
AcDbLine
 10
446.8061419987889
 20
192.4999999999998
 30
0.0
 11
446.8061419987889
 21
200.0999999999998
 31
0.0
  0
TEXT
  5
5B4
330
17
100
AcDbEntity
  8
S-TABLE
100
AcDbText
 10
453.4030709993944
 20
196.29999999999978
 30
0.0
 40
2.94
  1
8
  7
OpenSans
 72
1
 11
453.4030709993944
 21
196.29999999999978
 31
0.0
100
AcDbText
 73
2
  0
LWPOLYLINE
  5
5B5
330
17
100
AcDbEntity
  8
S-TABLE
100
AcDbPolyline
 90
4
 70
1
 10
277.0
 20
184.8999999999998
 10
460.0
 20
184.8999999999998
 10
460.0
 20
192.4999999999998
 10
277.0
 20
192.4999999999998
  0
TEXT
  5
5B6
330
17
100
AcDbEntity
  8
S-TABLE
100
AcDbText
 10
284.7163282416166
 20
188.6999999999998
 30
0.0
 40
2.94
  1
H09
  7
OpenSans
 72
1
 11
284.7163282416166
 21
188.6999999999998
 31
0.0
100
AcDbText
 73
2
  0
LINE
  5
5B7
330
17
100
AcDbEntity
  8
S-TABLE
100
AcDbLine
 10
292.43265648323325
 20
184.8999999999998
 30
0.0
 11
292.43265648323325
 21
192.4999999999998
 31
0.0
  0
TEXT
  5
5B8
330
17
100
AcDbEntity
  8
S-TABLE
100
AcDbText
 10
298.3381480627153
 20
188.6999999999998
 30
0.0
 40
2.94
  1
T12
  7
OpenSans
 72
1
 11
298.3381480627153
 21
188.6999999999998
 31
0.0
100
AcDbText
 73
2
  0
LINE
  5
5B9
330
17
100
AcDbEntity
  8
S-TABLE
100
AcDbLine
 10
304.24363964219725
 20
184.8999999999998
 30
0.0
 11
304.24363964219725
 21
192.4999999999998
 31
0.0
  0
TEXT
  5
5BA
330
17
100
AcDbEntity
  8
S-TABLE
100
AcDbText
 10
315.93203101607355
 20
188.6999999999998
 30
0.0
 40
2.94
  1
150
  7
OpenSans
 72
1
 11
315.93203101607355
 21
188.6999999999998
 31
0.0
100
AcDbText
 73
2
  0
LINE
  5
5BB
330
17
100
AcDbEntity
  8
S-TABLE
100
AcDbLine
 10
327.6204223899499
 20
184.8999999999998
 30
0.0
 11
327.6204223899499
 21
192.4999999999998
 31
0.0
  0
TEXT
  5
5BC
330
17
100
AcDbEntity
  8
S-TABLE
100
AcDbText
 10
329.0204223899499
 20
188.6999999999998
 30
0.0
 40
2.94
  1
4-LEGGED LINKS @ 150
  7
OpenSans
 11
329.0204223899499
 21
188.6999999999998
 31
0.0
100
AcDbText
 73
2
  0
LINE
  5
5BD
330
17
100
AcDbEntity
  8
S-TABLE
100
AcDbLine
 10
425.24106857293674
 20
184.8999999999998
 30
0.0
 11
425.24106857293674
 21
192.4999999999998
 31
0.0
  0
TEXT
  5
5BE
330
17
100
AcDbEntity
  8
S-TABLE
100
AcDbText
 10
436.02360528586286
 20
188.6999999999998
 30
0.0
 40
2.94
  1
2320
  7
OpenSans
 72
1
 11
436.02360528586286
 21
188.6999999999998
 31
0.0
100
AcDbText
 73
2
  0
LINE
  5
5BF
330
17
100
AcDbEntity
  8
S-TABLE
100
AcDbLine
 10
446.8061419987889
 20
184.8999999999998
 30
0.0
 11
446.8061419987889
 21
192.4999999999998
 31
0.0
  0
TEXT
  5
5C0
330
17
100
AcDbEntity
  8
S-TABLE
100
AcDbText
 10
453.4030709993944
 20
188.6999999999998
 30
0.0
 40
2.94
  1
28
  7
OpenSans
 72
1
 11
453.4030709993944
 21
188.6999999999998
 31
0.0
100
AcDbText
 73
2
  0
LWPOLYLINE
  5
5C1
330
17
100
AcDbEntity
  8
S-TABLE
100
AcDbPolyline
 90
4
 70
1
 10
277.0
 20
177.2999999999998
 10
460.0
 20
177.2999999999998
 10
460.0
 20
184.8999999999998
 10
277.0
 20
184.8999999999998
  0
TEXT
  5
5C2
330
17
100
AcDbEntity
  8
S-TABLE
100
AcDbText
 10
284.7163282416166
 20
181.0999999999998
 30
0.0
 40
2.94
  1
H10
  7
OpenSans
 72
1
 11
284.7163282416166
 21
181.0999999999998
 31
0.0
100
AcDbText
 73
2
  0
LINE
  5
5C3
330
17
100
AcDbEntity
  8
S-TABLE
100
AcDbLine
 10
292.43265648323325
 20
177.2999999999998
 30
0.0
 11
292.43265648323325
 21
184.8999999999998
 31
0.0
  0
TEXT
  5
5C4
330
17
100
AcDbEntity
  8
S-TABLE
100
AcDbText
 10
298.3381480627153
 20
181.0999999999998
 30
0.0
 40
2.94
  1
T16
  7
OpenSans
 72
1
 11
298.3381480627153
 21
181.0999999999998
 31
0.0
100
AcDbText
 73
2
  0
LINE
  5
5C5
330
17
100
AcDbEntity
  8
S-TABLE
100
AcDbLine
 10
304.24363964219725
 20
177.2999999999998
 30
0.0
 11
304.24363964219725
 21
184.8999999999998
 31
0.0
  0
TEXT
  5
5C6
330
17
100
AcDbEntity
  8
S-TABLE
100
AcDbText
 10
315.93203101607355
 20
181.0999999999998
 30
0.0
 40
2.94
  1
150
  7
OpenSans
 72
1
 11
315.93203101607355
 21
181.0999999999998
 31
0.0
100
AcDbText
 73
2
  0
LINE
  5
5C7
330
17
100
AcDbEntity
  8
S-TABLE
100
AcDbLine
 10
327.6204223899499
 20
177.2999999999998
 30
0.0
 11
327.6204223899499
 21
184.8999999999998
 31
0.0
  0
TEXT
  5
5C8
330
17
100
AcDbEntity
  8
S-TABLE
100
AcDbText
 10
329.0204223899499
 20
181.0999999999998
 30
0.0
 40
2.94
  1
WALL STARTERS, EACH FACE
  7
OpenSans
 11
329.0204223899499
 21
181.0999999999998
 31
0.0
100
AcDbText
 73
2
  0
LINE
  5
5C9
330
17
100
AcDbEntity
  8
S-TABLE
100
AcDbLine
 10
425.24106857293674
 20
177.2999999999998
 30
0.0
 11
425.24106857293674
 21
184.8999999999998
 31
0.0
  0
TEXT
  5
5CA
330
17
100
AcDbEntity
  8
S-TABLE
100
AcDbText
 10
436.02360528586286
 20
181.0999999999998
 30
0.0
 40
2.94
  1
2335
  7
OpenSans
 72
1
 11
436.02360528586286
 21
181.0999999999998
 31
0.0
100
AcDbText
 73
2
  0
LINE
  5
5CB
330
17
100
AcDbEntity
  8
S-TABLE
100
AcDbLine
 10
446.8061419987889
 20
177.2999999999998
 30
0.0
 11
446.8061419987889
 21
184.8999999999998
 31
0.0
  0
TEXT
  5
5CC
330
17
100
AcDbEntity
  8
S-TABLE
100
AcDbText
 10
453.4030709993944
 20
181.0999999999998
 30
0.0
 40
2.94
  1
260
  7
OpenSans
 72
1
 11
453.4030709993944
 21
181.0999999999998
 31
0.0
100
AcDbText
 73
2
  0
LWPOLYLINE
  5
5CD
330
17
100
AcDbEntity
  8
S-TABLE
100
AcDbPolyline
 90
4
 70
1
 10
277.0
 20
152.7999999999998
 10
460.0
 20
152.7999999999998
 10
460.0
 20
159.19999999999982
 10
277.0
 20
159.19999999999982
  0
TEXT
  5
5CE
330
17
100
AcDbEntity
  8
S-TABLE
100
AcDbText
 10
368.5
 20
155.9999999999998
 30
0.0
 40
3.8
  1
HEADHOUSE - DESIGN SUMMARY
  7
OpenSans
 72
1
 11
368.5
 21
155.9999999999998
 31
0.0
100
AcDbText
 73
2
  0
LWPOLYLINE
  5
5CF
330
17
100
AcDbEntity
  8
S-TABLE
100
AcDbPolyline
 90
4
 70
1
 10
277.0
 20
145.19999999999982
 10
460.0
 20
145.19999999999982
 10
460.0
 20
152.7999999999998
 10
277.0
 20
152.7999999999998
  0
TEXT
  5
5D0
330
17
100
AcDbEntity
  8
S-TABLE
100
AcDbText
 10
294.6124199828417
 20
148.9999999999998
 30
0.0
 40
1.89
  1
ELEMENT
  7
OpenSans
 72
1
 11
294.6124199828417
 21
148.9999999999998
 31
0.0
100
AcDbText
 73
2
  0
LINE
  5
5D1
330
17
100
AcDbEntity
  8
S-TABLE
100
AcDbLine
 10
312.2248399656834
 20
145.19999999999982
 30
0.0
 11
312.2248399656834
 21
152.7999999999998
 31
0.0
  0
TEXT
  5
5D2
330
17
100
AcDbEntity
  8
S-TABLE
100
AcDbText
 10
329.16188213555074
 20
148.9999999999998
 30
0.0
 40
1.89
  1
BASIS
  7
OpenSans
 72
1
 11
329.16188213555074
 21
148.9999999999998
 31
0.0
100
AcDbText
 73
2
  0
LINE
  5
5D3
330
17
100
AcDbEntity
  8
S-TABLE
100
AcDbLine
 10
346.09892430541805
 20
145.19999999999982
 30
0.0
 11
346.09892430541805
 21
152.7999999999998
 31
0.0
  0
TEXT
  5
5D4
330
17
100
AcDbEntity
  8
S-TABLE
100
AcDbText
 10
355.0851316570976
 20
148.9999999999998
 30
0.0
 40
1.89
  1
M or V
  7
OpenSans
 72
1
 11
355.0851316570976
 21
148.9999999999998
 31
0.0
100
AcDbText
 73
2
  0
LINE
  5
5D5
330
17
100
AcDbEntity
  8
S-TABLE
100
AcDbLine
 10
364.0713390087771
 20
145.19999999999982
 30
0.0
 11
364.0713390087771
 21
152.7999999999998
 31
0.0
  0
TEXT
  5
5D6
330
17
100
AcDbEntity
  8
S-TABLE
100
AcDbText
 10
379.6884775292021
 20
148.9999999999998
 30
0.0
 40
1.89
  1
Ast,req / tau_c
  7
OpenSans
 72
1
 11
379.6884775292021
 21
148.9999999999998
 31
0.0
100
AcDbText
 73
2
  0
LINE
  5
5D7
330
17
100
AcDbEntity
  8
S-TABLE
100
AcDbLine
 10
395.3056160496271
 20
145.19999999999982
 30
0.0
 11
395.3056160496271
 21
152.7999999999998
 31
0.0
  0
TEXT
  5
5D8
330
17
100
AcDbEntity
  8
S-TABLE
100
AcDbText
 10
411.2525902461558
 20
148.9999999999998
 30
0.0
 40
1.89
  1
PROVIDED
  7
OpenSans
 72
1
 11
411.2525902461558
 21
148.9999999999998
 31
0.0
100
AcDbText
 73
2
  0
LINE
  5
5D9
330
17
100
AcDbEntity
  8
S-TABLE
100
AcDbLine
 10
427.19956444268456
 20
145.19999999999982
 30
0.0
 11
427.19956444268456
 21
152.7999999999998
 31
0.0
  0
TEXT
  5
5DA
330
17
100
AcDbEntity
  8
S-TABLE
100
AcDbText
 10
443.59978222134225
 20
148.9999999999998
 30
0.0
 40
1.89
  1
UTILISATION
  7
OpenSans
 72
1
 11
443.59978222134225
 21
148.9999999999998
 31
0.0
100
AcDbText
 73
2
  0
LWPOLYLINE
  5
5DB
330
17
100
AcDbEntity
  8
S-TABLE
100
AcDbPolyline
 90
4
 70
1
 10
277.0
 20
137.59999999999982
 10
460.0
 20
137.59999999999982
 10
460.0
 20
145.19999999999982
 10
277.0
 20
145.19999999999982
  0
TEXT
  5
5DC
330
17
100
AcDbEntity
  8
S-TABLE
100
AcDbText
 10
278.4
 20
141.3999999999998
 30
0.0
 40
1.7
  1
ROOF 500 - ONE-WAY STRIP
  7
OpenSans
 11
278.4
 21
141.3999999999998
 31
0.0
100
AcDbText
 73
2
  0
LINE
  5
5DD
330
17
100
AcDbEntity
  8
S-TABLE
100
AcDbLine
 10
312.2248399656834
 20
137.59999999999982
 30
0.0
 11
312.2248399656834
 21
145.19999999999982
 31
0.0
  0
TEXT
  5
5DE
330
17
100
AcDbEntity
  8
S-TABLE
100
AcDbText
 10
313.62483996568335
 20
141.3999999999998
 30
0.0
 40
1.7
  1
w Ln2 / 16
  7
OpenSans
 11
313.62483996568335
 21
141.3999999999998
 31
0.0
100
AcDbText
 73
2
  0
LINE
  5
5DF
330
17
100
AcDbEntity
  8
S-TABLE
100
AcDbLine
 10
346.09892430541805
 20
137.59999999999982
 30
0.0
 11
346.09892430541805
 21
145.19999999999982
 31
0.0
  0
TEXT
  5
5E0
330
17
100
AcDbEntity
  8
S-TABLE
100
AcDbText
 10
355.0851316570976
 20
141.3999999999998
 30
0.0
 40
1.7
  1
396.5 kNm/m
  7
OpenSans
 72
1
 11
355.0851316570976
 21
141.3999999999998
 31
0.0
100
AcDbText
 73
2
  0
LINE
  5
5E1
330
17
100
AcDbEntity
  8
S-TABLE
100
AcDbLine
 10
364.0713390087771
 20
137.59999999999982
 30
0.0
 11
364.0713390087771
 21
145.19999999999982
 31
0.0
  0
TEXT
  5
5E2
330
17
100
AcDbEntity
  8
S-TABLE
100
AcDbText
 10
365.4713390087771
 20
141.3999999999998
 30
0.0
 40
1.7
  1
1879 mm2/m
  7
OpenSans
 11
365.4713390087771
 21
141.3999999999998
 31
0.0
100
AcDbText
 73
2
  0
LINE
  5
5E3
330
17
100
AcDbEntity
  8
S-TABLE
100
AcDbLine
 10
395.3056160496271
 20
137.59999999999982
 30
0.0
 11
395.3056160496271
 21
145.19999999999982
 31
0.0
  0
TEXT
  5
5E4
330
17
100
AcDbEntity
  8
S-TABLE
100
AcDbText
 10
396.70561604962705
 20
141.3999999999998
 30
0.0
 40
1.7
  1
2094  (T20 @ 150 EF EW)
  7
OpenSans
 11
396.70561604962705
 21
141.3999999999998
 31
0.0
100
AcDbText
 73
2
  0
LINE
  5
5E5
330
17
100
AcDbEntity
  8
S-TABLE
100
AcDbLine
 10
427.19956444268456
 20
137.59999999999982
 30
0.0
 11
427.19956444268456
 21
145.19999999999982
 31
0.0
  0
TEXT
  5
5E6
330
17
100
AcDbEntity
  8
S-TABLE
100
AcDbText
 10
443.59978222134225
 20
141.3999999999998
 30
0.0
 40
1.7
  1
90 %  *** ADOPTED ***
  7
OpenSans
 72
1
 11
443.59978222134225
 21
141.3999999999998
 31
0.0
100
AcDbText
 73
2
  0
LWPOLYLINE
  5
5E7
330
17
100
AcDbEntity
  8
S-TABLE
100
AcDbPolyline
 90
4
 70
1
 10
277.0
 20
129.99999999999983
 10
460.0
 20
129.99999999999983
 10
460.0
 20
137.59999999999982
 10
277.0
 20
137.59999999999982
  0
TEXT
  5
5E8
330
17
100
AcDbEntity
  8
S-TABLE
100
AcDbText
 10
278.4
 20
133.7999999999998
 30
0.0
 40
1.7
  1
ROOF 500 - IS 456 TABLE 26
  7
OpenSans
 11
278.4
 21
133.7999999999998
 31
0.0
100
AcDbText
 73
2
  0
LINE
  5
5E9
330
17
100
AcDbEntity
  8
S-TABLE
100
AcDbLine
 10
312.2248399656834
 20
129.99999999999983
 30
0.0
 11
312.2248399656834
 21
137.59999999999982
 31
0.0
  0
TEXT
  5
5EA
330
17
100
AcDbEntity
  8
S-TABLE
100
AcDbText
 10
313.62483996568335
 20
133.7999999999998
 30
0.0
 40
1.7
  1
CASE 1, alpha x- 0.045
  7
OpenSans
 11
313.62483996568335
 21
133.7999999999998
 31
0.0
100
AcDbText
 73
2
  0
LINE
  5
5EB
330
17
100
AcDbEntity
  8
S-TABLE
100
AcDbLine
 10
346.09892430541805
 20
129.99999999999983
 30
0.0
 11
346.09892430541805
 21
137.59999999999982
 31
0.0
  0
TEXT
  5
5EC
330
17
100
AcDbEntity
  8
S-TABLE
100
AcDbText
 10
355.0851316570976
 20
133.7999999999998
 30
0.0
 40
1.7
  1
285.5 kNm/m
  7
OpenSans
 72
1
 11
355.0851316570976
 21
133.7999999999998
 31
0.0
100
AcDbText
 73
2
  0
LINE
  5
5ED
330
17
100
AcDbEntity
  8
S-TABLE
100
AcDbLine
 10
364.0713390087771
 20
129.99999999999983
 30
0.0
 11
364.0713390087771
 21
137.59999999999982
 31
0.0
  0
TEXT
  5
5EE
330
17
100
AcDbEntity
  8
S-TABLE
100
AcDbText
 10
365.4713390087771
 20
133.7999999999998
 30
0.0
 40
1.7
  1
-
  7
OpenSans
 11
365.4713390087771
 21
133.7999999999998
 31
0.0
100
AcDbText
 73
2
  0
LINE
  5
5EF
330
17
100
AcDbEntity
  8
S-TABLE
100
AcDbLine
 10
395.3056160496271
 20
129.99999999999983
 30
0.0
 11
395.3056160496271
 21
137.59999999999982
 31
0.0
  0
TEXT
  5
5F0
330
17
100
AcDbEntity
  8
S-TABLE
100
AcDbText
 10
396.70561604962705
 20
133.7999999999998
 30
0.0
 40
1.7
  1
as above
  7
OpenSans
 11
396.70561604962705
 21
133.7999999999998
 31
0.0
100
AcDbText
 73
2
  0
LINE
  5
5F1
330
17
100
AcDbEntity
  8
S-TABLE
100
AcDbLine
 10
427.19956444268456
 20
129.99999999999983
 30
0.0
 11
427.19956444268456
 21
137.59999999999982
 31
0.0
  0
TEXT
  5
5F2
330
17
100
AcDbEntity
  8
S-TABLE
100
AcDbText
 10
443.59978222134225
 20
133.7999999999998
 30
0.0
 40
1.7
  1
65 %
  7
OpenSans
 72
1
 11
443.59978222134225
 21
133.7999999999998
 31
0.0
100
AcDbText
 73
2
  0
LWPOLYLINE
  5
5F3
330
17
100
AcDbEntity
  8
S-TABLE
100
AcDbPolyline
 90
4
 70
1
 10
277.0
 20
122.39999999999984
 10
460.0
 20
122.39999999999984
 10
460.0
 20
129.99999999999983
 10
277.0
 20
129.99999999999983
  0
TEXT
  5
5F4
330
17
100
AcDbEntity
  8
S-TABLE
100
AcDbText
 10
278.4
 20
126.19999999999983
 30
0.0
 40
1.7
  1
ROOF 500 - YIELD LINE
  7
OpenSans
 11
278.4
 21
126.19999999999983
 31
0.0
100
AcDbText
 73
2
  0
LINE
  5
5F5
330
17
100
AcDbEntity
  8
S-TABLE
100
AcDbLine
 10
312.2248399656834
 20
122.39999999999984
 30
0.0
 11
312.2248399656834
 21
129.99999999999983
 31
0.0
  0
TEXT
  5
5F6
330
17
100
AcDbEntity
  8
S-TABLE
100
AcDbText
 10
313.62483996568335
 20
126.19999999999983
 30
0.0
 40
1.7
  1
FIXED 4 EDGES, ISOTROPIC
  7
OpenSans
 11
313.62483996568335
 21
126.19999999999983
 31
0.0
100
AcDbText
 73
2
  0
LINE
  5
5F7
330
17
100
AcDbEntity
  8
S-TABLE
100
AcDbLine
 10
346.09892430541805
 20
122.39999999999984
 30
0.0
 11
346.09892430541805
 21
129.99999999999983
 31
0.0
  0
TEXT
  5
5F8
330
17
100
AcDbEntity
  8
S-TABLE
100
AcDbText
 10
355.0851316570976
 20
126.19999999999983
 30
0.0
 40
1.7
  1
162.2 kNm/m
  7
OpenSans
 72
1
 11
355.0851316570976
 21
126.19999999999983
 31
0.0
100
AcDbText
 73
2
  0
LINE
  5
5F9
330
17
100
AcDbEntity
  8
S-TABLE
100
AcDbLine
 10
364.0713390087771
 20
122.39999999999984
 30
0.0
 11
364.0713390087771
 21
129.99999999999983
 31
0.0
  0
TEXT
  5
5FA
330
17
100
AcDbEntity
  8
S-TABLE
100
AcDbText
 10
365.4713390087771
 20
126.19999999999983
 30
0.0
 40
1.7
  1
-
  7
OpenSans
 11
365.4713390087771
 21
126.19999999999983
 31
0.0
100
AcDbText
 73
2
  0
LINE
  5
5FB
330
17
100
AcDbEntity
  8
S-TABLE
100
AcDbLine
 10
395.3056160496271
 20
122.39999999999984
 30
0.0
 11
395.3056160496271
 21
129.99999999999983
 31
0.0
  0
TEXT
  5
5FC
330
17
100
AcDbEntity
  8
S-TABLE
100
AcDbText
 10
396.70561604962705
 20
126.19999999999983
 30
0.0
 40
1.7
  1
as above
  7
OpenSans
 11
396.70561604962705
 21
126.19999999999983
 31
0.0
100
AcDbText
 73
2
  0
LINE
  5
5FD
330
17
100
AcDbEntity
  8
S-TABLE
100
AcDbLine
 10
427.19956444268456
 20
122.39999999999984
 30
0.0
 11
427.19956444268456
 21
129.99999999999983
 31
0.0
  0
TEXT
  5
5FE
330
17
100
AcDbEntity
  8
S-TABLE
100
AcDbText
 10
443.59978222134225
 20
126.19999999999983
 30
0.0
 40
1.7
  1
37 %
  7
OpenSans
 72
1
 11
443.59978222134225
 21
126.19999999999983
 31
0.0
100
AcDbText
 73
2
  0
LWPOLYLINE
  5
5FF
330
17
100
AcDbEntity
  8
S-TABLE
100
AcDbPolyline
 90
4
 70
1
 10
277.0
 20
114.79999999999984
 10
460.0
 20
114.79999999999984
 10
460.0
 20
122.39999999999984
 10
277.0
 20
122.39999999999984
  0
TEXT
  5
600
330
17
100
AcDbEntity
  8
S-TABLE
100
AcDbText
 10
278.4
 20
118.59999999999984
 30
0.0
 40
1.7
  1
WALLS 400
  7
OpenSans
 11
278.4
 21
118.59999999999984
 31
0.0
100
AcDbText
 73
2
  0
LINE
  5
601
330
17
100
AcDbEntity
  8
S-TABLE
100
AcDbLine
 10
312.2248399656834
 20
114.79999999999984
 30
0.0
 11
312.2248399656834
 21
122.39999999999984
 31
0.0
  0
TEXT
  5
602
330
17
100
AcDbEntity
  8
S-TABLE
100
AcDbText
 10
313.62483996568335
 20
118.59999999999984
 30
0.0
 40
1.7
  1
w Ln2 / 16 AT 383 kPa
  7
OpenSans
 11
313.62483996568335
 21
118.59999999999984
 31
0.0
100
AcDbText
 73
2
  0
LINE
  5
603
330
17
100
AcDbEntity
  8
S-TABLE
100
AcDbLine
 10
346.09892430541805
 20
114.79999999999984
 30
0.0
 11
346.09892430541805
 21
122.39999999999984
 31
0.0
  0
TEXT
  5
604
330
17
100
AcDbEntity
  8
S-TABLE
100
AcDbText
 10
355.0851316570976
 20
118.59999999999984
 30
0.0
 40
1.7
  1
137.9 kNm/m
  7
OpenSans
 72
1
 11
355.0851316570976
 21
118.59999999999984
 31
0.0
100
AcDbText
 73
2
  0
LINE
  5
605
330
17
100
AcDbEntity
  8
S-TABLE
100
AcDbLine
 10
364.0713390087771
 20
114.79999999999984
 30
0.0
 11
364.0713390087771
 21
122.39999999999984
 31
0.0
  0
TEXT
  5
606
330
17
100
AcDbEntity
  8
S-TABLE
100
AcDbText
 10
365.4713390087771
 20
118.59999999999984
 30
0.0
 40
1.7
  1
766 ; Cl. 32.5(b) min 800
  7
OpenSans
 11
365.4713390087771
 21
118.59999999999984
 31
0.0
100
AcDbText
 73
2
  0
LINE
  5
607
330
17
100
AcDbEntity
  8
S-TABLE
100
AcDbLine
 10
395.3056160496271
 20
114.79999999999984
 30
0.0
 11
395.3056160496271
 21
122.39999999999984
 31
0.0
  0
TEXT
  5
608
330
17
100
AcDbEntity
  8
S-TABLE
100
AcDbText
 10
396.70561604962705
 20
118.59999999999984
 30
0.0
 40
1.7
  1
1340  (T16 @ 150 EF EW)
  7
OpenSans
 11
396.70561604962705
 21
118.59999999999984
 31
0.0
100
AcDbText
 73
2
  0
LINE
  5
609
330
17
100
AcDbEntity
  8
S-TABLE
100
AcDbLine
 10
427.19956444268456
 20
114.79999999999984
 30
0.0
 11
427.19956444268456
 21
122.39999999999984
 31
0.0
  0
TEXT
  5
60A
330
17
100
AcDbEntity
  8
S-TABLE
100
AcDbText
 10
443.59978222134225
 20
118.59999999999984
 30
0.0
 40
1.7
  1
59 %
  7
OpenSans
 72
1
 11
443.59978222134225
 21
118.59999999999984
 31
0.0
100
AcDbText
 73
2
  0
LWPOLYLINE
  5
60B
330
17
100
AcDbEntity
  8
S-TABLE
100
AcDbPolyline
 90
4
 70
1
 10
277.0
 20
107.19999999999985
 10
460.0
 20
107.19999999999985
 10
460.0
 20
114.79999999999984
 10
277.0
 20
114.79999999999984
  0
TEXT
  5
60C
330
17
100
AcDbEntity
  8
S-TABLE
100
AcDbText
 10
278.6
 20
110.99999999999984
 30
0.0
 40
1.89
  1
SHEAR - tau_c IS READ AT THE STATIC M35 VALUE.  IS 4991 Cl. 10.3.1.1 FORBIDS A DYNAMIC INCREASE ON SHEAR
  7
OpenSans
 11
278.6
 21
110.99999999999984
 31
0.0
100
AcDbText
 73
2
  0
LWPOLYLINE
  5
60D
330
17
100
AcDbEntity
  8
S-TABLE
100
AcDbPolyline
 90
4
 70
1
 10
277.0
 20
99.59999999999985
 10
460.0
 20
99.59999999999985
 10
460.0
 20
107.19999999999985
 10
277.0
 20
107.19999999999985
  0
TEXT
  5
60E
330
17
100
AcDbEntity
  8
S-TABLE
100
AcDbText
 10
278.4
 20
103.39999999999985
 30
0.0
 40
1.7
  1
ROOF SHEAR AT d
  7
OpenSans
 11
278.4
 21
103.39999999999985
 31
0.0
100
AcDbText
 73
2
  0
LINE
  5
60F
330
17
100
AcDbEntity
  8
S-TABLE
100
AcDbLine
 10
312.2248399656834
 20
99.59999999999985
 30
0.0
 11
312.2248399656834
 21
107.19999999999985
 31
0.0
  0
TEXT
  5
610
330
17
100
AcDbEntity
  8
S-TABLE
100
AcDbText
 10
313.62483996568335
 20
103.39999999999985
 30
0.0
 40
1.7
  1
V 628.4 kN/m
  7
OpenSans
 11
313.62483996568335
 21
103.39999999999985
 31
0.0
100
AcDbText
 73
2
  0
LINE
  5
611
330
17
100
AcDbEntity
  8
S-TABLE
100
AcDbLine
 10
346.09892430541805
 20
99.59999999999985
 30
0.0
 11
346.09892430541805
 21
107.19999999999985
 31
0.0
  0
TEXT
  5
612
330
17
100
AcDbEntity
  8
S-TABLE
100
AcDbText
 10
355.0851316570976
 20
103.39999999999985
 30
0.0
 40
1.7
  1
tau_v 1.514
  7
OpenSans
 72
1
 11
355.0851316570976
 21
103.39999999999985
 31
0.0
100
AcDbText
 73
2
  0
LINE
  5
613
330
17
100
AcDbEntity
  8
S-TABLE
100
AcDbLine
 10
364.0713390087771
 20
99.59999999999985
 30
0.0
 11
364.0713390087771
 21
107.19999999999985
 31
0.0
  0
TEXT
  5
614
330
17
100
AcDbEntity
  8
S-TABLE
100
AcDbText
 10
365.4713390087771
 20
103.39999999999985
 30
0.0
 40
1.7
  1
tau_c 0.502
  7
OpenSans
 11
365.4713390087771
 21
103.39999999999985
 31
0.0
100
AcDbText
 73
2
  0
LINE
  5
615
330
17
100
AcDbEntity
  8
S-TABLE
100
AcDbLine
 10
395.3056160496271
 20
99.59999999999985
 30
0.0
 11
395.3056160496271
 21
107.19999999999985
 31
0.0
  0
TEXT
  5
616
330
17
100
AcDbEntity
  8
S-TABLE
100
AcDbText
 10
396.70561604962705
 20
103.39999999999985
 30
0.0
 40
1.7
  1
T12 4L @ 175 / 250
  7
OpenSans
 11
396.70561604962705
 21
103.39999999999985
 31
0.0
100
AcDbText
 73
2
  0
LINE
  5
617
330
17
100
AcDbEntity
  8
S-TABLE
100
AcDbLine
 10
427.19956444268456
 20
99.59999999999985
 30
0.0
 11
427.19956444268456
 21
107.19999999999985
 31
0.0
  0
TEXT
  5
618
330
17
100
AcDbEntity
  8
S-TABLE
100
AcDbText
 10
443.59978222134225
 20
103.39999999999985
 30
0.0
 40
1.7
  1
LINKS MANDATORY
  7
OpenSans
 72
1
 11
443.59978222134225
 21
103.39999999999985
 31
0.0
100
AcDbText
 73
2
  0
LWPOLYLINE
  5
619
330
17
100
AcDbEntity
  8
S-TABLE
100
AcDbPolyline
 90
4
 70
1
 10
277.0
 20
91.99999999999986
 10
460.0
 20
91.99999999999986
 10
460.0
 20
99.59999999999985
 10
277.0
 20
99.59999999999985
  0
TEXT
  5
61A
330
17
100
AcDbEntity
  8
S-TABLE
100
AcDbText
 10
278.4
 20
95.79999999999986
 30
0.0
 40
1.7
  1
WALL SHEAR AT d
  7
OpenSans
 11
278.4
 21
95.79999999999986
 31
0.0
100
AcDbText
 73
2
  0
LINE
  5
61B
330
17
100
AcDbEntity
  8
S-TABLE
100
AcDbLine
 10
312.2248399656834
 20
91.99999999999986
 30
0.0
 11
312.2248399656834
 21
99.59999999999985
 31
0.0
  0
TEXT
  5
61C
330
17
100
AcDbEntity
  8
S-TABLE
100
AcDbText
 10
313.62483996568335
 20
95.79999999999986
 30
0.0
 40
1.7
  1
V 328.6 kN/m
  7
OpenSans
 11
313.62483996568335
 21
95.79999999999986
 31
0.0
100
AcDbText
 73
2
  0
LINE
  5
61D
330
17
100
AcDbEntity
  8
S-TABLE
100
AcDbLine
 10
346.09892430541805
 20
91.99999999999986
 30
0.0
 11
346.09892430541805
 21
99.59999999999985
 31
0.0
  0
TEXT
  5
61E
330
17
100
AcDbEntity
  8
S-TABLE
100
AcDbText
 10
355.0851316570976
 20
95.79999999999986
 30
0.0
 40
1.7
  1
tau_v 0.961
  7
OpenSans
 72
1
 11
355.0851316570976
 21
95.79999999999986
 31
0.0
100
AcDbText
 73
2
  0
LINE
  5
61F
330
17
100
AcDbEntity
  8
S-TABLE
100
AcDbLine
 10
364.0713390087771
 20
91.99999999999986
 30
0.0
 11
364.0713390087771
 21
99.59999999999985
 31
0.0
  0
TEXT
  5
620
330
17
100
AcDbEntity
  8
S-TABLE
100
AcDbText
 10
365.4713390087771
 20
95.79999999999986
 30
0.0
 40
1.7
  1
tau_c 0.444
  7
OpenSans
 11
365.4713390087771
 21
95.79999999999986
 31
0.0
100
AcDbText
 73
2
  0
LINE
  5
621
330
17
100
AcDbEntity
  8
S-TABLE
100
AcDbLine
 10
395.3056160496271
 20
91.99999999999986
 30
0.0
 11
395.3056160496271
 21
99.59999999999985
 31
0.0
  0
TEXT
  5
622
330
17
100
AcDbEntity
  8
S-TABLE
100
AcDbText
 10
396.70561604962705
 20
95.79999999999986
 30
0.0
 40
1.7
  1
T12 4L @ 250
  7
OpenSans
 11
396.70561604962705
 21
95.79999999999986
 31
0.0
100
AcDbText
 73
2
  0
LINE
  5
623
330
17
100
AcDbEntity
  8
S-TABLE
100
AcDbLine
 10
427.19956444268456
 20
91.99999999999986
 30
0.0
 11
427.19956444268456
 21
99.59999999999985
 31
0.0
  0
TEXT
  5
624
330
17
100
AcDbEntity
  8
S-TABLE
100
AcDbText
 10
443.59978222134225
 20
95.79999999999986
 30
0.0
 40
1.7
  1
Cl. 26.5.1.5 256 GOVERNS
  7
OpenSans
 72
1
 11
443.59978222134225
 21
95.79999999999986
 31
0.0
100
AcDbText
 73
2
  0
LWPOLYLINE
  5
625
330
17
100
AcDbEntity
  8
S-TABLE
100
AcDbPolyline
 90
4
 70
1
 10
277.0
 20
35.74999999999985
 10
460.0
 20
35.74999999999985
 10
460.0
 20
86.99999999999986
 10
277.0
 20
86.99999999999986
  0
LINE
  5
626
330
17
100
AcDbEntity
  8
S-TABLE
100
AcDbLine
 10
277.0
 20
80.59999999999987
 30
0.0
 11
460.0
 21
80.59999999999987
 31
0.0
  0
TEXT
  5
627
330
17
100
AcDbEntity
  8
S-TITLE
100
AcDbText
 10
279.0
 20
82.79999999999986
 30
0.0
 40
2.8
  1
CONSTRUCTION REQUIREMENTS THAT ARE DESIGN OUTPUTS, NOT OPTIONS
  7
OpenSans
 11
279.0
 21
82.79999999999986
 31
0.0
100
AcDbText
  0
TEXT
  5
628
330
17
100
AcDbEntity
  8
S-NOTE
100
AcDbText
 10
279.0
 20
77.59999999999987
 30
0.0
 40
1.88
  1
1  THE WALLS ARE REINFORCED SYMMETRICALLY FOR 383 kPa ACTING EITHER FACE.  The inner security
  7
OpenSans
 11
279.0
 21
77.59999999999987
 31
0.0
100
AcDbText
  0
TEXT
  5
629
330
17
100
AcDbEntity
  8
S-NOTE
100
AcDbText
 10
279.0
 20
75.14999999999986
 30
0.0
 40
1.88
  1
   door is NOT blast rated and the entry stairwell is expected to be lost, so the headhouse
  7
OpenSans
 11
279.0
 21
75.14999999999986
 31
0.0
100
AcDbText
  0
TEXT
  5
62A
330
17
100
AcDbEntity
  8
S-NOTE
100
AcDbText
 10
279.0
 20
72.69999999999986
 30
0.0
 40
1.88
  1
   FILLS and the walls are pushed OUTWARDS.  A stated requirement, not an accident of detailing.
  7
OpenSans
 11
279.0
 21
72.69999999999986
 31
0.0
100
AcDbText
  0
TEXT
  5
62B
330
17
100
AcDbEntity
  8
S-NOTE
100
AcDbText
 10
279.0
 20
70.24999999999986
 30
0.0
 40
1.88
  1
2  HW3 HAS NO WALL UNDER IT.  It is carried as a LINE LOAD on the pressure slab, not as a
  7
OpenSans
 11
279.0
 21
70.24999999999986
 31
0.0
100
AcDbText
  0
TEXT
  5
62C
330
17
100
AcDbEntity
  8
S-NOTE
100
AcDbText
 10
279.0
 20
67.79999999999986
 30
0.0
 40
1.88
  1
   support - 26 % (two-way) / 41 % (one-way bound).  Robustness band: 4 No. T25 ADDITIONAL top
  7
OpenSans
 11
279.0
 21
67.79999999999986
 31
0.0
100
AcDbText
  0
TEXT
  5
62D
330
17
100
AcDbEntity
  8
S-NOTE
100
AcDbText
 10
279.0
 20
65.34999999999985
 30
0.0
 40
1.88
  1
   and bottom over a 1200 width beneath HW3, lapped 1250 (50 phi) - mark S16, SHEET 06.
  7
OpenSans
 11
279.0
 21
65.34999999999985
 31
0.0
100
AcDbText
  0
TEXT
  5
62E
330
17
100
AcDbEntity
  8
S-NOTE
100
AcDbText
 10
279.0
 20
62.89999999999985
 30
0.0
 40
1.88
  1
3  ROOF SHEAR LINKS ARE MANDATORY AND WERE NOT IN THE PHASE 1 REPORT.  tau_v 1.514 > tau_c
  7
OpenSans
 11
279.0
 21
62.89999999999985
 31
0.0
100
AcDbText
  0
TEXT
  5
62F
330
17
100
AcDbEntity
  8
S-NOTE
100
AcDbText
 10
279.0
 20
60.44999999999985
 30
0.0
 40
1.88
  1
   0.502, tau_c read at the STATIC M35 value because IS 4991 Cl. 10.3.1.1 forbids any dynamic
  7
OpenSans
 11
279.0
 21
60.44999999999985
 31
0.0
100
AcDbText
  0
TEXT
  5
630
330
17
100
AcDbEntity
  8
S-NOTE
100
AcDbText
 10
279.0
 20
57.999999999999844
 30
0.0
 40
1.88
  1
   increase on shear.  T12 4-legged at 175 over the end 1200 each side, at 250 elsewhere.
  7
OpenSans
 11
279.0
 21
57.999999999999844
 31
0.0
100
AcDbText
  0
TEXT
  5
631
330
17
100
AcDbEntity
  8
S-NOTE
100
AcDbText
 10
279.0
 20
55.54999999999984
 30
0.0
 40
1.88
  1
4  ONLY 300 mm OF WALL SITS ABOVE THE DOOR - too shallow for a lintel.  Door head (-)2.000 +
  7
OpenSans
 11
279.0
 21
55.54999999999984
 31
0.0
100
AcDbText
  0
TEXT
  5
632
330
17
100
AcDbEntity
  8
S-NOTE
100
AcDbText
 10
279.0
 20
53.09999999999984
 30
0.0
 40
1.88
  1
   2.100 = (+)0.100; roof soffit (+)0.400.  The 300 wall and the 500 roof act TOGETHER as an
  7
OpenSans
 11
279.0
 21
53.09999999999984
 31
0.0
100
AcDbText
  0
TEXT
  5
633
330
17
100
AcDbEntity
  8
S-NOTE
100
AcDbText
 10
279.0
 20
50.649999999999835
 30
0.0
 40
1.88
  1
   800 deep edge band, 4-T20 top + 4-T20 bottom, over the opening and 600 each side.
  7
OpenSans
 11
279.0
 21
50.649999999999835
 31
0.0
100
AcDbText
  0
TEXT
  5
634
330
17
100
AcDbEntity
  8
S-NOTE
100
AcDbText
 10
279.0
 20
48.19999999999983
 30
0.0
 40
1.88
  1
5  THE DOOR FRAME IS CAST IN AND WELDED TO THE CAGE (EMP), even though the leaf is a security
  7
OpenSans
 11
279.0
 21
48.19999999999983
 31
0.0
100
AcDbText
  0
TEXT
  5
635
330
17
100
AcDbEntity
  8
S-NOTE
100
AcDbText
 10
279.0
 20
45.74999999999983
 30
0.0
 40
1.88
  1
   door and is not blast rated.
  7
OpenSans
 11
279.0
 21
45.74999999999983
 31
0.0
100
AcDbText
  0
TEXT
  5
636
330
17
100
AcDbEntity
  8
S-NOTE
100
AcDbText
 10
279.0
 20
43.29999999999983
 30
0.0
 40
1.88
  1
6  HAUNCH 300 x 300 AT ALL FOUR WALL / ROOF JUNCTIONS, diagonal T16 @ 150.  Top steel is
  7
OpenSans
 11
279.0
 21
43.29999999999983
 31
0.0
100
AcDbText
  0
TEXT
  5
637
330
17
100
AcDbEntity
  8
S-NOTE
100
AcDbText
 10
279.0
 20
40.849999999999824
 30
0.0
 40
1.88
  1
   continuous over every support, anchored Ld 800 into the wall.  No opening occurs in the
  7
OpenSans
 11
279.0
 21
40.849999999999824
 31
0.0
100
AcDbText
  0
TEXT
  5
638
330
17
100
AcDbEntity
  8
S-NOTE
100
AcDbText
 10
279.0
 20
38.39999999999982
 30
0.0
 40
1.88
  1
   headhouse roof - the stair void is in the FLOOR, not the roof.
  7
OpenSans
 11
279.0
 21
38.39999999999982
 31
0.0
100
AcDbText
  0
ENDSEC
  0
SECTION
  2
OBJECTS
  0
DICTIONARY
  5
A
330
0
100
AcDbDictionary
281
1
  3
ACAD_COLOR
350
B
  3
ACAD_GROUP
350
C
  3
ACAD_LAYOUT
350
D
  3
ACAD_MATERIAL
350
E
  3
ACAD_MLEADERSTYLE
350
F
  3
ACAD_MLINESTYLE
350
10
  3
ACAD_PLOTSETTINGS
350
11
  3
ACAD_PLOTSTYLENAME
350
12
  3
ACAD_SCALELIST
350
14
  3
ACAD_TABLESTYLE
350
15
  3
ACAD_VISUALSTYLE
350
16
  3
EZDXF_META
350
2D
  0
DICTIONARY
  5
B
330
A
100
AcDbDictionary
281
1
  0
DICTIONARY
  5
C
330
A
100
AcDbDictionary
281
1
  0
DICTIONARY
  5
D
330
A
100
AcDbDictionary
281
1
  3
Model
350
1A
  3
Layout1
350
1E
  0
DICTIONARY
  5
E
330
A
100
AcDbDictionary
281
1
  3
ByBlock
350
1F
  3
ByLayer
350
20
  3
Global
350
21
  0
DICTIONARY
  5
F
330
A
100
AcDbDictionary
281
1
  3
Standard
350
2C
  0
DICTIONARY
  5
10
330
A
100
AcDbDictionary
281
1
  3
Standard
350
22
  0
DICTIONARY
  5
11
330
A
100
AcDbDictionary
281
1
  0
ACDBDICTIONARYWDFLT
  5
12
330
A
100
AcDbDictionary
281
1
  3
Normal
350
13
100
AcDbDictionaryWithDefault
340
13
  0
ACDBPLACEHOLDER
  5
13
330
12
  0
DICTIONARY
  5
14
330
A
100
AcDbDictionary
281
1
  0
DICTIONARY
  5
15
330
A
100
AcDbDictionary
281
1
  0
DICTIONARY
  5
16
330
A
100
AcDbDictionary
281
1
  3
2dWireframe
350
5A
  3
Basic
350
5B
  3
Brighten
350
5C
  3
ColorChange
350
5D
  3
Conceptual
350
5E
  3
Dim
350
5F
  3
EdgeColorOff
350
60
  3
Facepattern
350
61
  3
Flat
350
62
  3
FlatWithEdges
350
63
  3
Gouraud
350
64
  3
GouraudWithEdges
350
65
  3
Hidden
350
66
  3
JitterOff
350
67
  3
Linepattern
350
68
  3
Modeling
350
69
  3
OverhangOff
350
6A
  3
Realistic
350
6B
  3
Shaded
350
6C
  3
Shaded with edges
350
6D
  3
Shades of Gray
350
6E
  3
Sketchy
350
6F
  3
Thicken
350
70
  3
Wireframe
350
71
  3
X-Ray
350
72
  0
LAYOUT
  5
1A
330
D
100
AcDbPlotSettings
  1

  4
A3
  6

 40
7.5
 41
20.0
 42
7.5
 43
20.0
 44
420.0
 45
297.0
 46
0.0
 47
0.0
 48
0.0
 49
0.0
140
0.0
141
0.0
142
1.0
143
1.0
 70
1024
 72
1
 73
0
 74
5
  7

 75
16
 76
0
 77
2
 78
300
147
1.0
148
0.0
149
0.0
100
AcDbLayout
  1
Model
 70
1
 71
0
 10
0.0
 20
0.0
 11
420.0
 21
297.0
 12
0.0
 22
0.0
 32
0.0
 14
1e+20
 24
1e+20
 34
1e+20
 15
-1e+20
 25
-1e+20
 35
-1e+20
146
0.0
 13
0.0
 23
0.0
 33
0.0
 16
1.0
 26
0.0
 36
0.0
 17
0.0
 27
1.0
 37
0.0
 76
1
330
17
  0
LAYOUT
  5
1E
330
D
100
AcDbPlotSettings
  1

  4
A3
  6

 40
7.5
 41
20.0
 42
7.5
 43
20.0
 44
420.0
 45
297.0
 46
0.0
 47
0.0
 48
0.0
 49
0.0
140
0.0
141
0.0
142
1.0
143
1.0
 70
0
 72
1
 73
0
 74
5
  7

 75
16
 76
0
 77
2
 78
300
147
1.0
148
0.0
149
0.0
100
AcDbLayout
  1
Layout1
 70
1
 71
1
 10
0.0
 20
0.0
 11
420.0
 21
297.0
 12
0.0
 22
0.0
 32
0.0
 14
1e+20
 24
1e+20
 34
1e+20
 15
-1e+20
 25
-1e+20
 35
-1e+20
146
0.0
 13
0.0
 23
0.0
 33
0.0
 16
1.0
 26
0.0
 36
0.0
 17
0.0
 27
1.0
 37
0.0
 76
1
330
1B
  0
MATERIAL
  5
1F
102
{ACAD_REACTORS
330
E
102
}
330
E
100
AcDbMaterial
  1
ByBlock
  2

 70
0
 40
1.0
 71
1
 41
1.0
 91
-1023410177
 42
1.0
 72
1
  3

 73
1
 74
1
 75
1
 44
0.5
 73
0
 45
1.0
 46
1.0
 77
1
  4

 78
1
 79
1
170
1
 48
1.0
171
1
  6

172
1
173
1
174
1
140
1.0
141
1.0
175
1
  7

176
1
177
1
178
1
143
1.0
179
1
  8

270
1
271
1
272
1
145
1.0
146
1.0
273
1
  9

274
1
275
1
276
1
 42
1.0
 72
1
  3

 73
1
 74
1
 75
1
 94
63
  0
MATERIAL
  5
20
102
{ACAD_REACTORS
330
E
102
}
330
E
100
AcDbMaterial
  1
ByLayer
  2

 70
0
 40
1.0
 71
1
 41
1.0
 91
-1023410177
 42
1.0
 72
1
  3

 73
1
 74
1
 75
1
 44
0.5
 73
0
 45
1.0
 46
1.0
 77
1
  4

 78
1
 79
1
170
1
 48
1.0
171
1
  6

172
1
173
1
174
1
140
1.0
141
1.0
175
1
  7

176
1
177
1
178
1
143
1.0
179
1
  8

270
1
271
1
272
1
145
1.0
146
1.0
273
1
  9

274
1
275
1
276
1
 42
1.0
 72
1
  3

 73
1
 74
1
 75
1
 94
63
  0
MATERIAL
  5
21
102
{ACAD_REACTORS
330
E
102
}
330
E
100
AcDbMaterial
  1
Global
  2

 70
0
 40
1.0
 71
1
 41
1.0
 91
-1023410177
 42
1.0
 72
1
  3

 73
1
 74
1
 75
1
 44
0.5
 73
0
 45
1.0
 46
1.0
 77
1
  4

 78
1
 79
1
170
1
 48
1.0
171
1
  6

172
1
173
1
174
1
140
1.0
141
1.0
175
1
  7

176
1
177
1
178
1
143
1.0
179
1
  8

270
1
271
1
272
1
145
1.0
146
1.0
273
1
  9

274
1
275
1
276
1
 42
1.0
 72
1
  3

 73
1
 74
1
 75
1
 94
63
  0
MLINESTYLE
  5
22
102
{ACAD_REACTORS
330
10
102
}
330
10
100
AcDbMlineStyle
  2
Standard
 70
0
  3

 62
256
 51
90.0
 52
90.0
 71
2
 49
0.5
 62
256
  6
BYLAYER
 49
-0.5
 62
256
  6
BYLAYER
  0
MLEADERSTYLE
  5
2C
102
{ACAD_REACTORS
330
F
102
}
330
F
100
AcDbMLeaderStyle
179
2
170
2
171
1
172
0
 90
2
 40
0.0
 41
0.0
173
1
 91
-1056964608
 92
-2
290
1
 42
2.0
291
1
 43
8.0
  3
Standard
 44
4.0
300

342
29
174
1
175
1
176
0
178
1
 93
-1056964608
 45
4.0
292
0
297
0
 46
4.0
 94
-1056964608
 47
1.0
 49
1.0
140
1.0
294
1
141
0.0
177
0
142
1.0
295
0
296
0
143
3.75
271
0
272
9
273
9
  0
DICTIONARY
  5
2D
330
A
100
AcDbDictionary
280
1
281
1
  3
CREATED_BY_EZDXF
350
2E
  3
WRITTEN_BY_EZDXF
350
63B
  0
DICTIONARYVAR
  5
2E
330
2D
100
DictionaryVariables
280
0
  1
1.4.4 @ 2026-09-18T08:35:20.025638+00:00
  0
VISUALSTYLE
  5
5A
102
{ACAD_REACTORS
330
16
102
}
330
16
100
AcDbVisualStyle
  2
2dWireframe
 70
4
 90
0
 40
0.6
 62
7
290
0
291
0
  0
VISUALSTYLE
  5
5B
102
{ACAD_REACTORS
330
16
102
}
330
16
100
AcDbVisualStyle
  2
Basic
 70
7
 90
1
 40
0.6
 62
7
290
0
291
1
  0
VISUALSTYLE
  5
5C
102
{ACAD_REACTORS
330
16
102
}
330
16
100
AcDbVisualStyle
  2
Brighten
 70
12
 90
2
 40
0.6
 62
7
290
0
291
1
  0
VISUALSTYLE
  5
5D
102
{ACAD_REACTORS
330
16
102
}
330
16
100
AcDbVisualStyle
  2
ColorChange
 70
16
 90
2
 40
0.6
 62
8
290
0
291
1
  0
VISUALSTYLE
  5
5E
102
{ACAD_REACTORS
330
16
102
}
330
16
100
AcDbVisualStyle
  2
Conceptual
 70
9
 90
3
 40
0.6
 62
7
290
0
291
0
  0
VISUALSTYLE
  5
5F
102
{ACAD_REACTORS
330
16
102
}
330
16
100
AcDbVisualStyle
  2
Dim
 70
11
 90
2
 40
0.6
 62
7
290
0
291
1
  0
VISUALSTYLE
  5
60
102
{ACAD_REACTORS
330
16
102
}
330
16
100
AcDbVisualStyle
  2
EdgeColorOff
 70
22
 90
2
 40
0.6
 62
7
290
0
291
1
  0
VISUALSTYLE
  5
61
102
{ACAD_REACTORS
330
16
102
}
330
16
100
AcDbVisualStyle
  2
Facepattern
 70
15
 90
2
 40
0.6
 62
7
290
0
291
1
  0
VISUALSTYLE
  5
62
102
{ACAD_REACTORS
330
16
102
}
330
16
100
AcDbVisualStyle
  2
Flat
 70
0
 90
2
 40
0.6
 62
7
290
0
291
1
  0
VISUALSTYLE
  5
63
102
{ACAD_REACTORS
330
16
102
}
330
16
100
AcDbVisualStyle
  2
FlatWithEdges
 70
1
 90
2
 40
0.6
 62
7
290
0
291
1
  0
VISUALSTYLE
  5
64
102
{ACAD_REACTORS
330
16
102
}
330
16
100
AcDbVisualStyle
  2
Gouraud
 70
2
 90
2
 40
0.6
 62
7
290
0
291
1
  0
VISUALSTYLE
  5
65
102
{ACAD_REACTORS
330
16
102
}
330
16
100
AcDbVisualStyle
  2
GouraudWithEdges
 70
3
 90
2
 40
0.6
 62
7
290
0
291
1
  0
VISUALSTYLE
  5
66
102
{ACAD_REACTORS
330
16
102
}
330
16
100
AcDbVisualStyle
  2
Hidden
 70
6
 90
1
 40
0.6
 62
7
290
0
291
0
  0
VISUALSTYLE
  5
67
102
{ACAD_REACTORS
330
16
102
}
330
16
100
AcDbVisualStyle
  2
JitterOff
 70
20
 90
2
 40
0.6
 62
7
290
0
291
1
  0
VISUALSTYLE
  5
68
102
{ACAD_REACTORS
330
16
102
}
330
16
100
AcDbVisualStyle
  2
Linepattern
 70
14
 90
2
 40
0.6
 62
7
290
0
291
1
  0
VISUALSTYLE
  5
69
102
{ACAD_REACTORS
330
16
102
}
330
16
100
AcDbVisualStyle
  2
Modeling
 70
10
 90
2
 40
0.6
 62
7
290
0
291
0
  0
VISUALSTYLE
  5
6A
102
{ACAD_REACTORS
330
16
102
}
330
16
100
AcDbVisualStyle
  2
OverhangOff
 70
21
 90
2
 40
0.6
 62
7
290
0
291
1
  0
VISUALSTYLE
  5
6B
102
{ACAD_REACTORS
330
16
102
}
330
16
100
AcDbVisualStyle
  2
Realistic
 70
8
 90
2
 40
0.6
 62
7
290
0
291
0
  0
VISUALSTYLE
  5
6C
102
{ACAD_REACTORS
330
16
102
}
330
16
100
AcDbVisualStyle
  2
Shaded
 70
27
 90
2
 40
0.6
 62
7
290
0
291
0
  0
VISUALSTYLE
  5
6D
102
{ACAD_REACTORS
330
16
102
}
330
16
100
AcDbVisualStyle
  2
Shaded with edges
 70
26
 90
2
 40
0.6
 62
7
290
0
291
0
  0
VISUALSTYLE
  5
6E
102
{ACAD_REACTORS
330
16
102
}
330
16
100
AcDbVisualStyle
  2
Shades of Gray
 70
23
 90
2
 40
0.6
 62
7
290
0
291
0
  0
VISUALSTYLE
  5
6F
102
{ACAD_REACTORS
330
16
102
}
330
16
100
AcDbVisualStyle
  2
Sketchy
 70
24
 90
1
 40
0.6
 62
7
290
0
291
0
  0
VISUALSTYLE
  5
70
102
{ACAD_REACTORS
330
16
102
}
330
16
100
AcDbVisualStyle
  2
Thicken
 70
13
 90
2
 40
0.6
 62
7
290
0
291
1
  0
VISUALSTYLE
  5
71
102
{ACAD_REACTORS
330
16
102
}
330
16
100
AcDbVisualStyle
  2
Wireframe
 70
5
 90
0
 40
0.6
 62
7
290
0
291
0
  0
VISUALSTYLE
  5
72
102
{ACAD_REACTORS
330
16
102
}
330
16
100
AcDbVisualStyle
  2
X-Ray
 70
25
 90
2
 40
0.5
 62
7
290
0
291
0
  0
DICTIONARYVAR
  5
63B
330
2D
100
DictionaryVariables
280
0
  1
1.4.4 @ 2026-09-18T08:35:20.106261+00:00
  0
ENDSEC
  0
EOF
