  0
SECTION
  2
HEADER
  9
$ACADVER
  1
AC1024
  9
$ACADMAINTVER
 70
6
  9
$DWGCODEPAGE
  3
ANSI_1252
  9
$LASTSAVEDBY
  1
ezdxf
  9
$INSBASE
 10
0.0
 20
0.0
 30
0.0
  9
$EXTMIN
 10
1e+20
 20
1e+20
 30
1e+20
  9
$EXTMAX
 10
-1e+20
 20
-1e+20
 30
-1e+20
  9
$LIMMIN
 10
0.0
 20
0.0
  9
$LIMMAX
 10
420.0
 20
297.0
  9
$ORTHOMODE
 70
0
  9
$REGENMODE
 70
1
  9
$FILLMODE
 70
1
  9
$QTEXTMODE
 70
0
  9
$MIRRTEXT
 70
1
  9
$LTSCALE
 40
1.0
  9
$ATTMODE
 70
1
  9
$TEXTSIZE
 40
2.5
  9
$TRACEWID
 40
1.0
  9
$TEXTSTYLE
  7
OpenSans
  9
$CLAYER
  8
0
  9
$CELTYPE
  6
ByLayer
  9
$CECOLOR
 62
256
  9
$CELTSCALE
 40
1.0
  9
$DISPSILH
 70
0
  9
$DIMSCALE
 40
1.0
  9
$DIMASZ
 40
0.175
  9
$DIMEXO
 40
0.125
  9
$DIMDLI
 40
3.75
  9
$DIMRND
 40
0.0
  9
$DIMDLE
 40
0.0
  9
$DIMEXE
 40
0.375
  9
$DIMTP
 40
0.0
  9
$DIMTM
 40
0.0
  9
$DIMTXT
 40
0.25
  9
$DIMCEN
 40
2.5
  9
$DIMTSZ
 40
0.0
  9
$DIMTOL
 70
0
  9
$DIMLIM
 70
0
  9
$DIMTIH
 70
0
  9
$DIMTOH
 70
0
  9
$DIMSE1
 70
0
  9
$DIMSE2
 70
0
  9
$DIMTAD
 70
1
  9
$DIMZIN
 70
12
  9
$DIMBLK
  1
ARCHTICK
  9
$DIMASO
 70
1
  9
$DIMSHO
 70
1
  9
$DIMPOST
  1

  9
$DIMAPOST
  1

  9
$DIMALT
 70
0
  9
$DIMALTD
 70
3
  9
$DIMALTF
 40
0.03937007874
  9
$DIMLFAC
 40
100.0
  9
$DIMTOFL
 70
1
  9
$DIMTVP
 40
0.0
  9
$DIMTIX
 70
0
  9
$DIMSOXD
 70
0
  9
$DIMSAH
 70
0
  9
$DIMBLK1
  1

  9
$DIMBLK2
  1

  9
$DIMSTYLE
  2
EZDXF
  9
$DIMCLRD
 70
0
  9
$DIMCLRE
 70
0
  9
$DIMCLRT
 70
0
  9
$DIMTFAC
 40
0.5
  9
$DIMGAP
 40
0.1
  9
$DIMJUST
 70
0
  9
$DIMSD1
 70
0
  9
$DIMSD2
 70
0
  9
$DIMTOLJ
 70
0
  9
$DIMTZIN
 70
8
  9
$DIMALTZ
 70
0
  9
$DIMALTTZ
 70
0
  9
$DIMUPT
 70
1
  9
$DIMDEC
 70
2
  9
$DIMTDEC
 70
2
  9
$DIMALTU
 70
2
  9
$DIMALTTD
 70
3
  9
$DIMTXSTY
  7
OpenSansCondensed-Light
  9
$DIMAUNIT
 70
0
  9
$DIMADEC
 70
2
  9
$DIMALTRND
 40
0.0
  9
$DIMAZIN
 70
3
  9
$DIMDSEP
 70
46
  9
$DIMATFIT
 70
3
  9
$DIMFRAC
 70
0
  9
$DIMLDRBLK
  1

  9
$DIMLUNIT
 70
2
  9
$DIMLWD
 70
-2
  9
$DIMLWE
 70
-2
  9
$DIMTMOVE
 70
2
  9
$DIMFXL
 40
1.0
  9
$DIMFXLON
 70
0
  9
$DIMJOGANG
 40
0.785398163397
  9
$DIMTFILL
 70
0
  9
$DIMTFILLCLR
 70
0
  9
$DIMARCSYM
 70
0
  9
$DIMLTYPE
  6

  9
$DIMLTEX1
  6

  9
$DIMLTEX2
  6

  9
$DIMTXTDIRECTION
 70
0
  9
$LUNITS
 70
2
  9
$LUPREC
 70
4
  9
$SKETCHINC
 40
1.0
  9
$FILLETRAD
 40
10.0
  9
$AUNITS
 70
0
  9
$AUPREC
 70
2
  9
$MENU
  1
.
  9
$ELEVATION
 40
0.0
  9
$PELEVATION
 40
0.0
  9
$THICKNESS
 40
0.0
  9
$LIMCHECK
 70
0
  9
$CHAMFERA
 40
0.0
  9
$CHAMFERB
 40
0.0
  9
$CHAMFERC
 40
0.0
  9
$CHAMFERD
 40
0.0
  9
$SKPOLY
 70
0
  9
$TDCREATE
 40
2461302.2988194446
  9
$TDUCREATE
 40
2458532.153996898
  9
$TDUPDATE
 40
2461302.2988194446
  9
$TDUUPDATE
 40
2458532.1544311
  9
$TDINDWG
 40
0.0
  9
$TDUSRTIMER
 40
0.0
  9
$USRTIMER
 70
1
  9
$ANGBASE
 50
0.0
  9
$ANGDIR
 70
0
  9
$PDMODE
 70
0
  9
$PDSIZE
 40
0.0
  9
$PLINEWID
 40
0.0
  9
$SPLFRAME
 70
0
  9
$SPLINETYPE
 70
6
  9
$SPLINESEGS
 70
8
  9
$HANDSEED
  5
44D
  9
$SURFTAB1
 70
6
  9
$SURFTAB2
 70
6
  9
$SURFTYPE
 70
6
  9
$SURFU
 70
6
  9
$SURFV
 70
6
  9
$UCSBASE
  2

  9
$UCSNAME
  2

  9
$UCSORG
 10
0.0
 20
0.0
 30
0.0
  9
$UCSXDIR
 10
1.0
 20
0.0
 30
0.0
  9
$UCSYDIR
 10
0.0
 20
1.0
 30
0.0
  9
$UCSORTHOREF
  2

  9
$UCSORTHOVIEW
 70
0
  9
$UCSORGTOP
 10
0.0
 20
0.0
 30
0.0
  9
$UCSORGBOTTOM
 10
0.0
 20
0.0
 30
0.0
  9
$UCSORGLEFT
 10
0.0
 20
0.0
 30
0.0
  9
$UCSORGRIGHT
 10
0.0
 20
0.0
 30
0.0
  9
$UCSORGFRONT
 10
0.0
 20
0.0
 30
0.0
  9
$UCSORGBACK
 10
0.0
 20
0.0
 30
0.0
  9
$PUCSBASE
  2

  9
$PUCSNAME
  2

  9
$PUCSORG
 10
0.0
 20
0.0
 30
0.0
  9
$PUCSXDIR
 10
1.0
 20
0.0
 30
0.0
  9
$PUCSYDIR
 10
0.0
 20
1.0
 30
0.0
  9
$PUCSORTHOREF
  2

  9
$PUCSORTHOVIEW
 70
0
  9
$PUCSORGTOP
 10
0.0
 20
0.0
 30
0.0
  9
$PUCSORGBOTTOM
 10
0.0
 20
0.0
 30
0.0
  9
$PUCSORGLEFT
 10
0.0
 20
0.0
 30
0.0
  9
$PUCSORGRIGHT
 10
0.0
 20
0.0
 30
0.0
  9
$PUCSORGFRONT
 10
0.0
 20
0.0
 30
0.0
  9
$PUCSORGBACK
 10
0.0
 20
0.0
 30
0.0
  9
$USERI1
 70
0
  9
$USERI2
 70
0
  9
$USERI3
 70
0
  9
$USERI4
 70
0
  9
$USERI5
 70
0
  9
$USERR1
 40
0.0
  9
$USERR2
 40
0.0
  9
$USERR3
 40
0.0
  9
$USERR4
 40
0.0
  9
$USERR5
 40
0.0
  9
$WORLDVIEW
 70
1
  9
$SHADEDGE
 70
3
  9
$SHADEDIF
 70
70
  9
$TILEMODE
 70
1
  9
$MAXACTVP
 70
64
  9
$PINSBASE
 10
0.0
 20
0.0
 30
0.0
  9
$PLIMCHECK
 70
0
  9
$PEXTMIN
 10
1e+20
 20
1e+20
 30
1e+20
  9
$PEXTMAX
 10
-1e+20
 20
-1e+20
 30
-1e+20
  9
$PLIMMIN
 10
0.0
 20
0.0
  9
$PLIMMAX
 10
420.0
 20
297.0
  9
$UNITMODE
 70
0
  9
$VISRETAIN
 70
1
  9
$PLINEGEN
 70
0
  9
$PSLTSCALE
 70
1
  9
$TREEDEPTH
 70
3020
  9
$CMLSTYLE
  2
Standard
  9
$CMLJUST
 70
0
  9
$CMLSCALE
 40
20.0
  9
$PROXYGRAPHICS
 70
1
  9
$MEASUREMENT
 70
1
  9
$CELWEIGHT
370
-1
  9
$ENDCAPS
280
0
  9
$JOINSTYLE
280
0
  9
$LWDISPLAY
290
0
  9
$INSUNITS
 70
4
  9
$HYPERLINKBASE
  1

  9
$STYLESHEET
  1

  9
$XEDIT
290
1
  9
$CEPSNTYPE
380
0
  9
$PSTYLEMODE
290
1
  9
$FINGERPRINTGUID
  2
{21A280B0-6979-4CBB-AA1F-A9C36E8154AF}
  9
$VERSIONGUID
  2
{A6A57BA1-7180-41D3-98CA-A3D28AEA36B2}
  9
$EXTNAMES
290
1
  9
$PSVPSCALE
 40
0.0
  9
$OLESTARTUP
290
0
  9
$SORTENTS
280
127
  9
$INDEXCTL
280
0
  9
$HIDETEXT
280
1
  9
$XCLIPFRAME
280
1
  9
$HALOGAP
280
0
  9
$OBSCOLOR
 70
257
  9
$OBSLTYPE
280
0
  9
$INTERSECTIONDISPLAY
280
0
  9
$INTERSECTIONCOLOR
 70
257
  9
$DIMASSOC
280
2
  9
$PROJECTNAME
  1

  9
$CAMERADISPLAY
290
0
  9
$LENSLENGTH
 40
50.0
  9
$CAMERAHEIGHT
 40
0.0
  9
$STEPSPERSEC
 40
24.0
  9
$STEPSIZE
 40
100.0
  9
$3DDWFPREC
 40
2.0
  9
$PSOLWIDTH
 40
0.005
  9
$PSOLHEIGHT
 40
0.08
  9
$LOFTANG1
 40
1.570796326795
  9
$LOFTANG2
 40
1.570796326795
  9
$LOFTMAG1
 40
0.0
  9
$LOFTMAG2
 40
0.0
  9
$LOFTPARAM
 70
7
  9
$LOFTNORMALS
280
1
  9
$LATITUDE
 40
37.795
  9
$LONGITUDE
 40
-122.394
  9
$NORTHDIRECTION
 40
0.0
  9
$TIMEZONE
 70
-8000
  9
$LIGHTGLYPHDISPLAY
280
1
  9
$TILEMODELIGHTSYNCH
280
1
  9
$CMATERIAL
347
20
  9
$SOLIDHIST
280
0
  9
$SHOWHIST
280
1
  9
$DWFFRAME
280
2
  9
$DGNFRAME
280
2
  9
$REALWORLDSCALE
290
1
  9
$INTERFERECOLOR
 62
256
  9
$CSHADOW
280
0
  9
$SHADOWPLANELOCATION
 40
0.0
  0
ENDSEC
  0
SECTION
  2
CLASSES
  0
CLASS
  1
ACDBDICTIONARYWDFLT
  2
AcDbDictionaryWithDefault
  3
ObjectDBX Classes
 90
0
 91
0
280
0
281
0
  0
CLASS
  1
SUN
  2
AcDbSun
  3
SCENEOE
 90
1153
 91
0
280
0
281
0
  0
CLASS
  1
VISUALSTYLE
  2
AcDbVisualStyle
  3
ObjectDBX Classes
 90
4095
 91
0
280
0
281
0
  0
CLASS
  1
MATERIAL
  2
AcDbMaterial
  3
ObjectDBX Classes
 90
1153
 91
0
280
0
281
0
  0
CLASS
  1
SCALE
  2
AcDbScale
  3
ObjectDBX Classes
 90
1153
 91
0
280
0
281
0
  0
CLASS
  1
TABLESTYLE
  2
AcDbTableStyle
  3
ObjectDBX Classes
 90
4095
 91
0
280
0
281
0
  0
CLASS
  1
MLEADERSTYLE
  2
AcDbMLeaderStyle
  3
ACDB_MLEADERSTYLE_CLASS
 90
4095
 91
0
280
0
281
0
  0
CLASS
  1
DICTIONARYVAR
  2
AcDbDictionaryVar
  3
ObjectDBX Classes
 90
0
 91
0
280
0
281
0
  0
CLASS
  1
CELLSTYLEMAP
  2
AcDbCellStyleMap
  3
ObjectDBX Classes
 90
1152
 91
0
280
0
281
0
  0
CLASS
  1
MENTALRAYRENDERSETTINGS
  2
AcDbMentalRayRenderSettings
  3
SCENEOE
 90
1024
 91
0
280
0
281
0
  0
CLASS
  1
ACDBDETAILVIEWSTYLE
  2
AcDbDetailViewStyle
  3
ObjectDBX Classes
 90
1025
 91
0
280
0
281
0
  0
CLASS
  1
ACDBSECTIONVIEWSTYLE
  2
AcDbSectionViewStyle
  3
ObjectDBX Classes
 90
1025
 91
0
280
0
281
0
  0
CLASS
  1
RASTERVARIABLES
  2
AcDbRasterVariables
  3
ISM
 90
0
 91
0
280
0
281
0
  0
CLASS
  1
ACDBPLACEHOLDER
  2
AcDbPlaceHolder
  3
ObjectDBX Classes
 90
0
 91
0
280
0
281
0
  0
CLASS
  1
LAYOUT
  2
AcDbLayout
  3
ObjectDBX Classes
 90
0
 91
0
280
0
281
0
  0
ENDSEC
  0
SECTION
  2
TABLES
  0
TABLE
  2
VPORT
  5
8
330
0
100
AcDbSymbolTable
 70
1
  0
VPORT
  5
23
330
8
100
AcDbSymbolTableRecord
100
AcDbViewportTableRecord
  2
*Active
 70
0
 10
0.0
 20
0.0
 11
1.0
 21
1.0
 12
0.0
 22
0.0
 13
0.0
 23
0.0
 14
0.5
 24
0.5
 15
0.5
 25
0.5
 16
0.0
 26
0.0
 36
1.0
 17
0.0
 27
0.0
 37
0.0
 40
1000.0
 41
1.34
 42
50.0
 43
0.0
 44
0.0
 50
0.0
 51
0.0
 71
0
 72
1000
 73
1
 74
3
 75
0
 76
0
 77
0
 78
0
281
0
 65
0
146
0.0
  0
ENDTAB
  0
TABLE
  2
LTYPE
  5
2
330
0
100
AcDbSymbolTable
 70
21
  0
LTYPE
  5
24
330
2
100
AcDbSymbolTableRecord
100
AcDbLinetypeTableRecord
  2
ByBlock
 70
0
  3

 72
65
 73
0
 40
0.0
  0
LTYPE
  5
25
330
2
100
AcDbSymbolTableRecord
100
AcDbLinetypeTableRecord
  2
ByLayer
 70
0
  3

 72
65
 73
0
 40
0.0
  0
LTYPE
  5
26
330
2
100
AcDbSymbolTableRecord
100
AcDbLinetypeTableRecord
  2
Continuous
 70
0
  3

 72
65
 73
0
 40
0.0
  0
LTYPE
  5
2F
330
2
100
AcDbSymbolTableRecord
100
AcDbLinetypeTableRecord
  2
CENTER
 70
0
  3
Center ____ _ ____ _ ____ _ ____ _ ____ _ ____
 72
65
 73
4
 40
5.08
 49
3.175
 74
0
 49
-0.635
 74
0
 49
0.635
 74
0
 49
-0.635
 74
0
  0
LTYPE
  5
30
330
2
100
AcDbSymbolTableRecord
100
AcDbLinetypeTableRecord
  2
CENTERX2
 70
0
  3
Center (2x) ________  __  ________  __  ________
 72
65
 73
4
 40
8.89
 49
6.35
 74
0
 49
-0.635
 74
0
 49
1.27
 74
0
 49
-0.635
 74
0
  0
LTYPE
  5
31
330
2
100
AcDbSymbolTableRecord
100
AcDbLinetypeTableRecord
  2
CENTER2
 70
0
  3
Center (.5x) ____ _ ____ _ ____ _ ____ _ ____
 72
65
 73
4
 40
2.54
 49
1.587
 74
0
 49
-0.318
 74
0
 49
0.318
 74
0
 49
-0.318
 74
0
  0
LTYPE
  5
32
330
2
100
AcDbSymbolTableRecord
100
AcDbLinetypeTableRecord
  2
DASHED
 70
0
  3
Dashed __ __ __ __ __ __ __ __ __ __ __ __ __ _
 72
65
 73
2
 40
1.524
 49
1.27
 74
0
 49
-0.254
 74
0
  0
LTYPE
  5
33
330
2
100
AcDbSymbolTableRecord
100
AcDbLinetypeTableRecord
  2
DASHEDX2
 70
0
  3
Dashed (2x) ____  ____  ____  ____  ____  ____
 72
65
 73
2
 40
3.048
 49
2.54
 74
0
 49
-0.508
 74
0
  0
LTYPE
  5
34
330
2
100
AcDbSymbolTableRecord
100
AcDbLinetypeTableRecord
  2
DASHED2
 70
0
  3
Dashed (.5x) _ _ _ _ _ _ _ _ _ _ _ _ _ _
 72
65
 73
2
 40
0.762
 49
0.635
 74
0
 49
-0.127
 74
0
  0
LTYPE
  5
35
330
2
100
AcDbSymbolTableRecord
100
AcDbLinetypeTableRecord
  2
PHANTOM
 70
0
  3
Phantom ______  __  __  ______  __  __  ______
 72
65
 73
6
 40
6.35
 49
3.175
 74
0
 49
-0.635
 74
0
 49
0.635
 74
0
 49
-0.635
 74
0
 49
0.635
 74
0
 49
-0.635
 74
0
  0
LTYPE
  5
36
330
2
100
AcDbSymbolTableRecord
100
AcDbLinetypeTableRecord
  2
PHANTOMX2
 70
0
  3
Phantom (2x)____________    ____    ____    ____________
 72
65
 73
6
 40
10.795
 49
6.35
 74
0
 49
-0.635
 74
0
 49
1.27
 74
0
 49
-0.635
 74
0
 49
1.27
 74
0
 49
-0.635
 74
0
  0
LTYPE
  5
37
330
2
100
AcDbSymbolTableRecord
100
AcDbLinetypeTableRecord
  2
PHANTOM2
 70
0
  3
Phantom (.5x) ___ _ _ ___ _ _ ___ _ _ ___ _ _ ___
 72
65
 73
6
 40
3.175
 49
1.587
 74
0
 49
-0.318
 74
0
 49
0.318
 74
0
 49
-0.318
 74
0
 49
0.318
 74
0
 49
-0.318
 74
0
  0
LTYPE
  5
38
330
2
100
AcDbSymbolTableRecord
100
AcDbLinetypeTableRecord
  2
DASHDOT
 70
0
  3
Dash dot __ . __ . __ . __ . __ . __ . __ . __
 72
65
 73
4
 40
3.556
 49
2.54
 74
0
 49
-0.508
 74
0
 49
0.0
 74
0
 49
-0.508
 74
0
  0
LTYPE
  5
39
330
2
100
AcDbSymbolTableRecord
100
AcDbLinetypeTableRecord
  2
DASHDOTX2
 70
0
  3
Dash dot (2x) ____  .  ____  .  ____  .  ____
 72
65
 73
4
 40
6.096
 49
5.08
 74
0
 49
-0.508
 74
0
 49
0.0
 74
0
 49
-0.508
 74
0
  0
LTYPE
  5
3A
330
2
100
AcDbSymbolTableRecord
100
AcDbLinetypeTableRecord
  2
DASHDOT2
 70
0
  3
Dash dot (.5x) _ . _ . _ . _ . _ . _ . _ . _
 72
65
 73
4
 40
1.778
 49
1.27
 74
0
 49
-0.254
 74
0
 49
0.0
 74
0
 49
-0.254
 74
0
  0
LTYPE
  5
3B
330
2
100
AcDbSymbolTableRecord
100
AcDbLinetypeTableRecord
  2
DOT
 70
0
  3
Dot .  .  .  .  .  .  .  .  .  .  .  .  .  .  .  .
 72
65
 73
2
 40
0.508
 49
0.0
 74
0
 49
-0.508
 74
0
  0
LTYPE
  5
3C
330
2
100
AcDbSymbolTableRecord
100
AcDbLinetypeTableRecord
  2
DOTX2
 70
0
  3
Dot (2x) .    .    .    .    .    .    .    . 
 72
65
 73
2
 40
1.016
 49
0.0
 74
0
 49
-1.016
 74
0
  0
LTYPE
  5
3D
330
2
100
AcDbSymbolTableRecord
100
AcDbLinetypeTableRecord
  2
DOT2
 70
0
  3
Dot (.5) . . . . . . . . . . . . . . . . . . . 
 72
65
 73
2
 40
0.254
 49
0.0
 74
0
 49
-0.254
 74
0
  0
LTYPE
  5
3E
330
2
100
AcDbSymbolTableRecord
100
AcDbLinetypeTableRecord
  2
DIVIDE
 70
0
  3
Divide __ . . __ . . __ . . __ . . __ . . __
 72
65
 73
6
 40
4.064
 49
2.54
 74
0
 49
-0.508
 74
0
 49
0.0
 74
0
 49
-0.508
 74
0
 49
0.0
 74
0
 49
-0.508
 74
0
  0
LTYPE
  5
3F
330
2
100
AcDbSymbolTableRecord
100
AcDbLinetypeTableRecord
  2
DIVIDEX2
 70
0
  3
Divide (2x) ____  . .  ____  . .  ____  . .  ____
 72
65
 73
6
 40
6.604
 49
5.08
 74
0
 49
-0.508
 74
0
 49
0.0
 74
0
 49
-0.508
 74
0
 49
0.0
 74
0
 49
-0.508
 74
0
  0
LTYPE
  5
40
330
2
100
AcDbSymbolTableRecord
100
AcDbLinetypeTableRecord
  2
DIVIDE2
 70
0
  3
Divide(.5x) _ . _ . _ . _ . _ . _ . _ . _
 72
65
 73
6
 40
2.032
 49
1.27
 74
0
 49
-0.254
 74
0
 49
0.0
 74
0
 49
-0.254
 74
0
 49
0.0
 74
0
 49
-0.254
 74
0
  0
ENDTAB
  0
TABLE
  2
LAYER
  5
1
330
0
100
AcDbSymbolTable
 70
22
  0
LAYER
  5
27
330
1
100
AcDbSymbolTableRecord
100
AcDbLayerTableRecord
  2
0
 70
0
 62
7
  6
Continuous
370
-3
390
13
347
21
  0
LAYER
  5
28
330
1
100
AcDbSymbolTableRecord
100
AcDbLayerTableRecord
  2
Defpoints
 70
0
 62
7
  6
Continuous
290
0
370
-3
390
13
347
21
  0
LAYER
  5
8A
330
1
100
AcDbSymbolTableRecord
100
AcDbLayerTableRecord
  2
S-CONCRETE
 70
0
 62
7
  6
Continuous
370
-3
390
13
347
21
1001
AcAecLayerStandard
1000

1000
Structural concrete, cut
  0
LAYER
  5
8C
330
1
100
AcDbSymbolTableRecord
100
AcDbLayerTableRecord
  2
S-CONCRETE-THIN
 70
0
 62
7
  6
Continuous
370
-3
390
13
347
21
1001
AcAecLayerStandard
1000

1000
Concrete outlines, uncut
  0
LAYER
  5
8D
330
1
100
AcDbSymbolTableRecord
100
AcDbLayerTableRecord
  2
S-HIDDEN
 70
0
 62
8
  6
Continuous
370
-3
390
13
347
21
1001
AcAecLayerStandard
1000

1000
Concrete and features beyond / below
  0
LAYER
  5
8E
330
1
100
AcDbSymbolTableRecord
100
AcDbLayerTableRecord
  2
S-REBAR-MAIN
 70
0
 62
1
  6
Continuous
370
-3
390
13
347
21
1001
AcAecLayerStandard
1000

1000
Main reinforcement
  0
LAYER
  5
8F
330
1
100
AcDbSymbolTableRecord
100
AcDbLayerTableRecord
  2
S-REBAR-DIST
 70
0
 62
5
  6
Continuous
370
-3
390
13
347
21
1001
AcAecLayerStandard
1000

1000
Distribution reinforcement
  0
LAYER
  5
90
330
1
100
AcDbSymbolTableRecord
100
AcDbLayerTableRecord
  2
S-REBAR-STIRRUP
 70
0
 62
5
  6
Continuous
370
-3
390
13
347
21
1001
AcAecLayerStandard
1000

1000
Links and stirrups
  0
LAYER
  5
91
330
1
100
AcDbSymbolTableRecord
100
AcDbLayerTableRecord
  2
S-REBAR-SEC
 70
0
 62
1
  6
Continuous
370
-3
390
13
347
21
1001
AcAecLayerStandard
1000

1000
Trimmers, jamb bars, starters, additional bars
  0
LAYER
  5
92
330
1
100
AcDbSymbolTableRecord
100
AcDbLayerTableRecord
  2
S-DIM
 70
0
 62
7
  6
Continuous
370
-3
390
13
347
21
1001
AcAecLayerStandard
1000

1000
Dimensions
  0
LAYER
  5
93
330
1
100
AcDbSymbolTableRecord
100
AcDbLayerTableRecord
  2
S-TEXT
 70
0
 62
7
  6
Continuous
370
-3
390
13
347
21
1001
AcAecLayerStandard
1000

1000
General annotation
  0
LAYER
  5
94
330
1
100
AcDbSymbolTableRecord
100
AcDbLayerTableRecord
  2
S-NOTE
 70
0
 62
7
  6
Continuous
370
-3
390
13
347
21
1001
AcAecLayerStandard
1000

1000
Note panels
  0
LAYER
  5
95
330
1
100
AcDbSymbolTableRecord
100
AcDbLayerTableRecord
  2
S-CALLOUT
 70
0
 62
7
  6
Continuous
370
-3
390
13
347
21
1001
AcAecLayerStandard
1000

1000
Bar-mark tags and leaders
  0
LAYER
  5
96
330
1
100
AcDbSymbolTableRecord
100
AcDbLayerTableRecord
  2
S-SECTION
 70
0
 62
7
  6
Continuous
370
-3
390
13
347
21
1001
AcAecLayerStandard
1000

1000
Section and detail markers
  0
LAYER
  5
97
330
1
100
AcDbSymbolTableRecord
100
AcDbLayerTableRecord
  2
S-GRID
 70
0
 62
7
  6
Continuous
370
-3
390
13
347
21
1001
AcAecLayerStandard
1000

1000
Grid lines and bubbles
  0
LAYER
  5
98
330
1
100
AcDbSymbolTableRecord
100
AcDbLayerTableRecord
  2
S-CENTER
 70
0
 62
7
  6
Continuous
370
-3
390
13
347
21
1001
AcAecLayerStandard
1000

1000
Centrelines and void diagonals
  0
LAYER
  5
99
330
1
100
AcDbSymbolTableRecord
100
AcDbLayerTableRecord
  2
S-HATCH
 70
0
 62
8
  6
Continuous
370
-3
390
13
347
21
1001
AcAecLayerStandard
1000

1000
Section hatch
  0
LAYER
  5
9A
330
1
100
AcDbSymbolTableRecord
100
AcDbLayerTableRecord
  2
S-TITLE
 70
0
 62
7
  6
Continuous
370
-3
390
13
347
21
1001
AcAecLayerStandard
1000

1000
Border, title block, view titles
  0
LAYER
  5
9B
330
1
100
AcDbSymbolTableRecord
100
AcDbLayerTableRecord
  2
S-EXISTING
 70
0
 62
8
  6
Continuous
370
-3
390
13
347
21
1001
AcAecLayerStandard
1000

1000
Soil, rock, fill and cover build-up
  0
LAYER
  5
9C
330
1
100
AcDbSymbolTableRecord
100
AcDbLayerTableRecord
  2
S-WATERPROOF
 70
0
 62
7
  6
Continuous
370
-3
390
13
347
21
1001
AcAecLayerStandard
1000

1000
Tanking, waterstops, groundwater table
  0
LAYER
  5
9D
330
1
100
AcDbSymbolTableRecord
100
AcDbLayerTableRecord
  2
S-LEVEL
 70
0
 62
7
  6
Continuous
370
-3
390
13
347
21
1001
AcAecLayerStandard
1000

1000
Level markers
  0
LAYER
  5
9E
330
1
100
AcDbSymbolTableRecord
100
AcDbLayerTableRecord
  2
S-TABLE
 70
0
 62
7
  6
Continuous
370
-3
390
13
347
21
1001
AcAecLayerStandard
1000

1000
Tables and schedules
  0
ENDTAB
  0
TABLE
  2
STYLE
  5
5
330
0
100
AcDbSymbolTable
 70
26
  0
STYLE
  5
29
330
5
100
AcDbSymbolTableRecord
100
AcDbTextStyleTableRecord
  2
Standard
 70
0
 40
0.0
 41
1.0
 50
0.0
 71
0
 42
2.5
  3
txt
  4

  0
STYLE
  5
41
330
5
100
AcDbSymbolTableRecord
100
AcDbTextStyleTableRecord
  2
OpenSans-Light
 70
0
 40
0.0
 41
1.0
 50
0.0
 71
0
 42
2.5
  3
OpenSans-Light.ttf
  4

  0
STYLE
  5
42
330
5
100
AcDbSymbolTableRecord
100
AcDbTextStyleTableRecord
  2
OpenSans-Light-Italic
 70
0
 40
0.0
 41
1.0
 50
0.0
 71
0
 42
2.5
  3
OpenSans-LightItalic.ttf
  4

  0
STYLE
  5
43
330
5
100
AcDbSymbolTableRecord
100
AcDbTextStyleTableRecord
  2
OpenSans
 70
0
 40
0.0
 41
1.0
 50
0.0
 71
0
 42
2.5
  3
OpenSans-Regular.ttf
  4

  0
STYLE
  5
44
330
5
100
AcDbSymbolTableRecord
100
AcDbTextStyleTableRecord
  2
OpenSans-Italic
 70
0
 40
0.0
 41
1.0
 50
0.0
 71
0
 42
2.5
  3
OpenSans-Italic.ttf
  4

  0
STYLE
  5
45
330
5
100
AcDbSymbolTableRecord
100
AcDbTextStyleTableRecord
  2
OpenSans-SemiBold
 70
0
 40
0.0
 41
1.0
 50
0.0
 71
0
 42
2.5
  3
OpenSans-SemiBold.ttf
  4

  0
STYLE
  5
46
330
5
100
AcDbSymbolTableRecord
100
AcDbTextStyleTableRecord
  2
OpenSans-SemiBoldItalic
 70
0
 40
0.0
 41
1.0
 50
0.0
 71
0
 42
2.5
  3
OpenSans-SemiBoldItalic.ttf
  4

  0
STYLE
  5
47
330
5
100
AcDbSymbolTableRecord
100
AcDbTextStyleTableRecord
  2
OpenSans-Bold
 70
0
 40
0.0
 41
1.0
 50
0.0
 71
0
 42
2.5
  3
OpenSans-Bold.ttf
  4

  0
STYLE
  5
48
330
5
100
AcDbSymbolTableRecord
100
AcDbTextStyleTableRecord
  2
OpenSans-BoldItalic
 70
0
 40
0.0
 41
1.0
 50
0.0
 71
0
 42
2.5
  3
OpenSans-BoldItalic.ttf
  4

  0
STYLE
  5
49
330
5
100
AcDbSymbolTableRecord
100
AcDbTextStyleTableRecord
  2
OpenSans-ExtraBold
 70
0
 40
0.0
 41
1.0
 50
0.0
 71
0
 42
2.5
  3
OpenSans-ExtraBold.ttf
  4

  0
STYLE
  5
4A
330
5
100
AcDbSymbolTableRecord
100
AcDbTextStyleTableRecord
  2
OpenSans-ExtraBoldItalic
 70
0
 40
0.0
 41
1.0
 50
0.0
 71
0
 42
2.5
  3
OpenSans-ExtraBoldItalic.ttf
  4

  0
STYLE
  5
4B
330
5
100
AcDbSymbolTableRecord
100
AcDbTextStyleTableRecord
  2
OpenSansCondensed-Bold
 70
0
 40
0.0
 41
1.0
 50
0.0
 71
0
 42
2.5
  3
OpenSansCondensed-Bold.ttf
  4

  0
STYLE
  5
4C
330
5
100
AcDbSymbolTableRecord
100
AcDbTextStyleTableRecord
  2
OpenSansCondensed-Light
 70
0
 40
0.0
 41
1.0
 50
0.0
 71
0
 42
2.5
  3
OpenSansCondensed-Light.ttf
  4

  0
STYLE
  5
4D
330
5
100
AcDbSymbolTableRecord
100
AcDbTextStyleTableRecord
  2
OpenSansCondensed-Italic
 70
0
 40
0.0
 41
1.0
 50
0.0
 71
0
 42
2.5
  3
OpenSansCondensed-LightItalic.ttf
  4

  0
STYLE
  5
4E
330
5
100
AcDbSymbolTableRecord
100
AcDbTextStyleTableRecord
  2
LiberationSans
 70
0
 40
0.0
 41
1.0
 50
0.0
 71
0
 42
2.5
  3
LiberationSans-Regular.ttf
  4

  0
STYLE
  5
4F
330
5
100
AcDbSymbolTableRecord
100
AcDbTextStyleTableRecord
  2
LiberationSans-Bold
 70
0
 40
0.0
 41
1.0
 50
0.0
 71
0
 42
2.5
  3
LiberationSans-Bold.ttf
  4

  0
STYLE
  5
50
330
5
100
AcDbSymbolTableRecord
100
AcDbTextStyleTableRecord
  2
LiberationSans-BoldItalic
 70
0
 40
0.0
 41
1.0
 50
0.0
 71
0
 42
2.5
  3
LiberationSans-BoldItalic.ttf
  4

  0
STYLE
  5
51
330
5
100
AcDbSymbolTableRecord
100
AcDbTextStyleTableRecord
  2
LiberationSans-Italic
 70
0
 40
0.0
 41
1.0
 50
0.0
 71
0
 42
2.5
  3
LiberationSans-Italic.ttf
  4

  0
STYLE
  5
52
330
5
100
AcDbSymbolTableRecord
100
AcDbTextStyleTableRecord
  2
LiberationSerif
 70
0
 40
0.0
 41
1.0
 50
0.0
 71
0
 42
2.5
  3
LiberationSerif-Regular.ttf
  4

  0
STYLE
  5
53
330
5
100
AcDbSymbolTableRecord
100
AcDbTextStyleTableRecord
  2
LiberationSerif-Bold
 70
0
 40
0.0
 41
1.0
 50
0.0
 71
0
 42
2.5
  3
LiberationSerif-Bold.ttf
  4

  0
STYLE
  5
54
330
5
100
AcDbSymbolTableRecord
100
AcDbTextStyleTableRecord
  2
LiberationSerif-BoldItalic
 70
0
 40
0.0
 41
1.0
 50
0.0
 71
0
 42
2.5
  3
LiberationSerif-BoldItalic.ttf
  4

  0
STYLE
  5
55
330
5
100
AcDbSymbolTableRecord
100
AcDbTextStyleTableRecord
  2
LiberationSerif-Italic
 70
0
 40
0.0
 41
1.0
 50
0.0
 71
0
 42
2.5
  3
LiberationSerif-Italic.ttf
  4

  0
STYLE
  5
56
330
5
100
AcDbSymbolTableRecord
100
AcDbTextStyleTableRecord
  2
LiberationMono
 70
0
 40
0.0
 41
1.0
 50
0.0
 71
0
 42
2.5
  3
LiberationMono-Regular.ttf
  4

  0
STYLE
  5
57
330
5
100
AcDbSymbolTableRecord
100
AcDbTextStyleTableRecord
  2
LiberationMono-Bold
 70
0
 40
0.0
 41
1.0
 50
0.0
 71
0
 42
2.5
  3
LiberationMono-Bold.ttf
  4

  0
STYLE
  5
58
330
5
100
AcDbSymbolTableRecord
100
AcDbTextStyleTableRecord
  2
LiberationMono-BoldItalic
 70
0
 40
0.0
 41
1.0
 50
0.0
 71
0
 42
2.5
  3
LiberationMono-BoldItalic.ttf
  4

  0
STYLE
  5
59
330
5
100
AcDbSymbolTableRecord
100
AcDbTextStyleTableRecord
  2
LiberationMono-Italic
 70
0
 40
0.0
 41
1.0
 50
0.0
 71
0
 42
2.5
  3
LiberationMono-Italic.ttf
  4

  0
ENDTAB
  0
TABLE
  2
VIEW
  5
7
330
0
100
AcDbSymbolTable
 70
0
  0
ENDTAB
  0
TABLE
  2
UCS
  5
6
330
0
100
AcDbSymbolTable
 70
0
  0
ENDTAB
  0
TABLE
  2
APPID
  5
3
330
0
100
AcDbSymbolTable
 70
4
  0
APPID
  5
2A
330
3
100
AcDbSymbolTableRecord
100
AcDbRegAppTableRecord
  2
ACAD
 70
0
  0
APPID
  5
8B
330
3
100
AcDbSymbolTableRecord
100
AcDbRegAppTableRecord
  2
AcAecLayerStandard
 70
0
  0
APPID
  5
44A
330
3
100
AcDbSymbolTableRecord
100
AcDbRegAppTableRecord
  2
HATCHBACKGROUNDCOLOR
 70
0
  0
APPID
  5
44B
330
3
100
AcDbSymbolTableRecord
100
AcDbRegAppTableRecord
  2
EZDXF
 70
0
  0
ENDTAB
  0
TABLE
  2
DIMSTYLE
  5
4
330
0
100
AcDbSymbolTable
 70
14
100
AcDbDimStyleTable
  0
DIMSTYLE
105
2B
330
4
100
AcDbSymbolTableRecord
100
AcDbDimStyleTableRecord
  2
Standard
 70
0
 40
1.0
 41
2.5
 42
0.625
 43
3.75
 44
1.25
 45
0.0
 46
0.0
 47
0.0
 48
0.0
 49
2.5
140
2.5
141
2.5
142
0.0
143
0.03937007874
144
1.0
145
0.0
146
1.0
147
0.625
148
0.0
 69
0
 70
0
 71
0
 72
0
 73
0
 74
0
 75
0
 76
0
 77
1
 78
8
 79
3
170
0
171
3
172
1
173
0
174
0
175
0
176
0
177
0
178
0
179
2
271
2
272
2
273
2
274
3
275
0
276
0
277
2
278
44
279
0
280
0
281
0
282
0
283
0
284
8
285
0
286
0
288
0
289
3
290
0
371
-2
372
-2
  0
DIMSTYLE
105
73
330
4
100
AcDbSymbolTableRecord
100
AcDbDimStyleTableRecord
  2
EZDXF
 70
0
 40
1.0
 41
0.175
 42
0.125
 43
3.75
 44
0.375
 45
0.0
 46
0.0
 47
0.0
 48
0.0
 49
2.5
140
0.25
141
2.5
142
0.0
143
0.03937007874
144
100.0
145
0.0
146
0.5
147
0.1
148
0.0
 69
0
 70
0
 71
0
 72
0
 73
0
 74
0
 75
0
 76
0
 77
1
 78
12
 79
3
170
0
171
3
172
1
173
0
174
0
175
0
176
0
177
0
178
0
179
2
271
2
272
2
273
2
274
3
275
0
276
0
277
2
278
46
279
2
280
0
281
0
282
0
283
0
284
8
285
0
286
0
288
1
289
3
290
0
340
4C
342
74
371
-2
372
-2
  0
DIMSTYLE
105
7C
330
4
100
AcDbSymbolTableRecord
100
AcDbDimStyleTableRecord
  2
EZ_M_100_H25_CM
 70
0
 40
1.0
 41
0.25
 42
0.125
 43
3.75
 44
0.375
 45
0.0
 46
0.0
 47
0.0
 48
0.0
 49
2.5
140
0.25
141
2.5
142
0.125
143
0.03937007874
144
100.0
145
0.0
146
0.5
147
0.1
148
0.0
 69
0
 70
0
 71
0
 72
0
 73
0
 74
0
 75
0
 76
0
 77
1
 78
12
 79
3
170
0
171
3
172
1
173
0
174
0
175
0
176
0
177
0
178
0
179
2
271
2
272
2
273
2
274
3
275
0
276
0
277
2
278
46
279
2
280
0
281
0
282
0
283
0
284
8
285
0
286
0
288
1
289
3
290
0
340
4C
371
-2
372
-2
  0
DIMSTYLE
105
7D
330
4
100
AcDbSymbolTableRecord
100
AcDbDimStyleTableRecord
  2
EZ_M_50_H25_CM
 70
0
 40
1.0
 41
0.125
 42
0.0625
 43
3.75
 44
0.1875
 45
0.0
 46
0.0
 47
0.0
 48
0.0
 49
2.5
140
0.125
141
2.5
142
0.0625
143
0.03937007874
144
100.0
145
0.0
146
0.5
147
0.05
148
0.0
 69
0
 70
0
 71
0
 72
0
 73
0
 74
0
 75
0
 76
0
 77
1
 78
12
 79
3
170
0
171
3
172
1
173
0
174
0
175
0
176
0
177
0
178
0
179
2
271
2
272
2
273
2
274
3
275
0
276
0
277
2
278
46
279
2
280
0
281
0
282
0
283
0
284
8
285
0
286
0
288
1
289
3
290
0
340
4C
371
-2
372
-2
  0
DIMSTYLE
105
7E
330
4
100
AcDbSymbolTableRecord
100
AcDbDimStyleTableRecord
  2
EZ_M_25_H25_CM
 70
0
 40
1.0
 41
0.0625
 42
0.03125
 43
3.75
 44
0.09375
 45
0.0
 46
0.0
 47
0.0
 48
0.0
 49
2.5
140
0.0625
141
2.5
142
0.03125
143
0.03937007874
144
100.0
145
0.0
146
0.5
147
0.025
148
0.0
 69
0
 70
0
 71
0
 72
0
 73
0
 74
0
 75
0
 76
0
 77
1
 78
12
 79
3
170
0
171
3
172
1
173
0
174
0
175
0
176
0
177
0
178
0
179
2
271
2
272
2
273
2
274
3
275
0
276
0
277
2
278
46
279
2
280
0
281
0
282
0
283
0
284
8
285
0
286
0
288
1
289
3
290
0
340
4C
371
-2
372
-2
  0
DIMSTYLE
105
7F
330
4
100
AcDbSymbolTableRecord
100
AcDbDimStyleTableRecord
  2
EZ_M_20_H25_CM
 70
0
 40
1.0
 41
0.05
 42
0.025
 43
3.75
 44
0.07500000000000001
 45
0.0
 46
0.0
 47
0.0
 48
0.0
 49
2.5
140
0.05
141
2.5
142
0.025
143
0.03937007874
144
100.0
145
0.0
146
0.5
147
0.020000000000000004
148
0.0
 69
0
 70
0
 71
0
 72
0
 73
0
 74
0
 75
0
 76
0
 77
1
 78
12
 79
3
170
0
171
3
172
1
173
0
174
0
175
0
176
0
177
0
178
0
179
2
271
2
272
2
273
2
274
3
275
0
276
0
277
2
278
46
279
2
280
0
281
0
282
0
283
0
284
8
285
0
286
0
288
1
289
3
290
0
340
4C
371
-2
372
-2
  0
DIMSTYLE
105
80
330
4
100
AcDbSymbolTableRecord
100
AcDbDimStyleTableRecord
  2
EZ_M_10_H25_CM
 70
0
 40
1.0
 41
0.025
 42
0.0125
 43
3.75
 44
0.037500000000000006
 45
0.0
 46
0.0
 47
0.0
 48
0.0
 49
2.5
140
0.025
141
2.5
142
0.0125
143
0.03937007874
144
100.0
145
0.0
146
0.5
147
0.010000000000000002
148
0.0
 69
0
 70
0
 71
0
 72
0
 73
0
 74
0
 75
0
 76
0
 77
1
 78
12
 79
3
170
0
171
3
172
1
173
0
174
0
175
0
176
0
177
0
178
0
179
2
271
2
272
2
273
2
274
3
275
0
276
0
277
2
278
46
279
2
280
0
281
0
282
0
283
0
284
8
285
0
286
0
288
1
289
3
290
0
340
4C
371
-2
372
-2
  0
DIMSTYLE
105
81
330
4
100
AcDbSymbolTableRecord
100
AcDbDimStyleTableRecord
  2
EZ_M_5_H25_CM
 70
0
 40
1.0
 41
0.0125
 42
0.00625
 43
3.75
 44
0.018750000000000003
 45
0.0
 46
0.0
 47
0.0
 48
0.0
 49
2.5
140
0.0125
141
2.5
142
0.00625
143
0.03937007874
144
100.0
145
0.0
146
0.5
147
0.005000000000000001
148
0.0
 69
0
 70
0
 71
0
 72
0
 73
0
 74
0
 75
0
 76
0
 77
1
 78
12
 79
3
170
0
171
3
172
1
173
0
174
0
175
0
176
0
177
0
178
0
179
2
271
2
272
2
273
2
274
3
275
0
276
0
277
2
278
46
279
2
280
0
281
0
282
0
283
0
284
8
285
0
286
0
288
1
289
3
290
0
340
4C
371
-2
372
-2
  0
DIMSTYLE
105
82
330
4
100
AcDbSymbolTableRecord
100
AcDbDimStyleTableRecord
  2
EZ_M_1_H25_CM
 70
0
 40
1.0
 41
0.0025
 42
0.00125
 43
3.75
 44
0.00375
 45
0.0
 46
0.0
 47
0.0
 48
0.0
 49
2.5
140
0.0025
141
2.5
142
0.00125
143
0.03937007874
144
100.0
145
0.0
146
0.5
147
0.001
148
0.0
 69
0
 70
0
 71
0
 72
0
 73
0
 74
0
 75
0
 76
0
 77
1
 78
12
 79
3
170
0
171
3
172
1
173
0
174
0
175
0
176
0
177
0
178
0
179
2
271
2
272
2
273
2
274
3
275
0
276
0
277
2
278
46
279
2
280
0
281
0
282
0
283
0
284
8
285
0
286
0
288
1
289
3
290
0
340
4C
371
-2
372
-2
  0
DIMSTYLE
105
83
330
4
100
AcDbSymbolTableRecord
100
AcDbDimStyleTableRecord
  2
EZ_RADIUS
 70
0
 40
1.0
 41
0.25
 42
0.125
 43
3.75
 44
0.375
 45
0.0
 46
0.0
 47
0.0
 48
0.0
 49
2.5
140
0.25
141
0.0
142
0.0
143
0.03937007874
144
100.0
145
0.0
146
0.5
147
0.1
148
0.0
 69
0
 70
0
 71
0
 72
0
 73
0
 74
0
 75
0
 76
0
 77
1
 78
12
 79
3
170
0
171
3
172
0
173
0
174
0
175
0
176
0
177
0
178
0
179
2
271
2
272
2
273
2
274
3
275
0
276
0
277
2
278
46
279
1
280
0
281
0
282
0
283
0
284
8
285
0
286
0
288
1
289
3
290
0
340
4C
342
84
371
-2
372
-2
  0
DIMSTYLE
105
88
330
4
100
AcDbSymbolTableRecord
100
AcDbDimStyleTableRecord
  2
EZ_RADIUS_INSIDE
 70
0
 40
1.0
 41
0.25
 42
0.125
 43
3.75
 44
0.375
 45
0.0
 46
0.0
 47
0.0
 48
0.0
 49
2.5
140
0.25
141
0.0
142
0.0
143
0.03937007874
144
100.0
145
0.0
146
0.5
147
0.1
148
0.0
 69
0
 70
0
 71
0
 72
0
 73
0
 74
0
 75
0
 76
0
 77
0
 78
12
 79
3
170
0
171
3
172
0
173
0
174
1
175
0
176
0
177
0
178
0
179
2
271
2
272
2
273
2
274
3
275
0
276
0
277
2
278
46
279
0
280
0
281
0
282
0
283
0
284
8
285
0
286
0
288
1
289
0
290
0
340
4C
342
84
371
-2
372
-2
  0
DIMSTYLE
105
89
330
4
100
AcDbSymbolTableRecord
100
AcDbDimStyleTableRecord
  2
EZ_CURVED
 70
0
 40
1.0
 41
0.25
 42
0.125
 43
3.75
 44
0.375
 45
0.0
 46
0.0
 47
0.0
 48
0.0
 49
2.5
140
0.25
141
2.5
142
0.0
143
0.03937007874
144
100.0
145
0.0
146
0.5
147
0.1
148
0.0
 69
0
 70
0
 71
0
 72
0
 73
0
 74
0
 75
0
 76
0
 77
1
 78
12
 79
2
 90
2
170
0
171
3
172
1
173
0
174
0
175
0
176
0
177
0
178
0
179
2
271
2
272
2
273
2
274
3
275
0
276
0
277
2
278
46
279
2
280
0
281
0
282
0
283
0
284
8
285
0
286
0
288
1
289
3
290
0
340
4C
371
-2
372
-2
  0
DIMSTYLE
105
9F
330
4
100
AcDbSymbolTableRecord
100
AcDbDimStyleTableRecord
  2
A2-DIM
 70
0
 40
1.0
 41
1.4
 42
1.0
 43
3.75
 44
1.1
 45
0.0
 46
0.0
 47
0.0
 48
0.0
 49
2.5
140
2.0
141
2.5
142
0.0
143
0.03937007874
144
1.0
145
0.0
146
1.0
147
0.7
148
0.0
 69
0
 70
0
 71
0
 72
0
 73
0
 74
0
 75
0
 76
0
 77
1
 78
8
 79
3
170
0
171
3
172
1
173
0
174
0
175
0
176
7
177
7
178
7
179
2
271
0
272
2
273
2
274
3
275
0
276
0
277
2
278
44
279
0
280
0
281
0
282
0
283
0
284
8
285
0
286
0
288
0
289
3
290
0
340
43
342
74
371
13
372
13
  0
DIMSTYLE
105
A0
330
4
100
AcDbSymbolTableRecord
100
AcDbDimStyleTableRecord
  2
A2-DIM-S
 70
0
 40
1.0
 41
1.1
 42
1.0
 43
3.75
 44
1.1
 45
0.0
 46
0.0
 47
0.0
 48
0.0
 49
2.5
140
1.8
141
2.5
142
0.0
143
0.03937007874
144
1.0
145
0.0
146
1.0
147
0.7
148
0.0
 69
0
 70
0
 71
0
 72
0
 73
0
 74
0
 75
0
 76
0
 77
1
 78
8
 79
3
170
0
171
3
172
1
173
0
174
0
175
0
176
7
177
7
178
7
179
2
271
0
272
2
273
2
274
3
275
0
276
0
277
2
278
44
279
0
280
0
281
0
282
0
283
0
284
8
285
0
286
0
288
0
289
3
290
0
340
43
342
74
371
13
372
13
  0
ENDTAB
  0
TABLE
  2
BLOCK_RECORD
  5
9
330
0
100
AcDbSymbolTable
 70
8
  0
BLOCK_RECORD
  5
17
330
9
100
AcDbSymbolTableRecord
100
AcDbBlockTableRecord
  2
*Model_Space
340
1A
 70
0
280
1
281
0
  0
BLOCK_RECORD
  5
1B
330
9
100
AcDbSymbolTableRecord
100
AcDbBlockTableRecord
  2
*Paper_Space
340
1E
 70
0
280
1
281
0
  0
BLOCK_RECORD
  5
74
330
9
100
AcDbSymbolTableRecord
100
AcDbBlockTableRecord
  2
_ARCHTICK
340
0
 70
0
280
1
281
0
  0
BLOCK_RECORD
  5
78
330
9
100
AcDbSymbolTableRecord
100
AcDbBlockTableRecord
  2
_CLOSEDFILLED
340
0
 70
0
280
1
281
0
  0
BLOCK_RECORD
  5
84
330
9
100
AcDbSymbolTableRecord
100
AcDbBlockTableRecord
  2
_CLOSEDBLANK
340
0
 70
0
280
1
281
0
  0
BLOCK_RECORD
  5
A1
330
9
100
AcDbSymbolTableRecord
100
AcDbBlockTableRecord
  2
A2-SECMARK
340
0
 70
0
280
1
281
0
  0
BLOCK_RECORD
  5
A5
330
9
100
AcDbSymbolTableRecord
100
AcDbBlockTableRecord
  2
A2-LEVEL
340
0
 70
0
280
1
281
0
  0
BLOCK_RECORD
  5
A9
330
9
100
AcDbSymbolTableRecord
100
AcDbBlockTableRecord
  2
A2-NORTH
340
0
 70
0
280
1
281
0
  0
ENDTAB
  0
ENDSEC
  0
SECTION
  2
BLOCKS
  0
BLOCK
  5
18
330
17
100
AcDbEntity
  8
0
100
AcDbBlockBegin
  2
*Model_Space
 70
0
 10
0.0
 20
0.0
 30
0.0
  3
*Model_Space
  1

  0
ENDBLK
  5
19
330
17
100
AcDbEntity
  8
0
100
AcDbBlockEnd
  0
BLOCK
  5
1C
330
1B
100
AcDbEntity
  8
0
100
AcDbBlockBegin
  2
*Paper_Space
 70
0
 10
0.0
 20
0.0
 30
0.0
  3
*Paper_Space
  1

  0
ENDBLK
  5
1D
330
1B
100
AcDbEntity
  8
0
100
AcDbBlockEnd
  0
BLOCK
  5
75
330
74
100
AcDbEntity
  8
0
100
AcDbBlockBegin
  2
_ARCHTICK
 70
0
 10
0.0
 20
0.0
 30
0.0
  3
_ARCHTICK
  1

  0
LWPOLYLINE
  5
77
330
74
100
AcDbEntity
  8
0
  6
BYBLOCK
 62
0
100
AcDbPolyline
 90
2
 70
0
 43
0.15
 10
-0.5
 20
-0.5
 10
0.5
 20
0.5
  0
ENDBLK
  5
76
330
74
100
AcDbEntity
  8
0
100
AcDbBlockEnd
  0
BLOCK
  5
79
330
78
100
AcDbEntity
  8
0
100
AcDbBlockBegin
  2
_CLOSEDFILLED
 70
0
 10
0.0
 20
0.0
 30
0.0
  3
_CLOSEDFILLED
  1

  0
SOLID
  5
7B
330
78
100
AcDbEntity
  8
0
  6
BYBLOCK
 62
0
100
AcDbTrace
 10
-1.0
 20
0.16439898372402537
 30
0.0
 11
0.0
 21
0.0
 31
0.0
 12
-1.0
 22
-0.16439898372402537
 32
0.0
 13
-1.0
 23
-0.16439898372402537
 33
0.0
  0
ENDBLK
  5
7A
330
78
100
AcDbEntity
  8
0
100
AcDbBlockEnd
  0
BLOCK
  5
85
330
84
100
AcDbEntity
  8
0
100
AcDbBlockBegin
  2
_CLOSEDBLANK
 70
0
 10
0.0
 20
0.0
 30
0.0
  3
_CLOSEDBLANK
  1

  0
LWPOLYLINE
  5
87
330
84
100
AcDbEntity
  8
0
  6
BYBLOCK
 62
0
100
AcDbPolyline
 90
3
 70
1
 10
-1.0
 20
0.16439898372402537
 10
0.0
 20
0.0
 10
-1.0
 20
-0.16439898372402537
  0
ENDBLK
  5
86
330
84
100
AcDbEntity
  8
0
100
AcDbBlockEnd
  0
BLOCK
  5
A2
330
A1
100
AcDbEntity
  8
0
100
AcDbBlockBegin
  2
A2-SECMARK
 70
0
 10
0.0
 20
0.0
 30
0.0
  3
A2-SECMARK
  1

  0
CIRCLE
  5
A4
330
A1
100
AcDbEntity
  8
S-SECTION
100
AcDbCircle
 10
0.0
 20
0.0
 30
0.0
 40
3.6
  0
ENDBLK
  5
A3
330
A1
100
AcDbEntity
  8
0
100
AcDbBlockEnd
  0
BLOCK
  5
A6
330
A5
100
AcDbEntity
  8
0
100
AcDbBlockBegin
  2
A2-LEVEL
 70
0
 10
0.0
 20
0.0
 30
0.0
  3
A2-LEVEL
  1

  0
LWPOLYLINE
  5
A8
330
A5
100
AcDbEntity
  8
S-LEVEL
100
AcDbPolyline
 90
3
 70
1
 10
0.0
 20
0.0
 10
-1.9
 20
2.8
 10
1.9
 20
2.8
  0
ENDBLK
  5
A7
330
A5
100
AcDbEntity
  8
0
100
AcDbBlockEnd
  0
BLOCK
  5
AA
330
A9
100
AcDbEntity
  8
0
100
AcDbBlockBegin
  2
A2-NORTH
 70
0
 10
0.0
 20
0.0
 30
0.0
  3
A2-NORTH
  1

  0
CIRCLE
  5
AC
330
A9
100
AcDbEntity
  8
S-TITLE
100
AcDbCircle
 10
0.0
 20
0.0
 30
0.0
 40
7.0
  0
LWPOLYLINE
  5
AD
330
A9
100
AcDbEntity
  8
S-TITLE
100
AcDbPolyline
 90
4
 70
1
 10
0.0
 20
6.0
 10
-2.2
 20
-4.2
 10
0.0
 20
-1.8
 10
2.2
 20
-4.2
  0
ENDBLK
  5
AB
330
A9
100
AcDbEntity
  8
0
100
AcDbBlockEnd
  0
ENDSEC
  0
SECTION
  2
ENTITIES
  0
LWPOLYLINE
  5
AE
330
17
100
AcDbEntity
  8
S-TITLE
100
AcDbPolyline
 90
4
 70
1
 10
27.0
 20
19.1
 10
567.0
 20
19.1
 10
567.0
 20
400.9
 10
27.0
 20
400.9
  0
LWPOLYLINE
  5
AF
330
17
100
AcDbEntity
  8
S-TITLE
100
AcDbPolyline
 90
4
 70
1
 10
38.8
 20
30.9
 10
555.2
 20
30.9
 10
555.2
 20
389.1
 10
38.8
 20
389.1
  0
LINE
  5
B0
330
17
100
AcDbEntity
  8
S-TITLE
100
AcDbLine
 10
464.3
 20
30.9
 30
0.0
 11
464.3
 21
389.1
 31
0.0
  0
LWPOLYLINE
  5
B1
330
17
100
AcDbEntity
  8
S-TITLE
100
AcDbPolyline
 90
4
 70
1
 10
467.0
 20
314.5
 10
552.4
 20
314.5
 10
552.4
 20
386.4
 10
467.0
 20
386.4
  0
LINE
  5
B2
330
17
100
AcDbEntity
  8
S-TITLE
100
AcDbLine
 10
467.0
 20
332.7
 30
0.0
 11
552.4
 21
332.7
 31
0.0
  0
TEXT
  5
B3
330
17
100
AcDbEntity
  8
S-TITLE
100
AcDbText
 10
509.7
 20
366.15
 30
0.0
 40
2.9
  1
UNDERGROUND CBRN-HARDENED
  7
OpenSans
 72
1
 11
509.7
 21
366.15
 31
0.0
100
AcDbText
 73
2
  0
TEXT
  5
B4
330
17
100
AcDbEntity
  8
S-TITLE
100
AcDbText
 10
509.7
 20
361.75
 30
0.0
 40
2.9
  1
BLAST-RESISTANT PROTECTIVE
  7
OpenSans
 72
1
 11
509.7
 21
361.75
 31
0.0
100
AcDbText
 73
2
  0
TEXT
  5
B5
330
17
100
AcDbEntity
  8
S-TITLE
100
AcDbText
 10
509.7
 20
357.35
 30
0.0
 40
2.9
  1
STRUCTURE + SENTRY POST
  7
OpenSans
 72
1
 11
509.7
 21
357.35
 31
0.0
100
AcDbText
 73
2
  0
TEXT
  5
B6
330
17
100
AcDbEntity
  8
S-TITLE
100
AcDbText
 10
509.7
 20
352.95000000000005
 30
0.0
 40
2.9
  1
PUNE, MAHARASHTRA
  7
OpenSans
 72
1
 11
509.7
 21
352.95000000000005
 31
0.0
100
AcDbText
 73
2
  0
TEXT
  5
B7
330
17
100
AcDbEntity
  8
S-TITLE
100
AcDbText
 10
509.7
 20
323.6
 30
0.0
 40
3.3349999999999995
  1
NOTES
  7
OpenSans
 72
1
 11
509.7
 21
323.6
 31
0.0
100
AcDbText
 73
2
  0
LWPOLYLINE
  5
B8
330
17
100
AcDbEntity
  8
S-TITLE
100
AcDbPolyline
 90
4
 70
1
 10
467.0
 20
193.4
 10
552.4
 20
193.4
 10
552.4
 20
311.8
 10
467.0
 20
311.8
  0
TEXT
  5
B9
330
17
100
AcDbEntity
  8
S-NOTE
100
AcDbText
 10
475.0
 20
305.8
 30
0.0
 40
2.0
  1
1.
  7
OpenSans
 11
475.0
 21
305.8
 31
0.0
100
AcDbText
  0
TEXT
  5
BA
330
17
100
AcDbEntity
  8
S-NOTE
100
AcDbText
 10
486.0
 20
305.8
 30
0.0
 40
2.0
  1
ALL AMOUNTS ARE IN INDIAN RUPEES. ALL
  7
OpenSans
 11
486.0
 21
305.8
 31
0.0
100
AcDbText
  0
TEXT
  5
BB
330
17
100
AcDbEntity
  8
S-NOTE
100
AcDbText
 10
486.0
 20
302.94
 30
0.0
 40
2.0
  1
DURATIONS ARE IN WORKING DAYS. ALL
  7
OpenSans
 11
486.0
 21
302.94
 31
0.0
100
AcDbText
  0
TEXT
  5
BC
330
17
100
AcDbEntity
  8
S-NOTE
100
AcDbText
 10
486.0
 20
300.08
 30
0.0
 40
2.0
  1
DATES ARE dd-mm-yy.
  7
OpenSans
 11
486.0
 21
300.08
 31
0.0
100
AcDbText
  0
TEXT
  5
BD
330
17
100
AcDbEntity
  8
S-NOTE
100
AcDbText
 10
475.0
 20
297.21999999999997
 30
0.0
 40
2.0
  1
2.
  7
OpenSans
 11
475.0
 21
297.21999999999997
 31
0.0
100
AcDbText
  0
TEXT
  5
BE
330
17
100
AcDbEntity
  8
S-NOTE
100
AcDbText
 10
486.0
 20
297.21999999999997
 30
0.0
 40
2.0
  1
WRITTEN FIGURES TO BE FOLLOWED ONLY.
  7
OpenSans
 11
486.0
 21
297.21999999999997
 31
0.0
100
AcDbText
  0
TEXT
  5
BF
330
17
100
AcDbEntity
  8
S-NOTE
100
AcDbText
 10
475.0
 20
294.35999999999996
 30
0.0
 40
2.0
  1
3.
  7
OpenSans
 11
475.0
 21
294.35999999999996
 31
0.0
100
AcDbText
  0
TEXT
  5
C0
330
17
100
AcDbEntity
  8
S-NOTE
100
AcDbText
 10
486.0
 20
294.35999999999996
 30
0.0
 40
2.0
  1
THIS DRG IS TO BE READ IN CONJUNCTION
  7
OpenSans
 11
486.0
 21
294.35999999999996
 31
0.0
100
AcDbText
  0
TEXT
  5
C1
330
17
100
AcDbEntity
  8
S-NOTE
100
AcDbText
 10
486.0
 20
291.49999999999994
 30
0.0
 40
2.0
  1
WITH THE FULL BILL OF QUANTITIES, THE
  7
OpenSans
 11
486.0
 21
291.49999999999994
 31
0.0
100
AcDbText
  0
TEXT
  5
C2
330
17
100
AcDbEntity
  8
S-NOTE
100
AcDbText
 10
486.0
 20
288.63999999999993
 30
0.0
 40
2.0
  1
COST ESTIMATE AND THE MASTER
  7
OpenSans
 11
486.0
 21
288.63999999999993
 31
0.0
100
AcDbText
  0
TEXT
  5
C3
330
17
100
AcDbEntity
  8
S-NOTE
100
AcDbText
 10
486.0
 20
285.7799999999999
 30
0.0
 40
2.0
  1
CONSTRUCTION SCHEDULE.
  7
OpenSans
 11
486.0
 21
285.7799999999999
 31
0.0
100
AcDbText
  0
TEXT
  5
C4
330
17
100
AcDbEntity
  8
S-NOTE
100
AcDbText
 10
475.0
 20
282.9199999999999
 30
0.0
 40
2.0
  1
4.
  7
OpenSans
 11
475.0
 21
282.9199999999999
 31
0.0
100
AcDbText
  0
TEXT
  5
C5
330
17
100
AcDbEntity
  8
S-NOTE
100
AcDbText
 10
486.0
 20
282.9199999999999
 30
0.0
 40
2.0
  1
FINAL PROJECT COST Rs 2,97,90,913, BUILT
  7
OpenSans
 11
486.0
 21
282.9199999999999
 31
0.0
100
AcDbText
  0
TEXT
  5
C6
330
17
100
AcDbEntity
  8
S-NOTE
100
AcDbText
 10
486.0
 20
280.0599999999999
 30
0.0
 40
2.0
  1
UP FROM A TOTAL BASIC COST OF Rs
  7
OpenSans
 11
486.0
 21
280.0599999999999
 31
0.0
100
AcDbText
  0
TEXT
  5
C7
330
17
100
AcDbEntity
  8
S-NOTE
100
AcDbText
 10
486.0
 20
277.1999999999999
 30
0.0
 40
2.0
  1
2,42,20,254 IN 38 MEASURED ITEMS UNDER
  7
OpenSans
 11
486.0
 21
277.1999999999999
 31
0.0
100
AcDbText
  0
TEXT
  5
C8
330
17
100
AcDbEntity
  8
S-NOTE
100
AcDbText
 10
486.0
 20
274.33999999999986
 30
0.0
 40
2.0
  1
FIVE PARTS.
  7
OpenSans
 11
486.0
 21
274.33999999999986
 31
0.0
100
AcDbText
  0
TEXT
  5
C9
330
17
100
AcDbEntity
  8
S-NOTE
100
AcDbText
 10
475.0
 20
271.47999999999985
 30
0.0
 40
2.0
  1
5.
  7
OpenSans
 11
475.0
 21
271.47999999999985
 31
0.0
100
AcDbText
  0
TEXT
  5
CA
330
17
100
AcDbEntity
  8
S-NOTE
100
AcDbText
 10
486.0
 20
271.47999999999985
 30
0.0
 40
2.0
  1
MASTER CONSTRUCTION PROGRAMME 224
  7
OpenSans
 11
486.0
 21
271.47999999999985
 31
0.0
100
AcDbText
  0
TEXT
  5
CB
330
17
100
AcDbEntity
  8
S-NOTE
100
AcDbText
 10
486.0
 20
268.61999999999983
 30
0.0
 40
2.0
  1
DAYS, 02-11-26 TO 26-07-27, IN FOUR
  7
OpenSans
 11
486.0
 21
268.61999999999983
 31
0.0
100
AcDbText
  0
TEXT
  5
CC
330
17
100
AcDbEntity
  8
S-NOTE
100
AcDbText
 10
486.0
 20
265.7599999999998
 30
0.0
 40
2.0
  1
PHASES: INITIAL WORKS, SUBSTRUCTURE,
  7
OpenSans
 11
486.0
 21
265.7599999999998
 31
0.0
100
AcDbText
  0
TEXT
  5
CD
330
17
100
AcDbEntity
  8
S-NOTE
100
AcDbText
 10
486.0
 20
262.8999999999998
 30
0.0
 40
2.0
  1
SUPERSTRUCTURE AND FINISHING. THE
  7
OpenSans
 11
486.0
 21
262.8999999999998
 31
0.0
100
AcDbText
  0
TEXT
  5
CE
330
17
100
AcDbEntity
  8
S-NOTE
100
AcDbText
 10
486.0
 20
260.0399999999998
 30
0.0
 40
2.0
  1
PROGRAMME TABLE LISTS THE SUMMARY
  7
OpenSans
 11
486.0
 21
260.0399999999998
 31
0.0
100
AcDbText
  0
TEXT
  5
CF
330
17
100
AcDbEntity
  8
S-NOTE
100
AcDbText
 10
486.0
 20
257.1799999999998
 30
0.0
 40
2.0
  1
ACTIVITIES; THE FULL SCHEDULE CARRIES
  7
OpenSans
 11
486.0
 21
257.1799999999998
 31
0.0
100
AcDbText
  0
TEXT
  5
D0
330
17
100
AcDbEntity
  8
S-NOTE
100
AcDbText
 10
486.0
 20
254.31999999999977
 30
0.0
 40
2.0
  1
130.
  7
OpenSans
 11
486.0
 21
254.31999999999977
 31
0.0
100
AcDbText
  0
TEXT
  5
D1
330
17
100
AcDbEntity
  8
S-NOTE
100
AcDbText
 10
475.0
 20
251.45999999999975
 30
0.0
 40
2.0
  1
6.
  7
OpenSans
 11
475.0
 21
251.45999999999975
 31
0.0
100
AcDbText
  0
TEXT
  5
D2
330
17
100
AcDbEntity
  8
S-NOTE
100
AcDbText
 10
486.0
 20
251.45999999999975
 30
0.0
 40
2.0
  1
THE BURSTER SLAB IS 200 THK M30 AND
  7
OpenSans
 11
486.0
 21
251.45999999999975
 31
0.0
100
AcDbText
  0
TEXT
  5
D3
330
17
100
AcDbEntity
  8
S-NOTE
100
AcDbText
 10
486.0
 20
248.59999999999974
 30
0.0
 40
2.0
  1
38.40 CUM. THE SENTRY POST IS MEASURED
  7
OpenSans
 11
486.0
 21
248.59999999999974
 31
0.0
100
AcDbText
  0
TEXT
  5
D4
330
17
100
AcDbEntity
  8
S-NOTE
100
AcDbText
 10
486.0
 20
245.73999999999972
 30
0.0
 40
2.0
  1
AS AN RC FRAME WITH ITS BRICK INFILL
  7
OpenSans
 11
486.0
 21
245.73999999999972
 31
0.0
100
AcDbText
  0
TEXT
  5
D5
330
17
100
AcDbEntity
  8
S-NOTE
100
AcDbText
 10
486.0
 20
242.8799999999997
 30
0.0
 40
2.0
  1
MEASURED SEPARATELY AS BRICKWORK.
  7
OpenSans
 11
486.0
 21
242.8799999999997
 31
0.0
100
AcDbText
  0
TEXT
  5
D6
330
17
100
AcDbEntity
  8
S-NOTE
100
AcDbText
 10
475.0
 20
240.0199999999997
 30
0.0
 40
2.0
  1
7.
  7
OpenSans
 11
475.0
 21
240.0199999999997
 31
0.0
100
AcDbText
  0
TEXT
  5
D7
330
17
100
AcDbEntity
  8
S-NOTE
100
AcDbText
 10
486.0
 20
240.0199999999997
 30
0.0
 40
2.0
  1
THE TWO ESCAPE SHAFT COLLARS, 250 RC
  7
OpenSans
 11
486.0
 21
240.0199999999997
 31
0.0
100
AcDbText
  0
TEXT
  5
D8
330
17
100
AcDbEntity
  8
S-NOTE
100
AcDbText
 10
486.0
 20
237.15999999999968
 30
0.0
 40
2.0
  1
AT OD 1900, ARE MEASURED AS A LINE AT
  7
OpenSans
 11
486.0
 21
237.15999999999968
 31
0.0
100
AcDbText
  0
TEXT
  5
D9
330
17
100
AcDbEntity
  8
S-NOTE
100
AcDbText
 10
486.0
 20
234.29999999999967
 30
0.0
 40
2.0
  1
6.285 CUM, AND THE 15 kVA GENERATOR IS
  7
OpenSans
 11
486.0
 21
234.29999999999967
 31
0.0
100
AcDbText
  0
TEXT
  5
DA
330
17
100
AcDbEntity
  8
S-NOTE
100
AcDbText
 10
486.0
 20
231.43999999999966
 30
0.0
 40
2.0
  1
A VISIBLE LINE.
  7
OpenSans
 11
486.0
 21
231.43999999999966
 31
0.0
100
AcDbText
  0
TEXT
  5
DB
330
17
100
AcDbEntity
  8
S-NOTE
100
AcDbText
 10
475.0
 20
228.57999999999964
 30
0.0
 40
2.0
  1
8.
  7
OpenSans
 11
475.0
 21
228.57999999999964
 31
0.0
100
AcDbText
  0
TEXT
  5
DC
330
17
100
AcDbEntity
  8
S-NOTE
100
AcDbText
 10
486.0
 20
228.57999999999964
 30
0.0
 40
2.0
  1
THE CONCRETE TOTAL IS 467.59 CUM,
  7
OpenSans
 11
486.0
 21
228.57999999999964
 31
0.0
100
AcDbText
  0
TEXT
  5
DD
330
17
100
AcDbEntity
  8
S-NOTE
100
AcDbText
 10
486.0
 20
225.71999999999963
 30
0.0
 40
2.0
  1
WHICH IS THE SUM OF ITS OWN LINES.
  7
OpenSans
 11
486.0
 21
225.71999999999963
 31
0.0
100
AcDbText
  0
TEXT
  5
DE
330
17
100
AcDbEntity
  8
S-NOTE
100
AcDbText
 10
475.0
 20
222.85999999999962
 30
0.0
 40
2.0
  1
9.
  7
OpenSans
 11
475.0
 21
222.85999999999962
 31
0.0
100
AcDbText
  0
TEXT
  5
DF
330
17
100
AcDbEntity
  8
S-NOTE
100
AcDbText
 10
486.0
 20
222.85999999999962
 30
0.0
 40
2.0
  1
AMOUNTS AND RATES ARE THE BILL'S OWN.
  7
OpenSans
 11
486.0
 21
222.85999999999962
 31
0.0
100
AcDbText
  0
TEXT
  5
E0
330
17
100
AcDbEntity
  8
S-NOTE
100
AcDbText
 10
486.0
 20
219.9999999999996
 30
0.0
 40
2.0
  1
A LINE SHOWN NOT PRICED CARRIES NO
  7
OpenSans
 11
486.0
 21
219.9999999999996
 31
0.0
100
AcDbText
  0
TEXT
  5
E1
330
17
100
AcDbEntity
  8
S-NOTE
100
AcDbText
 10
486.0
 20
217.1399999999996
 30
0.0
 40
2.0
  1
RATE IN THE BILL AND IS NOT INCLUDED IN
  7
OpenSans
 11
486.0
 21
217.1399999999996
 31
0.0
100
AcDbText
  0
TEXT
  5
E2
330
17
100
AcDbEntity
  8
S-NOTE
100
AcDbText
 10
486.0
 20
214.27999999999957
 30
0.0
 40
2.0
  1
ANY TOTAL ON THIS SHEET.
  7
OpenSans
 11
486.0
 21
214.27999999999957
 31
0.0
100
AcDbText
  0
TEXT
  5
E3
330
17
100
AcDbEntity
  8
S-NOTE
100
AcDbText
 10
475.0
 20
211.41999999999956
 30
0.0
 40
2.0
  1
10.
  7
OpenSans
 11
475.0
 21
211.41999999999956
 31
0.0
100
AcDbText
  0
TEXT
  5
E4
330
17
100
AcDbEntity
  8
S-NOTE
100
AcDbText
 10
486.0
 20
211.41999999999956
 30
0.0
 40
2.0
  1
ITEM DESCRIPTIONS ARE THE BILL'S OWN,
  7
OpenSans
 11
486.0
 21
211.41999999999956
 31
0.0
100
AcDbText
  0
TEXT
  5
E5
330
17
100
AcDbEntity
  8
S-NOTE
100
AcDbText
 10
486.0
 20
208.55999999999955
 30
0.0
 40
2.0
  1
TRIMMED TO THE COLUMN WHERE MARKED
  7
OpenSans
 11
486.0
 21
208.55999999999955
 31
0.0
100
AcDbText
  0
TEXT
  5
E6
330
17
100
AcDbEntity
  8
S-NOTE
100
AcDbText
 10
486.0
 20
205.69999999999953
 30
0.0
 40
2.0
  1
WITH AN ELLIPSIS. THE BILL GOVERNS.
  7
OpenSans
 11
486.0
 21
205.69999999999953
 31
0.0
100
AcDbText
  0
TEXT
  5
E7
330
17
100
AcDbEntity
  8
S-NOTE
100
AcDbText
 10
475.0
 20
202.83999999999952
 30
0.0
 40
2.0
  1
11.
  7
OpenSans
 11
475.0
 21
202.83999999999952
 31
0.0
100
AcDbText
  0
TEXT
  5
E8
330
17
100
AcDbEntity
  8
S-NOTE
100
AcDbText
 10
486.0
 20
202.83999999999952
 30
0.0
 40
2.0
  1
CONTRACTOR TO CHECK AND VERIFY THE
  7
OpenSans
 11
486.0
 21
202.83999999999952
 31
0.0
100
AcDbText
  0
TEXT
  5
E9
330
17
100
AcDbEntity
  8
S-NOTE
100
AcDbText
 10
486.0
 20
199.9799999999995
 30
0.0
 40
2.0
  1
FIGURES BEFORE TENDER.
  7
OpenSans
 11
486.0
 21
199.9799999999995
 31
0.0
100
AcDbText
  0
LWPOLYLINE
  5
EA
330
17
100
AcDbEntity
  8
S-TITLE
100
AcDbPolyline
 90
4
 70
1
 10
467.0
 20
130.3
 10
552.4
 20
130.3
 10
552.4
 20
190.6
 10
467.0
 20
190.6
  0
TEXT
  5
EB
330
17
100
AcDbEntity
  8
S-TITLE
100
AcDbText
 10
509.7
 20
174.2620339883165
 30
0.0
 40
5.31232076473712
  1
WORKS
  7
OpenSans
 72
1
 11
509.7
 21
174.2620339883165
 31
0.0
100
AcDbText
 73
2
  0
TEXT
  5
EC
330
17
100
AcDbEntity
  8
S-TITLE
100
AcDbText
 10
509.7
 20
167.35601699415824
 30
0.0
 40
5.31232076473712
  1
MANAGEMENT -
  7
OpenSans
 72
1
 11
509.7
 21
167.35601699415824
 31
0.0
100
AcDbText
 73
2
  0
TEXT
  5
ED
330
17
100
AcDbEntity
  8
S-TITLE
100
AcDbText
 10
509.7
 20
160.45
 30
0.0
 40
5.31232076473712
  1
MASTER PROGRAMME
  7
OpenSans
 72
1
 11
509.7
 21
160.45
 31
0.0
100
AcDbText
 73
2
  0
TEXT
  5
EE
330
17
100
AcDbEntity
  8
S-TITLE
100
AcDbText
 10
509.7
 20
153.54398300584174
 30
0.0
 40
5.31232076473712
  1
AND BILL OF
  7
OpenSans
 72
1
 11
509.7
 21
153.54398300584174
 31
0.0
100
AcDbText
 73
2
  0
TEXT
  5
EF
330
17
100
AcDbEntity
  8
S-TITLE
100
AcDbText
 10
509.7
 20
146.6379660116835
 30
0.0
 40
5.31232076473712
  1
QUANTITIES
  7
OpenSans
 72
1
 11
509.7
 21
146.6379660116835
 31
0.0
100
AcDbText
 73
2
  0
LWPOLYLINE
  5
F0
330
17
100
AcDbEntity
  8
S-TITLE
100
AcDbPolyline
 90
4
 70
1
 10
467.0
 20
33.6
 10
552.4
 20
33.6
 10
552.4
 20
128.2
 10
467.0
 20
128.2
  0
LINE
  5
F1
330
17
100
AcDbEntity
  8
S-TITLE
100
AcDbLine
 10
467.0
 20
40.9
 30
0.0
 11
552.4
 21
40.9
 31
0.0
  0
LINE
  5
F2
330
17
100
AcDbEntity
  8
S-TITLE
100
AcDbLine
 10
467.0
 20
54.6
 30
0.0
 11
552.4
 21
54.6
 31
0.0
  0
LINE
  5
F3
330
17
100
AcDbEntity
  8
S-TITLE
100
AcDbLine
 10
467.0
 20
61.8
 30
0.0
 11
552.4
 21
61.8
 31
0.0
  0
LINE
  5
F4
330
17
100
AcDbEntity
  8
S-TITLE
100
AcDbLine
 10
467.0
 20
69.1
 30
0.0
 11
552.4
 21
69.1
 31
0.0
  0
LINE
  5
F5
330
17
100
AcDbEntity
  8
S-TITLE
100
AcDbLine
 10
467.0
 20
76.4
 30
0.0
 11
552.4
 21
76.4
 31
0.0
  0
LINE
  5
F6
330
17
100
AcDbEntity
  8
S-TITLE
100
AcDbLine
 10
467.0
 20
83.6
 30
0.0
 11
552.4
 21
83.6
 31
0.0
  0
LINE
  5
F7
330
17
100
AcDbEntity
  8
S-TITLE
100
AcDbLine
 10
467.0
 20
96.9
 30
0.0
 11
552.4
 21
96.9
 31
0.0
  0
TEXT
  5
F8
330
17
100
AcDbEntity
  8
S-TITLE
100
AcDbText
 10
509.7
 20
116.827
 30
0.0
 40
6.58
  1
CBRN HARDENED
  7
OpenSans
 72
1
 11
509.7
 21
116.827
 31
0.0
100
AcDbText
 73
2
  0
TEXT
  5
F9
330
17
100
AcDbEntity
  8
S-TITLE
100
AcDbText
 10
509.7
 20
108.273
 30
0.0
 40
6.58
  1
UG OPS ROOM
  7
OpenSans
 72
1
 11
509.7
 21
108.273
 31
0.0
100
AcDbText
 73
2
  0
TEXT
  5
FA
330
17
100
AcDbEntity
  8
S-TITLE
100
AcDbText
 10
509.7
 20
90.25
 30
0.0
 40
7.0
  1
SHEET 13
  7
OpenSans
 72
1
 11
509.7
 21
90.25
 31
0.0
100
AcDbText
 73
2
  0
TEXT
  5
FB
330
17
100
AcDbEntity
  8
S-TITLE
100
AcDbText
 10
509.7
 20
47.75
 30
0.0
 40
7.0
  1
WMS013
  7
OpenSans
 72
1
 11
509.7
 21
47.75
 31
0.0
100
AcDbText
 73
2
  0
TEXT
  5
FC
330
17
100
AcDbEntity
  8
S-TITLE
100
AcDbText
 10
471.0
 20
80.0
 30
0.0
 40
3.2
  1
Project number
  7
OpenSans
 11
471.0
 21
80.0
 31
0.0
100
AcDbText
 73
2
  0
TEXT
  5
FD
330
17
100
AcDbEntity
  8
S-TITLE
100
AcDbText
 10
548.4
 20
80.0
 30
0.0
 40
3.2
  1
01
  7
OpenSans
 72
2
 11
548.4
 21
80.0
 31
0.0
100
AcDbText
 73
2
  0
TEXT
  5
FE
330
17
100
AcDbEntity
  8
S-TITLE
100
AcDbText
 10
471.0
 20
72.75
 30
0.0
 40
3.2
  1
Date
  7
OpenSans
 11
471.0
 21
72.75
 31
0.0
100
AcDbText
 73
2
  0
TEXT
  5
FF
330
17
100
AcDbEntity
  8
S-TITLE
100
AcDbText
 10
548.4
 20
72.75
 30
0.0
 40
3.2
  1
18 SEP 2026
  7
OpenSans
 72
2
 11
548.4
 21
72.75
 31
0.0
100
AcDbText
 73
2
  0
TEXT
  5
100
330
17
100
AcDbEntity
  8
S-TITLE
100
AcDbText
 10
471.0
 20
65.44999999999999
 30
0.0
 40
3.2
  1
Drawn by
  7
OpenSans
 11
471.0
 21
65.44999999999999
 31
0.0
100
AcDbText
 73
2
  0
TEXT
  5
101
330
17
100
AcDbEntity
  8
S-TITLE
100
AcDbText
 10
548.4
 20
65.44999999999999
 30
0.0
 40
3.2
  1
SYN 01
  7
OpenSans
 72
2
 11
548.4
 21
65.44999999999999
 31
0.0
100
AcDbText
 73
2
  0
TEXT
  5
102
330
17
100
AcDbEntity
  8
S-TITLE
100
AcDbText
 10
471.0
 20
58.2
 30
0.0
 40
3.2
  1
Checked by
  7
OpenSans
 11
471.0
 21
58.2
 31
0.0
100
AcDbText
 73
2
  0
TEXT
  5
103
330
17
100
AcDbEntity
  8
S-TITLE
100
AcDbText
 10
548.4
 20
58.2
 30
0.0
 40
3.2
  1
DR IR CHAUDHARI
  7
OpenSans
 72
2
 11
548.4
 21
58.2
 31
0.0
100
AcDbText
 73
2
  0
TEXT
  5
104
330
17
100
AcDbEntity
  8
S-TITLE
100
AcDbText
 10
471.0
 20
37.25
 30
0.0
 40
3.2
  1
Scale
  7
OpenSans
 11
471.0
 21
37.25
 31
0.0
100
AcDbText
 73
2
  0
TEXT
  5
105
330
17
100
AcDbEntity
  8
S-TITLE
100
AcDbText
 10
548.4
 20
37.25
 30
0.0
 40
3.2
  1
Not to scale
  7
OpenSans
 72
2
 11
548.4
 21
37.25
 31
0.0
100
AcDbText
 73
2
  0
LWPOLYLINE
  5
106
330
17
100
AcDbEntity
  8
S-TABLE
100
AcDbPolyline
 90
4
 70
1
 10
44.0
 20
376.59999999999997
 10
260.0
 20
376.59999999999997
 10
260.0
 20
383.0
 10
44.0
 20
383.0
  0
TEXT
  5
107
330
17
100
AcDbEntity
  8
S-TABLE
100
AcDbText
 10
152.0
 20
379.8
 30
0.0
 40
3.8
  1
BILL OF QUANTITIES - MEASURED ITEMS  (REVISED)
  7
OpenSans
 72
1
 11
152.0
 21
379.8
 31
0.0
100
AcDbText
 73
2
  0
LWPOLYLINE
  5
108
330
17
100
AcDbEntity
  8
S-TABLE
100
AcDbPolyline
 90
4
 70
1
 10
44.0
 20
368.8477272727273
 10
260.0
 20
368.8477272727273
 10
260.0
 20
376.6
 10
44.0
 20
376.6
  0
TEXT
  5
109
330
17
100
AcDbEntity
  8
S-TABLE
100
AcDbText
 10
48.46089130409707
 20
372.72386363636366
 30
0.0
 40
2.9
  1
No.
  7
OpenSans
 72
1
 11
48.46089130409707
 21
372.72386363636366
 31
0.0
100
AcDbText
 73
2
  0
LINE
  5
10A
330
17
100
AcDbEntity
  8
S-TABLE
100
AcDbLine
 10
52.921782608194135
 20
368.8477272727273
 30
0.0
 11
52.921782608194135
 21
376.6
 31
0.0
  0
TEXT
  5
10B
330
17
100
AcDbEntity
  8
S-TABLE
100
AcDbText
 10
118.24513684060884
 20
372.72386363636366
 30
0.0
 40
2.9
  1
ITEM
  7
OpenSans
 72
1
 11
118.24513684060884
 21
372.72386363636366
 31
0.0
100
AcDbText
 73
2
  0
LINE
  5
10C
330
17
100
AcDbEntity
  8
S-TABLE
100
AcDbLine
 10
183.56849107302355
 20
368.8477272727273
 30
0.0
 11
183.56849107302355
 21
376.6
 31
0.0
  0
TEXT
  5
10D
330
17
100
AcDbEntity
  8
S-TABLE
100
AcDbText
 10
190.45615573083865
 20
372.72386363636366
 30
0.0
 40
2.9
  1
UNIT
  7
OpenSans
 72
1
 11
190.45615573083865
 21
372.72386363636366
 31
0.0
100
AcDbText
 73
2
  0
LINE
  5
10E
330
17
100
AcDbEntity
  8
S-TABLE
100
AcDbLine
 10
197.3438203886537
 20
368.8477272727273
 30
0.0
 11
197.3438203886537
 21
376.6
 31
0.0
  0
TEXT
  5
10F
330
17
100
AcDbEntity
  8
S-TABLE
100
AcDbText
 10
204.96420386720817
 20
372.72386363636366
 30
0.0
 40
2.9
  1
QTY
  7
OpenSans
 72
1
 11
204.96420386720817
 21
372.72386363636366
 31
0.0
100
AcDbText
 73
2
  0
LINE
  5
110
330
17
100
AcDbEntity
  8
S-TABLE
100
AcDbLine
 10
212.58458734576263
 20
368.8477272727273
 30
0.0
 11
212.58458734576263
 21
376.6
 31
0.0
  0
TEXT
  5
111
330
17
100
AcDbEntity
  8
S-TABLE
100
AcDbText
 10
222.635481508662
 20
372.72386363636366
 30
0.0
 40
2.9
  1
RATE  Rs
  7
OpenSans
 72
1
 11
222.635481508662
 21
372.72386363636366
 31
0.0
100
AcDbText
 73
2
  0
LINE
  5
112
330
17
100
AcDbEntity
  8
S-TABLE
100
AcDbLine
 10
232.68637567156134
 20
368.8477272727273
 30
0.0
 11
232.68637567156134
 21
376.6
 31
0.0
  0
TEXT
  5
113
330
17
100
AcDbEntity
  8
S-TABLE
100
AcDbText
 10
246.34318783578067
 20
372.72386363636366
 30
0.0
 40
2.9
  1
AMOUNT  Rs
  7
OpenSans
 72
1
 11
246.34318783578067
 21
372.72386363636366
 31
0.0
100
AcDbText
 73
2
  0
LWPOLYLINE
  5
114
330
17
100
AcDbEntity
  8
S-TABLE
100
AcDbPolyline
 90
4
 70
1
 10
44.0
 20
361.0954545454546
 10
260.0
 20
361.0954545454546
 10
260.0
 20
368.8477272727273
 10
44.0
 20
368.8477272727273
  0
TEXT
  5
115
330
17
100
AcDbEntity
  8
S-TABLE
100
AcDbText
 10
45.6
 20
364.97159090909093
 30
0.0
 40
2.9
  1
PART I - SURVEY, SITE CLEARANCE & EXCAVATION          4 ITEMS          Rs 19,12,726
  7
OpenSans
 11
45.6
 21
364.97159090909093
 31
0.0
100
AcDbText
 73
2
  0
LWPOLYLINE
  5
116
330
17
100
AcDbEntity
  8
S-TABLE
100
AcDbPolyline
 90
4
 70
1
 10
44.0
 20
353.34318181818185
 10
260.0
 20
353.34318181818185
 10
260.0
 20
361.0954545454546
 10
44.0
 20
361.0954545454546
  0
TEXT
  5
117
330
17
100
AcDbEntity
  8
S-TABLE
100
AcDbText
 10
48.46089130409707
 20
357.2193181818182
 30
0.0
 40
2.7
  1
1
  7
OpenSans
 72
1
 11
48.46089130409707
 21
357.2193181818182
 31
0.0
100
AcDbText
 73
2
  0
LINE
  5
118
330
17
100
AcDbEntity
  8
S-TABLE
100
AcDbLine
 10
52.921782608194135
 20
353.34318181818185
 30
0.0
 11
52.921782608194135
 21
361.0954545454546
 31
0.0
  0
TEXT
  5
119
330
17
100
AcDbEntity
  8
S-TABLE
100
AcDbText
 10
54.321782608194134
 20
357.2193181818182
 30
0.0
 40
2.7
  1
Confirmatory Soil & Rock Core Boreholes
  7
OpenSans
 11
54.321782608194134
 21
357.2193181818182
 31
0.0
100
AcDbText
 73
2
  0
LINE
  5
11A
330
17
100
AcDbEntity
  8
S-TABLE
100
AcDbLine
 10
183.56849107302355
 20
353.34318181818185
 30
0.0
 11
183.56849107302355
 21
361.0954545454546
 31
0.0
  0
TEXT
  5
11B
330
17
100
AcDbEntity
  8
S-TABLE
100
AcDbText
 10
190.45615573083865
 20
357.2193181818182
 30
0.0
 40
2.7
  1
No
  7
OpenSans
 72
1
 11
190.45615573083865
 21
357.2193181818182
 31
0.0
100
AcDbText
 73
2
  0
LINE
  5
11C
330
17
100
AcDbEntity
  8
S-TABLE
100
AcDbLine
 10
197.3438203886537
 20
353.34318181818185
 30
0.0
 11
197.3438203886537
 21
361.0954545454546
 31
0.0
  0
TEXT
  5
11D
330
17
100
AcDbEntity
  8
S-TABLE
100
AcDbText
 10
211.18458734576262
 20
357.2193181818182
 30
0.0
 40
2.7
  1
4
  7
OpenSans
 72
2
 11
211.18458734576262
 21
357.2193181818182
 31
0.0
100
AcDbText
 73
2
  0
LINE
  5
11E
330
17
100
AcDbEntity
  8
S-TABLE
100
AcDbLine
 10
212.58458734576263
 20
353.34318181818185
 30
0.0
 11
212.58458734576263
 21
361.0954545454546
 31
0.0
  0
TEXT
  5
11F
330
17
100
AcDbEntity
  8
S-TABLE
100
AcDbText
 10
231.28637567156133
 20
357.2193181818182
 30
0.0
 40
2.7
  1
50000
  7
OpenSans
 72
2
 11
231.28637567156133
 21
357.2193181818182
 31
0.0
100
AcDbText
 73
2
  0
LINE
  5
120
330
17
100
AcDbEntity
  8
S-TABLE
100
AcDbLine
 10
232.68637567156134
 20
353.34318181818185
 30
0.0
 11
232.68637567156134
 21
361.0954545454546
 31
0.0
  0
TEXT
  5
121
330
17
100
AcDbEntity
  8
S-TABLE
100
AcDbText
 10
258.6
 20
357.2193181818182
 30
0.0
 40
2.7
  1
2,34,660
  7
OpenSans
 72
2
 11
258.6
 21
357.2193181818182
 31
0.0
100
AcDbText
 73
2
  0
LWPOLYLINE
  5
122
330
17
100
AcDbEntity
  8
S-TABLE
100
AcDbPolyline
 90
4
 70
1
 10
44.0
 20
345.5909090909091
 10
260.0
 20
345.5909090909091
 10
260.0
 20
353.34318181818185
 10
44.0
 20
353.34318181818185
  0
TEXT
  5
123
330
17
100
AcDbEntity
  8
S-TABLE
100
AcDbText
 10
48.46089130409707
 20
349.4670454545455
 30
0.0
 40
2.7
  1
2
  7
OpenSans
 72
1
 11
48.46089130409707
 21
349.4670454545455
 31
0.0
100
AcDbText
 73
2
  0
LINE
  5
124
330
17
100
AcDbEntity
  8
S-TABLE
100
AcDbLine
 10
52.921782608194135
 20
345.5909090909091
 30
0.0
 11
52.921782608194135
 21
353.34318181818185
 31
0.0
  0
TEXT
  5
125
330
17
100
AcDbEntity
  8
S-TABLE
100
AcDbText
 10
54.321782608194134
 20
349.4670454545455
 30
0.0
 40
2.7
  1
Site Clearance, Grubbing & Setting Out
  7
OpenSans
 11
54.321782608194134
 21
349.4670454545455
 31
0.0
100
AcDbText
 73
2
  0
LINE
  5
126
330
17
100
AcDbEntity
  8
S-TABLE
100
AcDbLine
 10
183.56849107302355
 20
345.5909090909091
 30
0.0
 11
183.56849107302355
 21
353.34318181818185
 31
0.0
  0
TEXT
  5
127
330
17
100
AcDbEntity
  8
S-TABLE
100
AcDbText
 10
190.45615573083865
 20
349.4670454545455
 30
0.0
 40
2.7
  1
Sqm
  7
OpenSans
 72
1
 11
190.45615573083865
 21
349.4670454545455
 31
0.0
100
AcDbText
 73
2
  0
LINE
  5
128
330
17
100
AcDbEntity
  8
S-TABLE
100
AcDbLine
 10
197.3438203886537
 20
345.5909090909091
 30
0.0
 11
197.3438203886537
 21
353.34318181818185
 31
0.0
  0
TEXT
  5
129
330
17
100
AcDbEntity
  8
S-TABLE
100
AcDbText
 10
211.18458734576262
 20
349.4670454545455
 30
0.0
 40
2.7
  1
1800
  7
OpenSans
 72
2
 11
211.18458734576262
 21
349.4670454545455
 31
0.0
100
AcDbText
 73
2
  0
LINE
  5
12A
330
17
100
AcDbEntity
  8
S-TABLE
100
AcDbLine
 10
212.58458734576263
 20
345.5909090909091
 30
0.0
 11
212.58458734576263
 21
353.34318181818185
 31
0.0
  0
TEXT
  5
12B
330
17
100
AcDbEntity
  8
S-TABLE
100
AcDbText
 10
231.28637567156133
 20
349.4670454545455
 30
0.0
 40
2.7
  1
44.8
  7
OpenSans
 72
2
 11
231.28637567156133
 21
349.4670454545455
 31
0.0
100
AcDbText
 73
2
  0
LINE
  5
12C
330
17
100
AcDbEntity
  8
S-TABLE
100
AcDbLine
 10
232.68637567156134
 20
345.5909090909091
 30
0.0
 11
232.68637567156134
 21
353.34318181818185
 31
0.0
  0
TEXT
  5
12D
330
17
100
AcDbEntity
  8
S-TABLE
100
AcDbText
 10
258.6
 20
349.4670454545455
 30
0.0
 40
2.7
  1
96,500
  7
OpenSans
 72
2
 11
258.6
 21
349.4670454545455
 31
0.0
100
AcDbText
 73
2
  0
LWPOLYLINE
  5
12E
330
17
100
AcDbEntity
  8
S-TABLE
100
AcDbPolyline
 90
4
 70
1
 10
44.0
 20
337.8386363636364
 10
260.0
 20
337.8386363636364
 10
260.0
 20
345.5909090909091
 10
44.0
 20
345.5909090909091
  0
TEXT
  5
12F
330
17
100
AcDbEntity
  8
S-TABLE
100
AcDbText
 10
48.46089130409707
 20
341.71477272727276
 30
0.0
 40
2.7
  1
3
  7
OpenSans
 72
1
 11
48.46089130409707
 21
341.71477272727276
 31
0.0
100
AcDbText
 73
2
  0
LINE
  5
130
330
17
100
AcDbEntity
  8
S-TABLE
100
AcDbLine
 10
52.921782608194135
 20
337.8386363636364
 30
0.0
 11
52.921782608194135
 21
345.5909090909091
 31
0.0
  0
TEXT
  5
131
330
17
100
AcDbEntity
  8
S-TABLE
100
AcDbText
 10
54.321782608194134
 20
341.71477272727276
 30
0.0
 40
2.7
  1
Mass Excavation in Basalt / Murum (~6.8 m)
  7
OpenSans
 11
54.321782608194134
 21
341.71477272727276
 31
0.0
100
AcDbText
 73
2
  0
LINE
  5
132
330
17
100
AcDbEntity
  8
S-TABLE
100
AcDbLine
 10
183.56849107302355
 20
337.8386363636364
 30
0.0
 11
183.56849107302355
 21
345.5909090909091
 31
0.0
  0
TEXT
  5
133
330
17
100
AcDbEntity
  8
S-TABLE
100
AcDbText
 10
190.45615573083865
 20
341.71477272727276
 30
0.0
 40
2.7
  1
Cum
  7
OpenSans
 72
1
 11
190.45615573083865
 21
341.71477272727276
 31
0.0
100
AcDbText
 73
2
  0
LINE
  5
134
330
17
100
AcDbEntity
  8
S-TABLE
100
AcDbLine
 10
197.3438203886537
 20
337.8386363636364
 30
0.0
 11
197.3438203886537
 21
345.5909090909091
 31
0.0
  0
TEXT
  5
135
330
17
100
AcDbEntity
  8
S-TABLE
100
AcDbText
 10
211.18458734576262
 20
341.71477272727276
 30
0.0
 40
2.7
  1
1539
  7
OpenSans
 72
2
 11
211.18458734576262
 21
341.71477272727276
 31
0.0
100
AcDbText
 73
2
  0
LINE
  5
136
330
17
100
AcDbEntity
  8
S-TABLE
100
AcDbLine
 10
212.58458734576263
 20
337.8386363636364
 30
0.0
 11
212.58458734576263
 21
345.5909090909091
 31
0.0
  0
TEXT
  5
137
330
17
100
AcDbEntity
  8
S-TABLE
100
AcDbText
 10
231.28637567156133
 20
341.71477272727276
 30
0.0
 40
2.7
  1
850
  7
OpenSans
 72
2
 11
231.28637567156133
 21
341.71477272727276
 31
0.0
100
AcDbText
 73
2
  0
LINE
  5
138
330
17
100
AcDbEntity
  8
S-TABLE
100
AcDbLine
 10
232.68637567156134
 20
337.8386363636364
 30
0.0
 11
232.68637567156134
 21
345.5909090909091
 31
0.0
  0
TEXT
  5
139
330
17
100
AcDbEntity
  8
S-TABLE
100
AcDbText
 10
258.6
 20
341.71477272727276
 30
0.0
 40
2.7
  1
15,12,570
  7
OpenSans
 72
2
 11
258.6
 21
341.71477272727276
 31
0.0
100
AcDbText
 73
2
  0
LWPOLYLINE
  5
13A
330
17
100
AcDbEntity
  8
S-TABLE
100
AcDbPolyline
 90
4
 70
1
 10
44.0
 20
330.08636363636367
 10
260.0
 20
330.08636363636367
 10
260.0
 20
337.8386363636364
 10
44.0
 20
337.8386363636364
  0
TEXT
  5
13B
330
17
100
AcDbEntity
  8
S-TABLE
100
AcDbText
 10
48.46089130409707
 20
333.96250000000003
 30
0.0
 40
2.7
  1
4
  7
OpenSans
 72
1
 11
48.46089130409707
 21
333.96250000000003
 31
0.0
100
AcDbText
 73
2
  0
LINE
  5
13C
330
17
100
AcDbEntity
  8
S-TABLE
100
AcDbLine
 10
52.921782608194135
 20
330.08636363636367
 30
0.0
 11
52.921782608194135
 21
337.8386363636364
 31
0.0
  0
TEXT
  5
13D
330
17
100
AcDbEntity
  8
S-TABLE
100
AcDbText
 10
54.321782608194134
 20
333.96250000000003
 30
0.0
 40
2.7
  1
Surface Dressing & Anti-Termite Treatment
  7
OpenSans
 11
54.321782608194134
 21
333.96250000000003
 31
0.0
100
AcDbText
 73
2
  0
LINE
  5
13E
330
17
100
AcDbEntity
  8
S-TABLE
100
AcDbLine
 10
183.56849107302355
 20
330.08636363636367
 30
0.0
 11
183.56849107302355
 21
337.8386363636364
 31
0.0
  0
TEXT
  5
13F
330
17
100
AcDbEntity
  8
S-TABLE
100
AcDbText
 10
190.45615573083865
 20
333.96250000000003
 30
0.0
 40
2.7
  1
Sqm
  7
OpenSans
 72
1
 11
190.45615573083865
 21
333.96250000000003
 31
0.0
100
AcDbText
 73
2
  0
LINE
  5
140
330
17
100
AcDbEntity
  8
S-TABLE
100
AcDbLine
 10
197.3438203886537
 20
330.08636363636367
 30
0.0
 11
197.3438203886537
 21
337.8386363636364
 31
0.0
  0
TEXT
  5
141
330
17
100
AcDbEntity
  8
S-TABLE
100
AcDbText
 10
211.18458734576262
 20
333.96250000000003
 30
0.0
 40
2.7
  1
320
  7
OpenSans
 72
2
 11
211.18458734576262
 21
333.96250000000003
 31
0.0
100
AcDbText
 73
2
  0
LINE
  5
142
330
17
100
AcDbEntity
  8
S-TABLE
100
AcDbLine
 10
212.58458734576263
 20
330.08636363636367
 30
0.0
 11
212.58458734576263
 21
337.8386363636364
 31
0.0
  0
TEXT
  5
143
330
17
100
AcDbEntity
  8
S-TABLE
100
AcDbText
 10
231.28637567156133
 20
333.96250000000003
 30
0.0
 40
2.7
  1
180
  7
OpenSans
 72
2
 11
231.28637567156133
 21
333.96250000000003
 31
0.0
100
AcDbText
 73
2
  0
LINE
  5
144
330
17
100
AcDbEntity
  8
S-TABLE
100
AcDbLine
 10
232.68637567156134
 20
330.08636363636367
 30
0.0
 11
232.68637567156134
 21
337.8386363636364
 31
0.0
  0
TEXT
  5
145
330
17
100
AcDbEntity
  8
S-TABLE
100
AcDbText
 10
258.6
 20
333.96250000000003
 30
0.0
 40
2.7
  1
68,996
  7
OpenSans
 72
2
 11
258.6
 21
333.96250000000003
 31
0.0
100
AcDbText
 73
2
  0
LWPOLYLINE
  5
146
330
17
100
AcDbEntity
  8
S-TABLE
100
AcDbPolyline
 90
4
 70
1
 10
44.0
 20
322.33409090909095
 10
260.0
 20
322.33409090909095
 10
260.0
 20
330.08636363636367
 10
44.0
 20
330.08636363636367
  0
TEXT
  5
147
330
17
100
AcDbEntity
  8
S-TABLE
100
AcDbText
 10
45.6
 20
326.2102272727273
 30
0.0
 40
2.9
  1
PART II - SUBSTRUCTURE & FOUNDATION WORKS          5 ITEMS          Rs 12,83,471
  7
OpenSans
 11
45.6
 21
326.2102272727273
 31
0.0
100
AcDbText
 73
2
  0
LWPOLYLINE
  5
148
330
17
100
AcDbEntity
  8
S-TABLE
100
AcDbPolyline
 90
4
 70
1
 10
44.0
 20
314.5818181818182
 10
260.0
 20
314.5818181818182
 10
260.0
 20
322.33409090909095
 10
44.0
 20
322.33409090909095
  0
TEXT
  5
149
330
17
100
AcDbEntity
  8
S-TABLE
100
AcDbText
 10
48.46089130409707
 20
318.4579545454546
 30
0.0
 40
2.7
  1
1
  7
OpenSans
 72
1
 11
48.46089130409707
 21
318.4579545454546
 31
0.0
100
AcDbText
 73
2
  0
LINE
  5
14A
330
17
100
AcDbEntity
  8
S-TABLE
100
AcDbLine
 10
52.921782608194135
 20
314.5818181818182
 30
0.0
 11
52.921782608194135
 21
322.33409090909095
 31
0.0
  0
TEXT
  5
14B
330
17
100
AcDbEntity
  8
S-TABLE
100
AcDbText
 10
54.321782608194134
 20
318.4579545454546
 30
0.0
 40
2.7
  1
Formwork for Mat Raft & Bay 5 Sump
  7
OpenSans
 11
54.321782608194134
 21
318.4579545454546
 31
0.0
100
AcDbText
 73
2
  0
LINE
  5
14C
330
17
100
AcDbEntity
  8
S-TABLE
100
AcDbLine
 10
183.56849107302355
 20
314.5818181818182
 30
0.0
 11
183.56849107302355
 21
322.33409090909095
 31
0.0
  0
TEXT
  5
14D
330
17
100
AcDbEntity
  8
S-TABLE
100
AcDbText
 10
190.45615573083865
 20
318.4579545454546
 30
0.0
 40
2.7
  1
Sqm
  7
OpenSans
 72
1
 11
190.45615573083865
 21
318.4579545454546
 31
0.0
100
AcDbText
 73
2
  0
LINE
  5
14E
330
17
100
AcDbEntity
  8
S-TABLE
100
AcDbLine
 10
197.3438203886537
 20
314.5818181818182
 30
0.0
 11
197.3438203886537
 21
322.33409090909095
 31
0.0
  0
TEXT
  5
14F
330
17
100
AcDbEntity
  8
S-TABLE
100
AcDbText
 10
211.18458734576262
 20
318.4579545454546
 30
0.0
 40
2.7
  1
125
  7
OpenSans
 72
2
 11
211.18458734576262
 21
318.4579545454546
 31
0.0
100
AcDbText
 73
2
  0
LINE
  5
150
330
17
100
AcDbEntity
  8
S-TABLE
100
AcDbLine
 10
212.58458734576263
 20
314.5818181818182
 30
0.0
 11
212.58458734576263
 21
322.33409090909095
 31
0.0
  0
TEXT
  5
151
330
17
100
AcDbEntity
  8
S-TABLE
100
AcDbText
 10
231.28637567156133
 20
318.4579545454546
 30
0.0
 40
2.7
  1
410
  7
OpenSans
 72
2
 11
231.28637567156133
 21
318.4579545454546
 31
0.0
100
AcDbText
 73
2
  0
LINE
  5
152
330
17
100
AcDbEntity
  8
S-TABLE
100
AcDbLine
 10
232.68637567156134
 20
314.5818181818182
 30
0.0
 11
232.68637567156134
 21
322.33409090909095
 31
0.0
  0
TEXT
  5
153
330
17
100
AcDbEntity
  8
S-TABLE
100
AcDbText
 10
258.6
 20
318.4579545454546
 30
0.0
 40
2.7
  1
82,750
  7
OpenSans
 72
2
 11
258.6
 21
318.4579545454546
 31
0.0
100
AcDbText
 73
2
  0
LWPOLYLINE
  5
154
330
17
100
AcDbEntity
  8
S-TABLE
100
AcDbPolyline
 90
4
 70
1
 10
44.0
 20
306.8295454545455
 10
260.0
 20
306.8295454545455
 10
260.0
 20
314.5818181818182
 10
44.0
 20
314.5818181818182
  0
TEXT
  5
155
330
17
100
AcDbEntity
  8
S-TABLE
100
AcDbText
 10
48.46089130409707
 20
310.70568181818186
 30
0.0
 40
2.7
  1
2
  7
OpenSans
 72
1
 11
48.46089130409707
 21
310.70568181818186
 31
0.0
100
AcDbText
 73
2
  0
LINE
  5
156
330
17
100
AcDbEntity
  8
S-TABLE
100
AcDbLine
 10
52.921782608194135
 20
306.8295454545455
 30
0.0
 11
52.921782608194135
 21
314.5818181818182
 31
0.0
  0
TEXT
  5
157
330
17
100
AcDbEntity
  8
S-TABLE
100
AcDbText
 10
54.321782608194134
 20
310.70568181818186
 30
0.0
 40
2.7
  1
PCC 1:3:6 Levelling Bed (100 mm)
  7
OpenSans
 11
54.321782608194134
 21
310.70568181818186
 31
0.0
100
AcDbText
 73
2
  0
LINE
  5
158
330
17
100
AcDbEntity
  8
S-TABLE
100
AcDbLine
 10
183.56849107302355
 20
306.8295454545455
 30
0.0
 11
183.56849107302355
 21
314.5818181818182
 31
0.0
  0
TEXT
  5
159
330
17
100
AcDbEntity
  8
S-TABLE
100
AcDbText
 10
190.45615573083865
 20
310.70568181818186
 30
0.0
 40
2.7
  1
Cum
  7
OpenSans
 72
1
 11
190.45615573083865
 21
310.70568181818186
 31
0.0
100
AcDbText
 73
2
  0
LINE
  5
15A
330
17
100
AcDbEntity
  8
S-TABLE
100
AcDbLine
 10
197.3438203886537
 20
306.8295454545455
 30
0.0
 11
197.3438203886537
 21
314.5818181818182
 31
0.0
  0
TEXT
  5
15B
330
17
100
AcDbEntity
  8
S-TABLE
100
AcDbText
 10
211.18458734576262
 20
310.70568181818186
 30
0.0
 40
2.7
  1
17.17
  7
OpenSans
 72
2
 11
211.18458734576262
 21
310.70568181818186
 31
0.0
100
AcDbText
 73
2
  0
LINE
  5
15C
330
17
100
AcDbEntity
  8
S-TABLE
100
AcDbLine
 10
212.58458734576263
 20
306.8295454545455
 30
0.0
 11
212.58458734576263
 21
314.5818181818182
 31
0.0
  0
TEXT
  5
15D
330
17
100
AcDbEntity
  8
S-TABLE
100
AcDbText
 10
231.28637567156133
 20
310.70568181818186
 30
0.0
 40
2.7
  1
5500
  7
OpenSans
 72
2
 11
231.28637567156133
 21
310.70568181818186
 31
0.0
100
AcDbText
 73
2
  0
LINE
  5
15E
330
17
100
AcDbEntity
  8
S-TABLE
100
AcDbLine
 10
232.68637567156134
 20
306.8295454545455
 30
0.0
 11
232.68637567156134
 21
314.5818181818182
 31
0.0
  0
TEXT
  5
15F
330
17
100
AcDbEntity
  8
S-TABLE
100
AcDbText
 10
258.6
 20
310.70568181818186
 30
0.0
 40
2.7
  1
1,05,831
  7
OpenSans
 72
2
 11
258.6
 21
310.70568181818186
 31
0.0
100
AcDbText
 73
2
  0
LWPOLYLINE
  5
160
330
17
100
AcDbEntity
  8
S-TABLE
100
AcDbPolyline
 90
4
 70
1
 10
44.0
 20
299.07727272727277
 10
260.0
 20
299.07727272727277
 10
260.0
 20
306.8295454545455
 10
44.0
 20
306.8295454545455
  0
TEXT
  5
161
330
17
100
AcDbEntity
  8
S-TABLE
100
AcDbText
 10
48.46089130409707
 20
302.95340909090913
 30
0.0
 40
2.7
  1
3
  7
OpenSans
 72
1
 11
48.46089130409707
 21
302.95340909090913
 31
0.0
100
AcDbText
 73
2
  0
LINE
  5
162
330
17
100
AcDbEntity
  8
S-TABLE
100
AcDbLine
 10
52.921782608194135
 20
299.07727272727277
 30
0.0
 11
52.921782608194135
 21
306.8295454545455
 31
0.0
  0
TEXT
  5
163
330
17
100
AcDbEntity
  8
S-TABLE
100
AcDbText
 10
54.321782608194134
 20
302.95340909090913
 30
0.0
 40
2.7
  1
Monolithic Mat Raft Casting (M35)
  7
OpenSans
 11
54.321782608194134
 21
302.95340909090913
 31
0.0
100
AcDbText
 73
2
  0
LINE
  5
164
330
17
100
AcDbEntity
  8
S-TABLE
100
AcDbLine
 10
183.56849107302355
 20
299.07727272727277
 30
0.0
 11
183.56849107302355
 21
306.8295454545455
 31
0.0
  0
TEXT
  5
165
330
17
100
AcDbEntity
  8
S-TABLE
100
AcDbText
 10
190.45615573083865
 20
302.95340909090913
 30
0.0
 40
2.7
  1
Cum
  7
OpenSans
 72
1
 11
190.45615573083865
 21
302.95340909090913
 31
0.0
100
AcDbText
 73
2
  0
LINE
  5
166
330
17
100
AcDbEntity
  8
S-TABLE
100
AcDbLine
 10
197.3438203886537
 20
299.07727272727277
 30
0.0
 11
197.3438203886537
 21
306.8295454545455
 31
0.0
  0
TEXT
  5
167
330
17
100
AcDbEntity
  8
S-TABLE
100
AcDbText
 10
211.18458734576262
 20
302.95340909090913
 30
0.0
 40
2.7
  1
81.84
  7
OpenSans
 72
2
 11
211.18458734576262
 21
302.95340909090913
 31
0.0
100
AcDbText
 73
2
  0
LINE
  5
168
330
17
100
AcDbEntity
  8
S-TABLE
100
AcDbLine
 10
212.58458734576263
 20
299.07727272727277
 30
0.0
 11
212.58458734576263
 21
306.8295454545455
 31
0.0
  0
TEXT
  5
169
330
17
100
AcDbEntity
  8
S-TABLE
100
AcDbText
 10
231.28637567156133
 20
302.95340909090913
 30
0.0
 40
2.7
  1
8640
  7
OpenSans
 72
2
 11
231.28637567156133
 21
302.95340909090913
 31
0.0
100
AcDbText
 73
2
  0
LINE
  5
16A
330
17
100
AcDbEntity
  8
S-TABLE
100
AcDbLine
 10
232.68637567156134
 20
299.07727272727277
 30
0.0
 11
232.68637567156134
 21
306.8295454545455
 31
0.0
  0
TEXT
  5
16B
330
17
100
AcDbEntity
  8
S-TABLE
100
AcDbText
 10
258.6
 20
302.95340909090913
 30
0.0
 40
2.7
  1
7,62,082
  7
OpenSans
 72
2
 11
258.6
 21
302.95340909090913
 31
0.0
100
AcDbText
 73
2
  0
LWPOLYLINE
  5
16C
330
17
100
AcDbEntity
  8
S-TABLE
100
AcDbPolyline
 90
4
 70
1
 10
44.0
 20
291.32500000000005
 10
260.0
 20
291.32500000000005
 10
260.0
 20
299.07727272727277
 10
44.0
 20
299.07727272727277
  0
TEXT
  5
16D
330
17
100
AcDbEntity
  8
S-TABLE
100
AcDbText
 10
48.46089130409707
 20
295.2011363636364
 30
0.0
 40
2.7
  1
4
  7
OpenSans
 72
1
 11
48.46089130409707
 21
295.2011363636364
 31
0.0
100
AcDbText
 73
2
  0
LINE
  5
16E
330
17
100
AcDbEntity
  8
S-TABLE
100
AcDbLine
 10
52.921782608194135
 20
291.32500000000005
 30
0.0
 11
52.921782608194135
 21
299.07727272727277
 31
0.0
  0
TEXT
  5
16F
330
17
100
AcDbEntity
  8
S-TABLE
100
AcDbText
 10
54.321782608194134
 20
295.2011363636364
 30
0.0
 40
2.7
  1
Pre-Applied Waterproofing Membrane + Screed
  7
OpenSans
 11
54.321782608194134
 21
295.2011363636364
 31
0.0
100
AcDbText
 73
2
  0
LINE
  5
170
330
17
100
AcDbEntity
  8
S-TABLE
100
AcDbLine
 10
183.56849107302355
 20
291.32500000000005
 30
0.0
 11
183.56849107302355
 21
299.07727272727277
 31
0.0
  0
TEXT
  5
171
330
17
100
AcDbEntity
  8
S-TABLE
100
AcDbText
 10
190.45615573083865
 20
295.2011363636364
 30
0.0
 40
2.7
  1
Sqm
  7
OpenSans
 72
1
 11
190.45615573083865
 21
295.2011363636364
 31
0.0
100
AcDbText
 73
2
  0
LINE
  5
172
330
17
100
AcDbEntity
  8
S-TABLE
100
AcDbLine
 10
197.3438203886537
 20
291.32500000000005
 30
0.0
 11
197.3438203886537
 21
299.07727272727277
 31
0.0
  0
TEXT
  5
173
330
17
100
AcDbEntity
  8
S-TABLE
100
AcDbText
 10
211.18458734576262
 20
295.2011363636364
 30
0.0
 40
2.7
  1
280
  7
OpenSans
 72
2
 11
211.18458734576262
 21
295.2011363636364
 31
0.0
100
AcDbText
 73
2
  0
LINE
  5
174
330
17
100
AcDbEntity
  8
S-TABLE
100
AcDbLine
 10
212.58458734576263
 20
291.32500000000005
 30
0.0
 11
212.58458734576263
 21
299.07727272727277
 31
0.0
  0
TEXT
  5
175
330
17
100
AcDbEntity
  8
S-TABLE
100
AcDbText
 10
231.28637567156133
 20
295.2011363636364
 30
0.0
 40
2.7
  1
950
  7
OpenSans
 72
2
 11
231.28637567156133
 21
295.2011363636364
 31
0.0
100
AcDbText
 73
2
  0
LINE
  5
176
330
17
100
AcDbEntity
  8
S-TABLE
100
AcDbLine
 10
232.68637567156134
 20
291.32500000000005
 30
0.0
 11
232.68637567156134
 21
299.07727272727277
 31
0.0
  0
TEXT
  5
177
330
17
100
AcDbEntity
  8
S-TABLE
100
AcDbText
 10
258.6
 20
295.2011363636364
 30
0.0
 40
2.7
  1
2,80,832
  7
OpenSans
 72
2
 11
258.6
 21
295.2011363636364
 31
0.0
100
AcDbText
 73
2
  0
LWPOLYLINE
  5
178
330
17
100
AcDbEntity
  8
S-TABLE
100
AcDbPolyline
 90
4
 70
1
 10
44.0
 20
283.5727272727273
 10
260.0
 20
283.5727272727273
 10
260.0
 20
291.32500000000005
 10
44.0
 20
291.32500000000005
  0
TEXT
  5
179
330
17
100
AcDbEntity
  8
S-TABLE
100
AcDbText
 10
48.46089130409707
 20
287.4488636363637
 30
0.0
 40
2.7
  1
5
  7
OpenSans
 72
1
 11
48.46089130409707
 21
287.4488636363637
 31
0.0
100
AcDbText
 73
2
  0
LINE
  5
17A
330
17
100
AcDbEntity
  8
S-TABLE
100
AcDbLine
 10
52.921782608194135
 20
283.5727272727273
 30
0.0
 11
52.921782608194135
 21
291.32500000000005
 31
0.0
  0
TEXT
  5
17B
330
17
100
AcDbEntity
  8
S-TABLE
100
AcDbText
 10
54.321782608194134
 20
287.4488636363637
 30
0.0
 40
2.7
  1
Dual Swelling Hydrophilic Kicker Waterstops
  7
OpenSans
 11
54.321782608194134
 21
287.4488636363637
 31
0.0
100
AcDbText
 73
2
  0
LINE
  5
17C
330
17
100
AcDbEntity
  8
S-TABLE
100
AcDbLine
 10
183.56849107302355
 20
283.5727272727273
 30
0.0
 11
183.56849107302355
 21
291.32500000000005
 31
0.0
  0
TEXT
  5
17D
330
17
100
AcDbEntity
  8
S-TABLE
100
AcDbText
 10
190.45615573083865
 20
287.4488636363637
 30
0.0
 40
2.7
  1
M
  7
OpenSans
 72
1
 11
190.45615573083865
 21
287.4488636363637
 31
0.0
100
AcDbText
 73
2
  0
LINE
  5
17E
330
17
100
AcDbEntity
  8
S-TABLE
100
AcDbLine
 10
197.3438203886537
 20
283.5727272727273
 30
0.0
 11
197.3438203886537
 21
291.32500000000005
 31
0.0
  0
TEXT
  5
17F
330
17
100
AcDbEntity
  8
S-TABLE
100
AcDbText
 10
211.18458734576262
 20
287.4488636363637
 30
0.0
 40
2.7
  1
68
  7
OpenSans
 72
2
 11
211.18458734576262
 21
287.4488636363637
 31
0.0
100
AcDbText
 73
2
  0
LINE
  5
180
330
17
100
AcDbEntity
  8
S-TABLE
100
AcDbLine
 10
212.58458734576263
 20
283.5727272727273
 30
0.0
 11
212.58458734576263
 21
291.32500000000005
 31
0.0
  0
TEXT
  5
181
330
17
100
AcDbEntity
  8
S-TABLE
100
AcDbText
 10
231.28637567156133
 20
287.4488636363637
 30
0.0
 40
2.7
  1
650
  7
OpenSans
 72
2
 11
231.28637567156133
 21
287.4488636363637
 31
0.0
100
AcDbText
 73
2
  0
LINE
  5
182
330
17
100
AcDbEntity
  8
S-TABLE
100
AcDbLine
 10
232.68637567156134
 20
283.5727272727273
 30
0.0
 11
232.68637567156134
 21
291.32500000000005
 31
0.0
  0
TEXT
  5
183
330
17
100
AcDbEntity
  8
S-TABLE
100
AcDbText
 10
258.6
 20
287.4488636363637
 30
0.0
 40
2.7
  1
51,976
  7
OpenSans
 72
2
 11
258.6
 21
287.4488636363637
 31
0.0
100
AcDbText
 73
2
  0
LWPOLYLINE
  5
184
330
17
100
AcDbEntity
  8
S-TABLE
100
AcDbPolyline
 90
4
 70
1
 10
44.0
 20
275.8204545454546
 10
260.0
 20
275.8204545454546
 10
260.0
 20
283.5727272727273
 10
44.0
 20
283.5727272727273
  0
TEXT
  5
185
330
17
100
AcDbEntity
  8
S-TABLE
100
AcDbText
 10
45.6
 20
279.69659090909096
 30
0.0
 40
2.9
  1
PART III - SUPERSTRUCTURE & STRUCTURAL RCC          11 ITEMS          Rs 41,45,877
  7
OpenSans
 11
45.6
 21
279.69659090909096
 31
0.0
100
AcDbText
 73
2
  0
LWPOLYLINE
  5
186
330
17
100
AcDbEntity
  8
S-TABLE
100
AcDbPolyline
 90
4
 70
1
 10
44.0
 20
268.06818181818187
 10
260.0
 20
268.06818181818187
 10
260.0
 20
275.8204545454546
 10
44.0
 20
275.8204545454546
  0
TEXT
  5
187
330
17
100
AcDbEntity
  8
S-TABLE
100
AcDbText
 10
48.46089130409707
 20
271.94431818181823
 30
0.0
 40
2.7
  1
1
  7
OpenSans
 72
1
 11
48.46089130409707
 21
271.94431818181823
 31
0.0
100
AcDbText
 73
2
  0
LINE
  5
188
330
17
100
AcDbEntity
  8
S-TABLE
100
AcDbLine
 10
52.921782608194135
 20
268.06818181818187
 30
0.0
 11
52.921782608194135
 21
275.8204545454546
 31
0.0
  0
TEXT
  5
189
330
17
100
AcDbEntity
  8
S-TABLE
100
AcDbText
 10
54.321782608194134
 20
271.94431818181823
 30
0.0
 40
2.7
  1
Formwork for 600 mm Shear Walls (3.2 m Ht)
  7
OpenSans
 11
54.321782608194134
 21
271.94431818181823
 31
0.0
100
AcDbText
 73
2
  0
LINE
  5
18A
330
17
100
AcDbEntity
  8
S-TABLE
100
AcDbLine
 10
183.56849107302355
 20
268.06818181818187
 30
0.0
 11
183.56849107302355
 21
275.8204545454546
 31
0.0
  0
TEXT
  5
18B
330
17
100
AcDbEntity
  8
S-TABLE
100
AcDbText
 10
190.45615573083865
 20
271.94431818181823
 30
0.0
 40
2.7
  1
Sqm
  7
OpenSans
 72
1
 11
190.45615573083865
 21
271.94431818181823
 31
0.0
100
AcDbText
 73
2
  0
LINE
  5
18C
330
17
100
AcDbEntity
  8
S-TABLE
100
AcDbLine
 10
197.3438203886537
 20
268.06818181818187
 30
0.0
 11
197.3438203886537
 21
275.8204545454546
 31
0.0
  0
TEXT
  5
18D
330
17
100
AcDbEntity
  8
S-TABLE
100
AcDbText
 10
211.18458734576262
 20
271.94431818181823
 30
0.0
 40
2.7
  1
480
  7
OpenSans
 72
2
 11
211.18458734576262
 21
271.94431818181823
 31
0.0
100
AcDbText
 73
2
  0
LINE
  5
18E
330
17
100
AcDbEntity
  8
S-TABLE
100
AcDbLine
 10
212.58458734576263
 20
268.06818181818187
 30
0.0
 11
212.58458734576263
 21
275.8204545454546
 31
0.0
  0
TEXT
  5
18F
330
17
100
AcDbEntity
  8
S-TABLE
100
AcDbText
 10
231.28637567156133
 20
271.94431818181823
 30
0.0
 40
2.7
  1
580
  7
OpenSans
 72
2
 11
231.28637567156133
 21
271.94431818181823
 31
0.0
100
AcDbText
 73
2
  0
LINE
  5
190
330
17
100
AcDbEntity
  8
S-TABLE
100
AcDbLine
 10
232.68637567156134
 20
268.06818181818187
 30
0.0
 11
232.68637567156134
 21
275.8204545454546
 31
0.0
  0
TEXT
  5
191
330
17
100
AcDbEntity
  8
S-TABLE
100
AcDbText
 10
258.6
 20
271.94431818181823
 30
0.0
 40
2.7
  1
4,11,888
  7
OpenSans
 72
2
 11
258.6
 21
271.94431818181823
 31
0.0
100
AcDbText
 73
2
  0
LWPOLYLINE
  5
192
330
17
100
AcDbEntity
  8
S-TABLE
100
AcDbPolyline
 90
4
 70
1
 10
44.0
 20
260.31590909090914
 10
260.0
 20
260.31590909090914
 10
260.0
 20
268.06818181818187
 10
44.0
 20
268.06818181818187
  0
TEXT
  5
193
330
17
100
AcDbEntity
  8
S-TABLE
100
AcDbText
 10
48.46089130409707
 20
264.1920454545455
 30
0.0
 40
2.7
  1
2
  7
OpenSans
 72
1
 11
48.46089130409707
 21
264.1920454545455
 31
0.0
100
AcDbText
 73
2
  0
LINE
  5
194
330
17
100
AcDbEntity
  8
S-TABLE
100
AcDbLine
 10
52.921782608194135
 20
260.31590909090914
 30
0.0
 11
52.921782608194135
 21
268.06818181818187
 31
0.0
  0
TEXT
  5
195
330
17
100
AcDbEntity
  8
S-TABLE
100
AcDbText
 10
54.321782608194134
 20
264.1920454545455
 30
0.0
 40
2.7
  1
Casting 600 mm Perimeter & Shear Walls (M35)
  7
OpenSans
 11
54.321782608194134
 21
264.1920454545455
 31
0.0
100
AcDbText
 73
2
  0
LINE
  5
196
330
17
100
AcDbEntity
  8
S-TABLE
100
AcDbLine
 10
183.56849107302355
 20
260.31590909090914
 30
0.0
 11
183.56849107302355
 21
268.06818181818187
 31
0.0
  0
TEXT
  5
197
330
17
100
AcDbEntity
  8
S-TABLE
100
AcDbText
 10
190.45615573083865
 20
264.1920454545455
 30
0.0
 40
2.7
  1
Cum
  7
OpenSans
 72
1
 11
190.45615573083865
 21
264.1920454545455
 31
0.0
100
AcDbText
 73
2
  0
LINE
  5
198
330
17
100
AcDbEntity
  8
S-TABLE
100
AcDbLine
 10
197.3438203886537
 20
260.31590909090914
 30
0.0
 11
197.3438203886537
 21
268.06818181818187
 31
0.0
  0
TEXT
  5
199
330
17
100
AcDbEntity
  8
S-TABLE
100
AcDbText
 10
211.18458734576262
 20
264.1920454545455
 30
0.0
 40
2.7
  1
132.61
  7
OpenSans
 72
2
 11
211.18458734576262
 21
264.1920454545455
 31
0.0
100
AcDbText
 73
2
  0
LINE
  5
19A
330
17
100
AcDbEntity
  8
S-TABLE
100
AcDbLine
 10
212.58458734576263
 20
260.31590909090914
 30
0.0
 11
212.58458734576263
 21
268.06818181818187
 31
0.0
  0
TEXT
  5
19B
330
17
100
AcDbEntity
  8
S-TABLE
100
AcDbText
 10
231.28637567156133
 20
264.1920454545455
 30
0.0
 40
2.7
  1
8640
  7
OpenSans
 72
2
 11
231.28637567156133
 21
264.1920454545455
 31
0.0
100
AcDbText
 73
2
  0
LINE
  5
19C
330
17
100
AcDbEntity
  8
S-TABLE
100
AcDbLine
 10
232.68637567156134
 20
260.31590909090914
 30
0.0
 11
232.68637567156134
 21
268.06818181818187
 31
0.0
  0
TEXT
  5
19D
330
17
100
AcDbEntity
  8
S-TABLE
100
AcDbText
 10
258.6
 20
264.1920454545455
 30
0.0
 40
2.7
  1
12,36,918
  7
OpenSans
 72
2
 11
258.6
 21
264.1920454545455
 31
0.0
100
AcDbText
 73
2
  0
LWPOLYLINE
  5
19E
330
17
100
AcDbEntity
  8
S-TABLE
100
AcDbPolyline
 90
4
 70
1
 10
44.0
 20
252.56363636363642
 10
260.0
 20
252.56363636363642
 10
260.0
 20
260.31590909090914
 10
44.0
 20
260.31590909090914
  0
TEXT
  5
19F
330
17
100
AcDbEntity
  8
S-TABLE
100
AcDbText
 10
48.46089130409707
 20
256.4397727272728
 30
0.0
 40
2.7
  1
3
  7
OpenSans
 72
1
 11
48.46089130409707
 21
256.4397727272728
 31
0.0
100
AcDbText
 73
2
  0
LINE
  5
1A0
330
17
100
AcDbEntity
  8
S-TABLE
100
AcDbLine
 10
52.921782608194135
 20
252.56363636363642
 30
0.0
 11
52.921782608194135
 21
260.31590909090914
 31
0.0
  0
TEXT
  5
1A1
330
17
100
AcDbEntity
  8
S-TABLE
100
AcDbText
 10
54.321782608194134
 20
256.4397727272728
 30
0.0
 40
2.7
  1
Formwork & Staging for 900 mm Pressure Slab
  7
OpenSans
 11
54.321782608194134
 21
256.4397727272728
 31
0.0
100
AcDbText
 73
2
  0
LINE
  5
1A2
330
17
100
AcDbEntity
  8
S-TABLE
100
AcDbLine
 10
183.56849107302355
 20
252.56363636363642
 30
0.0
 11
183.56849107302355
 21
260.31590909090914
 31
0.0
  0
TEXT
  5
1A3
330
17
100
AcDbEntity
  8
S-TABLE
100
AcDbText
 10
190.45615573083865
 20
256.4397727272728
 30
0.0
 40
2.7
  1
Sqm
  7
OpenSans
 72
1
 11
190.45615573083865
 21
256.4397727272728
 31
0.0
100
AcDbText
 73
2
  0
LINE
  5
1A4
330
17
100
AcDbEntity
  8
S-TABLE
100
AcDbLine
 10
197.3438203886537
 20
252.56363636363642
 30
0.0
 11
197.3438203886537
 21
260.31590909090914
 31
0.0
  0
TEXT
  5
1A5
330
17
100
AcDbEntity
  8
S-TABLE
100
AcDbText
 10
211.18458734576262
 20
256.4397727272728
 30
0.0
 40
2.7
  1
145
  7
OpenSans
 72
2
 11
211.18458734576262
 21
256.4397727272728
 31
0.0
100
AcDbText
 73
2
  0
LINE
  5
1A6
330
17
100
AcDbEntity
  8
S-TABLE
100
AcDbLine
 10
212.58458734576263
 20
252.56363636363642
 30
0.0
 11
212.58458734576263
 21
260.31590909090914
 31
0.0
  0
TEXT
  5
1A7
330
17
100
AcDbEntity
  8
S-TABLE
100
AcDbText
 10
231.28637567156133
 20
256.4397727272728
 30
0.0
 40
2.7
  1
650
  7
OpenSans
 72
2
 11
231.28637567156133
 21
256.4397727272728
 31
0.0
100
AcDbText
 73
2
  0
LINE
  5
1A8
330
17
100
AcDbEntity
  8
S-TABLE
100
AcDbLine
 10
232.68637567156134
 20
252.56363636363642
 30
0.0
 11
232.68637567156134
 21
260.31590909090914
 31
0.0
  0
TEXT
  5
1A9
330
17
100
AcDbEntity
  8
S-TABLE
100
AcDbText
 10
258.6
 20
256.4397727272728
 30
0.0
 40
2.7
  1
2,16,650
  7
OpenSans
 72
2
 11
258.6
 21
256.4397727272728
 31
0.0
100
AcDbText
 73
2
  0
LWPOLYLINE
  5
1AA
330
17
100
AcDbEntity
  8
S-TABLE
100
AcDbPolyline
 90
4
 70
1
 10
44.0
 20
244.8113636363637
 10
260.0
 20
244.8113636363637
 10
260.0
 20
252.56363636363642
 10
44.0
 20
252.56363636363642
  0
TEXT
  5
1AB
330
17
100
AcDbEntity
  8
S-TABLE
100
AcDbText
 10
48.46089130409707
 20
248.68750000000006
 30
0.0
 40
2.7
  1
4
  7
OpenSans
 72
1
 11
48.46089130409707
 21
248.68750000000006
 31
0.0
100
AcDbText
 73
2
  0
LINE
  5
1AC
330
17
100
AcDbEntity
  8
S-TABLE
100
AcDbLine
 10
52.921782608194135
 20
244.8113636363637
 30
0.0
 11
52.921782608194135
 21
252.56363636363642
 31
0.0
  0
TEXT
  5
1AD
330
17
100
AcDbEntity
  8
S-TABLE
100
AcDbText
 10
54.321782608194134
 20
248.68750000000006
 30
0.0
 40
2.7
  1
Casting 900 mm Pressure Roof Slab (M35)
  7
OpenSans
 11
54.321782608194134
 21
248.68750000000006
 31
0.0
100
AcDbText
 73
2
  0
LINE
  5
1AE
330
17
100
AcDbEntity
  8
S-TABLE
100
AcDbLine
 10
183.56849107302355
 20
244.8113636363637
 30
0.0
 11
183.56849107302355
 21
252.56363636363642
 31
0.0
  0
TEXT
  5
1AF
330
17
100
AcDbEntity
  8
S-TABLE
100
AcDbText
 10
190.45615573083865
 20
248.68750000000006
 30
0.0
 40
2.7
  1
Cum
  7
OpenSans
 72
1
 11
190.45615573083865
 21
248.68750000000006
 31
0.0
100
AcDbText
 73
2
  0
LINE
  5
1B0
330
17
100
AcDbEntity
  8
S-TABLE
100
AcDbLine
 10
197.3438203886537
 20
244.8113636363637
 30
0.0
 11
197.3438203886537
 21
252.56363636363642
 31
0.0
  0
TEXT
  5
1B1
330
17
100
AcDbEntity
  8
S-TABLE
100
AcDbText
 10
211.18458734576262
 20
248.68750000000006
 30
0.0
 40
2.7
  1
114.72
  7
OpenSans
 72
2
 11
211.18458734576262
 21
248.68750000000006
 31
0.0
100
AcDbText
 73
2
  0
LINE
  5
1B2
330
17
100
AcDbEntity
  8
S-TABLE
100
AcDbLine
 10
212.58458734576263
 20
244.8113636363637
 30
0.0
 11
212.58458734576263
 21
252.56363636363642
 31
0.0
  0
TEXT
  5
1B3
330
17
100
AcDbEntity
  8
S-TABLE
100
AcDbText
 10
231.28637567156133
 20
248.68750000000006
 30
0.0
 40
2.7
  1
8640
  7
OpenSans
 72
2
 11
231.28637567156133
 21
248.68750000000006
 31
0.0
100
AcDbText
 73
2
  0
LINE
  5
1B4
330
17
100
AcDbEntity
  8
S-TABLE
100
AcDbLine
 10
232.68637567156134
 20
244.8113636363637
 30
0.0
 11
232.68637567156134
 21
252.56363636363642
 31
0.0
  0
TEXT
  5
1B5
330
17
100
AcDbEntity
  8
S-TABLE
100
AcDbText
 10
258.6
 20
248.68750000000006
 30
0.0
 40
2.7
  1
10,73,657
  7
OpenSans
 72
2
 11
258.6
 21
248.68750000000006
 31
0.0
100
AcDbText
 73
2
  0
LWPOLYLINE
  5
1B6
330
17
100
AcDbEntity
  8
S-TABLE
100
AcDbPolyline
 90
4
 70
1
 10
44.0
 20
237.05909090909097
 10
260.0
 20
237.05909090909097
 10
260.0
 20
244.8113636363637
 10
44.0
 20
244.8113636363637
  0
TEXT
  5
1B7
330
17
100
AcDbEntity
  8
S-TABLE
100
AcDbText
 10
48.46089130409707
 20
240.93522727272733
 30
0.0
 40
2.7
  1
5
  7
OpenSans
 72
1
 11
48.46089130409707
 21
240.93522727272733
 31
0.0
100
AcDbText
 73
2
  0
LINE
  5
1B8
330
17
100
AcDbEntity
  8
S-TABLE
100
AcDbLine
 10
52.921782608194135
 20
237.05909090909097
 30
0.0
 11
52.921782608194135
 21
244.8113636363637
 31
0.0
  0
TEXT
  5
1B9
330
17
100
AcDbEntity
  8
S-TABLE
100
AcDbText
 10
54.321782608194134
 20
240.93522727272733
 30
0.0
 40
2.7
  1
Internal Dog-Leg Staircase RCC
  7
OpenSans
 11
54.321782608194134
 21
240.93522727272733
 31
0.0
100
AcDbText
 73
2
  0
LINE
  5
1BA
330
17
100
AcDbEntity
  8
S-TABLE
100
AcDbLine
 10
183.56849107302355
 20
237.05909090909097
 30
0.0
 11
183.56849107302355
 21
244.8113636363637
 31
0.0
  0
TEXT
  5
1BB
330
17
100
AcDbEntity
  8
S-TABLE
100
AcDbText
 10
190.45615573083865
 20
240.93522727272733
 30
0.0
 40
2.7
  1
Cum
  7
OpenSans
 72
1
 11
190.45615573083865
 21
240.93522727272733
 31
0.0
100
AcDbText
 73
2
  0
LINE
  5
1BC
330
17
100
AcDbEntity
  8
S-TABLE
100
AcDbLine
 10
197.3438203886537
 20
237.05909090909097
 30
0.0
 11
197.3438203886537
 21
244.8113636363637
 31
0.0
  0
TEXT
  5
1BD
330
17
100
AcDbEntity
  8
S-TABLE
100
AcDbText
 10
211.18458734576262
 20
240.93522727272733
 30
0.0
 40
2.7
  1
4.8
  7
OpenSans
 72
2
 11
211.18458734576262
 21
240.93522727272733
 31
0.0
100
AcDbText
 73
2
  0
LINE
  5
1BE
330
17
100
AcDbEntity
  8
S-TABLE
100
AcDbLine
 10
212.58458734576263
 20
237.05909090909097
 30
0.0
 11
212.58458734576263
 21
244.8113636363637
 31
0.0
  0
TEXT
  5
1BF
330
17
100
AcDbEntity
  8
S-TABLE
100
AcDbText
 10
231.28637567156133
 20
240.93522727272733
 30
0.0
 40
2.7
  1
9200
  7
OpenSans
 72
2
 11
231.28637567156133
 21
240.93522727272733
 31
0.0
100
AcDbText
 73
2
  0
LINE
  5
1C0
330
17
100
AcDbEntity
  8
S-TABLE
100
AcDbLine
 10
232.68637567156134
 20
237.05909090909097
 30
0.0
 11
232.68637567156134
 21
244.8113636363637
 31
0.0
  0
TEXT
  5
1C1
330
17
100
AcDbEntity
  8
S-TABLE
100
AcDbText
 10
258.6
 20
240.93522727272733
 30
0.0
 40
2.7
  1
58,992
  7
OpenSans
 72
2
 11
258.6
 21
240.93522727272733
 31
0.0
100
AcDbText
 73
2
  0
LWPOLYLINE
  5
1C2
330
17
100
AcDbEntity
  8
S-TABLE
100
AcDbPolyline
 90
4
 70
1
 10
44.0
 20
229.30681818181824
 10
260.0
 20
229.30681818181824
 10
260.0
 20
237.05909090909097
 10
44.0
 20
237.05909090909097
  0
TEXT
  5
1C3
330
17
100
AcDbEntity
  8
S-TABLE
100
AcDbText
 10
48.46089130409707
 20
233.1829545454546
 30
0.0
 40
2.7
  1
6
  7
OpenSans
 72
1
 11
48.46089130409707
 21
233.1829545454546
 31
0.0
100
AcDbText
 73
2
  0
LINE
  5
1C4
330
17
100
AcDbEntity
  8
S-TABLE
100
AcDbLine
 10
52.921782608194135
 20
229.30681818181824
 30
0.0
 11
52.921782608194135
 21
237.05909090909097
 31
0.0
  0
TEXT
  5
1C5
330
17
100
AcDbEntity
  8
S-TABLE
100
AcDbText
 10
54.321782608194134
 20
233.1829545454546
 30
0.0
 40
2.7
  1
Headhouse Structure (400 mm Wall / 500 mm Roof)
  7
OpenSans
 11
54.321782608194134
 21
233.1829545454546
 31
0.0
100
AcDbText
 73
2
  0
LINE
  5
1C6
330
17
100
AcDbEntity
  8
S-TABLE
100
AcDbLine
 10
183.56849107302355
 20
229.30681818181824
 30
0.0
 11
183.56849107302355
 21
237.05909090909097
 31
0.0
  0
TEXT
  5
1C7
330
17
100
AcDbEntity
  8
S-TABLE
100
AcDbText
 10
190.45615573083865
 20
233.1829545454546
 30
0.0
 40
2.7
  1
Cum
  7
OpenSans
 72
1
 11
190.45615573083865
 21
233.1829545454546
 31
0.0
100
AcDbText
 73
2
  0
LINE
  5
1C8
330
17
100
AcDbEntity
  8
S-TABLE
100
AcDbLine
 10
197.3438203886537
 20
229.30681818181824
 30
0.0
 11
197.3438203886537
 21
237.05909090909097
 31
0.0
  0
TEXT
  5
1C9
330
17
100
AcDbEntity
  8
S-TABLE
100
AcDbText
 10
211.18458734576262
 20
233.1829545454546
 30
0.0
 40
2.7
  1
28.56
  7
OpenSans
 72
2
 11
211.18458734576262
 21
233.1829545454546
 31
0.0
100
AcDbText
 73
2
  0
LINE
  5
1CA
330
17
100
AcDbEntity
  8
S-TABLE
100
AcDbLine
 10
212.58458734576263
 20
229.30681818181824
 30
0.0
 11
212.58458734576263
 21
237.05909090909097
 31
0.0
  0
TEXT
  5
1CB
330
17
100
AcDbEntity
  8
S-TABLE
100
AcDbText
 10
231.28637567156133
 20
233.1829545454546
 30
0.0
 40
2.7
  1
8640
  7
OpenSans
 72
2
 11
231.28637567156133
 21
233.1829545454546
 31
0.0
100
AcDbText
 73
2
  0
LINE
  5
1CC
330
17
100
AcDbEntity
  8
S-TABLE
100
AcDbLine
 10
232.68637567156134
 20
229.30681818181824
 30
0.0
 11
232.68637567156134
 21
237.05909090909097
 31
0.0
  0
TEXT
  5
1CD
330
17
100
AcDbEntity
  8
S-TABLE
100
AcDbText
 10
258.6
 20
233.1829545454546
 30
0.0
 40
2.7
  1
2,80,130
  7
OpenSans
 72
2
 11
258.6
 21
233.1829545454546
 31
0.0
100
AcDbText
 73
2
  0
LWPOLYLINE
  5
1CE
330
17
100
AcDbEntity
  8
S-TABLE
100
AcDbPolyline
 90
4
 70
1
 10
44.0
 20
221.55454545454552
 10
260.0
 20
221.55454545454552
 10
260.0
 20
229.30681818181824
 10
44.0
 20
229.30681818181824
  0
TEXT
  5
1CF
330
17
100
AcDbEntity
  8
S-TABLE
100
AcDbText
 10
48.46089130409707
 20
225.43068181818188
 30
0.0
 40
2.7
  1
7
  7
OpenSans
 72
1
 11
48.46089130409707
 21
225.43068181818188
 31
0.0
100
AcDbText
 73
2
  0
LINE
  5
1D0
330
17
100
AcDbEntity
  8
S-TABLE
100
AcDbLine
 10
52.921782608194135
 20
221.55454545454552
 30
0.0
 11
52.921782608194135
 21
229.30681818181824
 31
0.0
  0
TEXT
  5
1D1
330
17
100
AcDbEntity
  8
S-TABLE
100
AcDbText
 10
54.321782608194134
 20
225.43068181818188
 30
0.0
 40
2.7
  1
Approach Stairwell RC Box (250 mm RC)
  7
OpenSans
 11
54.321782608194134
 21
225.43068181818188
 31
0.0
100
AcDbText
 73
2
  0
LINE
  5
1D2
330
17
100
AcDbEntity
  8
S-TABLE
100
AcDbLine
 10
183.56849107302355
 20
221.55454545454552
 30
0.0
 11
183.56849107302355
 21
229.30681818181824
 31
0.0
  0
TEXT
  5
1D3
330
17
100
AcDbEntity
  8
S-TABLE
100
AcDbText
 10
190.45615573083865
 20
225.43068181818188
 30
0.0
 40
2.7
  1
Cum
  7
OpenSans
 72
1
 11
190.45615573083865
 21
225.43068181818188
 31
0.0
100
AcDbText
 73
2
  0
LINE
  5
1D4
330
17
100
AcDbEntity
  8
S-TABLE
100
AcDbLine
 10
197.3438203886537
 20
221.55454545454552
 30
0.0
 11
197.3438203886537
 21
229.30681818181824
 31
0.0
  0
TEXT
  5
1D5
330
17
100
AcDbEntity
  8
S-TABLE
100
AcDbText
 10
211.18458734576262
 20
225.43068181818188
 30
0.0
 40
2.7
  1
18.2
  7
OpenSans
 72
2
 11
211.18458734576262
 21
225.43068181818188
 31
0.0
100
AcDbText
 73
2
  0
LINE
  5
1D6
330
17
100
AcDbEntity
  8
S-TABLE
100
AcDbLine
 10
212.58458734576263
 20
221.55454545454552
 30
0.0
 11
212.58458734576263
 21
229.30681818181824
 31
0.0
  0
TEXT
  5
1D7
330
17
100
AcDbEntity
  8
S-TABLE
100
AcDbText
 10
231.28637567156133
 20
225.43068181818188
 30
0.0
 40
2.7
  1
8640
  7
OpenSans
 72
2
 11
231.28637567156133
 21
225.43068181818188
 31
0.0
100
AcDbText
 73
2
  0
LINE
  5
1D8
330
17
100
AcDbEntity
  8
S-TABLE
100
AcDbLine
 10
232.68637567156134
 20
221.55454545454552
 30
0.0
 11
232.68637567156134
 21
229.30681818181824
 31
0.0
  0
TEXT
  5
1D9
330
17
100
AcDbEntity
  8
S-TABLE
100
AcDbText
 10
258.6
 20
225.43068181818188
 30
0.0
 40
2.7
  1
1,75,788
  7
OpenSans
 72
2
 11
258.6
 21
225.43068181818188
 31
0.0
100
AcDbText
 73
2
  0
LWPOLYLINE
  5
1DA
330
17
100
AcDbEntity
  8
S-TABLE
100
AcDbPolyline
 90
4
 70
1
 10
44.0
 20
213.8022727272728
 10
260.0
 20
213.8022727272728
 10
260.0
 20
221.55454545454552
 10
44.0
 20
221.55454545454552
  0
TEXT
  5
1DB
330
17
100
AcDbEntity
  8
S-TABLE
100
AcDbText
 10
48.46089130409707
 20
217.67840909090916
 30
0.0
 40
2.7
  1
8
  7
OpenSans
 72
1
 11
48.46089130409707
 21
217.67840909090916
 31
0.0
100
AcDbText
 73
2
  0
LINE
  5
1DC
330
17
100
AcDbEntity
  8
S-TABLE
100
AcDbLine
 10
52.921782608194135
 20
213.8022727272728
 30
0.0
 11
52.921782608194135
 21
221.55454545454552
 31
0.0
  0
TEXT
  5
1DD
330
17
100
AcDbEntity
  8
S-TABLE
100
AcDbText
 10
54.321782608194134
 20
217.67840909090916
 30
0.0
 40
2.7
  1
Engineered burster slab (200 mm M30 — RC1 R-1, was 300 mm ...
  7
OpenSans
 11
54.321782608194134
 21
217.67840909090916
 31
0.0
100
AcDbText
 73
2
  0
LINE
  5
1DE
330
17
100
AcDbEntity
  8
S-TABLE
100
AcDbLine
 10
183.56849107302355
 20
213.8022727272728
 30
0.0
 11
183.56849107302355
 21
221.55454545454552
 31
0.0
  0
TEXT
  5
1DF
330
17
100
AcDbEntity
  8
S-TABLE
100
AcDbText
 10
190.45615573083865
 20
217.67840909090916
 30
0.0
 40
2.7
  1
Cum
  7
OpenSans
 72
1
 11
190.45615573083865
 21
217.67840909090916
 31
0.0
100
AcDbText
 73
2
  0
LINE
  5
1E0
330
17
100
AcDbEntity
  8
S-TABLE
100
AcDbLine
 10
197.3438203886537
 20
213.8022727272728
 30
0.0
 11
197.3438203886537
 21
221.55454545454552
 31
0.0
  0
TEXT
  5
1E1
330
17
100
AcDbEntity
  8
S-TABLE
100
AcDbText
 10
211.18458734576262
 20
217.67840909090916
 30
0.0
 40
2.7
  1
38.4
  7
OpenSans
 72
2
 11
211.18458734576262
 21
217.67840909090916
 31
0.0
100
AcDbText
 73
2
  0
LINE
  5
1E2
330
17
100
AcDbEntity
  8
S-TABLE
100
AcDbLine
 10
212.58458734576263
 20
213.8022727272728
 30
0.0
 11
212.58458734576263
 21
221.55454545454552
 31
0.0
  0
TEXT
  5
1E3
330
17
100
AcDbEntity
  8
S-TABLE
100
AcDbText
 10
231.28637567156133
 20
217.67840909090916
 30
0.0
 40
2.7
  1
8200
  7
OpenSans
 72
2
 11
231.28637567156133
 21
217.67840909090916
 31
0.0
100
AcDbText
 73
2
  0
LINE
  5
1E4
330
17
100
AcDbEntity
  8
S-TABLE
100
AcDbLine
 10
232.68637567156134
 20
213.8022727272728
 30
0.0
 11
232.68637567156134
 21
221.55454545454552
 31
0.0
  0
TEXT
  5
1E5
330
17
100
AcDbEntity
  8
S-TABLE
100
AcDbText
 10
258.6
 20
217.67840909090916
 30
0.0
 40
2.7
  1
3,40,140
  7
OpenSans
 72
2
 11
258.6
 21
217.67840909090916
 31
0.0
100
AcDbText
 73
2
  0
LWPOLYLINE
  5
1E6
330
17
100
AcDbEntity
  8
S-TABLE
100
AcDbPolyline
 90
4
 70
1
 10
44.0
 20
206.05000000000007
 10
260.0
 20
206.05000000000007
 10
260.0
 20
213.8022727272728
 10
44.0
 20
213.8022727272728
  0
TEXT
  5
1E7
330
17
100
AcDbEntity
  8
S-TABLE
100
AcDbText
 10
48.46089130409707
 20
209.92613636363643
 30
0.0
 40
2.7
  1
9
  7
OpenSans
 72
1
 11
48.46089130409707
 21
209.92613636363643
 31
0.0
100
AcDbText
 73
2
  0
LINE
  5
1E8
330
17
100
AcDbEntity
  8
S-TABLE
100
AcDbLine
 10
52.921782608194135
 20
206.05000000000007
 30
0.0
 11
52.921782608194135
 21
213.8022727272728
 31
0.0
  0
TEXT
  5
1E9
330
17
100
AcDbEntity
  8
S-TABLE
100
AcDbText
 10
54.321782608194134
 20
209.92613636363643
 30
0.0
 40
2.7
  1
Sentry post RC frame — brick infill measured as brickwork ...
  7
OpenSans
 11
54.321782608194134
 21
209.92613636363643
 31
0.0
100
AcDbText
 73
2
  0
LINE
  5
1EA
330
17
100
AcDbEntity
  8
S-TABLE
100
AcDbLine
 10
183.56849107302355
 20
206.05000000000007
 30
0.0
 11
183.56849107302355
 21
213.8022727272728
 31
0.0
  0
TEXT
  5
1EB
330
17
100
AcDbEntity
  8
S-TABLE
100
AcDbText
 10
190.45615573083865
 20
209.92613636363643
 30
0.0
 40
2.7
  1
Cum
  7
OpenSans
 72
1
 11
190.45615573083865
 21
209.92613636363643
 31
0.0
100
AcDbText
 73
2
  0
LINE
  5
1EC
330
17
100
AcDbEntity
  8
S-TABLE
100
AcDbLine
 10
197.3438203886537
 20
206.05000000000007
 30
0.0
 11
197.3438203886537
 21
213.8022727272728
 31
0.0
  0
TEXT
  5
1ED
330
17
100
AcDbEntity
  8
S-TABLE
100
AcDbText
 10
211.18458734576262
 20
209.92613636363643
 30
0.0
 40
2.7
  1
18.6
  7
OpenSans
 72
2
 11
211.18458734576262
 21
209.92613636363643
 31
0.0
100
AcDbText
 73
2
  0
LINE
  5
1EE
330
17
100
AcDbEntity
  8
S-TABLE
100
AcDbLine
 10
212.58458734576263
 20
206.05000000000007
 30
0.0
 11
212.58458734576263
 21
213.8022727272728
 31
0.0
  0
TEXT
  5
1EF
330
17
100
AcDbEntity
  8
S-TABLE
100
AcDbText
 10
231.28637567156133
 20
209.92613636363643
 30
0.0
 40
2.7
  1
8500
  7
OpenSans
 72
2
 11
231.28637567156133
 21
209.92613636363643
 31
0.0
100
AcDbText
 73
2
  0
LINE
  5
1F0
330
17
100
AcDbEntity
  8
S-TABLE
100
AcDbLine
 10
232.68637567156134
 20
206.05000000000007
 30
0.0
 11
232.68637567156134
 21
213.8022727272728
 31
0.0
  0
TEXT
  5
1F1
330
17
100
AcDbEntity
  8
S-TABLE
100
AcDbText
 10
258.6
 20
209.92613636363643
 30
0.0
 40
2.7
  1
1,87,764
  7
OpenSans
 72
2
 11
258.6
 21
209.92613636363643
 31
0.0
100
AcDbText
 73
2
  0
LWPOLYLINE
  5
1F2
330
17
100
AcDbEntity
  8
S-TABLE
100
AcDbPolyline
 90
4
 70
1
 10
44.0
 20
198.29772727272734
 10
260.0
 20
198.29772727272734
 10
260.0
 20
206.05000000000007
 10
44.0
 20
206.05000000000007
  0
TEXT
  5
1F3
330
17
100
AcDbEntity
  8
S-TABLE
100
AcDbText
 10
48.46089130409707
 20
202.1738636363637
 30
0.0
 40
2.7
  1
10
  7
OpenSans
 72
1
 11
48.46089130409707
 21
202.1738636363637
 31
0.0
100
AcDbText
 73
2
  0
LINE
  5
1F4
330
17
100
AcDbEntity
  8
S-TABLE
100
AcDbLine
 10
52.921782608194135
 20
198.29772727272734
 30
0.0
 11
52.921782608194135
 21
206.05000000000007
 31
0.0
  0
TEXT
  5
1F5
330
17
100
AcDbEntity
  8
S-TABLE
100
AcDbText
 10
54.321782608194134
 20
202.1738636363637
 30
0.0
 40
2.7
  1
110 mm Internal Brick Partition Walls
  7
OpenSans
 11
54.321782608194134
 21
202.1738636363637
 31
0.0
100
AcDbText
 73
2
  0
LINE
  5
1F6
330
17
100
AcDbEntity
  8
S-TABLE
100
AcDbLine
 10
183.56849107302355
 20
198.29772727272734
 30
0.0
 11
183.56849107302355
 21
206.05000000000007
 31
0.0
  0
TEXT
  5
1F7
330
17
100
AcDbEntity
  8
S-TABLE
100
AcDbText
 10
190.45615573083865
 20
202.1738636363637
 30
0.0
 40
2.7
  1
Sqm
  7
OpenSans
 72
1
 11
190.45615573083865
 21
202.1738636363637
 31
0.0
100
AcDbText
 73
2
  0
LINE
  5
1F8
330
17
100
AcDbEntity
  8
S-TABLE
100
AcDbLine
 10
197.3438203886537
 20
198.29772727272734
 30
0.0
 11
197.3438203886537
 21
206.05000000000007
 31
0.0
  0
TEXT
  5
1F9
330
17
100
AcDbEntity
  8
S-TABLE
100
AcDbText
 10
211.18458734576262
 20
202.1738636363637
 30
0.0
 40
2.7
  1
95
  7
OpenSans
 72
2
 11
211.18458734576262
 21
202.1738636363637
 31
0.0
100
AcDbText
 73
2
  0
LINE
  5
1FA
330
17
100
AcDbEntity
  8
S-TABLE
100
AcDbLine
 10
212.58458734576263
 20
198.29772727272734
 30
0.0
 11
212.58458734576263
 21
206.05000000000007
 31
0.0
  0
TEXT
  5
1FB
330
17
100
AcDbEntity
  8
S-TABLE
100
AcDbText
 10
231.28637567156133
 20
202.1738636363637
 30
0.0
 40
2.7
  1
920
  7
OpenSans
 72
2
 11
231.28637567156133
 21
202.1738636363637
 31
0.0
100
AcDbText
 73
2
  0
LINE
  5
1FC
330
17
100
AcDbEntity
  8
S-TABLE
100
AcDbLine
 10
232.68637567156134
 20
198.29772727272734
 30
0.0
 11
232.68637567156134
 21
206.05000000000007
 31
0.0
  0
TEXT
  5
1FD
330
17
100
AcDbEntity
  8
S-TABLE
100
AcDbText
 10
258.6
 20
202.1738636363637
 30
0.0
 40
2.7
  1
1,09,648
  7
OpenSans
 72
2
 11
258.6
 21
202.1738636363637
 31
0.0
100
AcDbText
 73
2
  0
LWPOLYLINE
  5
1FE
330
17
100
AcDbEntity
  8
S-TABLE
100
AcDbPolyline
 90
4
 70
1
 10
44.0
 20
190.54545454545462
 10
260.0
 20
190.54545454545462
 10
260.0
 20
198.29772727272734
 10
44.0
 20
198.29772727272734
  0
TEXT
  5
1FF
330
17
100
AcDbEntity
  8
S-TABLE
100
AcDbText
 10
48.46089130409707
 20
194.42159090909098
 30
0.0
 40
2.7
  1
11
  7
OpenSans
 72
1
 11
48.46089130409707
 21
194.42159090909098
 31
0.0
100
AcDbText
 73
2
  0
LINE
  5
200
330
17
100
AcDbEntity
  8
S-TABLE
100
AcDbLine
 10
52.921782608194135
 20
190.54545454545462
 30
0.0
 11
52.921782608194135
 21
198.29772727272734
 31
0.0
  0
TEXT
  5
201
330
17
100
AcDbEntity
  8
S-TABLE
100
AcDbText
 10
54.321782608194134
 20
194.42159090909098
 30
0.0
 40
2.7
  1
Escape shaft collars ESC 1 and ESC 2, 250 RC, OD 1900 — ADDED ...
  7
OpenSans
 11
54.321782608194134
 21
194.42159090909098
 31
0.0
100
AcDbText
 73
2
  0
LINE
  5
202
330
17
100
AcDbEntity
  8
S-TABLE
100
AcDbLine
 10
183.56849107302355
 20
190.54545454545462
 30
0.0
 11
183.56849107302355
 21
198.29772727272734
 31
0.0
  0
TEXT
  5
203
330
17
100
AcDbEntity
  8
S-TABLE
100
AcDbText
 10
190.45615573083865
 20
194.42159090909098
 30
0.0
 40
2.7
  1
Cum
  7
OpenSans
 72
1
 11
190.45615573083865
 21
194.42159090909098
 31
0.0
100
AcDbText
 73
2
  0
LINE
  5
204
330
17
100
AcDbEntity
  8
S-TABLE
100
AcDbLine
 10
197.3438203886537
 20
190.54545454545462
 30
0.0
 11
197.3438203886537
 21
198.29772727272734
 31
0.0
  0
TEXT
  5
205
330
17
100
AcDbEntity
  8
S-TABLE
100
AcDbText
 10
211.18458734576262
 20
194.42159090909098
 30
0.0
 40
2.7
  1
6.285
  7
OpenSans
 72
2
 11
211.18458734576262
 21
194.42159090909098
 31
0.0
100
AcDbText
 73
2
  0
LINE
  5
206
330
17
100
AcDbEntity
  8
S-TABLE
100
AcDbLine
 10
212.58458734576263
 20
190.54545454545462
 30
0.0
 11
212.58458734576263
 21
198.29772727272734
 31
0.0
  0
TEXT
  5
207
330
17
100
AcDbEntity
  8
S-TABLE
100
AcDbText
 10
231.28637567156133
 20
194.42159090909098
 30
0.0
 40
2.7
  1
8640
  7
OpenSans
 72
2
 11
231.28637567156133
 21
194.42159090909098
 31
0.0
100
AcDbText
 73
2
  0
LINE
  5
208
330
17
100
AcDbEntity
  8
S-TABLE
100
AcDbLine
 10
232.68637567156134
 20
190.54545454545462
 30
0.0
 11
232.68637567156134
 21
198.29772727272734
 31
0.0
  0
TEXT
  5
209
330
17
100
AcDbEntity
  8
S-TABLE
100
AcDbText
 10
258.6
 20
194.42159090909098
 30
0.0
 40
2.7
  1
54,302
  7
OpenSans
 72
2
 11
258.6
 21
194.42159090909098
 31
0.0
100
AcDbText
 73
2
  0
LWPOLYLINE
  5
20A
330
17
100
AcDbEntity
  8
S-TABLE
100
AcDbPolyline
 90
4
 70
1
 10
44.0
 20
182.7931818181819
 10
260.0
 20
182.7931818181819
 10
260.0
 20
190.54545454545462
 10
44.0
 20
190.54545454545462
  0
TEXT
  5
20B
330
17
100
AcDbEntity
  8
S-TABLE
100
AcDbText
 10
45.6
 20
186.66931818181826
 30
0.0
 40
2.9
  1
PART IV - REINFORCEMENT STEEL & SHIELDING          7 ITEMS          Rs 63,33,152
  7
OpenSans
 11
45.6
 21
186.66931818181826
 31
0.0
100
AcDbText
 73
2
  0
LWPOLYLINE
  5
20C
330
17
100
AcDbEntity
  8
S-TABLE
100
AcDbPolyline
 90
4
 70
1
 10
44.0
 20
175.04090909090917
 10
260.0
 20
175.04090909090917
 10
260.0
 20
182.7931818181819
 10
44.0
 20
182.7931818181819
  0
TEXT
  5
20D
330
17
100
AcDbEntity
  8
S-TABLE
100
AcDbText
 10
48.46089130409707
 20
178.91704545454553
 30
0.0
 40
2.7
  1
1
  7
OpenSans
 72
1
 11
48.46089130409707
 21
178.91704545454553
 31
0.0
100
AcDbText
 73
2
  0
LINE
  5
20E
330
17
100
AcDbEntity
  8
S-TABLE
100
AcDbLine
 10
52.921782608194135
 20
175.04090909090917
 30
0.0
 11
52.921782608194135
 21
182.7931818181819
 31
0.0
  0
TEXT
  5
20F
330
17
100
AcDbEntity
  8
S-TABLE
100
AcDbText
 10
54.321782608194134
 20
178.91704545454553
 30
0.0
 40
2.7
  1
Pressure Roof Slab Rebar (T25 / T12)
  7
OpenSans
 11
54.321782608194134
 21
178.91704545454553
 31
0.0
100
AcDbText
 73
2
  0
LINE
  5
210
330
17
100
AcDbEntity
  8
S-TABLE
100
AcDbLine
 10
183.56849107302355
 20
175.04090909090917
 30
0.0
 11
183.56849107302355
 21
182.7931818181819
 31
0.0
  0
TEXT
  5
211
330
17
100
AcDbEntity
  8
S-TABLE
100
AcDbText
 10
190.45615573083865
 20
178.91704545454553
 30
0.0
 40
2.7
  1
Tonne
  7
OpenSans
 72
1
 11
190.45615573083865
 21
178.91704545454553
 31
0.0
100
AcDbText
 73
2
  0
LINE
  5
212
330
17
100
AcDbEntity
  8
S-TABLE
100
AcDbLine
 10
197.3438203886537
 20
175.04090909090917
 30
0.0
 11
197.3438203886537
 21
182.7931818181819
 31
0.0
  0
TEXT
  5
213
330
17
100
AcDbEntity
  8
S-TABLE
100
AcDbText
 10
211.18458734576262
 20
178.91704545454553
 30
0.0
 40
2.7
  1
23.22
  7
OpenSans
 72
2
 11
211.18458734576262
 21
178.91704545454553
 31
0.0
100
AcDbText
 73
2
  0
LINE
  5
214
330
17
100
AcDbEntity
  8
S-TABLE
100
AcDbLine
 10
212.58458734576263
 20
175.04090909090917
 30
0.0
 11
212.58458734576263
 21
182.7931818181819
 31
0.0
  0
TEXT
  5
215
330
17
100
AcDbEntity
  8
S-TABLE
100
AcDbText
 10
231.28637567156133
 20
178.91704545454553
 30
0.0
 40
2.7
  1
78000
  7
OpenSans
 72
2
 11
231.28637567156133
 21
178.91704545454553
 31
0.0
100
AcDbText
 73
2
  0
LINE
  5
216
330
17
100
AcDbEntity
  8
S-TABLE
100
AcDbLine
 10
232.68637567156134
 20
175.04090909090917
 30
0.0
 11
232.68637567156134
 21
182.7931818181819
 31
0.0
  0
TEXT
  5
217
330
17
100
AcDbEntity
  8
S-TABLE
100
AcDbText
 10
258.6
 20
178.91704545454553
 30
0.0
 40
2.7
  1
20,11,392
  7
OpenSans
 72
2
 11
258.6
 21
178.91704545454553
 31
0.0
100
AcDbText
 73
2
  0
LWPOLYLINE
  5
218
330
17
100
AcDbEntity
  8
S-TABLE
100
AcDbPolyline
 90
4
 70
1
 10
44.0
 20
167.28863636363644
 10
260.0
 20
167.28863636363644
 10
260.0
 20
175.04090909090917
 10
44.0
 20
175.04090909090917
  0
TEXT
  5
219
330
17
100
AcDbEntity
  8
S-TABLE
100
AcDbText
 10
48.46089130409707
 20
171.1647727272728
 30
0.0
 40
2.7
  1
2
  7
OpenSans
 72
1
 11
48.46089130409707
 21
171.1647727272728
 31
0.0
100
AcDbText
 73
2
  0
LINE
  5
21A
330
17
100
AcDbEntity
  8
S-TABLE
100
AcDbLine
 10
52.921782608194135
 20
167.28863636363644
 30
0.0
 11
52.921782608194135
 21
175.04090909090917
 31
0.0
  0
TEXT
  5
21B
330
17
100
AcDbEntity
  8
S-TABLE
100
AcDbText
 10
54.321782608194134
 20
171.1647727272728
 30
0.0
 40
2.7
  1
Perimeter & Shear Wall Rebar (T16 / T20)
  7
OpenSans
 11
54.321782608194134
 21
171.1647727272728
 31
0.0
100
AcDbText
 73
2
  0
LINE
  5
21C
330
17
100
AcDbEntity
  8
S-TABLE
100
AcDbLine
 10
183.56849107302355
 20
167.28863636363644
 30
0.0
 11
183.56849107302355
 21
175.04090909090917
 31
0.0
  0
TEXT
  5
21D
330
17
100
AcDbEntity
  8
S-TABLE
100
AcDbText
 10
190.45615573083865
 20
171.1647727272728
 30
0.0
 40
2.7
  1
Tonne
  7
OpenSans
 72
1
 11
190.45615573083865
 21
171.1647727272728
 31
0.0
100
AcDbText
 73
2
  0
LINE
  5
21E
330
17
100
AcDbEntity
  8
S-TABLE
100
AcDbLine
 10
197.3438203886537
 20
167.28863636363644
 30
0.0
 11
197.3438203886537
 21
175.04090909090917
 31
0.0
  0
TEXT
  5
21F
330
17
100
AcDbEntity
  8
S-TABLE
100
AcDbText
 10
211.18458734576262
 20
171.1647727272728
 30
0.0
 40
2.7
  1
17.85
  7
OpenSans
 72
2
 11
211.18458734576262
 21
171.1647727272728
 31
0.0
100
AcDbText
 73
2
  0
LINE
  5
220
330
17
100
AcDbEntity
  8
S-TABLE
100
AcDbLine
 10
212.58458734576263
 20
167.28863636363644
 30
0.0
 11
212.58458734576263
 21
175.04090909090917
 31
0.0
  0
TEXT
  5
221
330
17
100
AcDbEntity
  8
S-TABLE
100
AcDbText
 10
231.28637567156133
 20
171.1647727272728
 30
0.0
 40
2.7
  1
78000
  7
OpenSans
 72
2
 11
231.28637567156133
 21
171.1647727272728
 31
0.0
100
AcDbText
 73
2
  0
LINE
  5
222
330
17
100
AcDbEntity
  8
S-TABLE
100
AcDbLine
 10
232.68637567156134
 20
167.28863636363644
 30
0.0
 11
232.68637567156134
 21
175.04090909090917
 31
0.0
  0
TEXT
  5
223
330
17
100
AcDbEntity
  8
S-TABLE
100
AcDbText
 10
258.6
 20
171.1647727272728
 30
0.0
 40
2.7
  1
15,70,284
  7
OpenSans
 72
2
 11
258.6
 21
171.1647727272728
 31
0.0
100
AcDbText
 73
2
  0
LWPOLYLINE
  5
224
330
17
100
AcDbEntity
  8
S-TABLE
100
AcDbPolyline
 90
4
 70
1
 10
44.0
 20
159.53636363636372
 10
260.0
 20
159.53636363636372
 10
260.0
 20
167.28863636363644
 10
44.0
 20
167.28863636363644
  0
TEXT
  5
225
330
17
100
AcDbEntity
  8
S-TABLE
100
AcDbText
 10
48.46089130409707
 20
163.41250000000008
 30
0.0
 40
2.7
  1
3
  7
OpenSans
 72
1
 11
48.46089130409707
 21
163.41250000000008
 31
0.0
100
AcDbText
 73
2
  0
LINE
  5
226
330
17
100
AcDbEntity
  8
S-TABLE
100
AcDbLine
 10
52.921782608194135
 20
159.53636363636372
 30
0.0
 11
52.921782608194135
 21
167.28863636363644
 31
0.0
  0
TEXT
  5
227
330
17
100
AcDbEntity
  8
S-TABLE
100
AcDbText
 10
54.321782608194134
 20
163.41250000000008
 30
0.0
 40
2.7
  1
Mat Raft & Haunch Diagonal Rebar
  7
OpenSans
 11
54.321782608194134
 21
163.41250000000008
 31
0.0
100
AcDbText
 73
2
  0
LINE
  5
228
330
17
100
AcDbEntity
  8
S-TABLE
100
AcDbLine
 10
183.56849107302355
 20
159.53636363636372
 30
0.0
 11
183.56849107302355
 21
167.28863636363644
 31
0.0
  0
TEXT
  5
229
330
17
100
AcDbEntity
  8
S-TABLE
100
AcDbText
 10
190.45615573083865
 20
163.41250000000008
 30
0.0
 40
2.7
  1
Tonne
  7
OpenSans
 72
1
 11
190.45615573083865
 21
163.41250000000008
 31
0.0
100
AcDbText
 73
2
  0
LINE
  5
22A
330
17
100
AcDbEntity
  8
S-TABLE
100
AcDbLine
 10
197.3438203886537
 20
159.53636363636372
 30
0.0
 11
197.3438203886537
 21
167.28863636363644
 31
0.0
  0
TEXT
  5
22B
330
17
100
AcDbEntity
  8
S-TABLE
100
AcDbText
 10
211.18458734576262
 20
163.41250000000008
 30
0.0
 40
2.7
  1
13.14
  7
OpenSans
 72
2
 11
211.18458734576262
 21
163.41250000000008
 31
0.0
100
AcDbText
 73
2
  0
LINE
  5
22C
330
17
100
AcDbEntity
  8
S-TABLE
100
AcDbLine
 10
212.58458734576263
 20
159.53636363636372
 30
0.0
 11
212.58458734576263
 21
167.28863636363644
 31
0.0
  0
TEXT
  5
22D
330
17
100
AcDbEntity
  8
S-TABLE
100
AcDbText
 10
231.28637567156133
 20
163.41250000000008
 30
0.0
 40
2.7
  1
78000
  7
OpenSans
 72
2
 11
231.28637567156133
 21
163.41250000000008
 31
0.0
100
AcDbText
 73
2
  0
LINE
  5
22E
330
17
100
AcDbEntity
  8
S-TABLE
100
AcDbLine
 10
232.68637567156134
 20
159.53636363636372
 30
0.0
 11
232.68637567156134
 21
167.28863636363644
 31
0.0
  0
TEXT
  5
22F
330
17
100
AcDbEntity
  8
S-TABLE
100
AcDbText
 10
258.6
 20
163.41250000000008
 30
0.0
 40
2.7
  1
11,36,160
  7
OpenSans
 72
2
 11
258.6
 21
163.41250000000008
 31
0.0
100
AcDbText
 73
2
  0
LWPOLYLINE
  5
230
330
17
100
AcDbEntity
  8
S-TABLE
100
AcDbPolyline
 90
4
 70
1
 10
44.0
 20
151.784090909091
 10
260.0
 20
151.784090909091
 10
260.0
 20
159.53636363636372
 10
44.0
 20
159.53636363636372
  0
TEXT
  5
231
330
17
100
AcDbEntity
  8
S-TABLE
100
AcDbText
 10
48.46089130409707
 20
155.66022727272735
 30
0.0
 40
2.7
  1
4
  7
OpenSans
 72
1
 11
48.46089130409707
 21
155.66022727272735
 31
0.0
100
AcDbText
 73
2
  0
LINE
  5
232
330
17
100
AcDbEntity
  8
S-TABLE
100
AcDbLine
 10
52.921782608194135
 20
151.784090909091
 30
0.0
 11
52.921782608194135
 21
159.53636363636372
 31
0.0
  0
TEXT
  5
233
330
17
100
AcDbEntity
  8
S-TABLE
100
AcDbText
 10
54.321782608194134
 20
155.66022727272735
 30
0.0
 40
2.7
  1
Headhouse, Approach & Staircase Steel
  7
OpenSans
 11
54.321782608194134
 21
155.66022727272735
 31
0.0
100
AcDbText
 73
2
  0
LINE
  5
234
330
17
100
AcDbEntity
  8
S-TABLE
100
AcDbLine
 10
183.56849107302355
 20
151.784090909091
 30
0.0
 11
183.56849107302355
 21
159.53636363636372
 31
0.0
  0
TEXT
  5
235
330
17
100
AcDbEntity
  8
S-TABLE
100
AcDbText
 10
190.45615573083865
 20
155.66022727272735
 30
0.0
 40
2.7
  1
Tonne
  7
OpenSans
 72
1
 11
190.45615573083865
 21
155.66022727272735
 31
0.0
100
AcDbText
 73
2
  0
LINE
  5
236
330
17
100
AcDbEntity
  8
S-TABLE
100
AcDbLine
 10
197.3438203886537
 20
151.784090909091
 30
0.0
 11
197.3438203886537
 21
159.53636363636372
 31
0.0
  0
TEXT
  5
237
330
17
100
AcDbEntity
  8
S-TABLE
100
AcDbText
 10
211.18458734576262
 20
155.66022727272735
 30
0.0
 40
2.7
  1
6.76
  7
OpenSans
 72
2
 11
211.18458734576262
 21
155.66022727272735
 31
0.0
100
AcDbText
 73
2
  0
LINE
  5
238
330
17
100
AcDbEntity
  8
S-TABLE
100
AcDbLine
 10
212.58458734576263
 20
151.784090909091
 30
0.0
 11
212.58458734576263
 21
159.53636363636372
 31
0.0
  0
TEXT
  5
239
330
17
100
AcDbEntity
  8
S-TABLE
100
AcDbText
 10
231.28637567156133
 20
155.66022727272735
 30
0.0
 40
2.7
  1
78000
  7
OpenSans
 72
2
 11
231.28637567156133
 21
155.66022727272735
 31
0.0
100
AcDbText
 73
2
  0
LINE
  5
23A
330
17
100
AcDbEntity
  8
S-TABLE
100
AcDbLine
 10
232.68637567156134
 20
151.784090909091
 30
0.0
 11
232.68637567156134
 21
159.53636363636372
 31
0.0
  0
TEXT
  5
23B
330
17
100
AcDbEntity
  8
S-TABLE
100
AcDbText
 10
258.6
 20
155.66022727272735
 30
0.0
 40
2.7
  1
6,01,440
  7
OpenSans
 72
2
 11
258.6
 21
155.66022727272735
 31
0.0
100
AcDbText
 73
2
  0
LWPOLYLINE
  5
23C
330
17
100
AcDbEntity
  8
S-TABLE
100
AcDbPolyline
 90
4
 70
1
 10
44.0
 20
144.03181818181827
 10
260.0
 20
144.03181818181827
 10
260.0
 20
151.784090909091
 10
44.0
 20
151.784090909091
  0
TEXT
  5
23D
330
17
100
AcDbEntity
  8
S-TABLE
100
AcDbText
 10
48.46089130409707
 20
147.90795454545463
 30
0.0
 40
2.7
  1
5
  7
OpenSans
 72
1
 11
48.46089130409707
 21
147.90795454545463
 31
0.0
100
AcDbText
 73
2
  0
LINE
  5
23E
330
17
100
AcDbEntity
  8
S-TABLE
100
AcDbLine
 10
52.921782608194135
 20
144.03181818181827
 30
0.0
 11
52.921782608194135
 21
151.784090909091
 31
0.0
  0
TEXT
  5
23F
330
17
100
AcDbEntity
  8
S-TABLE
100
AcDbText
 10
54.321782608194134
 20
147.90795454545463
 30
0.0
 40
2.7
  1
Burster Slab Mesh (T12 @ 150 B/W) [REVIEW — RC1 R-12: T12 @ ...
  7
OpenSans
 11
54.321782608194134
 21
147.90795454545463
 31
0.0
100
AcDbText
 73
2
  0
LINE
  5
240
330
17
100
AcDbEntity
  8
S-TABLE
100
AcDbLine
 10
183.56849107302355
 20
144.03181818181827
 30
0.0
 11
183.56849107302355
 21
151.784090909091
 31
0.0
  0
TEXT
  5
241
330
17
100
AcDbEntity
  8
S-TABLE
100
AcDbText
 10
190.45615573083865
 20
147.90795454545463
 30
0.0
 40
2.7
  1
Tonne
  7
OpenSans
 72
1
 11
190.45615573083865
 21
147.90795454545463
 31
0.0
100
AcDbText
 73
2
  0
LINE
  5
242
330
17
100
AcDbEntity
  8
S-TABLE
100
AcDbLine
 10
197.3438203886537
 20
144.03181818181827
 30
0.0
 11
197.3438203886537
 21
151.784090909091
 31
0.0
  0
TEXT
  5
243
330
17
100
AcDbEntity
  8
S-TABLE
100
AcDbText
 10
211.18458734576262
 20
147.90795454545463
 30
0.0
 40
2.7
  1
2.89
  7
OpenSans
 72
2
 11
211.18458734576262
 21
147.90795454545463
 31
0.0
100
AcDbText
 73
2
  0
LINE
  5
244
330
17
100
AcDbEntity
  8
S-TABLE
100
AcDbLine
 10
212.58458734576263
 20
144.03181818181827
 30
0.0
 11
212.58458734576263
 21
151.784090909091
 31
0.0
  0
TEXT
  5
245
330
17
100
AcDbEntity
  8
S-TABLE
100
AcDbText
 10
231.28637567156133
 20
147.90795454545463
 30
0.0
 40
2.7
  1
78000
  7
OpenSans
 72
2
 11
231.28637567156133
 21
147.90795454545463
 31
0.0
100
AcDbText
 73
2
  0
LINE
  5
246
330
17
100
AcDbEntity
  8
S-TABLE
100
AcDbLine
 10
232.68637567156134
 20
144.03181818181827
 30
0.0
 11
232.68637567156134
 21
151.784090909091
 31
0.0
  0
TEXT
  5
247
330
17
100
AcDbEntity
  8
S-TABLE
100
AcDbText
 10
258.6
 20
147.90795454545463
 30
0.0
 40
2.7
  1
2,58,792
  7
OpenSans
 72
2
 11
258.6
 21
147.90795454545463
 31
0.0
100
AcDbText
 73
2
  0
LWPOLYLINE
  5
248
330
17
100
AcDbEntity
  8
S-TABLE
100
AcDbPolyline
 90
4
 70
1
 10
44.0
 20
136.27954545454554
 10
260.0
 20
136.27954545454554
 10
260.0
 20
144.03181818181827
 10
44.0
 20
144.03181818181827
  0
TEXT
  5
249
330
17
100
AcDbEntity
  8
S-TABLE
100
AcDbText
 10
48.46089130409707
 20
140.1556818181819
 30
0.0
 40
2.7
  1
6
  7
OpenSans
 72
1
 11
48.46089130409707
 21
140.1556818181819
 31
0.0
100
AcDbText
 73
2
  0
LINE
  5
24A
330
17
100
AcDbEntity
  8
S-TABLE
100
AcDbLine
 10
52.921782608194135
 20
136.27954545454554
 30
0.0
 11
52.921782608194135
 21
144.03181818181827
 31
0.0
  0
TEXT
  5
24B
330
17
100
AcDbEntity
  8
S-TABLE
100
AcDbText
 10
54.321782608194134
 20
140.1556818181819
 30
0.0
 40
2.7
  1
Sentry Post Structural Rebar
  7
OpenSans
 11
54.321782608194134
 21
140.1556818181819
 31
0.0
100
AcDbText
 73
2
  0
LINE
  5
24C
330
17
100
AcDbEntity
  8
S-TABLE
100
AcDbLine
 10
183.56849107302355
 20
136.27954545454554
 30
0.0
 11
183.56849107302355
 21
144.03181818181827
 31
0.0
  0
TEXT
  5
24D
330
17
100
AcDbEntity
  8
S-TABLE
100
AcDbText
 10
190.45615573083865
 20
140.1556818181819
 30
0.0
 40
2.7
  1
Tonne
  7
OpenSans
 72
1
 11
190.45615573083865
 21
140.1556818181819
 31
0.0
100
AcDbText
 73
2
  0
LINE
  5
24E
330
17
100
AcDbEntity
  8
S-TABLE
100
AcDbLine
 10
197.3438203886537
 20
136.27954545454554
 30
0.0
 11
197.3438203886537
 21
144.03181818181827
 31
0.0
  0
TEXT
  5
24F
330
17
100
AcDbEntity
  8
S-TABLE
100
AcDbText
 10
211.18458734576262
 20
140.1556818181819
 30
0.0
 40
2.7
  1
3.93
  7
OpenSans
 72
2
 11
211.18458734576262
 21
140.1556818181819
 31
0.0
100
AcDbText
 73
2
  0
LINE
  5
250
330
17
100
AcDbEntity
  8
S-TABLE
100
AcDbLine
 10
212.58458734576263
 20
136.27954545454554
 30
0.0
 11
212.58458734576263
 21
144.03181818181827
 31
0.0
  0
TEXT
  5
251
330
17
100
AcDbEntity
  8
S-TABLE
100
AcDbText
 10
231.28637567156133
 20
140.1556818181819
 30
0.0
 40
2.7
  1
78000
  7
OpenSans
 72
2
 11
231.28637567156133
 21
140.1556818181819
 31
0.0
100
AcDbText
 73
2
  0
LINE
  5
252
330
17
100
AcDbEntity
  8
S-TABLE
100
AcDbLine
 10
232.68637567156134
 20
136.27954545454554
 30
0.0
 11
232.68637567156134
 21
144.03181818181827
 31
0.0
  0
TEXT
  5
253
330
17
100
AcDbEntity
  8
S-TABLE
100
AcDbText
 10
258.6
 20
140.1556818181819
 30
0.0
 40
2.7
  1
3,36,204
  7
OpenSans
 72
2
 11
258.6
 21
140.1556818181819
 31
0.0
100
AcDbText
 73
2
  0
LWPOLYLINE
  5
254
330
17
100
AcDbEntity
  8
S-TABLE
100
AcDbPolyline
 90
4
 70
1
 10
44.0
 20
128.52727272727282
 10
260.0
 20
128.52727272727282
 10
260.0
 20
136.27954545454554
 10
44.0
 20
136.27954545454554
  0
TEXT
  5
255
330
17
100
AcDbEntity
  8
S-TABLE
100
AcDbText
 10
48.46089130409707
 20
132.40340909090918
 30
0.0
 40
2.7
  1
7
  7
OpenSans
 72
1
 11
48.46089130409707
 21
132.40340909090918
 31
0.0
100
AcDbText
 73
2
  0
LINE
  5
256
330
17
100
AcDbEntity
  8
S-TABLE
100
AcDbLine
 10
52.921782608194135
 20
128.52727272727282
 30
0.0
 11
52.921782608194135
 21
136.27954545454554
 31
0.0
  0
TEXT
  5
257
330
17
100
AcDbEntity
  8
S-TABLE
100
AcDbText
 10
54.321782608194134
 20
132.40340909090918
 30
0.0
 40
2.7
  1
EMP Welding at 4th Node & Bonding Straps
  7
OpenSans
 11
54.321782608194134
 21
132.40340909090918
 31
0.0
100
AcDbText
 73
2
  0
LINE
  5
258
330
17
100
AcDbEntity
  8
S-TABLE
100
AcDbLine
 10
183.56849107302355
 20
128.52727272727282
 30
0.0
 11
183.56849107302355
 21
136.27954545454554
 31
0.0
  0
TEXT
  5
259
330
17
100
AcDbEntity
  8
S-TABLE
100
AcDbText
 10
190.45615573083865
 20
132.40340909090918
 30
0.0
 40
2.7
  1
Item
  7
OpenSans
 72
1
 11
190.45615573083865
 21
132.40340909090918
 31
0.0
100
AcDbText
 73
2
  0
LINE
  5
25A
330
17
100
AcDbEntity
  8
S-TABLE
100
AcDbLine
 10
197.3438203886537
 20
128.52727272727282
 30
0.0
 11
197.3438203886537
 21
136.27954545454554
 31
0.0
  0
TEXT
  5
25B
330
17
100
AcDbEntity
  8
S-TABLE
100
AcDbText
 10
211.18458734576262
 20
132.40340909090918
 30
0.0
 40
2.7
  1
1
  7
OpenSans
 72
2
 11
211.18458734576262
 21
132.40340909090918
 31
0.0
100
AcDbText
 73
2
  0
LINE
  5
25C
330
17
100
AcDbEntity
  8
S-TABLE
100
AcDbLine
 10
212.58458734576263
 20
128.52727272727282
 30
0.0
 11
212.58458734576263
 21
136.27954545454554
 31
0.0
  0
TEXT
  5
25D
330
17
100
AcDbEntity
  8
S-TABLE
100
AcDbText
 10
231.28637567156133
 20
132.40340909090918
 30
0.0
 40
2.7
  1
380000
  7
OpenSans
 72
2
 11
231.28637567156133
 21
132.40340909090918
 31
0.0
100
AcDbText
 73
2
  0
LINE
  5
25E
330
17
100
AcDbEntity
  8
S-TABLE
100
AcDbLine
 10
232.68637567156134
 20
128.52727272727282
 30
0.0
 11
232.68637567156134
 21
136.27954545454554
 31
0.0
  0
TEXT
  5
25F
330
17
100
AcDbEntity
  8
S-TABLE
100
AcDbText
 10
258.6
 20
132.40340909090918
 30
0.0
 40
2.7
  1
4,18,880
  7
OpenSans
 72
2
 11
258.6
 21
132.40340909090918
 31
0.0
100
AcDbText
 73
2
  0
LWPOLYLINE
  5
260
330
17
100
AcDbEntity
  8
S-TABLE
100
AcDbPolyline
 90
4
 70
1
 10
44.0
 20
120.77500000000009
 10
260.0
 20
120.77500000000009
 10
260.0
 20
128.52727272727282
 10
44.0
 20
128.52727272727282
  0
TEXT
  5
261
330
17
100
AcDbEntity
  8
S-TABLE
100
AcDbText
 10
45.6
 20
124.65113636363645
 30
0.0
 40
2.9
  1
PART V - CBRN, EMP, CLOSURES & ANCILLARY SERVICES          11 ITEMS          Rs 1,05,45,028
  7
OpenSans
 11
45.6
 21
124.65113636363645
 31
0.0
100
AcDbText
 73
2
  0
LWPOLYLINE
  5
262
330
17
100
AcDbEntity
  8
S-TABLE
100
AcDbPolyline
 90
4
 70
1
 10
44.0
 20
113.02272727272737
 10
260.0
 20
113.02272727272737
 10
260.0
 20
120.77500000000009
 10
44.0
 20
120.77500000000009
  0
TEXT
  5
263
330
17
100
AcDbEntity
  8
S-TABLE
100
AcDbText
 10
48.46089130409707
 20
116.89886363636373
 30
0.0
 40
2.7
  1
1
  7
OpenSans
 72
1
 11
48.46089130409707
 21
116.89886363636373
 31
0.0
100
AcDbText
 73
2
  0
LINE
  5
264
330
17
100
AcDbEntity
  8
S-TABLE
100
AcDbLine
 10
52.921782608194135
 20
113.02272727272737
 30
0.0
 11
52.921782608194135
 21
120.77500000000009
 31
0.0
  0
TEXT
  5
265
330
17
100
AcDbEntity
  8
S-TABLE
100
AcDbText
 10
54.321782608194134
 20
116.89886363636373
 30
0.0
 40
2.7
  1
Blast Doors 1 & 2 (≥7 bar, Rebound-Rated)
  7
OpenSans
 11
54.321782608194134
 21
116.89886363636373
 31
0.0
100
AcDbText
 73
2
  0
LINE
  5
266
330
17
100
AcDbEntity
  8
S-TABLE
100
AcDbLine
 10
183.56849107302355
 20
113.02272727272737
 30
0.0
 11
183.56849107302355
 21
120.77500000000009
 31
0.0
  0
TEXT
  5
267
330
17
100
AcDbEntity
  8
S-TABLE
100
AcDbText
 10
190.45615573083865
 20
116.89886363636373
 30
0.0
 40
2.7
  1
Set
  7
OpenSans
 72
1
 11
190.45615573083865
 21
116.89886363636373
 31
0.0
100
AcDbText
 73
2
  0
LINE
  5
268
330
17
100
AcDbEntity
  8
S-TABLE
100
AcDbLine
 10
197.3438203886537
 20
113.02272727272737
 30
0.0
 11
197.3438203886537
 21
120.77500000000009
 31
0.0
  0
TEXT
  5
269
330
17
100
AcDbEntity
  8
S-TABLE
100
AcDbText
 10
211.18458734576262
 20
116.89886363636373
 30
0.0
 40
2.7
  1
2
  7
OpenSans
 72
2
 11
211.18458734576262
 21
116.89886363636373
 31
0.0
100
AcDbText
 73
2
  0
LINE
  5
26A
330
17
100
AcDbEntity
  8
S-TABLE
100
AcDbLine
 10
212.58458734576263
 20
113.02272727272737
 30
0.0
 11
212.58458734576263
 21
120.77500000000009
 31
0.0
  0
TEXT
  5
26B
330
17
100
AcDbEntity
  8
S-TABLE
100
AcDbText
 10
231.28637567156133
 20
116.89886363636373
 30
0.0
 40
2.7
  1
1250000
  7
OpenSans
 72
2
 11
231.28637567156133
 21
116.89886363636373
 31
0.0
100
AcDbText
 73
2
  0
LINE
  5
26C
330
17
100
AcDbEntity
  8
S-TABLE
100
AcDbLine
 10
232.68637567156134
 20
113.02272727272737
 30
0.0
 11
232.68637567156134
 21
120.77500000000009
 31
0.0
  0
TEXT
  5
26D
330
17
100
AcDbEntity
  8
S-TABLE
100
AcDbText
 10
258.6
 20
116.89886363636373
 30
0.0
 40
2.7
  1
25,50,400
  7
OpenSans
 72
2
 11
258.6
 21
116.89886363636373
 31
0.0
100
AcDbText
 73
2
  0
LWPOLYLINE
  5
26E
330
17
100
AcDbEntity
  8
S-TABLE
100
AcDbPolyline
 90
4
 70
1
 10
44.0
 20
105.27045454545464
 10
260.0
 20
105.27045454545464
 10
260.0
 20
113.02272727272737
 10
44.0
 20
113.02272727272737
  0
TEXT
  5
26F
330
17
100
AcDbEntity
  8
S-TABLE
100
AcDbText
 10
48.46089130409707
 20
109.146590909091
 30
0.0
 40
2.7
  1
2
  7
OpenSans
 72
1
 11
48.46089130409707
 21
109.146590909091
 31
0.0
100
AcDbText
 73
2
  0
LINE
  5
270
330
17
100
AcDbEntity
  8
S-TABLE
100
AcDbLine
 10
52.921782608194135
 20
105.27045454545464
 30
0.0
 11
52.921782608194135
 21
113.02272727272737
 31
0.0
  0
TEXT
  5
271
330
17
100
AcDbEntity
  8
S-TABLE
100
AcDbText
 10
54.321782608194134
 20
109.146590909091
 30
0.0
 40
2.7
  1
Emergency Exit Hatches (900 mm Clear, 621 kPa)
  7
OpenSans
 11
54.321782608194134
 21
109.146590909091
 31
0.0
100
AcDbText
 73
2
  0
LINE
  5
272
330
17
100
AcDbEntity
  8
S-TABLE
100
AcDbLine
 10
183.56849107302355
 20
105.27045454545464
 30
0.0
 11
183.56849107302355
 21
113.02272727272737
 31
0.0
  0
TEXT
  5
273
330
17
100
AcDbEntity
  8
S-TABLE
100
AcDbText
 10
190.45615573083865
 20
109.146590909091
 30
0.0
 40
2.7
  1
Set
  7
OpenSans
 72
1
 11
190.45615573083865
 21
109.146590909091
 31
0.0
100
AcDbText
 73
2
  0
LINE
  5
274
330
17
100
AcDbEntity
  8
S-TABLE
100
AcDbLine
 10
197.3438203886537
 20
105.27045454545464
 30
0.0
 11
197.3438203886537
 21
113.02272727272737
 31
0.0
  0
TEXT
  5
275
330
17
100
AcDbEntity
  8
S-TABLE
100
AcDbText
 10
211.18458734576262
 20
109.146590909091
 30
0.0
 40
2.7
  1
2
  7
OpenSans
 72
2
 11
211.18458734576262
 21
109.146590909091
 31
0.0
100
AcDbText
 73
2
  0
LINE
  5
276
330
17
100
AcDbEntity
  8
S-TABLE
100
AcDbLine
 10
212.58458734576263
 20
105.27045454545464
 30
0.0
 11
212.58458734576263
 21
113.02272727272737
 31
0.0
  0
TEXT
  5
277
330
17
100
AcDbEntity
  8
S-TABLE
100
AcDbText
 10
231.28637567156133
 20
109.146590909091
 30
0.0
 40
2.7
  1
450000
  7
OpenSans
 72
2
 11
231.28637567156133
 21
109.146590909091
 31
0.0
100
AcDbText
 73
2
  0
LINE
  5
278
330
17
100
AcDbEntity
  8
S-TABLE
100
AcDbLine
 10
232.68637567156134
 20
105.27045454545464
 30
0.0
 11
232.68637567156134
 21
113.02272727272737
 31
0.0
  0
TEXT
  5
279
330
17
100
AcDbEntity
  8
S-TABLE
100
AcDbText
 10
258.6
 20
109.146590909091
 30
0.0
 40
2.7
  1
9,22,248
  7
OpenSans
 72
2
 11
258.6
 21
109.146590909091
 31
0.0
100
AcDbText
 73
2
  0
LWPOLYLINE
  5
27A
330
17
100
AcDbEntity
  8
S-TABLE
100
AcDbPolyline
 90
4
 70
1
 10
44.0
 20
97.51818181818192
 10
260.0
 20
97.51818181818192
 10
260.0
 20
105.27045454545464
 10
44.0
 20
105.27045454545464
  0
TEXT
  5
27B
330
17
100
AcDbEntity
  8
S-TABLE
100
AcDbText
 10
48.46089130409707
 20
101.39431818181828
 30
0.0
 40
2.7
  1
3
  7
OpenSans
 72
1
 11
48.46089130409707
 21
101.39431818181828
 31
0.0
100
AcDbText
 73
2
  0
LINE
  5
27C
330
17
100
AcDbEntity
  8
S-TABLE
100
AcDbLine
 10
52.921782608194135
 20
97.51818181818192
 30
0.0
 11
52.921782608194135
 21
105.27045454545464
 31
0.0
  0
TEXT
  5
27D
330
17
100
AcDbEntity
  8
S-TABLE
100
AcDbText
 10
54.321782608194134
 20
101.39431818181828
 30
0.0
 40
2.7
  1
Fast-Acting Blast Valves BV-1 to BV-3 (DN100)
  7
OpenSans
 11
54.321782608194134
 21
101.39431818181828
 31
0.0
100
AcDbText
 73
2
  0
LINE
  5
27E
330
17
100
AcDbEntity
  8
S-TABLE
100
AcDbLine
 10
183.56849107302355
 20
97.51818181818192
 30
0.0
 11
183.56849107302355
 21
105.27045454545464
 31
0.0
  0
TEXT
  5
27F
330
17
100
AcDbEntity
  8
S-TABLE
100
AcDbText
 10
190.45615573083865
 20
101.39431818181828
 30
0.0
 40
2.7
  1
Set
  7
OpenSans
 72
1
 11
190.45615573083865
 21
101.39431818181828
 31
0.0
100
AcDbText
 73
2
  0
LINE
  5
280
330
17
100
AcDbEntity
  8
S-TABLE
100
AcDbLine
 10
197.3438203886537
 20
97.51818181818192
 30
0.0
 11
197.3438203886537
 21
105.27045454545464
 31
0.0
  0
TEXT
  5
281
330
17
100
AcDbEntity
  8
S-TABLE
100
AcDbText
 10
211.18458734576262
 20
101.39431818181828
 30
0.0
 40
2.7
  1
3
  7
OpenSans
 72
2
 11
211.18458734576262
 21
101.39431818181828
 31
0.0
100
AcDbText
 73
2
  0
LINE
  5
282
330
17
100
AcDbEntity
  8
S-TABLE
100
AcDbLine
 10
212.58458734576263
 20
97.51818181818192
 30
0.0
 11
212.58458734576263
 21
105.27045454545464
 31
0.0
  0
TEXT
  5
283
330
17
100
AcDbEntity
  8
S-TABLE
100
AcDbText
 10
231.28637567156133
 20
101.39431818181828
 30
0.0
 40
2.7
  1
160000
  7
OpenSans
 72
2
 11
231.28637567156133
 21
101.39431818181828
 31
0.0
100
AcDbText
 73
2
  0
LINE
  5
284
330
17
100
AcDbEntity
  8
S-TABLE
100
AcDbLine
 10
232.68637567156134
 20
97.51818181818192
 30
0.0
 11
232.68637567156134
 21
105.27045454545464
 31
0.0
  0
TEXT
  5
285
330
17
100
AcDbEntity
  8
S-TABLE
100
AcDbText
 10
258.6
 20
101.39431818181828
 30
0.0
 40
2.7
  1
4,90,368
  7
OpenSans
 72
2
 11
258.6
 21
101.39431818181828
 31
0.0
100
AcDbText
 73
2
  0
LWPOLYLINE
  5
286
330
17
100
AcDbEntity
  8
S-TABLE
100
AcDbPolyline
 90
4
 70
1
 10
44.0
 20
89.76590909090919
 10
260.0
 20
89.76590909090919
 10
260.0
 20
97.51818181818192
 10
44.0
 20
97.51818181818192
  0
TEXT
  5
287
330
17
100
AcDbEntity
  8
S-TABLE
100
AcDbText
 10
48.46089130409707
 20
93.64204545454555
 30
0.0
 40
2.7
  1
4
  7
OpenSans
 72
1
 11
48.46089130409707
 21
93.64204545454555
 31
0.0
100
AcDbText
 73
2
  0
LINE
  5
288
330
17
100
AcDbEntity
  8
S-TABLE
100
AcDbLine
 10
52.921782608194135
 20
89.76590909090919
 30
0.0
 11
52.921782608194135
 21
97.51818181818192
 31
0.0
  0
TEXT
  5
289
330
17
100
AcDbEntity
  8
S-TABLE
100
AcDbText
 10
54.321782608194134
 20
93.64204545454555
 30
0.0
 40
2.7
  1
Generator Blast Valves BV-4 & BV-5 (DN350)
  7
OpenSans
 11
54.321782608194134
 21
93.64204545454555
 31
0.0
100
AcDbText
 73
2
  0
LINE
  5
28A
330
17
100
AcDbEntity
  8
S-TABLE
100
AcDbLine
 10
183.56849107302355
 20
89.76590909090919
 30
0.0
 11
183.56849107302355
 21
97.51818181818192
 31
0.0
  0
TEXT
  5
28B
330
17
100
AcDbEntity
  8
S-TABLE
100
AcDbText
 10
190.45615573083865
 20
93.64204545454555
 30
0.0
 40
2.7
  1
Set
  7
OpenSans
 72
1
 11
190.45615573083865
 21
93.64204545454555
 31
0.0
100
AcDbText
 73
2
  0
LINE
  5
28C
330
17
100
AcDbEntity
  8
S-TABLE
100
AcDbLine
 10
197.3438203886537
 20
89.76590909090919
 30
0.0
 11
197.3438203886537
 21
97.51818181818192
 31
0.0
  0
TEXT
  5
28D
330
17
100
AcDbEntity
  8
S-TABLE
100
AcDbText
 10
211.18458734576262
 20
93.64204545454555
 30
0.0
 40
2.7
  1
2
  7
OpenSans
 72
2
 11
211.18458734576262
 21
93.64204545454555
 31
0.0
100
AcDbText
 73
2
  0
LINE
  5
28E
330
17
100
AcDbEntity
  8
S-TABLE
100
AcDbLine
 10
212.58458734576263
 20
89.76590909090919
 30
0.0
 11
212.58458734576263
 21
97.51818181818192
 31
0.0
  0
TEXT
  5
28F
330
17
100
AcDbEntity
  8
S-TABLE
100
AcDbText
 10
231.28637567156133
 20
93.64204545454555
 30
0.0
 40
2.7
  1
320000
  7
OpenSans
 72
2
 11
231.28637567156133
 21
93.64204545454555
 31
0.0
100
AcDbText
 73
2
  0
LINE
  5
290
330
17
100
AcDbEntity
  8
S-TABLE
100
AcDbLine
 10
232.68637567156134
 20
89.76590909090919
 30
0.0
 11
232.68637567156134
 21
97.51818181818192
 31
0.0
  0
TEXT
  5
291
330
17
100
AcDbEntity
  8
S-TABLE
100
AcDbText
 10
258.6
 20
93.64204545454555
 30
0.0
 40
2.7
  1
6,50,368
  7
OpenSans
 72
2
 11
258.6
 21
93.64204545454555
 31
0.0
100
AcDbText
 73
2
  0
LWPOLYLINE
  5
292
330
17
100
AcDbEntity
  8
S-TABLE
100
AcDbPolyline
 90
4
 70
1
 10
44.0
 20
82.01363636363646
 10
260.0
 20
82.01363636363646
 10
260.0
 20
89.76590909090919
 10
44.0
 20
89.76590909090919
  0
TEXT
  5
293
330
17
100
AcDbEntity
  8
S-TABLE
100
AcDbText
 10
48.46089130409707
 20
85.88977272727283
 30
0.0
 40
2.7
  1
5
  7
OpenSans
 72
1
 11
48.46089130409707
 21
85.88977272727283
 31
0.0
100
AcDbText
 73
2
  0
LINE
  5
294
330
17
100
AcDbEntity
  8
S-TABLE
100
AcDbLine
 10
52.921782608194135
 20
82.01363636363646
 30
0.0
 11
52.921782608194135
 21
89.76590909090919
 31
0.0
  0
TEXT
  5
295
330
17
100
AcDbEntity
  8
S-TABLE
100
AcDbText
 10
54.321782608194134
 20
85.88977272727283
 30
0.0
 40
2.7
  1
NBC Collective Protection Trains (2 × 300 m³/h)
  7
OpenSans
 11
54.321782608194134
 21
85.88977272727283
 31
0.0
100
AcDbText
 73
2
  0
LINE
  5
296
330
17
100
AcDbEntity
  8
S-TABLE
100
AcDbLine
 10
183.56849107302355
 20
82.01363636363646
 30
0.0
 11
183.56849107302355
 21
89.76590909090919
 31
0.0
  0
TEXT
  5
297
330
17
100
AcDbEntity
  8
S-TABLE
100
AcDbText
 10
190.45615573083865
 20
85.88977272727283
 30
0.0
 40
2.7
  1
Set
  7
OpenSans
 72
1
 11
190.45615573083865
 21
85.88977272727283
 31
0.0
100
AcDbText
 73
2
  0
LINE
  5
298
330
17
100
AcDbEntity
  8
S-TABLE
100
AcDbLine
 10
197.3438203886537
 20
82.01363636363646
 30
0.0
 11
197.3438203886537
 21
89.76590909090919
 31
0.0
  0
TEXT
  5
299
330
17
100
AcDbEntity
  8
S-TABLE
100
AcDbText
 10
211.18458734576262
 20
85.88977272727283
 30
0.0
 40
2.7
  1
2
  7
OpenSans
 72
2
 11
211.18458734576262
 21
85.88977272727283
 31
0.0
100
AcDbText
 73
2
  0
LINE
  5
29A
330
17
100
AcDbEntity
  8
S-TABLE
100
AcDbLine
 10
212.58458734576263
 20
82.01363636363646
 30
0.0
 11
212.58458734576263
 21
89.76590909090919
 31
0.0
  0
TEXT
  5
29B
330
17
100
AcDbEntity
  8
S-TABLE
100
AcDbText
 10
231.28637567156133
 20
85.88977272727283
 30
0.0
 40
2.7
  1
1850000
  7
OpenSans
 72
2
 11
231.28637567156133
 21
85.88977272727283
 31
0.0
100
AcDbText
 73
2
  0
LINE
  5
29C
330
17
100
AcDbEntity
  8
S-TABLE
100
AcDbLine
 10
232.68637567156134
 20
82.01363636363646
 30
0.0
 11
232.68637567156134
 21
89.76590909090919
 31
0.0
  0
TEXT
  5
29D
330
17
100
AcDbEntity
  8
S-TABLE
100
AcDbText
 10
258.6
 20
85.88977272727283
 30
0.0
 40
2.7
  1
37,72,576
  7
OpenSans
 72
2
 11
258.6
 21
85.88977272727283
 31
0.0
100
AcDbText
 73
2
  0
LWPOLYLINE
  5
29E
330
17
100
AcDbEntity
  8
S-TABLE
100
AcDbPolyline
 90
4
 70
1
 10
44.0
 20
74.26136363636374
 10
260.0
 20
74.26136363636374
 10
260.0
 20
82.01363636363646
 10
44.0
 20
82.01363636363646
  0
TEXT
  5
29F
330
17
100
AcDbEntity
  8
S-TABLE
100
AcDbText
 10
48.46089130409707
 20
78.1375000000001
 30
0.0
 40
2.7
  1
6
  7
OpenSans
 72
1
 11
48.46089130409707
 21
78.1375000000001
 31
0.0
100
AcDbText
 73
2
  0
LINE
  5
2A0
330
17
100
AcDbEntity
  8
S-TABLE
100
AcDbLine
 10
52.921782608194135
 20
74.26136363636374
 30
0.0
 11
52.921782608194135
 21
82.01363636363646
 31
0.0
  0
TEXT
  5
2A1
330
17
100
AcDbEntity
  8
S-TABLE
100
AcDbText
 10
54.321782608194134
 20
78.1375000000001
 30
0.0
 40
2.7
  1
Sealed Zone-2 Welded EMP Enclosure (3×3×2.4 m)
  7
OpenSans
 11
54.321782608194134
 21
78.1375000000001
 31
0.0
100
AcDbText
 73
2
  0
LINE
  5
2A2
330
17
100
AcDbEntity
  8
S-TABLE
100
AcDbLine
 10
183.56849107302355
 20
74.26136363636374
 30
0.0
 11
183.56849107302355
 21
82.01363636363646
 31
0.0
  0
TEXT
  5
2A3
330
17
100
AcDbEntity
  8
S-TABLE
100
AcDbText
 10
190.45615573083865
 20
78.1375000000001
 30
0.0
 40
2.7
  1
Item
  7
OpenSans
 72
1
 11
190.45615573083865
 21
78.1375000000001
 31
0.0
100
AcDbText
 73
2
  0
LINE
  5
2A4
330
17
100
AcDbEntity
  8
S-TABLE
100
AcDbLine
 10
197.3438203886537
 20
74.26136363636374
 30
0.0
 11
197.3438203886537
 21
82.01363636363646
 31
0.0
  0
TEXT
  5
2A5
330
17
100
AcDbEntity
  8
S-TABLE
100
AcDbText
 10
211.18458734576262
 20
78.1375000000001
 30
0.0
 40
2.7
  1
1
  7
OpenSans
 72
2
 11
211.18458734576262
 21
78.1375000000001
 31
0.0
100
AcDbText
 73
2
  0
LINE
  5
2A6
330
17
100
AcDbEntity
  8
S-TABLE
100
AcDbLine
 10
212.58458734576263
 20
74.26136363636374
 30
0.0
 11
212.58458734576263
 21
82.01363636363646
 31
0.0
  0
TEXT
  5
2A7
330
17
100
AcDbEntity
  8
S-TABLE
100
AcDbText
 10
231.28637567156133
 20
78.1375000000001
 30
0.0
 40
2.7
  1
850000
  7
OpenSans
 72
2
 11
231.28637567156133
 21
78.1375000000001
 31
0.0
100
AcDbText
 73
2
  0
LINE
  5
2A8
330
17
100
AcDbEntity
  8
S-TABLE
100
AcDbLine
 10
232.68637567156134
 20
74.26136363636374
 30
0.0
 11
232.68637567156134
 21
82.01363636363646
 31
0.0
  0
TEXT
  5
2A9
330
17
100
AcDbEntity
  8
S-TABLE
100
AcDbText
 10
258.6
 20
78.1375000000001
 30
0.0
 40
2.7
  1
8,94,496
  7
OpenSans
 72
2
 11
258.6
 21
78.1375000000001
 31
0.0
100
AcDbText
 73
2
  0
LWPOLYLINE
  5
2AA
330
17
100
AcDbEntity
  8
S-TABLE
100
AcDbPolyline
 90
4
 70
1
 10
44.0
 20
66.50909090909101
 10
260.0
 20
66.50909090909101
 10
260.0
 20
74.26136363636374
 10
44.0
 20
74.26136363636374
  0
TEXT
  5
2AB
330
17
100
AcDbEntity
  8
S-TABLE
100
AcDbText
 10
48.46089130409707
 20
70.38522727272738
 30
0.0
 40
2.7
  1
7
  7
OpenSans
 72
1
 11
48.46089130409707
 21
70.38522727272738
 31
0.0
100
AcDbText
 73
2
  0
LINE
  5
2AC
330
17
100
AcDbEntity
  8
S-TABLE
100
AcDbLine
 10
52.921782608194135
 20
66.50909090909101
 30
0.0
 11
52.921782608194135
 21
74.26136363636374
 31
0.0
  0
TEXT
  5
2AD
330
17
100
AcDbEntity
  8
S-TABLE
100
AcDbText
 10
54.321782608194134
 20
70.38522727272738
 30
0.0
 40
2.7
  1
Layerwise Engineered Fill & Basalt Rubble Berm
  7
OpenSans
 11
54.321782608194134
 21
70.38522727272738
 31
0.0
100
AcDbText
 73
2
  0
LINE
  5
2AE
330
17
100
AcDbEntity
  8
S-TABLE
100
AcDbLine
 10
183.56849107302355
 20
66.50909090909101
 30
0.0
 11
183.56849107302355
 21
74.26136363636374
 31
0.0
  0
TEXT
  5
2AF
330
17
100
AcDbEntity
  8
S-TABLE
100
AcDbText
 10
190.45615573083865
 20
70.38522727272738
 30
0.0
 40
2.7
  1
Cum
  7
OpenSans
 72
1
 11
190.45615573083865
 21
70.38522727272738
 31
0.0
100
AcDbText
 73
2
  0
LINE
  5
2B0
330
17
100
AcDbEntity
  8
S-TABLE
100
AcDbLine
 10
197.3438203886537
 20
66.50909090909101
 30
0.0
 11
197.3438203886537
 21
74.26136363636374
 31
0.0
  0
TEXT
  5
2B1
330
17
100
AcDbEntity
  8
S-TABLE
100
AcDbText
 10
211.18458734576262
 20
70.38522727272738
 30
0.0
 40
2.7
  1
620
  7
OpenSans
 72
2
 11
211.18458734576262
 21
70.38522727272738
 31
0.0
100
AcDbText
 73
2
  0
LINE
  5
2B2
330
17
100
AcDbEntity
  8
S-TABLE
100
AcDbLine
 10
212.58458734576263
 20
66.50909090909101
 30
0.0
 11
212.58458734576263
 21
74.26136363636374
 31
0.0
  0
TEXT
  5
2B3
330
17
100
AcDbEntity
  8
S-TABLE
100
AcDbText
 10
231.28637567156133
 20
70.38522727272738
 30
0.0
 40
2.7
  1
420
  7
OpenSans
 72
2
 11
231.28637567156133
 21
70.38522727272738
 31
0.0
100
AcDbText
 73
2
  0
LINE
  5
2B4
330
17
100
AcDbEntity
  8
S-TABLE
100
AcDbLine
 10
232.68637567156134
 20
66.50909090909101
 30
0.0
 11
232.68637567156134
 21
74.26136363636374
 31
0.0
  0
TEXT
  5
2B5
330
17
100
AcDbEntity
  8
S-TABLE
100
AcDbText
 10
258.6
 20
70.38522727272738
 30
0.0
 40
2.7
  1
3,42,168
  7
OpenSans
 72
2
 11
258.6
 21
70.38522727272738
 31
0.0
100
AcDbText
 73
2
  0
LWPOLYLINE
  5
2B6
330
17
100
AcDbEntity
  8
S-TABLE
100
AcDbPolyline
 90
4
 70
1
 10
44.0
 20
58.75681818181829
 10
260.0
 20
58.75681818181829
 10
260.0
 20
66.50909090909101
 10
44.0
 20
66.50909090909101
  0
TEXT
  5
2B7
330
17
100
AcDbEntity
  8
S-TABLE
100
AcDbText
 10
48.46089130409707
 20
62.63295454545465
 30
0.0
 40
2.7
  1
8
  7
OpenSans
 72
1
 11
48.46089130409707
 21
62.63295454545465
 31
0.0
100
AcDbText
 73
2
  0
LINE
  5
2B8
330
17
100
AcDbEntity
  8
S-TABLE
100
AcDbLine
 10
52.921782608194135
 20
58.75681818181829
 30
0.0
 11
52.921782608194135
 21
66.50909090909101
 31
0.0
  0
TEXT
  5
2B9
330
17
100
AcDbEntity
  8
S-TABLE
100
AcDbText
 10
54.321782608194134
 20
62.63295454545465
 30
0.0
 40
2.7
  1
Submersible Sump Pumps + Effluent Piping + Septic
  7
OpenSans
 11
54.321782608194134
 21
62.63295454545465
 31
0.0
100
AcDbText
 73
2
  0
LINE
  5
2BA
330
17
100
AcDbEntity
  8
S-TABLE
100
AcDbLine
 10
183.56849107302355
 20
58.75681818181829
 30
0.0
 11
183.56849107302355
 21
66.50909090909101
 31
0.0
  0
TEXT
  5
2BB
330
17
100
AcDbEntity
  8
S-TABLE
100
AcDbText
 10
190.45615573083865
 20
62.63295454545465
 30
0.0
 40
2.7
  1
Set
  7
OpenSans
 72
1
 11
190.45615573083865
 21
62.63295454545465
 31
0.0
100
AcDbText
 73
2
  0
LINE
  5
2BC
330
17
100
AcDbEntity
  8
S-TABLE
100
AcDbLine
 10
197.3438203886537
 20
58.75681818181829
 30
0.0
 11
197.3438203886537
 21
66.50909090909101
 31
0.0
  0
TEXT
  5
2BD
330
17
100
AcDbEntity
  8
S-TABLE
100
AcDbText
 10
211.18458734576262
 20
62.63295454545465
 30
0.0
 40
2.7
  1
1
  7
OpenSans
 72
2
 11
211.18458734576262
 21
62.63295454545465
 31
0.0
100
AcDbText
 73
2
  0
LINE
  5
2BE
330
17
100
AcDbEntity
  8
S-TABLE
100
AcDbLine
 10
212.58458734576263
 20
58.75681818181829
 30
0.0
 11
212.58458734576263
 21
66.50909090909101
 31
0.0
  0
TEXT
  5
2BF
330
17
100
AcDbEntity
  8
S-TABLE
100
AcDbText
 10
231.28637567156133
 20
62.63295454545465
 30
0.0
 40
2.7
  1
420000
  7
OpenSans
 72
2
 11
231.28637567156133
 21
62.63295454545465
 31
0.0
100
AcDbText
 73
2
  0
LINE
  5
2C0
330
17
100
AcDbEntity
  8
S-TABLE
100
AcDbLine
 10
232.68637567156134
 20
58.75681818181829
 30
0.0
 11
232.68637567156134
 21
66.50909090909101
 31
0.0
  0
TEXT
  5
2C1
330
17
100
AcDbEntity
  8
S-TABLE
100
AcDbText
 10
258.6
 20
62.63295454545465
 30
0.0
 40
2.7
  1
4,56,500
  7
OpenSans
 72
2
 11
258.6
 21
62.63295454545465
 31
0.0
100
AcDbText
 73
2
  0
LWPOLYLINE
  5
2C2
330
17
100
AcDbEntity
  8
S-TABLE
100
AcDbPolyline
 90
4
 70
1
 10
44.0
 20
51.004545454545564
 10
260.0
 20
51.004545454545564
 10
260.0
 20
58.75681818181829
 10
44.0
 20
58.75681818181829
  0
TEXT
  5
2C3
330
17
100
AcDbEntity
  8
S-TABLE
100
AcDbText
 10
48.46089130409707
 20
54.88068181818193
 30
0.0
 40
2.7
  1
9
  7
OpenSans
 72
1
 11
48.46089130409707
 21
54.88068181818193
 31
0.0
100
AcDbText
 73
2
  0
LINE
  5
2C4
330
17
100
AcDbEntity
  8
S-TABLE
100
AcDbLine
 10
52.921782608194135
 20
51.004545454545564
 30
0.0
 11
52.921782608194135
 21
58.75681818181829
 31
0.0
  0
TEXT
  5
2C5
330
17
100
AcDbEntity
  8
S-TABLE
100
AcDbText
 10
54.321782608194134
 20
54.88068181818193
 30
0.0
 40
2.7
  1
Sand-Faced Internal Plaster, Punning & Painting
  7
OpenSans
 11
54.321782608194134
 21
54.88068181818193
 31
0.0
100
AcDbText
 73
2
  0
LINE
  5
2C6
330
17
100
AcDbEntity
  8
S-TABLE
100
AcDbLine
 10
183.56849107302355
 20
51.004545454545564
 30
0.0
 11
183.56849107302355
 21
58.75681818181829
 31
0.0
  0
TEXT
  5
2C7
330
17
100
AcDbEntity
  8
S-TABLE
100
AcDbText
 10
190.45615573083865
 20
54.88068181818193
 30
0.0
 40
2.7
  1
Sqm
  7
OpenSans
 72
1
 11
190.45615573083865
 21
54.88068181818193
 31
0.0
100
AcDbText
 73
2
  0
LINE
  5
2C8
330
17
100
AcDbEntity
  8
S-TABLE
100
AcDbLine
 10
197.3438203886537
 20
51.004545454545564
 30
0.0
 11
197.3438203886537
 21
58.75681818181829
 31
0.0
  0
TEXT
  5
2C9
330
17
100
AcDbEntity
  8
S-TABLE
100
AcDbText
 10
211.18458734576262
 20
54.88068181818193
 30
0.0
 40
2.7
  1
720
  7
OpenSans
 72
2
 11
211.18458734576262
 21
54.88068181818193
 31
0.0
100
AcDbText
 73
2
  0
LINE
  5
2CA
330
17
100
AcDbEntity
  8
S-TABLE
100
AcDbLine
 10
212.58458734576263
 20
51.004545454545564
 30
0.0
 11
212.58458734576263
 21
58.75681818181829
 31
0.0
  0
TEXT
  5
2CB
330
17
100
AcDbEntity
  8
S-TABLE
100
AcDbText
 10
231.28637567156133
 20
54.88068181818193
 30
0.0
 40
2.7
  1
180
  7
OpenSans
 72
2
 11
231.28637567156133
 21
54.88068181818193
 31
0.0
100
AcDbText
 73
2
  0
LINE
  5
2CC
330
17
100
AcDbEntity
  8
S-TABLE
100
AcDbLine
 10
232.68637567156134
 20
51.004545454545564
 30
0.0
 11
232.68637567156134
 21
58.75681818181829
 31
0.0
  0
TEXT
  5
2CD
330
17
100
AcDbEntity
  8
S-TABLE
100
AcDbText
 10
258.6
 20
54.88068181818193
 30
0.0
 40
2.7
  1
1,99,632
  7
OpenSans
 72
2
 11
258.6
 21
54.88068181818193
 31
0.0
100
AcDbText
 73
2
  0
LWPOLYLINE
  5
2CE
330
17
100
AcDbEntity
  8
S-TABLE
100
AcDbPolyline
 90
4
 70
1
 10
44.0
 20
43.25227272727284
 10
260.0
 20
43.25227272727284
 10
260.0
 20
51.004545454545564
 10
44.0
 20
51.004545454545564
  0
TEXT
  5
2CF
330
17
100
AcDbEntity
  8
S-TABLE
100
AcDbText
 10
48.46089130409707
 20
47.1284090909092
 30
0.0
 40
2.7
  1
10
  7
OpenSans
 72
1
 11
48.46089130409707
 21
47.1284090909092
 31
0.0
100
AcDbText
 73
2
  0
LINE
  5
2D0
330
17
100
AcDbEntity
  8
S-TABLE
100
AcDbLine
 10
52.921782608194135
 20
43.25227272727284
 30
0.0
 11
52.921782608194135
 21
51.004545454545564
 31
0.0
  0
TEXT
  5
2D1
330
17
100
AcDbEntity
  8
S-TABLE
100
AcDbText
 10
54.321782608194134
 20
47.1284090909092
 30
0.0
 40
2.7
  1
Testing, Commissioning & Envelope Leakage Test
  7
OpenSans
 11
54.321782608194134
 21
47.1284090909092
 31
0.0
100
AcDbText
 73
2
  0
LINE
  5
2D2
330
17
100
AcDbEntity
  8
S-TABLE
100
AcDbLine
 10
183.56849107302355
 20
43.25227272727284
 30
0.0
 11
183.56849107302355
 21
51.004545454545564
 31
0.0
  0
TEXT
  5
2D3
330
17
100
AcDbEntity
  8
S-TABLE
100
AcDbText
 10
190.45615573083865
 20
47.1284090909092
 30
0.0
 40
2.7
  1
Item
  7
OpenSans
 72
1
 11
190.45615573083865
 21
47.1284090909092
 31
0.0
100
AcDbText
 73
2
  0
LINE
  5
2D4
330
17
100
AcDbEntity
  8
S-TABLE
100
AcDbLine
 10
197.3438203886537
 20
43.25227272727284
 30
0.0
 11
197.3438203886537
 21
51.004545454545564
 31
0.0
  0
TEXT
  5
2D5
330
17
100
AcDbEntity
  8
S-TABLE
100
AcDbText
 10
211.18458734576262
 20
47.1284090909092
 30
0.0
 40
2.7
  1
1
  7
OpenSans
 72
2
 11
211.18458734576262
 21
47.1284090909092
 31
0.0
100
AcDbText
 73
2
  0
LINE
  5
2D6
330
17
100
AcDbEntity
  8
S-TABLE
100
AcDbLine
 10
212.58458734576263
 20
43.25227272727284
 30
0.0
 11
212.58458734576263
 21
51.004545454545564
 31
0.0
  0
TEXT
  5
2D7
330
17
100
AcDbEntity
  8
S-TABLE
100
AcDbText
 10
231.28637567156133
 20
47.1284090909092
 30
0.0
 40
2.7
  1
250000
  7
OpenSans
 72
2
 11
231.28637567156133
 21
47.1284090909092
 31
0.0
100
AcDbText
 73
2
  0
LINE
  5
2D8
330
17
100
AcDbEntity
  8
S-TABLE
100
AcDbLine
 10
232.68637567156134
 20
43.25227272727284
 30
0.0
 11
232.68637567156134
 21
51.004545454545564
 31
0.0
  0
TEXT
  5
2D9
330
17
100
AcDbEntity
  8
S-TABLE
100
AcDbText
 10
258.6
 20
47.1284090909092
 30
0.0
 40
2.7
  1
2,66,272
  7
OpenSans
 72
2
 11
258.6
 21
47.1284090909092
 31
0.0
100
AcDbText
 73
2
  0
LWPOLYLINE
  5
2DA
330
17
100
AcDbEntity
  8
S-TABLE
100
AcDbPolyline
 90
4
 70
1
 10
44.0
 20
35.500000000000114
 10
260.0
 20
35.500000000000114
 10
260.0
 20
43.25227272727284
 10
44.0
 20
43.25227272727284
  0
TEXT
  5
2DB
330
17
100
AcDbEntity
  8
S-TABLE
100
AcDbText
 10
48.46089130409707
 20
39.376136363636476
 30
0.0
 40
2.7
  1
11
  7
OpenSans
 72
1
 11
48.46089130409707
 21
39.376136363636476
 31
0.0
100
AcDbText
 73
2
  0
LINE
  5
2DC
330
17
100
AcDbEntity
  8
S-TABLE
100
AcDbLine
 10
52.921782608194135
 20
35.500000000000114
 30
0.0
 11
52.921782608194135
 21
43.25227272727284
 31
0.0
  0
TEXT
  5
2DD
330
17
100
AcDbEntity
  8
S-TABLE
100
AcDbText
 10
54.321782608194134
 20
39.376136363636476
 30
0.0
 40
2.7
  1
Standby generator 15 kVA in Bay 8, with fuel system, exhaust ...
  7
OpenSans
 11
54.321782608194134
 21
39.376136363636476
 31
0.0
100
AcDbText
 73
2
  0
LINE
  5
2DE
330
17
100
AcDbEntity
  8
S-TABLE
100
AcDbLine
 10
183.56849107302355
 20
35.500000000000114
 30
0.0
 11
183.56849107302355
 21
43.25227272727284
 31
0.0
  0
TEXT
  5
2DF
330
17
100
AcDbEntity
  8
S-TABLE
100
AcDbText
 10
190.45615573083865
 20
39.376136363636476
 30
0.0
 40
2.7
  1
Set
  7
OpenSans
 72
1
 11
190.45615573083865
 21
39.376136363636476
 31
0.0
100
AcDbText
 73
2
  0
LINE
  5
2E0
330
17
100
AcDbEntity
  8
S-TABLE
100
AcDbLine
 10
197.3438203886537
 20
35.500000000000114
 30
0.0
 11
197.3438203886537
 21
43.25227272727284
 31
0.0
  0
TEXT
  5
2E1
330
17
100
AcDbEntity
  8
S-TABLE
100
AcDbText
 10
211.18458734576262
 20
39.376136363636476
 30
0.0
 40
2.7
  1
1
  7
OpenSans
 72
2
 11
211.18458734576262
 21
39.376136363636476
 31
0.0
100
AcDbText
 73
2
  0
LINE
  5
2E2
330
17
100
AcDbEntity
  8
S-TABLE
100
AcDbLine
 10
212.58458734576263
 20
35.500000000000114
 30
0.0
 11
212.58458734576263
 21
43.25227272727284
 31
0.0
  0
TEXT
  5
2E3
330
17
100
AcDbEntity
  8
S-TABLE
100
AcDbText
 10
231.28637567156133
 20
39.376136363636476
 30
0.0
 40
2.7
  1
-
  7
OpenSans
 72
2
 11
231.28637567156133
 21
39.376136363636476
 31
0.0
100
AcDbText
 73
2
  0
LINE
  5
2E4
330
17
100
AcDbEntity
  8
S-TABLE
100
AcDbLine
 10
232.68637567156134
 20
35.500000000000114
 30
0.0
 11
232.68637567156134
 21
43.25227272727284
 31
0.0
  0
TEXT
  5
2E5
330
17
100
AcDbEntity
  8
S-TABLE
100
AcDbText
 10
258.6
 20
39.376136363636476
 30
0.0
 40
2.7
  1
NOT PRICED
  7
OpenSans
 72
2
 11
258.6
 21
39.376136363636476
 31
0.0
100
AcDbText
 73
2
  0
LWPOLYLINE
  5
2E6
330
17
100
AcDbEntity
  8
S-TABLE
100
AcDbPolyline
 90
4
 70
1
 10
282.0
 20
376.59999999999997
 10
460.0
 20
376.59999999999997
 10
460.0
 20
383.0
 10
282.0
 20
383.0
  0
TEXT
  5
2E7
330
17
100
AcDbEntity
  8
S-TABLE
100
AcDbText
 10
371.0
 20
379.8
 30
0.0
 40
3.8
  1
MASTER CONSTRUCTION PROGRAMME
  7
OpenSans
 72
1
 11
371.0
 21
379.8
 31
0.0
100
AcDbText
 73
2
  0
LWPOLYLINE
  5
2E8
330
17
100
AcDbEntity
  8
S-TABLE
100
AcDbPolyline
 90
4
 70
1
 10
282.0
 20
369.40000000000003
 10
460.0
 20
369.40000000000003
 10
460.0
 20
376.6
 10
282.0
 20
376.6
  0
TEXT
  5
2E9
330
17
100
AcDbEntity
  8
S-TABLE
100
AcDbText
 10
286.561157379078
 20
373.0
 30
0.0
 40
2.83
  1
ID
  7
OpenSans
 72
1
 11
286.561157379078
 21
373.0
 31
0.0
100
AcDbText
 73
2
  0
LINE
  5
2EA
330
17
100
AcDbEntity
  8
S-TABLE
100
AcDbLine
 10
291.122314758156
 20
369.40000000000003
 30
0.0
 11
291.122314758156
 21
376.6
 31
0.0
  0
TEXT
  5
2EB
330
17
100
AcDbEntity
  8
S-TABLE
100
AcDbText
 10
350.5457900998502
 20
373.0
 30
0.0
 40
2.83
  1
ACTIVITY
  7
OpenSans
 72
1
 11
350.5457900998502
 21
373.0
 31
0.0
100
AcDbText
 73
2
  0
LINE
  5
2EC
330
17
100
AcDbEntity
  8
S-TABLE
100
AcDbLine
 10
409.96926544154434
 20
369.40000000000003
 30
0.0
 11
409.96926544154434
 21
376.6
 31
0.0
  0
TEXT
  5
2ED
330
17
100
AcDbEntity
  8
S-TABLE
100
AcDbText
 10
416.3348096820032
 20
373.0
 30
0.0
 40
2.83
  1
DAYS
  7
OpenSans
 72
1
 11
416.3348096820032
 21
373.0
 31
0.0
100
AcDbText
 73
2
  0
LINE
  5
2EE
330
17
100
AcDbEntity
  8
S-TABLE
100
AcDbLine
 10
422.7003539224621
 20
369.40000000000003
 30
0.0
 11
422.7003539224621
 21
376.6
 31
0.0
  0
TEXT
  5
2EF
330
17
100
AcDbEntity
  8
S-TABLE
100
AcDbText
 10
432.0252654418466
 20
373.0
 30
0.0
 40
2.83
  1
START
  7
OpenSans
 72
1
 11
432.0252654418466
 21
373.0
 31
0.0
100
AcDbText
 73
2
  0
LINE
  5
2F0
330
17
100
AcDbEntity
  8
S-TABLE
100
AcDbLine
 10
441.35017696123106
 20
369.40000000000003
 30
0.0
 11
441.35017696123106
 21
376.6
 31
0.0
  0
TEXT
  5
2F1
330
17
100
AcDbEntity
  8
S-TABLE
100
AcDbText
 10
450.6750884806155
 20
373.0
 30
0.0
 40
2.83
  1
FINISH
  7
OpenSans
 72
1
 11
450.6750884806155
 21
373.0
 31
0.0
100
AcDbText
 73
2
  0
LWPOLYLINE
  5
2F2
330
17
100
AcDbEntity
  8
S-TABLE
100
AcDbPolyline
 90
4
 70
1
 10
282.0
 20
362.20000000000005
 10
460.0
 20
362.20000000000005
 10
460.0
 20
369.40000000000003
 10
282.0
 20
369.40000000000003
  0
TEXT
  5
2F3
330
17
100
AcDbEntity
  8
S-TABLE
100
AcDbText
 10
286.561157379078
 20
365.8
 30
0.0
 40
2.63
  1
1
  7
OpenSans
 72
1
 11
286.561157379078
 21
365.8
 31
0.0
100
AcDbText
 73
2
  0
LINE
  5
2F4
330
17
100
AcDbEntity
  8
S-TABLE
100
AcDbLine
 10
291.122314758156
 20
362.20000000000005
 30
0.0
 11
291.122314758156
 21
369.40000000000003
 31
0.0
  0
TEXT
  5
2F5
330
17
100
AcDbEntity
  8
S-TABLE
100
AcDbText
 10
292.52231475815597
 20
365.8
 30
0.0
 40
2.63
  1
MASTER CONSTRUCTION SCHEDULE
  7
OpenSans
 11
292.52231475815597
 21
365.8
 31
0.0
100
AcDbText
 73
2
  0
LINE
  5
2F6
330
17
100
AcDbEntity
  8
S-TABLE
100
AcDbLine
 10
409.96926544154434
 20
362.20000000000005
 30
0.0
 11
409.96926544154434
 21
369.40000000000003
 31
0.0
  0
TEXT
  5
2F7
330
17
100
AcDbEntity
  8
S-TABLE
100
AcDbText
 10
416.3348096820032
 20
365.8
 30
0.0
 40
2.63
  1
224
  7
OpenSans
 72
1
 11
416.3348096820032
 21
365.8
 31
0.0
100
AcDbText
 73
2
  0
LINE
  5
2F8
330
17
100
AcDbEntity
  8
S-TABLE
100
AcDbLine
 10
422.7003539224621
 20
362.20000000000005
 30
0.0
 11
422.7003539224621
 21
369.40000000000003
 31
0.0
  0
TEXT
  5
2F9
330
17
100
AcDbEntity
  8
S-TABLE
100
AcDbText
 10
432.0252654418466
 20
365.8
 30
0.0
 40
2.63
  1
02-11-26
  7
OpenSans
 72
1
 11
432.0252654418466
 21
365.8
 31
0.0
100
AcDbText
 73
2
  0
LINE
  5
2FA
330
17
100
AcDbEntity
  8
S-TABLE
100
AcDbLine
 10
441.35017696123106
 20
362.20000000000005
 30
0.0
 11
441.35017696123106
 21
369.40000000000003
 31
0.0
  0
TEXT
  5
2FB
330
17
100
AcDbEntity
  8
S-TABLE
100
AcDbText
 10
450.6750884806155
 20
365.8
 30
0.0
 40
2.63
  1
26-07-27
  7
OpenSans
 72
1
 11
450.6750884806155
 21
365.8
 31
0.0
100
AcDbText
 73
2
  0
LWPOLYLINE
  5
2FC
330
17
100
AcDbEntity
  8
S-TABLE
100
AcDbPolyline
 90
4
 70
1
 10
282.0
 20
355.00000000000006
 10
460.0
 20
355.00000000000006
 10
460.0
 20
362.20000000000005
 10
282.0
 20
362.20000000000005
  0
TEXT
  5
2FD
330
17
100
AcDbEntity
  8
S-TABLE
100
AcDbText
 10
286.561157379078
 20
358.6
 30
0.0
 40
2.63
  1
2
  7
OpenSans
 72
1
 11
286.561157379078
 21
358.6
 31
0.0
100
AcDbText
 73
2
  0
LINE
  5
2FE
330
17
100
AcDbEntity
  8
S-TABLE
100
AcDbLine
 10
291.122314758156
 20
355.00000000000006
 30
0.0
 11
291.122314758156
 21
362.20000000000005
 31
0.0
  0
TEXT
  5
2FF
330
17
100
AcDbEntity
  8
S-TABLE
100
AcDbText
 10
292.52231475815597
 20
358.6
 30
0.0
 40
2.63
  1
Initial Works
  7
OpenSans
 11
292.52231475815597
 21
358.6
 31
0.0
100
AcDbText
 73
2
  0
LINE
  5
300
330
17
100
AcDbEntity
  8
S-TABLE
100
AcDbLine
 10
409.96926544154434
 20
355.00000000000006
 30
0.0
 11
409.96926544154434
 21
362.20000000000005
 31
0.0
  0
TEXT
  5
301
330
17
100
AcDbEntity
  8
S-TABLE
100
AcDbText
 10
416.3348096820032
 20
358.6
 30
0.0
 40
2.63
  1
4
  7
OpenSans
 72
1
 11
416.3348096820032
 21
358.6
 31
0.0
100
AcDbText
 73
2
  0
LINE
  5
302
330
17
100
AcDbEntity
  8
S-TABLE
100
AcDbLine
 10
422.7003539224621
 20
355.00000000000006
 30
0.0
 11
422.7003539224621
 21
362.20000000000005
 31
0.0
  0
TEXT
  5
303
330
17
100
AcDbEntity
  8
S-TABLE
100
AcDbText
 10
432.0252654418466
 20
358.6
 30
0.0
 40
2.63
  1
02-11-26
  7
OpenSans
 72
1
 11
432.0252654418466
 21
358.6
 31
0.0
100
AcDbText
 73
2
  0
LINE
  5
304
330
17
100
AcDbEntity
  8
S-TABLE
100
AcDbLine
 10
441.35017696123106
 20
355.00000000000006
 30
0.0
 11
441.35017696123106
 21
362.20000000000005
 31
0.0
  0
TEXT
  5
305
330
17
100
AcDbEntity
  8
S-TABLE
100
AcDbText
 10
450.6750884806155
 20
358.6
 30
0.0
 40
2.63
  1
05-11-26
  7
OpenSans
 72
1
 11
450.6750884806155
 21
358.6
 31
0.0
100
AcDbText
 73
2
  0
LWPOLYLINE
  5
306
330
17
100
AcDbEntity
  8
S-TABLE
100
AcDbPolyline
 90
4
 70
1
 10
282.0
 20
347.80000000000007
 10
460.0
 20
347.80000000000007
 10
460.0
 20
355.00000000000006
 10
282.0
 20
355.00000000000006
  0
TEXT
  5
307
330
17
100
AcDbEntity
  8
S-TABLE
100
AcDbText
 10
286.561157379078
 20
351.40000000000003
 30
0.0
 40
2.63
  1
6
  7
OpenSans
 72
1
 11
286.561157379078
 21
351.40000000000003
 31
0.0
100
AcDbText
 73
2
  0
LINE
  5
308
330
17
100
AcDbEntity
  8
S-TABLE
100
AcDbLine
 10
291.122314758156
 20
347.80000000000007
 30
0.0
 11
291.122314758156
 21
355.00000000000006
 31
0.0
  0
TEXT
  5
309
330
17
100
AcDbEntity
  8
S-TABLE
100
AcDbText
 10
292.52231475815597
 20
351.40000000000003
 30
0.0
 40
2.63
  1
Substructure Works
  7
OpenSans
 11
292.52231475815597
 21
351.40000000000003
 31
0.0
100
AcDbText
 73
2
  0
LINE
  5
30A
330
17
100
AcDbEntity
  8
S-TABLE
100
AcDbLine
 10
409.96926544154434
 20
347.80000000000007
 30
0.0
 11
409.96926544154434
 21
355.00000000000006
 31
0.0
  0
TEXT
  5
30B
330
17
100
AcDbEntity
  8
S-TABLE
100
AcDbText
 10
416.3348096820032
 20
351.40000000000003
 30
0.0
 40
2.63
  1
40
  7
OpenSans
 72
1
 11
416.3348096820032
 21
351.40000000000003
 31
0.0
100
AcDbText
 73
2
  0
LINE
  5
30C
330
17
100
AcDbEntity
  8
S-TABLE
100
AcDbLine
 10
422.7003539224621
 20
347.80000000000007
 30
0.0
 11
422.7003539224621
 21
355.00000000000006
 31
0.0
  0
TEXT
  5
30D
330
17
100
AcDbEntity
  8
S-TABLE
100
AcDbText
 10
432.0252654418466
 20
351.40000000000003
 30
0.0
 40
2.63
  1
02-11-26
  7
OpenSans
 72
1
 11
432.0252654418466
 21
351.40000000000003
 31
0.0
100
AcDbText
 73
2
  0
LINE
  5
30E
330
17
100
AcDbEntity
  8
S-TABLE
100
AcDbLine
 10
441.35017696123106
 20
347.80000000000007
 30
0.0
 11
441.35017696123106
 21
355.00000000000006
 31
0.0
  0
TEXT
  5
30F
330
17
100
AcDbEntity
  8
S-TABLE
100
AcDbText
 10
450.6750884806155
 20
351.40000000000003
 30
0.0
 40
2.63
  1
18-12-26
  7
OpenSans
 72
1
 11
450.6750884806155
 21
351.40000000000003
 31
0.0
100
AcDbText
 73
2
  0
LWPOLYLINE
  5
310
330
17
100
AcDbEntity
  8
S-TABLE
100
AcDbPolyline
 90
4
 70
1
 10
282.0
 20
340.6000000000001
 10
460.0
 20
340.6000000000001
 10
460.0
 20
347.80000000000007
 10
282.0
 20
347.80000000000007
  0
TEXT
  5
311
330
17
100
AcDbEntity
  8
S-TABLE
100
AcDbText
 10
286.561157379078
 20
344.20000000000005
 30
0.0
 40
2.63
  1
11
  7
OpenSans
 72
1
 11
286.561157379078
 21
344.20000000000005
 31
0.0
100
AcDbText
 73
2
  0
LINE
  5
312
330
17
100
AcDbEntity
  8
S-TABLE
100
AcDbLine
 10
291.122314758156
 20
340.6000000000001
 30
0.0
 11
291.122314758156
 21
347.80000000000007
 31
0.0
  0
TEXT
  5
313
330
17
100
AcDbEntity
  8
S-TABLE
100
AcDbText
 10
292.52231475815597
 20
344.20000000000005
 30
0.0
 40
2.63
  1
    Center Line Works
  7
OpenSans
 11
292.52231475815597
 21
344.20000000000005
 31
0.0
100
AcDbText
 73
2
  0
LINE
  5
314
330
17
100
AcDbEntity
  8
S-TABLE
100
AcDbLine
 10
409.96926544154434
 20
340.6000000000001
 30
0.0
 11
409.96926544154434
 21
347.80000000000007
 31
0.0
  0
TEXT
  5
315
330
17
100
AcDbEntity
  8
S-TABLE
100
AcDbText
 10
416.3348096820032
 20
344.20000000000005
 30
0.0
 40
2.63
  1
4
  7
OpenSans
 72
1
 11
416.3348096820032
 21
344.20000000000005
 31
0.0
100
AcDbText
 73
2
  0
LINE
  5
316
330
17
100
AcDbEntity
  8
S-TABLE
100
AcDbLine
 10
422.7003539224621
 20
340.6000000000001
 30
0.0
 11
422.7003539224621
 21
347.80000000000007
 31
0.0
  0
TEXT
  5
317
330
17
100
AcDbEntity
  8
S-TABLE
100
AcDbText
 10
432.0252654418466
 20
344.20000000000005
 30
0.0
 40
2.63
  1
14-11-26
  7
OpenSans
 72
1
 11
432.0252654418466
 21
344.20000000000005
 31
0.0
100
AcDbText
 73
2
  0
LINE
  5
318
330
17
100
AcDbEntity
  8
S-TABLE
100
AcDbLine
 10
441.35017696123106
 20
340.6000000000001
 30
0.0
 11
441.35017696123106
 21
347.80000000000007
 31
0.0
  0
TEXT
  5
319
330
17
100
AcDbEntity
  8
S-TABLE
100
AcDbText
 10
450.6750884806155
 20
344.20000000000005
 30
0.0
 40
2.63
  1
18-11-26
  7
OpenSans
 72
1
 11
450.6750884806155
 21
344.20000000000005
 31
0.0
100
AcDbText
 73
2
  0
LWPOLYLINE
  5
31A
330
17
100
AcDbEntity
  8
S-TABLE
100
AcDbPolyline
 90
4
 70
1
 10
282.0
 20
333.4000000000001
 10
460.0
 20
333.4000000000001
 10
460.0
 20
340.6000000000001
 10
282.0
 20
340.6000000000001
  0
TEXT
  5
31B
330
17
100
AcDbEntity
  8
S-TABLE
100
AcDbText
 10
286.561157379078
 20
337.00000000000006
 30
0.0
 40
2.63
  1
14
  7
OpenSans
 72
1
 11
286.561157379078
 21
337.00000000000006
 31
0.0
100
AcDbText
 73
2
  0
LINE
  5
31C
330
17
100
AcDbEntity
  8
S-TABLE
100
AcDbLine
 10
291.122314758156
 20
333.4000000000001
 30
0.0
 11
291.122314758156
 21
340.6000000000001
 31
0.0
  0
TEXT
  5
31D
330
17
100
AcDbEntity
  8
S-TABLE
100
AcDbText
 10
292.52231475815597
 20
337.00000000000006
 30
0.0
 40
2.63
  1
    Monolithic Mat Raft, 600mm Thk Periphery Shear Wall RC
  7
OpenSans
 11
292.52231475815597
 21
337.00000000000006
 31
0.0
100
AcDbText
 73
2
  0
LINE
  5
31E
330
17
100
AcDbEntity
  8
S-TABLE
100
AcDbLine
 10
409.96926544154434
 20
333.4000000000001
 30
0.0
 11
409.96926544154434
 21
340.6000000000001
 31
0.0
  0
TEXT
  5
31F
330
17
100
AcDbEntity
  8
S-TABLE
100
AcDbText
 10
416.3348096820032
 20
337.00000000000006
 30
0.0
 40
2.63
  1
20
  7
OpenSans
 72
1
 11
416.3348096820032
 21
337.00000000000006
 31
0.0
100
AcDbText
 73
2
  0
LINE
  5
320
330
17
100
AcDbEntity
  8
S-TABLE
100
AcDbLine
 10
422.7003539224621
 20
333.4000000000001
 30
0.0
 11
422.7003539224621
 21
340.6000000000001
 31
0.0
  0
TEXT
  5
321
330
17
100
AcDbEntity
  8
S-TABLE
100
AcDbText
 10
432.0252654418466
 20
337.00000000000006
 30
0.0
 40
2.63
  1
19-11-26
  7
OpenSans
 72
1
 11
432.0252654418466
 21
337.00000000000006
 31
0.0
100
AcDbText
 73
2
  0
LINE
  5
322
330
17
100
AcDbEntity
  8
S-TABLE
100
AcDbLine
 10
441.35017696123106
 20
333.4000000000001
 30
0.0
 11
441.35017696123106
 21
340.6000000000001
 31
0.0
  0
TEXT
  5
323
330
17
100
AcDbEntity
  8
S-TABLE
100
AcDbText
 10
450.6750884806155
 20
337.00000000000006
 30
0.0
 40
2.63
  1
11-12-26
  7
OpenSans
 72
1
 11
450.6750884806155
 21
337.00000000000006
 31
0.0
100
AcDbText
 73
2
  0
LWPOLYLINE
  5
324
330
17
100
AcDbEntity
  8
S-TABLE
100
AcDbPolyline
 90
4
 70
1
 10
282.0
 20
326.2000000000001
 10
460.0
 20
326.2000000000001
 10
460.0
 20
333.4000000000001
 10
282.0
 20
333.4000000000001
  0
TEXT
  5
325
330
17
100
AcDbEntity
  8
S-TABLE
100
AcDbText
 10
286.561157379078
 20
329.80000000000007
 30
0.0
 40
2.63
  1
27
  7
OpenSans
 72
1
 11
286.561157379078
 21
329.80000000000007
 31
0.0
100
AcDbText
 73
2
  0
LINE
  5
326
330
17
100
AcDbEntity
  8
S-TABLE
100
AcDbLine
 10
291.122314758156
 20
326.2000000000001
 30
0.0
 11
291.122314758156
 21
333.4000000000001
 31
0.0
  0
TEXT
  5
327
330
17
100
AcDbEntity
  8
S-TABLE
100
AcDbText
 10
292.52231475815597
 20
329.80000000000007
 30
0.0
 40
2.63
  1
Superstructure RCC Works & Brick Works
  7
OpenSans
 11
292.52231475815597
 21
329.80000000000007
 31
0.0
100
AcDbText
 73
2
  0
LINE
  5
328
330
17
100
AcDbEntity
  8
S-TABLE
100
AcDbLine
 10
409.96926544154434
 20
326.2000000000001
 30
0.0
 11
409.96926544154434
 21
333.4000000000001
 31
0.0
  0
TEXT
  5
329
330
17
100
AcDbEntity
  8
S-TABLE
100
AcDbText
 10
416.3348096820032
 20
329.80000000000007
 30
0.0
 40
2.63
  1
82
  7
OpenSans
 72
1
 11
416.3348096820032
 21
329.80000000000007
 31
0.0
100
AcDbText
 73
2
  0
LINE
  5
32A
330
17
100
AcDbEntity
  8
S-TABLE
100
AcDbLine
 10
422.7003539224621
 20
326.2000000000001
 30
0.0
 11
422.7003539224621
 21
333.4000000000001
 31
0.0
  0
TEXT
  5
32B
330
17
100
AcDbEntity
  8
S-TABLE
100
AcDbText
 10
432.0252654418466
 20
329.80000000000007
 30
0.0
 40
2.63
  1
19-12-26
  7
OpenSans
 72
1
 11
432.0252654418466
 21
329.80000000000007
 31
0.0
100
AcDbText
 73
2
  0
LINE
  5
32C
330
17
100
AcDbEntity
  8
S-TABLE
100
AcDbLine
 10
441.35017696123106
 20
326.2000000000001
 30
0.0
 11
441.35017696123106
 21
333.4000000000001
 31
0.0
  0
TEXT
  5
32D
330
17
100
AcDbEntity
  8
S-TABLE
100
AcDbText
 10
450.6750884806155
 20
329.80000000000007
 30
0.0
 40
2.63
  1
26-03-27
  7
OpenSans
 72
1
 11
450.6750884806155
 21
329.80000000000007
 31
0.0
100
AcDbText
 73
2
  0
LWPOLYLINE
  5
32E
330
17
100
AcDbEntity
  8
S-TABLE
100
AcDbPolyline
 90
4
 70
1
 10
282.0
 20
319.0000000000001
 10
460.0
 20
319.0000000000001
 10
460.0
 20
326.2000000000001
 10
282.0
 20
326.2000000000001
  0
TEXT
  5
32F
330
17
100
AcDbEntity
  8
S-TABLE
100
AcDbText
 10
286.561157379078
 20
322.6000000000001
 30
0.0
 40
2.63
  1
28
  7
OpenSans
 72
1
 11
286.561157379078
 21
322.6000000000001
 31
0.0
100
AcDbText
 73
2
  0
LINE
  5
330
330
17
100
AcDbEntity
  8
S-TABLE
100
AcDbLine
 10
291.122314758156
 20
319.0000000000001
 30
0.0
 11
291.122314758156
 21
326.2000000000001
 31
0.0
  0
TEXT
  5
331
330
17
100
AcDbEntity
  8
S-TABLE
100
AcDbText
 10
292.52231475815597
 20
322.6000000000001
 30
0.0
 40
2.63
  1
    1st Slab (900 mm Thk) RCC Works (DECN Room, Gen Room R
  7
OpenSans
 11
292.52231475815597
 21
322.6000000000001
 31
0.0
100
AcDbText
 73
2
  0
LINE
  5
332
330
17
100
AcDbEntity
  8
S-TABLE
100
AcDbLine
 10
409.96926544154434
 20
319.0000000000001
 30
0.0
 11
409.96926544154434
 21
326.2000000000001
 31
0.0
  0
TEXT
  5
333
330
17
100
AcDbEntity
  8
S-TABLE
100
AcDbText
 10
416.3348096820032
 20
322.6000000000001
 30
0.0
 40
2.63
  1
25
  7
OpenSans
 72
1
 11
416.3348096820032
 21
322.6000000000001
 31
0.0
100
AcDbText
 73
2
  0
LINE
  5
334
330
17
100
AcDbEntity
  8
S-TABLE
100
AcDbLine
 10
422.7003539224621
 20
319.0000000000001
 30
0.0
 11
422.7003539224621
 21
326.2000000000001
 31
0.0
  0
TEXT
  5
335
330
17
100
AcDbEntity
  8
S-TABLE
100
AcDbText
 10
432.0252654418466
 20
322.6000000000001
 30
0.0
 40
2.63
  1
19-12-26
  7
OpenSans
 72
1
 11
432.0252654418466
 21
322.6000000000001
 31
0.0
100
AcDbText
 73
2
  0
LINE
  5
336
330
17
100
AcDbEntity
  8
S-TABLE
100
AcDbLine
 10
441.35017696123106
 20
319.0000000000001
 30
0.0
 11
441.35017696123106
 21
326.2000000000001
 31
0.0
  0
TEXT
  5
337
330
17
100
AcDbEntity
  8
S-TABLE
100
AcDbText
 10
450.6750884806155
 20
322.6000000000001
 30
0.0
 40
2.63
  1
16-01-27
  7
OpenSans
 72
1
 11
450.6750884806155
 21
322.6000000000001
 31
0.0
100
AcDbText
 73
2
  0
LWPOLYLINE
  5
338
330
17
100
AcDbEntity
  8
S-TABLE
100
AcDbPolyline
 90
4
 70
1
 10
282.0
 20
311.8000000000001
 10
460.0
 20
311.8000000000001
 10
460.0
 20
319.0000000000001
 10
282.0
 20
319.0000000000001
  0
TEXT
  5
339
330
17
100
AcDbEntity
  8
S-TABLE
100
AcDbText
 10
286.561157379078
 20
315.4000000000001
 30
0.0
 40
2.63
  1
42
  7
OpenSans
 72
1
 11
286.561157379078
 21
315.4000000000001
 31
0.0
100
AcDbText
 73
2
  0
LINE
  5
33A
330
17
100
AcDbEntity
  8
S-TABLE
100
AcDbLine
 10
291.122314758156
 20
311.8000000000001
 30
0.0
 11
291.122314758156
 21
319.0000000000001
 31
0.0
  0
TEXT
  5
33B
330
17
100
AcDbEntity
  8
S-TABLE
100
AcDbText
 10
292.52231475815597
 20
315.4000000000001
 30
0.0
 40
2.63
  1
    2nd Slab (Ground Lvl) - Grade Slab RCC Works
  7
OpenSans
 11
292.52231475815597
 21
315.4000000000001
 31
0.0
100
AcDbText
 73
2
  0
LINE
  5
33C
330
17
100
AcDbEntity
  8
S-TABLE
100
AcDbLine
 10
409.96926544154434
 20
311.8000000000001
 30
0.0
 11
409.96926544154434
 21
319.0000000000001
 31
0.0
  0
TEXT
  5
33D
330
17
100
AcDbEntity
  8
S-TABLE
100
AcDbText
 10
416.3348096820032
 20
315.4000000000001
 30
0.0
 40
2.63
  1
23
  7
OpenSans
 72
1
 11
416.3348096820032
 21
315.4000000000001
 31
0.0
100
AcDbText
 73
2
  0
LINE
  5
33E
330
17
100
AcDbEntity
  8
S-TABLE
100
AcDbLine
 10
422.7003539224621
 20
311.8000000000001
 30
0.0
 11
422.7003539224621
 21
319.0000000000001
 31
0.0
  0
TEXT
  5
33F
330
17
100
AcDbEntity
  8
S-TABLE
100
AcDbText
 10
432.0252654418466
 20
315.4000000000001
 30
0.0
 40
2.63
  1
18-01-27
  7
OpenSans
 72
1
 11
432.0252654418466
 21
315.4000000000001
 31
0.0
100
AcDbText
 73
2
  0
LINE
  5
340
330
17
100
AcDbEntity
  8
S-TABLE
100
AcDbLine
 10
441.35017696123106
 20
311.8000000000001
 30
0.0
 11
441.35017696123106
 21
319.0000000000001
 31
0.0
  0
TEXT
  5
341
330
17
100
AcDbEntity
  8
S-TABLE
100
AcDbText
 10
450.6750884806155
 20
315.4000000000001
 30
0.0
 40
2.63
  1
13-02-27
  7
OpenSans
 72
1
 11
450.6750884806155
 21
315.4000000000001
 31
0.0
100
AcDbText
 73
2
  0
LWPOLYLINE
  5
342
330
17
100
AcDbEntity
  8
S-TABLE
100
AcDbPolyline
 90
4
 70
1
 10
282.0
 20
304.60000000000014
 10
460.0
 20
304.60000000000014
 10
460.0
 20
311.8000000000001
 10
282.0
 20
311.8000000000001
  0
TEXT
  5
343
330
17
100
AcDbEntity
  8
S-TABLE
100
AcDbText
 10
286.561157379078
 20
308.2000000000001
 30
0.0
 40
2.63
  1
52
  7
OpenSans
 72
1
 11
286.561157379078
 21
308.2000000000001
 31
0.0
100
AcDbText
 73
2
  0
LINE
  5
344
330
17
100
AcDbEntity
  8
S-TABLE
100
AcDbLine
 10
291.122314758156
 20
304.60000000000014
 30
0.0
 11
291.122314758156
 21
311.8000000000001
 31
0.0
  0
TEXT
  5
345
330
17
100
AcDbEntity
  8
S-TABLE
100
AcDbText
 10
292.52231475815597
 20
308.2000000000001
 30
0.0
 40
2.63
  1
    2m Engineered Cover Grade Slab RCC Works
  7
OpenSans
 11
292.52231475815597
 21
308.2000000000001
 31
0.0
100
AcDbText
 73
2
  0
LINE
  5
346
330
17
100
AcDbEntity
  8
S-TABLE
100
AcDbLine
 10
409.96926544154434
 20
304.60000000000014
 30
0.0
 11
409.96926544154434
 21
311.8000000000001
 31
0.0
  0
TEXT
  5
347
330
17
100
AcDbEntity
  8
S-TABLE
100
AcDbText
 10
416.3348096820032
 20
308.2000000000001
 30
0.0
 40
2.63
  1
4
  7
OpenSans
 72
1
 11
416.3348096820032
 21
308.2000000000001
 31
0.0
100
AcDbText
 73
2
  0
LINE
  5
348
330
17
100
AcDbEntity
  8
S-TABLE
100
AcDbLine
 10
422.7003539224621
 20
304.60000000000014
 30
0.0
 11
422.7003539224621
 21
311.8000000000001
 31
0.0
  0
TEXT
  5
349
330
17
100
AcDbEntity
  8
S-TABLE
100
AcDbText
 10
432.0252654418466
 20
308.2000000000001
 30
0.0
 40
2.63
  1
10-02-27
  7
OpenSans
 72
1
 11
432.0252654418466
 21
308.2000000000001
 31
0.0
100
AcDbText
 73
2
  0
LINE
  5
34A
330
17
100
AcDbEntity
  8
S-TABLE
100
AcDbLine
 10
441.35017696123106
 20
304.60000000000014
 30
0.0
 11
441.35017696123106
 21
311.8000000000001
 31
0.0
  0
TEXT
  5
34B
330
17
100
AcDbEntity
  8
S-TABLE
100
AcDbText
 10
450.6750884806155
 20
308.2000000000001
 30
0.0
 40
2.63
  1
13-02-27
  7
OpenSans
 72
1
 11
450.6750884806155
 21
308.2000000000001
 31
0.0
100
AcDbText
 73
2
  0
LWPOLYLINE
  5
34C
330
17
100
AcDbEntity
  8
S-TABLE
100
AcDbPolyline
 90
4
 70
1
 10
282.0
 20
297.40000000000015
 10
460.0
 20
297.40000000000015
 10
460.0
 20
304.60000000000014
 10
282.0
 20
304.60000000000014
  0
TEXT
  5
34D
330
17
100
AcDbEntity
  8
S-TABLE
100
AcDbText
 10
286.561157379078
 20
301.0000000000001
 30
0.0
 40
2.63
  1
55
  7
OpenSans
 72
1
 11
286.561157379078
 21
301.0000000000001
 31
0.0
100
AcDbText
 73
2
  0
LINE
  5
34E
330
17
100
AcDbEntity
  8
S-TABLE
100
AcDbLine
 10
291.122314758156
 20
297.40000000000015
 30
0.0
 11
291.122314758156
 21
304.60000000000014
 31
0.0
  0
TEXT
  5
34F
330
17
100
AcDbEntity
  8
S-TABLE
100
AcDbText
 10
292.52231475815597
 20
301.0000000000001
 30
0.0
 40
2.63
  1
    3rd Slab (First Floor Slab) RCC Works
  7
OpenSans
 11
292.52231475815597
 21
301.0000000000001
 31
0.0
100
AcDbText
 73
2
  0
LINE
  5
350
330
17
100
AcDbEntity
  8
S-TABLE
100
AcDbLine
 10
409.96926544154434
 20
297.40000000000015
 30
0.0
 11
409.96926544154434
 21
304.60000000000014
 31
0.0
  0
TEXT
  5
351
330
17
100
AcDbEntity
  8
S-TABLE
100
AcDbText
 10
416.3348096820032
 20
301.0000000000001
 30
0.0
 40
2.63
  1
10
  7
OpenSans
 72
1
 11
416.3348096820032
 21
301.0000000000001
 31
0.0
100
AcDbText
 73
2
  0
LINE
  5
352
330
17
100
AcDbEntity
  8
S-TABLE
100
AcDbLine
 10
422.7003539224621
 20
297.40000000000015
 30
0.0
 11
422.7003539224621
 21
304.60000000000014
 31
0.0
  0
TEXT
  5
353
330
17
100
AcDbEntity
  8
S-TABLE
100
AcDbText
 10
432.0252654418466
 20
301.0000000000001
 30
0.0
 40
2.63
  1
15-02-27
  7
OpenSans
 72
1
 11
432.0252654418466
 21
301.0000000000001
 31
0.0
100
AcDbText
 73
2
  0
LINE
  5
354
330
17
100
AcDbEntity
  8
S-TABLE
100
AcDbLine
 10
441.35017696123106
 20
297.40000000000015
 30
0.0
 11
441.35017696123106
 21
304.60000000000014
 31
0.0
  0
TEXT
  5
355
330
17
100
AcDbEntity
  8
S-TABLE
100
AcDbText
 10
450.6750884806155
 20
301.0000000000001
 30
0.0
 40
2.63
  1
25-02-27
  7
OpenSans
 72
1
 11
450.6750884806155
 21
301.0000000000001
 31
0.0
100
AcDbText
 73
2
  0
LWPOLYLINE
  5
356
330
17
100
AcDbEntity
  8
S-TABLE
100
AcDbPolyline
 90
4
 70
1
 10
282.0
 20
290.20000000000016
 10
460.0
 20
290.20000000000016
 10
460.0
 20
297.40000000000015
 10
282.0
 20
297.40000000000015
  0
TEXT
  5
357
330
17
100
AcDbEntity
  8
S-TABLE
100
AcDbText
 10
286.561157379078
 20
293.8000000000001
 30
0.0
 40
2.63
  1
68
  7
OpenSans
 72
1
 11
286.561157379078
 21
293.8000000000001
 31
0.0
100
AcDbText
 73
2
  0
LINE
  5
358
330
17
100
AcDbEntity
  8
S-TABLE
100
AcDbLine
 10
291.122314758156
 20
290.20000000000016
 30
0.0
 11
291.122314758156
 21
297.40000000000015
 31
0.0
  0
TEXT
  5
359
330
17
100
AcDbEntity
  8
S-TABLE
100
AcDbText
 10
292.52231475815597
 20
293.8000000000001
 30
0.0
 40
2.63
  1
    4th Slab (Headhouse Roof Slab) RCC Works
  7
OpenSans
 11
292.52231475815597
 21
293.8000000000001
 31
0.0
100
AcDbText
 73
2
  0
LINE
  5
35A
330
17
100
AcDbEntity
  8
S-TABLE
100
AcDbLine
 10
409.96926544154434
 20
290.20000000000016
 30
0.0
 11
409.96926544154434
 21
297.40000000000015
 31
0.0
  0
TEXT
  5
35B
330
17
100
AcDbEntity
  8
S-TABLE
100
AcDbText
 10
416.3348096820032
 20
293.8000000000001
 30
0.0
 40
2.63
  1
10
  7
OpenSans
 72
1
 11
416.3348096820032
 21
293.8000000000001
 31
0.0
100
AcDbText
 73
2
  0
LINE
  5
35C
330
17
100
AcDbEntity
  8
S-TABLE
100
AcDbLine
 10
422.7003539224621
 20
290.20000000000016
 30
0.0
 11
422.7003539224621
 21
297.40000000000015
 31
0.0
  0
TEXT
  5
35D
330
17
100
AcDbEntity
  8
S-TABLE
100
AcDbText
 10
432.0252654418466
 20
293.8000000000001
 30
0.0
 40
2.63
  1
26-02-27
  7
OpenSans
 72
1
 11
432.0252654418466
 21
293.8000000000001
 31
0.0
100
AcDbText
 73
2
  0
LINE
  5
35E
330
17
100
AcDbEntity
  8
S-TABLE
100
AcDbLine
 10
441.35017696123106
 20
290.20000000000016
 30
0.0
 11
441.35017696123106
 21
297.40000000000015
 31
0.0
  0
TEXT
  5
35F
330
17
100
AcDbEntity
  8
S-TABLE
100
AcDbText
 10
450.6750884806155
 20
293.8000000000001
 30
0.0
 40
2.63
  1
09-03-27
  7
OpenSans
 72
1
 11
450.6750884806155
 21
293.8000000000001
 31
0.0
100
AcDbText
 73
2
  0
LWPOLYLINE
  5
360
330
17
100
AcDbEntity
  8
S-TABLE
100
AcDbPolyline
 90
4
 70
1
 10
282.0
 20
283.00000000000017
 10
460.0
 20
283.00000000000017
 10
460.0
 20
290.20000000000016
 10
282.0
 20
290.20000000000016
  0
TEXT
  5
361
330
17
100
AcDbEntity
  8
S-TABLE
100
AcDbText
 10
286.561157379078
 20
286.60000000000014
 30
0.0
 40
2.63
  1
81
  7
OpenSans
 72
1
 11
286.561157379078
 21
286.60000000000014
 31
0.0
100
AcDbText
 73
2
  0
LINE
  5
362
330
17
100
AcDbEntity
  8
S-TABLE
100
AcDbLine
 10
291.122314758156
 20
283.00000000000017
 30
0.0
 11
291.122314758156
 21
290.20000000000016
 31
0.0
  0
TEXT
  5
363
330
17
100
AcDbEntity
  8
S-TABLE
100
AcDbText
 10
292.52231475815597
 20
286.60000000000014
 30
0.0
 40
2.63
  1
    RCC Slab Deshuttering,Cleaning & Housekeeping Works
  7
OpenSans
 11
292.52231475815597
 21
286.60000000000014
 31
0.0
100
AcDbText
 73
2
  0
LINE
  5
364
330
17
100
AcDbEntity
  8
S-TABLE
100
AcDbLine
 10
409.96926544154434
 20
283.00000000000017
 30
0.0
 11
409.96926544154434
 21
290.20000000000016
 31
0.0
  0
TEXT
  5
365
330
17
100
AcDbEntity
  8
S-TABLE
100
AcDbText
 10
416.3348096820032
 20
286.60000000000014
 30
0.0
 40
2.63
  1
32
  7
OpenSans
 72
1
 11
416.3348096820032
 21
286.60000000000014
 31
0.0
100
AcDbText
 73
2
  0
LINE
  5
366
330
17
100
AcDbEntity
  8
S-TABLE
100
AcDbLine
 10
422.7003539224621
 20
283.00000000000017
 30
0.0
 11
422.7003539224621
 21
290.20000000000016
 31
0.0
  0
TEXT
  5
367
330
17
100
AcDbEntity
  8
S-TABLE
100
AcDbText
 10
432.0252654418466
 20
286.60000000000014
 30
0.0
 40
2.63
  1
17-02-27
  7
OpenSans
 72
1
 11
432.0252654418466
 21
286.60000000000014
 31
0.0
100
AcDbText
 73
2
  0
LINE
  5
368
330
17
100
AcDbEntity
  8
S-TABLE
100
AcDbLine
 10
441.35017696123106
 20
283.00000000000017
 30
0.0
 11
441.35017696123106
 21
290.20000000000016
 31
0.0
  0
TEXT
  5
369
330
17
100
AcDbEntity
  8
S-TABLE
100
AcDbText
 10
450.6750884806155
 20
286.60000000000014
 30
0.0
 40
2.63
  1
26-03-27
  7
OpenSans
 72
1
 11
450.6750884806155
 21
286.60000000000014
 31
0.0
100
AcDbText
 73
2
  0
LWPOLYLINE
  5
36A
330
17
100
AcDbEntity
  8
S-TABLE
100
AcDbPolyline
 90
4
 70
1
 10
282.0
 20
275.8000000000002
 10
460.0
 20
275.8000000000002
 10
460.0
 20
283.00000000000017
 10
282.0
 20
283.00000000000017
  0
TEXT
  5
36B
330
17
100
AcDbEntity
  8
S-TABLE
100
AcDbText
 10
286.561157379078
 20
279.40000000000015
 30
0.0
 40
2.63
  1
86
  7
OpenSans
 72
1
 11
286.561157379078
 21
279.40000000000015
 31
0.0
100
AcDbText
 73
2
  0
LINE
  5
36C
330
17
100
AcDbEntity
  8
S-TABLE
100
AcDbLine
 10
291.122314758156
 20
275.8000000000002
 30
0.0
 11
291.122314758156
 21
283.00000000000017
 31
0.0
  0
TEXT
  5
36D
330
17
100
AcDbEntity
  8
S-TABLE
100
AcDbText
 10
292.52231475815597
 20
279.40000000000015
 30
0.0
 40
2.63
  1
Finishing Works
  7
OpenSans
 11
292.52231475815597
 21
279.40000000000015
 31
0.0
100
AcDbText
 73
2
  0
LINE
  5
36E
330
17
100
AcDbEntity
  8
S-TABLE
100
AcDbLine
 10
409.96926544154434
 20
275.8000000000002
 30
0.0
 11
409.96926544154434
 21
283.00000000000017
 31
0.0
  0
TEXT
  5
36F
330
17
100
AcDbEntity
  8
S-TABLE
100
AcDbText
 10
416.3348096820032
 20
279.40000000000015
 30
0.0
 40
2.63
  1
112
  7
OpenSans
 72
1
 11
416.3348096820032
 21
279.40000000000015
 31
0.0
100
AcDbText
 73
2
  0
LINE
  5
370
330
17
100
AcDbEntity
  8
S-TABLE
100
AcDbLine
 10
422.7003539224621
 20
275.8000000000002
 30
0.0
 11
422.7003539224621
 21
283.00000000000017
 31
0.0
  0
TEXT
  5
371
330
17
100
AcDbEntity
  8
S-TABLE
100
AcDbText
 10
432.0252654418466
 20
279.40000000000015
 30
0.0
 40
2.63
  1
16-03-27
  7
OpenSans
 72
1
 11
432.0252654418466
 21
279.40000000000015
 31
0.0
100
AcDbText
 73
2
  0
LINE
  5
372
330
17
100
AcDbEntity
  8
S-TABLE
100
AcDbLine
 10
441.35017696123106
 20
275.8000000000002
 30
0.0
 11
441.35017696123106
 21
283.00000000000017
 31
0.0
  0
TEXT
  5
373
330
17
100
AcDbEntity
  8
S-TABLE
100
AcDbText
 10
450.6750884806155
 20
279.40000000000015
 30
0.0
 40
2.63
  1
26-07-27
  7
OpenSans
 72
1
 11
450.6750884806155
 21
279.40000000000015
 31
0.0
100
AcDbText
 73
2
  0
LWPOLYLINE
  5
374
330
17
100
AcDbEntity
  8
S-TABLE
100
AcDbPolyline
 90
4
 70
1
 10
282.0
 20
268.6000000000002
 10
460.0
 20
268.6000000000002
 10
460.0
 20
275.8000000000002
 10
282.0
 20
275.8000000000002
  0
TEXT
  5
375
330
17
100
AcDbEntity
  8
S-TABLE
100
AcDbText
 10
286.561157379078
 20
272.20000000000016
 30
0.0
 40
2.63
  1
87
  7
OpenSans
 72
1
 11
286.561157379078
 21
272.20000000000016
 31
0.0
100
AcDbText
 73
2
  0
LINE
  5
376
330
17
100
AcDbEntity
  8
S-TABLE
100
AcDbLine
 10
291.122314758156
 20
268.6000000000002
 30
0.0
 11
291.122314758156
 21
275.8000000000002
 31
0.0
  0
TEXT
  5
377
330
17
100
AcDbEntity
  8
S-TABLE
100
AcDbText
 10
292.52231475815597
 20
272.20000000000016
 30
0.0
 40
2.63
  1
    Brickworks
  7
OpenSans
 11
292.52231475815597
 21
272.20000000000016
 31
0.0
100
AcDbText
 73
2
  0
LINE
  5
378
330
17
100
AcDbEntity
  8
S-TABLE
100
AcDbLine
 10
409.96926544154434
 20
268.6000000000002
 30
0.0
 11
409.96926544154434
 21
275.8000000000002
 31
0.0
  0
TEXT
  5
379
330
17
100
AcDbEntity
  8
S-TABLE
100
AcDbText
 10
416.3348096820032
 20
272.20000000000016
 30
0.0
 40
2.63
  1
12
  7
OpenSans
 72
1
 11
416.3348096820032
 21
272.20000000000016
 31
0.0
100
AcDbText
 73
2
  0
LINE
  5
37A
330
17
100
AcDbEntity
  8
S-TABLE
100
AcDbLine
 10
422.7003539224621
 20
268.6000000000002
 30
0.0
 11
422.7003539224621
 21
275.8000000000002
 31
0.0
  0
TEXT
  5
37B
330
17
100
AcDbEntity
  8
S-TABLE
100
AcDbText
 10
432.0252654418466
 20
272.20000000000016
 30
0.0
 40
2.63
  1
16-03-27
  7
OpenSans
 72
1
 11
432.0252654418466
 21
272.20000000000016
 31
0.0
100
AcDbText
 73
2
  0
LINE
  5
37C
330
17
100
AcDbEntity
  8
S-TABLE
100
AcDbLine
 10
441.35017696123106
 20
268.6000000000002
 30
0.0
 11
441.35017696123106
 21
275.8000000000002
 31
0.0
  0
TEXT
  5
37D
330
17
100
AcDbEntity
  8
S-TABLE
100
AcDbText
 10
450.6750884806155
 20
272.20000000000016
 30
0.0
 40
2.63
  1
29-03-27
  7
OpenSans
 72
1
 11
450.6750884806155
 21
272.20000000000016
 31
0.0
100
AcDbText
 73
2
  0
LWPOLYLINE
  5
37E
330
17
100
AcDbEntity
  8
S-TABLE
100
AcDbPolyline
 90
4
 70
1
 10
282.0
 20
261.4000000000002
 10
460.0
 20
261.4000000000002
 10
460.0
 20
268.6000000000002
 10
282.0
 20
268.6000000000002
  0
TEXT
  5
37F
330
17
100
AcDbEntity
  8
S-TABLE
100
AcDbText
 10
286.561157379078
 20
265.00000000000017
 30
0.0
 40
2.63
  1
92
  7
OpenSans
 72
1
 11
286.561157379078
 21
265.00000000000017
 31
0.0
100
AcDbText
 73
2
  0
LINE
  5
380
330
17
100
AcDbEntity
  8
S-TABLE
100
AcDbLine
 10
291.122314758156
 20
261.4000000000002
 30
0.0
 11
291.122314758156
 21
268.6000000000002
 31
0.0
  0
TEXT
  5
381
330
17
100
AcDbEntity
  8
S-TABLE
100
AcDbText
 10
292.52231475815597
 20
265.00000000000017
 30
0.0
 40
2.63
  1
    Internal Sand Faced Plaster
  7
OpenSans
 11
292.52231475815597
 21
265.00000000000017
 31
0.0
100
AcDbText
 73
2
  0
LINE
  5
382
330
17
100
AcDbEntity
  8
S-TABLE
100
AcDbLine
 10
409.96926544154434
 20
261.4000000000002
 30
0.0
 11
409.96926544154434
 21
268.6000000000002
 31
0.0
  0
TEXT
  5
383
330
17
100
AcDbEntity
  8
S-TABLE
100
AcDbText
 10
416.3348096820032
 20
265.00000000000017
 30
0.0
 40
2.63
  1
18
  7
OpenSans
 72
1
 11
416.3348096820032
 21
265.00000000000017
 31
0.0
100
AcDbText
 73
2
  0
LINE
  5
384
330
17
100
AcDbEntity
  8
S-TABLE
100
AcDbLine
 10
422.7003539224621
 20
261.4000000000002
 30
0.0
 11
422.7003539224621
 21
268.6000000000002
 31
0.0
  0
TEXT
  5
385
330
17
100
AcDbEntity
  8
S-TABLE
100
AcDbText
 10
432.0252654418466
 20
265.00000000000017
 30
0.0
 40
2.63
  1
20-03-27
  7
OpenSans
 72
1
 11
432.0252654418466
 21
265.00000000000017
 31
0.0
100
AcDbText
 73
2
  0
LINE
  5
386
330
17
100
AcDbEntity
  8
S-TABLE
100
AcDbLine
 10
441.35017696123106
 20
261.4000000000002
 30
0.0
 11
441.35017696123106
 21
268.6000000000002
 31
0.0
  0
TEXT
  5
387
330
17
100
AcDbEntity
  8
S-TABLE
100
AcDbText
 10
450.6750884806155
 20
265.00000000000017
 30
0.0
 40
2.63
  1
09-04-27
  7
OpenSans
 72
1
 11
450.6750884806155
 21
265.00000000000017
 31
0.0
100
AcDbText
 73
2
  0
LWPOLYLINE
  5
388
330
17
100
AcDbEntity
  8
S-TABLE
100
AcDbPolyline
 90
4
 70
1
 10
282.0
 20
254.20000000000022
 10
460.0
 20
254.20000000000022
 10
460.0
 20
261.4000000000002
 10
282.0
 20
261.4000000000002
  0
TEXT
  5
389
330
17
100
AcDbEntity
  8
S-TABLE
100
AcDbText
 10
286.561157379078
 20
257.8000000000002
 30
0.0
 40
2.63
  1
99
  7
OpenSans
 72
1
 11
286.561157379078
 21
257.8000000000002
 31
0.0
100
AcDbText
 73
2
  0
LINE
  5
38A
330
17
100
AcDbEntity
  8
S-TABLE
100
AcDbLine
 10
291.122314758156
 20
254.20000000000022
 30
0.0
 11
291.122314758156
 21
261.4000000000002
 31
0.0
  0
TEXT
  5
38B
330
17
100
AcDbEntity
  8
S-TABLE
100
AcDbText
 10
292.52231475815597
 20
257.8000000000002
 30
0.0
 40
2.63
  1
    External Plaster - Scaffold Erection, Thiyya, 1st & 2n
  7
OpenSans
 11
292.52231475815597
 21
257.8000000000002
 31
0.0
100
AcDbText
 73
2
  0
LINE
  5
38C
330
17
100
AcDbEntity
  8
S-TABLE
100
AcDbLine
 10
409.96926544154434
 20
254.20000000000022
 30
0.0
 11
409.96926544154434
 21
261.4000000000002
 31
0.0
  0
TEXT
  5
38D
330
17
100
AcDbEntity
  8
S-TABLE
100
AcDbText
 10
416.3348096820032
 20
257.8000000000002
 30
0.0
 40
2.63
  1
8
  7
OpenSans
 72
1
 11
416.3348096820032
 21
257.8000000000002
 31
0.0
100
AcDbText
 73
2
  0
LINE
  5
38E
330
17
100
AcDbEntity
  8
S-TABLE
100
AcDbLine
 10
422.7003539224621
 20
254.20000000000022
 30
0.0
 11
422.7003539224621
 21
261.4000000000002
 31
0.0
  0
TEXT
  5
38F
330
17
100
AcDbEntity
  8
S-TABLE
100
AcDbText
 10
432.0252654418466
 20
257.8000000000002
 30
0.0
 40
2.63
  1
29-04-27
  7
OpenSans
 72
1
 11
432.0252654418466
 21
257.8000000000002
 31
0.0
100
AcDbText
 73
2
  0
LINE
  5
390
330
17
100
AcDbEntity
  8
S-TABLE
100
AcDbLine
 10
441.35017696123106
 20
254.20000000000022
 30
0.0
 11
441.35017696123106
 21
261.4000000000002
 31
0.0
  0
TEXT
  5
391
330
17
100
AcDbEntity
  8
S-TABLE
100
AcDbText
 10
450.6750884806155
 20
257.8000000000002
 30
0.0
 40
2.63
  1
08-05-27
  7
OpenSans
 72
1
 11
450.6750884806155
 21
257.8000000000002
 31
0.0
100
AcDbText
 73
2
  0
LWPOLYLINE
  5
392
330
17
100
AcDbEntity
  8
S-TABLE
100
AcDbPolyline
 90
4
 70
1
 10
282.0
 20
247.00000000000023
 10
460.0
 20
247.00000000000023
 10
460.0
 20
254.20000000000022
 10
282.0
 20
254.20000000000022
  0
TEXT
  5
393
330
17
100
AcDbEntity
  8
S-TABLE
100
AcDbText
 10
286.561157379078
 20
250.60000000000022
 30
0.0
 40
2.63
  1
112
  7
OpenSans
 72
1
 11
286.561157379078
 21
250.60000000000022
 31
0.0
100
AcDbText
 73
2
  0
LINE
  5
394
330
17
100
AcDbEntity
  8
S-TABLE
100
AcDbLine
 10
291.122314758156
 20
247.00000000000023
 30
0.0
 11
291.122314758156
 21
254.20000000000022
 31
0.0
  0
TEXT
  5
395
330
17
100
AcDbEntity
  8
S-TABLE
100
AcDbText
 10
292.52231475815597
 20
250.60000000000022
 30
0.0
 40
2.63
  1
    Door Works
  7
OpenSans
 11
292.52231475815597
 21
250.60000000000022
 31
0.0
100
AcDbText
 73
2
  0
LINE
  5
396
330
17
100
AcDbEntity
  8
S-TABLE
100
AcDbLine
 10
409.96926544154434
 20
247.00000000000023
 30
0.0
 11
409.96926544154434
 21
254.20000000000022
 31
0.0
  0
TEXT
  5
397
330
17
100
AcDbEntity
  8
S-TABLE
100
AcDbText
 10
416.3348096820032
 20
250.60000000000022
 30
0.0
 40
2.63
  1
8
  7
OpenSans
 72
1
 11
416.3348096820032
 21
250.60000000000022
 31
0.0
100
AcDbText
 73
2
  0
LINE
  5
398
330
17
100
AcDbEntity
  8
S-TABLE
100
AcDbLine
 10
422.7003539224621
 20
247.00000000000023
 30
0.0
 11
422.7003539224621
 21
254.20000000000022
 31
0.0
  0
TEXT
  5
399
330
17
100
AcDbEntity
  8
S-TABLE
100
AcDbText
 10
432.0252654418466
 20
250.60000000000022
 30
0.0
 40
2.63
  1
05-06-27
  7
OpenSans
 72
1
 11
432.0252654418466
 21
250.60000000000022
 31
0.0
100
AcDbText
 73
2
  0
LINE
  5
39A
330
17
100
AcDbEntity
  8
S-TABLE
100
AcDbLine
 10
441.35017696123106
 20
247.00000000000023
 30
0.0
 11
441.35017696123106
 21
254.20000000000022
 31
0.0
  0
TEXT
  5
39B
330
17
100
AcDbEntity
  8
S-TABLE
100
AcDbText
 10
450.6750884806155
 20
250.60000000000022
 30
0.0
 40
2.63
  1
14-06-27
  7
OpenSans
 72
1
 11
450.6750884806155
 21
250.60000000000022
 31
0.0
100
AcDbText
 73
2
  0
LWPOLYLINE
  5
39C
330
17
100
AcDbEntity
  8
S-TABLE
100
AcDbPolyline
 90
4
 70
1
 10
282.0
 20
239.80000000000024
 10
460.0
 20
239.80000000000024
 10
460.0
 20
247.00000000000023
 10
282.0
 20
247.00000000000023
  0
TEXT
  5
39D
330
17
100
AcDbEntity
  8
S-TABLE
100
AcDbText
 10
286.561157379078
 20
243.40000000000023
 30
0.0
 40
2.63
  1
125
  7
OpenSans
 72
1
 11
286.561157379078
 21
243.40000000000023
 31
0.0
100
AcDbText
 73
2
  0
LINE
  5
39E
330
17
100
AcDbEntity
  8
S-TABLE
100
AcDbLine
 10
291.122314758156
 20
239.80000000000024
 30
0.0
 11
291.122314758156
 21
247.00000000000023
 31
0.0
  0
TEXT
  5
39F
330
17
100
AcDbEntity
  8
S-TABLE
100
AcDbText
 10
292.52231475815597
 20
243.40000000000023
 30
0.0
 40
2.63
  1
    Internal Paint Final (2nd) Coat
  7
OpenSans
 11
292.52231475815597
 21
243.40000000000023
 31
0.0
100
AcDbText
 73
2
  0
LINE
  5
3A0
330
17
100
AcDbEntity
  8
S-TABLE
100
AcDbLine
 10
409.96926544154434
 20
239.80000000000024
 30
0.0
 11
409.96926544154434
 21
247.00000000000023
 31
0.0
  0
TEXT
  5
3A1
330
17
100
AcDbEntity
  8
S-TABLE
100
AcDbText
 10
416.3348096820032
 20
243.40000000000023
 30
0.0
 40
2.63
  1
6
  7
OpenSans
 72
1
 11
416.3348096820032
 21
243.40000000000023
 31
0.0
100
AcDbText
 73
2
  0
LINE
  5
3A2
330
17
100
AcDbEntity
  8
S-TABLE
100
AcDbLine
 10
422.7003539224621
 20
239.80000000000024
 30
0.0
 11
422.7003539224621
 21
247.00000000000023
 31
0.0
  0
TEXT
  5
3A3
330
17
100
AcDbEntity
  8
S-TABLE
100
AcDbText
 10
432.0252654418466
 20
243.40000000000023
 30
0.0
 40
2.63
  1
09-07-27
  7
OpenSans
 72
1
 11
432.0252654418466
 21
243.40000000000023
 31
0.0
100
AcDbText
 73
2
  0
LINE
  5
3A4
330
17
100
AcDbEntity
  8
S-TABLE
100
AcDbLine
 10
441.35017696123106
 20
239.80000000000024
 30
0.0
 11
441.35017696123106
 21
247.00000000000023
 31
0.0
  0
TEXT
  5
3A5
330
17
100
AcDbEntity
  8
S-TABLE
100
AcDbText
 10
450.6750884806155
 20
243.40000000000023
 30
0.0
 40
2.63
  1
15-07-27
  7
OpenSans
 72
1
 11
450.6750884806155
 21
243.40000000000023
 31
0.0
100
AcDbText
 73
2
  0
LWPOLYLINE
  5
3A6
330
17
100
AcDbEntity
  8
S-TABLE
100
AcDbPolyline
 90
4
 70
1
 10
282.0
 20
224.50000000000023
 10
460.0
 20
224.50000000000023
 10
460.0
 20
230.90000000000023
 10
282.0
 20
230.90000000000023
  0
TEXT
  5
3A7
330
17
100
AcDbEntity
  8
S-TABLE
100
AcDbText
 10
371.0
 20
227.70000000000022
 30
0.0
 40
3.8
  1
COST SUMMARY
  7
OpenSans
 72
1
 11
371.0
 21
227.70000000000022
 31
0.0
100
AcDbText
 73
2
  0
LWPOLYLINE
  5
3A8
330
17
100
AcDbEntity
  8
S-TABLE
100
AcDbPolyline
 90
4
 70
1
 10
282.0
 20
217.30000000000024
 10
460.0
 20
217.30000000000024
 10
460.0
 20
224.50000000000023
 10
282.0
 20
224.50000000000023
  0
TEXT
  5
3A9
330
17
100
AcDbEntity
  8
S-TABLE
100
AcDbText
 10
334.64427417434
 20
220.90000000000023
 30
0.0
 40
3.0800000000000005
  1
COST HEAD
  7
OpenSans
 72
1
 11
334.64427417434
 21
220.90000000000023
 31
0.0
100
AcDbText
 73
2
  0
LINE
  5
3AA
330
17
100
AcDbEntity
  8
S-TABLE
100
AcDbLine
 10
387.28854834868
 20
217.30000000000024
 30
0.0
 11
387.28854834868
 21
224.50000000000023
 31
0.0
  0
TEXT
  5
3AB
330
17
100
AcDbEntity
  8
S-TABLE
100
AcDbText
 10
408.15554196771836
 20
220.90000000000023
 30
0.0
 40
3.0800000000000005
  1
BASIS
  7
OpenSans
 72
1
 11
408.15554196771836
 21
220.90000000000023
 31
0.0
100
AcDbText
 73
2
  0
LINE
  5
3AC
330
17
100
AcDbEntity
  8
S-TABLE
100
AcDbLine
 10
429.02253558675676
 20
217.30000000000024
 30
0.0
 11
429.02253558675676
 21
224.50000000000023
 31
0.0
  0
TEXT
  5
3AD
330
17
100
AcDbEntity
  8
S-TABLE
100
AcDbText
 10
444.5112677933784
 20
220.90000000000023
 30
0.0
 40
3.0800000000000005
  1
AMOUNT  Rs
  7
OpenSans
 72
1
 11
444.5112677933784
 21
220.90000000000023
 31
0.0
100
AcDbText
 73
2
  0
LWPOLYLINE
  5
3AE
330
17
100
AcDbEntity
  8
S-TABLE
100
AcDbPolyline
 90
4
 70
1
 10
282.0
 20
210.10000000000025
 10
460.0
 20
210.10000000000025
 10
460.0
 20
217.30000000000024
 10
282.0
 20
217.30000000000024
  0
TEXT
  5
3AF
330
17
100
AcDbEntity
  8
S-TABLE
100
AcDbText
 10
283.4
 20
213.70000000000024
 30
0.0
 40
2.8800000000000003
  1
Total Basic Cost
  7
OpenSans
 11
283.4
 21
213.70000000000024
 31
0.0
100
AcDbText
 73
2
  0
LINE
  5
3B0
330
17
100
AcDbEntity
  8
S-TABLE
100
AcDbLine
 10
387.28854834868
 20
210.10000000000025
 30
0.0
 11
387.28854834868
 21
217.30000000000024
 31
0.0
  0
TEXT
  5
3B1
330
17
100
AcDbEntity
  8
S-TABLE
100
AcDbText
 10
408.15554196771836
 20
213.70000000000024
 30
0.0
 40
2.8800000000000003
  1
Subtotal Packages
  7
OpenSans
 72
1
 11
408.15554196771836
 21
213.70000000000024
 31
0.0
100
AcDbText
 73
2
  0
LINE
  5
3B2
330
17
100
AcDbEntity
  8
S-TABLE
100
AcDbLine
 10
429.02253558675676
 20
210.10000000000025
 30
0.0
 11
429.02253558675676
 21
217.30000000000024
 31
0.0
  0
TEXT
  5
3B3
330
17
100
AcDbEntity
  8
S-TABLE
100
AcDbText
 10
458.6000000000001
 20
213.70000000000024
 30
0.0
 40
2.8800000000000003
  1
2,42,20,254
  7
OpenSans
 72
2
 11
458.6000000000001
 21
213.70000000000024
 31
0.0
100
AcDbText
 73
2
  0
LWPOLYLINE
  5
3B4
330
17
100
AcDbEntity
  8
S-TABLE
100
AcDbPolyline
 90
4
 70
1
 10
282.0
 20
202.90000000000026
 10
460.0
 20
202.90000000000026
 10
460.0
 20
210.10000000000025
 10
282.0
 20
210.10000000000025
  0
TEXT
  5
3B5
330
17
100
AcDbEntity
  8
S-TABLE
100
AcDbText
 10
283.4
 20
206.50000000000026
 30
0.0
 40
2.8800000000000003
  1
Contingencies
  7
OpenSans
 11
283.4
 21
206.50000000000026
 31
0.0
100
AcDbText
 73
2
  0
LINE
  5
3B6
330
17
100
AcDbEntity
  8
S-TABLE
100
AcDbLine
 10
387.28854834868
 20
202.90000000000026
 30
0.0
 11
387.28854834868
 21
210.10000000000025
 31
0.0
  0
TEXT
  5
3B7
330
17
100
AcDbEntity
  8
S-TABLE
100
AcDbText
 10
408.15554196771836
 20
206.50000000000026
 30
0.0
 40
2.8800000000000003
  1
3.0%
  7
OpenSans
 72
1
 11
408.15554196771836
 21
206.50000000000026
 31
0.0
100
AcDbText
 73
2
  0
LINE
  5
3B8
330
17
100
AcDbEntity
  8
S-TABLE
100
AcDbLine
 10
429.02253558675676
 20
202.90000000000026
 30
0.0
 11
429.02253558675676
 21
210.10000000000025
 31
0.0
  0
TEXT
  5
3B9
330
17
100
AcDbEntity
  8
S-TABLE
100
AcDbText
 10
458.6000000000001
 20
206.50000000000026
 30
0.0
 40
2.8800000000000003
  1
7,26,608
  7
OpenSans
 72
2
 11
458.6000000000001
 21
206.50000000000026
 31
0.0
100
AcDbText
 73
2
  0
LWPOLYLINE
  5
3BA
330
17
100
AcDbEntity
  8
S-TABLE
100
AcDbPolyline
 90
4
 70
1
 10
282.0
 20
195.70000000000027
 10
460.0
 20
195.70000000000027
 10
460.0
 20
202.90000000000026
 10
282.0
 20
202.90000000000026
  0
TEXT
  5
3BB
330
17
100
AcDbEntity
  8
S-TABLE
100
AcDbText
 10
283.4
 20
199.30000000000027
 30
0.0
 40
2.8800000000000003
  1
Water & Electricity Provisions
  7
OpenSans
 11
283.4
 21
199.30000000000027
 31
0.0
100
AcDbText
 73
2
  0
LINE
  5
3BC
330
17
100
AcDbEntity
  8
S-TABLE
100
AcDbLine
 10
387.28854834868
 20
195.70000000000027
 30
0.0
 11
387.28854834868
 21
202.90000000000026
 31
0.0
  0
TEXT
  5
3BD
330
17
100
AcDbEntity
  8
S-TABLE
100
AcDbText
 10
408.15554196771836
 20
199.30000000000027
 30
0.0
 40
2.8800000000000003
  1
1.0%
  7
OpenSans
 72
1
 11
408.15554196771836
 21
199.30000000000027
 31
0.0
100
AcDbText
 73
2
  0
LINE
  5
3BE
330
17
100
AcDbEntity
  8
S-TABLE
100
AcDbLine
 10
429.02253558675676
 20
195.70000000000027
 30
0.0
 11
429.02253558675676
 21
202.90000000000026
 31
0.0
  0
TEXT
  5
3BF
330
17
100
AcDbEntity
  8
S-TABLE
100
AcDbText
 10
458.6000000000001
 20
199.30000000000027
 30
0.0
 40
2.8800000000000003
  1
2,42,203
  7
OpenSans
 72
2
 11
458.6000000000001
 21
199.30000000000027
 31
0.0
100
AcDbText
 73
2
  0
LWPOLYLINE
  5
3C0
330
17
100
AcDbEntity
  8
S-TABLE
100
AcDbPolyline
 90
4
 70
1
 10
282.0
 20
188.50000000000028
 10
460.0
 20
188.50000000000028
 10
460.0
 20
195.70000000000027
 10
282.0
 20
195.70000000000027
  0
TEXT
  5
3C1
330
17
100
AcDbEntity
  8
S-TABLE
100
AcDbText
 10
283.4
 20
192.10000000000028
 30
0.0
 40
2.8800000000000003
  1
Specialist CBRN / EMP & Engineering Consultant
  7
OpenSans
 11
283.4
 21
192.10000000000028
 31
0.0
100
AcDbText
 73
2
  0
LINE
  5
3C2
330
17
100
AcDbEntity
  8
S-TABLE
100
AcDbLine
 10
387.28854834868
 20
188.50000000000028
 30
0.0
 11
387.28854834868
 21
195.70000000000027
 31
0.0
  0
TEXT
  5
3C3
330
17
100
AcDbEntity
  8
S-TABLE
100
AcDbText
 10
408.15554196771836
 20
192.10000000000028
 30
0.0
 40
2.8800000000000003
  1
6.0%
  7
OpenSans
 72
1
 11
408.15554196771836
 21
192.10000000000028
 31
0.0
100
AcDbText
 73
2
  0
LINE
  5
3C4
330
17
100
AcDbEntity
  8
S-TABLE
100
AcDbLine
 10
429.02253558675676
 20
188.50000000000028
 30
0.0
 11
429.02253558675676
 21
195.70000000000027
 31
0.0
  0
TEXT
  5
3C5
330
17
100
AcDbEntity
  8
S-TABLE
100
AcDbText
 10
458.6000000000001
 20
192.10000000000028
 30
0.0
 40
2.8800000000000003
  1
14,53,215
  7
OpenSans
 72
2
 11
458.6000000000001
 21
192.10000000000028
 31
0.0
100
AcDbText
 73
2
  0
LWPOLYLINE
  5
3C6
330
17
100
AcDbEntity
  8
S-TABLE
100
AcDbPolyline
 90
4
 70
1
 10
282.0
 20
181.3000000000003
 10
460.0
 20
181.3000000000003
 10
460.0
 20
188.50000000000028
 10
282.0
 20
188.50000000000028
  0
TEXT
  5
3C7
330
17
100
AcDbEntity
  8
S-TABLE
100
AcDbText
 10
283.4
 20
184.9000000000003
 30
0.0
 40
2.8800000000000003
  1
Site Supervision & Quality Assurance
  7
OpenSans
 11
283.4
 21
184.9000000000003
 31
0.0
100
AcDbText
 73
2
  0
LINE
  5
3C8
330
17
100
AcDbEntity
  8
S-TABLE
100
AcDbLine
 10
387.28854834868
 20
181.3000000000003
 30
0.0
 11
387.28854834868
 21
188.50000000000028
 31
0.0
  0
TEXT
  5
3C9
330
17
100
AcDbEntity
  8
S-TABLE
100
AcDbText
 10
408.15554196771836
 20
184.9000000000003
 30
0.0
 40
2.8800000000000003
  1
2.0%
  7
OpenSans
 72
1
 11
408.15554196771836
 21
184.9000000000003
 31
0.0
100
AcDbText
 73
2
  0
LINE
  5
3CA
330
17
100
AcDbEntity
  8
S-TABLE
100
AcDbLine
 10
429.02253558675676
 20
181.3000000000003
 30
0.0
 11
429.02253558675676
 21
188.50000000000028
 31
0.0
  0
TEXT
  5
3CB
330
17
100
AcDbEntity
  8
S-TABLE
100
AcDbText
 10
458.6000000000001
 20
184.9000000000003
 30
0.0
 40
2.8800000000000003
  1
4,84,405
  7
OpenSans
 72
2
 11
458.6000000000001
 21
184.9000000000003
 31
0.0
100
AcDbText
 73
2
  0
LWPOLYLINE
  5
3CC
330
17
100
AcDbEntity
  8
S-TABLE
100
AcDbPolyline
 90
4
 70
1
 10
282.0
 20
174.1000000000003
 10
460.0
 20
174.1000000000003
 10
460.0
 20
181.3000000000003
 10
282.0
 20
181.3000000000003
  0
TEXT
  5
3CD
330
17
100
AcDbEntity
  8
S-TABLE
100
AcDbText
 10
283.4
 20
177.7000000000003
 30
0.0
 40
2.8800000000000003
  1
Statutory Clearances & Liaisoning
  7
OpenSans
 11
283.4
 21
177.7000000000003
 31
0.0
100
AcDbText
 73
2
  0
LINE
  5
3CE
330
17
100
AcDbEntity
  8
S-TABLE
100
AcDbLine
 10
387.28854834868
 20
174.1000000000003
 30
0.0
 11
387.28854834868
 21
181.3000000000003
 31
0.0
  0
TEXT
  5
3CF
330
17
100
AcDbEntity
  8
S-TABLE
100
AcDbText
 10
408.15554196771836
 20
177.7000000000003
 30
0.0
 40
2.8800000000000003
  1
1.0%
  7
OpenSans
 72
1
 11
408.15554196771836
 21
177.7000000000003
 31
0.0
100
AcDbText
 73
2
  0
LINE
  5
3D0
330
17
100
AcDbEntity
  8
S-TABLE
100
AcDbLine
 10
429.02253558675676
 20
174.1000000000003
 30
0.0
 11
429.02253558675676
 21
181.3000000000003
 31
0.0
  0
TEXT
  5
3D1
330
17
100
AcDbEntity
  8
S-TABLE
100
AcDbText
 10
458.6000000000001
 20
177.7000000000003
 30
0.0
 40
2.8800000000000003
  1
2,42,203
  7
OpenSans
 72
2
 11
458.6000000000001
 21
177.7000000000003
 31
0.0
100
AcDbText
 73
2
  0
LWPOLYLINE
  5
3D2
330
17
100
AcDbEntity
  8
S-TABLE
100
AcDbPolyline
 90
4
 70
1
 10
282.0
 20
166.90000000000032
 10
460.0
 20
166.90000000000032
 10
460.0
 20
174.1000000000003
 10
282.0
 20
174.1000000000003
  0
TEXT
  5
3D3
330
17
100
AcDbEntity
  8
S-TABLE
100
AcDbText
 10
283.4
 20
170.5000000000003
 30
0.0
 40
2.8800000000000003
  1
Contractor's Overhead & Profit
  7
OpenSans
 11
283.4
 21
170.5000000000003
 31
0.0
100
AcDbText
 73
2
  0
LINE
  5
3D4
330
17
100
AcDbEntity
  8
S-TABLE
100
AcDbLine
 10
387.28854834868
 20
166.90000000000032
 30
0.0
 11
387.28854834868
 21
174.1000000000003
 31
0.0
  0
TEXT
  5
3D5
330
17
100
AcDbEntity
  8
S-TABLE
100
AcDbText
 10
408.15554196771836
 20
170.5000000000003
 30
0.0
 40
2.8800000000000003
  1
10.0%
  7
OpenSans
 72
1
 11
408.15554196771836
 21
170.5000000000003
 31
0.0
100
AcDbText
 73
2
  0
LINE
  5
3D6
330
17
100
AcDbEntity
  8
S-TABLE
100
AcDbLine
 10
429.02253558675676
 20
166.90000000000032
 30
0.0
 11
429.02253558675676
 21
174.1000000000003
 31
0.0
  0
TEXT
  5
3D7
330
17
100
AcDbEntity
  8
S-TABLE
100
AcDbText
 10
458.6000000000001
 20
170.5000000000003
 30
0.0
 40
2.8800000000000003
  1
24,22,025
  7
OpenSans
 72
2
 11
458.6000000000001
 21
170.5000000000003
 31
0.0
100
AcDbText
 73
2
  0
LWPOLYLINE
  5
3D8
330
17
100
AcDbEntity
  8
S-TABLE
100
AcDbPolyline
 90
4
 70
1
 10
282.0
 20
159.70000000000033
 10
460.0
 20
159.70000000000033
 10
460.0
 20
166.90000000000032
 10
282.0
 20
166.90000000000032
  0
TEXT
  5
3D9
330
17
100
AcDbEntity
  8
S-TABLE
100
AcDbText
 10
283.4
 20
163.30000000000032
 30
0.0
 40
2.8800000000000003
  1
FINAL PROJECT COST
  7
OpenSans
 11
283.4
 21
163.30000000000032
 31
0.0
100
AcDbText
 73
2
  0
LINE
  5
3DA
330
17
100
AcDbEntity
  8
S-TABLE
100
AcDbLine
 10
387.28854834868
 20
159.70000000000033
 30
0.0
 11
387.28854834868
 21
166.90000000000032
 31
0.0
  0
TEXT
  5
3DB
330
17
100
AcDbEntity
  8
S-TABLE
100
AcDbText
 10
408.15554196771836
 20
163.30000000000032
 30
0.0
 40
2.8800000000000003
  1
-
  7
OpenSans
 72
1
 11
408.15554196771836
 21
163.30000000000032
 31
0.0
100
AcDbText
 73
2
  0
LINE
  5
3DC
330
17
100
AcDbEntity
  8
S-TABLE
100
AcDbLine
 10
429.02253558675676
 20
159.70000000000033
 30
0.0
 11
429.02253558675676
 21
166.90000000000032
 31
0.0
  0
TEXT
  5
3DD
330
17
100
AcDbEntity
  8
S-TABLE
100
AcDbText
 10
458.6000000000001
 20
163.30000000000032
 30
0.0
 40
2.8800000000000003
  1
2,97,90,913
  7
OpenSans
 72
2
 11
458.6000000000001
 21
163.30000000000032
 31
0.0
100
AcDbText
 73
2
  0
LWPOLYLINE
  5
3DE
330
17
100
AcDbEntity
  8
S-TABLE
100
AcDbPolyline
 90
4
 70
1
 10
282.0
 20
144.40000000000032
 10
460.0
 20
144.40000000000032
 10
460.0
 20
150.80000000000032
 10
282.0
 20
150.80000000000032
  0
TEXT
  5
3DF
330
17
100
AcDbEntity
  8
S-TABLE
100
AcDbText
 10
371.0
 20
147.6000000000003
 30
0.0
 40
3.8
  1
BILL OF QUANTITIES - PART SUMMARY
  7
OpenSans
 72
1
 11
371.0
 21
147.6000000000003
 31
0.0
100
AcDbText
 73
2
  0
LWPOLYLINE
  5
3E0
330
17
100
AcDbEntity
  8
S-TABLE
100
AcDbPolyline
 90
4
 70
1
 10
282.0
 20
137.20000000000033
 10
460.0
 20
137.20000000000033
 10
460.0
 20
144.40000000000032
 10
282.0
 20
144.40000000000032
  0
TEXT
  5
3E1
330
17
100
AcDbEntity
  8
S-TABLE
100
AcDbText
 10
289.65877560306
 20
140.80000000000032
 30
0.0
 40
3.0800000000000005
  1
PART
  7
OpenSans
 72
1
 11
289.65877560306
 21
140.80000000000032
 31
0.0
100
AcDbText
 73
2
  0
LINE
  5
3E2
330
17
100
AcDbEntity
  8
S-TABLE
100
AcDbLine
 10
297.3175512061201
 20
137.20000000000033
 30
0.0
 11
297.3175512061201
 21
144.40000000000032
 31
0.0
  0
TEXT
  5
3E3
330
17
100
AcDbEntity
  8
S-TABLE
100
AcDbText
 10
353.1918667869702
 20
140.80000000000032
 30
0.0
 40
3.0800000000000005
  1
DESCRIPTION
  7
OpenSans
 72
1
 11
353.1918667869702
 21
140.80000000000032
 31
0.0
100
AcDbText
 73
2
  0
LINE
  5
3E4
330
17
100
AcDbEntity
  8
S-TABLE
100
AcDbLine
 10
409.0661823678204
 20
137.20000000000033
 30
0.0
 11
409.0661823678204
 21
144.40000000000032
 31
0.0
  0
TEXT
  5
3E5
330
17
100
AcDbEntity
  8
S-TABLE
100
AcDbText
 10
417.8131612838547
 20
140.80000000000032
 30
0.0
 40
3.0800000000000005
  1
ITEMS
  7
OpenSans
 72
1
 11
417.8131612838547
 21
140.80000000000032
 31
0.0
100
AcDbText
 73
2
  0
LINE
  5
3E6
330
17
100
AcDbEntity
  8
S-TABLE
100
AcDbLine
 10
426.56014019988896
 20
137.20000000000033
 30
0.0
 11
426.56014019988896
 21
144.40000000000032
 31
0.0
  0
TEXT
  5
3E7
330
17
100
AcDbEntity
  8
S-TABLE
100
AcDbText
 10
443.2800700999445
 20
140.80000000000032
 30
0.0
 40
3.0800000000000005
  1
AMOUNT  Rs
  7
OpenSans
 72
1
 11
443.2800700999445
 21
140.80000000000032
 31
0.0
100
AcDbText
 73
2
  0
LWPOLYLINE
  5
3E8
330
17
100
AcDbEntity
  8
S-TABLE
100
AcDbPolyline
 90
4
 70
1
 10
282.0
 20
130.00000000000034
 10
460.0
 20
130.00000000000034
 10
460.0
 20
137.20000000000033
 10
282.0
 20
137.20000000000033
  0
TEXT
  5
3E9
330
17
100
AcDbEntity
  8
S-TABLE
100
AcDbText
 10
289.65877560306
 20
133.60000000000034
 30
0.0
 40
2.8800000000000003
  1
I
  7
OpenSans
 72
1
 11
289.65877560306
 21
133.60000000000034
 31
0.0
100
AcDbText
 73
2
  0
LINE
  5
3EA
330
17
100
AcDbEntity
  8
S-TABLE
100
AcDbLine
 10
297.3175512061201
 20
130.00000000000034
 30
0.0
 11
297.3175512061201
 21
137.20000000000033
 31
0.0
  0
TEXT
  5
3EB
330
17
100
AcDbEntity
  8
S-TABLE
100
AcDbText
 10
298.71755120612005
 20
133.60000000000034
 30
0.0
 40
2.8800000000000003
  1
SURVEY, SITE CLEARANCE & EXCAVATION
  7
OpenSans
 11
298.71755120612005
 21
133.60000000000034
 31
0.0
100
AcDbText
 73
2
  0
LINE
  5
3EC
330
17
100
AcDbEntity
  8
S-TABLE
100
AcDbLine
 10
409.0661823678204
 20
130.00000000000034
 30
0.0
 11
409.0661823678204
 21
137.20000000000033
 31
0.0
  0
TEXT
  5
3ED
330
17
100
AcDbEntity
  8
S-TABLE
100
AcDbText
 10
417.8131612838547
 20
133.60000000000034
 30
0.0
 40
2.8800000000000003
  1
4
  7
OpenSans
 72
1
 11
417.8131612838547
 21
133.60000000000034
 31
0.0
100
AcDbText
 73
2
  0
LINE
  5
3EE
330
17
100
AcDbEntity
  8
S-TABLE
100
AcDbLine
 10
426.56014019988896
 20
130.00000000000034
 30
0.0
 11
426.56014019988896
 21
137.20000000000033
 31
0.0
  0
TEXT
  5
3EF
330
17
100
AcDbEntity
  8
S-TABLE
100
AcDbText
 10
458.6
 20
133.60000000000034
 30
0.0
 40
2.8800000000000003
  1
19,12,726
  7
OpenSans
 72
2
 11
458.6
 21
133.60000000000034
 31
0.0
100
AcDbText
 73
2
  0
LWPOLYLINE
  5
3F0
330
17
100
AcDbEntity
  8
S-TABLE
100
AcDbPolyline
 90
4
 70
1
 10
282.0
 20
122.80000000000034
 10
460.0
 20
122.80000000000034
 10
460.0
 20
130.00000000000034
 10
282.0
 20
130.00000000000034
  0
TEXT
  5
3F1
330
17
100
AcDbEntity
  8
S-TABLE
100
AcDbText
 10
289.65877560306
 20
126.40000000000035
 30
0.0
 40
2.8800000000000003
  1
II
  7
OpenSans
 72
1
 11
289.65877560306
 21
126.40000000000035
 31
0.0
100
AcDbText
 73
2
  0
LINE
  5
3F2
330
17
100
AcDbEntity
  8
S-TABLE
100
AcDbLine
 10
297.3175512061201
 20
122.80000000000034
 30
0.0
 11
297.3175512061201
 21
130.00000000000034
 31
0.0
  0
TEXT
  5
3F3
330
17
100
AcDbEntity
  8
S-TABLE
100
AcDbText
 10
298.71755120612005
 20
126.40000000000035
 30
0.0
 40
2.8800000000000003
  1
SUBSTRUCTURE & FOUNDATION WORKS
  7
OpenSans
 11
298.71755120612005
 21
126.40000000000035
 31
0.0
100
AcDbText
 73
2
  0
LINE
  5
3F4
330
17
100
AcDbEntity
  8
S-TABLE
100
AcDbLine
 10
409.0661823678204
 20
122.80000000000034
 30
0.0
 11
409.0661823678204
 21
130.00000000000034
 31
0.0
  0
TEXT
  5
3F5
330
17
100
AcDbEntity
  8
S-TABLE
100
AcDbText
 10
417.8131612838547
 20
126.40000000000035
 30
0.0
 40
2.8800000000000003
  1
5
  7
OpenSans
 72
1
 11
417.8131612838547
 21
126.40000000000035
 31
0.0
100
AcDbText
 73
2
  0
LINE
  5
3F6
330
17
100
AcDbEntity
  8
S-TABLE
100
AcDbLine
 10
426.56014019988896
 20
122.80000000000034
 30
0.0
 11
426.56014019988896
 21
130.00000000000034
 31
0.0
  0
TEXT
  5
3F7
330
17
100
AcDbEntity
  8
S-TABLE
100
AcDbText
 10
458.6
 20
126.40000000000035
 30
0.0
 40
2.8800000000000003
  1
12,83,471
  7
OpenSans
 72
2
 11
458.6
 21
126.40000000000035
 31
0.0
100
AcDbText
 73
2
  0
LWPOLYLINE
  5
3F8
330
17
100
AcDbEntity
  8
S-TABLE
100
AcDbPolyline
 90
4
 70
1
 10
282.0
 20
115.60000000000034
 10
460.0
 20
115.60000000000034
 10
460.0
 20
122.80000000000034
 10
282.0
 20
122.80000000000034
  0
TEXT
  5
3F9
330
17
100
AcDbEntity
  8
S-TABLE
100
AcDbText
 10
289.65877560306
 20
119.20000000000034
 30
0.0
 40
2.8800000000000003
  1
III
  7
OpenSans
 72
1
 11
289.65877560306
 21
119.20000000000034
 31
0.0
100
AcDbText
 73
2
  0
LINE
  5
3FA
330
17
100
AcDbEntity
  8
S-TABLE
100
AcDbLine
 10
297.3175512061201
 20
115.60000000000034
 30
0.0
 11
297.3175512061201
 21
122.80000000000034
 31
0.0
  0
TEXT
  5
3FB
330
17
100
AcDbEntity
  8
S-TABLE
100
AcDbText
 10
298.71755120612005
 20
119.20000000000034
 30
0.0
 40
2.8800000000000003
  1
SUPERSTRUCTURE & STRUCTURAL RCC
  7
OpenSans
 11
298.71755120612005
 21
119.20000000000034
 31
0.0
100
AcDbText
 73
2
  0
LINE
  5
3FC
330
17
100
AcDbEntity
  8
S-TABLE
100
AcDbLine
 10
409.0661823678204
 20
115.60000000000034
 30
0.0
 11
409.0661823678204
 21
122.80000000000034
 31
0.0
  0
TEXT
  5
3FD
330
17
100
AcDbEntity
  8
S-TABLE
100
AcDbText
 10
417.8131612838547
 20
119.20000000000034
 30
0.0
 40
2.8800000000000003
  1
11
  7
OpenSans
 72
1
 11
417.8131612838547
 21
119.20000000000034
 31
0.0
100
AcDbText
 73
2
  0
LINE
  5
3FE
330
17
100
AcDbEntity
  8
S-TABLE
100
AcDbLine
 10
426.56014019988896
 20
115.60000000000034
 30
0.0
 11
426.56014019988896
 21
122.80000000000034
 31
0.0
  0
TEXT
  5
3FF
330
17
100
AcDbEntity
  8
S-TABLE
100
AcDbText
 10
458.6
 20
119.20000000000034
 30
0.0
 40
2.8800000000000003
  1
41,45,877
  7
OpenSans
 72
2
 11
458.6
 21
119.20000000000034
 31
0.0
100
AcDbText
 73
2
  0
LWPOLYLINE
  5
400
330
17
100
AcDbEntity
  8
S-TABLE
100
AcDbPolyline
 90
4
 70
1
 10
282.0
 20
108.40000000000033
 10
460.0
 20
108.40000000000033
 10
460.0
 20
115.60000000000034
 10
282.0
 20
115.60000000000034
  0
TEXT
  5
401
330
17
100
AcDbEntity
  8
S-TABLE
100
AcDbText
 10
289.65877560306
 20
112.00000000000034
 30
0.0
 40
2.8800000000000003
  1
IV
  7
OpenSans
 72
1
 11
289.65877560306
 21
112.00000000000034
 31
0.0
100
AcDbText
 73
2
  0
LINE
  5
402
330
17
100
AcDbEntity
  8
S-TABLE
100
AcDbLine
 10
297.3175512061201
 20
108.40000000000033
 30
0.0
 11
297.3175512061201
 21
115.60000000000034
 31
0.0
  0
TEXT
  5
403
330
17
100
AcDbEntity
  8
S-TABLE
100
AcDbText
 10
298.71755120612005
 20
112.00000000000034
 30
0.0
 40
2.8800000000000003
  1
REINFORCEMENT STEEL & SHIELDING
  7
OpenSans
 11
298.71755120612005
 21
112.00000000000034
 31
0.0
100
AcDbText
 73
2
  0
LINE
  5
404
330
17
100
AcDbEntity
  8
S-TABLE
100
AcDbLine
 10
409.0661823678204
 20
108.40000000000033
 30
0.0
 11
409.0661823678204
 21
115.60000000000034
 31
0.0
  0
TEXT
  5
405
330
17
100
AcDbEntity
  8
S-TABLE
100
AcDbText
 10
417.8131612838547
 20
112.00000000000034
 30
0.0
 40
2.8800000000000003
  1
7
  7
OpenSans
 72
1
 11
417.8131612838547
 21
112.00000000000034
 31
0.0
100
AcDbText
 73
2
  0
LINE
  5
406
330
17
100
AcDbEntity
  8
S-TABLE
100
AcDbLine
 10
426.56014019988896
 20
108.40000000000033
 30
0.0
 11
426.56014019988896
 21
115.60000000000034
 31
0.0
  0
TEXT
  5
407
330
17
100
AcDbEntity
  8
S-TABLE
100
AcDbText
 10
458.6
 20
112.00000000000034
 30
0.0
 40
2.8800000000000003
  1
63,33,152
  7
OpenSans
 72
2
 11
458.6
 21
112.00000000000034
 31
0.0
100
AcDbText
 73
2
  0
LWPOLYLINE
  5
408
330
17
100
AcDbEntity
  8
S-TABLE
100
AcDbPolyline
 90
4
 70
1
 10
282.0
 20
101.20000000000033
 10
460.0
 20
101.20000000000033
 10
460.0
 20
108.40000000000033
 10
282.0
 20
108.40000000000033
  0
TEXT
  5
409
330
17
100
AcDbEntity
  8
S-TABLE
100
AcDbText
 10
289.65877560306
 20
104.80000000000034
 30
0.0
 40
2.8800000000000003
  1
V
  7
OpenSans
 72
1
 11
289.65877560306
 21
104.80000000000034
 31
0.0
100
AcDbText
 73
2
  0
LINE
  5
40A
330
17
100
AcDbEntity
  8
S-TABLE
100
AcDbLine
 10
297.3175512061201
 20
101.20000000000033
 30
0.0
 11
297.3175512061201
 21
108.40000000000033
 31
0.0
  0
TEXT
  5
40B
330
17
100
AcDbEntity
  8
S-TABLE
100
AcDbText
 10
298.71755120612005
 20
104.80000000000034
 30
0.0
 40
2.8800000000000003
  1
CBRN, EMP, CLOSURES & ANCILLARY SERVICES
  7
OpenSans
 11
298.71755120612005
 21
104.80000000000034
 31
0.0
100
AcDbText
 73
2
  0
LINE
  5
40C
330
17
100
AcDbEntity
  8
S-TABLE
100
AcDbLine
 10
409.0661823678204
 20
101.20000000000033
 30
0.0
 11
409.0661823678204
 21
108.40000000000033
 31
0.0
  0
TEXT
  5
40D
330
17
100
AcDbEntity
  8
S-TABLE
100
AcDbText
 10
417.8131612838547
 20
104.80000000000034
 30
0.0
 40
2.8800000000000003
  1
11
  7
OpenSans
 72
1
 11
417.8131612838547
 21
104.80000000000034
 31
0.0
100
AcDbText
 73
2
  0
LINE
  5
40E
330
17
100
AcDbEntity
  8
S-TABLE
100
AcDbLine
 10
426.56014019988896
 20
101.20000000000033
 30
0.0
 11
426.56014019988896
 21
108.40000000000033
 31
0.0
  0
TEXT
  5
40F
330
17
100
AcDbEntity
  8
S-TABLE
100
AcDbText
 10
458.6
 20
104.80000000000034
 30
0.0
 40
2.8800000000000003
  1
1,05,45,028
  7
OpenSans
 72
2
 11
458.6
 21
104.80000000000034
 31
0.0
100
AcDbText
 73
2
  0
LWPOLYLINE
  5
410
330
17
100
AcDbEntity
  8
S-TABLE
100
AcDbPolyline
 90
4
 70
1
 10
282.0
 20
85.90000000000035
 10
460.0
 20
85.90000000000035
 10
460.0
 20
92.30000000000034
 10
282.0
 20
92.30000000000034
  0
TEXT
  5
411
330
17
100
AcDbEntity
  8
S-TABLE
100
AcDbText
 10
371.0
 20
89.10000000000034
 30
0.0
 40
3.8
  1
WHAT THE REVISED BILL CARRIES
  7
OpenSans
 72
1
 11
371.0
 21
89.10000000000034
 31
0.0
100
AcDbText
 73
2
  0
LWPOLYLINE
  5
412
330
17
100
AcDbEntity
  8
S-TABLE
100
AcDbPolyline
 90
4
 70
1
 10
282.0
 20
78.70000000000033
 10
460.0
 20
78.70000000000033
 10
460.0
 20
85.90000000000033
 10
282.0
 20
85.90000000000033
  0
TEXT
  5
413
330
17
100
AcDbEntity
  8
S-TABLE
100
AcDbText
 10
301.3981207561562
 20
82.30000000000034
 30
0.0
 40
2.33
  1
ITEM
  7
OpenSans
 72
1
 11
301.3981207561562
 21
82.30000000000034
 31
0.0
100
AcDbText
 73
2
  0
LINE
  5
414
330
17
100
AcDbEntity
  8
S-TABLE
100
AcDbLine
 10
320.79624151231235
 20
78.70000000000033
 30
0.0
 11
320.79624151231235
 21
85.90000000000033
 31
0.0
  0
TEXT
  5
415
330
17
100
AcDbEntity
  8
S-TABLE
100
AcDbText
 10
334.712078710206
 20
82.30000000000034
 30
0.0
 40
2.33
  1
AS MEASURED
  7
OpenSans
 72
1
 11
334.712078710206
 21
82.30000000000034
 31
0.0
100
AcDbText
 73
2
  0
LINE
  5
416
330
17
100
AcDbEntity
  8
S-TABLE
100
AcDbLine
 10
348.6279159080997
 20
78.70000000000033
 30
0.0
 11
348.6279159080997
 21
85.90000000000033
 31
0.0
  0
TEXT
  5
417
330
17
100
AcDbEntity
  8
S-TABLE
100
AcDbText
 10
357.93899505869524
 20
82.30000000000034
 30
0.0
 40
2.33
  1
QUANTITY
  7
OpenSans
 72
1
 11
357.93899505869524
 21
82.30000000000034
 31
0.0
100
AcDbText
 73
2
  0
LINE
  5
418
330
17
100
AcDbEntity
  8
S-TABLE
100
AcDbLine
 10
367.25007420929086
 20
78.70000000000033
 30
0.0
 11
367.25007420929086
 21
85.90000000000033
 31
0.0
  0
TEXT
  5
419
330
17
100
AcDbEntity
  8
S-TABLE
100
AcDbText
 10
413.6250371046454
 20
82.30000000000034
 30
0.0
 40
2.33
  1
NOTES
  7
OpenSans
 72
1
 11
413.6250371046454
 21
82.30000000000034
 31
0.0
100
AcDbText
 73
2
  0
LWPOLYLINE
  5
41A
330
17
100
AcDbEntity
  8
S-TABLE
100
AcDbPolyline
 90
4
 70
1
 10
282.0
 20
71.50000000000033
 10
460.0
 20
71.50000000000033
 10
460.0
 20
78.70000000000033
 10
282.0
 20
78.70000000000033
  0
TEXT
  5
41B
330
17
100
AcDbEntity
  8
S-TABLE
100
AcDbText
 10
283.4
 20
75.10000000000034
 30
0.0
 40
2.13
  1
BURSTER SLAB
  7
OpenSans
 11
283.4
 21
75.10000000000034
 31
0.0
100
AcDbText
 73
2
  0
LINE
  5
41C
330
17
100
AcDbEntity
  8
S-TABLE
100
AcDbLine
 10
320.79624151231235
 20
71.50000000000033
 30
0.0
 11
320.79624151231235
 21
78.70000000000033
 31
0.0
  0
TEXT
  5
41D
330
17
100
AcDbEntity
  8
S-TABLE
100
AcDbText
 10
322.1962415123123
 20
75.10000000000034
 30
0.0
 40
2.13
  1
200 THK M30
  7
OpenSans
 11
322.1962415123123
 21
75.10000000000034
 31
0.0
100
AcDbText
 73
2
  0
LINE
  5
41E
330
17
100
AcDbEntity
  8
S-TABLE
100
AcDbLine
 10
348.6279159080997
 20
71.50000000000033
 30
0.0
 11
348.6279159080997
 21
78.70000000000033
 31
0.0
  0
TEXT
  5
41F
330
17
100
AcDbEntity
  8
S-TABLE
100
AcDbText
 10
357.93899505869524
 20
75.10000000000034
 30
0.0
 40
2.13
  1
38.40 m3
  7
OpenSans
 72
1
 11
357.93899505869524
 21
75.10000000000034
 31
0.0
100
AcDbText
 73
2
  0
LINE
  5
420
330
17
100
AcDbEntity
  8
S-TABLE
100
AcDbLine
 10
367.25007420929086
 20
71.50000000000033
 30
0.0
 11
367.25007420929086
 21
78.70000000000033
 31
0.0
  0
TEXT
  5
421
330
17
100
AcDbEntity
  8
S-TABLE
100
AcDbText
 10
368.65007420929084
 20
75.10000000000034
 30
0.0
 40
2.13
  1
REDUCED FROM 300 THK M35 AND 57.60 m3
  7
OpenSans
 11
368.65007420929084
 21
75.10000000000034
 31
0.0
100
AcDbText
 73
2
  0
LWPOLYLINE
  5
422
330
17
100
AcDbEntity
  8
S-TABLE
100
AcDbPolyline
 90
4
 70
1
 10
282.0
 20
64.30000000000032
 10
460.0
 20
64.30000000000032
 10
460.0
 20
71.50000000000033
 10
282.0
 20
71.50000000000033
  0
TEXT
  5
423
330
17
100
AcDbEntity
  8
S-TABLE
100
AcDbText
 10
283.4
 20
67.90000000000033
 30
0.0
 40
2.13
  1
SENTRY POST
  7
OpenSans
 11
283.4
 21
67.90000000000033
 31
0.0
100
AcDbText
 73
2
  0
LINE
  5
424
330
17
100
AcDbEntity
  8
S-TABLE
100
AcDbLine
 10
320.79624151231235
 20
64.30000000000032
 30
0.0
 11
320.79624151231235
 21
71.50000000000033
 31
0.0
  0
TEXT
  5
425
330
17
100
AcDbEntity
  8
S-TABLE
100
AcDbText
 10
322.1962415123123
 20
67.90000000000033
 30
0.0
 40
2.13
  1
RC FRAME ONLY
  7
OpenSans
 11
322.1962415123123
 21
67.90000000000033
 31
0.0
100
AcDbText
 73
2
  0
LINE
  5
426
330
17
100
AcDbEntity
  8
S-TABLE
100
AcDbLine
 10
348.6279159080997
 20
64.30000000000032
 30
0.0
 11
348.6279159080997
 21
71.50000000000033
 31
0.0
  0
TEXT
  5
427
330
17
100
AcDbEntity
  8
S-TABLE
100
AcDbText
 10
357.93899505869524
 20
67.90000000000033
 30
0.0
 40
2.13
  1
-
  7
OpenSans
 72
1
 11
357.93899505869524
 21
67.90000000000033
 31
0.0
100
AcDbText
 73
2
  0
LINE
  5
428
330
17
100
AcDbEntity
  8
S-TABLE
100
AcDbLine
 10
367.25007420929086
 20
64.30000000000032
 30
0.0
 11
367.25007420929086
 21
71.50000000000033
 31
0.0
  0
TEXT
  5
429
330
17
100
AcDbEntity
  8
S-TABLE
100
AcDbText
 10
368.65007420929084
 20
67.90000000000033
 30
0.0
 40
2.13
  1
THE BRICK INFILL IS MEASURED SEPARATELY AS BRICKWORK
  7
OpenSans
 11
368.65007420929084
 21
67.90000000000033
 31
0.0
100
AcDbText
 73
2
  0
LWPOLYLINE
  5
42A
330
17
100
AcDbEntity
  8
S-TABLE
100
AcDbPolyline
 90
4
 70
1
 10
282.0
 20
57.10000000000032
 10
460.0
 20
57.10000000000032
 10
460.0
 20
64.30000000000032
 10
282.0
 20
64.30000000000032
  0
TEXT
  5
42B
330
17
100
AcDbEntity
  8
S-TABLE
100
AcDbText
 10
283.4
 20
60.70000000000032
 30
0.0
 40
2.13
  1
ESCAPE SHAFT COLLARS
  7
OpenSans
 11
283.4
 21
60.70000000000032
 31
0.0
100
AcDbText
 73
2
  0
LINE
  5
42C
330
17
100
AcDbEntity
  8
S-TABLE
100
AcDbLine
 10
320.79624151231235
 20
57.10000000000032
 30
0.0
 11
320.79624151231235
 21
64.30000000000032
 31
0.0
  0
TEXT
  5
42D
330
17
100
AcDbEntity
  8
S-TABLE
100
AcDbText
 10
322.1962415123123
 20
60.70000000000032
 30
0.0
 40
2.13
  1
250 RC, OD 1900
  7
OpenSans
 11
322.1962415123123
 21
60.70000000000032
 31
0.0
100
AcDbText
 73
2
  0
LINE
  5
42E
330
17
100
AcDbEntity
  8
S-TABLE
100
AcDbLine
 10
348.6279159080997
 20
57.10000000000032
 30
0.0
 11
348.6279159080997
 21
64.30000000000032
 31
0.0
  0
TEXT
  5
42F
330
17
100
AcDbEntity
  8
S-TABLE
100
AcDbText
 10
357.93899505869524
 20
60.70000000000032
 30
0.0
 40
2.13
  1
6.285 m3
  7
OpenSans
 72
1
 11
357.93899505869524
 21
60.70000000000032
 31
0.0
100
AcDbText
 73
2
  0
LINE
  5
430
330
17
100
AcDbEntity
  8
S-TABLE
100
AcDbLine
 10
367.25007420929086
 20
57.10000000000032
 30
0.0
 11
367.25007420929086
 21
64.30000000000032
 31
0.0
  0
TEXT
  5
431
330
17
100
AcDbEntity
  8
S-TABLE
100
AcDbText
 10
368.65007420929084
 20
60.70000000000032
 30
0.0
 40
2.13
  1
ADDED AS A MEASURED LINE
  7
OpenSans
 11
368.65007420929084
 21
60.70000000000032
 31
0.0
100
AcDbText
 73
2
  0
LWPOLYLINE
  5
432
330
17
100
AcDbEntity
  8
S-TABLE
100
AcDbPolyline
 90
4
 70
1
 10
282.0
 20
49.90000000000032
 10
460.0
 20
49.90000000000032
 10
460.0
 20
57.10000000000032
 10
282.0
 20
57.10000000000032
  0
TEXT
  5
433
330
17
100
AcDbEntity
  8
S-TABLE
100
AcDbText
 10
283.4
 20
53.50000000000032
 30
0.0
 40
2.13
  1
GENERATOR
  7
OpenSans
 11
283.4
 21
53.50000000000032
 31
0.0
100
AcDbText
 73
2
  0
LINE
  5
434
330
17
100
AcDbEntity
  8
S-TABLE
100
AcDbLine
 10
320.79624151231235
 20
49.90000000000032
 30
0.0
 11
320.79624151231235
 21
57.10000000000032
 31
0.0
  0
TEXT
  5
435
330
17
100
AcDbEntity
  8
S-TABLE
100
AcDbText
 10
322.1962415123123
 20
53.50000000000032
 30
0.0
 40
2.13
  1
15 kVA
  7
OpenSans
 11
322.1962415123123
 21
53.50000000000032
 31
0.0
100
AcDbText
 73
2
  0
LINE
  5
436
330
17
100
AcDbEntity
  8
S-TABLE
100
AcDbLine
 10
348.6279159080997
 20
49.90000000000032
 30
0.0
 11
348.6279159080997
 21
57.10000000000032
 31
0.0
  0
TEXT
  5
437
330
17
100
AcDbEntity
  8
S-TABLE
100
AcDbText
 10
357.93899505869524
 20
53.50000000000032
 30
0.0
 40
2.13
  1
1 No.
  7
OpenSans
 72
1
 11
357.93899505869524
 21
53.50000000000032
 31
0.0
100
AcDbText
 73
2
  0
LINE
  5
438
330
17
100
AcDbEntity
  8
S-TABLE
100
AcDbLine
 10
367.25007420929086
 20
49.90000000000032
 30
0.0
 11
367.25007420929086
 21
57.10000000000032
 31
0.0
  0
TEXT
  5
439
330
17
100
AcDbEntity
  8
S-TABLE
100
AcDbText
 10
368.65007420929084
 20
53.50000000000032
 30
0.0
 40
2.13
  1
ADDED AS A VISIBLE LINE
  7
OpenSans
 11
368.65007420929084
 21
53.50000000000032
 31
0.0
100
AcDbText
 73
2
  0
LWPOLYLINE
  5
43A
330
17
100
AcDbEntity
  8
S-TABLE
100
AcDbPolyline
 90
4
 70
1
 10
282.0
 20
42.700000000000315
 10
460.0
 20
42.700000000000315
 10
460.0
 20
49.90000000000032
 10
282.0
 20
49.90000000000032
  0
TEXT
  5
43B
330
17
100
AcDbEntity
  8
S-TABLE
100
AcDbText
 10
283.4
 20
46.30000000000032
 30
0.0
 40
2.13
  1
CONCRETE TOTAL
  7
OpenSans
 11
283.4
 21
46.30000000000032
 31
0.0
100
AcDbText
 73
2
  0
LINE
  5
43C
330
17
100
AcDbEntity
  8
S-TABLE
100
AcDbLine
 10
320.79624151231235
 20
42.700000000000315
 30
0.0
 11
320.79624151231235
 21
49.90000000000032
 31
0.0
  0
TEXT
  5
43D
330
17
100
AcDbEntity
  8
S-TABLE
100
AcDbText
 10
322.1962415123123
 20
46.30000000000032
 30
0.0
 40
2.13
  1
-
  7
OpenSans
 11
322.1962415123123
 21
46.30000000000032
 31
0.0
100
AcDbText
 73
2
  0
LINE
  5
43E
330
17
100
AcDbEntity
  8
S-TABLE
100
AcDbLine
 10
348.6279159080997
 20
42.700000000000315
 30
0.0
 11
348.6279159080997
 21
49.90000000000032
 31
0.0
  0
TEXT
  5
43F
330
17
100
AcDbEntity
  8
S-TABLE
100
AcDbText
 10
357.93899505869524
 20
46.30000000000032
 30
0.0
 40
2.13
  1
467.59 m3
  7
OpenSans
 72
1
 11
357.93899505869524
 21
46.30000000000032
 31
0.0
100
AcDbText
 73
2
  0
LINE
  5
440
330
17
100
AcDbEntity
  8
S-TABLE
100
AcDbLine
 10
367.25007420929086
 20
42.700000000000315
 30
0.0
 11
367.25007420929086
 21
49.90000000000032
 31
0.0
  0
TEXT
  5
441
330
17
100
AcDbEntity
  8
S-TABLE
100
AcDbText
 10
368.65007420929084
 20
46.30000000000032
 30
0.0
 40
2.13
  1
= THE SUM OF ITS OWN LINES
  7
OpenSans
 11
368.65007420929084
 21
46.30000000000032
 31
0.0
100
AcDbText
 73
2
  0
LWPOLYLINE
  5
442
330
17
100
AcDbEntity
  8
S-TABLE
100
AcDbPolyline
 90
4
 70
1
 10
282.0
 20
35.50000000000031
 10
460.0
 20
35.50000000000031
 10
460.0
 20
42.700000000000315
 10
282.0
 20
42.700000000000315
  0
TEXT
  5
443
330
17
100
AcDbEntity
  8
S-TABLE
100
AcDbText
 10
283.4
 20
39.100000000000314
 30
0.0
 40
2.13
  1
PROGRAMME WORDING
  7
OpenSans
 11
283.4
 21
39.100000000000314
 31
0.0
100
AcDbText
 73
2
  0
LINE
  5
444
330
17
100
AcDbEntity
  8
S-TABLE
100
AcDbLine
 10
320.79624151231235
 20
35.50000000000031
 30
0.0
 11
320.79624151231235
 21
42.700000000000315
 31
0.0
  0
TEXT
  5
445
330
17
100
AcDbEntity
  8
S-TABLE
100
AcDbText
 10
322.1962415123123
 20
39.100000000000314
 30
0.0
 40
2.13
  1
13 ACTIVITIES
  7
OpenSans
 11
322.1962415123123
 21
39.100000000000314
 31
0.0
100
AcDbText
 73
2
  0
LINE
  5
446
330
17
100
AcDbEntity
  8
S-TABLE
100
AcDbLine
 10
348.6279159080997
 20
35.50000000000031
 30
0.0
 11
348.6279159080997
 21
42.700000000000315
 31
0.0
  0
TEXT
  5
447
330
17
100
AcDbEntity
  8
S-TABLE
100
AcDbText
 10
357.93899505869524
 20
39.100000000000314
 30
0.0
 40
2.13
  1
-
  7
OpenSans
 72
1
 11
357.93899505869524
 21
39.100000000000314
 31
0.0
100
AcDbText
 73
2
  0
LINE
  5
448
330
17
100
AcDbEntity
  8
S-TABLE
100
AcDbLine
 10
367.25007420929086
 20
35.50000000000031
 30
0.0
 11
367.25007420929086
 21
42.700000000000315
 31
0.0
  0
TEXT
  5
449
330
17
100
AcDbEntity
  8
S-TABLE
100
AcDbText
 10
368.65007420929084
 20
39.100000000000314
 30
0.0
 40
2.13
  1
2.0 m COVER, 900 SLAB AND THE POST-M1 BOX SIZE
  7
OpenSans
 11
368.65007420929084
 21
39.100000000000314
 31
0.0
100
AcDbText
 73
2
  0
ENDSEC
  0
SECTION
  2
OBJECTS
  0
DICTIONARY
  5
A
330
0
100
AcDbDictionary
281
1
  3
ACAD_COLOR
350
B
  3
ACAD_GROUP
350
C
  3
ACAD_LAYOUT
350
D
  3
ACAD_MATERIAL
350
E
  3
ACAD_MLEADERSTYLE
350
F
  3
ACAD_MLINESTYLE
350
10
  3
ACAD_PLOTSETTINGS
350
11
  3
ACAD_PLOTSTYLENAME
350
12
  3
ACAD_SCALELIST
350
14
  3
ACAD_TABLESTYLE
350
15
  3
ACAD_VISUALSTYLE
350
16
  3
EZDXF_META
350
2D
  0
DICTIONARY
  5
B
330
A
100
AcDbDictionary
281
1
  0
DICTIONARY
  5
C
330
A
100
AcDbDictionary
281
1
  0
DICTIONARY
  5
D
330
A
100
AcDbDictionary
281
1
  3
Model
350
1A
  3
Layout1
350
1E
  0
DICTIONARY
  5
E
330
A
100
AcDbDictionary
281
1
  3
ByBlock
350
1F
  3
ByLayer
350
20
  3
Global
350
21
  0
DICTIONARY
  5
F
330
A
100
AcDbDictionary
281
1
  3
Standard
350
2C
  0
DICTIONARY
  5
10
330
A
100
AcDbDictionary
281
1
  3
Standard
350
22
  0
DICTIONARY
  5
11
330
A
100
AcDbDictionary
281
1
  0
ACDBDICTIONARYWDFLT
  5
12
330
A
100
AcDbDictionary
281
1
  3
Normal
350
13
100
AcDbDictionaryWithDefault
340
13
  0
ACDBPLACEHOLDER
  5
13
330
12
  0
DICTIONARY
  5
14
330
A
100
AcDbDictionary
281
1
  0
DICTIONARY
  5
15
330
A
100
AcDbDictionary
281
1
  0
DICTIONARY
  5
16
330
A
100
AcDbDictionary
281
1
  3
2dWireframe
350
5A
  3
Basic
350
5B
  3
Brighten
350
5C
  3
ColorChange
350
5D
  3
Conceptual
350
5E
  3
Dim
350
5F
  3
EdgeColorOff
350
60
  3
Facepattern
350
61
  3
Flat
350
62
  3
FlatWithEdges
350
63
  3
Gouraud
350
64
  3
GouraudWithEdges
350
65
  3
Hidden
350
66
  3
JitterOff
350
67
  3
Linepattern
350
68
  3
Modeling
350
69
  3
OverhangOff
350
6A
  3
Realistic
350
6B
  3
Shaded
350
6C
  3
Shaded with edges
350
6D
  3
Shades of Gray
350
6E
  3
Sketchy
350
6F
  3
Thicken
350
70
  3
Wireframe
350
71
  3
X-Ray
350
72
  0
LAYOUT
  5
1A
330
D
100
AcDbPlotSettings
  1

  4
A3
  6

 40
7.5
 41
20.0
 42
7.5
 43
20.0
 44
420.0
 45
297.0
 46
0.0
 47
0.0
 48
0.0
 49
0.0
140
0.0
141
0.0
142
1.0
143
1.0
 70
1024
 72
1
 73
0
 74
5
  7

 75
16
 76
0
 77
2
 78
300
147
1.0
148
0.0
149
0.0
100
AcDbLayout
  1
Model
 70
1
 71
0
 10
0.0
 20
0.0
 11
420.0
 21
297.0
 12
0.0
 22
0.0
 32
0.0
 14
1e+20
 24
1e+20
 34
1e+20
 15
-1e+20
 25
-1e+20
 35
-1e+20
146
0.0
 13
0.0
 23
0.0
 33
0.0
 16
1.0
 26
0.0
 36
0.0
 17
0.0
 27
1.0
 37
0.0
 76
1
330
17
  0
LAYOUT
  5
1E
330
D
100
AcDbPlotSettings
  1

  4
A3
  6

 40
7.5
 41
20.0
 42
7.5
 43
20.0
 44
420.0
 45
297.0
 46
0.0
 47
0.0
 48
0.0
 49
0.0
140
0.0
141
0.0
142
1.0
143
1.0
 70
0
 72
1
 73
0
 74
5
  7

 75
16
 76
0
 77
2
 78
300
147
1.0
148
0.0
149
0.0
100
AcDbLayout
  1
Layout1
 70
1
 71
1
 10
0.0
 20
0.0
 11
420.0
 21
297.0
 12
0.0
 22
0.0
 32
0.0
 14
1e+20
 24
1e+20
 34
1e+20
 15
-1e+20
 25
-1e+20
 35
-1e+20
146
0.0
 13
0.0
 23
0.0
 33
0.0
 16
1.0
 26
0.0
 36
0.0
 17
0.0
 27
1.0
 37
0.0
 76
1
330
1B
  0
MATERIAL
  5
1F
102
{ACAD_REACTORS
330
E
102
}
330
E
100
AcDbMaterial
  1
ByBlock
  2

 70
0
 40
1.0
 71
1
 41
1.0
 91
-1023410177
 42
1.0
 72
1
  3

 73
1
 74
1
 75
1
 44
0.5
 73
0
 45
1.0
 46
1.0
 77
1
  4

 78
1
 79
1
170
1
 48
1.0
171
1
  6

172
1
173
1
174
1
140
1.0
141
1.0
175
1
  7

176
1
177
1
178
1
143
1.0
179
1
  8

270
1
271
1
272
1
145
1.0
146
1.0
273
1
  9

274
1
275
1
276
1
 42
1.0
 72
1
  3

 73
1
 74
1
 75
1
 94
63
  0
MATERIAL
  5
20
102
{ACAD_REACTORS
330
E
102
}
330
E
100
AcDbMaterial
  1
ByLayer
  2

 70
0
 40
1.0
 71
1
 41
1.0
 91
-1023410177
 42
1.0
 72
1
  3

 73
1
 74
1
 75
1
 44
0.5
 73
0
 45
1.0
 46
1.0
 77
1
  4

 78
1
 79
1
170
1
 48
1.0
171
1
  6

172
1
173
1
174
1
140
1.0
141
1.0
175
1
  7

176
1
177
1
178
1
143
1.0
179
1
  8

270
1
271
1
272
1
145
1.0
146
1.0
273
1
  9

274
1
275
1
276
1
 42
1.0
 72
1
  3

 73
1
 74
1
 75
1
 94
63
  0
MATERIAL
  5
21
102
{ACAD_REACTORS
330
E
102
}
330
E
100
AcDbMaterial
  1
Global
  2

 70
0
 40
1.0
 71
1
 41
1.0
 91
-1023410177
 42
1.0
 72
1
  3

 73
1
 74
1
 75
1
 44
0.5
 73
0
 45
1.0
 46
1.0
 77
1
  4

 78
1
 79
1
170
1
 48
1.0
171
1
  6

172
1
173
1
174
1
140
1.0
141
1.0
175
1
  7

176
1
177
1
178
1
143
1.0
179
1
  8

270
1
271
1
272
1
145
1.0
146
1.0
273
1
  9

274
1
275
1
276
1
 42
1.0
 72
1
  3

 73
1
 74
1
 75
1
 94
63
  0
MLINESTYLE
  5
22
102
{ACAD_REACTORS
330
10
102
}
330
10
100
AcDbMlineStyle
  2
Standard
 70
0
  3

 62
256
 51
90.0
 52
90.0
 71
2
 49
0.5
 62
256
  6
BYLAYER
 49
-0.5
 62
256
  6
BYLAYER
  0
MLEADERSTYLE
  5
2C
102
{ACAD_REACTORS
330
F
102
}
330
F
100
AcDbMLeaderStyle
179
2
170
2
171
1
172
0
 90
2
 40
0.0
 41
0.0
173
1
 91
-1056964608
 92
-2
290
1
 42
2.0
291
1
 43
8.0
  3
Standard
 44
4.0
300

342
29
174
1
175
1
176
0
178
1
 93
-1056964608
 45
4.0
292
0
297
0
 46
4.0
 94
-1056964608
 47
1.0
 49
1.0
140
1.0
294
1
141
0.0
177
0
142
1.0
295
0
296
0
143
3.75
271
0
272
9
273
9
  0
DICTIONARY
  5
2D
330
A
100
AcDbDictionary
280
1
281
1
  3
CREATED_BY_EZDXF
350
2E
  3
WRITTEN_BY_EZDXF
350
44C
  0
DICTIONARYVAR
  5
2E
330
2D
100
DictionaryVariables
280
0
  1
1.4.4 @ 2026-09-18T07:10:18.589961+00:00
  0
VISUALSTYLE
  5
5A
102
{ACAD_REACTORS
330
16
102
}
330
16
100
AcDbVisualStyle
  2
2dWireframe
 70
4
 90
0
 40
0.6
 62
7
290
0
291
0
  0
VISUALSTYLE
  5
5B
102
{ACAD_REACTORS
330
16
102
}
330
16
100
AcDbVisualStyle
  2
Basic
 70
7
 90
1
 40
0.6
 62
7
290
0
291
1
  0
VISUALSTYLE
  5
5C
102
{ACAD_REACTORS
330
16
102
}
330
16
100
AcDbVisualStyle
  2
Brighten
 70
12
 90
2
 40
0.6
 62
7
290
0
291
1
  0
VISUALSTYLE
  5
5D
102
{ACAD_REACTORS
330
16
102
}
330
16
100
AcDbVisualStyle
  2
ColorChange
 70
16
 90
2
 40
0.6
 62
8
290
0
291
1
  0
VISUALSTYLE
  5
5E
102
{ACAD_REACTORS
330
16
102
}
330
16
100
AcDbVisualStyle
  2
Conceptual
 70
9
 90
3
 40
0.6
 62
7
290
0
291
0
  0
VISUALSTYLE
  5
5F
102
{ACAD_REACTORS
330
16
102
}
330
16
100
AcDbVisualStyle
  2
Dim
 70
11
 90
2
 40
0.6
 62
7
290
0
291
1
  0
VISUALSTYLE
  5
60
102
{ACAD_REACTORS
330
16
102
}
330
16
100
AcDbVisualStyle
  2
EdgeColorOff
 70
22
 90
2
 40
0.6
 62
7
290
0
291
1
  0
VISUALSTYLE
  5
61
102
{ACAD_REACTORS
330
16
102
}
330
16
100
AcDbVisualStyle
  2
Facepattern
 70
15
 90
2
 40
0.6
 62
7
290
0
291
1
  0
VISUALSTYLE
  5
62
102
{ACAD_REACTORS
330
16
102
}
330
16
100
AcDbVisualStyle
  2
Flat
 70
0
 90
2
 40
0.6
 62
7
290
0
291
1
  0
VISUALSTYLE
  5
63
102
{ACAD_REACTORS
330
16
102
}
330
16
100
AcDbVisualStyle
  2
FlatWithEdges
 70
1
 90
2
 40
0.6
 62
7
290
0
291
1
  0
VISUALSTYLE
  5
64
102
{ACAD_REACTORS
330
16
102
}
330
16
100
AcDbVisualStyle
  2
Gouraud
 70
2
 90
2
 40
0.6
 62
7
290
0
291
1
  0
VISUALSTYLE
  5
65
102
{ACAD_REACTORS
330
16
102
}
330
16
100
AcDbVisualStyle
  2
GouraudWithEdges
 70
3
 90
2
 40
0.6
 62
7
290
0
291
1
  0
VISUALSTYLE
  5
66
102
{ACAD_REACTORS
330
16
102
}
330
16
100
AcDbVisualStyle
  2
Hidden
 70
6
 90
1
 40
0.6
 62
7
290
0
291
0
  0
VISUALSTYLE
  5
67
102
{ACAD_REACTORS
330
16
102
}
330
16
100
AcDbVisualStyle
  2
JitterOff
 70
20
 90
2
 40
0.6
 62
7
290
0
291
1
  0
VISUALSTYLE
  5
68
102
{ACAD_REACTORS
330
16
102
}
330
16
100
AcDbVisualStyle
  2
Linepattern
 70
14
 90
2
 40
0.6
 62
7
290
0
291
1
  0
VISUALSTYLE
  5
69
102
{ACAD_REACTORS
330
16
102
}
330
16
100
AcDbVisualStyle
  2
Modeling
 70
10
 90
2
 40
0.6
 62
7
290
0
291
0
  0
VISUALSTYLE
  5
6A
102
{ACAD_REACTORS
330
16
102
}
330
16
100
AcDbVisualStyle
  2
OverhangOff
 70
21
 90
2
 40
0.6
 62
7
290
0
291
1
  0
VISUALSTYLE
  5
6B
102
{ACAD_REACTORS
330
16
102
}
330
16
100
AcDbVisualStyle
  2
Realistic
 70
8
 90
2
 40
0.6
 62
7
290
0
291
0
  0
VISUALSTYLE
  5
6C
102
{ACAD_REACTORS
330
16
102
}
330
16
100
AcDbVisualStyle
  2
Shaded
 70
27
 90
2
 40
0.6
 62
7
290
0
291
0
  0
VISUALSTYLE
  5
6D
102
{ACAD_REACTORS
330
16
102
}
330
16
100
AcDbVisualStyle
  2
Shaded with edges
 70
26
 90
2
 40
0.6
 62
7
290
0
291
0
  0
VISUALSTYLE
  5
6E
102
{ACAD_REACTORS
330
16
102
}
330
16
100
AcDbVisualStyle
  2
Shades of Gray
 70
23
 90
2
 40
0.6
 62
7
290
0
291
0
  0
VISUALSTYLE
  5
6F
102
{ACAD_REACTORS
330
16
102
}
330
16
100
AcDbVisualStyle
  2
Sketchy
 70
24
 90
1
 40
0.6
 62
7
290
0
291
0
  0
VISUALSTYLE
  5
70
102
{ACAD_REACTORS
330
16
102
}
330
16
100
AcDbVisualStyle
  2
Thicken
 70
13
 90
2
 40
0.6
 62
7
290
0
291
1
  0
VISUALSTYLE
  5
71
102
{ACAD_REACTORS
330
16
102
}
330
16
100
AcDbVisualStyle
  2
Wireframe
 70
5
 90
0
 40
0.6
 62
7
290
0
291
0
  0
VISUALSTYLE
  5
72
102
{ACAD_REACTORS
330
16
102
}
330
16
100
AcDbVisualStyle
  2
X-Ray
 70
25
 90
2
 40
0.5
 62
7
290
0
291
0
  0
DICTIONARYVAR
  5
44C
330
2D
100
DictionaryVariables
280
0
  1
1.4.4 @ 2026-09-18T07:10:18.800756+00:00
  0
ENDSEC
  0
EOF
