  0
SECTION
  2
HEADER
  9
$ACADVER
  1
AC1024
  9
$ACADMAINTVER
 70
6
  9
$DWGCODEPAGE
  3
ANSI_1252
  9
$LASTSAVEDBY
  1
ezdxf
  9
$INSBASE
 10
0.0
 20
0.0
 30
0.0
  9
$EXTMIN
 10
1e+20
 20
1e+20
 30
1e+20
  9
$EXTMAX
 10
-1e+20
 20
-1e+20
 30
-1e+20
  9
$LIMMIN
 10
0.0
 20
0.0
  9
$LIMMAX
 10
420.0
 20
297.0
  9
$ORTHOMODE
 70
0
  9
$REGENMODE
 70
1
  9
$FILLMODE
 70
1
  9
$QTEXTMODE
 70
0
  9
$MIRRTEXT
 70
1
  9
$LTSCALE
 40
1.0
  9
$ATTMODE
 70
1
  9
$TEXTSIZE
 40
2.5
  9
$TRACEWID
 40
1.0
  9
$TEXTSTYLE
  7
OpenSans
  9
$CLAYER
  8
0
  9
$CELTYPE
  6
ByLayer
  9
$CECOLOR
 62
256
  9
$CELTSCALE
 40
1.0
  9
$DISPSILH
 70
0
  9
$DIMSCALE
 40
1.0
  9
$DIMASZ
 40
0.175
  9
$DIMEXO
 40
0.125
  9
$DIMDLI
 40
3.75
  9
$DIMRND
 40
0.0
  9
$DIMDLE
 40
0.0
  9
$DIMEXE
 40
0.375
  9
$DIMTP
 40
0.0
  9
$DIMTM
 40
0.0
  9
$DIMTXT
 40
0.25
  9
$DIMCEN
 40
2.5
  9
$DIMTSZ
 40
0.0
  9
$DIMTOL
 70
0
  9
$DIMLIM
 70
0
  9
$DIMTIH
 70
0
  9
$DIMTOH
 70
0
  9
$DIMSE1
 70
0
  9
$DIMSE2
 70
0
  9
$DIMTAD
 70
1
  9
$DIMZIN
 70
12
  9
$DIMBLK
  1
ARCHTICK
  9
$DIMASO
 70
1
  9
$DIMSHO
 70
1
  9
$DIMPOST
  1

  9
$DIMAPOST
  1

  9
$DIMALT
 70
0
  9
$DIMALTD
 70
3
  9
$DIMALTF
 40
0.03937007874
  9
$DIMLFAC
 40
100.0
  9
$DIMTOFL
 70
1
  9
$DIMTVP
 40
0.0
  9
$DIMTIX
 70
0
  9
$DIMSOXD
 70
0
  9
$DIMSAH
 70
0
  9
$DIMBLK1
  1

  9
$DIMBLK2
  1

  9
$DIMSTYLE
  2
EZDXF
  9
$DIMCLRD
 70
0
  9
$DIMCLRE
 70
0
  9
$DIMCLRT
 70
0
  9
$DIMTFAC
 40
0.5
  9
$DIMGAP
 40
0.1
  9
$DIMJUST
 70
0
  9
$DIMSD1
 70
0
  9
$DIMSD2
 70
0
  9
$DIMTOLJ
 70
0
  9
$DIMTZIN
 70
8
  9
$DIMALTZ
 70
0
  9
$DIMALTTZ
 70
0
  9
$DIMUPT
 70
1
  9
$DIMDEC
 70
2
  9
$DIMTDEC
 70
2
  9
$DIMALTU
 70
2
  9
$DIMALTTD
 70
3
  9
$DIMTXSTY
  7
OpenSansCondensed-Light
  9
$DIMAUNIT
 70
0
  9
$DIMADEC
 70
2
  9
$DIMALTRND
 40
0.0
  9
$DIMAZIN
 70
3
  9
$DIMDSEP
 70
46
  9
$DIMATFIT
 70
3
  9
$DIMFRAC
 70
0
  9
$DIMLDRBLK
  1

  9
$DIMLUNIT
 70
2
  9
$DIMLWD
 70
-2
  9
$DIMLWE
 70
-2
  9
$DIMTMOVE
 70
2
  9
$DIMFXL
 40
1.0
  9
$DIMFXLON
 70
0
  9
$DIMJOGANG
 40
0.785398163397
  9
$DIMTFILL
 70
0
  9
$DIMTFILLCLR
 70
0
  9
$DIMARCSYM
 70
0
  9
$DIMLTYPE
  6

  9
$DIMLTEX1
  6

  9
$DIMLTEX2
  6

  9
$DIMTXTDIRECTION
 70
0
  9
$LUNITS
 70
2
  9
$LUPREC
 70
4
  9
$SKETCHINC
 40
1.0
  9
$FILLETRAD
 40
10.0
  9
$AUNITS
 70
0
  9
$AUPREC
 70
2
  9
$MENU
  1
.
  9
$ELEVATION
 40
0.0
  9
$PELEVATION
 40
0.0
  9
$THICKNESS
 40
0.0
  9
$LIMCHECK
 70
0
  9
$CHAMFERA
 40
0.0
  9
$CHAMFERB
 40
0.0
  9
$CHAMFERC
 40
0.0
  9
$CHAMFERD
 40
0.0
  9
$SKPOLY
 70
0
  9
$TDCREATE
 40
2461295.121527778
  9
$TDUCREATE
 40
2458532.153996898
  9
$TDUPDATE
 40
2461295.121527778
  9
$TDUUPDATE
 40
2458532.1544311
  9
$TDINDWG
 40
0.0
  9
$TDUSRTIMER
 40
0.0
  9
$USRTIMER
 70
1
  9
$ANGBASE
 50
0.0
  9
$ANGDIR
 70
0
  9
$PDMODE
 70
0
  9
$PDSIZE
 40
0.0
  9
$PLINEWID
 40
0.0
  9
$SPLFRAME
 70
0
  9
$SPLINETYPE
 70
6
  9
$SPLINESEGS
 70
8
  9
$HANDSEED
  5
599
  9
$SURFTAB1
 70
6
  9
$SURFTAB2
 70
6
  9
$SURFTYPE
 70
6
  9
$SURFU
 70
6
  9
$SURFV
 70
6
  9
$UCSBASE
  2

  9
$UCSNAME
  2

  9
$UCSORG
 10
0.0
 20
0.0
 30
0.0
  9
$UCSXDIR
 10
1.0
 20
0.0
 30
0.0
  9
$UCSYDIR
 10
0.0
 20
1.0
 30
0.0
  9
$UCSORTHOREF
  2

  9
$UCSORTHOVIEW
 70
0
  9
$UCSORGTOP
 10
0.0
 20
0.0
 30
0.0
  9
$UCSORGBOTTOM
 10
0.0
 20
0.0
 30
0.0
  9
$UCSORGLEFT
 10
0.0
 20
0.0
 30
0.0
  9
$UCSORGRIGHT
 10
0.0
 20
0.0
 30
0.0
  9
$UCSORGFRONT
 10
0.0
 20
0.0
 30
0.0
  9
$UCSORGBACK
 10
0.0
 20
0.0
 30
0.0
  9
$PUCSBASE
  2

  9
$PUCSNAME
  2

  9
$PUCSORG
 10
0.0
 20
0.0
 30
0.0
  9
$PUCSXDIR
 10
1.0
 20
0.0
 30
0.0
  9
$PUCSYDIR
 10
0.0
 20
1.0
 30
0.0
  9
$PUCSORTHOREF
  2

  9
$PUCSORTHOVIEW
 70
0
  9
$PUCSORGTOP
 10
0.0
 20
0.0
 30
0.0
  9
$PUCSORGBOTTOM
 10
0.0
 20
0.0
 30
0.0
  9
$PUCSORGLEFT
 10
0.0
 20
0.0
 30
0.0
  9
$PUCSORGRIGHT
 10
0.0
 20
0.0
 30
0.0
  9
$PUCSORGFRONT
 10
0.0
 20
0.0
 30
0.0
  9
$PUCSORGBACK
 10
0.0
 20
0.0
 30
0.0
  9
$USERI1
 70
0
  9
$USERI2
 70
0
  9
$USERI3
 70
0
  9
$USERI4
 70
0
  9
$USERI5
 70
0
  9
$USERR1
 40
0.0
  9
$USERR2
 40
0.0
  9
$USERR3
 40
0.0
  9
$USERR4
 40
0.0
  9
$USERR5
 40
0.0
  9
$WORLDVIEW
 70
1
  9
$SHADEDGE
 70
3
  9
$SHADEDIF
 70
70
  9
$TILEMODE
 70
1
  9
$MAXACTVP
 70
64
  9
$PINSBASE
 10
0.0
 20
0.0
 30
0.0
  9
$PLIMCHECK
 70
0
  9
$PEXTMIN
 10
1e+20
 20
1e+20
 30
1e+20
  9
$PEXTMAX
 10
-1e+20
 20
-1e+20
 30
-1e+20
  9
$PLIMMIN
 10
0.0
 20
0.0
  9
$PLIMMAX
 10
420.0
 20
297.0
  9
$UNITMODE
 70
0
  9
$VISRETAIN
 70
1
  9
$PLINEGEN
 70
0
  9
$PSLTSCALE
 70
1
  9
$TREEDEPTH
 70
3020
  9
$CMLSTYLE
  2
Standard
  9
$CMLJUST
 70
0
  9
$CMLSCALE
 40
20.0
  9
$PROXYGRAPHICS
 70
1
  9
$MEASUREMENT
 70
1
  9
$CELWEIGHT
370
-1
  9
$ENDCAPS
280
0
  9
$JOINSTYLE
280
0
  9
$LWDISPLAY
290
0
  9
$INSUNITS
 70
4
  9
$HYPERLINKBASE
  1

  9
$STYLESHEET
  1

  9
$XEDIT
290
1
  9
$CEPSNTYPE
380
0
  9
$PSTYLEMODE
290
1
  9
$FINGERPRINTGUID
  2
{E086BFF4-88D8-46B4-915E-267FC874D0CC}
  9
$VERSIONGUID
  2
{EB5D32E1-BA8D-40F6-86EC-C0AABC1B9010}
  9
$EXTNAMES
290
1
  9
$PSVPSCALE
 40
0.0
  9
$OLESTARTUP
290
0
  9
$SORTENTS
280
127
  9
$INDEXCTL
280
0
  9
$HIDETEXT
280
1
  9
$XCLIPFRAME
280
1
  9
$HALOGAP
280
0
  9
$OBSCOLOR
 70
257
  9
$OBSLTYPE
280
0
  9
$INTERSECTIONDISPLAY
280
0
  9
$INTERSECTIONCOLOR
 70
257
  9
$DIMASSOC
280
2
  9
$PROJECTNAME
  1

  9
$CAMERADISPLAY
290
0
  9
$LENSLENGTH
 40
50.0
  9
$CAMERAHEIGHT
 40
0.0
  9
$STEPSPERSEC
 40
24.0
  9
$STEPSIZE
 40
100.0
  9
$3DDWFPREC
 40
2.0
  9
$PSOLWIDTH
 40
0.005
  9
$PSOLHEIGHT
 40
0.08
  9
$LOFTANG1
 40
1.570796326795
  9
$LOFTANG2
 40
1.570796326795
  9
$LOFTMAG1
 40
0.0
  9
$LOFTMAG2
 40
0.0
  9
$LOFTPARAM
 70
7
  9
$LOFTNORMALS
280
1
  9
$LATITUDE
 40
37.795
  9
$LONGITUDE
 40
-122.394
  9
$NORTHDIRECTION
 40
0.0
  9
$TIMEZONE
 70
-8000
  9
$LIGHTGLYPHDISPLAY
280
1
  9
$TILEMODELIGHTSYNCH
280
1
  9
$CMATERIAL
347
20
  9
$SOLIDHIST
280
0
  9
$SHOWHIST
280
1
  9
$DWFFRAME
280
2
  9
$DGNFRAME
280
2
  9
$REALWORLDSCALE
290
1
  9
$INTERFERECOLOR
 62
256
  9
$CSHADOW
280
0
  9
$SHADOWPLANELOCATION
 40
0.0
  0
ENDSEC
  0
SECTION
  2
CLASSES
  0
CLASS
  1
ACDBDICTIONARYWDFLT
  2
AcDbDictionaryWithDefault
  3
ObjectDBX Classes
 90
0
 91
0
280
0
281
0
  0
CLASS
  1
SUN
  2
AcDbSun
  3
SCENEOE
 90
1153
 91
0
280
0
281
0
  0
CLASS
  1
VISUALSTYLE
  2
AcDbVisualStyle
  3
ObjectDBX Classes
 90
4095
 91
0
280
0
281
0
  0
CLASS
  1
MATERIAL
  2
AcDbMaterial
  3
ObjectDBX Classes
 90
1153
 91
0
280
0
281
0
  0
CLASS
  1
SCALE
  2
AcDbScale
  3
ObjectDBX Classes
 90
1153
 91
0
280
0
281
0
  0
CLASS
  1
TABLESTYLE
  2
AcDbTableStyle
  3
ObjectDBX Classes
 90
4095
 91
0
280
0
281
0
  0
CLASS
  1
MLEADERSTYLE
  2
AcDbMLeaderStyle
  3
ACDB_MLEADERSTYLE_CLASS
 90
4095
 91
0
280
0
281
0
  0
CLASS
  1
DICTIONARYVAR
  2
AcDbDictionaryVar
  3
ObjectDBX Classes
 90
0
 91
0
280
0
281
0
  0
CLASS
  1
CELLSTYLEMAP
  2
AcDbCellStyleMap
  3
ObjectDBX Classes
 90
1152
 91
0
280
0
281
0
  0
CLASS
  1
MENTALRAYRENDERSETTINGS
  2
AcDbMentalRayRenderSettings
  3
SCENEOE
 90
1024
 91
0
280
0
281
0
  0
CLASS
  1
ACDBDETAILVIEWSTYLE
  2
AcDbDetailViewStyle
  3
ObjectDBX Classes
 90
1025
 91
0
280
0
281
0
  0
CLASS
  1
ACDBSECTIONVIEWSTYLE
  2
AcDbSectionViewStyle
  3
ObjectDBX Classes
 90
1025
 91
0
280
0
281
0
  0
CLASS
  1
RASTERVARIABLES
  2
AcDbRasterVariables
  3
ISM
 90
0
 91
0
280
0
281
0
  0
CLASS
  1
LAYOUT
  2
AcDbLayout
  3
ObjectDBX Classes
 90
0
 91
0
280
0
281
0
  0
CLASS
  1
ACDBPLACEHOLDER
  2
AcDbPlaceHolder
  3
ObjectDBX Classes
 90
0
 91
0
280
0
281
0
  0
ENDSEC
  0
SECTION
  2
TABLES
  0
TABLE
  2
VPORT
  5
8
330
0
100
AcDbSymbolTable
 70
1
  0
VPORT
  5
23
330
8
100
AcDbSymbolTableRecord
100
AcDbViewportTableRecord
  2
*Active
 70
0
 10
0.0
 20
0.0
 11
1.0
 21
1.0
 12
0.0
 22
0.0
 13
0.0
 23
0.0
 14
0.5
 24
0.5
 15
0.5
 25
0.5
 16
0.0
 26
0.0
 36
1.0
 17
0.0
 27
0.0
 37
0.0
 40
1000.0
 41
1.34
 42
50.0
 43
0.0
 44
0.0
 50
0.0
 51
0.0
 71
0
 72
1000
 73
1
 74
3
 75
0
 76
0
 77
0
 78
0
281
0
 65
0
146
0.0
  0
ENDTAB
  0
TABLE
  2
LTYPE
  5
2
330
0
100
AcDbSymbolTable
 70
21
  0
LTYPE
  5
24
330
2
100
AcDbSymbolTableRecord
100
AcDbLinetypeTableRecord
  2
ByBlock
 70
0
  3

 72
65
 73
0
 40
0.0
  0
LTYPE
  5
25
330
2
100
AcDbSymbolTableRecord
100
AcDbLinetypeTableRecord
  2
ByLayer
 70
0
  3

 72
65
 73
0
 40
0.0
  0
LTYPE
  5
26
330
2
100
AcDbSymbolTableRecord
100
AcDbLinetypeTableRecord
  2
Continuous
 70
0
  3

 72
65
 73
0
 40
0.0
  0
LTYPE
  5
2F
330
2
100
AcDbSymbolTableRecord
100
AcDbLinetypeTableRecord
  2
CENTER
 70
0
  3
Center ____ _ ____ _ ____ _ ____ _ ____ _ ____
 72
65
 73
4
 40
5.08
 49
3.175
 74
0
 49
-0.635
 74
0
 49
0.635
 74
0
 49
-0.635
 74
0
  0
LTYPE
  5
30
330
2
100
AcDbSymbolTableRecord
100
AcDbLinetypeTableRecord
  2
CENTERX2
 70
0
  3
Center (2x) ________  __  ________  __  ________
 72
65
 73
4
 40
8.89
 49
6.35
 74
0
 49
-0.635
 74
0
 49
1.27
 74
0
 49
-0.635
 74
0
  0
LTYPE
  5
31
330
2
100
AcDbSymbolTableRecord
100
AcDbLinetypeTableRecord
  2
CENTER2
 70
0
  3
Center (.5x) ____ _ ____ _ ____ _ ____ _ ____
 72
65
 73
4
 40
2.54
 49
1.587
 74
0
 49
-0.318
 74
0
 49
0.318
 74
0
 49
-0.318
 74
0
  0
LTYPE
  5
32
330
2
100
AcDbSymbolTableRecord
100
AcDbLinetypeTableRecord
  2
DASHED
 70
0
  3
Dashed __ __ __ __ __ __ __ __ __ __ __ __ __ _
 72
65
 73
2
 40
1.524
 49
1.27
 74
0
 49
-0.254
 74
0
  0
LTYPE
  5
33
330
2
100
AcDbSymbolTableRecord
100
AcDbLinetypeTableRecord
  2
DASHEDX2
 70
0
  3
Dashed (2x) ____  ____  ____  ____  ____  ____
 72
65
 73
2
 40
3.048
 49
2.54
 74
0
 49
-0.508
 74
0
  0
LTYPE
  5
34
330
2
100
AcDbSymbolTableRecord
100
AcDbLinetypeTableRecord
  2
DASHED2
 70
0
  3
Dashed (.5x) _ _ _ _ _ _ _ _ _ _ _ _ _ _
 72
65
 73
2
 40
0.762
 49
0.635
 74
0
 49
-0.127
 74
0
  0
LTYPE
  5
35
330
2
100
AcDbSymbolTableRecord
100
AcDbLinetypeTableRecord
  2
PHANTOM
 70
0
  3
Phantom ______  __  __  ______  __  __  ______
 72
65
 73
6
 40
6.35
 49
3.175
 74
0
 49
-0.635
 74
0
 49
0.635
 74
0
 49
-0.635
 74
0
 49
0.635
 74
0
 49
-0.635
 74
0
  0
LTYPE
  5
36
330
2
100
AcDbSymbolTableRecord
100
AcDbLinetypeTableRecord
  2
PHANTOMX2
 70
0
  3
Phantom (2x)____________    ____    ____    ____________
 72
65
 73
6
 40
10.795
 49
6.35
 74
0
 49
-0.635
 74
0
 49
1.27
 74
0
 49
-0.635
 74
0
 49
1.27
 74
0
 49
-0.635
 74
0
  0
LTYPE
  5
37
330
2
100
AcDbSymbolTableRecord
100
AcDbLinetypeTableRecord
  2
PHANTOM2
 70
0
  3
Phantom (.5x) ___ _ _ ___ _ _ ___ _ _ ___ _ _ ___
 72
65
 73
6
 40
3.175
 49
1.587
 74
0
 49
-0.318
 74
0
 49
0.318
 74
0
 49
-0.318
 74
0
 49
0.318
 74
0
 49
-0.318
 74
0
  0
LTYPE
  5
38
330
2
100
AcDbSymbolTableRecord
100
AcDbLinetypeTableRecord
  2
DASHDOT
 70
0
  3
Dash dot __ . __ . __ . __ . __ . __ . __ . __
 72
65
 73
4
 40
3.556
 49
2.54
 74
0
 49
-0.508
 74
0
 49
0.0
 74
0
 49
-0.508
 74
0
  0
LTYPE
  5
39
330
2
100
AcDbSymbolTableRecord
100
AcDbLinetypeTableRecord
  2
DASHDOTX2
 70
0
  3
Dash dot (2x) ____  .  ____  .  ____  .  ____
 72
65
 73
4
 40
6.096
 49
5.08
 74
0
 49
-0.508
 74
0
 49
0.0
 74
0
 49
-0.508
 74
0
  0
LTYPE
  5
3A
330
2
100
AcDbSymbolTableRecord
100
AcDbLinetypeTableRecord
  2
DASHDOT2
 70
0
  3
Dash dot (.5x) _ . _ . _ . _ . _ . _ . _ . _
 72
65
 73
4
 40
1.778
 49
1.27
 74
0
 49
-0.254
 74
0
 49
0.0
 74
0
 49
-0.254
 74
0
  0
LTYPE
  5
3B
330
2
100
AcDbSymbolTableRecord
100
AcDbLinetypeTableRecord
  2
DOT
 70
0
  3
Dot .  .  .  .  .  .  .  .  .  .  .  .  .  .  .  .
 72
65
 73
2
 40
0.508
 49
0.0
 74
0
 49
-0.508
 74
0
  0
LTYPE
  5
3C
330
2
100
AcDbSymbolTableRecord
100
AcDbLinetypeTableRecord
  2
DOTX2
 70
0
  3
Dot (2x) .    .    .    .    .    .    .    . 
 72
65
 73
2
 40
1.016
 49
0.0
 74
0
 49
-1.016
 74
0
  0
LTYPE
  5
3D
330
2
100
AcDbSymbolTableRecord
100
AcDbLinetypeTableRecord
  2
DOT2
 70
0
  3
Dot (.5) . . . . . . . . . . . . . . . . . . . 
 72
65
 73
2
 40
0.254
 49
0.0
 74
0
 49
-0.254
 74
0
  0
LTYPE
  5
3E
330
2
100
AcDbSymbolTableRecord
100
AcDbLinetypeTableRecord
  2
DIVIDE
 70
0
  3
Divide __ . . __ . . __ . . __ . . __ . . __
 72
65
 73
6
 40
4.064
 49
2.54
 74
0
 49
-0.508
 74
0
 49
0.0
 74
0
 49
-0.508
 74
0
 49
0.0
 74
0
 49
-0.508
 74
0
  0
LTYPE
  5
3F
330
2
100
AcDbSymbolTableRecord
100
AcDbLinetypeTableRecord
  2
DIVIDEX2
 70
0
  3
Divide (2x) ____  . .  ____  . .  ____  . .  ____
 72
65
 73
6
 40
6.604
 49
5.08
 74
0
 49
-0.508
 74
0
 49
0.0
 74
0
 49
-0.508
 74
0
 49
0.0
 74
0
 49
-0.508
 74
0
  0
LTYPE
  5
40
330
2
100
AcDbSymbolTableRecord
100
AcDbLinetypeTableRecord
  2
DIVIDE2
 70
0
  3
Divide(.5x) _ . _ . _ . _ . _ . _ . _ . _
 72
65
 73
6
 40
2.032
 49
1.27
 74
0
 49
-0.254
 74
0
 49
0.0
 74
0
 49
-0.254
 74
0
 49
0.0
 74
0
 49
-0.254
 74
0
  0
ENDTAB
  0
TABLE
  2
LAYER
  5
1
330
0
100
AcDbSymbolTable
 70
69
  0
LAYER
  5
27
330
1
100
AcDbSymbolTableRecord
100
AcDbLayerTableRecord
  2
0
 70
0
 62
7
  6
Continuous
370
-3
390
13
347
21
  0
LAYER
  5
28
330
1
100
AcDbSymbolTableRecord
100
AcDbLayerTableRecord
  2
Defpoints
 70
0
 62
7
  6
Continuous
290
0
370
-3
390
13
347
21
  0
LAYER
  5
8A
330
1
100
AcDbSymbolTableRecord
100
AcDbLayerTableRecord
  2
S-CONCRETE
 70
0
 62
7
  6
Continuous
370
-3
390
13
347
21
1001
AcAecLayerStandard
1000

1000
Structural concrete outlines (cut)
  0
LAYER
  5
8C
330
1
100
AcDbSymbolTableRecord
100
AcDbLayerTableRecord
  2
S-CONCRETE-THIN
 70
0
 62
7
  6
Continuous
370
-3
390
13
347
21
1001
AcAecLayerStandard
1000

1000
Concrete beyond the cut plane
  0
LAYER
  5
8D
330
1
100
AcDbSymbolTableRecord
100
AcDbLayerTableRecord
  2
S-HIDDEN
 70
0
 62
8
  6
Continuous
370
-3
390
13
347
21
1001
AcAecLayerStandard
1000

1000
Concrete / features beyond, hidden
  0
LAYER
  5
8E
330
1
100
AcDbSymbolTableRecord
100
AcDbLayerTableRecord
  2
S-REBAR-MAIN
 70
0
 62
1
  6
Continuous
370
-3
390
13
347
21
1001
AcAecLayerStandard
1000

1000
Main reinforcement
  0
LAYER
  5
8F
330
1
100
AcDbSymbolTableRecord
100
AcDbLayerTableRecord
  2
S-REBAR-DIST
 70
0
 62
3
  6
Continuous
370
-3
390
13
347
21
1001
AcAecLayerStandard
1000

1000
Distribution reinforcement
  0
LAYER
  5
90
330
1
100
AcDbSymbolTableRecord
100
AcDbLayerTableRecord
  2
S-REBAR-STIRRUP
 70
0
 62
6
  6
Continuous
370
-3
390
13
347
21
1001
AcAecLayerStandard
1000

1000
Links and stirrups
  0
LAYER
  5
91
330
1
100
AcDbSymbolTableRecord
100
AcDbLayerTableRecord
  2
S-REBAR-TIE
 70
0
 62
6
  6
Continuous
370
-3
390
13
347
21
1001
AcAecLayerStandard
1000

1000
Ties, cross-ties, starters
  0
LAYER
  5
92
330
1
100
AcDbSymbolTableRecord
100
AcDbLayerTableRecord
  2
S-REBAR-SEC
 70
0
 62
4
  6
Continuous
370
-3
390
13
347
21
1001
AcAecLayerStandard
1000

1000
Trimmers, secondary and additional bars
  0
LAYER
  5
93
330
1
100
AcDbSymbolTableRecord
100
AcDbLayerTableRecord
  2
S-DIM
 70
0
 62
4
  6
Continuous
370
-3
390
13
347
21
1001
AcAecLayerStandard
1000

1000
Dimensions
  0
LAYER
  5
94
330
1
100
AcDbSymbolTableRecord
100
AcDbLayerTableRecord
  2
S-TEXT
 70
0
 62
7
  6
Continuous
370
-3
390
13
347
21
1001
AcAecLayerStandard
1000

1000
General annotation
  0
LAYER
  5
95
330
1
100
AcDbSymbolTableRecord
100
AcDbLayerTableRecord
  2
S-NOTE
 70
0
 62
7
  6
Continuous
370
-3
390
13
347
21
1001
AcAecLayerStandard
1000

1000
Note panels
  0
LAYER
  5
96
330
1
100
AcDbSymbolTableRecord
100
AcDbLayerTableRecord
  2
S-CALLOUT
 70
0
 62
2
  6
Continuous
370
-3
390
13
347
21
1001
AcAecLayerStandard
1000

1000
Bar-mark balloons and leaders
  0
LAYER
  5
97
330
1
100
AcDbSymbolTableRecord
100
AcDbLayerTableRecord
  2
S-SECTION
 70
0
 62
1
  6
Continuous
370
-3
390
13
347
21
1001
AcAecLayerStandard
1000

1000
Section and detail markers
  0
LAYER
  5
98
330
1
100
AcDbSymbolTableRecord
100
AcDbLayerTableRecord
  2
S-GRID
 70
0
 62
5
  6
Continuous
370
-3
390
13
347
21
1001
AcAecLayerStandard
1000

1000
Grid lines and bubbles
  0
LAYER
  5
99
330
1
100
AcDbSymbolTableRecord
100
AcDbLayerTableRecord
  2
S-CENTER
 70
0
 62
6
  6
Continuous
370
-3
390
13
347
21
1001
AcAecLayerStandard
1000

1000
Centrelines
  0
LAYER
  5
9A
330
1
100
AcDbSymbolTableRecord
100
AcDbLayerTableRecord
  2
S-HATCH
 70
0
 62
8
  6
Continuous
370
-3
390
13
347
21
1001
AcAecLayerStandard
1000

1000
Section hatch
  0
LAYER
  5
9B
330
1
100
AcDbSymbolTableRecord
100
AcDbLayerTableRecord
  2
S-TITLE
 70
0
 62
7
  6
Continuous
370
-3
390
13
347
21
1001
AcAecLayerStandard
1000

1000
Border, title block, view titles
  0
LAYER
  5
9C
330
1
100
AcDbSymbolTableRecord
100
AcDbLayerTableRecord
  2
S-EXISTING
 70
0
 62
8
  6
Continuous
370
-3
390
13
347
21
1001
AcAecLayerStandard
1000

1000
Soil, rock, berm, cover layers
  0
LAYER
  5
9D
330
1
100
AcDbSymbolTableRecord
100
AcDbLayerTableRecord
  2
S-REFERENCE
 70
0
 62
8
  6
Continuous
370
-3
390
13
347
21
1001
AcAecLayerStandard
1000

1000
Reference geometry, extents
  0
LAYER
  5
9E
330
1
100
AcDbSymbolTableRecord
100
AcDbLayerTableRecord
  2
S-WATERPROOF
 70
0
 62
30
  6
Continuous
370
-3
390
13
347
21
1001
AcAecLayerStandard
1000

1000
Membranes, waterstops, GWT
  0
LAYER
  5
9F
330
1
100
AcDbSymbolTableRecord
100
AcDbLayerTableRecord
  2
S-STEELWORK
 70
0
 62
2
  6
Continuous
370
-3
390
13
347
21
1001
AcAecLayerStandard
1000

1000
Cast-in frames, EMP straps, steel items
  0
LAYER
  5
A0
330
1
100
AcDbSymbolTableRecord
100
AcDbLayerTableRecord
  2
S-LEVEL
 70
0
 62
4
  6
Continuous
370
-3
390
13
347
21
1001
AcAecLayerStandard
1000

1000
Level markers
  0
LAYER
  5
A1
330
1
100
AcDbSymbolTableRecord
100
AcDbLayerTableRecord
  2
S-TABLE
 70
0
 62
7
  6
Continuous
370
-3
390
13
347
21
1001
AcAecLayerStandard
1000

1000
Tables and schedules
  0
LAYER
  5
A2
330
1
100
AcDbSymbolTableRecord
100
AcDbLayerTableRecord
  2
S-BLAST
 70
0
 62
1
  6
Continuous
370
-3
390
13
347
21
1001
AcAecLayerStandard
1000

1000
Blast arrows, findings, warnings
  0
LAYER
  5
B9
330
1
100
AcDbSymbolTableRecord
100
AcDbLayerTableRecord
  2
M-ARCH
 70
0
 62
8
  6
Continuous
370
-3
390
13
347
21
1001
AcAecLayerStandard
1000

1000
Architectural background, walls and slabs
  0
LAYER
  5
BA
330
1
100
AcDbSymbolTableRecord
100
AcDbLayerTableRecord
  2
M-ARCH-HIDDEN
 70
0
 62
8
  6
Continuous
370
-3
390
13
347
21
1001
AcAecLayerStandard
1000

1000
Structure and features beyond
  0
LAYER
  5
BB
330
1
100
AcDbSymbolTableRecord
100
AcDbLayerTableRecord
  2
M-STRUCT
 70
0
 62
7
  6
Continuous
370
-3
390
13
347
21
1001
AcAecLayerStandard
1000

1000
Structure cut by the view
  0
LAYER
  5
BC
330
1
100
AcDbSymbolTableRecord
100
AcDbLayerTableRecord
  2
M-GRID
 70
0
 62
5
  6
Continuous
370
-3
390
13
347
21
1001
AcAecLayerStandard
1000

1000
Grid and bay reference lines
  0
LAYER
  5
BD
330
1
100
AcDbSymbolTableRecord
100
AcDbLayerTableRecord
  2
P-DRAIN-SOIL
 70
0
 62
1
  6
Continuous
370
-3
390
13
347
21
1001
AcAecLayerStandard
1000

1000
Soil drainage - foul
  0
LAYER
  5
BE
330
1
100
AcDbSymbolTableRecord
100
AcDbLayerTableRecord
  2
P-DRAIN-WASTE
 70
0
 62
3
  6
Continuous
370
-3
390
13
347
21
1001
AcAecLayerStandard
1000

1000
Waste drainage - wastewater
  0
LAYER
  5
BF
330
1
100
AcDbSymbolTableRecord
100
AcDbLayerTableRecord
  2
P-DRAIN-STORM
 70
0
 62
5
  6
Continuous
370
-3
390
13
347
21
1001
AcAecLayerStandard
1000

1000
Storm and surface water
  0
LAYER
  5
C0
330
1
100
AcDbSymbolTableRecord
100
AcDbLayerTableRecord
  2
P-DRAIN-SEEP
 70
0
 62
4
  6
Continuous
370
-3
390
13
347
21
1001
AcAecLayerStandard
1000

1000
Groundwater, seepage and subsoil drainage
  0
LAYER
  5
C1
330
1
100
AcDbSymbolTableRecord
100
AcDbLayerTableRecord
  2
P-DRAIN-EFF
 70
0
 62
6
  6
Continuous
370
-3
390
13
347
21
1001
AcAecLayerStandard
1000

1000
Decon effluent - contaminated, segregated
  0
LAYER
  5
C2
330
1
100
AcDbSymbolTableRecord
100
AcDbLayerTableRecord
  2
P-DRAIN-RISING
 70
0
 62
2
  6
Continuous
370
-3
390
13
347
21
1001
AcAecLayerStandard
1000

1000
Pumped rising main
  0
LAYER
  5
C3
330
1
100
AcDbSymbolTableRecord
100
AcDbLayerTableRecord
  2
P-DRAIN-VENT
 70
0
 62
8
  6
Continuous
370
-3
390
13
347
21
1001
AcAecLayerStandard
1000

1000
Drainage ventilation
  0
LAYER
  5
C4
330
1
100
AcDbSymbolTableRecord
100
AcDbLayerTableRecord
  2
P-EQUIP
 70
0
 62
2
  6
Continuous
370
-3
390
13
347
21
1001
AcAecLayerStandard
1000

1000
Pumps, tanks, chambers, plant
  0
LAYER
  5
C5
330
1
100
AcDbSymbolTableRecord
100
AcDbLayerTableRecord
  2
P-FLOW
 70
0
 62
1
  6
Continuous
370
-3
390
13
347
21
1001
AcAecLayerStandard
1000

1000
Flow arrows and direction
  0
LAYER
  5
C6
330
1
100
AcDbSymbolTableRecord
100
AcDbLayerTableRecord
  2
M-DUCT-SUPPLY
 70
0
 62
5
  6
Continuous
370
-3
390
13
347
21
1001
AcAecLayerStandard
1000

1000
Supply air ductwork
  0
LAYER
  5
C7
330
1
100
AcDbSymbolTableRecord
100
AcDbLayerTableRecord
  2
M-DUCT-RETURN
 70
0
 62
3
  6
Continuous
370
-3
390
13
347
21
1001
AcAecLayerStandard
1000

1000
Return air ductwork
  0
LAYER
  5
C8
330
1
100
AcDbSymbolTableRecord
100
AcDbLayerTableRecord
  2
M-DUCT-FRESH
 70
0
 62
4
  6
Continuous
370
-3
390
13
347
21
1001
AcAecLayerStandard
1000

1000
Fresh air ductwork
  0
LAYER
  5
C9
330
1
100
AcDbSymbolTableRecord
100
AcDbLayerTableRecord
  2
M-DUCT-EXH
 70
0
 62
1
  6
Continuous
370
-3
390
13
347
21
1001
AcAecLayerStandard
1000

1000
Exhaust air ductwork
  0
LAYER
  5
CA
330
1
100
AcDbSymbolTableRecord
100
AcDbLayerTableRecord
  2
M-DUCT-CL
 70
0
 62
8
  6
Continuous
370
-3
390
13
347
21
1001
AcAecLayerStandard
1000

1000
Duct centrelines
  0
LAYER
  5
CB
330
1
100
AcDbSymbolTableRecord
100
AcDbLayerTableRecord
  2
M-TERMINAL
 70
0
 62
2
  6
Continuous
370
-3
390
13
347
21
1001
AcAecLayerStandard
1000

1000
Diffusers, grilles and terminals
  0
LAYER
  5
CC
330
1
100
AcDbSymbolTableRecord
100
AcDbLayerTableRecord
  2
M-EQUIP
 70
0
 62
2
  6
Continuous
370
-3
390
13
347
21
1001
AcAecLayerStandard
1000

1000
HVAC plant and equipment
  0
LAYER
  5
CD
330
1
100
AcDbSymbolTableRecord
100
AcDbLayerTableRecord
  2
M-DAMPER
 70
0
 62
6
  6
Continuous
370
-3
390
13
347
21
1001
AcAecLayerStandard
1000

1000
Dampers, valves and isolation devices
  0
LAYER
  5
CE
330
1
100
AcDbSymbolTableRecord
100
AcDbLayerTableRecord
  2
M-AIRFLOW
 70
0
 62
1
  6
Continuous
370
-3
390
13
347
21
1001
AcAecLayerStandard
1000

1000
Airflow arrows and quantities
  0
LAYER
  5
CF
330
1
100
AcDbSymbolTableRecord
100
AcDbLayerTableRecord
  2
A-FIN-FLOOR
 70
0
 62
4
  6
Continuous
370
-3
390
13
347
21
1001
AcAecLayerStandard
1000

1000
Floor finish zones and tags
  0
LAYER
  5
D0
330
1
100
AcDbSymbolTableRecord
100
AcDbLayerTableRecord
  2
A-FIN-WALL
 70
0
 62
3
  6
Continuous
370
-3
390
13
347
21
1001
AcAecLayerStandard
1000

1000
Wall finish zones and tags
  0
LAYER
  5
D1
330
1
100
AcDbSymbolTableRecord
100
AcDbLayerTableRecord
  2
A-FIN-CEIL
 70
0
 62
5
  6
Continuous
370
-3
390
13
347
21
1001
AcAecLayerStandard
1000

1000
Ceiling and soffit finish tags
  0
LAYER
  5
D2
330
1
100
AcDbSymbolTableRecord
100
AcDbLayerTableRecord
  2
A-FIN-WET
 70
0
 62
30
  6
Continuous
370
-3
390
13
347
21
1001
AcAecLayerStandard
1000

1000
Wet areas, tanking and falls
  0
LAYER
  5
D3
330
1
100
AcDbSymbolTableRecord
100
AcDbLayerTableRecord
  2
A-FIN-TAG
 70
0
 62
7
  6
Continuous
370
-3
390
13
347
21
1001
AcAecLayerStandard
1000

1000
Finish tag boxes and leaders
  0
LAYER
  5
D4
330
1
100
AcDbSymbolTableRecord
100
AcDbLayerTableRecord
  2
M-WATERPROOF
 70
0
 62
30
  6
Continuous
370
-3
390
13
347
21
1001
AcAecLayerStandard
1000

1000
Membranes, waterstops, tanking
  0
LAYER
  5
D5
330
1
100
AcDbSymbolTableRecord
100
AcDbLayerTableRecord
  2
M-LEVEL
 70
0
 62
4
  6
Continuous
370
-3
390
13
347
21
1001
AcAecLayerStandard
1000

1000
Level and invert markers
  0
LAYER
  5
D6
330
1
100
AcDbSymbolTableRecord
100
AcDbLayerTableRecord
  2
M-DIM
 70
0
 62
4
  6
Continuous
370
-3
390
13
347
21
1001
AcAecLayerStandard
1000

1000
Dimensions
  0
LAYER
  5
D7
330
1
100
AcDbSymbolTableRecord
100
AcDbLayerTableRecord
  2
M-TEXT
 70
0
 62
7
  6
Continuous
370
-3
390
13
347
21
1001
AcAecLayerStandard
1000

1000
General annotation
  0
LAYER
  5
D8
330
1
100
AcDbSymbolTableRecord
100
AcDbLayerTableRecord
  2
M-NOTE
 70
0
 62
7
  6
Continuous
370
-3
390
13
347
21
1001
AcAecLayerStandard
1000

1000
Note panels
  0
LAYER
  5
D9
330
1
100
AcDbSymbolTableRecord
100
AcDbLayerTableRecord
  2
M-TABLE
 70
0
 62
7
  6
Continuous
370
-3
390
13
347
21
1001
AcAecLayerStandard
1000

1000
Tables and schedules
  0
LAYER
  5
DA
330
1
100
AcDbSymbolTableRecord
100
AcDbLayerTableRecord
  2
M-CALLOUT
 70
0
 62
2
  6
Continuous
370
-3
390
13
347
21
1001
AcAecLayerStandard
1000

1000
Tags, balloons and leaders
  0
LAYER
  5
DB
330
1
100
AcDbSymbolTableRecord
100
AcDbLayerTableRecord
  2
M-SECTION
 70
0
 62
1
  6
Continuous
370
-3
390
13
347
21
1001
AcAecLayerStandard
1000

1000
Section and detail markers
  0
LAYER
  5
DC
330
1
100
AcDbSymbolTableRecord
100
AcDbLayerTableRecord
  2
M-TITLE
 70
0
 62
7
  6
Continuous
370
-3
390
13
347
21
1001
AcAecLayerStandard
1000

1000
Border, title block, view titles
  0
LAYER
  5
DD
330
1
100
AcDbSymbolTableRecord
100
AcDbLayerTableRecord
  2
M-HATCH
 70
0
 62
8
  6
Continuous
370
-3
390
13
347
21
1001
AcAecLayerStandard
1000

1000
Hatching
  0
LAYER
  5
DE
330
1
100
AcDbSymbolTableRecord
100
AcDbLayerTableRecord
  2
M-EXISTING
 70
0
 62
8
  6
Continuous
370
-3
390
13
347
21
1001
AcAecLayerStandard
1000

1000
Soil, rock, berm, cover
  0
LAYER
  5
DF
330
1
100
AcDbSymbolTableRecord
100
AcDbLayerTableRecord
  2
M-FLAG
 70
0
 62
1
  6
Continuous
370
-3
390
13
347
21
1001
AcAecLayerStandard
1000

1000
Open items, data-required flags, warnings
  0
LAYER
  5
120
330
1
100
AcDbSymbolTableRecord
100
AcDbLayerTableRecord
  2
F-ESCAPE
 70
0
 62
3
  6
Continuous
370
-3
390
13
347
21
1001
AcAecLayerStandard
1000

1000
Escape route - primary, direction of travel
  0
LAYER
  5
121
330
1
100
AcDbSymbolTableRecord
100
AcDbLayerTableRecord
  2
F-SHAFT
 70
0
 62
4
  6
Continuous
370
-3
390
13
347
21
1001
AcAecLayerStandard
1000

1000
Escape shaft route - secondary
  0
LAYER
  5
122
330
1
100
AcDbSymbolTableRecord
100
AcDbLayerTableRecord
  2
F-BARRIER
 70
0
 62
1
  6
Continuous
370
-3
390
13
347
21
1001
AcAecLayerStandard
1000

1000
Fire barrier - the blast doors, the only real ones
  0
LAYER
  5
123
330
1
100
AcDbSymbolTableRecord
100
AcDbLayerTableRecord
  2
F-GAP
 70
0
 62
1
  6
Continuous
370
-3
390
13
347
21
1001
AcAecLayerStandard
1000

1000
Route crosses something that does not exist
  0
ENDTAB
  0
TABLE
  2
STYLE
  5
5
330
0
100
AcDbSymbolTable
 70
26
  0
STYLE
  5
29
330
5
100
AcDbSymbolTableRecord
100
AcDbTextStyleTableRecord
  2
Standard
 70
0
 40
0.0
 41
1.0
 50
0.0
 71
0
 42
2.5
  3
txt
  4

  0
STYLE
  5
41
330
5
100
AcDbSymbolTableRecord
100
AcDbTextStyleTableRecord
  2
OpenSans-Light
 70
0
 40
0.0
 41
1.0
 50
0.0
 71
0
 42
2.5
  3
OpenSans-Light.ttf
  4

  0
STYLE
  5
42
330
5
100
AcDbSymbolTableRecord
100
AcDbTextStyleTableRecord
  2
OpenSans-Light-Italic
 70
0
 40
0.0
 41
1.0
 50
0.0
 71
0
 42
2.5
  3
OpenSans-LightItalic.ttf
  4

  0
STYLE
  5
43
330
5
100
AcDbSymbolTableRecord
100
AcDbTextStyleTableRecord
  2
OpenSans
 70
0
 40
0.0
 41
1.0
 50
0.0
 71
0
 42
2.5
  3
OpenSans-Regular.ttf
  4

  0
STYLE
  5
44
330
5
100
AcDbSymbolTableRecord
100
AcDbTextStyleTableRecord
  2
OpenSans-Italic
 70
0
 40
0.0
 41
1.0
 50
0.0
 71
0
 42
2.5
  3
OpenSans-Italic.ttf
  4

  0
STYLE
  5
45
330
5
100
AcDbSymbolTableRecord
100
AcDbTextStyleTableRecord
  2
OpenSans-SemiBold
 70
0
 40
0.0
 41
1.0
 50
0.0
 71
0
 42
2.5
  3
OpenSans-SemiBold.ttf
  4

  0
STYLE
  5
46
330
5
100
AcDbSymbolTableRecord
100
AcDbTextStyleTableRecord
  2
OpenSans-SemiBoldItalic
 70
0
 40
0.0
 41
1.0
 50
0.0
 71
0
 42
2.5
  3
OpenSans-SemiBoldItalic.ttf
  4

  0
STYLE
  5
47
330
5
100
AcDbSymbolTableRecord
100
AcDbTextStyleTableRecord
  2
OpenSans-Bold
 70
0
 40
0.0
 41
1.0
 50
0.0
 71
0
 42
2.5
  3
OpenSans-Bold.ttf
  4

  0
STYLE
  5
48
330
5
100
AcDbSymbolTableRecord
100
AcDbTextStyleTableRecord
  2
OpenSans-BoldItalic
 70
0
 40
0.0
 41
1.0
 50
0.0
 71
0
 42
2.5
  3
OpenSans-BoldItalic.ttf
  4

  0
STYLE
  5
49
330
5
100
AcDbSymbolTableRecord
100
AcDbTextStyleTableRecord
  2
OpenSans-ExtraBold
 70
0
 40
0.0
 41
1.0
 50
0.0
 71
0
 42
2.5
  3
OpenSans-ExtraBold.ttf
  4

  0
STYLE
  5
4A
330
5
100
AcDbSymbolTableRecord
100
AcDbTextStyleTableRecord
  2
OpenSans-ExtraBoldItalic
 70
0
 40
0.0
 41
1.0
 50
0.0
 71
0
 42
2.5
  3
OpenSans-ExtraBoldItalic.ttf
  4

  0
STYLE
  5
4B
330
5
100
AcDbSymbolTableRecord
100
AcDbTextStyleTableRecord
  2
OpenSansCondensed-Bold
 70
0
 40
0.0
 41
1.0
 50
0.0
 71
0
 42
2.5
  3
OpenSansCondensed-Bold.ttf
  4

  0
STYLE
  5
4C
330
5
100
AcDbSymbolTableRecord
100
AcDbTextStyleTableRecord
  2
OpenSansCondensed-Light
 70
0
 40
0.0
 41
1.0
 50
0.0
 71
0
 42
2.5
  3
OpenSansCondensed-Light.ttf
  4

  0
STYLE
  5
4D
330
5
100
AcDbSymbolTableRecord
100
AcDbTextStyleTableRecord
  2
OpenSansCondensed-Italic
 70
0
 40
0.0
 41
1.0
 50
0.0
 71
0
 42
2.5
  3
OpenSansCondensed-LightItalic.ttf
  4

  0
STYLE
  5
4E
330
5
100
AcDbSymbolTableRecord
100
AcDbTextStyleTableRecord
  2
LiberationSans
 70
0
 40
0.0
 41
1.0
 50
0.0
 71
0
 42
2.5
  3
LiberationSans-Regular.ttf
  4

  0
STYLE
  5
4F
330
5
100
AcDbSymbolTableRecord
100
AcDbTextStyleTableRecord
  2
LiberationSans-Bold
 70
0
 40
0.0
 41
1.0
 50
0.0
 71
0
 42
2.5
  3
LiberationSans-Bold.ttf
  4

  0
STYLE
  5
50
330
5
100
AcDbSymbolTableRecord
100
AcDbTextStyleTableRecord
  2
LiberationSans-BoldItalic
 70
0
 40
0.0
 41
1.0
 50
0.0
 71
0
 42
2.5
  3
LiberationSans-BoldItalic.ttf
  4

  0
STYLE
  5
51
330
5
100
AcDbSymbolTableRecord
100
AcDbTextStyleTableRecord
  2
LiberationSans-Italic
 70
0
 40
0.0
 41
1.0
 50
0.0
 71
0
 42
2.5
  3
LiberationSans-Italic.ttf
  4

  0
STYLE
  5
52
330
5
100
AcDbSymbolTableRecord
100
AcDbTextStyleTableRecord
  2
LiberationSerif
 70
0
 40
0.0
 41
1.0
 50
0.0
 71
0
 42
2.5
  3
LiberationSerif-Regular.ttf
  4

  0
STYLE
  5
53
330
5
100
AcDbSymbolTableRecord
100
AcDbTextStyleTableRecord
  2
LiberationSerif-Bold
 70
0
 40
0.0
 41
1.0
 50
0.0
 71
0
 42
2.5
  3
LiberationSerif-Bold.ttf
  4

  0
STYLE
  5
54
330
5
100
AcDbSymbolTableRecord
100
AcDbTextStyleTableRecord
  2
LiberationSerif-BoldItalic
 70
0
 40
0.0
 41
1.0
 50
0.0
 71
0
 42
2.5
  3
LiberationSerif-BoldItalic.ttf
  4

  0
STYLE
  5
55
330
5
100
AcDbSymbolTableRecord
100
AcDbTextStyleTableRecord
  2
LiberationSerif-Italic
 70
0
 40
0.0
 41
1.0
 50
0.0
 71
0
 42
2.5
  3
LiberationSerif-Italic.ttf
  4

  0
STYLE
  5
56
330
5
100
AcDbSymbolTableRecord
100
AcDbTextStyleTableRecord
  2
LiberationMono
 70
0
 40
0.0
 41
1.0
 50
0.0
 71
0
 42
2.5
  3
LiberationMono-Regular.ttf
  4

  0
STYLE
  5
57
330
5
100
AcDbSymbolTableRecord
100
AcDbTextStyleTableRecord
  2
LiberationMono-Bold
 70
0
 40
0.0
 41
1.0
 50
0.0
 71
0
 42
2.5
  3
LiberationMono-Bold.ttf
  4

  0
STYLE
  5
58
330
5
100
AcDbSymbolTableRecord
100
AcDbTextStyleTableRecord
  2
LiberationMono-BoldItalic
 70
0
 40
0.0
 41
1.0
 50
0.0
 71
0
 42
2.5
  3
LiberationMono-BoldItalic.ttf
  4

  0
STYLE
  5
59
330
5
100
AcDbSymbolTableRecord
100
AcDbTextStyleTableRecord
  2
LiberationMono-Italic
 70
0
 40
0.0
 41
1.0
 50
0.0
 71
0
 42
2.5
  3
LiberationMono-Italic.ttf
  4

  0
ENDTAB
  0
TABLE
  2
VIEW
  5
7
330
0
100
AcDbSymbolTable
 70
0
  0
ENDTAB
  0
TABLE
  2
UCS
  5
6
330
0
100
AcDbSymbolTable
 70
0
  0
ENDTAB
  0
TABLE
  2
APPID
  5
3
330
0
100
AcDbSymbolTable
 70
4
  0
APPID
  5
2A
330
3
100
AcDbSymbolTableRecord
100
AcDbRegAppTableRecord
  2
ACAD
 70
0
  0
APPID
  5
8B
330
3
100
AcDbSymbolTableRecord
100
AcDbRegAppTableRecord
  2
AcAecLayerStandard
 70
0
  0
APPID
  5
596
330
3
100
AcDbSymbolTableRecord
100
AcDbRegAppTableRecord
  2
HATCHBACKGROUNDCOLOR
 70
0
  0
APPID
  5
597
330
3
100
AcDbSymbolTableRecord
100
AcDbRegAppTableRecord
  2
EZDXF
 70
0
  0
ENDTAB
  0
TABLE
  2
DIMSTYLE
  5
4
330
0
100
AcDbSymbolTable
 70
14
100
AcDbDimStyleTable
  0
DIMSTYLE
105
2B
330
4
100
AcDbSymbolTableRecord
100
AcDbDimStyleTableRecord
  2
Standard
 70
0
 40
1.0
 41
2.5
 42
0.625
 43
3.75
 44
1.25
 45
0.0
 46
0.0
 47
0.0
 48
0.0
 49
2.5
140
2.5
141
2.5
142
0.0
143
0.03937007874
144
1.0
145
0.0
146
1.0
147
0.625
148
0.0
 69
0
 70
0
 71
0
 72
0
 73
0
 74
0
 75
0
 76
0
 77
1
 78
8
 79
3
170
0
171
3
172
1
173
0
174
0
175
0
176
0
177
0
178
0
179
2
271
2
272
2
273
2
274
3
275
0
276
0
277
2
278
44
279
0
280
0
281
0
282
0
283
0
284
8
285
0
286
0
288
0
289
3
290
0
371
-2
372
-2
  0
DIMSTYLE
105
73
330
4
100
AcDbSymbolTableRecord
100
AcDbDimStyleTableRecord
  2
EZDXF
 70
0
 40
1.0
 41
0.175
 42
0.125
 43
3.75
 44
0.375
 45
0.0
 46
0.0
 47
0.0
 48
0.0
 49
2.5
140
0.25
141
2.5
142
0.0
143
0.03937007874
144
100.0
145
0.0
146
0.5
147
0.1
148
0.0
 69
0
 70
0
 71
0
 72
0
 73
0
 74
0
 75
0
 76
0
 77
1
 78
12
 79
3
170
0
171
3
172
1
173
0
174
0
175
0
176
0
177
0
178
0
179
2
271
2
272
2
273
2
274
3
275
0
276
0
277
2
278
46
279
2
280
0
281
0
282
0
283
0
284
8
285
0
286
0
288
1
289
3
290
0
340
4C
342
74
371
-2
372
-2
  0
DIMSTYLE
105
7C
330
4
100
AcDbSymbolTableRecord
100
AcDbDimStyleTableRecord
  2
EZ_M_100_H25_CM
 70
0
 40
1.0
 41
0.25
 42
0.125
 43
3.75
 44
0.375
 45
0.0
 46
0.0
 47
0.0
 48
0.0
 49
2.5
140
0.25
141
2.5
142
0.125
143
0.03937007874
144
100.0
145
0.0
146
0.5
147
0.1
148
0.0
 69
0
 70
0
 71
0
 72
0
 73
0
 74
0
 75
0
 76
0
 77
1
 78
12
 79
3
170
0
171
3
172
1
173
0
174
0
175
0
176
0
177
0
178
0
179
2
271
2
272
2
273
2
274
3
275
0
276
0
277
2
278
46
279
2
280
0
281
0
282
0
283
0
284
8
285
0
286
0
288
1
289
3
290
0
340
4C
371
-2
372
-2
  0
DIMSTYLE
105
7D
330
4
100
AcDbSymbolTableRecord
100
AcDbDimStyleTableRecord
  2
EZ_M_50_H25_CM
 70
0
 40
1.0
 41
0.125
 42
0.0625
 43
3.75
 44
0.1875
 45
0.0
 46
0.0
 47
0.0
 48
0.0
 49
2.5
140
0.125
141
2.5
142
0.0625
143
0.03937007874
144
100.0
145
0.0
146
0.5
147
0.05
148
0.0
 69
0
 70
0
 71
0
 72
0
 73
0
 74
0
 75
0
 76
0
 77
1
 78
12
 79
3
170
0
171
3
172
1
173
0
174
0
175
0
176
0
177
0
178
0
179
2
271
2
272
2
273
2
274
3
275
0
276
0
277
2
278
46
279
2
280
0
281
0
282
0
283
0
284
8
285
0
286
0
288
1
289
3
290
0
340
4C
371
-2
372
-2
  0
DIMSTYLE
105
7E
330
4
100
AcDbSymbolTableRecord
100
AcDbDimStyleTableRecord
  2
EZ_M_25_H25_CM
 70
0
 40
1.0
 41
0.0625
 42
0.03125
 43
3.75
 44
0.09375
 45
0.0
 46
0.0
 47
0.0
 48
0.0
 49
2.5
140
0.0625
141
2.5
142
0.03125
143
0.03937007874
144
100.0
145
0.0
146
0.5
147
0.025
148
0.0
 69
0
 70
0
 71
0
 72
0
 73
0
 74
0
 75
0
 76
0
 77
1
 78
12
 79
3
170
0
171
3
172
1
173
0
174
0
175
0
176
0
177
0
178
0
179
2
271
2
272
2
273
2
274
3
275
0
276
0
277
2
278
46
279
2
280
0
281
0
282
0
283
0
284
8
285
0
286
0
288
1
289
3
290
0
340
4C
371
-2
372
-2
  0
DIMSTYLE
105
7F
330
4
100
AcDbSymbolTableRecord
100
AcDbDimStyleTableRecord
  2
EZ_M_20_H25_CM
 70
0
 40
1.0
 41
0.05
 42
0.025
 43
3.75
 44
0.07500000000000001
 45
0.0
 46
0.0
 47
0.0
 48
0.0
 49
2.5
140
0.05
141
2.5
142
0.025
143
0.03937007874
144
100.0
145
0.0
146
0.5
147
0.020000000000000004
148
0.0
 69
0
 70
0
 71
0
 72
0
 73
0
 74
0
 75
0
 76
0
 77
1
 78
12
 79
3
170
0
171
3
172
1
173
0
174
0
175
0
176
0
177
0
178
0
179
2
271
2
272
2
273
2
274
3
275
0
276
0
277
2
278
46
279
2
280
0
281
0
282
0
283
0
284
8
285
0
286
0
288
1
289
3
290
0
340
4C
371
-2
372
-2
  0
DIMSTYLE
105
80
330
4
100
AcDbSymbolTableRecord
100
AcDbDimStyleTableRecord
  2
EZ_M_10_H25_CM
 70
0
 40
1.0
 41
0.025
 42
0.0125
 43
3.75
 44
0.037500000000000006
 45
0.0
 46
0.0
 47
0.0
 48
0.0
 49
2.5
140
0.025
141
2.5
142
0.0125
143
0.03937007874
144
100.0
145
0.0
146
0.5
147
0.010000000000000002
148
0.0
 69
0
 70
0
 71
0
 72
0
 73
0
 74
0
 75
0
 76
0
 77
1
 78
12
 79
3
170
0
171
3
172
1
173
0
174
0
175
0
176
0
177
0
178
0
179
2
271
2
272
2
273
2
274
3
275
0
276
0
277
2
278
46
279
2
280
0
281
0
282
0
283
0
284
8
285
0
286
0
288
1
289
3
290
0
340
4C
371
-2
372
-2
  0
DIMSTYLE
105
81
330
4
100
AcDbSymbolTableRecord
100
AcDbDimStyleTableRecord
  2
EZ_M_5_H25_CM
 70
0
 40
1.0
 41
0.0125
 42
0.00625
 43
3.75
 44
0.018750000000000003
 45
0.0
 46
0.0
 47
0.0
 48
0.0
 49
2.5
140
0.0125
141
2.5
142
0.00625
143
0.03937007874
144
100.0
145
0.0
146
0.5
147
0.005000000000000001
148
0.0
 69
0
 70
0
 71
0
 72
0
 73
0
 74
0
 75
0
 76
0
 77
1
 78
12
 79
3
170
0
171
3
172
1
173
0
174
0
175
0
176
0
177
0
178
0
179
2
271
2
272
2
273
2
274
3
275
0
276
0
277
2
278
46
279
2
280
0
281
0
282
0
283
0
284
8
285
0
286
0
288
1
289
3
290
0
340
4C
371
-2
372
-2
  0
DIMSTYLE
105
82
330
4
100
AcDbSymbolTableRecord
100
AcDbDimStyleTableRecord
  2
EZ_M_1_H25_CM
 70
0
 40
1.0
 41
0.0025
 42
0.00125
 43
3.75
 44
0.00375
 45
0.0
 46
0.0
 47
0.0
 48
0.0
 49
2.5
140
0.0025
141
2.5
142
0.00125
143
0.03937007874
144
100.0
145
0.0
146
0.5
147
0.001
148
0.0
 69
0
 70
0
 71
0
 72
0
 73
0
 74
0
 75
0
 76
0
 77
1
 78
12
 79
3
170
0
171
3
172
1
173
0
174
0
175
0
176
0
177
0
178
0
179
2
271
2
272
2
273
2
274
3
275
0
276
0
277
2
278
46
279
2
280
0
281
0
282
0
283
0
284
8
285
0
286
0
288
1
289
3
290
0
340
4C
371
-2
372
-2
  0
DIMSTYLE
105
83
330
4
100
AcDbSymbolTableRecord
100
AcDbDimStyleTableRecord
  2
EZ_RADIUS
 70
0
 40
1.0
 41
0.25
 42
0.125
 43
3.75
 44
0.375
 45
0.0
 46
0.0
 47
0.0
 48
0.0
 49
2.5
140
0.25
141
0.0
142
0.0
143
0.03937007874
144
100.0
145
0.0
146
0.5
147
0.1
148
0.0
 69
0
 70
0
 71
0
 72
0
 73
0
 74
0
 75
0
 76
0
 77
1
 78
12
 79
3
170
0
171
3
172
0
173
0
174
0
175
0
176
0
177
0
178
0
179
2
271
2
272
2
273
2
274
3
275
0
276
0
277
2
278
46
279
1
280
0
281
0
282
0
283
0
284
8
285
0
286
0
288
1
289
3
290
0
340
4C
342
84
371
-2
372
-2
  0
DIMSTYLE
105
88
330
4
100
AcDbSymbolTableRecord
100
AcDbDimStyleTableRecord
  2
EZ_RADIUS_INSIDE
 70
0
 40
1.0
 41
0.25
 42
0.125
 43
3.75
 44
0.375
 45
0.0
 46
0.0
 47
0.0
 48
0.0
 49
2.5
140
0.25
141
0.0
142
0.0
143
0.03937007874
144
100.0
145
0.0
146
0.5
147
0.1
148
0.0
 69
0
 70
0
 71
0
 72
0
 73
0
 74
0
 75
0
 76
0
 77
0
 78
12
 79
3
170
0
171
3
172
0
173
0
174
1
175
0
176
0
177
0
178
0
179
2
271
2
272
2
273
2
274
3
275
0
276
0
277
2
278
46
279
0
280
0
281
0
282
0
283
0
284
8
285
0
286
0
288
1
289
0
290
0
340
4C
342
84
371
-2
372
-2
  0
DIMSTYLE
105
89
330
4
100
AcDbSymbolTableRecord
100
AcDbDimStyleTableRecord
  2
EZ_CURVED
 70
0
 40
1.0
 41
0.25
 42
0.125
 43
3.75
 44
0.375
 45
0.0
 46
0.0
 47
0.0
 48
0.0
 49
2.5
140
0.25
141
2.5
142
0.0
143
0.03937007874
144
100.0
145
0.0
146
0.5
147
0.1
148
0.0
 69
0
 70
0
 71
0
 72
0
 73
0
 74
0
 75
0
 76
0
 77
1
 78
12
 79
2
 90
2
170
0
171
3
172
1
173
0
174
0
175
0
176
0
177
0
178
0
179
2
271
2
272
2
273
2
274
3
275
0
276
0
277
2
278
46
279
2
280
0
281
0
282
0
283
0
284
8
285
0
286
0
288
1
289
3
290
0
340
4C
371
-2
372
-2
  0
DIMSTYLE
105
A3
330
4
100
AcDbSymbolTableRecord
100
AcDbDimStyleTableRecord
  2
SC-DIM
 70
0
 40
1.0
 41
1.6
 42
1.0
 43
3.75
 44
1.2
 45
0.0
 46
0.0
 47
0.0
 48
0.0
 49
2.5
140
1.8
141
2.5
142
0.0
143
0.03937007874
144
1.0
145
0.0
146
1.0
147
0.8
148
0.0
 69
0
 70
0
 71
0
 72
0
 73
0
 74
0
 75
0
 76
0
 77
1
 78
8
 79
3
170
0
171
3
172
1
173
0
174
0
175
0
176
4
177
4
178
4
179
2
271
0
272
2
273
2
274
3
275
0
276
0
277
2
278
44
279
0
280
0
281
0
282
0
283
0
284
8
285
0
286
0
288
0
289
3
290
0
342
74
371
13
372
13
  0
DIMSTYLE
105
A4
330
4
100
AcDbSymbolTableRecord
100
AcDbDimStyleTableRecord
  2
SC-DIM-S
 70
0
 40
1.0
 41
1.2
 42
1.0
 43
3.75
 44
1.2
 45
0.0
 46
0.0
 47
0.0
 48
0.0
 49
2.5
140
1.4
141
2.5
142
0.0
143
0.03937007874
144
1.0
145
0.0
146
1.0
147
0.8
148
0.0
 69
0
 70
0
 71
0
 72
0
 73
0
 74
0
 75
0
 76
0
 77
1
 78
8
 79
3
170
0
171
3
172
1
173
0
174
0
175
0
176
4
177
4
178
4
179
2
271
0
272
2
273
2
274
3
275
0
276
0
277
2
278
44
279
0
280
0
281
0
282
0
283
0
284
8
285
0
286
0
288
0
289
3
290
0
342
74
371
13
372
13
  0
ENDTAB
  0
TABLE
  2
BLOCK_RECORD
  5
9
330
0
100
AcDbSymbolTable
 70
21
  0
BLOCK_RECORD
  5
17
330
9
100
AcDbSymbolTableRecord
100
AcDbBlockTableRecord
  2
*Model_Space
340
1A
 70
0
280
1
281
0
  0
BLOCK_RECORD
  5
1B
330
9
100
AcDbSymbolTableRecord
100
AcDbBlockTableRecord
  2
*Paper_Space
340
1E
 70
0
280
1
281
0
  0
BLOCK_RECORD
  5
74
330
9
100
AcDbSymbolTableRecord
100
AcDbBlockTableRecord
  2
_ARCHTICK
340
0
 70
0
280
1
281
0
  0
BLOCK_RECORD
  5
78
330
9
100
AcDbSymbolTableRecord
100
AcDbBlockTableRecord
  2
_CLOSEDFILLED
340
0
 70
0
280
1
281
0
  0
BLOCK_RECORD
  5
84
330
9
100
AcDbSymbolTableRecord
100
AcDbBlockTableRecord
  2
_CLOSEDBLANK
340
0
 70
0
280
1
281
0
  0
BLOCK_RECORD
  5
A5
330
9
100
AcDbSymbolTableRecord
100
AcDbBlockTableRecord
  2
BARMARK
340
0
 70
0
280
1
281
0
  0
BLOCK_RECORD
  5
A9
330
9
100
AcDbSymbolTableRecord
100
AcDbBlockTableRecord
  2
SECMARK
340
0
 70
0
280
1
281
0
  0
BLOCK_RECORD
  5
AE
330
9
100
AcDbSymbolTableRecord
100
AcDbBlockTableRecord
  2
LEVELMK
340
0
 70
0
280
1
281
0
  0
BLOCK_RECORD
  5
B2
330
9
100
AcDbSymbolTableRecord
100
AcDbBlockTableRecord
  2
NORTH
340
0
 70
0
280
1
281
0
  0
BLOCK_RECORD
  5
E0
330
9
100
AcDbSymbolTableRecord
100
AcDbBlockTableRecord
  2
GULLY
340
0
 70
0
280
1
281
0
  0
BLOCK_RECORD
  5
E6
330
9
100
AcDbSymbolTableRecord
100
AcDbBlockTableRecord
  2
CHAMBER
340
0
 70
0
280
1
281
0
  0
BLOCK_RECORD
  5
EB
330
9
100
AcDbSymbolTableRecord
100
AcDbBlockTableRecord
  2
PUMP
340
0
 70
0
280
1
281
0
  0
BLOCK_RECORD
  5
F0
330
9
100
AcDbSymbolTableRecord
100
AcDbBlockTableRecord
  2
CLEANOUT
340
0
 70
0
280
1
281
0
  0
BLOCK_RECORD
  5
F5
330
9
100
AcDbSymbolTableRecord
100
AcDbBlockTableRecord
  2
NRV
340
0
 70
0
280
1
281
0
  0
BLOCK_RECORD
  5
FA
330
9
100
AcDbSymbolTableRecord
100
AcDbBlockTableRecord
  2
VALVE
340
0
 70
0
280
1
281
0
  0
BLOCK_RECORD
  5
FF
330
9
100
AcDbSymbolTableRecord
100
AcDbBlockTableRecord
  2
DIFFUSER
340
0
 70
0
280
1
281
0
  0
BLOCK_RECORD
  5
108
330
9
100
AcDbSymbolTableRecord
100
AcDbBlockTableRecord
  2
GRILLE
340
0
 70
0
280
1
281
0
  0
BLOCK_RECORD
  5
10F
330
9
100
AcDbSymbolTableRecord
100
AcDbBlockTableRecord
  2
BVALVE
340
0
 70
0
280
1
281
0
  0
BLOCK_RECORD
  5
115
330
9
100
AcDbSymbolTableRecord
100
AcDbBlockTableRecord
  2
FANSYM
340
0
 70
0
280
1
281
0
  0
BLOCK_RECORD
  5
11A
330
9
100
AcDbSymbolTableRecord
100
AcDbBlockTableRecord
  2
FINTAG
340
0
 70
0
280
1
281
0
  0
BLOCK_RECORD
  5
3A3
330
9
100
AcDbSymbolTableRecord
100
AcDbBlockTableRecord
  2
*D1
340
0
 70
0
280
1
281
0
  0
ENDTAB
  0
ENDSEC
  0
SECTION
  2
BLOCKS
  0
BLOCK
  5
18
330
17
100
AcDbEntity
  8
0
100
AcDbBlockBegin
  2
*Model_Space
 70
0
 10
0.0
 20
0.0
 30
0.0
  3
*Model_Space
  1

  0
ENDBLK
  5
19
330
17
100
AcDbEntity
  8
0
100
AcDbBlockEnd
  0
BLOCK
  5
1C
330
1B
100
AcDbEntity
  8
0
100
AcDbBlockBegin
  2
*Paper_Space
 70
0
 10
0.0
 20
0.0
 30
0.0
  3
*Paper_Space
  1

  0
ENDBLK
  5
1D
330
1B
100
AcDbEntity
  8
0
100
AcDbBlockEnd
  0
BLOCK
  5
75
330
74
100
AcDbEntity
  8
0
100
AcDbBlockBegin
  2
_ARCHTICK
 70
0
 10
0.0
 20
0.0
 30
0.0
  3
_ARCHTICK
  1

  0
LWPOLYLINE
  5
77
330
74
100
AcDbEntity
  8
0
  6
BYBLOCK
 62
0
100
AcDbPolyline
 90
2
 70
0
 43
0.15
 10
-0.5
 20
-0.5
 10
0.5
 20
0.5
  0
ENDBLK
  5
76
330
74
100
AcDbEntity
  8
0
100
AcDbBlockEnd
  0
BLOCK
  5
79
330
78
100
AcDbEntity
  8
0
100
AcDbBlockBegin
  2
_CLOSEDFILLED
 70
0
 10
0.0
 20
0.0
 30
0.0
  3
_CLOSEDFILLED
  1

  0
SOLID
  5
7B
330
78
100
AcDbEntity
  8
0
  6
BYBLOCK
 62
0
100
AcDbTrace
 10
-1.0
 20
0.16439898372402537
 30
0.0
 11
0.0
 21
0.0
 31
0.0
 12
-1.0
 22
-0.16439898372402537
 32
0.0
 13
-1.0
 23
-0.16439898372402537
 33
0.0
  0
ENDBLK
  5
7A
330
78
100
AcDbEntity
  8
0
100
AcDbBlockEnd
  0
BLOCK
  5
85
330
84
100
AcDbEntity
  8
0
100
AcDbBlockBegin
  2
_CLOSEDBLANK
 70
0
 10
0.0
 20
0.0
 30
0.0
  3
_CLOSEDBLANK
  1

  0
LWPOLYLINE
  5
87
330
84
100
AcDbEntity
  8
0
  6
BYBLOCK
 62
0
100
AcDbPolyline
 90
3
 70
1
 10
-1.0
 20
0.16439898372402537
 10
0.0
 20
0.0
 10
-1.0
 20
-0.16439898372402537
  0
ENDBLK
  5
86
330
84
100
AcDbEntity
  8
0
100
AcDbBlockEnd
  0
BLOCK
  5
A6
330
A5
100
AcDbEntity
  8
0
100
AcDbBlockBegin
  2
BARMARK
 70
0
 10
0.0
 20
0.0
 30
0.0
  3
BARMARK
  1

  0
CIRCLE
  5
A8
330
A5
100
AcDbEntity
  8
S-CALLOUT
100
AcDbCircle
 10
0.0
 20
0.0
 30
0.0
 40
3.2
  0
ENDBLK
  5
A7
330
A5
100
AcDbEntity
  8
0
100
AcDbBlockEnd
  0
BLOCK
  5
AA
330
A9
100
AcDbEntity
  8
0
100
AcDbBlockBegin
  2
SECMARK
 70
0
 10
0.0
 20
0.0
 30
0.0
  3
SECMARK
  1

  0
CIRCLE
  5
AC
330
A9
100
AcDbEntity
  8
S-SECTION
100
AcDbCircle
 10
0.0
 20
0.0
 30
0.0
 40
4.0
  0
LINE
  5
AD
330
A9
100
AcDbEntity
  8
S-SECTION
100
AcDbLine
 10
-4.0
 20
0.0
 30
0.0
 11
4.0
 21
0.0
 31
0.0
  0
ENDBLK
  5
AB
330
A9
100
AcDbEntity
  8
0
100
AcDbBlockEnd
  0
BLOCK
  5
AF
330
AE
100
AcDbEntity
  8
0
100
AcDbBlockBegin
  2
LEVELMK
 70
0
 10
0.0
 20
0.0
 30
0.0
  3
LEVELMK
  1

  0
LWPOLYLINE
  5
B1
330
AE
100
AcDbEntity
  8
S-LEVEL
100
AcDbPolyline
 90
4
 70
1
 10
0.0
 20
0.0
 10
-2.0
 20
3.0
 10
2.0
 20
3.0
 10
0.0
 20
0.0
  0
ENDBLK
  5
B0
330
AE
100
AcDbEntity
  8
0
100
AcDbBlockEnd
  0
BLOCK
  5
B3
330
B2
100
AcDbEntity
  8
0
100
AcDbBlockBegin
  2
NORTH
 70
0
 10
0.0
 20
0.0
 30
0.0
  3
NORTH
  1

  0
LWPOLYLINE
  5
B5
330
B2
100
AcDbEntity
  8
S-TITLE
100
AcDbPolyline
 90
5
 70
1
 10
0.0
 20
10.0
 10
-3.2
 20
-6.0
 10
0.0
 20
-2.4
 10
3.2
 20
-6.0
 10
0.0
 20
10.0
  0
CIRCLE
  5
B6
330
B2
100
AcDbEntity
  8
S-TITLE
100
AcDbCircle
 10
0.0
 20
0.0
 30
0.0
 40
12.0
  0
ENDBLK
  5
B4
330
B2
100
AcDbEntity
  8
0
100
AcDbBlockEnd
  0
BLOCK
  5
E1
330
E0
100
AcDbEntity
  8
0
100
AcDbBlockBegin
  2
GULLY
 70
0
 10
0.0
 20
0.0
 30
0.0
  3
GULLY
  1

  0
LWPOLYLINE
  5
E3
330
E0
100
AcDbEntity
  8
P-EQUIP
100
AcDbPolyline
 90
4
 70
1
 10
-2.2
 20
-2.2
 10
2.2
 20
-2.2
 10
2.2
 20
2.2
 10
-2.2
 20
2.2
  0
LINE
  5
E4
330
E0
100
AcDbEntity
  8
P-EQUIP
100
AcDbLine
 10
-2.2
 20
-2.2
 30
0.0
 11
2.2
 21
2.2
 31
0.0
  0
LINE
  5
E5
330
E0
100
AcDbEntity
  8
P-EQUIP
100
AcDbLine
 10
-2.2
 20
2.2
 30
0.0
 11
2.2
 21
-2.2
 31
0.0
  0
ENDBLK
  5
E2
330
E0
100
AcDbEntity
  8
0
100
AcDbBlockEnd
  0
BLOCK
  5
E7
330
E6
100
AcDbEntity
  8
0
100
AcDbBlockBegin
  2
CHAMBER
 70
0
 10
0.0
 20
0.0
 30
0.0
  3
CHAMBER
  1

  0
LWPOLYLINE
  5
E9
330
E6
100
AcDbEntity
  8
P-EQUIP
100
AcDbPolyline
 90
4
 70
1
 10
-3.0
 20
-3.0
 10
3.0
 20
-3.0
 10
3.0
 20
3.0
 10
-3.0
 20
3.0
  0
CIRCLE
  5
EA
330
E6
100
AcDbEntity
  8
P-EQUIP
100
AcDbCircle
 10
0.0
 20
0.0
 30
0.0
 40
1.9
  0
ENDBLK
  5
E8
330
E6
100
AcDbEntity
  8
0
100
AcDbBlockEnd
  0
BLOCK
  5
EC
330
EB
100
AcDbEntity
  8
0
100
AcDbBlockBegin
  2
PUMP
 70
0
 10
0.0
 20
0.0
 30
0.0
  3
PUMP
  1

  0
CIRCLE
  5
EE
330
EB
100
AcDbEntity
  8
P-EQUIP
100
AcDbCircle
 10
0.0
 20
0.0
 30
0.0
 40
2.6
  0
LWPOLYLINE
  5
EF
330
EB
100
AcDbEntity
  8
P-EQUIP
100
AcDbPolyline
 90
3
 70
1
 10
-1.5
 20
-1.5
 10
1.9
 20
0.0
 10
-1.5
 20
1.5
  0
ENDBLK
  5
ED
330
EB
100
AcDbEntity
  8
0
100
AcDbBlockEnd
  0
BLOCK
  5
F1
330
F0
100
AcDbEntity
  8
0
100
AcDbBlockBegin
  2
CLEANOUT
 70
0
 10
0.0
 20
0.0
 30
0.0
  3
CLEANOUT
  1

  0
CIRCLE
  5
F3
330
F0
100
AcDbEntity
  8
P-EQUIP
100
AcDbCircle
 10
0.0
 20
0.0
 30
0.0
 40
1.6
  0
LINE
  5
F4
330
F0
100
AcDbEntity
  8
P-EQUIP
100
AcDbLine
 10
0.0
 20
-1.6
 30
0.0
 11
0.0
 21
1.6
 31
0.0
  0
ENDBLK
  5
F2
330
F0
100
AcDbEntity
  8
0
100
AcDbBlockEnd
  0
BLOCK
  5
F6
330
F5
100
AcDbEntity
  8
0
100
AcDbBlockBegin
  2
NRV
 70
0
 10
0.0
 20
0.0
 30
0.0
  3
NRV
  1

  0
LWPOLYLINE
  5
F8
330
F5
100
AcDbEntity
  8
M-DAMPER
100
AcDbPolyline
 90
3
 70
1
 10
-2.0
 20
-1.8
 10
-2.0
 20
1.8
 10
2.0
 20
0.0
  0
LINE
  5
F9
330
F5
100
AcDbEntity
  8
M-DAMPER
100
AcDbLine
 10
2.0
 20
-1.8
 30
0.0
 11
2.0
 21
1.8
 31
0.0
  0
ENDBLK
  5
F7
330
F5
100
AcDbEntity
  8
0
100
AcDbBlockEnd
  0
BLOCK
  5
FB
330
FA
100
AcDbEntity
  8
0
100
AcDbBlockBegin
  2
VALVE
 70
0
 10
0.0
 20
0.0
 30
0.0
  3
VALVE
  1

  0
LWPOLYLINE
  5
FD
330
FA
100
AcDbEntity
  8
M-DAMPER
100
AcDbPolyline
 90
3
 70
1
 10
-2.0
 20
-1.8
 10
-2.0
 20
1.8
 10
0.0
 20
0.0
  0
LWPOLYLINE
  5
FE
330
FA
100
AcDbEntity
  8
M-DAMPER
100
AcDbPolyline
 90
3
 70
1
 10
2.0
 20
-1.8
 10
2.0
 20
1.8
 10
0.0
 20
0.0
  0
ENDBLK
  5
FC
330
FA
100
AcDbEntity
  8
0
100
AcDbBlockEnd
  0
BLOCK
  5
100
330
FF
100
AcDbEntity
  8
0
100
AcDbBlockBegin
  2
DIFFUSER
 70
0
 10
0.0
 20
0.0
 30
0.0
  3
DIFFUSER
  1

  0
LWPOLYLINE
  5
102
330
FF
100
AcDbEntity
  8
M-TERMINAL
100
AcDbPolyline
 90
4
 70
1
 10
-4.0
 20
-4.0
 10
4.0
 20
-4.0
 10
4.0
 20
4.0
 10
-4.0
 20
4.0
  0
LWPOLYLINE
  5
103
330
FF
100
AcDbEntity
  8
M-TERMINAL
100
AcDbPolyline
 90
4
 70
1
 10
-2.4
 20
-2.4
 10
2.4
 20
-2.4
 10
2.4
 20
2.4
 10
-2.4
 20
2.4
  0
LINE
  5
104
330
FF
100
AcDbEntity
  8
M-TERMINAL
100
AcDbLine
 10
-4.0
 20
-4.0
 30
0.0
 11
-2.4
 21
-2.4
 31
0.0
  0
LINE
  5
105
330
FF
100
AcDbEntity
  8
M-TERMINAL
100
AcDbLine
 10
4.0
 20
-4.0
 30
0.0
 11
2.4
 21
-2.4
 31
0.0
  0
LINE
  5
106
330
FF
100
AcDbEntity
  8
M-TERMINAL
100
AcDbLine
 10
4.0
 20
4.0
 30
0.0
 11
2.4
 21
2.4
 31
0.0
  0
LINE
  5
107
330
FF
100
AcDbEntity
  8
M-TERMINAL
100
AcDbLine
 10
-4.0
 20
4.0
 30
0.0
 11
-2.4
 21
2.4
 31
0.0
  0
ENDBLK
  5
101
330
FF
100
AcDbEntity
  8
0
100
AcDbBlockEnd
  0
BLOCK
  5
109
330
108
100
AcDbEntity
  8
0
100
AcDbBlockBegin
  2
GRILLE
 70
0
 10
0.0
 20
0.0
 30
0.0
  3
GRILLE
  1

  0
LWPOLYLINE
  5
10B
330
108
100
AcDbEntity
  8
M-TERMINAL
100
AcDbPolyline
 90
4
 70
1
 10
-4.0
 20
-2.4
 10
4.0
 20
-2.4
 10
4.0
 20
2.4
 10
-4.0
 20
2.4
  0
LINE
  5
10C
330
108
100
AcDbEntity
  8
M-TERMINAL
100
AcDbLine
 10
-2.0
 20
-2.4
 30
0.0
 11
-2.0
 21
2.4
 31
0.0
  0
LINE
  5
10D
330
108
100
AcDbEntity
  8
M-TERMINAL
100
AcDbLine
 10
0.0
 20
-2.4
 30
0.0
 11
0.0
 21
2.4
 31
0.0
  0
LINE
  5
10E
330
108
100
AcDbEntity
  8
M-TERMINAL
100
AcDbLine
 10
2.0
 20
-2.4
 30
0.0
 11
2.0
 21
2.4
 31
0.0
  0
ENDBLK
  5
10A
330
108
100
AcDbEntity
  8
0
100
AcDbBlockEnd
  0
BLOCK
  5
110
330
10F
100
AcDbEntity
  8
0
100
AcDbBlockBegin
  2
BVALVE
 70
0
 10
0.0
 20
0.0
 30
0.0
  3
BVALVE
  1

  0
CIRCLE
  5
112
330
10F
100
AcDbEntity
  8
M-DAMPER
100
AcDbCircle
 10
0.0
 20
0.0
 30
0.0
 40
3.0
  0
LINE
  5
113
330
10F
100
AcDbEntity
  8
M-DAMPER
100
AcDbLine
 10
-3.0
 20
0.0
 30
0.0
 11
3.0
 21
0.0
 31
0.0
  0
LINE
  5
114
330
10F
100
AcDbEntity
  8
M-DAMPER
100
AcDbLine
 10
-2.1
 20
-2.1
 30
0.0
 11
2.1
 21
2.1
 31
0.0
  0
ENDBLK
  5
111
330
10F
100
AcDbEntity
  8
0
100
AcDbBlockEnd
  0
BLOCK
  5
116
330
115
100
AcDbEntity
  8
0
100
AcDbBlockBegin
  2
FANSYM
 70
0
 10
0.0
 20
0.0
 30
0.0
  3
FANSYM
  1

  0
CIRCLE
  5
118
330
115
100
AcDbEntity
  8
M-EQUIP
100
AcDbCircle
 10
0.0
 20
0.0
 30
0.0
 40
3.4
  0
LWPOLYLINE
  5
119
330
115
100
AcDbEntity
  8
M-EQUIP
100
AcDbPolyline
 90
3
 70
1
 10
-2.4
 20
-1.2
 10
2.4
 20
-1.2
 10
0.0
 20
2.6
  0
ENDBLK
  5
117
330
115
100
AcDbEntity
  8
0
100
AcDbBlockEnd
  0
BLOCK
  5
11B
330
11A
100
AcDbEntity
  8
0
100
AcDbBlockBegin
  2
FINTAG
 70
0
 10
0.0
 20
0.0
 30
0.0
  3
FINTAG
  1

  0
LWPOLYLINE
  5
11D
330
11A
100
AcDbEntity
  8
A-FIN-TAG
100
AcDbPolyline
 90
4
 70
1
 10
0.0
 20
0.0
 10
16.0
 20
0.0
 10
16.0
 20
5.0
 10
0.0
 20
5.0
  0
LINE
  5
11E
330
11A
100
AcDbEntity
  8
A-FIN-TAG
100
AcDbLine
 10
0.0
 20
2.5
 30
0.0
 11
16.0
 21
2.5
 31
0.0
  0
LINE
  5
11F
330
11A
100
AcDbEntity
  8
A-FIN-TAG
100
AcDbLine
 10
8.0
 20
0.0
 30
0.0
 11
8.0
 21
5.0
 31
0.0
  0
ENDBLK
  5
11C
330
11A
100
AcDbEntity
  8
0
100
AcDbBlockEnd
  0
BLOCK
  5
3A4
330
3A3
100
AcDbEntity
  8
0
100
AcDbBlockBegin
  2
*D1
 70
1
 10
0.0
 20
0.0
 30
0.0
  3
*D1
  1

  0
LINE
  5
3A6
330
3A3
100
AcDbEntity
  8
0
 62
4
370
13
100
AcDbLine
 10
290.0
 20
504.9473684210526
 30
0.0
 11
290.0
 21
511.72631578947363
 31
0.0
  0
LINE
  5
3A7
330
3A3
100
AcDbEntity
  8
0
 62
4
370
13
100
AcDbLine
 10
455.7894736842105
 20
504.9473684210526
 30
0.0
 11
455.7894736842105
 21
511.72631578947363
 31
0.0
  0
INSERT
  5
3A8
330
3A3
100
AcDbEntity
  8
S-DIM
 62
4
100
AcDbBlockReference
  2
_ARCHTICK
 10
290.0
 20
510.52631578947364
 30
0.0
 41
1.6
 42
1.6
 50
180.0
  0
INSERT
  5
3AA
330
3A3
100
AcDbEntity
  8
S-DIM
 62
4
100
AcDbBlockReference
  2
_ARCHTICK
 10
455.7894736842105
 20
510.52631578947364
 30
0.0
 41
1.6
 42
1.6
  0
LINE
  5
3AC
330
3A3
100
AcDbEntity
  8
0
 62
4
370
13
100
AcDbLine
 10
290.0
 20
510.52631578947364
 30
0.0
 11
455.7894736842105
 21
510.52631578947364
 31
0.0
  0
MTEXT
  5
3AD
330
3A3
100
AcDbEntity
  8
S-DIM
 62
4
100
AcDbMText
 10
372.89473684210526
 20
512.2263157894737
 30
0.0
 40
1.8
 71
5
  1
6300
  7
OpenSansCondensed-Light
  0
POINT
  5
3AE
330
3A3
100
AcDbEntity
  8
Defpoints
100
AcDbPoint
 10
290.0
 20
510.52631578947364
 30
0.0
  0
POINT
  5
3AF
330
3A3
100
AcDbEntity
  8
Defpoints
100
AcDbPoint
 10
290.0
 20
503.9473684210526
 30
0.0
  0
POINT
  5
3B0
330
3A3
100
AcDbEntity
  8
Defpoints
100
AcDbPoint
 10
455.7894736842105
 20
503.9473684210526
 30
0.0
  0
ENDBLK
  5
3A5
330
3A3
100
AcDbEntity
  8
0
100
AcDbBlockEnd
  0
ENDSEC
  0
SECTION
  2
ENTITIES
  0
LWPOLYLINE
  5
B7
330
17
100
AcDbEntity
  8
S-TITLE
100
AcDbPolyline
 90
4
 70
1
 10
0.0
 20
0.0
 10
841.0
 20
0.0
 10
841.0
 20
594.0
 10
0.0
 20
594.0
  0
LWPOLYLINE
  5
B8
330
17
100
AcDbEntity
  8
S-TITLE
100
AcDbPolyline
 90
4
 70
1
 10
10.0
 20
10.0
 10
831.0
 20
10.0
 10
831.0
 20
584.0
 10
10.0
 20
584.0
  0
TEXT
  5
124
330
17
100
AcDbEntity
  8
S-TITLE
100
AcDbText
 10
20.0
 20
553.0
 30
0.0
 40
3.5
  1
V1   ENTRY LEVEL ESCAPE PLAN
  7
OpenSans
 11
20.0
 21
553.0
 31
0.0
100
AcDbText
  0
LINE
  5
125
330
17
100
AcDbEntity
  8
S-TITLE
100
AcDbLine
 10
20.0
 20
551.2
 30
0.0
 11
97.11486939048895
 21
551.2
 31
0.0
  0
TEXT
  5
126
330
17
100
AcDbEntity
  8
S-TEXT
100
AcDbText
 10
20.0
 20
545.8
 30
0.0
 40
2.0
  1
SCALE 1:38   LEVELS 0.000 AND (-)2.000   THE BURIED BOX IS SHOWN DASHED BELOW
  7
OpenSans
 11
20.0
 21
545.8
 31
0.0
100
AcDbText
  0
LINE
  5
127
330
17
100
AcDbEntity
  8
M-ARCH-HIDDEN
100
AcDbLine
 10
40.0
 20
300.0
 30
0.0
 11
42.0
 21
300.0
 31
0.0
  0
LINE
  5
128
330
17
100
AcDbEntity
  8
M-ARCH-HIDDEN
100
AcDbLine
 10
43.4
 20
300.0
 30
0.0
 11
45.4
 21
300.0
 31
0.0
  0
LINE
  5
129
330
17
100
AcDbEntity
  8
M-ARCH-HIDDEN
100
AcDbLine
 10
46.8
 20
300.0
 30
0.0
 11
48.8
 21
300.0
 31
0.0
  0
LINE
  5
12A
330
17
100
AcDbEntity
  8
M-ARCH-HIDDEN
100
AcDbLine
 10
50.2
 20
300.0
 30
0.0
 11
52.2
 21
300.0
 31
0.0
  0
LINE
  5
12B
330
17
100
AcDbEntity
  8
M-ARCH-HIDDEN
100
AcDbLine
 10
53.6
 20
300.0
 30
0.0
 11
55.6
 21
300.0
 31
0.0
  0
LINE
  5
12C
330
17
100
AcDbEntity
  8
M-ARCH-HIDDEN
100
AcDbLine
 10
57.0
 20
300.0
 30
0.0
 11
59.0
 21
300.0
 31
0.0
  0
LINE
  5
12D
330
17
100
AcDbEntity
  8
M-ARCH-HIDDEN
100
AcDbLine
 10
60.4
 20
300.0
 30
0.0
 11
62.4
 21
300.0
 31
0.0
  0
LINE
  5
12E
330
17
100
AcDbEntity
  8
M-ARCH-HIDDEN
100
AcDbLine
 10
63.8
 20
300.0
 30
0.0
 11
65.8
 21
300.0
 31
0.0
  0
LINE
  5
12F
330
17
100
AcDbEntity
  8
M-ARCH-HIDDEN
100
AcDbLine
 10
67.19999999999999
 20
300.0
 30
0.0
 11
69.19999999999999
 21
300.0
 31
0.0
  0
LINE
  5
130
330
17
100
AcDbEntity
  8
M-ARCH-HIDDEN
100
AcDbLine
 10
70.6
 20
300.0
 30
0.0
 11
72.6
 21
300.0
 31
0.0
  0
LINE
  5
131
330
17
100
AcDbEntity
  8
M-ARCH-HIDDEN
100
AcDbLine
 10
74.0
 20
300.0
 30
0.0
 11
76.0
 21
300.0
 31
0.0
  0
LINE
  5
132
330
17
100
AcDbEntity
  8
M-ARCH-HIDDEN
100
AcDbLine
 10
77.39999999999999
 20
300.0
 30
0.0
 11
79.39999999999999
 21
300.0
 31
0.0
  0
LINE
  5
133
330
17
100
AcDbEntity
  8
M-ARCH-HIDDEN
100
AcDbLine
 10
80.79999999999998
 20
300.0
 30
0.0
 11
82.79999999999998
 21
300.0
 31
0.0
  0
LINE
  5
134
330
17
100
AcDbEntity
  8
M-ARCH-HIDDEN
100
AcDbLine
 10
84.19999999999999
 20
300.0
 30
0.0
 11
86.19999999999999
 21
300.0
 31
0.0
  0
LINE
  5
135
330
17
100
AcDbEntity
  8
M-ARCH-HIDDEN
100
AcDbLine
 10
87.6
 20
300.0
 30
0.0
 11
89.6
 21
300.0
 31
0.0
  0
LINE
  5
136
330
17
100
AcDbEntity
  8
M-ARCH-HIDDEN
100
AcDbLine
 10
90.99999999999999
 20
300.0
 30
0.0
 11
92.99999999999999
 21
300.0
 31
0.0
  0
LINE
  5
137
330
17
100
AcDbEntity
  8
M-ARCH-HIDDEN
100
AcDbLine
 10
94.39999999999998
 20
300.0
 30
0.0
 11
96.39999999999998
 21
300.0
 31
0.0
  0
LINE
  5
138
330
17
100
AcDbEntity
  8
M-ARCH-HIDDEN
100
AcDbLine
 10
97.79999999999998
 20
300.0
 30
0.0
 11
99.79999999999998
 21
300.0
 31
0.0
  0
LINE
  5
139
330
17
100
AcDbEntity
  8
M-ARCH-HIDDEN
100
AcDbLine
 10
101.19999999999999
 20
300.0
 30
0.0
 11
103.19999999999999
 21
300.0
 31
0.0
  0
LINE
  5
13A
330
17
100
AcDbEntity
  8
M-ARCH-HIDDEN
100
AcDbLine
 10
104.59999999999998
 20
300.0
 30
0.0
 11
106.59999999999998
 21
300.0
 31
0.0
  0
LINE
  5
13B
330
17
100
AcDbEntity
  8
M-ARCH-HIDDEN
100
AcDbLine
 10
107.99999999999999
 20
300.0
 30
0.0
 11
109.99999999999999
 21
300.0
 31
0.0
  0
LINE
  5
13C
330
17
100
AcDbEntity
  8
M-ARCH-HIDDEN
100
AcDbLine
 10
111.39999999999999
 20
300.0
 30
0.0
 11
113.39999999999999
 21
300.0
 31
0.0
  0
LINE
  5
13D
330
17
100
AcDbEntity
  8
M-ARCH-HIDDEN
100
AcDbLine
 10
114.8
 20
300.0
 30
0.0
 11
116.8
 21
300.0
 31
0.0
  0
LINE
  5
13E
330
17
100
AcDbEntity
  8
M-ARCH-HIDDEN
100
AcDbLine
 10
118.2
 20
300.0
 30
0.0
 11
120.2
 21
300.0
 31
0.0
  0
LINE
  5
13F
330
17
100
AcDbEntity
  8
M-ARCH-HIDDEN
100
AcDbLine
 10
121.60000000000001
 20
300.0
 30
0.0
 11
123.60000000000001
 21
300.0
 31
0.0
  0
LINE
  5
140
330
17
100
AcDbEntity
  8
M-ARCH-HIDDEN
100
AcDbLine
 10
125.00000000000001
 20
300.0
 30
0.0
 11
127.00000000000001
 21
300.0
 31
0.0
  0
LINE
  5
141
330
17
100
AcDbEntity
  8
M-ARCH-HIDDEN
100
AcDbLine
 10
128.40000000000003
 20
300.0
 30
0.0
 11
130.40000000000003
 21
300.0
 31
0.0
  0
LINE
  5
142
330
17
100
AcDbEntity
  8
M-ARCH-HIDDEN
100
AcDbLine
 10
131.8
 20
300.0
 30
0.0
 11
133.8
 21
300.0
 31
0.0
  0
LINE
  5
143
330
17
100
AcDbEntity
  8
M-ARCH-HIDDEN
100
AcDbLine
 10
135.20000000000005
 20
300.0
 30
0.0
 11
137.20000000000005
 21
300.0
 31
0.0
  0
LINE
  5
144
330
17
100
AcDbEntity
  8
M-ARCH-HIDDEN
100
AcDbLine
 10
138.60000000000002
 20
300.0
 30
0.0
 11
140.60000000000002
 21
300.0
 31
0.0
  0
LINE
  5
145
330
17
100
AcDbEntity
  8
M-ARCH-HIDDEN
100
AcDbLine
 10
142.00000000000006
 20
300.0
 30
0.0
 11
144.00000000000006
 21
300.0
 31
0.0
  0
LINE
  5
146
330
17
100
AcDbEntity
  8
M-ARCH-HIDDEN
100
AcDbLine
 10
145.40000000000003
 20
300.0
 30
0.0
 11
147.40000000000003
 21
300.0
 31
0.0
  0
LINE
  5
147
330
17
100
AcDbEntity
  8
M-ARCH-HIDDEN
100
AcDbLine
 10
148.80000000000007
 20
300.0
 30
0.0
 11
150.80000000000007
 21
300.0
 31
0.0
  0
LINE
  5
148
330
17
100
AcDbEntity
  8
M-ARCH-HIDDEN
100
AcDbLine
 10
152.20000000000005
 20
300.0
 30
0.0
 11
154.20000000000005
 21
300.0
 31
0.0
  0
LINE
  5
149
330
17
100
AcDbEntity
  8
M-ARCH-HIDDEN
100
AcDbLine
 10
155.60000000000008
 20
300.0
 30
0.0
 11
157.60000000000008
 21
300.0
 31
0.0
  0
LINE
  5
14A
330
17
100
AcDbEntity
  8
M-ARCH-HIDDEN
100
AcDbLine
 10
159.00000000000006
 20
300.0
 30
0.0
 11
161.00000000000006
 21
300.0
 31
0.0
  0
LINE
  5
14B
330
17
100
AcDbEntity
  8
M-ARCH-HIDDEN
100
AcDbLine
 10
162.4000000000001
 20
300.0
 30
0.0
 11
164.4000000000001
 21
300.0
 31
0.0
  0
LINE
  5
14C
330
17
100
AcDbEntity
  8
M-ARCH-HIDDEN
100
AcDbLine
 10
165.80000000000007
 20
300.0
 30
0.0
 11
167.80000000000007
 21
300.0
 31
0.0
  0
LINE
  5
14D
330
17
100
AcDbEntity
  8
M-ARCH-HIDDEN
100
AcDbLine
 10
169.20000000000007
 20
300.0
 30
0.0
 11
171.20000000000007
 21
300.0
 31
0.0
  0
LINE
  5
14E
330
17
100
AcDbEntity
  8
M-ARCH-HIDDEN
100
AcDbLine
 10
172.60000000000008
 20
300.0
 30
0.0
 11
174.60000000000008
 21
300.0
 31
0.0
  0
LINE
  5
14F
330
17
100
AcDbEntity
  8
M-ARCH-HIDDEN
100
AcDbLine
 10
176.00000000000009
 20
300.0
 30
0.0
 11
178.00000000000009
 21
300.0
 31
0.0
  0
LINE
  5
150
330
17
100
AcDbEntity
  8
M-ARCH-HIDDEN
100
AcDbLine
 10
179.4000000000001
 20
300.0
 30
0.0
 11
181.4000000000001
 21
300.0
 31
0.0
  0
LINE
  5
151
330
17
100
AcDbEntity
  8
M-ARCH-HIDDEN
100
AcDbLine
 10
182.8000000000001
 20
300.0
 30
0.0
 11
184.8000000000001
 21
300.0
 31
0.0
  0
LINE
  5
152
330
17
100
AcDbEntity
  8
M-ARCH-HIDDEN
100
AcDbLine
 10
186.2000000000001
 20
300.0
 30
0.0
 11
188.2000000000001
 21
300.0
 31
0.0
  0
LINE
  5
153
330
17
100
AcDbEntity
  8
M-ARCH-HIDDEN
100
AcDbLine
 10
189.6000000000001
 20
300.0
 30
0.0
 11
191.6000000000001
 21
300.0
 31
0.0
  0
LINE
  5
154
330
17
100
AcDbEntity
  8
M-ARCH-HIDDEN
100
AcDbLine
 10
193.0000000000001
 20
300.0
 30
0.0
 11
195.0000000000001
 21
300.0
 31
0.0
  0
LINE
  5
155
330
17
100
AcDbEntity
  8
M-ARCH-HIDDEN
100
AcDbLine
 10
196.40000000000012
 20
300.0
 30
0.0
 11
198.40000000000012
 21
300.0
 31
0.0
  0
LINE
  5
156
330
17
100
AcDbEntity
  8
M-ARCH-HIDDEN
100
AcDbLine
 10
199.80000000000013
 20
300.0
 30
0.0
 11
201.80000000000013
 21
300.0
 31
0.0
  0
LINE
  5
157
330
17
100
AcDbEntity
  8
M-ARCH-HIDDEN
100
AcDbLine
 10
203.20000000000013
 20
300.0
 30
0.0
 11
205.20000000000013
 21
300.0
 31
0.0
  0
LINE
  5
158
330
17
100
AcDbEntity
  8
M-ARCH-HIDDEN
100
AcDbLine
 10
206.60000000000014
 20
300.0
 30
0.0
 11
208.60000000000014
 21
300.0
 31
0.0
  0
LINE
  5
159
330
17
100
AcDbEntity
  8
M-ARCH-HIDDEN
100
AcDbLine
 10
210.00000000000014
 20
300.0
 30
0.0
 11
212.00000000000014
 21
300.0
 31
0.0
  0
LINE
  5
15A
330
17
100
AcDbEntity
  8
M-ARCH-HIDDEN
100
AcDbLine
 10
213.40000000000015
 20
300.0
 30
0.0
 11
215.40000000000015
 21
300.0
 31
0.0
  0
LINE
  5
15B
330
17
100
AcDbEntity
  8
M-ARCH-HIDDEN
100
AcDbLine
 10
216.80000000000015
 20
300.0
 30
0.0
 11
218.80000000000015
 21
300.0
 31
0.0
  0
LINE
  5
15C
330
17
100
AcDbEntity
  8
M-ARCH-HIDDEN
100
AcDbLine
 10
220.20000000000016
 20
300.0
 30
0.0
 11
222.20000000000016
 21
300.0
 31
0.0
  0
LINE
  5
15D
330
17
100
AcDbEntity
  8
M-ARCH-HIDDEN
100
AcDbLine
 10
223.60000000000016
 20
300.0
 30
0.0
 11
225.60000000000016
 21
300.0
 31
0.0
  0
LINE
  5
15E
330
17
100
AcDbEntity
  8
M-ARCH-HIDDEN
100
AcDbLine
 10
227.00000000000017
 20
300.0
 30
0.0
 11
229.00000000000017
 21
300.0
 31
0.0
  0
LINE
  5
15F
330
17
100
AcDbEntity
  8
M-ARCH-HIDDEN
100
AcDbLine
 10
230.40000000000018
 20
300.0
 30
0.0
 11
232.40000000000018
 21
300.0
 31
0.0
  0
LINE
  5
160
330
17
100
AcDbEntity
  8
M-ARCH-HIDDEN
100
AcDbLine
 10
233.80000000000018
 20
300.0
 30
0.0
 11
235.80000000000018
 21
300.0
 31
0.0
  0
LINE
  5
161
330
17
100
AcDbEntity
  8
M-ARCH-HIDDEN
100
AcDbLine
 10
237.2000000000002
 20
300.0
 30
0.0
 11
239.2000000000002
 21
300.0
 31
0.0
  0
LINE
  5
162
330
17
100
AcDbEntity
  8
M-ARCH-HIDDEN
100
AcDbLine
 10
240.6000000000002
 20
300.0
 30
0.0
 11
242.6000000000002
 21
300.0
 31
0.0
  0
LINE
  5
163
330
17
100
AcDbEntity
  8
M-ARCH-HIDDEN
100
AcDbLine
 10
244.0000000000002
 20
300.0
 30
0.0
 11
246.0000000000002
 21
300.0
 31
0.0
  0
LINE
  5
164
330
17
100
AcDbEntity
  8
M-ARCH-HIDDEN
100
AcDbLine
 10
247.4000000000002
 20
300.0
 30
0.0
 11
249.4000000000002
 21
300.0
 31
0.0
  0
LINE
  5
165
330
17
100
AcDbEntity
  8
M-ARCH-HIDDEN
100
AcDbLine
 10
250.8000000000002
 20
300.0
 30
0.0
 11
252.8000000000002
 21
300.0
 31
0.0
  0
LINE
  5
166
330
17
100
AcDbEntity
  8
M-ARCH-HIDDEN
100
AcDbLine
 10
254.20000000000022
 20
300.0
 30
0.0
 11
256.2000000000002
 21
300.0
 31
0.0
  0
LINE
  5
167
330
17
100
AcDbEntity
  8
M-ARCH-HIDDEN
100
AcDbLine
 10
257.60000000000025
 20
300.0
 30
0.0
 11
259.60000000000025
 21
300.0
 31
0.0
  0
LINE
  5
168
330
17
100
AcDbEntity
  8
M-ARCH-HIDDEN
100
AcDbLine
 10
261.0000000000002
 20
300.0
 30
0.0
 11
263.0000000000002
 21
300.0
 31
0.0
  0
LINE
  5
169
330
17
100
AcDbEntity
  8
M-ARCH-HIDDEN
100
AcDbLine
 10
264.4000000000002
 20
300.0
 30
0.0
 11
266.4000000000002
 21
300.0
 31
0.0
  0
LINE
  5
16A
330
17
100
AcDbEntity
  8
M-ARCH-HIDDEN
100
AcDbLine
 10
267.80000000000024
 20
300.0
 30
0.0
 11
269.80000000000024
 21
300.0
 31
0.0
  0
LINE
  5
16B
330
17
100
AcDbEntity
  8
M-ARCH-HIDDEN
100
AcDbLine
 10
271.2000000000003
 20
300.0
 30
0.0
 11
273.2000000000003
 21
300.0
 31
0.0
  0
LINE
  5
16C
330
17
100
AcDbEntity
  8
M-ARCH-HIDDEN
100
AcDbLine
 10
274.60000000000025
 20
300.0
 30
0.0
 11
276.60000000000025
 21
300.0
 31
0.0
  0
LINE
  5
16D
330
17
100
AcDbEntity
  8
M-ARCH-HIDDEN
100
AcDbLine
 10
278.0000000000002
 20
300.0
 30
0.0
 11
280.0000000000002
 21
300.0
 31
0.0
  0
LINE
  5
16E
330
17
100
AcDbEntity
  8
M-ARCH-HIDDEN
100
AcDbLine
 10
281.40000000000026
 20
300.0
 30
0.0
 11
283.40000000000026
 21
300.0
 31
0.0
  0
LINE
  5
16F
330
17
100
AcDbEntity
  8
M-ARCH-HIDDEN
100
AcDbLine
 10
284.8000000000003
 20
300.0
 30
0.0
 11
286.8000000000003
 21
300.0
 31
0.0
  0
LINE
  5
170
330
17
100
AcDbEntity
  8
M-ARCH-HIDDEN
100
AcDbLine
 10
288.2000000000003
 20
300.0
 30
0.0
 11
290.2000000000003
 21
300.0
 31
0.0
  0
LINE
  5
171
330
17
100
AcDbEntity
  8
M-ARCH-HIDDEN
100
AcDbLine
 10
291.60000000000025
 20
300.0
 30
0.0
 11
293.60000000000025
 21
300.0
 31
0.0
  0
LINE
  5
172
330
17
100
AcDbEntity
  8
M-ARCH-HIDDEN
100
AcDbLine
 10
295.0000000000003
 20
300.0
 30
0.0
 11
297.0000000000003
 21
300.0
 31
0.0
  0
LINE
  5
173
330
17
100
AcDbEntity
  8
M-ARCH-HIDDEN
100
AcDbLine
 10
298.40000000000026
 20
300.0
 30
0.0
 11
300.40000000000026
 21
300.0
 31
0.0
  0
LINE
  5
174
330
17
100
AcDbEntity
  8
M-ARCH-HIDDEN
100
AcDbLine
 10
301.80000000000024
 20
300.0
 30
0.0
 11
303.80000000000024
 21
300.0
 31
0.0
  0
LINE
  5
175
330
17
100
AcDbEntity
  8
M-ARCH-HIDDEN
100
AcDbLine
 10
305.2000000000002
 20
300.0
 30
0.0
 11
307.2000000000002
 21
300.0
 31
0.0
  0
LINE
  5
176
330
17
100
AcDbEntity
  8
M-ARCH-HIDDEN
100
AcDbLine
 10
308.6000000000002
 20
300.0
 30
0.0
 11
310.6000000000002
 21
300.0
 31
0.0
  0
LINE
  5
177
330
17
100
AcDbEntity
  8
M-ARCH-HIDDEN
100
AcDbLine
 10
312.00000000000017
 20
300.0
 30
0.0
 11
314.00000000000017
 21
300.0
 31
0.0
  0
LINE
  5
178
330
17
100
AcDbEntity
  8
M-ARCH-HIDDEN
100
AcDbLine
 10
315.40000000000015
 20
300.0
 30
0.0
 11
317.40000000000015
 21
300.0
 31
0.0
  0
LINE
  5
179
330
17
100
AcDbEntity
  8
M-ARCH-HIDDEN
100
AcDbLine
 10
318.8000000000001
 20
300.0
 30
0.0
 11
320.8000000000001
 21
300.0
 31
0.0
  0
LINE
  5
17A
330
17
100
AcDbEntity
  8
M-ARCH-HIDDEN
100
AcDbLine
 10
322.2000000000001
 20
300.0
 30
0.0
 11
324.2000000000001
 21
300.0
 31
0.0
  0
LINE
  5
17B
330
17
100
AcDbEntity
  8
M-ARCH-HIDDEN
100
AcDbLine
 10
325.6000000000001
 20
300.0
 30
0.0
 11
327.6000000000001
 21
300.0
 31
0.0
  0
LINE
  5
17C
330
17
100
AcDbEntity
  8
M-ARCH-HIDDEN
100
AcDbLine
 10
329.00000000000006
 20
300.0
 30
0.0
 11
331.00000000000006
 21
300.0
 31
0.0
  0
LINE
  5
17D
330
17
100
AcDbEntity
  8
M-ARCH-HIDDEN
100
AcDbLine
 10
332.40000000000003
 20
300.0
 30
0.0
 11
334.40000000000003
 21
300.0
 31
0.0
  0
LINE
  5
17E
330
17
100
AcDbEntity
  8
M-ARCH-HIDDEN
100
AcDbLine
 10
335.8
 20
300.0
 30
0.0
 11
337.8
 21
300.0
 31
0.0
  0
LINE
  5
17F
330
17
100
AcDbEntity
  8
M-ARCH-HIDDEN
100
AcDbLine
 10
339.2
 20
300.0
 30
0.0
 11
341.2
 21
300.0
 31
0.0
  0
LINE
  5
180
330
17
100
AcDbEntity
  8
M-ARCH-HIDDEN
100
AcDbLine
 10
342.59999999999997
 20
300.0
 30
0.0
 11
344.59999999999997
 21
300.0
 31
0.0
  0
LINE
  5
181
330
17
100
AcDbEntity
  8
M-ARCH-HIDDEN
100
AcDbLine
 10
345.99999999999994
 20
300.0
 30
0.0
 11
347.99999999999994
 21
300.0
 31
0.0
  0
LINE
  5
182
330
17
100
AcDbEntity
  8
M-ARCH-HIDDEN
100
AcDbLine
 10
349.3999999999999
 20
300.0
 30
0.0
 11
351.3999999999999
 21
300.0
 31
0.0
  0
LINE
  5
183
330
17
100
AcDbEntity
  8
M-ARCH-HIDDEN
100
AcDbLine
 10
352.7999999999999
 20
300.0
 30
0.0
 11
354.7999999999999
 21
300.0
 31
0.0
  0
LINE
  5
184
330
17
100
AcDbEntity
  8
M-ARCH-HIDDEN
100
AcDbLine
 10
356.1999999999999
 20
300.0
 30
0.0
 11
358.1999999999999
 21
300.0
 31
0.0
  0
LINE
  5
185
330
17
100
AcDbEntity
  8
M-ARCH-HIDDEN
100
AcDbLine
 10
359.59999999999985
 20
300.0
 30
0.0
 11
361.59999999999985
 21
300.0
 31
0.0
  0
LINE
  5
186
330
17
100
AcDbEntity
  8
M-ARCH-HIDDEN
100
AcDbLine
 10
362.99999999999983
 20
300.0
 30
0.0
 11
364.99999999999983
 21
300.0
 31
0.0
  0
LINE
  5
187
330
17
100
AcDbEntity
  8
M-ARCH-HIDDEN
100
AcDbLine
 10
366.3999999999998
 20
300.0
 30
0.0
 11
368.3999999999998
 21
300.0
 31
0.0
  0
LINE
  5
188
330
17
100
AcDbEntity
  8
M-ARCH-HIDDEN
100
AcDbLine
 10
369.7999999999998
 20
300.0
 30
0.0
 11
371.7999999999998
 21
300.0
 31
0.0
  0
LINE
  5
189
330
17
100
AcDbEntity
  8
M-ARCH-HIDDEN
100
AcDbLine
 10
373.19999999999976
 20
300.0
 30
0.0
 11
375.19999999999976
 21
300.0
 31
0.0
  0
LINE
  5
18A
330
17
100
AcDbEntity
  8
M-ARCH-HIDDEN
100
AcDbLine
 10
376.59999999999974
 20
300.0
 30
0.0
 11
378.59999999999974
 21
300.0
 31
0.0
  0
LINE
  5
18B
330
17
100
AcDbEntity
  8
M-ARCH-HIDDEN
100
AcDbLine
 10
379.9999999999997
 20
300.0
 30
0.0
 11
381.9999999999997
 21
300.0
 31
0.0
  0
LINE
  5
18C
330
17
100
AcDbEntity
  8
M-ARCH-HIDDEN
100
AcDbLine
 10
383.3999999999997
 20
300.0
 30
0.0
 11
385.3999999999997
 21
300.0
 31
0.0
  0
LINE
  5
18D
330
17
100
AcDbEntity
  8
M-ARCH-HIDDEN
100
AcDbLine
 10
386.79999999999967
 20
300.0
 30
0.0
 11
388.79999999999967
 21
300.0
 31
0.0
  0
LINE
  5
18E
330
17
100
AcDbEntity
  8
M-ARCH-HIDDEN
100
AcDbLine
 10
390.19999999999965
 20
300.0
 30
0.0
 11
392.19999999999965
 21
300.0
 31
0.0
  0
LINE
  5
18F
330
17
100
AcDbEntity
  8
M-ARCH-HIDDEN
100
AcDbLine
 10
393.5999999999996
 20
300.0
 30
0.0
 11
395.5999999999996
 21
300.0
 31
0.0
  0
LINE
  5
190
330
17
100
AcDbEntity
  8
M-ARCH-HIDDEN
100
AcDbLine
 10
396.9999999999996
 20
300.0
 30
0.0
 11
398.9999999999996
 21
300.0
 31
0.0
  0
LINE
  5
191
330
17
100
AcDbEntity
  8
M-ARCH-HIDDEN
100
AcDbLine
 10
400.3999999999996
 20
300.0
 30
0.0
 11
402.3999999999996
 21
300.0
 31
0.0
  0
LINE
  5
192
330
17
100
AcDbEntity
  8
M-ARCH-HIDDEN
100
AcDbLine
 10
403.79999999999956
 20
300.0
 30
0.0
 11
405.79999999999956
 21
300.0
 31
0.0
  0
LINE
  5
193
330
17
100
AcDbEntity
  8
M-ARCH-HIDDEN
100
AcDbLine
 10
407.19999999999953
 20
300.0
 30
0.0
 11
409.19999999999953
 21
300.0
 31
0.0
  0
LINE
  5
194
330
17
100
AcDbEntity
  8
M-ARCH-HIDDEN
100
AcDbLine
 10
410.5999999999995
 20
300.0
 30
0.0
 11
412.5999999999995
 21
300.0
 31
0.0
  0
LINE
  5
195
330
17
100
AcDbEntity
  8
M-ARCH-HIDDEN
100
AcDbLine
 10
413.9999999999995
 20
300.0
 30
0.0
 11
415.9999999999995
 21
300.0
 31
0.0
  0
LINE
  5
196
330
17
100
AcDbEntity
  8
M-ARCH-HIDDEN
100
AcDbLine
 10
417.39999999999947
 20
300.0
 30
0.0
 11
419.39999999999947
 21
300.0
 31
0.0
  0
LINE
  5
197
330
17
100
AcDbEntity
  8
M-ARCH-HIDDEN
100
AcDbLine
 10
420.79999999999944
 20
300.0
 30
0.0
 11
422.79999999999944
 21
300.0
 31
0.0
  0
LINE
  5
198
330
17
100
AcDbEntity
  8
M-ARCH-HIDDEN
100
AcDbLine
 10
424.1999999999994
 20
300.0
 30
0.0
 11
426.1999999999994
 21
300.0
 31
0.0
  0
LINE
  5
199
330
17
100
AcDbEntity
  8
M-ARCH-HIDDEN
100
AcDbLine
 10
427.5999999999994
 20
300.0
 30
0.0
 11
429.5999999999994
 21
300.0
 31
0.0
  0
LINE
  5
19A
330
17
100
AcDbEntity
  8
M-ARCH-HIDDEN
100
AcDbLine
 10
430.9999999999994
 20
300.0
 30
0.0
 11
432.9999999999994
 21
300.0
 31
0.0
  0
LINE
  5
19B
330
17
100
AcDbEntity
  8
M-ARCH-HIDDEN
100
AcDbLine
 10
434.39999999999935
 20
300.0
 30
0.0
 11
436.39999999999935
 21
300.0
 31
0.0
  0
LINE
  5
19C
330
17
100
AcDbEntity
  8
M-ARCH-HIDDEN
100
AcDbLine
 10
437.79999999999933
 20
300.0
 30
0.0
 11
439.79999999999933
 21
300.0
 31
0.0
  0
LINE
  5
19D
330
17
100
AcDbEntity
  8
M-ARCH-HIDDEN
100
AcDbLine
 10
441.1999999999993
 20
300.0
 30
0.0
 11
443.1999999999993
 21
300.0
 31
0.0
  0
LINE
  5
19E
330
17
100
AcDbEntity
  8
M-ARCH-HIDDEN
100
AcDbLine
 10
444.5999999999993
 20
300.0
 30
0.0
 11
446.5999999999993
 21
300.0
 31
0.0
  0
LINE
  5
19F
330
17
100
AcDbEntity
  8
M-ARCH-HIDDEN
100
AcDbLine
 10
447.99999999999926
 20
300.0
 30
0.0
 11
449.99999999999926
 21
300.0
 31
0.0
  0
LINE
  5
1A0
330
17
100
AcDbEntity
  8
M-ARCH-HIDDEN
100
AcDbLine
 10
451.39999999999924
 20
300.0
 30
0.0
 11
453.39999999999924
 21
300.0
 31
0.0
  0
LINE
  5
1A1
330
17
100
AcDbEntity
  8
M-ARCH-HIDDEN
100
AcDbLine
 10
454.7999999999992
 20
300.0
 30
0.0
 11
456.7999999999992
 21
300.0
 31
0.0
  0
LINE
  5
1A2
330
17
100
AcDbEntity
  8
M-ARCH-HIDDEN
100
AcDbLine
 10
458.1999999999992
 20
300.0
 30
0.0
 11
460.1999999999992
 21
300.0
 31
0.0
  0
LINE
  5
1A3
330
17
100
AcDbEntity
  8
M-ARCH-HIDDEN
100
AcDbLine
 10
461.59999999999917
 20
300.0
 30
0.0
 11
463.59999999999917
 21
300.0
 31
0.0
  0
LINE
  5
1A4
330
17
100
AcDbEntity
  8
M-ARCH-HIDDEN
100
AcDbLine
 10
464.99999999999915
 20
300.0
 30
0.0
 11
466.99999999999915
 21
300.0
 31
0.0
  0
LINE
  5
1A5
330
17
100
AcDbEntity
  8
M-ARCH-HIDDEN
100
AcDbLine
 10
468.3999999999991
 20
300.0
 30
0.0
 11
470.3999999999991
 21
300.0
 31
0.0
  0
LINE
  5
1A6
330
17
100
AcDbEntity
  8
M-ARCH-HIDDEN
100
AcDbLine
 10
471.7999999999991
 20
300.0
 30
0.0
 11
473.7999999999991
 21
300.0
 31
0.0
  0
LINE
  5
1A7
330
17
100
AcDbEntity
  8
M-ARCH-HIDDEN
100
AcDbLine
 10
475.1999999999991
 20
300.0
 30
0.0
 11
477.1999999999991
 21
300.0
 31
0.0
  0
LINE
  5
1A8
330
17
100
AcDbEntity
  8
M-ARCH-HIDDEN
100
AcDbLine
 10
478.59999999999906
 20
300.0
 30
0.0
 11
480.59999999999906
 21
300.0
 31
0.0
  0
LINE
  5
1A9
330
17
100
AcDbEntity
  8
M-ARCH-HIDDEN
100
AcDbLine
 10
481.99999999999903
 20
300.0
 30
0.0
 11
483.99999999999903
 21
300.0
 31
0.0
  0
LINE
  5
1AA
330
17
100
AcDbEntity
  8
M-ARCH-HIDDEN
100
AcDbLine
 10
485.399999999999
 20
300.0
 30
0.0
 11
487.399999999999
 21
300.0
 31
0.0
  0
LINE
  5
1AB
330
17
100
AcDbEntity
  8
M-ARCH-HIDDEN
100
AcDbLine
 10
488.799999999999
 20
300.0
 30
0.0
 11
490.799999999999
 21
300.0
 31
0.0
  0
LINE
  5
1AC
330
17
100
AcDbEntity
  8
M-ARCH-HIDDEN
100
AcDbLine
 10
492.19999999999897
 20
300.0
 30
0.0
 11
494.19999999999897
 21
300.0
 31
0.0
  0
LINE
  5
1AD
330
17
100
AcDbEntity
  8
M-ARCH-HIDDEN
100
AcDbLine
 10
495.59999999999894
 20
300.0
 30
0.0
 11
497.59999999999894
 21
300.0
 31
0.0
  0
LINE
  5
1AE
330
17
100
AcDbEntity
  8
M-ARCH-HIDDEN
100
AcDbLine
 10
498.9999999999989
 20
300.0
 30
0.0
 11
500.9999999999989
 21
300.0
 31
0.0
  0
LINE
  5
1AF
330
17
100
AcDbEntity
  8
M-ARCH-HIDDEN
100
AcDbLine
 10
502.3999999999989
 20
300.0
 30
0.0
 11
504.3999999999989
 21
300.0
 31
0.0
  0
LINE
  5
1B0
330
17
100
AcDbEntity
  8
M-ARCH-HIDDEN
100
AcDbLine
 10
505.7999999999989
 20
300.0
 30
0.0
 11
507.7999999999989
 21
300.0
 31
0.0
  0
LINE
  5
1B1
330
17
100
AcDbEntity
  8
M-ARCH-HIDDEN
100
AcDbLine
 10
509.19999999999885
 20
300.0
 30
0.0
 11
511.19999999999885
 21
300.0
 31
0.0
  0
LINE
  5
1B2
330
17
100
AcDbEntity
  8
M-ARCH-HIDDEN
100
AcDbLine
 10
512.5999999999988
 20
300.0
 30
0.0
 11
514.5999999999988
 21
300.0
 31
0.0
  0
LINE
  5
1B3
330
17
100
AcDbEntity
  8
M-ARCH-HIDDEN
100
AcDbLine
 10
515.9999999999989
 20
300.0
 30
0.0
 11
517.9999999999989
 21
300.0
 31
0.0
  0
LINE
  5
1B4
330
17
100
AcDbEntity
  8
M-ARCH-HIDDEN
100
AcDbLine
 10
519.3999999999987
 20
300.0
 30
0.0
 11
521.3999999999987
 21
300.0
 31
0.0
  0
LINE
  5
1B5
330
17
100
AcDbEntity
  8
M-ARCH-HIDDEN
100
AcDbLine
 10
522.7999999999988
 20
300.0
 30
0.0
 11
524.7999999999988
 21
300.0
 31
0.0
  0
LINE
  5
1B6
330
17
100
AcDbEntity
  8
M-ARCH-HIDDEN
100
AcDbLine
 10
526.1999999999987
 20
300.0
 30
0.0
 11
528.1999999999987
 21
300.0
 31
0.0
  0
LINE
  5
1B7
330
17
100
AcDbEntity
  8
M-ARCH-HIDDEN
100
AcDbLine
 10
529.5999999999988
 20
300.0
 30
0.0
 11
531.5999999999988
 21
300.0
 31
0.0
  0
LINE
  5
1B8
330
17
100
AcDbEntity
  8
M-ARCH-HIDDEN
100
AcDbLine
 10
532.9999999999986
 20
300.0
 30
0.0
 11
534.9999999999986
 21
300.0
 31
0.0
  0
LINE
  5
1B9
330
17
100
AcDbEntity
  8
M-ARCH-HIDDEN
100
AcDbLine
 10
536.3999999999987
 20
300.0
 30
0.0
 11
538.3999999999987
 21
300.0
 31
0.0
  0
LINE
  5
1BA
330
17
100
AcDbEntity
  8
M-ARCH-HIDDEN
100
AcDbLine
 10
539.7999999999986
 20
300.0
 30
0.0
 11
541.7999999999986
 21
300.0
 31
0.0
  0
LINE
  5
1BB
330
17
100
AcDbEntity
  8
M-ARCH-HIDDEN
100
AcDbLine
 10
543.1999999999987
 20
300.0
 30
0.0
 11
545.1999999999987
 21
300.0
 31
0.0
  0
LINE
  5
1BC
330
17
100
AcDbEntity
  8
M-ARCH-HIDDEN
100
AcDbLine
 10
546.5999999999985
 20
300.0
 30
0.0
 11
548.5999999999985
 21
300.0
 31
0.0
  0
LINE
  5
1BD
330
17
100
AcDbEntity
  8
M-ARCH-HIDDEN
100
AcDbLine
 10
549.9999999999986
 20
300.0
 30
0.0
 11
551.9999999999986
 21
300.0
 31
0.0
  0
LINE
  5
1BE
330
17
100
AcDbEntity
  8
M-ARCH-HIDDEN
100
AcDbLine
 10
553.3999999999986
 20
300.0
 30
0.0
 11
555.3999999999986
 21
300.0
 31
0.0
  0
LINE
  5
1BF
330
17
100
AcDbEntity
  8
M-ARCH-HIDDEN
100
AcDbLine
 10
556.7999999999986
 20
300.0
 30
0.0
 11
558.7999999999986
 21
300.0
 31
0.0
  0
LINE
  5
1C0
330
17
100
AcDbEntity
  8
M-ARCH-HIDDEN
100
AcDbLine
 10
560.1999999999986
 20
300.0
 30
0.0
 11
562.1999999999986
 21
300.0
 31
0.0
  0
LINE
  5
1C1
330
17
100
AcDbEntity
  8
M-ARCH-HIDDEN
100
AcDbLine
 10
563.5999999999985
 20
300.0
 30
0.0
 11
565.5999999999985
 21
300.0
 31
0.0
  0
LINE
  5
1C2
330
17
100
AcDbEntity
  8
M-ARCH-HIDDEN
100
AcDbLine
 10
566.9999999999985
 20
300.0
 30
0.0
 11
568.9999999999985
 21
300.0
 31
0.0
  0
LINE
  5
1C3
330
17
100
AcDbEntity
  8
M-ARCH-HIDDEN
100
AcDbLine
 10
570.3999999999985
 20
300.0
 30
0.0
 11
572.3999999999985
 21
300.0
 31
0.0
  0
LINE
  5
1C4
330
17
100
AcDbEntity
  8
M-ARCH-HIDDEN
100
AcDbLine
 10
573.7999999999985
 20
300.0
 30
0.0
 11
575.7999999999985
 21
300.0
 31
0.0
  0
LINE
  5
1C5
330
17
100
AcDbEntity
  8
M-ARCH-HIDDEN
100
AcDbLine
 10
577.1999999999985
 20
300.0
 30
0.0
 11
579.1999999999985
 21
300.0
 31
0.0
  0
LINE
  5
1C6
330
17
100
AcDbEntity
  8
M-ARCH-HIDDEN
100
AcDbLine
 10
580.5999999999984
 20
300.0
 30
0.0
 11
582.5999999999984
 21
300.0
 31
0.0
  0
LINE
  5
1C7
330
17
100
AcDbEntity
  8
M-ARCH-HIDDEN
100
AcDbLine
 10
583.9999999999984
 20
300.0
 30
0.0
 11
585.9999999999984
 21
300.0
 31
0.0
  0
LINE
  5
1C8
330
17
100
AcDbEntity
  8
M-ARCH-HIDDEN
100
AcDbLine
 10
587.3999999999984
 20
300.0
 30
0.0
 11
589.3999999999984
 21
300.0
 31
0.0
  0
LINE
  5
1C9
330
17
100
AcDbEntity
  8
M-ARCH-HIDDEN
100
AcDbLine
 10
590.7999999999984
 20
300.0
 30
0.0
 11
592.7999999999984
 21
300.0
 31
0.0
  0
LINE
  5
1CA
330
17
100
AcDbEntity
  8
M-ARCH-HIDDEN
100
AcDbLine
 10
594.1999999999983
 20
300.0
 30
0.0
 11
596.1999999999983
 21
300.0
 31
0.0
  0
LINE
  5
1CB
330
17
100
AcDbEntity
  8
M-ARCH-HIDDEN
100
AcDbLine
 10
597.5999999999983
 20
300.0
 30
0.0
 11
599.5999999999983
 21
300.0
 31
0.0
  0
LINE
  5
1CC
330
17
100
AcDbEntity
  8
M-ARCH-HIDDEN
100
AcDbLine
 10
600.9999999999983
 20
300.0
 30
0.0
 11
602.9999999999983
 21
300.0
 31
0.0
  0
LINE
  5
1CD
330
17
100
AcDbEntity
  8
M-ARCH-HIDDEN
100
AcDbLine
 10
604.3999999999983
 20
300.0
 30
0.0
 11
606.3999999999983
 21
300.0
 31
0.0
  0
LINE
  5
1CE
330
17
100
AcDbEntity
  8
M-ARCH-HIDDEN
100
AcDbLine
 10
607.7999999999982
 20
300.0
 30
0.0
 11
609.7999999999982
 21
300.0
 31
0.0
  0
LINE
  5
1CF
330
17
100
AcDbEntity
  8
M-ARCH-HIDDEN
100
AcDbLine
 10
611.1999999999982
 20
300.0
 30
0.0
 11
613.1999999999982
 21
300.0
 31
0.0
  0
LINE
  5
1D0
330
17
100
AcDbEntity
  8
M-ARCH-HIDDEN
100
AcDbLine
 10
614.5999999999982
 20
300.0
 30
0.0
 11
616.5999999999982
 21
300.0
 31
0.0
  0
LINE
  5
1D1
330
17
100
AcDbEntity
  8
M-ARCH-HIDDEN
100
AcDbLine
 10
617.9999999999982
 20
300.0
 30
0.0
 11
618.9473684210526
 21
300.0
 31
0.0
  0
LINE
  5
1D2
330
17
100
AcDbEntity
  8
M-ARCH-HIDDEN
100
AcDbLine
 10
618.9473684210526
 20
300.0
 30
0.0
 11
618.9473684210526
 21
302.0
 31
0.0
  0
LINE
  5
1D3
330
17
100
AcDbEntity
  8
M-ARCH-HIDDEN
100
AcDbLine
 10
618.9473684210526
 20
303.4
 30
0.0
 11
618.9473684210526
 21
305.4
 31
0.0
  0
LINE
  5
1D4
330
17
100
AcDbEntity
  8
M-ARCH-HIDDEN
100
AcDbLine
 10
618.9473684210526
 20
306.8
 30
0.0
 11
618.9473684210526
 21
308.8
 31
0.0
  0
LINE
  5
1D5
330
17
100
AcDbEntity
  8
M-ARCH-HIDDEN
100
AcDbLine
 10
618.9473684210526
 20
310.2
 30
0.0
 11
618.9473684210526
 21
312.2
 31
0.0
  0
LINE
  5
1D6
330
17
100
AcDbEntity
  8
M-ARCH-HIDDEN
100
AcDbLine
 10
618.9473684210526
 20
313.6
 30
0.0
 11
618.9473684210526
 21
315.6
 31
0.0
  0
LINE
  5
1D7
330
17
100
AcDbEntity
  8
M-ARCH-HIDDEN
100
AcDbLine
 10
618.9473684210526
 20
317.0
 30
0.0
 11
618.9473684210526
 21
319.0
 31
0.0
  0
LINE
  5
1D8
330
17
100
AcDbEntity
  8
M-ARCH-HIDDEN
100
AcDbLine
 10
618.9473684210526
 20
320.4
 30
0.0
 11
618.9473684210526
 21
322.4
 31
0.0
  0
LINE
  5
1D9
330
17
100
AcDbEntity
  8
M-ARCH-HIDDEN
100
AcDbLine
 10
618.9473684210526
 20
323.8
 30
0.0
 11
618.9473684210526
 21
325.8
 31
0.0
  0
LINE
  5
1DA
330
17
100
AcDbEntity
  8
M-ARCH-HIDDEN
100
AcDbLine
 10
618.9473684210526
 20
327.2
 30
0.0
 11
618.9473684210526
 21
329.2
 31
0.0
  0
LINE
  5
1DB
330
17
100
AcDbEntity
  8
M-ARCH-HIDDEN
100
AcDbLine
 10
618.9473684210526
 20
330.6
 30
0.0
 11
618.9473684210526
 21
332.6
 31
0.0
  0
LINE
  5
1DC
330
17
100
AcDbEntity
  8
M-ARCH-HIDDEN
100
AcDbLine
 10
618.9473684210526
 20
334.0
 30
0.0
 11
618.9473684210526
 21
336.0
 31
0.0
  0
LINE
  5
1DD
330
17
100
AcDbEntity
  8
M-ARCH-HIDDEN
100
AcDbLine
 10
618.9473684210526
 20
337.4
 30
0.0
 11
618.9473684210526
 21
339.4
 31
0.0
  0
LINE
  5
1DE
330
17
100
AcDbEntity
  8
M-ARCH-HIDDEN
100
AcDbLine
 10
618.9473684210526
 20
340.8
 30
0.0
 11
618.9473684210526
 21
342.8
 31
0.0
  0
LINE
  5
1DF
330
17
100
AcDbEntity
  8
M-ARCH-HIDDEN
100
AcDbLine
 10
618.9473684210526
 20
344.2
 30
0.0
 11
618.9473684210526
 21
346.2
 31
0.0
  0
LINE
  5
1E0
330
17
100
AcDbEntity
  8
M-ARCH-HIDDEN
100
AcDbLine
 10
618.9473684210526
 20
347.59999999999997
 30
0.0
 11
618.9473684210526
 21
349.59999999999997
 31
0.0
  0
LINE
  5
1E1
330
17
100
AcDbEntity
  8
M-ARCH-HIDDEN
100
AcDbLine
 10
618.9473684210526
 20
351.0
 30
0.0
 11
618.9473684210526
 21
353.0
 31
0.0
  0
LINE
  5
1E2
330
17
100
AcDbEntity
  8
M-ARCH-HIDDEN
100
AcDbLine
 10
618.9473684210526
 20
354.4
 30
0.0
 11
618.9473684210526
 21
356.4
 31
0.0
  0
LINE
  5
1E3
330
17
100
AcDbEntity
  8
M-ARCH-HIDDEN
100
AcDbLine
 10
618.9473684210526
 20
357.79999999999995
 30
0.0
 11
618.9473684210526
 21
359.79999999999995
 31
0.0
  0
LINE
  5
1E4
330
17
100
AcDbEntity
  8
M-ARCH-HIDDEN
100
AcDbLine
 10
618.9473684210526
 20
361.2
 30
0.0
 11
618.9473684210526
 21
363.2
 31
0.0
  0
LINE
  5
1E5
330
17
100
AcDbEntity
  8
M-ARCH-HIDDEN
100
AcDbLine
 10
618.9473684210526
 20
364.59999999999997
 30
0.0
 11
618.9473684210526
 21
366.59999999999997
 31
0.0
  0
LINE
  5
1E6
330
17
100
AcDbEntity
  8
M-ARCH-HIDDEN
100
AcDbLine
 10
618.9473684210526
 20
368.0
 30
0.0
 11
618.9473684210526
 21
370.0
 31
0.0
  0
LINE
  5
1E7
330
17
100
AcDbEntity
  8
M-ARCH-HIDDEN
100
AcDbLine
 10
618.9473684210526
 20
371.4
 30
0.0
 11
618.9473684210526
 21
373.4
 31
0.0
  0
LINE
  5
1E8
330
17
100
AcDbEntity
  8
M-ARCH-HIDDEN
100
AcDbLine
 10
618.9473684210526
 20
374.8
 30
0.0
 11
618.9473684210526
 21
376.8
 31
0.0
  0
LINE
  5
1E9
330
17
100
AcDbEntity
  8
M-ARCH-HIDDEN
100
AcDbLine
 10
618.9473684210526
 20
378.2
 30
0.0
 11
618.9473684210526
 21
380.2
 31
0.0
  0
LINE
  5
1EA
330
17
100
AcDbEntity
  8
M-ARCH-HIDDEN
100
AcDbLine
 10
618.9473684210526
 20
381.6
 30
0.0
 11
618.9473684210526
 21
383.6
 31
0.0
  0
LINE
  5
1EB
330
17
100
AcDbEntity
  8
M-ARCH-HIDDEN
100
AcDbLine
 10
618.9473684210526
 20
385.0
 30
0.0
 11
618.9473684210526
 21
387.0
 31
0.0
  0
LINE
  5
1EC
330
17
100
AcDbEntity
  8
M-ARCH-HIDDEN
100
AcDbLine
 10
618.9473684210526
 20
388.40000000000003
 30
0.0
 11
618.9473684210526
 21
390.40000000000003
 31
0.0
  0
LINE
  5
1ED
330
17
100
AcDbEntity
  8
M-ARCH-HIDDEN
100
AcDbLine
 10
618.9473684210526
 20
391.8
 30
0.0
 11
618.9473684210526
 21
393.8
 31
0.0
  0
LINE
  5
1EE
330
17
100
AcDbEntity
  8
M-ARCH-HIDDEN
100
AcDbLine
 10
618.9473684210526
 20
395.20000000000005
 30
0.0
 11
618.9473684210526
 21
397.20000000000005
 31
0.0
  0
LINE
  5
1EF
330
17
100
AcDbEntity
  8
M-ARCH-HIDDEN
100
AcDbLine
 10
618.9473684210526
 20
398.6
 30
0.0
 11
618.9473684210526
 21
400.6
 31
0.0
  0
LINE
  5
1F0
330
17
100
AcDbEntity
  8
M-ARCH-HIDDEN
100
AcDbLine
 10
618.9473684210526
 20
402.00000000000006
 30
0.0
 11
618.9473684210526
 21
404.00000000000006
 31
0.0
  0
LINE
  5
1F1
330
17
100
AcDbEntity
  8
M-ARCH-HIDDEN
100
AcDbLine
 10
618.9473684210526
 20
405.40000000000003
 30
0.0
 11
618.9473684210526
 21
407.40000000000003
 31
0.0
  0
LINE
  5
1F2
330
17
100
AcDbEntity
  8
M-ARCH-HIDDEN
100
AcDbLine
 10
618.9473684210526
 20
408.80000000000007
 30
0.0
 11
618.9473684210526
 21
410.80000000000007
 31
0.0
  0
LINE
  5
1F3
330
17
100
AcDbEntity
  8
M-ARCH-HIDDEN
100
AcDbLine
 10
618.9473684210526
 20
412.20000000000005
 30
0.0
 11
618.9473684210526
 21
414.20000000000005
 31
0.0
  0
LINE
  5
1F4
330
17
100
AcDbEntity
  8
M-ARCH-HIDDEN
100
AcDbLine
 10
618.9473684210526
 20
415.6000000000001
 30
0.0
 11
618.9473684210526
 21
417.6000000000001
 31
0.0
  0
LINE
  5
1F5
330
17
100
AcDbEntity
  8
M-ARCH-HIDDEN
100
AcDbLine
 10
618.9473684210526
 20
419.00000000000006
 30
0.0
 11
618.9473684210526
 21
421.00000000000006
 31
0.0
  0
LINE
  5
1F6
330
17
100
AcDbEntity
  8
M-ARCH-HIDDEN
100
AcDbLine
 10
618.9473684210526
 20
422.4000000000001
 30
0.0
 11
618.9473684210526
 21
424.4000000000001
 31
0.0
  0
LINE
  5
1F7
330
17
100
AcDbEntity
  8
M-ARCH-HIDDEN
100
AcDbLine
 10
618.9473684210526
 20
425.80000000000007
 30
0.0
 11
618.9473684210526
 21
427.80000000000007
 31
0.0
  0
LINE
  5
1F8
330
17
100
AcDbEntity
  8
M-ARCH-HIDDEN
100
AcDbLine
 10
618.9473684210526
 20
429.20000000000005
 30
0.0
 11
618.9473684210526
 21
431.20000000000005
 31
0.0
  0
LINE
  5
1F9
330
17
100
AcDbEntity
  8
M-ARCH-HIDDEN
100
AcDbLine
 10
618.9473684210526
 20
432.6000000000001
 30
0.0
 11
618.9473684210526
 21
434.6000000000001
 31
0.0
  0
LINE
  5
1FA
330
17
100
AcDbEntity
  8
M-ARCH-HIDDEN
100
AcDbLine
 10
618.9473684210526
 20
436.0000000000001
 30
0.0
 11
618.9473684210526
 21
438.0000000000001
 31
0.0
  0
LINE
  5
1FB
330
17
100
AcDbEntity
  8
M-ARCH-HIDDEN
100
AcDbLine
 10
618.9473684210526
 20
439.4000000000001
 30
0.0
 11
618.9473684210526
 21
441.4000000000001
 31
0.0
  0
LINE
  5
1FC
330
17
100
AcDbEntity
  8
M-ARCH-HIDDEN
100
AcDbLine
 10
618.9473684210526
 20
442.80000000000007
 30
0.0
 11
618.9473684210526
 21
444.80000000000007
 31
0.0
  0
LINE
  5
1FD
330
17
100
AcDbEntity
  8
M-ARCH-HIDDEN
100
AcDbLine
 10
618.9473684210526
 20
446.2000000000001
 30
0.0
 11
618.9473684210526
 21
448.2000000000001
 31
0.0
  0
LINE
  5
1FE
330
17
100
AcDbEntity
  8
M-ARCH-HIDDEN
100
AcDbLine
 10
618.9473684210526
 20
449.60000000000014
 30
0.0
 11
618.9473684210526
 21
451.60000000000014
 31
0.0
  0
LINE
  5
1FF
330
17
100
AcDbEntity
  8
M-ARCH-HIDDEN
100
AcDbLine
 10
618.9473684210526
 20
453.0000000000001
 30
0.0
 11
618.9473684210526
 21
455.0000000000001
 31
0.0
  0
LINE
  5
200
330
17
100
AcDbEntity
  8
M-ARCH-HIDDEN
100
AcDbLine
 10
618.9473684210526
 20
456.4000000000001
 30
0.0
 11
618.9473684210526
 21
458.4000000000001
 31
0.0
  0
LINE
  5
201
330
17
100
AcDbEntity
  8
M-ARCH-HIDDEN
100
AcDbLine
 10
618.9473684210526
 20
459.8000000000001
 30
0.0
 11
618.9473684210526
 21
461.8000000000001
 31
0.0
  0
LINE
  5
202
330
17
100
AcDbEntity
  8
M-ARCH-HIDDEN
100
AcDbLine
 10
618.9473684210526
 20
463.1578947368421
 30
0.0
 11
616.9473684210526
 21
463.1578947368421
 31
0.0
  0
LINE
  5
203
330
17
100
AcDbEntity
  8
M-ARCH-HIDDEN
100
AcDbLine
 10
615.5473684210526
 20
463.1578947368421
 30
0.0
 11
613.5473684210526
 21
463.1578947368421
 31
0.0
  0
LINE
  5
204
330
17
100
AcDbEntity
  8
M-ARCH-HIDDEN
100
AcDbLine
 10
612.1473684210526
 20
463.1578947368421
 30
0.0
 11
610.1473684210526
 21
463.1578947368421
 31
0.0
  0
LINE
  5
205
330
17
100
AcDbEntity
  8
M-ARCH-HIDDEN
100
AcDbLine
 10
608.7473684210526
 20
463.1578947368421
 30
0.0
 11
606.7473684210526
 21
463.1578947368421
 31
0.0
  0
LINE
  5
206
330
17
100
AcDbEntity
  8
M-ARCH-HIDDEN
100
AcDbLine
 10
605.3473684210526
 20
463.1578947368421
 30
0.0
 11
603.3473684210526
 21
463.1578947368421
 31
0.0
  0
LINE
  5
207
330
17
100
AcDbEntity
  8
M-ARCH-HIDDEN
100
AcDbLine
 10
601.9473684210526
 20
463.1578947368421
 30
0.0
 11
599.9473684210526
 21
463.1578947368421
 31
0.0
  0
LINE
  5
208
330
17
100
AcDbEntity
  8
M-ARCH-HIDDEN
100
AcDbLine
 10
598.5473684210526
 20
463.1578947368421
 30
0.0
 11
596.5473684210526
 21
463.1578947368421
 31
0.0
  0
LINE
  5
209
330
17
100
AcDbEntity
  8
M-ARCH-HIDDEN
100
AcDbLine
 10
595.1473684210526
 20
463.1578947368421
 30
0.0
 11
593.1473684210526
 21
463.1578947368421
 31
0.0
  0
LINE
  5
20A
330
17
100
AcDbEntity
  8
M-ARCH-HIDDEN
100
AcDbLine
 10
591.7473684210526
 20
463.1578947368421
 30
0.0
 11
589.7473684210526
 21
463.1578947368421
 31
0.0
  0
LINE
  5
20B
330
17
100
AcDbEntity
  8
M-ARCH-HIDDEN
100
AcDbLine
 10
588.3473684210526
 20
463.1578947368421
 30
0.0
 11
586.3473684210526
 21
463.1578947368421
 31
0.0
  0
LINE
  5
20C
330
17
100
AcDbEntity
  8
M-ARCH-HIDDEN
100
AcDbLine
 10
584.9473684210526
 20
463.1578947368421
 30
0.0
 11
582.9473684210526
 21
463.1578947368421
 31
0.0
  0
LINE
  5
20D
330
17
100
AcDbEntity
  8
M-ARCH-HIDDEN
100
AcDbLine
 10
581.5473684210526
 20
463.1578947368421
 30
0.0
 11
579.5473684210526
 21
463.1578947368421
 31
0.0
  0
LINE
  5
20E
330
17
100
AcDbEntity
  8
M-ARCH-HIDDEN
100
AcDbLine
 10
578.1473684210526
 20
463.1578947368421
 30
0.0
 11
576.1473684210526
 21
463.1578947368421
 31
0.0
  0
LINE
  5
20F
330
17
100
AcDbEntity
  8
M-ARCH-HIDDEN
100
AcDbLine
 10
574.7473684210527
 20
463.1578947368421
 30
0.0
 11
572.7473684210527
 21
463.1578947368421
 31
0.0
  0
LINE
  5
210
330
17
100
AcDbEntity
  8
M-ARCH-HIDDEN
100
AcDbLine
 10
571.3473684210526
 20
463.1578947368421
 30
0.0
 11
569.3473684210526
 21
463.1578947368421
 31
0.0
  0
LINE
  5
211
330
17
100
AcDbEntity
  8
M-ARCH-HIDDEN
100
AcDbLine
 10
567.9473684210526
 20
463.1578947368421
 30
0.0
 11
565.9473684210526
 21
463.1578947368421
 31
0.0
  0
LINE
  5
212
330
17
100
AcDbEntity
  8
M-ARCH-HIDDEN
100
AcDbLine
 10
564.5473684210526
 20
463.1578947368421
 30
0.0
 11
562.5473684210526
 21
463.1578947368421
 31
0.0
  0
LINE
  5
213
330
17
100
AcDbEntity
  8
M-ARCH-HIDDEN
100
AcDbLine
 10
561.1473684210526
 20
463.1578947368421
 30
0.0
 11
559.1473684210526
 21
463.1578947368421
 31
0.0
  0
LINE
  5
214
330
17
100
AcDbEntity
  8
M-ARCH-HIDDEN
100
AcDbLine
 10
557.7473684210527
 20
463.1578947368421
 30
0.0
 11
555.7473684210527
 21
463.1578947368421
 31
0.0
  0
LINE
  5
215
330
17
100
AcDbEntity
  8
M-ARCH-HIDDEN
100
AcDbLine
 10
554.3473684210526
 20
463.1578947368421
 30
0.0
 11
552.3473684210526
 21
463.1578947368421
 31
0.0
  0
LINE
  5
216
330
17
100
AcDbEntity
  8
M-ARCH-HIDDEN
100
AcDbLine
 10
550.9473684210526
 20
463.1578947368421
 30
0.0
 11
548.9473684210526
 21
463.1578947368421
 31
0.0
  0
LINE
  5
217
330
17
100
AcDbEntity
  8
M-ARCH-HIDDEN
100
AcDbLine
 10
547.5473684210526
 20
463.1578947368421
 30
0.0
 11
545.5473684210526
 21
463.1578947368421
 31
0.0
  0
LINE
  5
218
330
17
100
AcDbEntity
  8
M-ARCH-HIDDEN
100
AcDbLine
 10
544.1473684210526
 20
463.1578947368421
 30
0.0
 11
542.1473684210526
 21
463.1578947368421
 31
0.0
  0
LINE
  5
219
330
17
100
AcDbEntity
  8
M-ARCH-HIDDEN
100
AcDbLine
 10
540.7473684210526
 20
463.1578947368421
 30
0.0
 11
538.7473684210526
 21
463.1578947368421
 31
0.0
  0
LINE
  5
21A
330
17
100
AcDbEntity
  8
M-ARCH-HIDDEN
100
AcDbLine
 10
537.3473684210526
 20
463.1578947368421
 30
0.0
 11
535.3473684210526
 21
463.1578947368421
 31
0.0
  0
LINE
  5
21B
330
17
100
AcDbEntity
  8
M-ARCH-HIDDEN
100
AcDbLine
 10
533.9473684210526
 20
463.1578947368421
 30
0.0
 11
531.9473684210526
 21
463.1578947368421
 31
0.0
  0
LINE
  5
21C
330
17
100
AcDbEntity
  8
M-ARCH-HIDDEN
100
AcDbLine
 10
530.5473684210526
 20
463.1578947368421
 30
0.0
 11
528.5473684210526
 21
463.1578947368421
 31
0.0
  0
LINE
  5
21D
330
17
100
AcDbEntity
  8
M-ARCH-HIDDEN
100
AcDbLine
 10
527.1473684210525
 20
463.1578947368421
 30
0.0
 11
525.1473684210525
 21
463.1578947368421
 31
0.0
  0
LINE
  5
21E
330
17
100
AcDbEntity
  8
M-ARCH-HIDDEN
100
AcDbLine
 10
523.7473684210526
 20
463.1578947368421
 30
0.0
 11
521.7473684210526
 21
463.1578947368421
 31
0.0
  0
LINE
  5
21F
330
17
100
AcDbEntity
  8
M-ARCH-HIDDEN
100
AcDbLine
 10
520.3473684210526
 20
463.1578947368421
 30
0.0
 11
518.3473684210526
 21
463.1578947368421
 31
0.0
  0
LINE
  5
220
330
17
100
AcDbEntity
  8
M-ARCH-HIDDEN
100
AcDbLine
 10
516.9473684210526
 20
463.1578947368421
 30
0.0
 11
514.9473684210526
 21
463.1578947368421
 31
0.0
  0
LINE
  5
221
330
17
100
AcDbEntity
  8
M-ARCH-HIDDEN
100
AcDbLine
 10
513.5473684210525
 20
463.1578947368421
 30
0.0
 11
511.54736842105257
 21
463.1578947368421
 31
0.0
  0
LINE
  5
222
330
17
100
AcDbEntity
  8
M-ARCH-HIDDEN
100
AcDbLine
 10
510.14736842105253
 20
463.1578947368421
 30
0.0
 11
508.14736842105253
 21
463.1578947368421
 31
0.0
  0
LINE
  5
223
330
17
100
AcDbEntity
  8
M-ARCH-HIDDEN
100
AcDbLine
 10
506.74736842105256
 20
463.1578947368421
 30
0.0
 11
504.74736842105256
 21
463.1578947368421
 31
0.0
  0
LINE
  5
224
330
17
100
AcDbEntity
  8
M-ARCH-HIDDEN
100
AcDbLine
 10
503.3473684210525
 20
463.1578947368421
 30
0.0
 11
501.3473684210525
 21
463.1578947368421
 31
0.0
  0
LINE
  5
225
330
17
100
AcDbEntity
  8
M-ARCH-HIDDEN
100
AcDbLine
 10
499.94736842105254
 20
463.1578947368421
 30
0.0
 11
497.94736842105254
 21
463.1578947368421
 31
0.0
  0
LINE
  5
226
330
17
100
AcDbEntity
  8
M-ARCH-HIDDEN
100
AcDbLine
 10
496.5473684210525
 20
463.1578947368421
 30
0.0
 11
494.5473684210525
 21
463.1578947368421
 31
0.0
  0
LINE
  5
227
330
17
100
AcDbEntity
  8
M-ARCH-HIDDEN
100
AcDbLine
 10
493.14736842105253
 20
463.1578947368421
 30
0.0
 11
491.14736842105253
 21
463.1578947368421
 31
0.0
  0
LINE
  5
228
330
17
100
AcDbEntity
  8
M-ARCH-HIDDEN
100
AcDbLine
 10
489.74736842105256
 20
463.1578947368421
 30
0.0
 11
487.74736842105256
 21
463.1578947368421
 31
0.0
  0
LINE
  5
229
330
17
100
AcDbEntity
  8
M-ARCH-HIDDEN
100
AcDbLine
 10
486.3473684210525
 20
463.1578947368421
 30
0.0
 11
484.3473684210525
 21
463.1578947368421
 31
0.0
  0
LINE
  5
22A
330
17
100
AcDbEntity
  8
M-ARCH-HIDDEN
100
AcDbLine
 10
482.9473684210525
 20
463.1578947368421
 30
0.0
 11
480.9473684210525
 21
463.1578947368421
 31
0.0
  0
LINE
  5
22B
330
17
100
AcDbEntity
  8
M-ARCH-HIDDEN
100
AcDbLine
 10
479.5473684210525
 20
463.1578947368421
 30
0.0
 11
477.5473684210525
 21
463.1578947368421
 31
0.0
  0
LINE
  5
22C
330
17
100
AcDbEntity
  8
M-ARCH-HIDDEN
100
AcDbLine
 10
476.14736842105253
 20
463.1578947368421
 30
0.0
 11
474.14736842105253
 21
463.1578947368421
 31
0.0
  0
LINE
  5
22D
330
17
100
AcDbEntity
  8
M-ARCH-HIDDEN
100
AcDbLine
 10
472.7473684210525
 20
463.1578947368421
 30
0.0
 11
470.7473684210525
 21
463.1578947368421
 31
0.0
  0
LINE
  5
22E
330
17
100
AcDbEntity
  8
M-ARCH-HIDDEN
100
AcDbLine
 10
469.34736842105247
 20
463.1578947368421
 30
0.0
 11
467.34736842105247
 21
463.1578947368421
 31
0.0
  0
LINE
  5
22F
330
17
100
AcDbEntity
  8
M-ARCH-HIDDEN
100
AcDbLine
 10
465.9473684210525
 20
463.1578947368421
 30
0.0
 11
463.9473684210525
 21
463.1578947368421
 31
0.0
  0
LINE
  5
230
330
17
100
AcDbEntity
  8
M-ARCH-HIDDEN
100
AcDbLine
 10
462.5473684210525
 20
463.1578947368421
 30
0.0
 11
460.5473684210525
 21
463.1578947368421
 31
0.0
  0
LINE
  5
231
330
17
100
AcDbEntity
  8
M-ARCH-HIDDEN
100
AcDbLine
 10
459.1473684210525
 20
463.1578947368421
 30
0.0
 11
457.1473684210525
 21
463.1578947368421
 31
0.0
  0
LINE
  5
232
330
17
100
AcDbEntity
  8
M-ARCH-HIDDEN
100
AcDbLine
 10
455.74736842105244
 20
463.1578947368421
 30
0.0
 11
453.74736842105244
 21
463.1578947368421
 31
0.0
  0
LINE
  5
233
330
17
100
AcDbEntity
  8
M-ARCH-HIDDEN
100
AcDbLine
 10
452.34736842105247
 20
463.1578947368421
 30
0.0
 11
450.34736842105247
 21
463.1578947368421
 31
0.0
  0
LINE
  5
234
330
17
100
AcDbEntity
  8
M-ARCH-HIDDEN
100
AcDbLine
 10
448.9473684210525
 20
463.1578947368421
 30
0.0
 11
446.9473684210525
 21
463.1578947368421
 31
0.0
  0
LINE
  5
235
330
17
100
AcDbEntity
  8
M-ARCH-HIDDEN
100
AcDbLine
 10
445.54736842105245
 20
463.1578947368421
 30
0.0
 11
443.54736842105245
 21
463.1578947368421
 31
0.0
  0
LINE
  5
236
330
17
100
AcDbEntity
  8
M-ARCH-HIDDEN
100
AcDbLine
 10
442.1473684210524
 20
463.1578947368421
 30
0.0
 11
440.1473684210524
 21
463.1578947368421
 31
0.0
  0
LINE
  5
237
330
17
100
AcDbEntity
  8
M-ARCH-HIDDEN
100
AcDbLine
 10
438.74736842105244
 20
463.1578947368421
 30
0.0
 11
436.74736842105244
 21
463.1578947368421
 31
0.0
  0
LINE
  5
238
330
17
100
AcDbEntity
  8
M-ARCH-HIDDEN
100
AcDbLine
 10
435.34736842105247
 20
463.1578947368421
 30
0.0
 11
433.34736842105247
 21
463.1578947368421
 31
0.0
  0
LINE
  5
239
330
17
100
AcDbEntity
  8
M-ARCH-HIDDEN
100
AcDbLine
 10
431.94736842105243
 20
463.1578947368421
 30
0.0
 11
429.94736842105243
 21
463.1578947368421
 31
0.0
  0
LINE
  5
23A
330
17
100
AcDbEntity
  8
M-ARCH-HIDDEN
100
AcDbLine
 10
428.5473684210524
 20
463.1578947368421
 30
0.0
 11
426.5473684210524
 21
463.1578947368421
 31
0.0
  0
LINE
  5
23B
330
17
100
AcDbEntity
  8
M-ARCH-HIDDEN
100
AcDbLine
 10
425.1473684210524
 20
463.1578947368421
 30
0.0
 11
423.1473684210524
 21
463.1578947368421
 31
0.0
  0
LINE
  5
23C
330
17
100
AcDbEntity
  8
M-ARCH-HIDDEN
100
AcDbLine
 10
421.74736842105244
 20
463.1578947368421
 30
0.0
 11
419.74736842105244
 21
463.1578947368421
 31
0.0
  0
LINE
  5
23D
330
17
100
AcDbEntity
  8
M-ARCH-HIDDEN
100
AcDbLine
 10
418.3473684210524
 20
463.1578947368421
 30
0.0
 11
416.3473684210524
 21
463.1578947368421
 31
0.0
  0
LINE
  5
23E
330
17
100
AcDbEntity
  8
M-ARCH-HIDDEN
100
AcDbLine
 10
414.9473684210524
 20
463.1578947368421
 30
0.0
 11
412.9473684210524
 21
463.1578947368421
 31
0.0
  0
LINE
  5
23F
330
17
100
AcDbEntity
  8
M-ARCH-HIDDEN
100
AcDbLine
 10
411.5473684210524
 20
463.1578947368421
 30
0.0
 11
409.5473684210524
 21
463.1578947368421
 31
0.0
  0
LINE
  5
240
330
17
100
AcDbEntity
  8
M-ARCH-HIDDEN
100
AcDbLine
 10
408.1473684210524
 20
463.1578947368421
 30
0.0
 11
406.1473684210524
 21
463.1578947368421
 31
0.0
  0
LINE
  5
241
330
17
100
AcDbEntity
  8
M-ARCH-HIDDEN
100
AcDbLine
 10
404.7473684210524
 20
463.1578947368421
 30
0.0
 11
402.7473684210524
 21
463.1578947368421
 31
0.0
  0
LINE
  5
242
330
17
100
AcDbEntity
  8
M-ARCH-HIDDEN
100
AcDbLine
 10
401.34736842105235
 20
463.1578947368421
 30
0.0
 11
399.34736842105235
 21
463.1578947368421
 31
0.0
  0
LINE
  5
243
330
17
100
AcDbEntity
  8
M-ARCH-HIDDEN
100
AcDbLine
 10
397.9473684210524
 20
463.1578947368421
 30
0.0
 11
395.9473684210524
 21
463.1578947368421
 31
0.0
  0
LINE
  5
244
330
17
100
AcDbEntity
  8
M-ARCH-HIDDEN
100
AcDbLine
 10
394.5473684210524
 20
463.1578947368421
 30
0.0
 11
392.5473684210524
 21
463.1578947368421
 31
0.0
  0
LINE
  5
245
330
17
100
AcDbEntity
  8
M-ARCH-HIDDEN
100
AcDbLine
 10
391.14736842105236
 20
463.1578947368421
 30
0.0
 11
389.14736842105236
 21
463.1578947368421
 31
0.0
  0
LINE
  5
246
330
17
100
AcDbEntity
  8
M-ARCH-HIDDEN
100
AcDbLine
 10
387.74736842105233
 20
463.1578947368421
 30
0.0
 11
385.74736842105233
 21
463.1578947368421
 31
0.0
  0
LINE
  5
247
330
17
100
AcDbEntity
  8
M-ARCH-HIDDEN
100
AcDbLine
 10
384.34736842105235
 20
463.1578947368421
 30
0.0
 11
382.34736842105235
 21
463.1578947368421
 31
0.0
  0
LINE
  5
248
330
17
100
AcDbEntity
  8
M-ARCH-HIDDEN
100
AcDbLine
 10
380.9473684210524
 20
463.1578947368421
 30
0.0
 11
378.9473684210524
 21
463.1578947368421
 31
0.0
  0
LINE
  5
249
330
17
100
AcDbEntity
  8
M-ARCH-HIDDEN
100
AcDbLine
 10
377.54736842105234
 20
463.1578947368421
 30
0.0
 11
375.54736842105234
 21
463.1578947368421
 31
0.0
  0
LINE
  5
24A
330
17
100
AcDbEntity
  8
M-ARCH-HIDDEN
100
AcDbLine
 10
374.1473684210523
 20
463.1578947368421
 30
0.0
 11
372.1473684210523
 21
463.1578947368421
 31
0.0
  0
LINE
  5
24B
330
17
100
AcDbEntity
  8
M-ARCH-HIDDEN
100
AcDbLine
 10
370.74736842105233
 20
463.1578947368421
 30
0.0
 11
368.74736842105233
 21
463.1578947368421
 31
0.0
  0
LINE
  5
24C
330
17
100
AcDbEntity
  8
M-ARCH-HIDDEN
100
AcDbLine
 10
367.34736842105235
 20
463.1578947368421
 30
0.0
 11
365.34736842105235
 21
463.1578947368421
 31
0.0
  0
LINE
  5
24D
330
17
100
AcDbEntity
  8
M-ARCH-HIDDEN
100
AcDbLine
 10
363.9473684210523
 20
463.1578947368421
 30
0.0
 11
361.9473684210523
 21
463.1578947368421
 31
0.0
  0
LINE
  5
24E
330
17
100
AcDbEntity
  8
M-ARCH-HIDDEN
100
AcDbLine
 10
360.54736842105234
 20
463.1578947368421
 30
0.0
 11
358.54736842105234
 21
463.1578947368421
 31
0.0
  0
LINE
  5
24F
330
17
100
AcDbEntity
  8
M-ARCH-HIDDEN
100
AcDbLine
 10
357.14736842105236
 20
463.1578947368421
 30
0.0
 11
355.14736842105236
 21
463.1578947368421
 31
0.0
  0
LINE
  5
250
330
17
100
AcDbEntity
  8
M-ARCH-HIDDEN
100
AcDbLine
 10
353.7473684210524
 20
463.1578947368421
 30
0.0
 11
351.7473684210524
 21
463.1578947368421
 31
0.0
  0
LINE
  5
251
330
17
100
AcDbEntity
  8
M-ARCH-HIDDEN
100
AcDbLine
 10
350.3473684210524
 20
463.1578947368421
 30
0.0
 11
348.3473684210524
 21
463.1578947368421
 31
0.0
  0
LINE
  5
252
330
17
100
AcDbEntity
  8
M-ARCH-HIDDEN
100
AcDbLine
 10
346.94736842105243
 20
463.1578947368421
 30
0.0
 11
344.94736842105243
 21
463.1578947368421
 31
0.0
  0
LINE
  5
253
330
17
100
AcDbEntity
  8
M-ARCH-HIDDEN
100
AcDbLine
 10
343.54736842105245
 20
463.1578947368421
 30
0.0
 11
341.54736842105245
 21
463.1578947368421
 31
0.0
  0
LINE
  5
254
330
17
100
AcDbEntity
  8
M-ARCH-HIDDEN
100
AcDbLine
 10
340.1473684210525
 20
463.1578947368421
 30
0.0
 11
338.1473684210525
 21
463.1578947368421
 31
0.0
  0
LINE
  5
255
330
17
100
AcDbEntity
  8
M-ARCH-HIDDEN
100
AcDbLine
 10
336.7473684210525
 20
463.1578947368421
 30
0.0
 11
334.7473684210525
 21
463.1578947368421
 31
0.0
  0
LINE
  5
256
330
17
100
AcDbEntity
  8
M-ARCH-HIDDEN
100
AcDbLine
 10
333.3473684210525
 20
463.1578947368421
 30
0.0
 11
331.3473684210525
 21
463.1578947368421
 31
0.0
  0
LINE
  5
257
330
17
100
AcDbEntity
  8
M-ARCH-HIDDEN
100
AcDbLine
 10
329.94736842105254
 20
463.1578947368421
 30
0.0
 11
327.94736842105254
 21
463.1578947368421
 31
0.0
  0
LINE
  5
258
330
17
100
AcDbEntity
  8
M-ARCH-HIDDEN
100
AcDbLine
 10
326.54736842105257
 20
463.1578947368421
 30
0.0
 11
324.54736842105257
 21
463.1578947368421
 31
0.0
  0
LINE
  5
259
330
17
100
AcDbEntity
  8
M-ARCH-HIDDEN
100
AcDbLine
 10
323.1473684210526
 20
463.1578947368421
 30
0.0
 11
321.1473684210526
 21
463.1578947368421
 31
0.0
  0
LINE
  5
25A
330
17
100
AcDbEntity
  8
M-ARCH-HIDDEN
100
AcDbLine
 10
319.7473684210526
 20
463.1578947368421
 30
0.0
 11
317.7473684210526
 21
463.1578947368421
 31
0.0
  0
LINE
  5
25B
330
17
100
AcDbEntity
  8
M-ARCH-HIDDEN
100
AcDbLine
 10
316.34736842105264
 20
463.1578947368421
 30
0.0
 11
314.34736842105264
 21
463.1578947368421
 31
0.0
  0
LINE
  5
25C
330
17
100
AcDbEntity
  8
M-ARCH-HIDDEN
100
AcDbLine
 10
312.94736842105266
 20
463.1578947368421
 30
0.0
 11
310.94736842105266
 21
463.1578947368421
 31
0.0
  0
LINE
  5
25D
330
17
100
AcDbEntity
  8
M-ARCH-HIDDEN
100
AcDbLine
 10
309.5473684210527
 20
463.1578947368421
 30
0.0
 11
307.5473684210527
 21
463.1578947368421
 31
0.0
  0
LINE
  5
25E
330
17
100
AcDbEntity
  8
M-ARCH-HIDDEN
100
AcDbLine
 10
306.1473684210527
 20
463.1578947368421
 30
0.0
 11
304.1473684210527
 21
463.1578947368421
 31
0.0
  0
LINE
  5
25F
330
17
100
AcDbEntity
  8
M-ARCH-HIDDEN
100
AcDbLine
 10
302.7473684210527
 20
463.1578947368421
 30
0.0
 11
300.7473684210527
 21
463.1578947368421
 31
0.0
  0
LINE
  5
260
330
17
100
AcDbEntity
  8
M-ARCH-HIDDEN
100
AcDbLine
 10
299.34736842105275
 20
463.1578947368421
 30
0.0
 11
297.34736842105275
 21
463.1578947368421
 31
0.0
  0
LINE
  5
261
330
17
100
AcDbEntity
  8
M-ARCH-HIDDEN
100
AcDbLine
 10
295.9473684210528
 20
463.1578947368421
 30
0.0
 11
293.9473684210528
 21
463.1578947368421
 31
0.0
  0
LINE
  5
262
330
17
100
AcDbEntity
  8
M-ARCH-HIDDEN
100
AcDbLine
 10
292.5473684210528
 20
463.1578947368421
 30
0.0
 11
290.5473684210528
 21
463.1578947368421
 31
0.0
  0
LINE
  5
263
330
17
100
AcDbEntity
  8
M-ARCH-HIDDEN
100
AcDbLine
 10
289.1473684210528
 20
463.1578947368421
 30
0.0
 11
287.1473684210528
 21
463.1578947368421
 31
0.0
  0
LINE
  5
264
330
17
100
AcDbEntity
  8
M-ARCH-HIDDEN
100
AcDbLine
 10
285.74736842105284
 20
463.1578947368421
 30
0.0
 11
283.74736842105284
 21
463.1578947368421
 31
0.0
  0
LINE
  5
265
330
17
100
AcDbEntity
  8
M-ARCH-HIDDEN
100
AcDbLine
 10
282.34736842105286
 20
463.1578947368421
 30
0.0
 11
280.34736842105286
 21
463.1578947368421
 31
0.0
  0
LINE
  5
266
330
17
100
AcDbEntity
  8
M-ARCH-HIDDEN
100
AcDbLine
 10
278.9473684210529
 20
463.1578947368421
 30
0.0
 11
276.9473684210529
 21
463.1578947368421
 31
0.0
  0
LINE
  5
267
330
17
100
AcDbEntity
  8
M-ARCH-HIDDEN
100
AcDbLine
 10
275.5473684210529
 20
463.1578947368421
 30
0.0
 11
273.5473684210529
 21
463.1578947368421
 31
0.0
  0
LINE
  5
268
330
17
100
AcDbEntity
  8
M-ARCH-HIDDEN
100
AcDbLine
 10
272.14736842105293
 20
463.1578947368421
 30
0.0
 11
270.14736842105293
 21
463.1578947368421
 31
0.0
  0
LINE
  5
269
330
17
100
AcDbEntity
  8
M-ARCH-HIDDEN
100
AcDbLine
 10
268.74736842105295
 20
463.1578947368421
 30
0.0
 11
266.74736842105295
 21
463.1578947368421
 31
0.0
  0
LINE
  5
26A
330
17
100
AcDbEntity
  8
M-ARCH-HIDDEN
100
AcDbLine
 10
265.347368421053
 20
463.1578947368421
 30
0.0
 11
263.347368421053
 21
463.1578947368421
 31
0.0
  0
LINE
  5
26B
330
17
100
AcDbEntity
  8
M-ARCH-HIDDEN
100
AcDbLine
 10
261.947368421053
 20
463.1578947368421
 30
0.0
 11
259.947368421053
 21
463.1578947368421
 31
0.0
  0
LINE
  5
26C
330
17
100
AcDbEntity
  8
M-ARCH-HIDDEN
100
AcDbLine
 10
258.547368421053
 20
463.1578947368421
 30
0.0
 11
256.547368421053
 21
463.1578947368421
 31
0.0
  0
LINE
  5
26D
330
17
100
AcDbEntity
  8
M-ARCH-HIDDEN
100
AcDbLine
 10
255.14736842105305
 20
463.1578947368421
 30
0.0
 11
253.14736842105305
 21
463.1578947368421
 31
0.0
  0
LINE
  5
26E
330
17
100
AcDbEntity
  8
M-ARCH-HIDDEN
100
AcDbLine
 10
251.74736842105307
 20
463.1578947368421
 30
0.0
 11
249.74736842105307
 21
463.1578947368421
 31
0.0
  0
LINE
  5
26F
330
17
100
AcDbEntity
  8
M-ARCH-HIDDEN
100
AcDbLine
 10
248.3473684210531
 20
463.1578947368421
 30
0.0
 11
246.3473684210531
 21
463.1578947368421
 31
0.0
  0
LINE
  5
270
330
17
100
AcDbEntity
  8
M-ARCH-HIDDEN
100
AcDbLine
 10
244.9473684210531
 20
463.1578947368421
 30
0.0
 11
242.9473684210531
 21
463.1578947368421
 31
0.0
  0
LINE
  5
271
330
17
100
AcDbEntity
  8
M-ARCH-HIDDEN
100
AcDbLine
 10
241.54736842105314
 20
463.1578947368421
 30
0.0
 11
239.54736842105314
 21
463.1578947368421
 31
0.0
  0
LINE
  5
272
330
17
100
AcDbEntity
  8
M-ARCH-HIDDEN
100
AcDbLine
 10
238.14736842105316
 20
463.1578947368421
 30
0.0
 11
236.14736842105316
 21
463.1578947368421
 31
0.0
  0
LINE
  5
273
330
17
100
AcDbEntity
  8
M-ARCH-HIDDEN
100
AcDbLine
 10
234.74736842105318
 20
463.1578947368421
 30
0.0
 11
232.74736842105318
 21
463.1578947368421
 31
0.0
  0
LINE
  5
274
330
17
100
AcDbEntity
  8
M-ARCH-HIDDEN
100
AcDbLine
 10
231.3473684210532
 20
463.1578947368421
 30
0.0
 11
229.3473684210532
 21
463.1578947368421
 31
0.0
  0
LINE
  5
275
330
17
100
AcDbEntity
  8
M-ARCH-HIDDEN
100
AcDbLine
 10
227.94736842105323
 20
463.1578947368421
 30
0.0
 11
225.94736842105323
 21
463.1578947368421
 31
0.0
  0
LINE
  5
276
330
17
100
AcDbEntity
  8
M-ARCH-HIDDEN
100
AcDbLine
 10
224.54736842105325
 20
463.1578947368421
 30
0.0
 11
222.54736842105325
 21
463.1578947368421
 31
0.0
  0
LINE
  5
277
330
17
100
AcDbEntity
  8
M-ARCH-HIDDEN
100
AcDbLine
 10
221.14736842105327
 20
463.1578947368421
 30
0.0
 11
219.14736842105327
 21
463.1578947368421
 31
0.0
  0
LINE
  5
278
330
17
100
AcDbEntity
  8
M-ARCH-HIDDEN
100
AcDbLine
 10
217.7473684210533
 20
463.1578947368421
 30
0.0
 11
215.7473684210533
 21
463.1578947368421
 31
0.0
  0
LINE
  5
279
330
17
100
AcDbEntity
  8
M-ARCH-HIDDEN
100
AcDbLine
 10
214.34736842105332
 20
463.1578947368421
 30
0.0
 11
212.34736842105332
 21
463.1578947368421
 31
0.0
  0
LINE
  5
27A
330
17
100
AcDbEntity
  8
M-ARCH-HIDDEN
100
AcDbLine
 10
210.94736842105334
 20
463.1578947368421
 30
0.0
 11
208.94736842105334
 21
463.1578947368421
 31
0.0
  0
LINE
  5
27B
330
17
100
AcDbEntity
  8
M-ARCH-HIDDEN
100
AcDbLine
 10
207.54736842105336
 20
463.1578947368421
 30
0.0
 11
205.54736842105336
 21
463.1578947368421
 31
0.0
  0
LINE
  5
27C
330
17
100
AcDbEntity
  8
M-ARCH-HIDDEN
100
AcDbLine
 10
204.1473684210534
 20
463.1578947368421
 30
0.0
 11
202.1473684210534
 21
463.1578947368421
 31
0.0
  0
LINE
  5
27D
330
17
100
AcDbEntity
  8
M-ARCH-HIDDEN
100
AcDbLine
 10
200.7473684210534
 20
463.1578947368421
 30
0.0
 11
198.7473684210534
 21
463.1578947368421
 31
0.0
  0
LINE
  5
27E
330
17
100
AcDbEntity
  8
M-ARCH-HIDDEN
100
AcDbLine
 10
197.34736842105343
 20
463.1578947368421
 30
0.0
 11
195.34736842105343
 21
463.1578947368421
 31
0.0
  0
LINE
  5
27F
330
17
100
AcDbEntity
  8
M-ARCH-HIDDEN
100
AcDbLine
 10
193.94736842105345
 20
463.1578947368421
 30
0.0
 11
191.94736842105345
 21
463.1578947368421
 31
0.0
  0
LINE
  5
280
330
17
100
AcDbEntity
  8
M-ARCH-HIDDEN
100
AcDbLine
 10
190.54736842105348
 20
463.1578947368421
 30
0.0
 11
188.54736842105348
 21
463.1578947368421
 31
0.0
  0
LINE
  5
281
330
17
100
AcDbEntity
  8
M-ARCH-HIDDEN
100
AcDbLine
 10
187.1473684210535
 20
463.1578947368421
 30
0.0
 11
185.1473684210535
 21
463.1578947368421
 31
0.0
  0
LINE
  5
282
330
17
100
AcDbEntity
  8
M-ARCH-HIDDEN
100
AcDbLine
 10
183.74736842105352
 20
463.1578947368421
 30
0.0
 11
181.74736842105352
 21
463.1578947368421
 31
0.0
  0
LINE
  5
283
330
17
100
AcDbEntity
  8
M-ARCH-HIDDEN
100
AcDbLine
 10
180.34736842105355
 20
463.1578947368421
 30
0.0
 11
178.34736842105355
 21
463.1578947368421
 31
0.0
  0
LINE
  5
284
330
17
100
AcDbEntity
  8
M-ARCH-HIDDEN
100
AcDbLine
 10
176.94736842105357
 20
463.1578947368421
 30
0.0
 11
174.94736842105357
 21
463.1578947368421
 31
0.0
  0
LINE
  5
285
330
17
100
AcDbEntity
  8
M-ARCH-HIDDEN
100
AcDbLine
 10
173.5473684210536
 20
463.1578947368421
 30
0.0
 11
171.5473684210536
 21
463.1578947368421
 31
0.0
  0
LINE
  5
286
330
17
100
AcDbEntity
  8
M-ARCH-HIDDEN
100
AcDbLine
 10
170.1473684210536
 20
463.1578947368421
 30
0.0
 11
168.1473684210536
 21
463.1578947368421
 31
0.0
  0
LINE
  5
287
330
17
100
AcDbEntity
  8
M-ARCH-HIDDEN
100
AcDbLine
 10
166.74736842105364
 20
463.1578947368421
 30
0.0
 11
164.74736842105364
 21
463.1578947368421
 31
0.0
  0
LINE
  5
288
330
17
100
AcDbEntity
  8
M-ARCH-HIDDEN
100
AcDbLine
 10
163.34736842105366
 20
463.1578947368421
 30
0.0
 11
161.34736842105366
 21
463.1578947368421
 31
0.0
  0
LINE
  5
289
330
17
100
AcDbEntity
  8
M-ARCH-HIDDEN
100
AcDbLine
 10
159.94736842105368
 20
463.1578947368421
 30
0.0
 11
157.94736842105368
 21
463.1578947368421
 31
0.0
  0
LINE
  5
28A
330
17
100
AcDbEntity
  8
M-ARCH-HIDDEN
100
AcDbLine
 10
156.5473684210537
 20
463.1578947368421
 30
0.0
 11
154.5473684210537
 21
463.1578947368421
 31
0.0
  0
LINE
  5
28B
330
17
100
AcDbEntity
  8
M-ARCH-HIDDEN
100
AcDbLine
 10
153.14736842105373
 20
463.1578947368421
 30
0.0
 11
151.14736842105373
 21
463.1578947368421
 31
0.0
  0
LINE
  5
28C
330
17
100
AcDbEntity
  8
M-ARCH-HIDDEN
100
AcDbLine
 10
149.74736842105375
 20
463.1578947368421
 30
0.0
 11
147.74736842105375
 21
463.1578947368421
 31
0.0
  0
LINE
  5
28D
330
17
100
AcDbEntity
  8
M-ARCH-HIDDEN
100
AcDbLine
 10
146.34736842105377
 20
463.1578947368421
 30
0.0
 11
144.34736842105377
 21
463.1578947368421
 31
0.0
  0
LINE
  5
28E
330
17
100
AcDbEntity
  8
M-ARCH-HIDDEN
100
AcDbLine
 10
142.9473684210538
 20
463.1578947368421
 30
0.0
 11
140.9473684210538
 21
463.1578947368421
 31
0.0
  0
LINE
  5
28F
330
17
100
AcDbEntity
  8
M-ARCH-HIDDEN
100
AcDbLine
 10
139.54736842105382
 20
463.1578947368421
 30
0.0
 11
137.54736842105382
 21
463.1578947368421
 31
0.0
  0
LINE
  5
290
330
17
100
AcDbEntity
  8
M-ARCH-HIDDEN
100
AcDbLine
 10
136.14736842105384
 20
463.1578947368421
 30
0.0
 11
134.14736842105384
 21
463.1578947368421
 31
0.0
  0
LINE
  5
291
330
17
100
AcDbEntity
  8
M-ARCH-HIDDEN
100
AcDbLine
 10
132.74736842105386
 20
463.1578947368421
 30
0.0
 11
130.74736842105386
 21
463.1578947368421
 31
0.0
  0
LINE
  5
292
330
17
100
AcDbEntity
  8
M-ARCH-HIDDEN
100
AcDbLine
 10
129.3473684210539
 20
463.1578947368421
 30
0.0
 11
127.34736842105389
 21
463.1578947368421
 31
0.0
  0
LINE
  5
293
330
17
100
AcDbEntity
  8
M-ARCH-HIDDEN
100
AcDbLine
 10
125.94736842105391
 20
463.1578947368421
 30
0.0
 11
123.94736842105391
 21
463.1578947368421
 31
0.0
  0
LINE
  5
294
330
17
100
AcDbEntity
  8
M-ARCH-HIDDEN
100
AcDbLine
 10
122.54736842105393
 20
463.1578947368421
 30
0.0
 11
120.54736842105393
 21
463.1578947368421
 31
0.0
  0
LINE
  5
295
330
17
100
AcDbEntity
  8
M-ARCH-HIDDEN
100
AcDbLine
 10
119.14736842105395
 20
463.1578947368421
 30
0.0
 11
117.14736842105395
 21
463.1578947368421
 31
0.0
  0
LINE
  5
296
330
17
100
AcDbEntity
  8
M-ARCH-HIDDEN
100
AcDbLine
 10
115.74736842105398
 20
463.1578947368421
 30
0.0
 11
113.74736842105398
 21
463.1578947368421
 31
0.0
  0
LINE
  5
297
330
17
100
AcDbEntity
  8
M-ARCH-HIDDEN
100
AcDbLine
 10
112.347368421054
 20
463.1578947368421
 30
0.0
 11
110.347368421054
 21
463.1578947368421
 31
0.0
  0
LINE
  5
298
330
17
100
AcDbEntity
  8
M-ARCH-HIDDEN
100
AcDbLine
 10
108.94736842105402
 20
463.1578947368421
 30
0.0
 11
106.94736842105402
 21
463.1578947368421
 31
0.0
  0
LINE
  5
299
330
17
100
AcDbEntity
  8
M-ARCH-HIDDEN
100
AcDbLine
 10
105.54736842105399
 20
463.1578947368421
 30
0.0
 11
103.54736842105399
 21
463.1578947368421
 31
0.0
  0
LINE
  5
29A
330
17
100
AcDbEntity
  8
M-ARCH-HIDDEN
100
AcDbLine
 10
102.14736842105401
 20
463.1578947368421
 30
0.0
 11
100.14736842105401
 21
463.1578947368421
 31
0.0
  0
LINE
  5
29B
330
17
100
AcDbEntity
  8
M-ARCH-HIDDEN
100
AcDbLine
 10
98.74736842105403
 20
463.1578947368421
 30
0.0
 11
96.74736842105403
 21
463.1578947368421
 31
0.0
  0
LINE
  5
29C
330
17
100
AcDbEntity
  8
M-ARCH-HIDDEN
100
AcDbLine
 10
95.34736842105406
 20
463.1578947368421
 30
0.0
 11
93.34736842105406
 21
463.1578947368421
 31
0.0
  0
LINE
  5
29D
330
17
100
AcDbEntity
  8
M-ARCH-HIDDEN
100
AcDbLine
 10
91.94736842105408
 20
463.1578947368421
 30
0.0
 11
89.94736842105408
 21
463.1578947368421
 31
0.0
  0
LINE
  5
29E
330
17
100
AcDbEntity
  8
M-ARCH-HIDDEN
100
AcDbLine
 10
88.5473684210541
 20
463.1578947368421
 30
0.0
 11
86.5473684210541
 21
463.1578947368421
 31
0.0
  0
LINE
  5
29F
330
17
100
AcDbEntity
  8
M-ARCH-HIDDEN
100
AcDbLine
 10
85.14736842105413
 20
463.1578947368421
 30
0.0
 11
83.14736842105413
 21
463.1578947368421
 31
0.0
  0
LINE
  5
2A0
330
17
100
AcDbEntity
  8
M-ARCH-HIDDEN
100
AcDbLine
 10
81.74736842105415
 20
463.1578947368421
 30
0.0
 11
79.74736842105415
 21
463.1578947368421
 31
0.0
  0
LINE
  5
2A1
330
17
100
AcDbEntity
  8
M-ARCH-HIDDEN
100
AcDbLine
 10
78.34736842105417
 20
463.1578947368421
 30
0.0
 11
76.34736842105417
 21
463.1578947368421
 31
0.0
  0
LINE
  5
2A2
330
17
100
AcDbEntity
  8
M-ARCH-HIDDEN
100
AcDbLine
 10
74.9473684210542
 20
463.1578947368421
 30
0.0
 11
72.9473684210542
 21
463.1578947368421
 31
0.0
  0
LINE
  5
2A3
330
17
100
AcDbEntity
  8
M-ARCH-HIDDEN
100
AcDbLine
 10
71.54736842105422
 20
463.1578947368421
 30
0.0
 11
69.54736842105422
 21
463.1578947368421
 31
0.0
  0
LINE
  5
2A4
330
17
100
AcDbEntity
  8
M-ARCH-HIDDEN
100
AcDbLine
 10
68.14736842105424
 20
463.1578947368421
 30
0.0
 11
66.14736842105424
 21
463.1578947368421
 31
0.0
  0
LINE
  5
2A5
330
17
100
AcDbEntity
  8
M-ARCH-HIDDEN
100
AcDbLine
 10
64.74736842105426
 20
463.1578947368421
 30
0.0
 11
62.74736842105426
 21
463.1578947368421
 31
0.0
  0
LINE
  5
2A6
330
17
100
AcDbEntity
  8
M-ARCH-HIDDEN
100
AcDbLine
 10
61.347368421054284
 20
463.1578947368421
 30
0.0
 11
59.347368421054284
 21
463.1578947368421
 31
0.0
  0
LINE
  5
2A7
330
17
100
AcDbEntity
  8
M-ARCH-HIDDEN
100
AcDbLine
 10
57.94736842105431
 20
463.1578947368421
 30
0.0
 11
55.94736842105431
 21
463.1578947368421
 31
0.0
  0
LINE
  5
2A8
330
17
100
AcDbEntity
  8
M-ARCH-HIDDEN
100
AcDbLine
 10
54.54736842105433
 20
463.1578947368421
 30
0.0
 11
52.54736842105433
 21
463.1578947368421
 31
0.0
  0
LINE
  5
2A9
330
17
100
AcDbEntity
  8
M-ARCH-HIDDEN
100
AcDbLine
 10
51.14736842105435
 20
463.1578947368421
 30
0.0
 11
49.14736842105435
 21
463.1578947368421
 31
0.0
  0
LINE
  5
2AA
330
17
100
AcDbEntity
  8
M-ARCH-HIDDEN
100
AcDbLine
 10
47.747368421054375
 20
463.1578947368421
 30
0.0
 11
45.747368421054375
 21
463.1578947368421
 31
0.0
  0
LINE
  5
2AB
330
17
100
AcDbEntity
  8
M-ARCH-HIDDEN
100
AcDbLine
 10
44.3473684210544
 20
463.1578947368421
 30
0.0
 11
42.3473684210544
 21
463.1578947368421
 31
0.0
  0
LINE
  5
2AC
330
17
100
AcDbEntity
  8
M-ARCH-HIDDEN
100
AcDbLine
 10
40.94736842105442
 20
463.1578947368421
 30
0.0
 11
40.0
 21
463.1578947368421
 31
0.0
  0
LINE
  5
2AD
330
17
100
AcDbEntity
  8
M-ARCH-HIDDEN
100
AcDbLine
 10
40.0
 20
463.1578947368421
 30
0.0
 11
40.0
 21
461.1578947368421
 31
0.0
  0
LINE
  5
2AE
330
17
100
AcDbEntity
  8
M-ARCH-HIDDEN
100
AcDbLine
 10
40.0
 20
459.7578947368421
 30
0.0
 11
40.0
 21
457.7578947368421
 31
0.0
  0
LINE
  5
2AF
330
17
100
AcDbEntity
  8
M-ARCH-HIDDEN
100
AcDbLine
 10
40.0
 20
456.35789473684207
 30
0.0
 11
40.0
 21
454.35789473684207
 31
0.0
  0
LINE
  5
2B0
330
17
100
AcDbEntity
  8
M-ARCH-HIDDEN
100
AcDbLine
 10
40.0
 20
452.9578947368421
 30
0.0
 11
40.0
 21
450.9578947368421
 31
0.0
  0
LINE
  5
2B1
330
17
100
AcDbEntity
  8
M-ARCH-HIDDEN
100
AcDbLine
 10
40.0
 20
449.55789473684206
 30
0.0
 11
40.0
 21
447.55789473684206
 31
0.0
  0
LINE
  5
2B2
330
17
100
AcDbEntity
  8
M-ARCH-HIDDEN
100
AcDbLine
 10
40.0
 20
446.1578947368421
 30
0.0
 11
40.0
 21
444.1578947368421
 31
0.0
  0
LINE
  5
2B3
330
17
100
AcDbEntity
  8
M-ARCH-HIDDEN
100
AcDbLine
 10
40.0
 20
442.7578947368421
 30
0.0
 11
40.0
 21
440.7578947368421
 31
0.0
  0
LINE
  5
2B4
330
17
100
AcDbEntity
  8
M-ARCH-HIDDEN
100
AcDbLine
 10
40.0
 20
439.35789473684207
 30
0.0
 11
40.0
 21
437.35789473684207
 31
0.0
  0
LINE
  5
2B5
330
17
100
AcDbEntity
  8
M-ARCH-HIDDEN
100
AcDbLine
 10
40.0
 20
435.9578947368421
 30
0.0
 11
40.0
 21
433.9578947368421
 31
0.0
  0
LINE
  5
2B6
330
17
100
AcDbEntity
  8
M-ARCH-HIDDEN
100
AcDbLine
 10
40.0
 20
432.55789473684206
 30
0.0
 11
40.0
 21
430.55789473684206
 31
0.0
  0
LINE
  5
2B7
330
17
100
AcDbEntity
  8
M-ARCH-HIDDEN
100
AcDbLine
 10
40.0
 20
429.1578947368421
 30
0.0
 11
40.0
 21
427.1578947368421
 31
0.0
  0
LINE
  5
2B8
330
17
100
AcDbEntity
  8
M-ARCH-HIDDEN
100
AcDbLine
 10
40.0
 20
425.7578947368421
 30
0.0
 11
40.0
 21
423.7578947368421
 31
0.0
  0
LINE
  5
2B9
330
17
100
AcDbEntity
  8
M-ARCH-HIDDEN
100
AcDbLine
 10
40.0
 20
422.35789473684207
 30
0.0
 11
40.0
 21
420.35789473684207
 31
0.0
  0
LINE
  5
2BA
330
17
100
AcDbEntity
  8
M-ARCH-HIDDEN
100
AcDbLine
 10
40.0
 20
418.9578947368421
 30
0.0
 11
40.0
 21
416.9578947368421
 31
0.0
  0
LINE
  5
2BB
330
17
100
AcDbEntity
  8
M-ARCH-HIDDEN
100
AcDbLine
 10
40.0
 20
415.5578947368421
 30
0.0
 11
40.0
 21
413.5578947368421
 31
0.0
  0
LINE
  5
2BC
330
17
100
AcDbEntity
  8
M-ARCH-HIDDEN
100
AcDbLine
 10
40.0
 20
412.1578947368421
 30
0.0
 11
40.0
 21
410.1578947368421
 31
0.0
  0
LINE
  5
2BD
330
17
100
AcDbEntity
  8
M-ARCH-HIDDEN
100
AcDbLine
 10
40.0
 20
408.7578947368421
 30
0.0
 11
40.0
 21
406.7578947368421
 31
0.0
  0
LINE
  5
2BE
330
17
100
AcDbEntity
  8
M-ARCH-HIDDEN
100
AcDbLine
 10
40.0
 20
405.3578947368421
 30
0.0
 11
40.0
 21
403.3578947368421
 31
0.0
  0
LINE
  5
2BF
330
17
100
AcDbEntity
  8
M-ARCH-HIDDEN
100
AcDbLine
 10
40.0
 20
401.9578947368421
 30
0.0
 11
40.0
 21
399.9578947368421
 31
0.0
  0
LINE
  5
2C0
330
17
100
AcDbEntity
  8
M-ARCH-HIDDEN
100
AcDbLine
 10
40.0
 20
398.5578947368421
 30
0.0
 11
40.0
 21
396.5578947368421
 31
0.0
  0
LINE
  5
2C1
330
17
100
AcDbEntity
  8
M-ARCH-HIDDEN
100
AcDbLine
 10
40.0
 20
395.1578947368421
 30
0.0
 11
40.0
 21
393.1578947368421
 31
0.0
  0
LINE
  5
2C2
330
17
100
AcDbEntity
  8
M-ARCH-HIDDEN
100
AcDbLine
 10
40.0
 20
391.7578947368421
 30
0.0
 11
40.0
 21
389.7578947368421
 31
0.0
  0
LINE
  5
2C3
330
17
100
AcDbEntity
  8
M-ARCH-HIDDEN
100
AcDbLine
 10
40.0
 20
388.35789473684207
 30
0.0
 11
40.0
 21
386.35789473684207
 31
0.0
  0
LINE
  5
2C4
330
17
100
AcDbEntity
  8
M-ARCH-HIDDEN
100
AcDbLine
 10
40.0
 20
384.9578947368421
 30
0.0
 11
40.0
 21
382.9578947368421
 31
0.0
  0
LINE
  5
2C5
330
17
100
AcDbEntity
  8
M-ARCH-HIDDEN
100
AcDbLine
 10
40.0
 20
381.55789473684206
 30
0.0
 11
40.0
 21
379.55789473684206
 31
0.0
  0
LINE
  5
2C6
330
17
100
AcDbEntity
  8
M-ARCH-HIDDEN
100
AcDbLine
 10
40.0
 20
378.1578947368421
 30
0.0
 11
40.0
 21
376.1578947368421
 31
0.0
  0
LINE
  5
2C7
330
17
100
AcDbEntity
  8
M-ARCH-HIDDEN
100
AcDbLine
 10
40.0
 20
374.75789473684205
 30
0.0
 11
40.0
 21
372.75789473684205
 31
0.0
  0
LINE
  5
2C8
330
17
100
AcDbEntity
  8
M-ARCH-HIDDEN
100
AcDbLine
 10
40.0
 20
371.35789473684207
 30
0.0
 11
40.0
 21
369.35789473684207
 31
0.0
  0
LINE
  5
2C9
330
17
100
AcDbEntity
  8
M-ARCH-HIDDEN
100
AcDbLine
 10
40.0
 20
367.95789473684204
 30
0.0
 11
40.0
 21
365.95789473684204
 31
0.0
  0
LINE
  5
2CA
330
17
100
AcDbEntity
  8
M-ARCH-HIDDEN
100
AcDbLine
 10
40.0
 20
364.55789473684206
 30
0.0
 11
40.0
 21
362.55789473684206
 31
0.0
  0
LINE
  5
2CB
330
17
100
AcDbEntity
  8
M-ARCH-HIDDEN
100
AcDbLine
 10
40.0
 20
361.157894736842
 30
0.0
 11
40.0
 21
359.157894736842
 31
0.0
  0
LINE
  5
2CC
330
17
100
AcDbEntity
  8
M-ARCH-HIDDEN
100
AcDbLine
 10
40.0
 20
357.75789473684205
 30
0.0
 11
40.0
 21
355.75789473684205
 31
0.0
  0
LINE
  5
2CD
330
17
100
AcDbEntity
  8
M-ARCH-HIDDEN
100
AcDbLine
 10
40.0
 20
354.357894736842
 30
0.0
 11
40.0
 21
352.357894736842
 31
0.0
  0
LINE
  5
2CE
330
17
100
AcDbEntity
  8
M-ARCH-HIDDEN
100
AcDbLine
 10
40.0
 20
350.95789473684204
 30
0.0
 11
40.0
 21
348.95789473684204
 31
0.0
  0
LINE
  5
2CF
330
17
100
AcDbEntity
  8
M-ARCH-HIDDEN
100
AcDbLine
 10
40.0
 20
347.557894736842
 30
0.0
 11
40.0
 21
345.557894736842
 31
0.0
  0
LINE
  5
2D0
330
17
100
AcDbEntity
  8
M-ARCH-HIDDEN
100
AcDbLine
 10
40.0
 20
344.157894736842
 30
0.0
 11
40.0
 21
342.157894736842
 31
0.0
  0
LINE
  5
2D1
330
17
100
AcDbEntity
  8
M-ARCH-HIDDEN
100
AcDbLine
 10
40.0
 20
340.757894736842
 30
0.0
 11
40.0
 21
338.757894736842
 31
0.0
  0
LINE
  5
2D2
330
17
100
AcDbEntity
  8
M-ARCH-HIDDEN
100
AcDbLine
 10
40.0
 20
337.357894736842
 30
0.0
 11
40.0
 21
335.357894736842
 31
0.0
  0
LINE
  5
2D3
330
17
100
AcDbEntity
  8
M-ARCH-HIDDEN
100
AcDbLine
 10
40.0
 20
333.95789473684204
 30
0.0
 11
40.0
 21
331.95789473684204
 31
0.0
  0
LINE
  5
2D4
330
17
100
AcDbEntity
  8
M-ARCH-HIDDEN
100
AcDbLine
 10
40.0
 20
330.557894736842
 30
0.0
 11
40.0
 21
328.557894736842
 31
0.0
  0
LINE
  5
2D5
330
17
100
AcDbEntity
  8
M-ARCH-HIDDEN
100
AcDbLine
 10
40.0
 20
327.15789473684197
 30
0.0
 11
40.0
 21
325.15789473684197
 31
0.0
  0
LINE
  5
2D6
330
17
100
AcDbEntity
  8
M-ARCH-HIDDEN
100
AcDbLine
 10
40.0
 20
323.757894736842
 30
0.0
 11
40.0
 21
321.757894736842
 31
0.0
  0
LINE
  5
2D7
330
17
100
AcDbEntity
  8
M-ARCH-HIDDEN
100
AcDbLine
 10
40.0
 20
320.357894736842
 30
0.0
 11
40.0
 21
318.357894736842
 31
0.0
  0
LINE
  5
2D8
330
17
100
AcDbEntity
  8
M-ARCH-HIDDEN
100
AcDbLine
 10
40.0
 20
316.957894736842
 30
0.0
 11
40.0
 21
314.957894736842
 31
0.0
  0
LINE
  5
2D9
330
17
100
AcDbEntity
  8
M-ARCH-HIDDEN
100
AcDbLine
 10
40.0
 20
313.55789473684194
 30
0.0
 11
40.0
 21
311.55789473684194
 31
0.0
  0
LINE
  5
2DA
330
17
100
AcDbEntity
  8
M-ARCH-HIDDEN
100
AcDbLine
 10
40.0
 20
310.15789473684197
 30
0.0
 11
40.0
 21
308.15789473684197
 31
0.0
  0
LINE
  5
2DB
330
17
100
AcDbEntity
  8
M-ARCH-HIDDEN
100
AcDbLine
 10
40.0
 20
306.757894736842
 30
0.0
 11
40.0
 21
304.757894736842
 31
0.0
  0
LINE
  5
2DC
330
17
100
AcDbEntity
  8
M-ARCH-HIDDEN
100
AcDbLine
 10
40.0
 20
303.35789473684196
 30
0.0
 11
40.0
 21
301.35789473684196
 31
0.0
  0
LWPOLYLINE
  5
2DD
330
17
100
AcDbEntity
  8
M-STRUCT
100
AcDbPolyline
 90
4
 70
1
 10
397.89473684210526
 20
305.2631578947368
 10
524.2105263157895
 20
305.2631578947368
 10
524.2105263157895
 20
457.89473684210526
 10
397.89473684210526
 20
457.89473684210526
  0
LWPOLYLINE
  5
2DE
330
17
100
AcDbEntity
  8
M-STRUCT
100
AcDbPolyline
 90
4
 70
1
 10
408.42105263157896
 20
315.7894736842105
 10
513.6842105263158
 20
315.7894736842105
 10
513.6842105263158
 20
447.36842105263156
 10
408.42105263157896
 20
447.36842105263156
  0
LWPOLYLINE
  5
2DF
330
17
100
AcDbEntity
  8
M-STRUCT
100
AcDbPolyline
 90
4
 70
1
 10
283.42105263157896
 20
451.3157894736842
 10
462.36842105263156
 20
451.3157894736842
 10
462.36842105263156
 20
503.9473684210526
 10
283.42105263157896
 20
503.9473684210526
  0
LWPOLYLINE
  5
2E0
330
17
100
AcDbEntity
  8
M-STRUCT
100
AcDbPolyline
 90
4
 70
1
 10
290.0
 20
457.89473684210526
 10
455.7894736842105
 20
457.89473684210526
 10
455.7894736842105
 20
497.36842105263156
 10
290.0
 20
497.36842105263156
  0
LINE
  5
2E1
330
17
100
AcDbEntity
  8
M-ARCH
100
AcDbLine
 10
337.36842105263156
 20
457.89473684210526
 30
0.0
 11
337.36842105263156
 21
497.36842105263156
 31
0.0
  0
LINE
  5
2E2
330
17
100
AcDbEntity
  8
M-ARCH
100
AcDbLine
 10
345.2631578947368
 20
457.89473684210526
 30
0.0
 11
345.2631578947368
 21
497.36842105263156
 31
0.0
  0
LINE
  5
2E3
330
17
100
AcDbEntity
  8
M-ARCH
100
AcDbLine
 10
353.1578947368421
 20
457.89473684210526
 30
0.0
 11
353.1578947368421
 21
497.36842105263156
 31
0.0
  0
LINE
  5
2E4
330
17
100
AcDbEntity
  8
M-ARCH
100
AcDbLine
 10
361.05263157894734
 20
457.89473684210526
 30
0.0
 11
361.05263157894734
 21
497.36842105263156
 31
0.0
  0
LINE
  5
2E5
330
17
100
AcDbEntity
  8
M-ARCH
100
AcDbLine
 10
368.94736842105266
 20
457.89473684210526
 30
0.0
 11
368.94736842105266
 21
497.36842105263156
 31
0.0
  0
LINE
  5
2E6
330
17
100
AcDbEntity
  8
M-ARCH
100
AcDbLine
 10
376.8421052631579
 20
457.89473684210526
 30
0.0
 11
376.8421052631579
 21
497.36842105263156
 31
0.0
  0
LINE
  5
2E7
330
17
100
AcDbEntity
  8
M-ARCH
100
AcDbLine
 10
384.7368421052632
 20
457.89473684210526
 30
0.0
 11
384.7368421052632
 21
497.36842105263156
 31
0.0
  0
LINE
  5
2E8
330
17
100
AcDbEntity
  8
M-ARCH
100
AcDbLine
 10
392.63157894736844
 20
457.89473684210526
 30
0.0
 11
392.63157894736844
 21
497.36842105263156
 31
0.0
  0
LINE
  5
2E9
330
17
100
AcDbEntity
  8
M-ARCH
100
AcDbLine
 10
400.5263157894737
 20
457.89473684210526
 30
0.0
 11
400.5263157894737
 21
497.36842105263156
 31
0.0
  0
LINE
  5
2EA
330
17
100
AcDbEntity
  8
M-ARCH
100
AcDbLine
 10
408.42105263157896
 20
457.89473684210526
 30
0.0
 11
408.42105263157896
 21
497.36842105263156
 31
0.0
  0
LINE
  5
2EB
330
17
100
AcDbEntity
  8
M-ARCH
100
AcDbLine
 10
329.4736842105263
 20
457.89473684210526
 30
0.0
 11
329.4736842105263
 21
497.36842105263156
 31
0.0
  0
LINE
  5
2EC
330
17
100
AcDbEntity
  8
M-ARCH
100
AcDbLine
 10
416.3157894736842
 20
457.89473684210526
 30
0.0
 11
416.3157894736842
 21
497.36842105263156
 31
0.0
  0
LWPOLYLINE
  5
2ED
330
17
100
AcDbEntity
  8
M-FLAG
100
AcDbPolyline
 90
4
 70
1
 10
283.42105263157896
 20
464.47368421052636
 10
290.0
 20
464.47368421052636
 10
290.0
 20
490.7894736842105
 10
283.42105263157896
 20
490.7894736842105
  0
LWPOLYLINE
  5
2EE
330
17
100
AcDbEntity
  8
M-FLAG
100
AcDbPolyline
 90
4
 70
1
 10
420.2631578947368
 20
447.36842105263156
 10
443.94736842105266
 20
447.36842105263156
 10
443.94736842105266
 20
457.89473684210526
 10
420.2631578947368
 20
457.89473684210526
  0
LWPOLYLINE
  5
2EF
330
17
100
AcDbEntity
  8
P-DRAIN-STORM
100
AcDbPolyline
 90
4
 70
1
 10
275.52631578947364
 20
457.89473684210526
 10
283.42105263157896
 20
457.89473684210526
 10
283.42105263157896
 20
497.36842105263156
 10
275.52631578947364
 20
497.36842105263156
  0
LINE
  5
2F0
330
17
100
AcDbEntity
  8
M-EXISTING
100
AcDbLine
 10
247.89473684210526
 20
415.7894736842105
 30
0.0
 11
249.89473684210526
 21
415.7894736842105
 31
0.0
  0
LINE
  5
2F1
330
17
100
AcDbEntity
  8
M-EXISTING
100
AcDbLine
 10
251.29473684210527
 20
415.7894736842105
 30
0.0
 11
253.29473684210527
 21
415.7894736842105
 31
0.0
  0
LINE
  5
2F2
330
17
100
AcDbEntity
  8
M-EXISTING
100
AcDbLine
 10
254.69473684210527
 20
415.7894736842105
 30
0.0
 11
256.69473684210527
 21
415.7894736842105
 31
0.0
  0
LINE
  5
2F3
330
17
100
AcDbEntity
  8
M-EXISTING
100
AcDbLine
 10
258.09473684210525
 20
415.7894736842105
 30
0.0
 11
260.09473684210525
 21
415.7894736842105
 31
0.0
  0
LINE
  5
2F4
330
17
100
AcDbEntity
  8
M-EXISTING
100
AcDbLine
 10
261.4947368421053
 20
415.7894736842105
 30
0.0
 11
263.4947368421053
 21
415.7894736842105
 31
0.0
  0
LINE
  5
2F5
330
17
100
AcDbEntity
  8
M-EXISTING
100
AcDbLine
 10
264.89473684210526
 20
415.7894736842105
 30
0.0
 11
266.89473684210526
 21
415.7894736842105
 31
0.0
  0
LINE
  5
2F6
330
17
100
AcDbEntity
  8
M-EXISTING
100
AcDbLine
 10
268.29473684210524
 20
415.7894736842105
 30
0.0
 11
270.29473684210524
 21
415.7894736842105
 31
0.0
  0
LINE
  5
2F7
330
17
100
AcDbEntity
  8
M-EXISTING
100
AcDbLine
 10
271.69473684210527
 20
415.7894736842105
 30
0.0
 11
273.69473684210527
 21
415.7894736842105
 31
0.0
  0
LINE
  5
2F8
330
17
100
AcDbEntity
  8
M-EXISTING
100
AcDbLine
 10
275.09473684210525
 20
415.7894736842105
 30
0.0
 11
277.09473684210525
 21
415.7894736842105
 31
0.0
  0
LINE
  5
2F9
330
17
100
AcDbEntity
  8
M-EXISTING
100
AcDbLine
 10
278.4947368421052
 20
415.7894736842105
 30
0.0
 11
280.4947368421052
 21
415.7894736842105
 31
0.0
  0
LINE
  5
2FA
330
17
100
AcDbEntity
  8
M-EXISTING
100
AcDbLine
 10
281.89473684210526
 20
415.7894736842105
 30
0.0
 11
283.89473684210526
 21
415.7894736842105
 31
0.0
  0
LINE
  5
2FB
330
17
100
AcDbEntity
  8
M-EXISTING
100
AcDbLine
 10
285.29473684210524
 20
415.7894736842105
 30
0.0
 11
287.29473684210524
 21
415.7894736842105
 31
0.0
  0
LINE
  5
2FC
330
17
100
AcDbEntity
  8
M-EXISTING
100
AcDbLine
 10
288.69473684210527
 20
415.7894736842105
 30
0.0
 11
290.69473684210527
 21
415.7894736842105
 31
0.0
  0
LINE
  5
2FD
330
17
100
AcDbEntity
  8
M-EXISTING
100
AcDbLine
 10
292.09473684210525
 20
415.7894736842105
 30
0.0
 11
294.09473684210525
 21
415.7894736842105
 31
0.0
  0
LINE
  5
2FE
330
17
100
AcDbEntity
  8
M-EXISTING
100
AcDbLine
 10
295.4947368421052
 20
415.7894736842105
 30
0.0
 11
297.4947368421052
 21
415.7894736842105
 31
0.0
  0
LINE
  5
2FF
330
17
100
AcDbEntity
  8
M-EXISTING
100
AcDbLine
 10
298.89473684210526
 20
415.7894736842105
 30
0.0
 11
300.89473684210526
 21
415.7894736842105
 31
0.0
  0
LINE
  5
300
330
17
100
AcDbEntity
  8
M-EXISTING
100
AcDbLine
 10
302.29473684210524
 20
415.7894736842105
 30
0.0
 11
304.29473684210524
 21
415.7894736842105
 31
0.0
  0
LINE
  5
301
330
17
100
AcDbEntity
  8
M-EXISTING
100
AcDbLine
 10
305.69473684210527
 20
415.7894736842105
 30
0.0
 11
307.69473684210527
 21
415.7894736842105
 31
0.0
  0
LINE
  5
302
330
17
100
AcDbEntity
  8
M-EXISTING
100
AcDbLine
 10
309.09473684210525
 20
415.7894736842105
 30
0.0
 11
311.09473684210525
 21
415.7894736842105
 31
0.0
  0
LINE
  5
303
330
17
100
AcDbEntity
  8
M-EXISTING
100
AcDbLine
 10
312.4947368421052
 20
415.7894736842105
 30
0.0
 11
314.4947368421052
 21
415.7894736842105
 31
0.0
  0
LINE
  5
304
330
17
100
AcDbEntity
  8
M-EXISTING
100
AcDbLine
 10
315.89473684210526
 20
415.7894736842105
 30
0.0
 11
317.89473684210526
 21
415.7894736842105
 31
0.0
  0
LINE
  5
305
330
17
100
AcDbEntity
  8
M-EXISTING
100
AcDbLine
 10
319.29473684210524
 20
415.7894736842105
 30
0.0
 11
321.29473684210524
 21
415.7894736842105
 31
0.0
  0
LINE
  5
306
330
17
100
AcDbEntity
  8
M-EXISTING
100
AcDbLine
 10
322.69473684210527
 20
415.7894736842105
 30
0.0
 11
324.69473684210527
 21
415.7894736842105
 31
0.0
  0
LINE
  5
307
330
17
100
AcDbEntity
  8
M-EXISTING
100
AcDbLine
 10
326.09473684210525
 20
415.7894736842105
 30
0.0
 11
328.09473684210525
 21
415.7894736842105
 31
0.0
  0
LINE
  5
308
330
17
100
AcDbEntity
  8
M-EXISTING
100
AcDbLine
 10
329.4947368421053
 20
415.7894736842105
 30
0.0
 11
331.4947368421053
 21
415.7894736842105
 31
0.0
  0
LINE
  5
309
330
17
100
AcDbEntity
  8
M-EXISTING
100
AcDbLine
 10
332.89473684210526
 20
415.7894736842105
 30
0.0
 11
334.89473684210526
 21
415.7894736842105
 31
0.0
  0
LINE
  5
30A
330
17
100
AcDbEntity
  8
M-EXISTING
100
AcDbLine
 10
336.2947368421053
 20
415.7894736842105
 30
0.0
 11
338.2947368421053
 21
415.7894736842105
 31
0.0
  0
LINE
  5
30B
330
17
100
AcDbEntity
  8
M-EXISTING
100
AcDbLine
 10
339.69473684210527
 20
415.7894736842105
 30
0.0
 11
341.69473684210527
 21
415.7894736842105
 31
0.0
  0
LINE
  5
30C
330
17
100
AcDbEntity
  8
M-EXISTING
100
AcDbLine
 10
343.0947368421053
 20
415.7894736842105
 30
0.0
 11
345.0947368421053
 21
415.7894736842105
 31
0.0
  0
LINE
  5
30D
330
17
100
AcDbEntity
  8
M-EXISTING
100
AcDbLine
 10
346.4947368421053
 20
415.7894736842105
 30
0.0
 11
348.4947368421053
 21
415.7894736842105
 31
0.0
  0
LINE
  5
30E
330
17
100
AcDbEntity
  8
M-EXISTING
100
AcDbLine
 10
349.8947368421053
 20
415.7894736842105
 30
0.0
 11
351.8947368421053
 21
415.7894736842105
 31
0.0
  0
LINE
  5
30F
330
17
100
AcDbEntity
  8
M-EXISTING
100
AcDbLine
 10
353.2947368421053
 20
415.7894736842105
 30
0.0
 11
355.2947368421053
 21
415.7894736842105
 31
0.0
  0
LINE
  5
310
330
17
100
AcDbEntity
  8
M-EXISTING
100
AcDbLine
 10
356.6947368421053
 20
415.7894736842105
 30
0.0
 11
358.6947368421053
 21
415.7894736842105
 31
0.0
  0
LINE
  5
311
330
17
100
AcDbEntity
  8
M-EXISTING
100
AcDbLine
 10
360.0947368421053
 20
415.7894736842105
 30
0.0
 11
362.0947368421053
 21
415.7894736842105
 31
0.0
  0
LINE
  5
312
330
17
100
AcDbEntity
  8
M-EXISTING
100
AcDbLine
 10
363.49473684210534
 20
415.7894736842105
 30
0.0
 11
365.49473684210534
 21
415.7894736842105
 31
0.0
  0
LINE
  5
313
330
17
100
AcDbEntity
  8
M-EXISTING
100
AcDbLine
 10
366.8947368421053
 20
415.7894736842105
 30
0.0
 11
368.8947368421053
 21
415.7894736842105
 31
0.0
  0
LINE
  5
314
330
17
100
AcDbEntity
  8
M-EXISTING
100
AcDbLine
 10
370.29473684210535
 20
415.7894736842105
 30
0.0
 11
372.29473684210535
 21
415.7894736842105
 31
0.0
  0
LINE
  5
315
330
17
100
AcDbEntity
  8
M-EXISTING
100
AcDbLine
 10
373.6947368421053
 20
415.7894736842105
 30
0.0
 11
375.6947368421053
 21
415.7894736842105
 31
0.0
  0
LINE
  5
316
330
17
100
AcDbEntity
  8
M-EXISTING
100
AcDbLine
 10
377.09473684210536
 20
415.7894736842105
 30
0.0
 11
379.09473684210536
 21
415.7894736842105
 31
0.0
  0
LINE
  5
317
330
17
100
AcDbEntity
  8
M-EXISTING
100
AcDbLine
 10
380.49473684210534
 20
415.7894736842105
 30
0.0
 11
382.49473684210534
 21
415.7894736842105
 31
0.0
  0
LINE
  5
318
330
17
100
AcDbEntity
  8
M-EXISTING
100
AcDbLine
 10
383.8947368421053
 20
415.7894736842105
 30
0.0
 11
385.8947368421053
 21
415.7894736842105
 31
0.0
  0
LINE
  5
319
330
17
100
AcDbEntity
  8
M-EXISTING
100
AcDbLine
 10
387.29473684210535
 20
415.7894736842105
 30
0.0
 11
389.29473684210535
 21
415.7894736842105
 31
0.0
  0
LINE
  5
31A
330
17
100
AcDbEntity
  8
M-EXISTING
100
AcDbLine
 10
390.6947368421054
 20
415.7894736842105
 30
0.0
 11
392.6947368421054
 21
415.7894736842105
 31
0.0
  0
LINE
  5
31B
330
17
100
AcDbEntity
  8
M-EXISTING
100
AcDbLine
 10
394.09473684210536
 20
415.7894736842105
 30
0.0
 11
396.09473684210536
 21
415.7894736842105
 31
0.0
  0
LINE
  5
31C
330
17
100
AcDbEntity
  8
M-EXISTING
100
AcDbLine
 10
397.49473684210534
 20
415.7894736842105
 30
0.0
 11
399.49473684210534
 21
415.7894736842105
 31
0.0
  0
LINE
  5
31D
330
17
100
AcDbEntity
  8
M-EXISTING
100
AcDbLine
 10
400.8947368421054
 20
415.7894736842105
 30
0.0
 11
402.8947368421054
 21
415.7894736842105
 31
0.0
  0
LINE
  5
31E
330
17
100
AcDbEntity
  8
M-EXISTING
100
AcDbLine
 10
404.2947368421054
 20
415.7894736842105
 30
0.0
 11
406.2947368421054
 21
415.7894736842105
 31
0.0
  0
LINE
  5
31F
330
17
100
AcDbEntity
  8
M-EXISTING
100
AcDbLine
 10
407.6947368421054
 20
415.7894736842105
 30
0.0
 11
409.6947368421054
 21
415.7894736842105
 31
0.0
  0
LINE
  5
320
330
17
100
AcDbEntity
  8
M-EXISTING
100
AcDbLine
 10
411.09473684210536
 20
415.7894736842105
 30
0.0
 11
413.09473684210536
 21
415.7894736842105
 31
0.0
  0
LINE
  5
321
330
17
100
AcDbEntity
  8
M-EXISTING
100
AcDbLine
 10
414.4947368421054
 20
415.7894736842105
 30
0.0
 11
416.4947368421054
 21
415.7894736842105
 31
0.0
  0
LINE
  5
322
330
17
100
AcDbEntity
  8
M-EXISTING
100
AcDbLine
 10
417.89473684210543
 20
415.7894736842105
 30
0.0
 11
419.89473684210543
 21
415.7894736842105
 31
0.0
  0
LINE
  5
323
330
17
100
AcDbEntity
  8
M-EXISTING
100
AcDbLine
 10
421.2947368421054
 20
415.7894736842105
 30
0.0
 11
423.2947368421054
 21
415.7894736842105
 31
0.0
  0
LINE
  5
324
330
17
100
AcDbEntity
  8
M-EXISTING
100
AcDbLine
 10
424.6947368421054
 20
415.7894736842105
 30
0.0
 11
426.6947368421054
 21
415.7894736842105
 31
0.0
  0
LINE
  5
325
330
17
100
AcDbEntity
  8
M-EXISTING
100
AcDbLine
 10
428.0947368421054
 20
415.7894736842105
 30
0.0
 11
430.0947368421054
 21
415.7894736842105
 31
0.0
  0
LINE
  5
326
330
17
100
AcDbEntity
  8
M-EXISTING
100
AcDbLine
 10
431.49473684210545
 20
415.7894736842105
 30
0.0
 11
433.49473684210545
 21
415.7894736842105
 31
0.0
  0
LINE
  5
327
330
17
100
AcDbEntity
  8
M-EXISTING
100
AcDbLine
 10
434.89473684210543
 20
415.7894736842105
 30
0.0
 11
436.89473684210543
 21
415.7894736842105
 31
0.0
  0
LINE
  5
328
330
17
100
AcDbEntity
  8
M-EXISTING
100
AcDbLine
 10
438.2947368421054
 20
415.7894736842105
 30
0.0
 11
440.2947368421054
 21
415.7894736842105
 31
0.0
  0
LINE
  5
329
330
17
100
AcDbEntity
  8
M-EXISTING
100
AcDbLine
 10
441.69473684210544
 20
415.7894736842105
 30
0.0
 11
443.69473684210544
 21
415.7894736842105
 31
0.0
  0
LINE
  5
32A
330
17
100
AcDbEntity
  8
M-EXISTING
100
AcDbLine
 10
445.0947368421055
 20
415.7894736842105
 30
0.0
 11
447.0947368421055
 21
415.7894736842105
 31
0.0
  0
LINE
  5
32B
330
17
100
AcDbEntity
  8
M-EXISTING
100
AcDbLine
 10
448.49473684210545
 20
415.7894736842105
 30
0.0
 11
450.49473684210545
 21
415.7894736842105
 31
0.0
  0
LINE
  5
32C
330
17
100
AcDbEntity
  8
M-EXISTING
100
AcDbLine
 10
451.89473684210543
 20
415.7894736842105
 30
0.0
 11
453.89473684210543
 21
415.7894736842105
 31
0.0
  0
LINE
  5
32D
330
17
100
AcDbEntity
  8
M-EXISTING
100
AcDbLine
 10
455.29473684210546
 20
415.7894736842105
 30
0.0
 11
457.29473684210546
 21
415.7894736842105
 31
0.0
  0
LINE
  5
32E
330
17
100
AcDbEntity
  8
M-EXISTING
100
AcDbLine
 10
458.6947368421055
 20
415.7894736842105
 30
0.0
 11
460.6947368421055
 21
415.7894736842105
 31
0.0
  0
LINE
  5
32F
330
17
100
AcDbEntity
  8
M-EXISTING
100
AcDbLine
 10
462.0947368421055
 20
415.7894736842105
 30
0.0
 11
464.0947368421055
 21
415.7894736842105
 31
0.0
  0
LINE
  5
330
330
17
100
AcDbEntity
  8
M-EXISTING
100
AcDbLine
 10
465.49473684210545
 20
415.7894736842105
 30
0.0
 11
467.49473684210545
 21
415.7894736842105
 31
0.0
  0
LINE
  5
331
330
17
100
AcDbEntity
  8
M-EXISTING
100
AcDbLine
 10
468.8947368421055
 20
415.7894736842105
 30
0.0
 11
470.8947368421055
 21
415.7894736842105
 31
0.0
  0
LINE
  5
332
330
17
100
AcDbEntity
  8
M-EXISTING
100
AcDbLine
 10
472.2947368421055
 20
415.7894736842105
 30
0.0
 11
474.2947368421055
 21
415.7894736842105
 31
0.0
  0
LINE
  5
333
330
17
100
AcDbEntity
  8
M-EXISTING
100
AcDbLine
 10
475.6947368421055
 20
415.7894736842105
 30
0.0
 11
477.6947368421055
 21
415.7894736842105
 31
0.0
  0
LINE
  5
334
330
17
100
AcDbEntity
  8
M-EXISTING
100
AcDbLine
 10
479.0947368421055
 20
415.7894736842105
 30
0.0
 11
481.0947368421055
 21
415.7894736842105
 31
0.0
  0
LINE
  5
335
330
17
100
AcDbEntity
  8
M-EXISTING
100
AcDbLine
 10
482.4947368421055
 20
415.7894736842105
 30
0.0
 11
484.4947368421055
 21
415.7894736842105
 31
0.0
  0
LINE
  5
336
330
17
100
AcDbEntity
  8
M-EXISTING
100
AcDbLine
 10
485.89473684210554
 20
415.7894736842105
 30
0.0
 11
487.89473684210554
 21
415.7894736842105
 31
0.0
  0
LINE
  5
337
330
17
100
AcDbEntity
  8
M-EXISTING
100
AcDbLine
 10
489.2947368421055
 20
415.7894736842105
 30
0.0
 11
491.2947368421055
 21
415.7894736842105
 31
0.0
  0
LINE
  5
338
330
17
100
AcDbEntity
  8
M-EXISTING
100
AcDbLine
 10
492.6947368421055
 20
415.7894736842105
 30
0.0
 11
494.6947368421055
 21
415.7894736842105
 31
0.0
  0
LINE
  5
339
330
17
100
AcDbEntity
  8
M-EXISTING
100
AcDbLine
 10
496.09473684210553
 20
415.7894736842105
 30
0.0
 11
497.89473684210526
 21
415.7894736842105
 31
0.0
  0
LINE
  5
33A
330
17
100
AcDbEntity
  8
M-EXISTING
100
AcDbLine
 10
247.89473684210526
 20
539.4736842105264
 30
0.0
 11
249.89473684210526
 21
539.4736842105264
 31
0.0
  0
LINE
  5
33B
330
17
100
AcDbEntity
  8
M-EXISTING
100
AcDbLine
 10
251.29473684210527
 20
539.4736842105264
 30
0.0
 11
253.29473684210527
 21
539.4736842105264
 31
0.0
  0
LINE
  5
33C
330
17
100
AcDbEntity
  8
M-EXISTING
100
AcDbLine
 10
254.69473684210527
 20
539.4736842105264
 30
0.0
 11
256.69473684210527
 21
539.4736842105264
 31
0.0
  0
LINE
  5
33D
330
17
100
AcDbEntity
  8
M-EXISTING
100
AcDbLine
 10
258.09473684210525
 20
539.4736842105264
 30
0.0
 11
260.09473684210525
 21
539.4736842105264
 31
0.0
  0
LINE
  5
33E
330
17
100
AcDbEntity
  8
M-EXISTING
100
AcDbLine
 10
261.4947368421053
 20
539.4736842105264
 30
0.0
 11
263.4947368421053
 21
539.4736842105264
 31
0.0
  0
LINE
  5
33F
330
17
100
AcDbEntity
  8
M-EXISTING
100
AcDbLine
 10
264.89473684210526
 20
539.4736842105264
 30
0.0
 11
266.89473684210526
 21
539.4736842105264
 31
0.0
  0
LINE
  5
340
330
17
100
AcDbEntity
  8
M-EXISTING
100
AcDbLine
 10
268.29473684210524
 20
539.4736842105264
 30
0.0
 11
270.29473684210524
 21
539.4736842105264
 31
0.0
  0
LINE
  5
341
330
17
100
AcDbEntity
  8
M-EXISTING
100
AcDbLine
 10
271.69473684210527
 20
539.4736842105264
 30
0.0
 11
273.69473684210527
 21
539.4736842105264
 31
0.0
  0
LINE
  5
342
330
17
100
AcDbEntity
  8
M-EXISTING
100
AcDbLine
 10
275.09473684210525
 20
539.4736842105264
 30
0.0
 11
277.09473684210525
 21
539.4736842105264
 31
0.0
  0
LINE
  5
343
330
17
100
AcDbEntity
  8
M-EXISTING
100
AcDbLine
 10
278.4947368421052
 20
539.4736842105264
 30
0.0
 11
280.4947368421052
 21
539.4736842105264
 31
0.0
  0
LINE
  5
344
330
17
100
AcDbEntity
  8
M-EXISTING
100
AcDbLine
 10
281.89473684210526
 20
539.4736842105264
 30
0.0
 11
283.89473684210526
 21
539.4736842105264
 31
0.0
  0
LINE
  5
345
330
17
100
AcDbEntity
  8
M-EXISTING
100
AcDbLine
 10
285.29473684210524
 20
539.4736842105264
 30
0.0
 11
287.29473684210524
 21
539.4736842105264
 31
0.0
  0
LINE
  5
346
330
17
100
AcDbEntity
  8
M-EXISTING
100
AcDbLine
 10
288.69473684210527
 20
539.4736842105264
 30
0.0
 11
290.69473684210527
 21
539.4736842105264
 31
0.0
  0
LINE
  5
347
330
17
100
AcDbEntity
  8
M-EXISTING
100
AcDbLine
 10
292.09473684210525
 20
539.4736842105264
 30
0.0
 11
294.09473684210525
 21
539.4736842105264
 31
0.0
  0
LINE
  5
348
330
17
100
AcDbEntity
  8
M-EXISTING
100
AcDbLine
 10
295.4947368421052
 20
539.4736842105264
 30
0.0
 11
297.4947368421052
 21
539.4736842105264
 31
0.0
  0
LINE
  5
349
330
17
100
AcDbEntity
  8
M-EXISTING
100
AcDbLine
 10
298.89473684210526
 20
539.4736842105264
 30
0.0
 11
300.89473684210526
 21
539.4736842105264
 31
0.0
  0
LINE
  5
34A
330
17
100
AcDbEntity
  8
M-EXISTING
100
AcDbLine
 10
302.29473684210524
 20
539.4736842105264
 30
0.0
 11
304.29473684210524
 21
539.4736842105264
 31
0.0
  0
LINE
  5
34B
330
17
100
AcDbEntity
  8
M-EXISTING
100
AcDbLine
 10
305.69473684210527
 20
539.4736842105264
 30
0.0
 11
307.69473684210527
 21
539.4736842105264
 31
0.0
  0
LINE
  5
34C
330
17
100
AcDbEntity
  8
M-EXISTING
100
AcDbLine
 10
309.09473684210525
 20
539.4736842105264
 30
0.0
 11
311.09473684210525
 21
539.4736842105264
 31
0.0
  0
LINE
  5
34D
330
17
100
AcDbEntity
  8
M-EXISTING
100
AcDbLine
 10
312.4947368421052
 20
539.4736842105264
 30
0.0
 11
314.4947368421052
 21
539.4736842105264
 31
0.0
  0
LINE
  5
34E
330
17
100
AcDbEntity
  8
M-EXISTING
100
AcDbLine
 10
315.89473684210526
 20
539.4736842105264
 30
0.0
 11
317.89473684210526
 21
539.4736842105264
 31
0.0
  0
LINE
  5
34F
330
17
100
AcDbEntity
  8
M-EXISTING
100
AcDbLine
 10
319.29473684210524
 20
539.4736842105264
 30
0.0
 11
321.29473684210524
 21
539.4736842105264
 31
0.0
  0
LINE
  5
350
330
17
100
AcDbEntity
  8
M-EXISTING
100
AcDbLine
 10
322.69473684210527
 20
539.4736842105264
 30
0.0
 11
324.69473684210527
 21
539.4736842105264
 31
0.0
  0
LINE
  5
351
330
17
100
AcDbEntity
  8
M-EXISTING
100
AcDbLine
 10
326.09473684210525
 20
539.4736842105264
 30
0.0
 11
328.09473684210525
 21
539.4736842105264
 31
0.0
  0
LINE
  5
352
330
17
100
AcDbEntity
  8
M-EXISTING
100
AcDbLine
 10
329.4947368421053
 20
539.4736842105264
 30
0.0
 11
331.4947368421053
 21
539.4736842105264
 31
0.0
  0
LINE
  5
353
330
17
100
AcDbEntity
  8
M-EXISTING
100
AcDbLine
 10
332.89473684210526
 20
539.4736842105264
 30
0.0
 11
334.89473684210526
 21
539.4736842105264
 31
0.0
  0
LINE
  5
354
330
17
100
AcDbEntity
  8
M-EXISTING
100
AcDbLine
 10
336.2947368421053
 20
539.4736842105264
 30
0.0
 11
338.2947368421053
 21
539.4736842105264
 31
0.0
  0
LINE
  5
355
330
17
100
AcDbEntity
  8
M-EXISTING
100
AcDbLine
 10
339.69473684210527
 20
539.4736842105264
 30
0.0
 11
341.69473684210527
 21
539.4736842105264
 31
0.0
  0
LINE
  5
356
330
17
100
AcDbEntity
  8
M-EXISTING
100
AcDbLine
 10
343.0947368421053
 20
539.4736842105264
 30
0.0
 11
345.0947368421053
 21
539.4736842105264
 31
0.0
  0
LINE
  5
357
330
17
100
AcDbEntity
  8
M-EXISTING
100
AcDbLine
 10
346.4947368421053
 20
539.4736842105264
 30
0.0
 11
348.4947368421053
 21
539.4736842105264
 31
0.0
  0
LINE
  5
358
330
17
100
AcDbEntity
  8
M-EXISTING
100
AcDbLine
 10
349.8947368421053
 20
539.4736842105264
 30
0.0
 11
351.8947368421053
 21
539.4736842105264
 31
0.0
  0
LINE
  5
359
330
17
100
AcDbEntity
  8
M-EXISTING
100
AcDbLine
 10
353.2947368421053
 20
539.4736842105264
 30
0.0
 11
355.2947368421053
 21
539.4736842105264
 31
0.0
  0
LINE
  5
35A
330
17
100
AcDbEntity
  8
M-EXISTING
100
AcDbLine
 10
356.6947368421053
 20
539.4736842105264
 30
0.0
 11
358.6947368421053
 21
539.4736842105264
 31
0.0
  0
LINE
  5
35B
330
17
100
AcDbEntity
  8
M-EXISTING
100
AcDbLine
 10
360.0947368421053
 20
539.4736842105264
 30
0.0
 11
362.0947368421053
 21
539.4736842105264
 31
0.0
  0
LINE
  5
35C
330
17
100
AcDbEntity
  8
M-EXISTING
100
AcDbLine
 10
363.49473684210534
 20
539.4736842105264
 30
0.0
 11
365.49473684210534
 21
539.4736842105264
 31
0.0
  0
LINE
  5
35D
330
17
100
AcDbEntity
  8
M-EXISTING
100
AcDbLine
 10
366.8947368421053
 20
539.4736842105264
 30
0.0
 11
368.8947368421053
 21
539.4736842105264
 31
0.0
  0
LINE
  5
35E
330
17
100
AcDbEntity
  8
M-EXISTING
100
AcDbLine
 10
370.29473684210535
 20
539.4736842105264
 30
0.0
 11
372.29473684210535
 21
539.4736842105264
 31
0.0
  0
LINE
  5
35F
330
17
100
AcDbEntity
  8
M-EXISTING
100
AcDbLine
 10
373.6947368421053
 20
539.4736842105264
 30
0.0
 11
375.6947368421053
 21
539.4736842105264
 31
0.0
  0
LINE
  5
360
330
17
100
AcDbEntity
  8
M-EXISTING
100
AcDbLine
 10
377.09473684210536
 20
539.4736842105264
 30
0.0
 11
379.09473684210536
 21
539.4736842105264
 31
0.0
  0
LINE
  5
361
330
17
100
AcDbEntity
  8
M-EXISTING
100
AcDbLine
 10
380.49473684210534
 20
539.4736842105264
 30
0.0
 11
382.49473684210534
 21
539.4736842105264
 31
0.0
  0
LINE
  5
362
330
17
100
AcDbEntity
  8
M-EXISTING
100
AcDbLine
 10
383.8947368421053
 20
539.4736842105264
 30
0.0
 11
385.8947368421053
 21
539.4736842105264
 31
0.0
  0
LINE
  5
363
330
17
100
AcDbEntity
  8
M-EXISTING
100
AcDbLine
 10
387.29473684210535
 20
539.4736842105264
 30
0.0
 11
389.29473684210535
 21
539.4736842105264
 31
0.0
  0
LINE
  5
364
330
17
100
AcDbEntity
  8
M-EXISTING
100
AcDbLine
 10
390.6947368421054
 20
539.4736842105264
 30
0.0
 11
392.6947368421054
 21
539.4736842105264
 31
0.0
  0
LINE
  5
365
330
17
100
AcDbEntity
  8
M-EXISTING
100
AcDbLine
 10
394.09473684210536
 20
539.4736842105264
 30
0.0
 11
396.09473684210536
 21
539.4736842105264
 31
0.0
  0
LINE
  5
366
330
17
100
AcDbEntity
  8
M-EXISTING
100
AcDbLine
 10
397.49473684210534
 20
539.4736842105264
 30
0.0
 11
399.49473684210534
 21
539.4736842105264
 31
0.0
  0
LINE
  5
367
330
17
100
AcDbEntity
  8
M-EXISTING
100
AcDbLine
 10
400.8947368421054
 20
539.4736842105264
 30
0.0
 11
402.8947368421054
 21
539.4736842105264
 31
0.0
  0
LINE
  5
368
330
17
100
AcDbEntity
  8
M-EXISTING
100
AcDbLine
 10
404.2947368421054
 20
539.4736842105264
 30
0.0
 11
406.2947368421054
 21
539.4736842105264
 31
0.0
  0
LINE
  5
369
330
17
100
AcDbEntity
  8
M-EXISTING
100
AcDbLine
 10
407.6947368421054
 20
539.4736842105264
 30
0.0
 11
409.6947368421054
 21
539.4736842105264
 31
0.0
  0
LINE
  5
36A
330
17
100
AcDbEntity
  8
M-EXISTING
100
AcDbLine
 10
411.09473684210536
 20
539.4736842105264
 30
0.0
 11
413.09473684210536
 21
539.4736842105264
 31
0.0
  0
LINE
  5
36B
330
17
100
AcDbEntity
  8
M-EXISTING
100
AcDbLine
 10
414.4947368421054
 20
539.4736842105264
 30
0.0
 11
416.4947368421054
 21
539.4736842105264
 31
0.0
  0
LINE
  5
36C
330
17
100
AcDbEntity
  8
M-EXISTING
100
AcDbLine
 10
417.89473684210543
 20
539.4736842105264
 30
0.0
 11
419.89473684210543
 21
539.4736842105264
 31
0.0
  0
LINE
  5
36D
330
17
100
AcDbEntity
  8
M-EXISTING
100
AcDbLine
 10
421.2947368421054
 20
539.4736842105264
 30
0.0
 11
423.2947368421054
 21
539.4736842105264
 31
0.0
  0
LINE
  5
36E
330
17
100
AcDbEntity
  8
M-EXISTING
100
AcDbLine
 10
424.6947368421054
 20
539.4736842105264
 30
0.0
 11
426.6947368421054
 21
539.4736842105264
 31
0.0
  0
LINE
  5
36F
330
17
100
AcDbEntity
  8
M-EXISTING
100
AcDbLine
 10
428.0947368421054
 20
539.4736842105264
 30
0.0
 11
430.0947368421054
 21
539.4736842105264
 31
0.0
  0
LINE
  5
370
330
17
100
AcDbEntity
  8
M-EXISTING
100
AcDbLine
 10
431.49473684210545
 20
539.4736842105264
 30
0.0
 11
433.49473684210545
 21
539.4736842105264
 31
0.0
  0
LINE
  5
371
330
17
100
AcDbEntity
  8
M-EXISTING
100
AcDbLine
 10
434.89473684210543
 20
539.4736842105264
 30
0.0
 11
436.89473684210543
 21
539.4736842105264
 31
0.0
  0
LINE
  5
372
330
17
100
AcDbEntity
  8
M-EXISTING
100
AcDbLine
 10
438.2947368421054
 20
539.4736842105264
 30
0.0
 11
440.2947368421054
 21
539.4736842105264
 31
0.0
  0
LINE
  5
373
330
17
100
AcDbEntity
  8
M-EXISTING
100
AcDbLine
 10
441.69473684210544
 20
539.4736842105264
 30
0.0
 11
443.69473684210544
 21
539.4736842105264
 31
0.0
  0
LINE
  5
374
330
17
100
AcDbEntity
  8
M-EXISTING
100
AcDbLine
 10
445.0947368421055
 20
539.4736842105264
 30
0.0
 11
447.0947368421055
 21
539.4736842105264
 31
0.0
  0
LINE
  5
375
330
17
100
AcDbEntity
  8
M-EXISTING
100
AcDbLine
 10
448.49473684210545
 20
539.4736842105264
 30
0.0
 11
450.49473684210545
 21
539.4736842105264
 31
0.0
  0
LINE
  5
376
330
17
100
AcDbEntity
  8
M-EXISTING
100
AcDbLine
 10
451.89473684210543
 20
539.4736842105264
 30
0.0
 11
453.89473684210543
 21
539.4736842105264
 31
0.0
  0
LINE
  5
377
330
17
100
AcDbEntity
  8
M-EXISTING
100
AcDbLine
 10
455.29473684210546
 20
539.4736842105264
 30
0.0
 11
457.29473684210546
 21
539.4736842105264
 31
0.0
  0
LINE
  5
378
330
17
100
AcDbEntity
  8
M-EXISTING
100
AcDbLine
 10
458.6947368421055
 20
539.4736842105264
 30
0.0
 11
460.6947368421055
 21
539.4736842105264
 31
0.0
  0
LINE
  5
379
330
17
100
AcDbEntity
  8
M-EXISTING
100
AcDbLine
 10
462.0947368421055
 20
539.4736842105264
 30
0.0
 11
464.0947368421055
 21
539.4736842105264
 31
0.0
  0
LINE
  5
37A
330
17
100
AcDbEntity
  8
M-EXISTING
100
AcDbLine
 10
465.49473684210545
 20
539.4736842105264
 30
0.0
 11
467.49473684210545
 21
539.4736842105264
 31
0.0
  0
LINE
  5
37B
330
17
100
AcDbEntity
  8
M-EXISTING
100
AcDbLine
 10
468.8947368421055
 20
539.4736842105264
 30
0.0
 11
470.8947368421055
 21
539.4736842105264
 31
0.0
  0
LINE
  5
37C
330
17
100
AcDbEntity
  8
M-EXISTING
100
AcDbLine
 10
472.2947368421055
 20
539.4736842105264
 30
0.0
 11
474.2947368421055
 21
539.4736842105264
 31
0.0
  0
LINE
  5
37D
330
17
100
AcDbEntity
  8
M-EXISTING
100
AcDbLine
 10
475.6947368421055
 20
539.4736842105264
 30
0.0
 11
477.6947368421055
 21
539.4736842105264
 31
0.0
  0
LINE
  5
37E
330
17
100
AcDbEntity
  8
M-EXISTING
100
AcDbLine
 10
479.0947368421055
 20
539.4736842105264
 30
0.0
 11
481.0947368421055
 21
539.4736842105264
 31
0.0
  0
LINE
  5
37F
330
17
100
AcDbEntity
  8
M-EXISTING
100
AcDbLine
 10
482.4947368421055
 20
539.4736842105264
 30
0.0
 11
484.4947368421055
 21
539.4736842105264
 31
0.0
  0
LINE
  5
380
330
17
100
AcDbEntity
  8
M-EXISTING
100
AcDbLine
 10
485.89473684210554
 20
539.4736842105264
 30
0.0
 11
487.89473684210554
 21
539.4736842105264
 31
0.0
  0
LINE
  5
381
330
17
100
AcDbEntity
  8
M-EXISTING
100
AcDbLine
 10
489.2947368421055
 20
539.4736842105264
 30
0.0
 11
491.2947368421055
 21
539.4736842105264
 31
0.0
  0
LINE
  5
382
330
17
100
AcDbEntity
  8
M-EXISTING
100
AcDbLine
 10
492.6947368421055
 20
539.4736842105264
 30
0.0
 11
494.6947368421055
 21
539.4736842105264
 31
0.0
  0
LINE
  5
383
330
17
100
AcDbEntity
  8
M-EXISTING
100
AcDbLine
 10
496.09473684210553
 20
539.4736842105264
 30
0.0
 11
497.89473684210526
 21
539.4736842105264
 31
0.0
  0
LWPOLYLINE
  5
384
330
17
100
AcDbEntity
  8
M-ARCH-HIDDEN
100
AcDbPolyline
 90
4
 70
1
 10
440.0
 20
315.7894736842105
 10
513.6842105263158
 20
315.7894736842105
 10
513.6842105263158
 20
398.9473684210526
 10
440.0
 20
398.9473684210526
  0
LWPOLYLINE
  5
385
330
17
100
AcDbEntity
  8
F-ESCAPE
100
AcDbPolyline
 90
4
 70
0
 10
476.8421052631579
 20
365.7894736842105
 10
432.10526315789474
 20
365.7894736842105
 10
432.10526315789474
 20
477.63157894736844
 10
286.7105263157895
 20
477.63157894736844
  0
LWPOLYLINE
  5
386
330
17
100
AcDbEntity
  8
F-ESCAPE
100
AcDbPolyline
 90
3
 70
1
 10
462.8578947368421
 20
365.7894736842105
 10
466.77789473684214
 20
364.52947368421053
 10
466.77789473684214
 20
367.0494736842105
  0
LWPOLYLINE
  5
387
330
17
100
AcDbEntity
  8
F-ESCAPE
100
AcDbPolyline
 90
3
 70
1
 10
440.4894736842105
 20
365.7894736842105
 10
444.4094736842105
 20
364.52947368421053
 10
444.4094736842105
 20
367.0494736842105
  0
LWPOLYLINE
  5
388
330
17
100
AcDbEntity
  8
F-ESCAPE
100
AcDbPolyline
 90
3
 70
1
 10
432.10526315789474
 20
379.7736842105263
 10
430.84526315789475
 20
375.8536842105263
 10
433.36526315789473
 20
375.8536842105263
  0
LWPOLYLINE
  5
389
330
17
100
AcDbEntity
  8
F-ESCAPE
100
AcDbPolyline
 90
3
 70
1
 10
432.10526315789474
 20
402.14210526315793
 10
430.84526315789475
 20
398.2221052631579
 10
433.36526315789473
 20
398.2221052631579
  0
LWPOLYLINE
  5
38A
330
17
100
AcDbEntity
  8
F-ESCAPE
100
AcDbPolyline
 90
3
 70
1
 10
432.10526315789474
 20
424.5105263157895
 10
430.84526315789475
 20
420.5905263157895
 10
433.36526315789473
 20
420.5905263157895
  0
LWPOLYLINE
  5
38B
330
17
100
AcDbEntity
  8
F-ESCAPE
100
AcDbPolyline
 90
3
 70
1
 10
432.10526315789474
 20
446.87894736842105
 10
430.84526315789475
 20
442.95894736842104
 10
433.36526315789473
 20
442.95894736842104
  0
LWPOLYLINE
  5
38C
330
17
100
AcDbEntity
  8
F-ESCAPE
100
AcDbPolyline
 90
3
 70
1
 10
432.10526315789474
 20
469.24736842105267
 10
430.84526315789475
 20
465.32736842105265
 10
433.36526315789473
 20
465.32736842105265
  0
LWPOLYLINE
  5
38D
330
17
100
AcDbEntity
  8
F-ESCAPE
100
AcDbPolyline
 90
3
 70
1
 10
417.1890350877193
 20
477.63157894736844
 10
421.1090350877193
 20
476.37157894736845
 10
421.1090350877193
 20
478.89157894736843
  0
LWPOLYLINE
  5
38E
330
17
100
AcDbEntity
  8
F-ESCAPE
100
AcDbPolyline
 90
3
 70
1
 10
392.9565789473684
 20
477.63157894736844
 10
396.87657894736844
 20
476.37157894736845
 10
396.87657894736844
 20
478.89157894736843
  0
LWPOLYLINE
  5
38F
330
17
100
AcDbEntity
  8
F-ESCAPE
100
AcDbPolyline
 90
3
 70
1
 10
368.7241228070175
 20
477.63157894736844
 10
372.64412280701754
 20
476.37157894736845
 10
372.64412280701754
 20
478.89157894736843
  0
LWPOLYLINE
  5
390
330
17
100
AcDbEntity
  8
F-ESCAPE
100
AcDbPolyline
 90
3
 70
1
 10
344.4916666666667
 20
477.63157894736844
 10
348.4116666666667
 20
476.37157894736845
 10
348.4116666666667
 20
478.89157894736843
  0
LWPOLYLINE
  5
391
330
17
100
AcDbEntity
  8
F-ESCAPE
100
AcDbPolyline
 90
3
 70
1
 10
320.25921052631577
 20
477.63157894736844
 10
324.1792105263158
 20
476.37157894736845
 10
324.1792105263158
 20
478.89157894736843
  0
LWPOLYLINE
  5
392
330
17
100
AcDbEntity
  8
F-ESCAPE
100
AcDbPolyline
 90
3
 70
1
 10
296.0267543859649
 20
477.63157894736844
 10
299.94675438596494
 20
476.37157894736845
 10
299.94675438596494
 20
478.89157894736843
  0
TEXT
  5
393
330
17
100
AcDbEntity
  8
F-ESCAPE
100
AcDbText
 10
476.8421052631579
 20
419.7368421052632
 30
0.0
 40
2.4
  1
MAIN STAIR ARRIVES (-2.000)
  7
OpenSans
 72
1
 11
476.8421052631579
 21
419.7368421052632
 31
0.0
100
AcDbText
 73
1
  0
TEXT
  5
394
330
17
100
AcDbEntity
  8
F-ESCAPE
100
AcDbText
 10
476.8421052631579
 20
409.2105263157895
 30
0.0
 40
2.4
  1
FROM F-101
  7
OpenSans
 72
1
 11
476.8421052631579
 21
409.2105263157895
 31
0.0
100
AcDbText
 73
1
  0
TEXT
  5
395
330
17
100
AcDbEntity
  8
F-ESCAPE
100
AcDbText
 10
309.7368421052632
 20
490.7894736842105
 30
0.0
 40
2.4
  1
R1  CONTINUED
  7
OpenSans
 72
1
 11
309.7368421052632
 21
490.7894736842105
 31
0.0
100
AcDbText
 73
1
  0
LEADER
  5
396
330
17
100
AcDbEntity
  8
S-CALLOUT
100
AcDbLeader
  3
SC-DIM
 73
3
 76
2
 10
432.10526315789474
 20
451.3157894736842
 30
0.0
 10
458.42105263157896
 20
438.1578947368421
 30
0.0
  0
TEXT
  5
397
330
17
100
AcDbEntity
  8
M-FLAG
100
AcDbText
 10
480.7894736842105
 20
434.2105263157895
 30
0.0
 40
2.4
  1
INNER SECURITY DOOR IN HW2, 900 x 2100  [C]
  7
OpenSans
 72
1
 11
480.7894736842105
 21
434.2105263157895
 31
0.0
100
AcDbText
 73
1
  0
TEXT
  5
398
330
17
100
AcDbEntity
  8
F-ESCAPE
100
AcDbText
 10
266.3157894736842
 20
477.63157894736844
 30
0.0
 40
2.4
  1
ENTRY DOOR 1000 x 2100 AT GRADE  [C]
  7
OpenSans
 72
2
 11
266.3157894736842
 21
477.63157894736844
 31
0.0
100
AcDbText
  0
CIRCLE
  5
399
330
17
100
AcDbEntity
  8
F-SHAFT
100
AcDbCircle
 10
93.94736842105263
 20
353.9473684210526
 30
0.0
 40
18.42105263157895
  0
CIRCLE
  5
39A
330
17
100
AcDbEntity
  8
F-SHAFT
100
AcDbCircle
 10
93.94736842105263
 20
353.9473684210526
 30
0.0
 40
25.0
  0
TEXT
  5
39B
330
17
100
AcDbEntity
  8
F-SHAFT
100
AcDbText
 10
93.94736842105263
 20
392.10526315789474
 30
0.0
 40
2.4
  1
ESC 1 HEAD (+0.150)
  7
OpenSans
 72
1
 11
93.94736842105263
 21
392.10526315789474
 31
0.0
100
AcDbText
 73
1
  0
TEXT
  5
39C
330
17
100
AcDbEntity
  8
F-SHAFT
100
AcDbText
 10
93.94736842105263
 20
307.89473684210526
 30
0.0
 40
2.4
  1
EMERGES THROUGH THE 2 000 COVER  [C]
  7
OpenSans
 72
1
 11
93.94736842105263
 21
307.89473684210526
 31
0.0
100
AcDbText
 73
1
  0
CIRCLE
  5
39D
330
17
100
AcDbEntity
  8
F-SHAFT
100
AcDbCircle
 10
563.6842105263158
 20
353.9473684210526
 30
0.0
 40
18.42105263157895
  0
CIRCLE
  5
39E
330
17
100
AcDbEntity
  8
F-SHAFT
100
AcDbCircle
 10
563.6842105263158
 20
353.9473684210526
 30
0.0
 40
25.0
  0
TEXT
  5
39F
330
17
100
AcDbEntity
  8
F-SHAFT
100
AcDbText
 10
563.6842105263158
 20
392.10526315789474
 30
0.0
 40
2.4
  1
ESC 2 HEAD (+0.700)
  7
OpenSans
 72
1
 11
563.6842105263158
 21
392.10526315789474
 31
0.0
100
AcDbText
 73
1
  0
TEXT
  5
3A0
330
17
100
AcDbEntity
  8
F-SHAFT
100
AcDbText
 10
563.6842105263158
 20
307.89473684210526
 30
0.0
 40
2.4
  1
EMERGES THROUGH THE 2 000 COVER  [C]
  7
OpenSans
 72
1
 11
563.6842105263158
 21
307.89473684210526
 31
0.0
100
AcDbText
 73
1
  0
TEXT
  5
3A1
330
17
100
AcDbEntity
  8
M-FLAG
100
AcDbText
 10
329.4736842105263
 20
421.0526315789474
 30
0.0
 40
2.4
  1
FS-6   NO LADDER, RUNG OR FALL-ARREST IS SPECIFIED IN EITHER SHAFT  [N]
  7
OpenSans
 72
1
 11
329.4736842105263
 21
421.0526315789474
 31
0.0
100
AcDbText
 73
1
  0
DIMENSION
  5
3A2
330
17
100
AcDbEntity
  8
S-DIM
100
AcDbDimension
280
0
  2
*D1
  3
SC-DIM
 10
290.0
 20
510.52631578947364
 30
0.0
 11
372.89473684210526
 21
512.2263157894737
 31
0.0
 70
32
 71
5
  1
<>
100
AcDbAlignedDimension
 13
290.0
 23
503.9473684210526
 33
0.0
 14
455.7894736842105
 24
503.9473684210526
 34
0.0
 50
0.0
100
AcDbRotatedDimension
1001
ACAD
1000
DSTYLE
1002
{
1070
144
1040
38.0
1002
}
  0
TEXT
  5
3B1
330
17
100
AcDbEntity
  8
M-DIM
100
AcDbText
 10
372.89473684210526
 20
521.0526315789474
 30
0.0
 40
2.4
  1
COVERED STAIRWELL RUN  6.3 m  -  LANDING, FLIGHT AND PLATFORM  [C]
  7
OpenSans
 72
1
 11
372.89473684210526
 21
521.0526315789474
 31
0.0
100
AcDbText
 73
1
  0
TEXT
  5
3B2
330
17
100
AcDbEntity
  8
M-TEXT
100
AcDbText
 10
47.89473684210526
 20
528.9473684210526
 30
0.0
 40
2.4
  1
THE COVERED STAIRWELL AND THE HEADHOUSE ARE OUTSIDE THE PROTECTIVE BOUNDARY  [C]
  7
OpenSans
 11
47.89473684210526
 21
528.9473684210526
 31
0.0
100
AcDbText
  0
TEXT
  5
3B3
330
17
100
AcDbEntity
  8
M-FLAG
100
AcDbText
 10
47.89473684210526
 20
513.1578947368421
 30
0.0
 40
2.4
  1
MUSTER POINT NOT DEFINED  -  NO SITE PLAN EXISTS, MASTER OPEN ITEM D3  [N]
  7
OpenSans
 11
47.89473684210526
 21
513.1578947368421
 31
0.0
100
AcDbText
  0
TEXT
  5
3B4
330
17
100
AcDbEntity
  8
S-TITLE
100
AcDbText
 10
636.0
 20
553.0
 30
0.0
 40
3.5
  1
V2   VERTICAL ESCAPE PROFILE
  7
OpenSans
 11
636.0
 21
553.0
 31
0.0
100
AcDbText
  0
LINE
  5
3B5
330
17
100
AcDbEntity
  8
S-TITLE
100
AcDbLine
 10
636.0
 20
551.2
 30
0.0
 11
711.8255190890824
 21
551.2
 31
0.0
  0
TEXT
  5
3B6
330
17
100
AcDbEntity
  8
S-TEXT
100
AcDbText
 10
636.0
 20
545.8
 30
0.0
 40
2.0
  1
SCALE 1:75 VERTICAL   NOT A SECTION   WHAT EACH ROUTE ACTUALLY ASKS OF THE PERSON USING IT
  7
OpenSans
 11
636.0
 21
545.8
 31
0.0
100
AcDbText
  0
LINE
  5
3B7
330
17
100
AcDbEntity
  8
M-LEVEL
100
AcDbLine
 10
640.0
 20
447.66585
 30
0.0
 11
642.0
 21
447.66585
 31
0.0
  0
LINE
  5
3B8
330
17
100
AcDbEntity
  8
M-LEVEL
100
AcDbLine
 10
643.4
 20
447.66585
 30
0.0
 11
645.4
 21
447.66585
 31
0.0
  0
LINE
  5
3B9
330
17
100
AcDbEntity
  8
M-LEVEL
100
AcDbLine
 10
646.8
 20
447.66585
 30
0.0
 11
648.8
 21
447.66585
 31
0.0
  0
LINE
  5
3BA
330
17
100
AcDbEntity
  8
M-LEVEL
100
AcDbLine
 10
650.2
 20
447.66585
 30
0.0
 11
652.2
 21
447.66585
 31
0.0
  0
LINE
  5
3BB
330
17
100
AcDbEntity
  8
M-LEVEL
100
AcDbLine
 10
653.6
 20
447.66585
 30
0.0
 11
655.6
 21
447.66585
 31
0.0
  0
LINE
  5
3BC
330
17
100
AcDbEntity
  8
M-LEVEL
100
AcDbLine
 10
657.0
 20
447.66585
 30
0.0
 11
659.0
 21
447.66585
 31
0.0
  0
LINE
  5
3BD
330
17
100
AcDbEntity
  8
M-LEVEL
100
AcDbLine
 10
660.4
 20
447.66585
 30
0.0
 11
662.4
 21
447.66585
 31
0.0
  0
LINE
  5
3BE
330
17
100
AcDbEntity
  8
M-LEVEL
100
AcDbLine
 10
663.8
 20
447.66585
 30
0.0
 11
665.8
 21
447.66585
 31
0.0
  0
LINE
  5
3BF
330
17
100
AcDbEntity
  8
M-LEVEL
100
AcDbLine
 10
667.2
 20
447.66585
 30
0.0
 11
669.2
 21
447.66585
 31
0.0
  0
LINE
  5
3C0
330
17
100
AcDbEntity
  8
M-LEVEL
100
AcDbLine
 10
670.6
 20
447.66585
 30
0.0
 11
672.6
 21
447.66585
 31
0.0
  0
LINE
  5
3C1
330
17
100
AcDbEntity
  8
M-LEVEL
100
AcDbLine
 10
674.0
 20
447.66585
 30
0.0
 11
676.0
 21
447.66585
 31
0.0
  0
LINE
  5
3C2
330
17
100
AcDbEntity
  8
M-LEVEL
100
AcDbLine
 10
677.4
 20
447.66585
 30
0.0
 11
679.4
 21
447.66585
 31
0.0
  0
LINE
  5
3C3
330
17
100
AcDbEntity
  8
M-LEVEL
100
AcDbLine
 10
680.8
 20
447.66585
 30
0.0
 11
682.8
 21
447.66585
 31
0.0
  0
LINE
  5
3C4
330
17
100
AcDbEntity
  8
M-LEVEL
100
AcDbLine
 10
684.2
 20
447.66585
 30
0.0
 11
686.2
 21
447.66585
 31
0.0
  0
LINE
  5
3C5
330
17
100
AcDbEntity
  8
M-LEVEL
100
AcDbLine
 10
687.6
 20
447.66585
 30
0.0
 11
689.6
 21
447.66585
 31
0.0
  0
LINE
  5
3C6
330
17
100
AcDbEntity
  8
M-LEVEL
100
AcDbLine
 10
691.0
 20
447.66585
 30
0.0
 11
693.0
 21
447.66585
 31
0.0
  0
LINE
  5
3C7
330
17
100
AcDbEntity
  8
M-LEVEL
100
AcDbLine
 10
694.4
 20
447.66585
 30
0.0
 11
696.4
 21
447.66585
 31
0.0
  0
LINE
  5
3C8
330
17
100
AcDbEntity
  8
M-LEVEL
100
AcDbLine
 10
697.8
 20
447.66585
 30
0.0
 11
699.8
 21
447.66585
 31
0.0
  0
LINE
  5
3C9
330
17
100
AcDbEntity
  8
M-LEVEL
100
AcDbLine
 10
701.1999999999999
 20
447.66585
 30
0.0
 11
703.1999999999999
 21
447.66585
 31
0.0
  0
LINE
  5
3CA
330
17
100
AcDbEntity
  8
M-LEVEL
100
AcDbLine
 10
704.6
 20
447.66585
 30
0.0
 11
706.6
 21
447.66585
 31
0.0
  0
LINE
  5
3CB
330
17
100
AcDbEntity
  8
M-LEVEL
100
AcDbLine
 10
708.0
 20
447.66585
 30
0.0
 11
710.0
 21
447.66585
 31
0.0
  0
LINE
  5
3CC
330
17
100
AcDbEntity
  8
M-LEVEL
100
AcDbLine
 10
711.4
 20
447.66585
 30
0.0
 11
713.4
 21
447.66585
 31
0.0
  0
LINE
  5
3CD
330
17
100
AcDbEntity
  8
M-LEVEL
100
AcDbLine
 10
714.8
 20
447.66585
 30
0.0
 11
716.8
 21
447.66585
 31
0.0
  0
LINE
  5
3CE
330
17
100
AcDbEntity
  8
M-LEVEL
100
AcDbLine
 10
718.2
 20
447.66585
 30
0.0
 11
720.2
 21
447.66585
 31
0.0
  0
LINE
  5
3CF
330
17
100
AcDbEntity
  8
M-LEVEL
100
AcDbLine
 10
721.6
 20
447.66585
 30
0.0
 11
723.6
 21
447.66585
 31
0.0
  0
LINE
  5
3D0
330
17
100
AcDbEntity
  8
M-LEVEL
100
AcDbLine
 10
725.0
 20
447.66585
 30
0.0
 11
727.0
 21
447.66585
 31
0.0
  0
LINE
  5
3D1
330
17
100
AcDbEntity
  8
M-LEVEL
100
AcDbLine
 10
728.4
 20
447.66585
 30
0.0
 11
730.4
 21
447.66585
 31
0.0
  0
LINE
  5
3D2
330
17
100
AcDbEntity
  8
M-LEVEL
100
AcDbLine
 10
731.8000000000001
 20
447.66585
 30
0.0
 11
733.8000000000001
 21
447.66585
 31
0.0
  0
LINE
  5
3D3
330
17
100
AcDbEntity
  8
M-LEVEL
100
AcDbLine
 10
735.2
 20
447.66585
 30
0.0
 11
737.2
 21
447.66585
 31
0.0
  0
LINE
  5
3D4
330
17
100
AcDbEntity
  8
M-LEVEL
100
AcDbLine
 10
738.6
 20
447.66585
 30
0.0
 11
740.6
 21
447.66585
 31
0.0
  0
LINE
  5
3D5
330
17
100
AcDbEntity
  8
M-LEVEL
100
AcDbLine
 10
742.0
 20
447.66585
 30
0.0
 11
744.0
 21
447.66585
 31
0.0
  0
LINE
  5
3D6
330
17
100
AcDbEntity
  8
M-LEVEL
100
AcDbLine
 10
745.4000000000001
 20
447.66585
 30
0.0
 11
747.4000000000001
 21
447.66585
 31
0.0
  0
LINE
  5
3D7
330
17
100
AcDbEntity
  8
M-LEVEL
100
AcDbLine
 10
748.8000000000001
 20
447.66585
 30
0.0
 11
750.8000000000001
 21
447.66585
 31
0.0
  0
LINE
  5
3D8
330
17
100
AcDbEntity
  8
M-LEVEL
100
AcDbLine
 10
752.2
 20
447.66585
 30
0.0
 11
754.2
 21
447.66585
 31
0.0
  0
LINE
  5
3D9
330
17
100
AcDbEntity
  8
M-LEVEL
100
AcDbLine
 10
755.6
 20
447.66585
 30
0.0
 11
757.6
 21
447.66585
 31
0.0
  0
LINE
  5
3DA
330
17
100
AcDbEntity
  8
M-LEVEL
100
AcDbLine
 10
759.0000000000001
 20
447.66585
 30
0.0
 11
760.0
 21
447.66585
 31
0.0
  0
TEXT
  5
3DB
330
17
100
AcDbEntity
  8
M-LEVEL
100
AcDbText
 10
763.0
 20
446.86584999999997
 30
0.0
 40
1.9
  1
(+2.450)  COVERED STAIRWELL HEAD
  7
OpenSans
 11
763.0
 21
446.86584999999997
 31
0.0
100
AcDbText
  0
LINE
  5
3DC
330
17
100
AcDbEntity
  8
M-LEVEL
100
AcDbLine
 10
640.0
 20
424.3331
 30
0.0
 11
642.0
 21
424.3331
 31
0.0
  0
LINE
  5
3DD
330
17
100
AcDbEntity
  8
M-LEVEL
100
AcDbLine
 10
643.4
 20
424.3331
 30
0.0
 11
645.4
 21
424.3331
 31
0.0
  0
LINE
  5
3DE
330
17
100
AcDbEntity
  8
M-LEVEL
100
AcDbLine
 10
646.8
 20
424.3331
 30
0.0
 11
648.8
 21
424.3331
 31
0.0
  0
LINE
  5
3DF
330
17
100
AcDbEntity
  8
M-LEVEL
100
AcDbLine
 10
650.2
 20
424.3331
 30
0.0
 11
652.2
 21
424.3331
 31
0.0
  0
LINE
  5
3E0
330
17
100
AcDbEntity
  8
M-LEVEL
100
AcDbLine
 10
653.6
 20
424.3331
 30
0.0
 11
655.6
 21
424.3331
 31
0.0
  0
LINE
  5
3E1
330
17
100
AcDbEntity
  8
M-LEVEL
100
AcDbLine
 10
657.0
 20
424.3331
 30
0.0
 11
659.0
 21
424.3331
 31
0.0
  0
LINE
  5
3E2
330
17
100
AcDbEntity
  8
M-LEVEL
100
AcDbLine
 10
660.4
 20
424.3331
 30
0.0
 11
662.4
 21
424.3331
 31
0.0
  0
LINE
  5
3E3
330
17
100
AcDbEntity
  8
M-LEVEL
100
AcDbLine
 10
663.8
 20
424.3331
 30
0.0
 11
665.8
 21
424.3331
 31
0.0
  0
LINE
  5
3E4
330
17
100
AcDbEntity
  8
M-LEVEL
100
AcDbLine
 10
667.2
 20
424.3331
 30
0.0
 11
669.2
 21
424.3331
 31
0.0
  0
LINE
  5
3E5
330
17
100
AcDbEntity
  8
M-LEVEL
100
AcDbLine
 10
670.6
 20
424.3331
 30
0.0
 11
672.6
 21
424.3331
 31
0.0
  0
LINE
  5
3E6
330
17
100
AcDbEntity
  8
M-LEVEL
100
AcDbLine
 10
674.0
 20
424.3331
 30
0.0
 11
676.0
 21
424.3331
 31
0.0
  0
LINE
  5
3E7
330
17
100
AcDbEntity
  8
M-LEVEL
100
AcDbLine
 10
677.4
 20
424.3331
 30
0.0
 11
679.4
 21
424.3331
 31
0.0
  0
LINE
  5
3E8
330
17
100
AcDbEntity
  8
M-LEVEL
100
AcDbLine
 10
680.8
 20
424.3331
 30
0.0
 11
682.8
 21
424.3331
 31
0.0
  0
LINE
  5
3E9
330
17
100
AcDbEntity
  8
M-LEVEL
100
AcDbLine
 10
684.2
 20
424.3331
 30
0.0
 11
686.2
 21
424.3331
 31
0.0
  0
LINE
  5
3EA
330
17
100
AcDbEntity
  8
M-LEVEL
100
AcDbLine
 10
687.6
 20
424.3331
 30
0.0
 11
689.6
 21
424.3331
 31
0.0
  0
LINE
  5
3EB
330
17
100
AcDbEntity
  8
M-LEVEL
100
AcDbLine
 10
691.0
 20
424.3331
 30
0.0
 11
693.0
 21
424.3331
 31
0.0
  0
LINE
  5
3EC
330
17
100
AcDbEntity
  8
M-LEVEL
100
AcDbLine
 10
694.4
 20
424.3331
 30
0.0
 11
696.4
 21
424.3331
 31
0.0
  0
LINE
  5
3ED
330
17
100
AcDbEntity
  8
M-LEVEL
100
AcDbLine
 10
697.8
 20
424.3331
 30
0.0
 11
699.8
 21
424.3331
 31
0.0
  0
LINE
  5
3EE
330
17
100
AcDbEntity
  8
M-LEVEL
100
AcDbLine
 10
701.1999999999999
 20
424.3331
 30
0.0
 11
703.1999999999999
 21
424.3331
 31
0.0
  0
LINE
  5
3EF
330
17
100
AcDbEntity
  8
M-LEVEL
100
AcDbLine
 10
704.6
 20
424.3331
 30
0.0
 11
706.6
 21
424.3331
 31
0.0
  0
LINE
  5
3F0
330
17
100
AcDbEntity
  8
M-LEVEL
100
AcDbLine
 10
708.0
 20
424.3331
 30
0.0
 11
710.0
 21
424.3331
 31
0.0
  0
LINE
  5
3F1
330
17
100
AcDbEntity
  8
M-LEVEL
100
AcDbLine
 10
711.4
 20
424.3331
 30
0.0
 11
713.4
 21
424.3331
 31
0.0
  0
LINE
  5
3F2
330
17
100
AcDbEntity
  8
M-LEVEL
100
AcDbLine
 10
714.8
 20
424.3331
 30
0.0
 11
716.8
 21
424.3331
 31
0.0
  0
LINE
  5
3F3
330
17
100
AcDbEntity
  8
M-LEVEL
100
AcDbLine
 10
718.2
 20
424.3331
 30
0.0
 11
720.2
 21
424.3331
 31
0.0
  0
LINE
  5
3F4
330
17
100
AcDbEntity
  8
M-LEVEL
100
AcDbLine
 10
721.6
 20
424.3331
 30
0.0
 11
723.6
 21
424.3331
 31
0.0
  0
LINE
  5
3F5
330
17
100
AcDbEntity
  8
M-LEVEL
100
AcDbLine
 10
725.0
 20
424.3331
 30
0.0
 11
727.0
 21
424.3331
 31
0.0
  0
LINE
  5
3F6
330
17
100
AcDbEntity
  8
M-LEVEL
100
AcDbLine
 10
728.4
 20
424.3331
 30
0.0
 11
730.4
 21
424.3331
 31
0.0
  0
LINE
  5
3F7
330
17
100
AcDbEntity
  8
M-LEVEL
100
AcDbLine
 10
731.8000000000001
 20
424.3331
 30
0.0
 11
733.8000000000001
 21
424.3331
 31
0.0
  0
LINE
  5
3F8
330
17
100
AcDbEntity
  8
M-LEVEL
100
AcDbLine
 10
735.2
 20
424.3331
 30
0.0
 11
737.2
 21
424.3331
 31
0.0
  0
LINE
  5
3F9
330
17
100
AcDbEntity
  8
M-LEVEL
100
AcDbLine
 10
738.6
 20
424.3331
 30
0.0
 11
740.6
 21
424.3331
 31
0.0
  0
LINE
  5
3FA
330
17
100
AcDbEntity
  8
M-LEVEL
100
AcDbLine
 10
742.0
 20
424.3331
 30
0.0
 11
744.0
 21
424.3331
 31
0.0
  0
LINE
  5
3FB
330
17
100
AcDbEntity
  8
M-LEVEL
100
AcDbLine
 10
745.4000000000001
 20
424.3331
 30
0.0
 11
747.4000000000001
 21
424.3331
 31
0.0
  0
LINE
  5
3FC
330
17
100
AcDbEntity
  8
M-LEVEL
100
AcDbLine
 10
748.8000000000001
 20
424.3331
 30
0.0
 11
750.8000000000001
 21
424.3331
 31
0.0
  0
LINE
  5
3FD
330
17
100
AcDbEntity
  8
M-LEVEL
100
AcDbLine
 10
752.2
 20
424.3331
 30
0.0
 11
754.2
 21
424.3331
 31
0.0
  0
LINE
  5
3FE
330
17
100
AcDbEntity
  8
M-LEVEL
100
AcDbLine
 10
755.6
 20
424.3331
 30
0.0
 11
757.6
 21
424.3331
 31
0.0
  0
LINE
  5
3FF
330
17
100
AcDbEntity
  8
M-LEVEL
100
AcDbLine
 10
759.0000000000001
 20
424.3331
 30
0.0
 11
760.0
 21
424.3331
 31
0.0
  0
TEXT
  5
400
330
17
100
AcDbEntity
  8
M-LEVEL
100
AcDbText
 10
763.0
 20
423.5331
 30
0.0
 40
1.9
  1
(+0.700)  ESC 2 HEAD
  7
OpenSans
 11
763.0
 21
423.5331
 31
0.0
100
AcDbText
  0
LINE
  5
401
330
17
100
AcDbEntity
  8
M-LEVEL
100
AcDbLine
 10
640.0
 20
416.99995
 30
0.0
 11
642.0
 21
416.99995
 31
0.0
  0
LINE
  5
402
330
17
100
AcDbEntity
  8
M-LEVEL
100
AcDbLine
 10
643.4
 20
416.99995
 30
0.0
 11
645.4
 21
416.99995
 31
0.0
  0
LINE
  5
403
330
17
100
AcDbEntity
  8
M-LEVEL
100
AcDbLine
 10
646.8
 20
416.99995
 30
0.0
 11
648.8
 21
416.99995
 31
0.0
  0
LINE
  5
404
330
17
100
AcDbEntity
  8
M-LEVEL
100
AcDbLine
 10
650.2
 20
416.99995
 30
0.0
 11
652.2
 21
416.99995
 31
0.0
  0
LINE
  5
405
330
17
100
AcDbEntity
  8
M-LEVEL
100
AcDbLine
 10
653.6
 20
416.99995
 30
0.0
 11
655.6
 21
416.99995
 31
0.0
  0
LINE
  5
406
330
17
100
AcDbEntity
  8
M-LEVEL
100
AcDbLine
 10
657.0
 20
416.99995
 30
0.0
 11
659.0
 21
416.99995
 31
0.0
  0
LINE
  5
407
330
17
100
AcDbEntity
  8
M-LEVEL
100
AcDbLine
 10
660.4
 20
416.99995
 30
0.0
 11
662.4
 21
416.99995
 31
0.0
  0
LINE
  5
408
330
17
100
AcDbEntity
  8
M-LEVEL
100
AcDbLine
 10
663.8
 20
416.99995
 30
0.0
 11
665.8
 21
416.99995
 31
0.0
  0
LINE
  5
409
330
17
100
AcDbEntity
  8
M-LEVEL
100
AcDbLine
 10
667.2
 20
416.99995
 30
0.0
 11
669.2
 21
416.99995
 31
0.0
  0
LINE
  5
40A
330
17
100
AcDbEntity
  8
M-LEVEL
100
AcDbLine
 10
670.6
 20
416.99995
 30
0.0
 11
672.6
 21
416.99995
 31
0.0
  0
LINE
  5
40B
330
17
100
AcDbEntity
  8
M-LEVEL
100
AcDbLine
 10
674.0
 20
416.99995
 30
0.0
 11
676.0
 21
416.99995
 31
0.0
  0
LINE
  5
40C
330
17
100
AcDbEntity
  8
M-LEVEL
100
AcDbLine
 10
677.4
 20
416.99995
 30
0.0
 11
679.4
 21
416.99995
 31
0.0
  0
LINE
  5
40D
330
17
100
AcDbEntity
  8
M-LEVEL
100
AcDbLine
 10
680.8
 20
416.99995
 30
0.0
 11
682.8
 21
416.99995
 31
0.0
  0
LINE
  5
40E
330
17
100
AcDbEntity
  8
M-LEVEL
100
AcDbLine
 10
684.2
 20
416.99995
 30
0.0
 11
686.2
 21
416.99995
 31
0.0
  0
LINE
  5
40F
330
17
100
AcDbEntity
  8
M-LEVEL
100
AcDbLine
 10
687.6
 20
416.99995
 30
0.0
 11
689.6
 21
416.99995
 31
0.0
  0
LINE
  5
410
330
17
100
AcDbEntity
  8
M-LEVEL
100
AcDbLine
 10
691.0
 20
416.99995
 30
0.0
 11
693.0
 21
416.99995
 31
0.0
  0
LINE
  5
411
330
17
100
AcDbEntity
  8
M-LEVEL
100
AcDbLine
 10
694.4
 20
416.99995
 30
0.0
 11
696.4
 21
416.99995
 31
0.0
  0
LINE
  5
412
330
17
100
AcDbEntity
  8
M-LEVEL
100
AcDbLine
 10
697.8
 20
416.99995
 30
0.0
 11
699.8
 21
416.99995
 31
0.0
  0
LINE
  5
413
330
17
100
AcDbEntity
  8
M-LEVEL
100
AcDbLine
 10
701.1999999999999
 20
416.99995
 30
0.0
 11
703.1999999999999
 21
416.99995
 31
0.0
  0
LINE
  5
414
330
17
100
AcDbEntity
  8
M-LEVEL
100
AcDbLine
 10
704.6
 20
416.99995
 30
0.0
 11
706.6
 21
416.99995
 31
0.0
  0
LINE
  5
415
330
17
100
AcDbEntity
  8
M-LEVEL
100
AcDbLine
 10
708.0
 20
416.99995
 30
0.0
 11
710.0
 21
416.99995
 31
0.0
  0
LINE
  5
416
330
17
100
AcDbEntity
  8
M-LEVEL
100
AcDbLine
 10
711.4
 20
416.99995
 30
0.0
 11
713.4
 21
416.99995
 31
0.0
  0
LINE
  5
417
330
17
100
AcDbEntity
  8
M-LEVEL
100
AcDbLine
 10
714.8
 20
416.99995
 30
0.0
 11
716.8
 21
416.99995
 31
0.0
  0
LINE
  5
418
330
17
100
AcDbEntity
  8
M-LEVEL
100
AcDbLine
 10
718.2
 20
416.99995
 30
0.0
 11
720.2
 21
416.99995
 31
0.0
  0
LINE
  5
419
330
17
100
AcDbEntity
  8
M-LEVEL
100
AcDbLine
 10
721.6
 20
416.99995
 30
0.0
 11
723.6
 21
416.99995
 31
0.0
  0
LINE
  5
41A
330
17
100
AcDbEntity
  8
M-LEVEL
100
AcDbLine
 10
725.0
 20
416.99995
 30
0.0
 11
727.0
 21
416.99995
 31
0.0
  0
LINE
  5
41B
330
17
100
AcDbEntity
  8
M-LEVEL
100
AcDbLine
 10
728.4
 20
416.99995
 30
0.0
 11
730.4
 21
416.99995
 31
0.0
  0
LINE
  5
41C
330
17
100
AcDbEntity
  8
M-LEVEL
100
AcDbLine
 10
731.8000000000001
 20
416.99995
 30
0.0
 11
733.8000000000001
 21
416.99995
 31
0.0
  0
LINE
  5
41D
330
17
100
AcDbEntity
  8
M-LEVEL
100
AcDbLine
 10
735.2
 20
416.99995
 30
0.0
 11
737.2
 21
416.99995
 31
0.0
  0
LINE
  5
41E
330
17
100
AcDbEntity
  8
M-LEVEL
100
AcDbLine
 10
738.6
 20
416.99995
 30
0.0
 11
740.6
 21
416.99995
 31
0.0
  0
LINE
  5
41F
330
17
100
AcDbEntity
  8
M-LEVEL
100
AcDbLine
 10
742.0
 20
416.99995
 30
0.0
 11
744.0
 21
416.99995
 31
0.0
  0
LINE
  5
420
330
17
100
AcDbEntity
  8
M-LEVEL
100
AcDbLine
 10
745.4000000000001
 20
416.99995
 30
0.0
 11
747.4000000000001
 21
416.99995
 31
0.0
  0
LINE
  5
421
330
17
100
AcDbEntity
  8
M-LEVEL
100
AcDbLine
 10
748.8000000000001
 20
416.99995
 30
0.0
 11
750.8000000000001
 21
416.99995
 31
0.0
  0
LINE
  5
422
330
17
100
AcDbEntity
  8
M-LEVEL
100
AcDbLine
 10
752.2
 20
416.99995
 30
0.0
 11
754.2
 21
416.99995
 31
0.0
  0
LINE
  5
423
330
17
100
AcDbEntity
  8
M-LEVEL
100
AcDbLine
 10
755.6
 20
416.99995
 30
0.0
 11
757.6
 21
416.99995
 31
0.0
  0
LINE
  5
424
330
17
100
AcDbEntity
  8
M-LEVEL
100
AcDbLine
 10
759.0000000000001
 20
416.99995
 30
0.0
 11
760.0
 21
416.99995
 31
0.0
  0
TEXT
  5
425
330
17
100
AcDbEntity
  8
M-LEVEL
100
AcDbText
 10
763.0
 20
418.79995
 30
0.0
 40
1.9
  1
(+0.150)  ESC 1 HEAD
  7
OpenSans
 11
763.0
 21
418.79995
 31
0.0
100
AcDbText
  0
LINE
  5
426
330
17
100
AcDbEntity
  8
M-LEVEL
100
AcDbLine
 10
640.0
 20
415.0
 30
0.0
 11
642.0
 21
415.0
 31
0.0
  0
LINE
  5
427
330
17
100
AcDbEntity
  8
M-LEVEL
100
AcDbLine
 10
643.4
 20
415.0
 30
0.0
 11
645.4
 21
415.0
 31
0.0
  0
LINE
  5
428
330
17
100
AcDbEntity
  8
M-LEVEL
100
AcDbLine
 10
646.8
 20
415.0
 30
0.0
 11
648.8
 21
415.0
 31
0.0
  0
LINE
  5
429
330
17
100
AcDbEntity
  8
M-LEVEL
100
AcDbLine
 10
650.2
 20
415.0
 30
0.0
 11
652.2
 21
415.0
 31
0.0
  0
LINE
  5
42A
330
17
100
AcDbEntity
  8
M-LEVEL
100
AcDbLine
 10
653.6
 20
415.0
 30
0.0
 11
655.6
 21
415.0
 31
0.0
  0
LINE
  5
42B
330
17
100
AcDbEntity
  8
M-LEVEL
100
AcDbLine
 10
657.0
 20
415.0
 30
0.0
 11
659.0
 21
415.0
 31
0.0
  0
LINE
  5
42C
330
17
100
AcDbEntity
  8
M-LEVEL
100
AcDbLine
 10
660.4
 20
415.0
 30
0.0
 11
662.4
 21
415.0
 31
0.0
  0
LINE
  5
42D
330
17
100
AcDbEntity
  8
M-LEVEL
100
AcDbLine
 10
663.8
 20
415.0
 30
0.0
 11
665.8
 21
415.0
 31
0.0
  0
LINE
  5
42E
330
17
100
AcDbEntity
  8
M-LEVEL
100
AcDbLine
 10
667.2
 20
415.0
 30
0.0
 11
669.2
 21
415.0
 31
0.0
  0
LINE
  5
42F
330
17
100
AcDbEntity
  8
M-LEVEL
100
AcDbLine
 10
670.6
 20
415.0
 30
0.0
 11
672.6
 21
415.0
 31
0.0
  0
LINE
  5
430
330
17
100
AcDbEntity
  8
M-LEVEL
100
AcDbLine
 10
674.0
 20
415.0
 30
0.0
 11
676.0
 21
415.0
 31
0.0
  0
LINE
  5
431
330
17
100
AcDbEntity
  8
M-LEVEL
100
AcDbLine
 10
677.4
 20
415.0
 30
0.0
 11
679.4
 21
415.0
 31
0.0
  0
LINE
  5
432
330
17
100
AcDbEntity
  8
M-LEVEL
100
AcDbLine
 10
680.8
 20
415.0
 30
0.0
 11
682.8
 21
415.0
 31
0.0
  0
LINE
  5
433
330
17
100
AcDbEntity
  8
M-LEVEL
100
AcDbLine
 10
684.2
 20
415.0
 30
0.0
 11
686.2
 21
415.0
 31
0.0
  0
LINE
  5
434
330
17
100
AcDbEntity
  8
M-LEVEL
100
AcDbLine
 10
687.6
 20
415.0
 30
0.0
 11
689.6
 21
415.0
 31
0.0
  0
LINE
  5
435
330
17
100
AcDbEntity
  8
M-LEVEL
100
AcDbLine
 10
691.0
 20
415.0
 30
0.0
 11
693.0
 21
415.0
 31
0.0
  0
LINE
  5
436
330
17
100
AcDbEntity
  8
M-LEVEL
100
AcDbLine
 10
694.4
 20
415.0
 30
0.0
 11
696.4
 21
415.0
 31
0.0
  0
LINE
  5
437
330
17
100
AcDbEntity
  8
M-LEVEL
100
AcDbLine
 10
697.8
 20
415.0
 30
0.0
 11
699.8
 21
415.0
 31
0.0
  0
LINE
  5
438
330
17
100
AcDbEntity
  8
M-LEVEL
100
AcDbLine
 10
701.1999999999999
 20
415.0
 30
0.0
 11
703.1999999999999
 21
415.0
 31
0.0
  0
LINE
  5
439
330
17
100
AcDbEntity
  8
M-LEVEL
100
AcDbLine
 10
704.6
 20
415.0
 30
0.0
 11
706.6
 21
415.0
 31
0.0
  0
LINE
  5
43A
330
17
100
AcDbEntity
  8
M-LEVEL
100
AcDbLine
 10
708.0
 20
415.0
 30
0.0
 11
710.0
 21
415.0
 31
0.0
  0
LINE
  5
43B
330
17
100
AcDbEntity
  8
M-LEVEL
100
AcDbLine
 10
711.4
 20
415.0
 30
0.0
 11
713.4
 21
415.0
 31
0.0
  0
LINE
  5
43C
330
17
100
AcDbEntity
  8
M-LEVEL
100
AcDbLine
 10
714.8
 20
415.0
 30
0.0
 11
716.8
 21
415.0
 31
0.0
  0
LINE
  5
43D
330
17
100
AcDbEntity
  8
M-LEVEL
100
AcDbLine
 10
718.2
 20
415.0
 30
0.0
 11
720.2
 21
415.0
 31
0.0
  0
LINE
  5
43E
330
17
100
AcDbEntity
  8
M-LEVEL
100
AcDbLine
 10
721.6
 20
415.0
 30
0.0
 11
723.6
 21
415.0
 31
0.0
  0
LINE
  5
43F
330
17
100
AcDbEntity
  8
M-LEVEL
100
AcDbLine
 10
725.0
 20
415.0
 30
0.0
 11
727.0
 21
415.0
 31
0.0
  0
LINE
  5
440
330
17
100
AcDbEntity
  8
M-LEVEL
100
AcDbLine
 10
728.4
 20
415.0
 30
0.0
 11
730.4
 21
415.0
 31
0.0
  0
LINE
  5
441
330
17
100
AcDbEntity
  8
M-LEVEL
100
AcDbLine
 10
731.8000000000001
 20
415.0
 30
0.0
 11
733.8000000000001
 21
415.0
 31
0.0
  0
LINE
  5
442
330
17
100
AcDbEntity
  8
M-LEVEL
100
AcDbLine
 10
735.2
 20
415.0
 30
0.0
 11
737.2
 21
415.0
 31
0.0
  0
LINE
  5
443
330
17
100
AcDbEntity
  8
M-LEVEL
100
AcDbLine
 10
738.6
 20
415.0
 30
0.0
 11
740.6
 21
415.0
 31
0.0
  0
LINE
  5
444
330
17
100
AcDbEntity
  8
M-LEVEL
100
AcDbLine
 10
742.0
 20
415.0
 30
0.0
 11
744.0
 21
415.0
 31
0.0
  0
LINE
  5
445
330
17
100
AcDbEntity
  8
M-LEVEL
100
AcDbLine
 10
745.4000000000001
 20
415.0
 30
0.0
 11
747.4000000000001
 21
415.0
 31
0.0
  0
LINE
  5
446
330
17
100
AcDbEntity
  8
M-LEVEL
100
AcDbLine
 10
748.8000000000001
 20
415.0
 30
0.0
 11
750.8000000000001
 21
415.0
 31
0.0
  0
LINE
  5
447
330
17
100
AcDbEntity
  8
M-LEVEL
100
AcDbLine
 10
752.2
 20
415.0
 30
0.0
 11
754.2
 21
415.0
 31
0.0
  0
LINE
  5
448
330
17
100
AcDbEntity
  8
M-LEVEL
100
AcDbLine
 10
755.6
 20
415.0
 30
0.0
 11
757.6
 21
415.0
 31
0.0
  0
LINE
  5
449
330
17
100
AcDbEntity
  8
M-LEVEL
100
AcDbLine
 10
759.0000000000001
 20
415.0
 30
0.0
 11
760.0
 21
415.0
 31
0.0
  0
TEXT
  5
44A
330
17
100
AcDbEntity
  8
M-LEVEL
100
AcDbText
 10
763.0
 20
411.2
 30
0.0
 40
1.9
  1
(+0.000)  GRADE  -  ENTRY DOOR
  7
OpenSans
 11
763.0
 21
411.2
 31
0.0
100
AcDbText
  0
LINE
  5
44B
330
17
100
AcDbEntity
  8
M-LEVEL
100
AcDbLine
 10
640.0
 20
388.334
 30
0.0
 11
642.0
 21
388.334
 31
0.0
  0
LINE
  5
44C
330
17
100
AcDbEntity
  8
M-LEVEL
100
AcDbLine
 10
643.4
 20
388.334
 30
0.0
 11
645.4
 21
388.334
 31
0.0
  0
LINE
  5
44D
330
17
100
AcDbEntity
  8
M-LEVEL
100
AcDbLine
 10
646.8
 20
388.334
 30
0.0
 11
648.8
 21
388.334
 31
0.0
  0
LINE
  5
44E
330
17
100
AcDbEntity
  8
M-LEVEL
100
AcDbLine
 10
650.2
 20
388.334
 30
0.0
 11
652.2
 21
388.334
 31
0.0
  0
LINE
  5
44F
330
17
100
AcDbEntity
  8
M-LEVEL
100
AcDbLine
 10
653.6
 20
388.334
 30
0.0
 11
655.6
 21
388.334
 31
0.0
  0
LINE
  5
450
330
17
100
AcDbEntity
  8
M-LEVEL
100
AcDbLine
 10
657.0
 20
388.334
 30
0.0
 11
659.0
 21
388.334
 31
0.0
  0
LINE
  5
451
330
17
100
AcDbEntity
  8
M-LEVEL
100
AcDbLine
 10
660.4
 20
388.334
 30
0.0
 11
662.4
 21
388.334
 31
0.0
  0
LINE
  5
452
330
17
100
AcDbEntity
  8
M-LEVEL
100
AcDbLine
 10
663.8
 20
388.334
 30
0.0
 11
665.8
 21
388.334
 31
0.0
  0
LINE
  5
453
330
17
100
AcDbEntity
  8
M-LEVEL
100
AcDbLine
 10
667.2
 20
388.334
 30
0.0
 11
669.2
 21
388.334
 31
0.0
  0
LINE
  5
454
330
17
100
AcDbEntity
  8
M-LEVEL
100
AcDbLine
 10
670.6
 20
388.334
 30
0.0
 11
672.6
 21
388.334
 31
0.0
  0
LINE
  5
455
330
17
100
AcDbEntity
  8
M-LEVEL
100
AcDbLine
 10
674.0
 20
388.334
 30
0.0
 11
676.0
 21
388.334
 31
0.0
  0
LINE
  5
456
330
17
100
AcDbEntity
  8
M-LEVEL
100
AcDbLine
 10
677.4
 20
388.334
 30
0.0
 11
679.4
 21
388.334
 31
0.0
  0
LINE
  5
457
330
17
100
AcDbEntity
  8
M-LEVEL
100
AcDbLine
 10
680.8
 20
388.334
 30
0.0
 11
682.8
 21
388.334
 31
0.0
  0
LINE
  5
458
330
17
100
AcDbEntity
  8
M-LEVEL
100
AcDbLine
 10
684.2
 20
388.334
 30
0.0
 11
686.2
 21
388.334
 31
0.0
  0
LINE
  5
459
330
17
100
AcDbEntity
  8
M-LEVEL
100
AcDbLine
 10
687.6
 20
388.334
 30
0.0
 11
689.6
 21
388.334
 31
0.0
  0
LINE
  5
45A
330
17
100
AcDbEntity
  8
M-LEVEL
100
AcDbLine
 10
691.0
 20
388.334
 30
0.0
 11
693.0
 21
388.334
 31
0.0
  0
LINE
  5
45B
330
17
100
AcDbEntity
  8
M-LEVEL
100
AcDbLine
 10
694.4
 20
388.334
 30
0.0
 11
696.4
 21
388.334
 31
0.0
  0
LINE
  5
45C
330
17
100
AcDbEntity
  8
M-LEVEL
100
AcDbLine
 10
697.8
 20
388.334
 30
0.0
 11
699.8
 21
388.334
 31
0.0
  0
LINE
  5
45D
330
17
100
AcDbEntity
  8
M-LEVEL
100
AcDbLine
 10
701.1999999999999
 20
388.334
 30
0.0
 11
703.1999999999999
 21
388.334
 31
0.0
  0
LINE
  5
45E
330
17
100
AcDbEntity
  8
M-LEVEL
100
AcDbLine
 10
704.6
 20
388.334
 30
0.0
 11
706.6
 21
388.334
 31
0.0
  0
LINE
  5
45F
330
17
100
AcDbEntity
  8
M-LEVEL
100
AcDbLine
 10
708.0
 20
388.334
 30
0.0
 11
710.0
 21
388.334
 31
0.0
  0
LINE
  5
460
330
17
100
AcDbEntity
  8
M-LEVEL
100
AcDbLine
 10
711.4
 20
388.334
 30
0.0
 11
713.4
 21
388.334
 31
0.0
  0
LINE
  5
461
330
17
100
AcDbEntity
  8
M-LEVEL
100
AcDbLine
 10
714.8
 20
388.334
 30
0.0
 11
716.8
 21
388.334
 31
0.0
  0
LINE
  5
462
330
17
100
AcDbEntity
  8
M-LEVEL
100
AcDbLine
 10
718.2
 20
388.334
 30
0.0
 11
720.2
 21
388.334
 31
0.0
  0
LINE
  5
463
330
17
100
AcDbEntity
  8
M-LEVEL
100
AcDbLine
 10
721.6
 20
388.334
 30
0.0
 11
723.6
 21
388.334
 31
0.0
  0
LINE
  5
464
330
17
100
AcDbEntity
  8
M-LEVEL
100
AcDbLine
 10
725.0
 20
388.334
 30
0.0
 11
727.0
 21
388.334
 31
0.0
  0
LINE
  5
465
330
17
100
AcDbEntity
  8
M-LEVEL
100
AcDbLine
 10
728.4
 20
388.334
 30
0.0
 11
730.4
 21
388.334
 31
0.0
  0
LINE
  5
466
330
17
100
AcDbEntity
  8
M-LEVEL
100
AcDbLine
 10
731.8000000000001
 20
388.334
 30
0.0
 11
733.8000000000001
 21
388.334
 31
0.0
  0
LINE
  5
467
330
17
100
AcDbEntity
  8
M-LEVEL
100
AcDbLine
 10
735.2
 20
388.334
 30
0.0
 11
737.2
 21
388.334
 31
0.0
  0
LINE
  5
468
330
17
100
AcDbEntity
  8
M-LEVEL
100
AcDbLine
 10
738.6
 20
388.334
 30
0.0
 11
740.6
 21
388.334
 31
0.0
  0
LINE
  5
469
330
17
100
AcDbEntity
  8
M-LEVEL
100
AcDbLine
 10
742.0
 20
388.334
 30
0.0
 11
744.0
 21
388.334
 31
0.0
  0
LINE
  5
46A
330
17
100
AcDbEntity
  8
M-LEVEL
100
AcDbLine
 10
745.4000000000001
 20
388.334
 30
0.0
 11
747.4000000000001
 21
388.334
 31
0.0
  0
LINE
  5
46B
330
17
100
AcDbEntity
  8
M-LEVEL
100
AcDbLine
 10
748.8000000000001
 20
388.334
 30
0.0
 11
750.8000000000001
 21
388.334
 31
0.0
  0
LINE
  5
46C
330
17
100
AcDbEntity
  8
M-LEVEL
100
AcDbLine
 10
752.2
 20
388.334
 30
0.0
 11
754.2
 21
388.334
 31
0.0
  0
LINE
  5
46D
330
17
100
AcDbEntity
  8
M-LEVEL
100
AcDbLine
 10
755.6
 20
388.334
 30
0.0
 11
757.6
 21
388.334
 31
0.0
  0
LINE
  5
46E
330
17
100
AcDbEntity
  8
M-LEVEL
100
AcDbLine
 10
759.0000000000001
 20
388.334
 30
0.0
 11
760.0
 21
388.334
 31
0.0
  0
TEXT
  5
46F
330
17
100
AcDbEntity
  8
M-LEVEL
100
AcDbText
 10
763.0
 20
387.534
 30
0.0
 40
1.9
  1
(-2.000)  HEADHOUSE  -  STAIR ARRIVAL
  7
OpenSans
 11
763.0
 21
387.534
 31
0.0
100
AcDbText
  0
LINE
  5
470
330
17
100
AcDbEntity
  8
M-LEVEL
100
AcDbLine
 10
640.0
 20
370.1117889
 30
0.0
 11
642.0
 21
370.1117889
 31
0.0
  0
LINE
  5
471
330
17
100
AcDbEntity
  8
M-LEVEL
100
AcDbLine
 10
643.4
 20
370.1117889
 30
0.0
 11
645.4
 21
370.1117889
 31
0.0
  0
LINE
  5
472
330
17
100
AcDbEntity
  8
M-LEVEL
100
AcDbLine
 10
646.8
 20
370.1117889
 30
0.0
 11
648.8
 21
370.1117889
 31
0.0
  0
LINE
  5
473
330
17
100
AcDbEntity
  8
M-LEVEL
100
AcDbLine
 10
650.2
 20
370.1117889
 30
0.0
 11
652.2
 21
370.1117889
 31
0.0
  0
LINE
  5
474
330
17
100
AcDbEntity
  8
M-LEVEL
100
AcDbLine
 10
653.6
 20
370.1117889
 30
0.0
 11
655.6
 21
370.1117889
 31
0.0
  0
LINE
  5
475
330
17
100
AcDbEntity
  8
M-LEVEL
100
AcDbLine
 10
657.0
 20
370.1117889
 30
0.0
 11
659.0
 21
370.1117889
 31
0.0
  0
LINE
  5
476
330
17
100
AcDbEntity
  8
M-LEVEL
100
AcDbLine
 10
660.4
 20
370.1117889
 30
0.0
 11
662.4
 21
370.1117889
 31
0.0
  0
LINE
  5
477
330
17
100
AcDbEntity
  8
M-LEVEL
100
AcDbLine
 10
663.8
 20
370.1117889
 30
0.0
 11
665.8
 21
370.1117889
 31
0.0
  0
LINE
  5
478
330
17
100
AcDbEntity
  8
M-LEVEL
100
AcDbLine
 10
667.2
 20
370.1117889
 30
0.0
 11
669.2
 21
370.1117889
 31
0.0
  0
LINE
  5
479
330
17
100
AcDbEntity
  8
M-LEVEL
100
AcDbLine
 10
670.6
 20
370.1117889
 30
0.0
 11
672.6
 21
370.1117889
 31
0.0
  0
LINE
  5
47A
330
17
100
AcDbEntity
  8
M-LEVEL
100
AcDbLine
 10
674.0
 20
370.1117889
 30
0.0
 11
676.0
 21
370.1117889
 31
0.0
  0
LINE
  5
47B
330
17
100
AcDbEntity
  8
M-LEVEL
100
AcDbLine
 10
677.4
 20
370.1117889
 30
0.0
 11
679.4
 21
370.1117889
 31
0.0
  0
LINE
  5
47C
330
17
100
AcDbEntity
  8
M-LEVEL
100
AcDbLine
 10
680.8
 20
370.1117889
 30
0.0
 11
682.8
 21
370.1117889
 31
0.0
  0
LINE
  5
47D
330
17
100
AcDbEntity
  8
M-LEVEL
100
AcDbLine
 10
684.2
 20
370.1117889
 30
0.0
 11
686.2
 21
370.1117889
 31
0.0
  0
LINE
  5
47E
330
17
100
AcDbEntity
  8
M-LEVEL
100
AcDbLine
 10
687.6
 20
370.1117889
 30
0.0
 11
689.6
 21
370.1117889
 31
0.0
  0
LINE
  5
47F
330
17
100
AcDbEntity
  8
M-LEVEL
100
AcDbLine
 10
691.0
 20
370.1117889
 30
0.0
 11
693.0
 21
370.1117889
 31
0.0
  0
LINE
  5
480
330
17
100
AcDbEntity
  8
M-LEVEL
100
AcDbLine
 10
694.4
 20
370.1117889
 30
0.0
 11
696.4
 21
370.1117889
 31
0.0
  0
LINE
  5
481
330
17
100
AcDbEntity
  8
M-LEVEL
100
AcDbLine
 10
697.8
 20
370.1117889
 30
0.0
 11
699.8
 21
370.1117889
 31
0.0
  0
LINE
  5
482
330
17
100
AcDbEntity
  8
M-LEVEL
100
AcDbLine
 10
701.1999999999999
 20
370.1117889
 30
0.0
 11
703.1999999999999
 21
370.1117889
 31
0.0
  0
LINE
  5
483
330
17
100
AcDbEntity
  8
M-LEVEL
100
AcDbLine
 10
704.6
 20
370.1117889
 30
0.0
 11
706.6
 21
370.1117889
 31
0.0
  0
LINE
  5
484
330
17
100
AcDbEntity
  8
M-LEVEL
100
AcDbLine
 10
708.0
 20
370.1117889
 30
0.0
 11
710.0
 21
370.1117889
 31
0.0
  0
LINE
  5
485
330
17
100
AcDbEntity
  8
M-LEVEL
100
AcDbLine
 10
711.4
 20
370.1117889
 30
0.0
 11
713.4
 21
370.1117889
 31
0.0
  0
LINE
  5
486
330
17
100
AcDbEntity
  8
M-LEVEL
100
AcDbLine
 10
714.8
 20
370.1117889
 30
0.0
 11
716.8
 21
370.1117889
 31
0.0
  0
LINE
  5
487
330
17
100
AcDbEntity
  8
M-LEVEL
100
AcDbLine
 10
718.2
 20
370.1117889
 30
0.0
 11
720.2
 21
370.1117889
 31
0.0
  0
LINE
  5
488
330
17
100
AcDbEntity
  8
M-LEVEL
100
AcDbLine
 10
721.6
 20
370.1117889
 30
0.0
 11
723.6
 21
370.1117889
 31
0.0
  0
LINE
  5
489
330
17
100
AcDbEntity
  8
M-LEVEL
100
AcDbLine
 10
725.0
 20
370.1117889
 30
0.0
 11
727.0
 21
370.1117889
 31
0.0
  0
LINE
  5
48A
330
17
100
AcDbEntity
  8
M-LEVEL
100
AcDbLine
 10
728.4
 20
370.1117889
 30
0.0
 11
730.4
 21
370.1117889
 31
0.0
  0
LINE
  5
48B
330
17
100
AcDbEntity
  8
M-LEVEL
100
AcDbLine
 10
731.8000000000001
 20
370.1117889
 30
0.0
 11
733.8000000000001
 21
370.1117889
 31
0.0
  0
LINE
  5
48C
330
17
100
AcDbEntity
  8
M-LEVEL
100
AcDbLine
 10
735.2
 20
370.1117889
 30
0.0
 11
737.2
 21
370.1117889
 31
0.0
  0
LINE
  5
48D
330
17
100
AcDbEntity
  8
M-LEVEL
100
AcDbLine
 10
738.6
 20
370.1117889
 30
0.0
 11
740.6
 21
370.1117889
 31
0.0
  0
LINE
  5
48E
330
17
100
AcDbEntity
  8
M-LEVEL
100
AcDbLine
 10
742.0
 20
370.1117889
 30
0.0
 11
744.0
 21
370.1117889
 31
0.0
  0
LINE
  5
48F
330
17
100
AcDbEntity
  8
M-LEVEL
100
AcDbLine
 10
745.4000000000001
 20
370.1117889
 30
0.0
 11
747.4000000000001
 21
370.1117889
 31
0.0
  0
LINE
  5
490
330
17
100
AcDbEntity
  8
M-LEVEL
100
AcDbLine
 10
748.8000000000001
 20
370.1117889
 30
0.0
 11
750.8000000000001
 21
370.1117889
 31
0.0
  0
LINE
  5
491
330
17
100
AcDbEntity
  8
M-LEVEL
100
AcDbLine
 10
752.2
 20
370.1117889
 30
0.0
 11
754.2
 21
370.1117889
 31
0.0
  0
LINE
  5
492
330
17
100
AcDbEntity
  8
M-LEVEL
100
AcDbLine
 10
755.6
 20
370.1117889
 30
0.0
 11
757.6
 21
370.1117889
 31
0.0
  0
LINE
  5
493
330
17
100
AcDbEntity
  8
M-LEVEL
100
AcDbLine
 10
759.0000000000001
 20
370.1117889
 30
0.0
 11
760.0
 21
370.1117889
 31
0.0
  0
TEXT
  5
494
330
17
100
AcDbEntity
  8
M-LEVEL
100
AcDbText
 10
763.0
 20
369.3117889
 30
0.0
 40
1.9
  1
(-3.367)  LANDING L2
  7
OpenSans
 11
763.0
 21
369.3117889
 31
0.0
100
AcDbText
  0
LINE
  5
495
330
17
100
AcDbEntity
  8
M-LEVEL
100
AcDbLine
 10
640.0
 20
351.8909111
 30
0.0
 11
642.0
 21
351.8909111
 31
0.0
  0
LINE
  5
496
330
17
100
AcDbEntity
  8
M-LEVEL
100
AcDbLine
 10
643.4
 20
351.8909111
 30
0.0
 11
645.4
 21
351.8909111
 31
0.0
  0
LINE
  5
497
330
17
100
AcDbEntity
  8
M-LEVEL
100
AcDbLine
 10
646.8
 20
351.8909111
 30
0.0
 11
648.8
 21
351.8909111
 31
0.0
  0
LINE
  5
498
330
17
100
AcDbEntity
  8
M-LEVEL
100
AcDbLine
 10
650.2
 20
351.8909111
 30
0.0
 11
652.2
 21
351.8909111
 31
0.0
  0
LINE
  5
499
330
17
100
AcDbEntity
  8
M-LEVEL
100
AcDbLine
 10
653.6
 20
351.8909111
 30
0.0
 11
655.6
 21
351.8909111
 31
0.0
  0
LINE
  5
49A
330
17
100
AcDbEntity
  8
M-LEVEL
100
AcDbLine
 10
657.0
 20
351.8909111
 30
0.0
 11
659.0
 21
351.8909111
 31
0.0
  0
LINE
  5
49B
330
17
100
AcDbEntity
  8
M-LEVEL
100
AcDbLine
 10
660.4
 20
351.8909111
 30
0.0
 11
662.4
 21
351.8909111
 31
0.0
  0
LINE
  5
49C
330
17
100
AcDbEntity
  8
M-LEVEL
100
AcDbLine
 10
663.8
 20
351.8909111
 30
0.0
 11
665.8
 21
351.8909111
 31
0.0
  0
LINE
  5
49D
330
17
100
AcDbEntity
  8
M-LEVEL
100
AcDbLine
 10
667.2
 20
351.8909111
 30
0.0
 11
669.2
 21
351.8909111
 31
0.0
  0
LINE
  5
49E
330
17
100
AcDbEntity
  8
M-LEVEL
100
AcDbLine
 10
670.6
 20
351.8909111
 30
0.0
 11
672.6
 21
351.8909111
 31
0.0
  0
LINE
  5
49F
330
17
100
AcDbEntity
  8
M-LEVEL
100
AcDbLine
 10
674.0
 20
351.8909111
 30
0.0
 11
676.0
 21
351.8909111
 31
0.0
  0
LINE
  5
4A0
330
17
100
AcDbEntity
  8
M-LEVEL
100
AcDbLine
 10
677.4
 20
351.8909111
 30
0.0
 11
679.4
 21
351.8909111
 31
0.0
  0
LINE
  5
4A1
330
17
100
AcDbEntity
  8
M-LEVEL
100
AcDbLine
 10
680.8
 20
351.8909111
 30
0.0
 11
682.8
 21
351.8909111
 31
0.0
  0
LINE
  5
4A2
330
17
100
AcDbEntity
  8
M-LEVEL
100
AcDbLine
 10
684.2
 20
351.8909111
 30
0.0
 11
686.2
 21
351.8909111
 31
0.0
  0
LINE
  5
4A3
330
17
100
AcDbEntity
  8
M-LEVEL
100
AcDbLine
 10
687.6
 20
351.8909111
 30
0.0
 11
689.6
 21
351.8909111
 31
0.0
  0
LINE
  5
4A4
330
17
100
AcDbEntity
  8
M-LEVEL
100
AcDbLine
 10
691.0
 20
351.8909111
 30
0.0
 11
693.0
 21
351.8909111
 31
0.0
  0
LINE
  5
4A5
330
17
100
AcDbEntity
  8
M-LEVEL
100
AcDbLine
 10
694.4
 20
351.8909111
 30
0.0
 11
696.4
 21
351.8909111
 31
0.0
  0
LINE
  5
4A6
330
17
100
AcDbEntity
  8
M-LEVEL
100
AcDbLine
 10
697.8
 20
351.8909111
 30
0.0
 11
699.8
 21
351.8909111
 31
0.0
  0
LINE
  5
4A7
330
17
100
AcDbEntity
  8
M-LEVEL
100
AcDbLine
 10
701.1999999999999
 20
351.8909111
 30
0.0
 11
703.1999999999999
 21
351.8909111
 31
0.0
  0
LINE
  5
4A8
330
17
100
AcDbEntity
  8
M-LEVEL
100
AcDbLine
 10
704.6
 20
351.8909111
 30
0.0
 11
706.6
 21
351.8909111
 31
0.0
  0
LINE
  5
4A9
330
17
100
AcDbEntity
  8
M-LEVEL
100
AcDbLine
 10
708.0
 20
351.8909111
 30
0.0
 11
710.0
 21
351.8909111
 31
0.0
  0
LINE
  5
4AA
330
17
100
AcDbEntity
  8
M-LEVEL
100
AcDbLine
 10
711.4
 20
351.8909111
 30
0.0
 11
713.4
 21
351.8909111
 31
0.0
  0
LINE
  5
4AB
330
17
100
AcDbEntity
  8
M-LEVEL
100
AcDbLine
 10
714.8
 20
351.8909111
 30
0.0
 11
716.8
 21
351.8909111
 31
0.0
  0
LINE
  5
4AC
330
17
100
AcDbEntity
  8
M-LEVEL
100
AcDbLine
 10
718.2
 20
351.8909111
 30
0.0
 11
720.2
 21
351.8909111
 31
0.0
  0
LINE
  5
4AD
330
17
100
AcDbEntity
  8
M-LEVEL
100
AcDbLine
 10
721.6
 20
351.8909111
 30
0.0
 11
723.6
 21
351.8909111
 31
0.0
  0
LINE
  5
4AE
330
17
100
AcDbEntity
  8
M-LEVEL
100
AcDbLine
 10
725.0
 20
351.8909111
 30
0.0
 11
727.0
 21
351.8909111
 31
0.0
  0
LINE
  5
4AF
330
17
100
AcDbEntity
  8
M-LEVEL
100
AcDbLine
 10
728.4
 20
351.8909111
 30
0.0
 11
730.4
 21
351.8909111
 31
0.0
  0
LINE
  5
4B0
330
17
100
AcDbEntity
  8
M-LEVEL
100
AcDbLine
 10
731.8000000000001
 20
351.8909111
 30
0.0
 11
733.8000000000001
 21
351.8909111
 31
0.0
  0
LINE
  5
4B1
330
17
100
AcDbEntity
  8
M-LEVEL
100
AcDbLine
 10
735.2
 20
351.8909111
 30
0.0
 11
737.2
 21
351.8909111
 31
0.0
  0
LINE
  5
4B2
330
17
100
AcDbEntity
  8
M-LEVEL
100
AcDbLine
 10
738.6
 20
351.8909111
 30
0.0
 11
740.6
 21
351.8909111
 31
0.0
  0
LINE
  5
4B3
330
17
100
AcDbEntity
  8
M-LEVEL
100
AcDbLine
 10
742.0
 20
351.8909111
 30
0.0
 11
744.0
 21
351.8909111
 31
0.0
  0
LINE
  5
4B4
330
17
100
AcDbEntity
  8
M-LEVEL
100
AcDbLine
 10
745.4000000000001
 20
351.8909111
 30
0.0
 11
747.4000000000001
 21
351.8909111
 31
0.0
  0
LINE
  5
4B5
330
17
100
AcDbEntity
  8
M-LEVEL
100
AcDbLine
 10
748.8000000000001
 20
351.8909111
 30
0.0
 11
750.8000000000001
 21
351.8909111
 31
0.0
  0
LINE
  5
4B6
330
17
100
AcDbEntity
  8
M-LEVEL
100
AcDbLine
 10
752.2
 20
351.8909111
 30
0.0
 11
754.2
 21
351.8909111
 31
0.0
  0
LINE
  5
4B7
330
17
100
AcDbEntity
  8
M-LEVEL
100
AcDbLine
 10
755.6
 20
351.8909111
 30
0.0
 11
757.6
 21
351.8909111
 31
0.0
  0
LINE
  5
4B8
330
17
100
AcDbEntity
  8
M-LEVEL
100
AcDbLine
 10
759.0000000000001
 20
351.8909111
 30
0.0
 11
760.0
 21
351.8909111
 31
0.0
  0
TEXT
  5
4B9
330
17
100
AcDbEntity
  8
M-LEVEL
100
AcDbText
 10
763.0
 20
351.09091109999997
 30
0.0
 40
1.9
  1
(-4.733)  LANDING L1
  7
OpenSans
 11
763.0
 21
351.09091109999997
 31
0.0
100
AcDbText
  0
LINE
  5
4BA
330
17
100
AcDbEntity
  8
M-LEVEL
100
AcDbLine
 10
640.0
 20
333.6687
 30
0.0
 11
642.0
 21
333.6687
 31
0.0
  0
LINE
  5
4BB
330
17
100
AcDbEntity
  8
M-LEVEL
100
AcDbLine
 10
643.4
 20
333.6687
 30
0.0
 11
645.4
 21
333.6687
 31
0.0
  0
LINE
  5
4BC
330
17
100
AcDbEntity
  8
M-LEVEL
100
AcDbLine
 10
646.8
 20
333.6687
 30
0.0
 11
648.8
 21
333.6687
 31
0.0
  0
LINE
  5
4BD
330
17
100
AcDbEntity
  8
M-LEVEL
100
AcDbLine
 10
650.2
 20
333.6687
 30
0.0
 11
652.2
 21
333.6687
 31
0.0
  0
LINE
  5
4BE
330
17
100
AcDbEntity
  8
M-LEVEL
100
AcDbLine
 10
653.6
 20
333.6687
 30
0.0
 11
655.6
 21
333.6687
 31
0.0
  0
LINE
  5
4BF
330
17
100
AcDbEntity
  8
M-LEVEL
100
AcDbLine
 10
657.0
 20
333.6687
 30
0.0
 11
659.0
 21
333.6687
 31
0.0
  0
LINE
  5
4C0
330
17
100
AcDbEntity
  8
M-LEVEL
100
AcDbLine
 10
660.4
 20
333.6687
 30
0.0
 11
662.4
 21
333.6687
 31
0.0
  0
LINE
  5
4C1
330
17
100
AcDbEntity
  8
M-LEVEL
100
AcDbLine
 10
663.8
 20
333.6687
 30
0.0
 11
665.8
 21
333.6687
 31
0.0
  0
LINE
  5
4C2
330
17
100
AcDbEntity
  8
M-LEVEL
100
AcDbLine
 10
667.2
 20
333.6687
 30
0.0
 11
669.2
 21
333.6687
 31
0.0
  0
LINE
  5
4C3
330
17
100
AcDbEntity
  8
M-LEVEL
100
AcDbLine
 10
670.6
 20
333.6687
 30
0.0
 11
672.6
 21
333.6687
 31
0.0
  0
LINE
  5
4C4
330
17
100
AcDbEntity
  8
M-LEVEL
100
AcDbLine
 10
674.0
 20
333.6687
 30
0.0
 11
676.0
 21
333.6687
 31
0.0
  0
LINE
  5
4C5
330
17
100
AcDbEntity
  8
M-LEVEL
100
AcDbLine
 10
677.4
 20
333.6687
 30
0.0
 11
679.4
 21
333.6687
 31
0.0
  0
LINE
  5
4C6
330
17
100
AcDbEntity
  8
M-LEVEL
100
AcDbLine
 10
680.8
 20
333.6687
 30
0.0
 11
682.8
 21
333.6687
 31
0.0
  0
LINE
  5
4C7
330
17
100
AcDbEntity
  8
M-LEVEL
100
AcDbLine
 10
684.2
 20
333.6687
 30
0.0
 11
686.2
 21
333.6687
 31
0.0
  0
LINE
  5
4C8
330
17
100
AcDbEntity
  8
M-LEVEL
100
AcDbLine
 10
687.6
 20
333.6687
 30
0.0
 11
689.6
 21
333.6687
 31
0.0
  0
LINE
  5
4C9
330
17
100
AcDbEntity
  8
M-LEVEL
100
AcDbLine
 10
691.0
 20
333.6687
 30
0.0
 11
693.0
 21
333.6687
 31
0.0
  0
LINE
  5
4CA
330
17
100
AcDbEntity
  8
M-LEVEL
100
AcDbLine
 10
694.4
 20
333.6687
 30
0.0
 11
696.4
 21
333.6687
 31
0.0
  0
LINE
  5
4CB
330
17
100
AcDbEntity
  8
M-LEVEL
100
AcDbLine
 10
697.8
 20
333.6687
 30
0.0
 11
699.8
 21
333.6687
 31
0.0
  0
LINE
  5
4CC
330
17
100
AcDbEntity
  8
M-LEVEL
100
AcDbLine
 10
701.1999999999999
 20
333.6687
 30
0.0
 11
703.1999999999999
 21
333.6687
 31
0.0
  0
LINE
  5
4CD
330
17
100
AcDbEntity
  8
M-LEVEL
100
AcDbLine
 10
704.6
 20
333.6687
 30
0.0
 11
706.6
 21
333.6687
 31
0.0
  0
LINE
  5
4CE
330
17
100
AcDbEntity
  8
M-LEVEL
100
AcDbLine
 10
708.0
 20
333.6687
 30
0.0
 11
710.0
 21
333.6687
 31
0.0
  0
LINE
  5
4CF
330
17
100
AcDbEntity
  8
M-LEVEL
100
AcDbLine
 10
711.4
 20
333.6687
 30
0.0
 11
713.4
 21
333.6687
 31
0.0
  0
LINE
  5
4D0
330
17
100
AcDbEntity
  8
M-LEVEL
100
AcDbLine
 10
714.8
 20
333.6687
 30
0.0
 11
716.8
 21
333.6687
 31
0.0
  0
LINE
  5
4D1
330
17
100
AcDbEntity
  8
M-LEVEL
100
AcDbLine
 10
718.2
 20
333.6687
 30
0.0
 11
720.2
 21
333.6687
 31
0.0
  0
LINE
  5
4D2
330
17
100
AcDbEntity
  8
M-LEVEL
100
AcDbLine
 10
721.6
 20
333.6687
 30
0.0
 11
723.6
 21
333.6687
 31
0.0
  0
LINE
  5
4D3
330
17
100
AcDbEntity
  8
M-LEVEL
100
AcDbLine
 10
725.0
 20
333.6687
 30
0.0
 11
727.0
 21
333.6687
 31
0.0
  0
LINE
  5
4D4
330
17
100
AcDbEntity
  8
M-LEVEL
100
AcDbLine
 10
728.4
 20
333.6687
 30
0.0
 11
730.4
 21
333.6687
 31
0.0
  0
LINE
  5
4D5
330
17
100
AcDbEntity
  8
M-LEVEL
100
AcDbLine
 10
731.8000000000001
 20
333.6687
 30
0.0
 11
733.8000000000001
 21
333.6687
 31
0.0
  0
LINE
  5
4D6
330
17
100
AcDbEntity
  8
M-LEVEL
100
AcDbLine
 10
735.2
 20
333.6687
 30
0.0
 11
737.2
 21
333.6687
 31
0.0
  0
LINE
  5
4D7
330
17
100
AcDbEntity
  8
M-LEVEL
100
AcDbLine
 10
738.6
 20
333.6687
 30
0.0
 11
740.6
 21
333.6687
 31
0.0
  0
LINE
  5
4D8
330
17
100
AcDbEntity
  8
M-LEVEL
100
AcDbLine
 10
742.0
 20
333.6687
 30
0.0
 11
744.0
 21
333.6687
 31
0.0
  0
LINE
  5
4D9
330
17
100
AcDbEntity
  8
M-LEVEL
100
AcDbLine
 10
745.4000000000001
 20
333.6687
 30
0.0
 11
747.4000000000001
 21
333.6687
 31
0.0
  0
LINE
  5
4DA
330
17
100
AcDbEntity
  8
M-LEVEL
100
AcDbLine
 10
748.8000000000001
 20
333.6687
 30
0.0
 11
750.8000000000001
 21
333.6687
 31
0.0
  0
LINE
  5
4DB
330
17
100
AcDbEntity
  8
M-LEVEL
100
AcDbLine
 10
752.2
 20
333.6687
 30
0.0
 11
754.2
 21
333.6687
 31
0.0
  0
LINE
  5
4DC
330
17
100
AcDbEntity
  8
M-LEVEL
100
AcDbLine
 10
755.6
 20
333.6687
 30
0.0
 11
757.6
 21
333.6687
 31
0.0
  0
LINE
  5
4DD
330
17
100
AcDbEntity
  8
M-LEVEL
100
AcDbLine
 10
759.0000000000001
 20
333.6687
 30
0.0
 11
760.0
 21
333.6687
 31
0.0
  0
TEXT
  5
4DE
330
17
100
AcDbEntity
  8
M-LEVEL
100
AcDbText
 10
763.0
 20
332.8687
 30
0.0
 40
1.9
  1
(-6.100)  SHELTER FLOOR
  7
OpenSans
 11
763.0
 21
332.8687
 31
0.0
100
AcDbText
  0
LWPOLYLINE
  5
4DF
330
17
100
AcDbEntity
  8
F-ESCAPE
100
AcDbPolyline
 90
2
 70
0
 10
664.0
 20
333.6687
 10
664.0
 20
415.0
  0
LWPOLYLINE
  5
4E0
330
17
100
AcDbEntity
  8
F-ESCAPE
100
AcDbPolyline
 90
3
 70
1
 10
664.0
 20
359.241464
 10
662.74
 20
355.321464
 10
665.26
 20
355.321464
  0
LWPOLYLINE
  5
4E1
330
17
100
AcDbEntity
  8
F-ESCAPE
100
AcDbPolyline
 90
3
 70
1
 10
664.0
 20
386.894106
 10
662.74
 20
382.974106
 10
665.26
 20
382.974106
  0
LWPOLYLINE
  5
4E2
330
17
100
AcDbEntity
  8
F-ESCAPE
100
AcDbPolyline
 90
3
 70
1
 10
664.0
 20
408.04024400000003
 10
662.74
 20
404.120244
 10
665.26
 20
404.120244
  0
TEXT
  5
4E3
330
17
100
AcDbEntity
  8
F-ESCAPE
100
AcDbText
 10
664.0
 20
327.2687
 30
0.0
 40
2.8
  1
R1
  7
OpenSans
 72
1
 11
664.0
 21
327.2687
 31
0.0
100
AcDbText
 73
2
  0
LWPOLYLINE
  5
4E4
330
17
100
AcDbEntity
  8
F-SHAFT
100
AcDbPolyline
 90
2
 70
0
 10
700.0
 20
333.6687
 10
700.0
 20
416.99995
  0
LWPOLYLINE
  5
4E5
330
17
100
AcDbEntity
  8
F-SHAFT
100
AcDbPolyline
 90
3
 70
1
 10
700.0
 20
359.80145
 10
698.74
 20
355.88145
 10
701.26
 20
355.88145
  0
LWPOLYLINE
  5
4E6
330
17
100
AcDbEntity
  8
F-SHAFT
100
AcDbPolyline
 90
3
 70
1
 10
700.0
 20
388.134075
 10
698.74
 20
384.214075
 10
701.26
 20
384.214075
  0
LWPOLYLINE
  5
4E7
330
17
100
AcDbEntity
  8
F-SHAFT
100
AcDbPolyline
 90
3
 70
1
 10
700.0
 20
409.8002
 10
698.74
 20
405.8802
 10
701.26
 20
405.8802
  0
TEXT
  5
4E8
330
17
100
AcDbEntity
  8
F-SHAFT
100
AcDbText
 10
700.0
 20
327.2687
 30
0.0
 40
2.8
  1
R2
  7
OpenSans
 72
1
 11
700.0
 21
327.2687
 31
0.0
100
AcDbText
 73
2
  0
LWPOLYLINE
  5
4E9
330
17
100
AcDbEntity
  8
F-SHAFT
100
AcDbPolyline
 90
2
 70
0
 10
736.0
 20
333.6687
 10
736.0
 20
424.3331
  0
LWPOLYLINE
  5
4EA
330
17
100
AcDbEntity
  8
F-SHAFT
100
AcDbPolyline
 90
3
 70
1
 10
736.0
 20
361.854732
 10
734.74
 20
357.934732
 10
737.26
 20
357.934732
  0
LWPOLYLINE
  5
4EB
330
17
100
AcDbEntity
  8
F-SHAFT
100
AcDbPolyline
 90
3
 70
1
 10
736.0
 20
392.680628
 10
734.74
 20
388.760628
 10
737.26
 20
388.760628
  0
LWPOLYLINE
  5
4EC
330
17
100
AcDbEntity
  8
F-SHAFT
100
AcDbPolyline
 90
3
 70
1
 10
736.0
 20
416.253372
 10
734.74
 20
412.333372
 10
737.26
 20
412.333372
  0
TEXT
  5
4ED
330
17
100
AcDbEntity
  8
F-SHAFT
100
AcDbText
 10
736.0
 20
327.2687
 30
0.0
 40
2.8
  1
R3
  7
OpenSans
 72
1
 11
736.0
 21
327.2687
 31
0.0
100
AcDbText
 73
2
  0
TEXT
  5
4EE
330
17
100
AcDbEntity
  8
F-ESCAPE
100
AcDbText
 10
660.0
 20
359.66805
 30
0.0
 40
1.9
  1
24R @ 170.8333
  7
OpenSans
 72
2
 11
660.0
 21
359.66805
 31
0.0
100
AcDbText
  0
TEXT
  5
4EF
330
17
100
AcDbEntity
  8
F-ESCAPE
100
AcDbText
 10
660.0
 20
355.0015
 30
0.0
 40
1.9
  1
RISE 4100, FROZEN
  7
OpenSans
 72
2
 11
660.0
 21
355.0015
 31
0.0
100
AcDbText
  0
TEXT
  5
4F0
330
17
100
AcDbEntity
  8
F-ESCAPE
100
AcDbText
 10
660.0
 20
403.66695
 30
0.0
 40
1.9
  1
12R @ 166.6667
  7
OpenSans
 72
2
 11
660.0
 21
403.66695
 31
0.0
100
AcDbText
  0
TEXT
  5
4F1
330
17
100
AcDbEntity
  8
F-ESCAPE
100
AcDbText
 10
660.0
 20
399.0004
 30
0.0
 40
1.9
  1
RISE 2000  [D]
  7
OpenSans
 72
2
 11
660.0
 21
399.0004
 31
0.0
100
AcDbText
  0
TEXT
  5
4F2
330
17
100
AcDbEntity
  8
F-SHAFT
100
AcDbText
 10
696.0
 20
381.00085
 30
0.0
 40
1.9
  1
CLIMB 6.250 m
  7
OpenSans
 72
2
 11
696.0
 21
381.00085
 31
0.0
100
AcDbText
  0
TEXT
  5
4F3
330
17
100
AcDbEntity
  8
M-FLAG
100
AcDbText
 10
696.0
 20
376.3343
 30
0.0
 40
1.9
  1
NO LADDER  [N]
  7
OpenSans
 72
2
 11
696.0
 21
376.3343
 31
0.0
100
AcDbText
  0
TEXT
  5
4F4
330
17
100
AcDbEntity
  8
F-SHAFT
100
AcDbText
 10
732.0
 20
344.3351
 30
0.0
 40
1.9
  1
CLIMB 6.800 m
  7
OpenSans
 72
2
 11
732.0
 21
344.3351
 31
0.0
100
AcDbText
  0
TEXT
  5
4F5
330
17
100
AcDbEntity
  8
M-FLAG
100
AcDbText
 10
732.0
 20
339.66855
 30
0.0
 40
1.9
  1
NO LADDER  [N]
  7
OpenSans
 72
2
 11
732.0
 21
339.66855
 31
0.0
100
AcDbText
  0
TEXT
  5
4F6
330
17
100
AcDbEntity
  8
M-TEXT
100
AcDbText
 10
640.0
 20
317.6691
 30
0.0
 40
2.1
  1
R1 IS THE ONLY ROUTE THAT IS A STAIR.
  7
OpenSans
 11
640.0
 21
317.6691
 31
0.0
100
AcDbText
  0
TEXT
  5
4F7
330
17
100
AcDbEntity
  8
M-FLAG
100
AcDbText
 10
640.0
 20
313.00255
 30
0.0
 40
2.1
  1
R2 AND R3 ARE SHAFTS, AND THE PROJECT DOES NOT SAY HOW THEY ARE CLIMBED.
  7
OpenSans
 11
640.0
 21
313.00255
 31
0.0
100
AcDbText
  0
LWPOLYLINE
  5
4F8
330
17
100
AcDbEntity
  8
M-TABLE
100
AcDbPolyline
 90
4
 70
1
 10
14.0
 20
281.6
 10
422.0
 20
281.6
 10
422.0
 20
288.0
 10
14.0
 20
288.0
  0
TEXT
  5
4F9
330
17
100
AcDbEntity
  8
M-TABLE
100
AcDbText
 10
15.4
 20
283.8
 30
0.0
 40
2.0
  1

  7
OpenSans
 11
15.4
 21
283.8
 31
0.0
100
AcDbText
  0
TEXT
  5
4FA
330
17
100
AcDbEntity
  8
M-TABLE
100
AcDbText
 10
28.4
 20
283.8
 30
0.0
 40
2.0
  1
WHERE THE ROUTE ENDS
  7
OpenSans
 11
28.4
 21
283.8
 31
0.0
100
AcDbText
  0
TEXT
  5
4FB
330
17
100
AcDbEntity
  8
M-TABLE
100
AcDbText
 10
144.4
 20
283.8
 30
0.0
 40
2.0
  1
OPENING
  7
OpenSans
 11
144.4
 21
283.8
 31
0.0
100
AcDbText
  0
TEXT
  5
4FC
330
17
100
AcDbEntity
  8
M-TABLE
100
AcDbText
 10
196.4
 20
283.8
 30
0.0
 40
2.0
  1
LEVEL
  7
OpenSans
 11
196.4
 21
283.8
 31
0.0
100
AcDbText
  0
TEXT
  5
4FD
330
17
100
AcDbEntity
  8
M-TABLE
100
AcDbText
 10
226.4
 20
283.8
 30
0.0
 40
2.0
  1
WHAT THAT MEANS
  7
OpenSans
 11
226.4
 21
283.8
 31
0.0
100
AcDbText
  0
TEXT
  5
4FE
330
17
100
AcDbEntity
  8
M-TABLE
100
AcDbText
 10
387.4
 20
283.8
 30
0.0
 40
2.0
  1
CLASS
  7
OpenSans
 11
387.4
 21
283.8
 31
0.0
100
AcDbText
  0
TEXT
  5
4FF
330
17
100
AcDbEntity
  8
M-TABLE
100
AcDbText
 10
15.4
 20
277.40000000000003
 30
0.0
 40
2.0
  1
R1
  7
OpenSans
 11
15.4
 21
277.40000000000003
 31
0.0
100
AcDbText
  0
TEXT
  5
500
330
17
100
AcDbEntity
  8
M-TABLE
100
AcDbText
 10
28.4
 20
277.40000000000003
 30
0.0
 40
2.0
  1
ENTRY DOOR, COVERED STAIRWELL
  7
OpenSans
 11
28.4
 21
277.40000000000003
 31
0.0
100
AcDbText
  0
TEXT
  5
501
330
17
100
AcDbEntity
  8
M-TABLE
100
AcDbText
 10
144.4
 20
277.40000000000003
 30
0.0
 40
2.0
  1
1000 x 2100
  7
OpenSans
 11
144.4
 21
277.40000000000003
 31
0.0
100
AcDbText
  0
TEXT
  5
502
330
17
100
AcDbEntity
  8
M-TABLE
100
AcDbText
 10
196.4
 20
277.40000000000003
 30
0.0
 40
2.0
  1
0.000
  7
OpenSans
 11
196.4
 21
277.40000000000003
 31
0.0
100
AcDbText
  0
TEXT
  5
503
330
17
100
AcDbEntity
  8
M-TABLE
100
AcDbText
 10
226.4
 20
277.40000000000003
 30
0.0
 40
2.0
  1
OUTSIDE THE PROTECTIVE BOUNDARY.  THE STAIRWELL IS DECLARED EXPENDABLE
  7
OpenSans
 11
226.4
 21
277.40000000000003
 31
0.0
100
AcDbText
  0
TEXT
  5
504
330
17
100
AcDbEntity
  8
M-TABLE
100
AcDbText
 10
387.4
 20
277.40000000000003
 30
0.0
 40
2.0
  1
[C]
  7
OpenSans
 11
387.4
 21
277.40000000000003
 31
0.0
100
AcDbText
  0
LINE
  5
505
330
17
100
AcDbEntity
  8
M-TABLE
100
AcDbLine
 10
14.0
 20
275.20000000000005
 30
0.0
 11
422.0
 21
275.20000000000005
 31
0.0
  0
TEXT
  5
506
330
17
100
AcDbEntity
  8
M-TABLE
100
AcDbText
 10
15.4
 20
271.00000000000006
 30
0.0
 40
2.0
  1
R2
  7
OpenSans
 11
15.4
 21
271.00000000000006
 31
0.0
100
AcDbText
  0
TEXT
  5
507
330
17
100
AcDbEntity
  8
M-TABLE
100
AcDbText
 10
28.4
 20
271.00000000000006
 30
0.0
 40
2.0
  1
ESC 1 HEAD, BAY 1
  7
OpenSans
 11
28.4
 21
271.00000000000006
 31
0.0
100
AcDbText
  0
TEXT
  5
508
330
17
100
AcDbEntity
  8
M-TABLE
100
AcDbText
 10
144.4
 20
271.00000000000006
 30
0.0
 40
2.0
  1
1400 DIA CLEAR
  7
OpenSans
 11
144.4
 21
271.00000000000006
 31
0.0
100
AcDbText
  0
TEXT
  5
509
330
17
100
AcDbEntity
  8
M-TABLE
100
AcDbText
 10
196.4
 20
271.00000000000006
 30
0.0
 40
2.0
  1
+0.150
  7
OpenSans
 11
196.4
 21
271.00000000000006
 31
0.0
100
AcDbText
  0
TEXT
  5
50A
330
17
100
AcDbEntity
  8
M-TABLE
100
AcDbText
 10
226.4
 20
271.00000000000006
 30
0.0
 40
2.0
  1
6.250 m CLIMB FROM THE FLOOR.  NO LADDER OR RUNG SPECIFIED, FS-6
  7
OpenSans
 11
226.4
 21
271.00000000000006
 31
0.0
100
AcDbText
  0
TEXT
  5
50B
330
17
100
AcDbEntity
  8
M-TABLE
100
AcDbText
 10
387.4
 20
271.00000000000006
 30
0.0
 40
2.0
  1
[C] / [N]
  7
OpenSans
 11
387.4
 21
271.00000000000006
 31
0.0
100
AcDbText
  0
LINE
  5
50C
330
17
100
AcDbEntity
  8
M-TABLE
100
AcDbLine
 10
14.0
 20
268.80000000000007
 30
0.0
 11
422.0
 21
268.80000000000007
 31
0.0
  0
TEXT
  5
50D
330
17
100
AcDbEntity
  8
M-TABLE
100
AcDbText
 10
15.4
 20
264.6000000000001
 30
0.0
 40
2.0
  1
R3
  7
OpenSans
 11
15.4
 21
264.6000000000001
 31
0.0
100
AcDbText
  0
TEXT
  5
50E
330
17
100
AcDbEntity
  8
M-TABLE
100
AcDbText
 10
28.4
 20
264.6000000000001
 30
0.0
 40
2.0
  1
ESC 2 HEAD, BAY 8
  7
OpenSans
 11
28.4
 21
264.6000000000001
 31
0.0
100
AcDbText
  0
TEXT
  5
50F
330
17
100
AcDbEntity
  8
M-TABLE
100
AcDbText
 10
144.4
 20
264.6000000000001
 30
0.0
 40
2.0
  1
1400 DIA CLEAR
  7
OpenSans
 11
144.4
 21
264.6000000000001
 31
0.0
100
AcDbText
  0
TEXT
  5
510
330
17
100
AcDbEntity
  8
M-TABLE
100
AcDbText
 10
196.4
 20
264.6000000000001
 30
0.0
 40
2.0
  1
+0.700
  7
OpenSans
 11
196.4
 21
264.6000000000001
 31
0.0
100
AcDbText
  0
TEXT
  5
511
330
17
100
AcDbEntity
  8
M-TABLE
100
AcDbText
 10
226.4
 20
264.6000000000001
 30
0.0
 40
2.0
  1
6.800 m CLIMB FROM THE FLOOR.  IN THE GENERATOR BAY, FS-3
  7
OpenSans
 11
226.4
 21
264.6000000000001
 31
0.0
100
AcDbText
  0
TEXT
  5
512
330
17
100
AcDbEntity
  8
M-TABLE
100
AcDbText
 10
387.4
 20
264.6000000000001
 30
0.0
 40
2.0
  1
[C] / [N]
  7
OpenSans
 11
387.4
 21
264.6000000000001
 31
0.0
100
AcDbText
  0
LINE
  5
513
330
17
100
AcDbEntity
  8
M-TABLE
100
AcDbLine
 10
14.0
 20
262.4000000000001
 30
0.0
 11
422.0
 21
262.4000000000001
 31
0.0
  0
LINE
  5
514
330
17
100
AcDbEntity
  8
M-TABLE
100
AcDbLine
 10
14.0
 20
288.0
 30
0.0
 11
422.0
 21
288.0
 31
0.0
  0
LINE
  5
515
330
17
100
AcDbEntity
  8
M-TABLE
100
AcDbLine
 10
14.0
 20
288.0
 30
0.0
 11
14.0
 21
262.4000000000001
 31
0.0
  0
LINE
  5
516
330
17
100
AcDbEntity
  8
M-TABLE
100
AcDbLine
 10
27.0
 20
288.0
 30
0.0
 11
27.0
 21
262.4000000000001
 31
0.0
  0
LINE
  5
517
330
17
100
AcDbEntity
  8
M-TABLE
100
AcDbLine
 10
143.0
 20
288.0
 30
0.0
 11
143.0
 21
262.4000000000001
 31
0.0
  0
LINE
  5
518
330
17
100
AcDbEntity
  8
M-TABLE
100
AcDbLine
 10
195.0
 20
288.0
 30
0.0
 11
195.0
 21
262.4000000000001
 31
0.0
  0
LINE
  5
519
330
17
100
AcDbEntity
  8
M-TABLE
100
AcDbLine
 10
225.0
 20
288.0
 30
0.0
 11
225.0
 21
262.4000000000001
 31
0.0
  0
LINE
  5
51A
330
17
100
AcDbEntity
  8
M-TABLE
100
AcDbLine
 10
386.0
 20
288.0
 30
0.0
 11
386.0
 21
262.4000000000001
 31
0.0
  0
LINE
  5
51B
330
17
100
AcDbEntity
  8
M-TABLE
100
AcDbLine
 10
422.0
 20
288.0
 30
0.0
 11
422.0
 21
262.4000000000001
 31
0.0
  0
TEXT
  5
51C
330
17
100
AcDbEntity
  8
S-TITLE
100
AcDbText
 10
16.0
 20
250.9000000000001
 30
0.0
 40
2.5
  1
THE SURFACE END OF THE PRIMARY ROUTE
  7
OpenSans
 11
16.0
 21
250.9000000000001
 31
0.0
100
AcDbText
  0
TEXT
  5
51D
330
17
100
AcDbEntity
  8
S-NOTE
100
AcDbText
 10
16.0
 20
246.7750000000001
 30
0.0
 40
2.0
  1
R1 REACHES GRADE IN TWO STAGES.  24R @ 170.8333 from the floor (-6.100) to the headhouse at (-2.000)  -  the frozen main
  7
OpenSans
 11
16.0
 21
246.7750000000001
 31
0.0
100
AcDbText
  0
TEXT
  5
51E
330
17
100
AcDbEntity
  8
S-NOTE
100
AcDbText
 10
16.0
 20
242.47500000000008
 30
0.0
 40
2.0
  1
   staircase, annotated and never altered  -  then 12R @ 166.6667 up the covered stairwell to the entry door at 0.000.
  7
OpenSans
 11
16.0
 21
242.47500000000008
 31
0.0
100
AcDbText
  0
TEXT
  5
51F
330
17
100
AcDbEntity
  8
S-NOTE
100
AcDbText
 10
16.0
 20
238.17500000000007
 30
0.0
 40
2.0
  1
   6.100 m of climb in total  [C] / [D].
  7
OpenSans
 11
16.0
 21
238.17500000000007
 31
0.0
100
AcDbText
  0
TEXT
  5
520
330
17
100
AcDbEntity
  8
S-NOTE
100
AcDbText
 10
16.0
 20
233.87500000000006
 30
0.0
 40
2.0
  1
HORIZONTAL TRAVEL ON THIS LEVEL IS 11.5 m  [D], stair arrival to entry door, measured along the walking
  7
OpenSans
 11
16.0
 21
233.87500000000006
 31
0.0
100
AcDbText
  0
TEXT
  5
521
330
17
100
AcDbEntity
  8
S-NOTE
100
AcDbText
 10
16.0
 20
229.57500000000005
 30
0.0
 40
2.0
  1
   line through the inner security door in HW2.
  7
OpenSans
 11
16.0
 21
229.57500000000005
 31
0.0
100
AcDbText
  0
TEXT
  5
522
330
17
100
AcDbEntity
  8
S-NOTE
100
AcDbText
 10
16.0
 20
225.27500000000003
 30
0.0
 40
2.0
  1
BOTH SURFACE STRUCTURES ARE OUTSIDE THE PROTECTIVE BOUNDARY, and the covered stairwell is declared
  7
OpenSans
 11
16.0
 21
225.27500000000003
 31
0.0
100
AcDbText
  0
TEXT
  5
523
330
17
100
AcDbEntity
  8
S-NOTE
100
AcDbText
 10
16.0
 20
220.97500000000002
 30
0.0
 40
2.0
  1
   EXPENDABLE in the project record.  A fire in either blocks R1's surface end and leaves only R2 and R3  -
  7
OpenSans
 11
16.0
 21
220.97500000000002
 31
0.0
100
AcDbText
  0
TEXT
  5
524
330
17
100
AcDbEntity
  8
S-NOTE
100
AcDbText
 10
16.0
 20
216.675
 30
0.0
 40
2.0
  1
   which is why the decision rule on F-101 sends a headhouse or stairwell fire to the shafts.
  7
OpenSans
 11
16.0
 21
216.675
 31
0.0
100
AcDbText
  0
LWPOLYLINE
  5
525
330
17
100
AcDbEntity
  8
S-TITLE
100
AcDbPolyline
 90
4
 70
1
 10
14.0
 20
210.375
 10
422.0
 20
210.375
 10
422.0
 20
255.4000000000001
 10
14.0
 20
255.4000000000001
  0
TEXT
  5
526
330
17
100
AcDbEntity
  8
S-TITLE
100
AcDbText
 10
16.0
 20
198.875
 30
0.0
 40
2.5
  1
ROUTE R1, STEP BY STEP  -  EVERY ELEMENT CONFIRMED UNLESS MARKED
  7
OpenSans
 11
16.0
 21
198.875
 31
0.0
100
AcDbText
  0
TEXT
  5
527
330
17
100
AcDbEntity
  8
S-NOTE
100
AcDbText
 10
16.0
 20
194.75
 30
0.0
 40
2.0
  1
1  ALONG THE SPINE to Bay 7, through the permanent 900 partition gaps at Y 2500-3400.
  7
OpenSans
 11
16.0
 21
194.75
 31
0.0
100
AcDbText
  0
TEXT
  5
528
330
17
100
AcDbEntity
  8
S-NOTE
100
AcDbText
 10
16.0
 20
190.45
 30
0.0
 40
2.0
  1
2  THROUGH W5.  NO DOOR EXISTS IN W5 ANYWHERE IN THE PROJECT  [N].  See F-101 and FS-1.
  7
OpenSans
 11
16.0
 21
190.45
 31
0.0
100
AcDbText
  0
TEXT
  5
529
330
17
100
AcDbEntity
  8
S-NOTE
100
AcDbText
 10
16.0
 20
186.14999999999998
 30
0.0
 40
2.0
  1
3  THROUGH BLAST DOOR 1 in W6, 1200 x 2100, 7 bar.  Shut it behind you if the fire is west of it.
  7
OpenSans
 11
16.0
 21
186.14999999999998
 31
0.0
100
AcDbText
  0
TEXT
  5
52A
330
17
100
AcDbEntity
  8
S-NOTE
100
AcDbText
 10
16.0
 20
181.84999999999997
 30
0.0
 40
2.0
  1
4  UP THE MAIN STAIR, 24R @ 170.8333, 3 flights of 8, 1200 wide, rise 4100, headroom 2533.
  7
OpenSans
 11
16.0
 21
181.84999999999997
 31
0.0
100
AcDbText
  0
TEXT
  5
52B
330
17
100
AcDbEntity
  8
S-NOTE
100
AcDbText
 10
16.0
 20
177.54999999999995
 30
0.0
 40
2.0
  1
      FROZEN GEOMETRY  -  annotated on these sheets and never altered.
  7
OpenSans
 11
16.0
 21
177.54999999999995
 31
0.0
100
AcDbText
  0
TEXT
  5
52C
330
17
100
AcDbEntity
  8
S-NOTE
100
AcDbText
 10
16.0
 20
173.24999999999994
 30
0.0
 40
2.0
  1
5  INTO THE HEADHOUSE at (-2.000), then through the inner security door in HW2, 900 x 2100.
  7
OpenSans
 11
16.0
 21
173.24999999999994
 31
0.0
100
AcDbText
  0
TEXT
  5
52D
330
17
100
AcDbEntity
  8
S-NOTE
100
AcDbText
 10
16.0
 20
168.94999999999993
 30
0.0
 40
2.0
  1
6  ACROSS THE PLATFORM and UP THE COVERED STAIRWELL, 12R @ 166.6667, 1500 wide, rise 2000.
  7
OpenSans
 11
16.0
 21
168.94999999999993
 31
0.0
100
AcDbText
  0
TEXT
  5
52E
330
17
100
AcDbEntity
  8
S-NOTE
100
AcDbText
 10
16.0
 20
164.64999999999992
 30
0.0
 40
2.0
  1
7  OUT THE ENTRY DOOR, 1000 x 2100, at grade.  MUSTER POINT NOT DEFINED  [N]  -  see D3.
  7
OpenSans
 11
16.0
 21
164.64999999999992
 31
0.0
100
AcDbText
  0
LWPOLYLINE
  5
52F
330
17
100
AcDbEntity
  8
S-TITLE
100
AcDbPolyline
 90
4
 70
1
 10
14.0
 20
158.3499999999999
 10
422.0
 20
158.3499999999999
 10
422.0
 20
203.375
 10
14.0
 20
203.375
  0
TEXT
  5
530
330
17
100
AcDbEntity
  8
S-TITLE
100
AcDbText
 10
16.0
 20
138.5
 30
0.0
 40
2.5
  1
EVIDENCE CLASS - APPLIED TO EVERY VALUE ON THIS SHEET
  7
OpenSans
 11
16.0
 21
138.5
 31
0.0
100
AcDbText
  0
TEXT
  5
531
330
17
100
AcDbEntity
  8
S-NOTE
100
AcDbText
 10
16.0
 20
134.375
 30
0.0
 40
2.0
  1
[C] CONFIRMED       traceable to the master, to a Rev F drawing or to sheet S-06
  7
OpenSans
 11
16.0
 21
134.375
 31
0.0
100
AcDbText
  0
TEXT
  5
532
330
17
100
AcDbEntity
  8
S-NOTE
100
AcDbText
 10
16.0
 20
130.975
 30
0.0
 40
2.0
  1
[R] RECONSTRUCTED   computed here from confirmed values; the arithmetic is shown
  7
OpenSans
 11
16.0
 21
130.975
 31
0.0
100
AcDbText
  0
TEXT
  5
533
330
17
100
AcDbEntity
  8
S-NOTE
100
AcDbText
 10
16.0
 20
127.57499999999999
 30
0.0
 40
2.0
  1
[A] ASSUMED         an engineering selection made by this package - confirm before construction
  7
OpenSans
 11
16.0
 21
127.57499999999999
 31
0.0
100
AcDbText
  0
TEXT
  5
534
330
17
100
AcDbEntity
  8
S-NOTE
100
AcDbText
 10
16.0
 20
124.17499999999998
 30
0.0
 40
2.0
  1
[U] UNRESOLVED      competing values exist in the project, or the input does not
  7
OpenSans
 11
16.0
 21
124.17499999999998
 31
0.0
100
AcDbText
  0
TEXT
  5
535
330
17
100
AcDbEntity
  8
S-NOTE
100
AcDbText
 10
16.0
 20
120.77499999999998
 30
0.0
 40
2.0
  1
[N] NOT AVAILABLE   no source exists anywhere in the project - DATA REQUIRED
  7
OpenSans
 11
16.0
 21
120.77499999999998
 31
0.0
100
AcDbText
  0
LWPOLYLINE
  5
536
330
17
100
AcDbEntity
  8
S-TITLE
100
AcDbPolyline
 90
4
 70
1
 10
14.0
 20
115.37499999999997
 10
182.0
 20
115.37499999999997
 10
182.0
 20
143.0
 10
14.0
 20
143.0
  0
TEXT
  5
537
330
17
100
AcDbEntity
  8
S-TITLE
100
AcDbText
 10
432.0
 20
283.5
 30
0.0
 40
2.5
  1
WHAT THIS SHEET CANNOT SHOW, AND WHY  [N]
  7
OpenSans
 11
432.0
 21
283.5
 31
0.0
100
AcDbText
  0
TEXT
  5
538
330
17
100
AcDbEntity
  8
S-NOTE
100
AcDbText
 10
432.0
 20
279.375
 30
0.0
 40
2.0
  1
NO MUSTER POINT.  There is no site plan, boundary or contour anywhere in this project  -  master open
  7
OpenSans
 11
432.0
 21
279.375
 31
0.0
100
AcDbText
  0
TEXT
  5
539
330
17
100
AcDbEntity
  8
S-NOTE
100
AcDbText
 10
432.0
 20
275.075
 30
0.0
 40
2.0
  1
   item D3  -  so no assembly point can be placed and no distance from the structure can be stated.
  7
OpenSans
 11
432.0
 21
275.075
 31
0.0
100
AcDbText
  0
TEXT
  5
53A
330
17
100
AcDbEntity
  8
S-NOTE
100
AcDbText
 10
432.0
 20
270.775
 30
0.0
 40
2.0
  1
   The written plan records the same gap as FS-V5.  Nothing is invented here to fill it.
  7
OpenSans
 11
432.0
 21
270.775
 31
0.0
100
AcDbText
  0
TEXT
  5
53B
330
17
100
AcDbEntity
  8
S-NOTE
100
AcDbText
 10
432.0
 20
266.47499999999997
 30
0.0
 40
2.0
  1
NO FIRE SERVICE ACCESS, hardstanding, hydrant or rising main.  Same cause, same class.
  7
OpenSans
 11
432.0
 21
266.47499999999997
 31
0.0
100
AcDbText
  0
TEXT
  5
53C
330
17
100
AcDbEntity
  8
S-NOTE
100
AcDbText
 10
432.0
 20
262.17499999999995
 30
0.0
 40
2.0
  1
NO EXTERNAL SIGNAGE, EXIT SIGN OR EMERGENCY LIGHTING at either shaft head or at the entry door.
  7
OpenSans
 11
432.0
 21
262.17499999999995
 31
0.0
100
AcDbText
  0
TEXT
  5
53D
330
17
100
AcDbEntity
  8
S-NOTE
100
AcDbText
 10
432.0
 20
257.87499999999994
 30
0.0
 40
2.0
  1
   These follow the missing electrical design, FS-5.
  7
OpenSans
 11
432.0
 21
257.87499999999994
 31
0.0
100
AcDbText
  0
TEXT
  5
53E
330
17
100
AcDbEntity
  8
S-NOTE
100
AcDbText
 10
432.0
 20
253.57499999999993
 30
0.0
 40
2.0
  1
NO LADDER, RUNG OR FALL-ARREST IN EITHER ESCAPE SHAFT.  ESC 1 is a 6.250 m climb from the floor and
  7
OpenSans
 11
432.0
 21
253.57499999999993
 31
0.0
100
AcDbText
  0
TEXT
  5
53F
330
17
100
AcDbEntity
  8
S-NOTE
100
AcDbText
 10
432.0
 20
249.27499999999992
 30
0.0
 40
2.0
  1
   ESC 2 is 6.800 m.  Nothing in the project says how either climb is made, by whom, or whether an
  7
OpenSans
 11
432.0
 21
249.27499999999992
 31
0.0
100
AcDbText
  0
TEXT
  5
540
330
17
100
AcDbEntity
  8
S-NOTE
100
AcDbText
 10
432.0
 20
244.9749999999999
 30
0.0
 40
2.0
  1
   injured person can make it at all.  THIS IS FS-6, AND DRAWING THE PROFILE IS WHAT FOUND IT  -  the written
  7
OpenSans
 11
432.0
 21
244.9749999999999
 31
0.0
100
AcDbText
  0
TEXT
  5
541
330
17
100
AcDbEntity
  8
S-NOTE
100
AcDbText
 10
432.0
 20
240.6749999999999
 30
0.0
 40
2.0
  1
   plan had the two head levels and the floor level and never put them in the same picture.
  7
OpenSans
 11
432.0
 21
240.6749999999999
 31
0.0
100
AcDbText
  0
TEXT
  5
542
330
17
100
AcDbEntity
  8
S-NOTE
100
AcDbText
 10
432.0
 20
232.07499999999987
 30
0.0
 40
2.0
  1
THE SENTRY POST IS NOT A REFUGE AND IS NOT SHOWN AS ONE.  It is outside this package and no fire
  7
OpenSans
 11
432.0
 21
232.07499999999987
 31
0.0
100
AcDbText
  0
TEXT
  5
543
330
17
100
AcDbEntity
  8
S-NOTE
100
AcDbText
 10
432.0
 20
227.77499999999986
 30
0.0
 40
2.0
  1
   strategy for it exists anywhere in the project.
  7
OpenSans
 11
432.0
 21
227.77499999999986
 31
0.0
100
AcDbText
  0
LWPOLYLINE
  5
544
330
17
100
AcDbEntity
  8
S-TITLE
100
AcDbPolyline
 90
4
 70
1
 10
430.0
 20
221.47499999999985
 10
831.0
 20
221.47499999999985
 10
831.0
 20
288.0
 10
430.0
 20
288.0
  0
LWPOLYLINE
  5
545
330
17
100
AcDbEntity
  8
M-TABLE
100
AcDbPolyline
 90
4
 70
1
 10
430.0
 20
207.6
 10
831.0
 20
207.6
 10
831.0
 20
214.0
 10
430.0
 20
214.0
  0
TEXT
  5
546
330
17
100
AcDbEntity
  8
M-TABLE
100
AcDbText
 10
431.4
 20
209.79999999999998
 30
0.0
 40
2.0
  1
ITEM
  7
OpenSans
 11
431.4
 21
209.79999999999998
 31
0.0
100
AcDbText
  0
TEXT
  5
547
330
17
100
AcDbEntity
  8
M-TABLE
100
AcDbText
 10
461.4
 20
209.79999999999998
 30
0.0
 40
2.0
  1
WHAT IT IS
  7
OpenSans
 11
461.4
 21
209.79999999999998
 31
0.0
100
AcDbText
  0
TEXT
  5
548
330
17
100
AcDbEntity
  8
M-TABLE
100
AcDbText
 10
723.4
 20
209.79999999999998
 30
0.0
 40
2.0
  1
STATUS
  7
OpenSans
 11
723.4
 21
209.79999999999998
 31
0.0
100
AcDbText
  0
TEXT
  5
549
330
17
100
AcDbEntity
  8
M-TABLE
100
AcDbText
 10
431.4
 20
203.39999999999998
 30
0.0
 40
2.0
  1
FS-V1
  7
OpenSans
 11
431.4
 21
203.39999999999998
 31
0.0
100
AcDbText
  0
TEXT
  5
54A
330
17
100
AcDbEntity
  8
M-TABLE
100
AcDbText
 10
461.4
 20
203.39999999999998
 30
0.0
 40
2.0
  1
W5 HAS NO DOOR.  The designated fire and gas-tight separation between the CBRN plant bay and the decon airlock cannot function.  Same defect as FN-U1 / D-05
  7
OpenSans
 11
461.4
 21
203.39999999999998
 31
0.0
100
AcDbText
  0
TEXT
  5
54B
330
17
100
AcDbEntity
  8
M-TABLE
100
AcDbText
 10
723.4
 20
203.39999999999998
 30
0.0
 40
2.0
  1
OPEN  -  DESIGN REQUIRED
  7
OpenSans
 11
723.4
 21
203.39999999999998
 31
0.0
100
AcDbText
  0
LINE
  5
54C
330
17
100
AcDbEntity
  8
M-TABLE
100
AcDbLine
 10
430.0
 20
201.2
 30
0.0
 11
831.0
 21
201.2
 31
0.0
  0
TEXT
  5
54D
330
17
100
AcDbEntity
  8
M-TABLE
100
AcDbText
 10
431.4
 20
196.99999999999997
 30
0.0
 40
2.0
  1
FS-V2
  7
OpenSans
 11
431.4
 21
196.99999999999997
 31
0.0
100
AcDbText
  0
TEXT
  5
54E
330
17
100
AcDbEntity
  8
M-TABLE
100
AcDbText
 10
461.4
 20
196.99999999999997
 30
0.0
 40
2.0
  1
NO FIRE DETECTION, ALARM, EMERGENCY LIGHTING OR SUPPRESSION exists anywhere.  EL1 provides S-01 and L-02 on DB-E; the fire engineering remains
  7
OpenSans
 11
461.4
 21
196.99999999999997
 31
0.0
100
AcDbText
  0
TEXT
  5
54F
330
17
100
AcDbEntity
  8
M-TABLE
100
AcDbText
 10
723.4
 20
196.99999999999997
 30
0.0
 40
2.0
  1
OPEN  -  ELECTRICAL BLOCKER GONE
  7
OpenSans
 11
723.4
 21
196.99999999999997
 31
0.0
100
AcDbText
  0
LINE
  5
550
330
17
100
AcDbEntity
  8
M-TABLE
100
AcDbLine
 10
430.0
 20
194.79999999999998
 30
0.0
 11
831.0
 21
194.79999999999998
 31
0.0
  0
TEXT
  5
551
330
17
100
AcDbEntity
  8
M-TABLE
100
AcDbText
 10
431.4
 20
190.59999999999997
 30
0.0
 40
2.0
  1
FS-V3
  7
OpenSans
 11
431.4
 21
190.59999999999997
 31
0.0
100
AcDbText
  0
TEXT
  5
552
330
17
100
AcDbEntity
  8
M-TABLE
100
AcDbText
 10
461.4
 20
190.59999999999997
 30
0.0
 40
2.0
  1
NO RULE EXISTS FOR A FIRE DURING MODE 3 CLOSED.  Smoke cannot be cleared without breaking protection
  7
OpenSans
 11
461.4
 21
190.59999999999997
 31
0.0
100
AcDbText
  0
TEXT
  5
553
330
17
100
AcDbEntity
  8
M-TABLE
100
AcDbText
 10
723.4
 20
190.59999999999997
 30
0.0
 40
2.0
  1
OPEN  -  CLIENT RULING
  7
OpenSans
 11
723.4
 21
190.59999999999997
 31
0.0
100
AcDbText
  0
LINE
  5
554
330
17
100
AcDbEntity
  8
M-TABLE
100
AcDbLine
 10
430.0
 20
188.39999999999998
 30
0.0
 11
831.0
 21
188.39999999999998
 31
0.0
  0
TEXT
  5
555
330
17
100
AcDbEntity
  8
M-TABLE
100
AcDbText
 10
431.4
 20
184.19999999999996
 30
0.0
 40
2.0
  1
FS-V4
  7
OpenSans
 11
431.4
 21
184.19999999999996
 31
0.0
100
AcDbText
  0
TEXT
  5
556
330
17
100
AcDbEntity
  8
M-TABLE
100
AcDbText
 10
461.4
 20
184.19999999999996
 30
0.0
 40
2.0
  1
GENERATOR FUEL TYPE, QUANTITY AND STORAGE are unspecified, so the Bay 8 fire load cannot be quantified
  7
OpenSans
 11
461.4
 21
184.19999999999996
 31
0.0
100
AcDbText
  0
TEXT
  5
557
330
17
100
AcDbEntity
  8
M-TABLE
100
AcDbText
 10
723.4
 20
184.19999999999996
 30
0.0
 40
2.0
  1
OPEN  -  FOLLOWS R-8
  7
OpenSans
 11
723.4
 21
184.19999999999996
 31
0.0
100
AcDbText
  0
LINE
  5
558
330
17
100
AcDbEntity
  8
M-TABLE
100
AcDbLine
 10
430.0
 20
181.99999999999997
 30
0.0
 11
831.0
 21
181.99999999999997
 31
0.0
  0
TEXT
  5
559
330
17
100
AcDbEntity
  8
M-TABLE
100
AcDbText
 10
431.4
 20
177.79999999999995
 30
0.0
 40
2.0
  1
FS-V5
  7
OpenSans
 11
431.4
 21
177.79999999999995
 31
0.0
100
AcDbText
  0
TEXT
  5
55A
330
17
100
AcDbEntity
  8
M-TABLE
100
AcDbText
 10
461.4
 20
177.79999999999995
 30
0.0
 40
2.0
  1
NO MUSTER POINT OR FIRE SERVICE ACCESS can be defined without the site plan
  7
OpenSans
 11
461.4
 21
177.79999999999995
 31
0.0
100
AcDbText
  0
TEXT
  5
55B
330
17
100
AcDbEntity
  8
M-TABLE
100
AcDbText
 10
723.4
 20
177.79999999999995
 30
0.0
 40
2.0
  1
OPEN  -  FOLLOWS D3
  7
OpenSans
 11
723.4
 21
177.79999999999995
 31
0.0
100
AcDbText
  0
LINE
  5
55C
330
17
100
AcDbEntity
  8
M-TABLE
100
AcDbLine
 10
430.0
 20
175.59999999999997
 30
0.0
 11
831.0
 21
175.59999999999997
 31
0.0
  0
TEXT
  5
55D
330
17
100
AcDbEntity
  8
M-TABLE
100
AcDbText
 10
431.4
 20
171.39999999999995
 30
0.0
 40
2.0
  1
FS-V6
  7
OpenSans
 11
431.4
 21
171.39999999999995
 31
0.0
100
AcDbText
  0
TEXT
  5
55E
330
17
100
AcDbEntity
  8
M-TABLE
100
AcDbText
 10
461.4
 20
171.39999999999995
 30
0.0
 40
2.0
  1
NO EXTINGUISHER SCHEDULE, DRILL REGIME OR FIRE DUTY exists
  7
OpenSans
 11
461.4
 21
171.39999999999995
 31
0.0
100
AcDbText
  0
TEXT
  5
55F
330
17
100
AcDbEntity
  8
M-TABLE
100
AcDbText
 10
723.4
 20
171.39999999999995
 30
0.0
 40
2.0
  1
OPEN  -  OPERATIONAL, CLIENT
  7
OpenSans
 11
723.4
 21
171.39999999999995
 31
0.0
100
AcDbText
  0
LINE
  5
560
330
17
100
AcDbEntity
  8
M-TABLE
100
AcDbLine
 10
430.0
 20
169.19999999999996
 30
0.0
 11
831.0
 21
169.19999999999996
 31
0.0
  0
TEXT
  5
561
330
17
100
AcDbEntity
  8
M-TABLE
100
AcDbText
 10
431.4
 20
164.99999999999994
 30
0.0
 40
2.0
  1
FS-V7
  7
OpenSans
 11
431.4
 21
164.99999999999994
 31
0.0
100
AcDbText
  0
TEXT
  5
562
330
17
100
AcDbEntity
  8
M-TABLE
100
AcDbText
 10
461.4
 20
164.99999999999994
 30
0.0
 40
2.0
  1
NO LADDER, RUNG OR FALL-ARREST IN EITHER ESCAPE SHAFT.  ESC 1 is a 6.250 m climb from the floor and ESC 2 is 6.800 m
  7
OpenSans
 11
461.4
 21
164.99999999999994
 31
0.0
100
AcDbText
  0
TEXT
  5
563
330
17
100
AcDbEntity
  8
M-TABLE
100
AcDbText
 10
723.4
 20
164.99999999999994
 30
0.0
 40
2.0
  1
OPEN  -  RAISED BY F-102, DESIGN REQUIRED
  7
OpenSans
 11
723.4
 21
164.99999999999994
 31
0.0
100
AcDbText
  0
LINE
  5
564
330
17
100
AcDbEntity
  8
M-TABLE
100
AcDbLine
 10
430.0
 20
162.79999999999995
 30
0.0
 11
831.0
 21
162.79999999999995
 31
0.0
  0
LINE
  5
565
330
17
100
AcDbEntity
  8
M-TABLE
100
AcDbLine
 10
430.0
 20
214.0
 30
0.0
 11
831.0
 21
214.0
 31
0.0
  0
LINE
  5
566
330
17
100
AcDbEntity
  8
M-TABLE
100
AcDbLine
 10
430.0
 20
214.0
 30
0.0
 11
430.0
 21
162.79999999999995
 31
0.0
  0
LINE
  5
567
330
17
100
AcDbEntity
  8
M-TABLE
100
AcDbLine
 10
460.0
 20
214.0
 30
0.0
 11
460.0
 21
162.79999999999995
 31
0.0
  0
LINE
  5
568
330
17
100
AcDbEntity
  8
M-TABLE
100
AcDbLine
 10
722.0
 20
214.0
 30
0.0
 11
722.0
 21
162.79999999999995
 31
0.0
  0
LINE
  5
569
330
17
100
AcDbEntity
  8
M-TABLE
100
AcDbLine
 10
831.0
 20
214.0
 30
0.0
 11
831.0
 21
162.79999999999995
 31
0.0
  0
TEXT
  5
56A
330
17
100
AcDbEntity
  8
S-TITLE
100
AcDbText
 10
432.0
 20
150.29999999999995
 30
0.0
 40
2.5
  1
POLICY  -  THE CLAUSES THAT GOVERN THESE TWO SHEETS
  7
OpenSans
 11
432.0
 21
150.29999999999995
 31
0.0
100
AcDbText
  0
TEXT
  5
56B
330
17
100
AcDbEntity
  8
S-NOTE
100
AcDbText
 10
432.0
 20
146.17499999999995
 30
0.0
 40
2.0
  1
FS-P3   BLAST DOORS ARE THE FIRE DOORS.  They are the only barriers that work.  Shutting the blast door
  7
OpenSans
 11
432.0
 21
146.17499999999995
 31
0.0
100
AcDbText
  0
TEXT
  5
56C
330
17
100
AcDbEntity
  8
S-NOTE
100
AcDbText
 10
432.0
 20
141.87499999999994
 30
0.0
 40
2.0
  1
        between the occupants and a fire is the FIRST structural action, not the last.
  7
OpenSans
 11
432.0
 21
141.87499999999994
 31
0.0
100
AcDbText
  0
TEXT
  5
56D
330
17
100
AcDbEntity
  8
S-NOTE
100
AcDbText
 10
432.0
 20
137.57499999999993
 30
0.0
 40
2.0
  1
FS-P4   W5 GETS ITS DOOR, OR ITS DESIGNATION IS WITHDRAWN.  One or the other.  A wall recorded as a fire
  7
OpenSans
 11
432.0
 21
137.57499999999993
 31
0.0
100
AcDbText
  0
TEXT
  5
56E
330
17
100
AcDbEntity
  8
S-NOTE
100
AcDbText
 10
432.0
 20
133.27499999999992
 30
0.0
 40
2.0
  1
        separation with a permanent hole in it is worse than a wall that claims nothing.
  7
OpenSans
 11
432.0
 21
133.27499999999992
 31
0.0
100
AcDbText
  0
TEXT
  5
56F
330
17
100
AcDbEntity
  8
S-NOTE
100
AcDbText
 10
432.0
 20
128.9749999999999
 30
0.0
 40
2.0
  1
FS-P5   ESC 2 IS NOT AN ESCAPE ROUTE FROM A GENERATOR FIRE.  The decision rule on F-101 is the rule.
  7
OpenSans
 11
432.0
 21
128.9749999999999
 31
0.0
100
AcDbText
  0
TEXT
  5
570
330
17
100
AcDbEntity
  8
S-NOTE
100
AcDbText
 10
432.0
 20
124.67499999999991
 30
0.0
 40
2.0
  1
FS-P7   NO FIRE MEASURE IS ASSUMED TO BE PRICED.  Nothing on these sheets is in the bill, because nothing
  7
OpenSans
 11
432.0
 21
124.67499999999991
 31
0.0
100
AcDbText
  0
TEXT
  5
571
330
17
100
AcDbEntity
  8
S-NOTE
100
AcDbText
 10
432.0
 20
120.37499999999991
 30
0.0
 40
2.0
  1
        on them exists yet.  Anything specified from them is an ADDITION to it.
  7
OpenSans
 11
432.0
 21
120.37499999999991
 31
0.0
100
AcDbText
  0
LWPOLYLINE
  5
572
330
17
100
AcDbEntity
  8
S-TITLE
100
AcDbPolyline
 90
4
 70
1
 10
430.0
 20
114.07499999999992
 10
831.0
 20
114.07499999999992
 10
831.0
 20
154.79999999999995
 10
430.0
 20
154.79999999999995
  0
TEXT
  5
573
330
17
100
AcDbEntity
  8
M-TITLE
100
AcDbText
 10
12.0
 20
576.5
 30
0.0
 40
5.0
  1
FIRE AND LIFE SAFETY PACKAGE
  7
OpenSans
 11
12.0
 21
576.5
 31
0.0
100
AcDbText
  0
TEXT
  5
574
330
17
100
AcDbEntity
  8
M-TITLE
100
AcDbText
 10
12.0
 20
569.5
 30
0.0
 40
2.4
  1
F-102   ENTRY LEVEL ESCAPE PLAN AND VERTICAL PROFILE
  7
OpenSans
 11
12.0
 21
569.5
 31
0.0
100
AcDbText
  0
LINE
  5
575
330
17
100
AcDbEntity
  8
M-TITLE
100
AcDbLine
 10
10.0
 20
566.5
 30
0.0
 11
831.0
 21
566.5
 31
0.0
  0
TEXT
  5
576
330
17
100
AcDbEntity
  8
M-FLAG
100
AcDbText
 10
829.0
 20
577.0
 30
0.0
 40
2.0
  1
SENTRY POST EXCLUDED FROM THIS PACKAGE
  7
OpenSans
 72
2
 11
829.0
 21
577.0
 31
0.0
100
AcDbText
  0
TEXT
  5
577
330
17
100
AcDbEntity
  8
M-FLAG
100
AcDbText
 10
829.0
 20
570.5
 30
0.0
 40
1.4
  1
DEVELOPED FOR PROJECT COORDINATION - PENDING ENGINEERING VERIFICATION
  7
OpenSans
 72
2
 11
829.0
 21
570.5
 31
0.0
100
AcDbText
  0
TEXT
  5
578
330
17
100
AcDbEntity
  8
M-FLAG
100
AcDbText
 10
12.0
 20
561.5
 30
0.0
 40
1.4
  1
OPEN ITEMS ON THIS SHEET:  FS-3   FS-6   D3
  7
OpenSans
 11
12.0
 21
561.5
 31
0.0
100
AcDbText
  0
LWPOLYLINE
  5
579
330
17
100
AcDbEntity
  8
M-TITLE
100
AcDbPolyline
 90
4
 70
1
 10
651.0
 20
10.0
 10
831.0
 20
10.0
 10
831.0
 20
110.0
 10
651.0
 20
110.0
  0
LINE
  5
57A
330
17
100
AcDbEntity
  8
M-TITLE
100
AcDbLine
 10
651.0
 20
30.0
 30
0.0
 11
831.0
 21
30.0
 31
0.0
  0
LINE
  5
57B
330
17
100
AcDbEntity
  8
M-TITLE
100
AcDbLine
 10
651.0
 20
42.0
 30
0.0
 11
831.0
 21
42.0
 31
0.0
  0
LINE
  5
57C
330
17
100
AcDbEntity
  8
M-TITLE
100
AcDbLine
 10
651.0
 20
54.0
 30
0.0
 11
831.0
 21
54.0
 31
0.0
  0
LINE
  5
57D
330
17
100
AcDbEntity
  8
M-TITLE
100
AcDbLine
 10
651.0
 20
66.0
 30
0.0
 11
831.0
 21
66.0
 31
0.0
  0
LINE
  5
57E
330
17
100
AcDbEntity
  8
M-TITLE
100
AcDbLine
 10
651.0
 20
88.0
 30
0.0
 11
831.0
 21
88.0
 31
0.0
  0
LINE
  5
57F
330
17
100
AcDbEntity
  8
M-TITLE
100
AcDbLine
 10
763.0
 20
10.0
 30
0.0
 11
763.0
 21
30.0
 31
0.0
  0
LINE
  5
580
330
17
100
AcDbEntity
  8
M-TITLE
100
AcDbLine
 10
797.0
 20
10.0
 30
0.0
 11
797.0
 21
30.0
 31
0.0
  0
TEXT
  5
581
330
17
100
AcDbEntity
  8
M-TITLE
100
AcDbText
 10
653.0
 20
24.6
 30
0.0
 40
1.4
  1
DRAWING No.
  7
OpenSans
 11
653.0
 21
24.6
 31
0.0
100
AcDbText
  0
TEXT
  5
582
330
17
100
AcDbEntity
  8
M-TITLE
100
AcDbText
 10
671.0
 20
14.2
 30
0.0
 40
3.5
  1
F-102
  7
OpenSans
 11
671.0
 21
14.2
 31
0.0
100
AcDbText
  0
TEXT
  5
583
330
17
100
AcDbEntity
  8
M-TITLE
100
AcDbText
 10
765.0
 20
24.6
 30
0.0
 40
1.4
  1
REV
  7
OpenSans
 11
765.0
 21
24.6
 31
0.0
100
AcDbText
  0
TEXT
  5
584
330
17
100
AcDbEntity
  8
M-TITLE
100
AcDbText
 10
769.0
 20
14.2
 30
0.0
 40
3.5
  1
FS2
  7
OpenSans
 11
769.0
 21
14.2
 31
0.0
100
AcDbText
  0
TEXT
  5
585
330
17
100
AcDbEntity
  8
M-TITLE
100
AcDbText
 10
799.0
 20
24.6
 30
0.0
 40
1.4
  1
SHEET
  7
OpenSans
 11
799.0
 21
24.6
 31
0.0
100
AcDbText
  0
TEXT
  5
586
330
17
100
AcDbEntity
  8
M-TITLE
100
AcDbText
 10
799.0
 20
15.0
 30
0.0
 40
1.6
  1
2 OF 2
  7
OpenSans
 11
799.0
 21
15.0
 31
0.0
100
AcDbText
  0
LINE
  5
587
330
17
100
AcDbEntity
  8
M-TITLE
100
AcDbLine
 10
747.0
 20
30.0
 30
0.0
 11
747.0
 21
42.0
 31
0.0
  0
TEXT
  5
588
330
17
100
AcDbEntity
  8
M-TITLE
100
AcDbText
 10
653.0
 20
34.4
 30
0.0
 40
1.6
  1
SCALE   AS NOTED
  7
OpenSans
 11
653.0
 21
34.4
 31
0.0
100
AcDbText
  0
TEXT
  5
589
330
17
100
AcDbEntity
  8
M-TITLE
100
AcDbText
 10
749.0
 20
34.4
 30
0.0
 40
1.6
  1
DATE   10.09.2026
  7
OpenSans
 11
749.0
 21
34.4
 31
0.0
100
AcDbText
  0
TEXT
  5
58A
330
17
100
AcDbEntity
  8
M-TITLE
100
AcDbText
 10
653.0
 20
46.4
 30
0.0
 40
1.4
  1
DESIGNED  [PLACEHOLDER]
  7
OpenSans
 11
653.0
 21
46.4
 31
0.0
100
AcDbText
  0
TEXT
  5
58B
330
17
100
AcDbEntity
  8
M-TITLE
100
AcDbText
 10
713.0
 20
46.4
 30
0.0
 40
1.4
  1
CHECKED  [PLACEHOLDER]
  7
OpenSans
 11
713.0
 21
46.4
 31
0.0
100
AcDbText
  0
TEXT
  5
58C
330
17
100
AcDbEntity
  8
M-TITLE
100
AcDbText
 10
773.0
 20
46.4
 30
0.0
 40
1.4
  1
APPROVED  [PLACEHOLDER]
  7
OpenSans
 11
773.0
 21
46.4
 31
0.0
100
AcDbText
  0
TEXT
  5
58D
330
17
100
AcDbEntity
  8
M-TITLE
100
AcDbText
 10
653.0
 20
58.4
 30
0.0
 40
1.4
  1
STATUS
  7
OpenSans
 11
653.0
 21
58.4
 31
0.0
100
AcDbText
  0
TEXT
  5
58E
330
17
100
AcDbEntity
  8
M-FLAG
100
AcDbText
 10
673.0
 20
58.0
 30
0.0
 40
1.6
  1
FOR REVIEW - NOT FOR CONSTRUCTION
  7
OpenSans
 11
673.0
 21
58.0
 31
0.0
100
AcDbText
  0
TEXT
  5
58F
330
17
100
AcDbEntity
  8
M-TITLE
100
AcDbText
 10
653.0
 20
83.4
 30
0.0
 40
1.4
  1
DRAWING TITLE
  7
OpenSans
 11
653.0
 21
83.4
 31
0.0
100
AcDbText
  0
TEXT
  5
590
330
17
100
AcDbEntity
  8
M-TITLE
100
AcDbText
 10
653.0
 20
75.4
 30
0.0
 40
2.4
  1
ENTRY LEVEL ESCAPE PLAN AND VERTICAL PROFILE
  7
OpenSans
 11
653.0
 21
75.4
 31
0.0
100
AcDbText
  0
TEXT
  5
591
330
17
100
AcDbEntity
  8
M-TITLE
100
AcDbText
 10
653.0
 20
68.8
 30
0.0
 40
1.4
  1
THE SURFACE END OF R1  -  THE TWO SHAFT HEADS  -  THE CLIMB EACH ROUTE ACT
  7
OpenSans
 11
653.0
 21
68.8
 31
0.0
100
AcDbText
  0
TEXT
  5
592
330
17
100
AcDbEntity
  8
M-TITLE
100
AcDbText
 10
653.0
 20
105.2
 30
0.0
 40
1.4
  1
PROJECT
  7
OpenSans
 11
653.0
 21
105.2
 31
0.0
100
AcDbText
  0
TEXT
  5
593
330
17
100
AcDbEntity
  8
M-TITLE
100
AcDbText
 10
653.0
 20
99.6
 30
0.0
 40
1.6
  1
UNDERGROUND CBRN-HARDENED BLAST-RESISTANT
  7
OpenSans
 11
653.0
 21
99.6
 31
0.0
100
AcDbText
  0
TEXT
  5
594
330
17
100
AcDbEntity
  8
M-TITLE
100
AcDbText
 10
653.0
 20
95.0
 30
0.0
 40
1.6
  1
PROTECTIVE STRUCTURE  -  PUNE, MAHARASHTRA
  7
OpenSans
 11
653.0
 21
95.0
 31
0.0
100
AcDbText
  0
TEXT
  5
595
330
17
100
AcDbEntity
  8
M-TITLE
100
AcDbText
 10
653.0
 20
90.0
 30
0.0
 40
1.4
  1
GEOMETRY REV F + M1   -   SENTRY POST NOT IN THIS PACKAGE
  7
OpenSans
 11
653.0
 21
90.0
 31
0.0
100
AcDbText
  0
ENDSEC
  0
SECTION
  2
OBJECTS
  0
DICTIONARY
  5
A
330
0
100
AcDbDictionary
281
1
  3
ACAD_COLOR
350
B
  3
ACAD_GROUP
350
C
  3
ACAD_LAYOUT
350
D
  3
ACAD_MATERIAL
350
E
  3
ACAD_MLEADERSTYLE
350
F
  3
ACAD_MLINESTYLE
350
10
  3
ACAD_PLOTSETTINGS
350
11
  3
ACAD_PLOTSTYLENAME
350
12
  3
ACAD_SCALELIST
350
14
  3
ACAD_TABLESTYLE
350
15
  3
ACAD_VISUALSTYLE
350
16
  3
EZDXF_META
350
2D
  0
DICTIONARY
  5
B
330
A
100
AcDbDictionary
281
1
  0
DICTIONARY
  5
C
330
A
100
AcDbDictionary
281
1
  0
DICTIONARY
  5
D
330
A
100
AcDbDictionary
281
1
  3
Model
350
1A
  3
Layout1
350
1E
  0
DICTIONARY
  5
E
330
A
100
AcDbDictionary
281
1
  3
ByBlock
350
1F
  3
ByLayer
350
20
  3
Global
350
21
  0
DICTIONARY
  5
F
330
A
100
AcDbDictionary
281
1
  3
Standard
350
2C
  0
DICTIONARY
  5
10
330
A
100
AcDbDictionary
281
1
  3
Standard
350
22
  0
DICTIONARY
  5
11
330
A
100
AcDbDictionary
281
1
  0
ACDBDICTIONARYWDFLT
  5
12
330
A
100
AcDbDictionary
281
1
  3
Normal
350
13
100
AcDbDictionaryWithDefault
340
13
  0
ACDBPLACEHOLDER
  5
13
330
12
  0
DICTIONARY
  5
14
330
A
100
AcDbDictionary
281
1
  0
DICTIONARY
  5
15
330
A
100
AcDbDictionary
281
1
  0
DICTIONARY
  5
16
330
A
100
AcDbDictionary
281
1
  3
2dWireframe
350
5A
  3
Basic
350
5B
  3
Brighten
350
5C
  3
ColorChange
350
5D
  3
Conceptual
350
5E
  3
Dim
350
5F
  3
EdgeColorOff
350
60
  3
Facepattern
350
61
  3
Flat
350
62
  3
FlatWithEdges
350
63
  3
Gouraud
350
64
  3
GouraudWithEdges
350
65
  3
Hidden
350
66
  3
JitterOff
350
67
  3
Linepattern
350
68
  3
Modeling
350
69
  3
OverhangOff
350
6A
  3
Realistic
350
6B
  3
Shaded
350
6C
  3
Shaded with edges
350
6D
  3
Shades of Gray
350
6E
  3
Sketchy
350
6F
  3
Thicken
350
70
  3
Wireframe
350
71
  3
X-Ray
350
72
  0
LAYOUT
  5
1A
330
D
100
AcDbPlotSettings
  1

  4
A3
  6

 40
7.5
 41
20.0
 42
7.5
 43
20.0
 44
420.0
 45
297.0
 46
0.0
 47
0.0
 48
0.0
 49
0.0
140
0.0
141
0.0
142
1.0
143
1.0
 70
1024
 72
1
 73
0
 74
5
  7

 75
16
 76
0
 77
2
 78
300
147
1.0
148
0.0
149
0.0
100
AcDbLayout
  1
Model
 70
1
 71
0
 10
0.0
 20
0.0
 11
420.0
 21
297.0
 12
0.0
 22
0.0
 32
0.0
 14
1e+20
 24
1e+20
 34
1e+20
 15
-1e+20
 25
-1e+20
 35
-1e+20
146
0.0
 13
0.0
 23
0.0
 33
0.0
 16
1.0
 26
0.0
 36
0.0
 17
0.0
 27
1.0
 37
0.0
 76
1
330
17
  0
LAYOUT
  5
1E
330
D
100
AcDbPlotSettings
  1

  4
A3
  6

 40
7.5
 41
20.0
 42
7.5
 43
20.0
 44
420.0
 45
297.0
 46
0.0
 47
0.0
 48
0.0
 49
0.0
140
0.0
141
0.0
142
1.0
143
1.0
 70
0
 72
1
 73
0
 74
5
  7

 75
16
 76
0
 77
2
 78
300
147
1.0
148
0.0
149
0.0
100
AcDbLayout
  1
Layout1
 70
1
 71
1
 10
0.0
 20
0.0
 11
420.0
 21
297.0
 12
0.0
 22
0.0
 32
0.0
 14
1e+20
 24
1e+20
 34
1e+20
 15
-1e+20
 25
-1e+20
 35
-1e+20
146
0.0
 13
0.0
 23
0.0
 33
0.0
 16
1.0
 26
0.0
 36
0.0
 17
0.0
 27
1.0
 37
0.0
 76
1
330
1B
  0
MATERIAL
  5
1F
102
{ACAD_REACTORS
330
E
102
}
330
E
100
AcDbMaterial
  1
ByBlock
  2

 70
0
 40
1.0
 71
1
 41
1.0
 91
-1023410177
 42
1.0
 72
1
  3

 73
1
 74
1
 75
1
 44
0.5
 73
0
 45
1.0
 46
1.0
 77
1
  4

 78
1
 79
1
170
1
 48
1.0
171
1
  6

172
1
173
1
174
1
140
1.0
141
1.0
175
1
  7

176
1
177
1
178
1
143
1.0
179
1
  8

270
1
271
1
272
1
145
1.0
146
1.0
273
1
  9

274
1
275
1
276
1
 42
1.0
 72
1
  3

 73
1
 74
1
 75
1
 94
63
  0
MATERIAL
  5
20
102
{ACAD_REACTORS
330
E
102
}
330
E
100
AcDbMaterial
  1
ByLayer
  2

 70
0
 40
1.0
 71
1
 41
1.0
 91
-1023410177
 42
1.0
 72
1
  3

 73
1
 74
1
 75
1
 44
0.5
 73
0
 45
1.0
 46
1.0
 77
1
  4

 78
1
 79
1
170
1
 48
1.0
171
1
  6

172
1
173
1
174
1
140
1.0
141
1.0
175
1
  7

176
1
177
1
178
1
143
1.0
179
1
  8

270
1
271
1
272
1
145
1.0
146
1.0
273
1
  9

274
1
275
1
276
1
 42
1.0
 72
1
  3

 73
1
 74
1
 75
1
 94
63
  0
MATERIAL
  5
21
102
{ACAD_REACTORS
330
E
102
}
330
E
100
AcDbMaterial
  1
Global
  2

 70
0
 40
1.0
 71
1
 41
1.0
 91
-1023410177
 42
1.0
 72
1
  3

 73
1
 74
1
 75
1
 44
0.5
 73
0
 45
1.0
 46
1.0
 77
1
  4

 78
1
 79
1
170
1
 48
1.0
171
1
  6

172
1
173
1
174
1
140
1.0
141
1.0
175
1
  7

176
1
177
1
178
1
143
1.0
179
1
  8

270
1
271
1
272
1
145
1.0
146
1.0
273
1
  9

274
1
275
1
276
1
 42
1.0
 72
1
  3

 73
1
 74
1
 75
1
 94
63
  0
MLINESTYLE
  5
22
102
{ACAD_REACTORS
330
10
102
}
330
10
100
AcDbMlineStyle
  2
Standard
 70
0
  3

 62
256
 51
90.0
 52
90.0
 71
2
 49
0.5
 62
256
  6
BYLAYER
 49
-0.5
 62
256
  6
BYLAYER
  0
MLEADERSTYLE
  5
2C
102
{ACAD_REACTORS
330
F
102
}
330
F
100
AcDbMLeaderStyle
179
2
170
2
171
1
172
0
 90
2
 40
0.0
 41
0.0
173
1
 91
-1056964608
 92
-2
290
1
 42
2.0
291
1
 43
8.0
  3
Standard
 44
4.0
300

342
29
174
1
175
1
176
0
178
1
 93
-1056964608
 45
4.0
292
0
297
0
 46
4.0
 94
-1056964608
 47
1.0
 49
1.0
140
1.0
294
1
141
0.0
177
0
142
1.0
295
0
296
0
143
3.75
271
0
272
9
273
9
  0
DICTIONARY
  5
2D
330
A
100
AcDbDictionary
280
1
281
1
  3
CREATED_BY_EZDXF
350
2E
  3
WRITTEN_BY_EZDXF
350
598
  0
DICTIONARYVAR
  5
2E
330
2D
100
DictionaryVariables
280
0
  1
1.4.4 @ 2026-09-11T02:55:00.539231+00:00
  0
VISUALSTYLE
  5
5A
102
{ACAD_REACTORS
330
16
102
}
330
16
100
AcDbVisualStyle
  2
2dWireframe
 70
4
 90
0
 40
0.6
 62
7
290
0
291
0
  0
VISUALSTYLE
  5
5B
102
{ACAD_REACTORS
330
16
102
}
330
16
100
AcDbVisualStyle
  2
Basic
 70
7
 90
1
 40
0.6
 62
7
290
0
291
1
  0
VISUALSTYLE
  5
5C
102
{ACAD_REACTORS
330
16
102
}
330
16
100
AcDbVisualStyle
  2
Brighten
 70
12
 90
2
 40
0.6
 62
7
290
0
291
1
  0
VISUALSTYLE
  5
5D
102
{ACAD_REACTORS
330
16
102
}
330
16
100
AcDbVisualStyle
  2
ColorChange
 70
16
 90
2
 40
0.6
 62
8
290
0
291
1
  0
VISUALSTYLE
  5
5E
102
{ACAD_REACTORS
330
16
102
}
330
16
100
AcDbVisualStyle
  2
Conceptual
 70
9
 90
3
 40
0.6
 62
7
290
0
291
0
  0
VISUALSTYLE
  5
5F
102
{ACAD_REACTORS
330
16
102
}
330
16
100
AcDbVisualStyle
  2
Dim
 70
11
 90
2
 40
0.6
 62
7
290
0
291
1
  0
VISUALSTYLE
  5
60
102
{ACAD_REACTORS
330
16
102
}
330
16
100
AcDbVisualStyle
  2
EdgeColorOff
 70
22
 90
2
 40
0.6
 62
7
290
0
291
1
  0
VISUALSTYLE
  5
61
102
{ACAD_REACTORS
330
16
102
}
330
16
100
AcDbVisualStyle
  2
Facepattern
 70
15
 90
2
 40
0.6
 62
7
290
0
291
1
  0
VISUALSTYLE
  5
62
102
{ACAD_REACTORS
330
16
102
}
330
16
100
AcDbVisualStyle
  2
Flat
 70
0
 90
2
 40
0.6
 62
7
290
0
291
1
  0
VISUALSTYLE
  5
63
102
{ACAD_REACTORS
330
16
102
}
330
16
100
AcDbVisualStyle
  2
FlatWithEdges
 70
1
 90
2
 40
0.6
 62
7
290
0
291
1
  0
VISUALSTYLE
  5
64
102
{ACAD_REACTORS
330
16
102
}
330
16
100
AcDbVisualStyle
  2
Gouraud
 70
2
 90
2
 40
0.6
 62
7
290
0
291
1
  0
VISUALSTYLE
  5
65
102
{ACAD_REACTORS
330
16
102
}
330
16
100
AcDbVisualStyle
  2
GouraudWithEdges
 70
3
 90
2
 40
0.6
 62
7
290
0
291
1
  0
VISUALSTYLE
  5
66
102
{ACAD_REACTORS
330
16
102
}
330
16
100
AcDbVisualStyle
  2
Hidden
 70
6
 90
1
 40
0.6
 62
7
290
0
291
0
  0
VISUALSTYLE
  5
67
102
{ACAD_REACTORS
330
16
102
}
330
16
100
AcDbVisualStyle
  2
JitterOff
 70
20
 90
2
 40
0.6
 62
7
290
0
291
1
  0
VISUALSTYLE
  5
68
102
{ACAD_REACTORS
330
16
102
}
330
16
100
AcDbVisualStyle
  2
Linepattern
 70
14
 90
2
 40
0.6
 62
7
290
0
291
1
  0
VISUALSTYLE
  5
69
102
{ACAD_REACTORS
330
16
102
}
330
16
100
AcDbVisualStyle
  2
Modeling
 70
10
 90
2
 40
0.6
 62
7
290
0
291
0
  0
VISUALSTYLE
  5
6A
102
{ACAD_REACTORS
330
16
102
}
330
16
100
AcDbVisualStyle
  2
OverhangOff
 70
21
 90
2
 40
0.6
 62
7
290
0
291
1
  0
VISUALSTYLE
  5
6B
102
{ACAD_REACTORS
330
16
102
}
330
16
100
AcDbVisualStyle
  2
Realistic
 70
8
 90
2
 40
0.6
 62
7
290
0
291
0
  0
VISUALSTYLE
  5
6C
102
{ACAD_REACTORS
330
16
102
}
330
16
100
AcDbVisualStyle
  2
Shaded
 70
27
 90
2
 40
0.6
 62
7
290
0
291
0
  0
VISUALSTYLE
  5
6D
102
{ACAD_REACTORS
330
16
102
}
330
16
100
AcDbVisualStyle
  2
Shaded with edges
 70
26
 90
2
 40
0.6
 62
7
290
0
291
0
  0
VISUALSTYLE
  5
6E
102
{ACAD_REACTORS
330
16
102
}
330
16
100
AcDbVisualStyle
  2
Shades of Gray
 70
23
 90
2
 40
0.6
 62
7
290
0
291
0
  0
VISUALSTYLE
  5
6F
102
{ACAD_REACTORS
330
16
102
}
330
16
100
AcDbVisualStyle
  2
Sketchy
 70
24
 90
1
 40
0.6
 62
7
290
0
291
0
  0
VISUALSTYLE
  5
70
102
{ACAD_REACTORS
330
16
102
}
330
16
100
AcDbVisualStyle
  2
Thicken
 70
13
 90
2
 40
0.6
 62
7
290
0
291
1
  0
VISUALSTYLE
  5
71
102
{ACAD_REACTORS
330
16
102
}
330
16
100
AcDbVisualStyle
  2
Wireframe
 70
5
 90
0
 40
0.6
 62
7
290
0
291
0
  0
VISUALSTYLE
  5
72
102
{ACAD_REACTORS
330
16
102
}
330
16
100
AcDbVisualStyle
  2
X-Ray
 70
25
 90
2
 40
0.5
 62
7
290
0
291
0
  0
DICTIONARYVAR
  5
598
330
2D
100
DictionaryVariables
280
0
  1
1.4.4 @ 2026-09-11T02:55:00.571158+00:00
  0
ENDSEC
  0
EOF
