  0
SECTION
  2
HEADER
  9
$ACADVER
  1
AC1024
  9
$ACADMAINTVER
 70
6
  9
$DWGCODEPAGE
  3
ANSI_1252
  9
$LASTSAVEDBY
  1
ezdxf
  9
$INSBASE
 10
0.0
 20
0.0
 30
0.0
  9
$EXTMIN
 10
1e+20
 20
1e+20
 30
1e+20
  9
$EXTMAX
 10
-1e+20
 20
-1e+20
 30
-1e+20
  9
$LIMMIN
 10
0.0
 20
0.0
  9
$LIMMAX
 10
420.0
 20
297.0
  9
$ORTHOMODE
 70
0
  9
$REGENMODE
 70
1
  9
$FILLMODE
 70
1
  9
$QTEXTMODE
 70
0
  9
$MIRRTEXT
 70
1
  9
$LTSCALE
 40
1.0
  9
$ATTMODE
 70
1
  9
$TEXTSIZE
 40
2.5
  9
$TRACEWID
 40
1.0
  9
$TEXTSTYLE
  7
OpenSans
  9
$CLAYER
  8
0
  9
$CELTYPE
  6
ByLayer
  9
$CECOLOR
 62
256
  9
$CELTSCALE
 40
1.0
  9
$DISPSILH
 70
0
  9
$DIMSCALE
 40
1.0
  9
$DIMASZ
 40
0.175
  9
$DIMEXO
 40
0.125
  9
$DIMDLI
 40
3.75
  9
$DIMRND
 40
0.0
  9
$DIMDLE
 40
0.0
  9
$DIMEXE
 40
0.375
  9
$DIMTP
 40
0.0
  9
$DIMTM
 40
0.0
  9
$DIMTXT
 40
0.25
  9
$DIMCEN
 40
2.5
  9
$DIMTSZ
 40
0.0
  9
$DIMTOL
 70
0
  9
$DIMLIM
 70
0
  9
$DIMTIH
 70
0
  9
$DIMTOH
 70
0
  9
$DIMSE1
 70
0
  9
$DIMSE2
 70
0
  9
$DIMTAD
 70
1
  9
$DIMZIN
 70
12
  9
$DIMBLK
  1
ARCHTICK
  9
$DIMASO
 70
1
  9
$DIMSHO
 70
1
  9
$DIMPOST
  1

  9
$DIMAPOST
  1

  9
$DIMALT
 70
0
  9
$DIMALTD
 70
3
  9
$DIMALTF
 40
0.03937007874
  9
$DIMLFAC
 40
100.0
  9
$DIMTOFL
 70
1
  9
$DIMTVP
 40
0.0
  9
$DIMTIX
 70
0
  9
$DIMSOXD
 70
0
  9
$DIMSAH
 70
0
  9
$DIMBLK1
  1

  9
$DIMBLK2
  1

  9
$DIMSTYLE
  2
EZDXF
  9
$DIMCLRD
 70
0
  9
$DIMCLRE
 70
0
  9
$DIMCLRT
 70
0
  9
$DIMTFAC
 40
0.5
  9
$DIMGAP
 40
0.1
  9
$DIMJUST
 70
0
  9
$DIMSD1
 70
0
  9
$DIMSD2
 70
0
  9
$DIMTOLJ
 70
0
  9
$DIMTZIN
 70
8
  9
$DIMALTZ
 70
0
  9
$DIMALTTZ
 70
0
  9
$DIMUPT
 70
1
  9
$DIMDEC
 70
2
  9
$DIMTDEC
 70
2
  9
$DIMALTU
 70
2
  9
$DIMALTTD
 70
3
  9
$DIMTXSTY
  7
OpenSansCondensed-Light
  9
$DIMAUNIT
 70
0
  9
$DIMADEC
 70
2
  9
$DIMALTRND
 40
0.0
  9
$DIMAZIN
 70
3
  9
$DIMDSEP
 70
46
  9
$DIMATFIT
 70
3
  9
$DIMFRAC
 70
0
  9
$DIMLDRBLK
  1

  9
$DIMLUNIT
 70
2
  9
$DIMLWD
 70
-2
  9
$DIMLWE
 70
-2
  9
$DIMTMOVE
 70
2
  9
$DIMFXL
 40
1.0
  9
$DIMFXLON
 70
0
  9
$DIMJOGANG
 40
0.785398163397
  9
$DIMTFILL
 70
0
  9
$DIMTFILLCLR
 70
0
  9
$DIMARCSYM
 70
0
  9
$DIMLTYPE
  6

  9
$DIMLTEX1
  6

  9
$DIMLTEX2
  6

  9
$DIMTXTDIRECTION
 70
0
  9
$LUNITS
 70
2
  9
$LUPREC
 70
4
  9
$SKETCHINC
 40
1.0
  9
$FILLETRAD
 40
10.0
  9
$AUNITS
 70
0
  9
$AUPREC
 70
2
  9
$MENU
  1
.
  9
$ELEVATION
 40
0.0
  9
$PELEVATION
 40
0.0
  9
$THICKNESS
 40
0.0
  9
$LIMCHECK
 70
0
  9
$CHAMFERA
 40
0.0
  9
$CHAMFERB
 40
0.0
  9
$CHAMFERC
 40
0.0
  9
$CHAMFERD
 40
0.0
  9
$SKPOLY
 70
0
  9
$TDCREATE
 40
2461289.097986111
  9
$TDUCREATE
 40
2458532.153996898
  9
$TDUPDATE
 40
2461289.097986111
  9
$TDUUPDATE
 40
2458532.1544311
  9
$TDINDWG
 40
0.0
  9
$TDUSRTIMER
 40
0.0
  9
$USRTIMER
 70
1
  9
$ANGBASE
 50
0.0
  9
$ANGDIR
 70
0
  9
$PDMODE
 70
0
  9
$PDSIZE
 40
0.0
  9
$PLINEWID
 40
0.0
  9
$SPLFRAME
 70
0
  9
$SPLINETYPE
 70
6
  9
$SPLINESEGS
 70
8
  9
$HANDSEED
  5
28D
  9
$SURFTAB1
 70
6
  9
$SURFTAB2
 70
6
  9
$SURFTYPE
 70
6
  9
$SURFU
 70
6
  9
$SURFV
 70
6
  9
$UCSBASE
  2

  9
$UCSNAME
  2

  9
$UCSORG
 10
0.0
 20
0.0
 30
0.0
  9
$UCSXDIR
 10
1.0
 20
0.0
 30
0.0
  9
$UCSYDIR
 10
0.0
 20
1.0
 30
0.0
  9
$UCSORTHOREF
  2

  9
$UCSORTHOVIEW
 70
0
  9
$UCSORGTOP
 10
0.0
 20
0.0
 30
0.0
  9
$UCSORGBOTTOM
 10
0.0
 20
0.0
 30
0.0
  9
$UCSORGLEFT
 10
0.0
 20
0.0
 30
0.0
  9
$UCSORGRIGHT
 10
0.0
 20
0.0
 30
0.0
  9
$UCSORGFRONT
 10
0.0
 20
0.0
 30
0.0
  9
$UCSORGBACK
 10
0.0
 20
0.0
 30
0.0
  9
$PUCSBASE
  2

  9
$PUCSNAME
  2

  9
$PUCSORG
 10
0.0
 20
0.0
 30
0.0
  9
$PUCSXDIR
 10
1.0
 20
0.0
 30
0.0
  9
$PUCSYDIR
 10
0.0
 20
1.0
 30
0.0
  9
$PUCSORTHOREF
  2

  9
$PUCSORTHOVIEW
 70
0
  9
$PUCSORGTOP
 10
0.0
 20
0.0
 30
0.0
  9
$PUCSORGBOTTOM
 10
0.0
 20
0.0
 30
0.0
  9
$PUCSORGLEFT
 10
0.0
 20
0.0
 30
0.0
  9
$PUCSORGRIGHT
 10
0.0
 20
0.0
 30
0.0
  9
$PUCSORGFRONT
 10
0.0
 20
0.0
 30
0.0
  9
$PUCSORGBACK
 10
0.0
 20
0.0
 30
0.0
  9
$USERI1
 70
0
  9
$USERI2
 70
0
  9
$USERI3
 70
0
  9
$USERI4
 70
0
  9
$USERI5
 70
0
  9
$USERR1
 40
0.0
  9
$USERR2
 40
0.0
  9
$USERR3
 40
0.0
  9
$USERR4
 40
0.0
  9
$USERR5
 40
0.0
  9
$WORLDVIEW
 70
1
  9
$SHADEDGE
 70
3
  9
$SHADEDIF
 70
70
  9
$TILEMODE
 70
1
  9
$MAXACTVP
 70
64
  9
$PINSBASE
 10
0.0
 20
0.0
 30
0.0
  9
$PLIMCHECK
 70
0
  9
$PEXTMIN
 10
1e+20
 20
1e+20
 30
1e+20
  9
$PEXTMAX
 10
-1e+20
 20
-1e+20
 30
-1e+20
  9
$PLIMMIN
 10
0.0
 20
0.0
  9
$PLIMMAX
 10
420.0
 20
297.0
  9
$UNITMODE
 70
0
  9
$VISRETAIN
 70
1
  9
$PLINEGEN
 70
0
  9
$PSLTSCALE
 70
1
  9
$TREEDEPTH
 70
3020
  9
$CMLSTYLE
  2
Standard
  9
$CMLJUST
 70
0
  9
$CMLSCALE
 40
20.0
  9
$PROXYGRAPHICS
 70
1
  9
$MEASUREMENT
 70
1
  9
$CELWEIGHT
370
-1
  9
$ENDCAPS
280
0
  9
$JOINSTYLE
280
0
  9
$LWDISPLAY
290
0
  9
$INSUNITS
 70
4
  9
$HYPERLINKBASE
  1

  9
$STYLESHEET
  1

  9
$XEDIT
290
1
  9
$CEPSNTYPE
380
0
  9
$PSTYLEMODE
290
1
  9
$FINGERPRINTGUID
  2
{060391B6-5B80-44D0-BCB7-0E14F1916F2A}
  9
$VERSIONGUID
  2
{1B027964-309A-4CD1-9070-CBC52E159572}
  9
$EXTNAMES
290
1
  9
$PSVPSCALE
 40
0.0
  9
$OLESTARTUP
290
0
  9
$SORTENTS
280
127
  9
$INDEXCTL
280
0
  9
$HIDETEXT
280
1
  9
$XCLIPFRAME
280
1
  9
$HALOGAP
280
0
  9
$OBSCOLOR
 70
257
  9
$OBSLTYPE
280
0
  9
$INTERSECTIONDISPLAY
280
0
  9
$INTERSECTIONCOLOR
 70
257
  9
$DIMASSOC
280
2
  9
$PROJECTNAME
  1

  9
$CAMERADISPLAY
290
0
  9
$LENSLENGTH
 40
50.0
  9
$CAMERAHEIGHT
 40
0.0
  9
$STEPSPERSEC
 40
24.0
  9
$STEPSIZE
 40
100.0
  9
$3DDWFPREC
 40
2.0
  9
$PSOLWIDTH
 40
0.005
  9
$PSOLHEIGHT
 40
0.08
  9
$LOFTANG1
 40
1.570796326795
  9
$LOFTANG2
 40
1.570796326795
  9
$LOFTMAG1
 40
0.0
  9
$LOFTMAG2
 40
0.0
  9
$LOFTPARAM
 70
7
  9
$LOFTNORMALS
280
1
  9
$LATITUDE
 40
37.795
  9
$LONGITUDE
 40
-122.394
  9
$NORTHDIRECTION
 40
0.0
  9
$TIMEZONE
 70
-8000
  9
$LIGHTGLYPHDISPLAY
280
1
  9
$TILEMODELIGHTSYNCH
280
1
  9
$CMATERIAL
347
20
  9
$SOLIDHIST
280
0
  9
$SHOWHIST
280
1
  9
$DWFFRAME
280
2
  9
$DGNFRAME
280
2
  9
$REALWORLDSCALE
290
1
  9
$INTERFERECOLOR
 62
256
  9
$CSHADOW
280
0
  9
$SHADOWPLANELOCATION
 40
0.0
  0
ENDSEC
  0
SECTION
  2
CLASSES
  0
CLASS
  1
ACDBDICTIONARYWDFLT
  2
AcDbDictionaryWithDefault
  3
ObjectDBX Classes
 90
0
 91
0
280
0
281
0
  0
CLASS
  1
SUN
  2
AcDbSun
  3
SCENEOE
 90
1153
 91
0
280
0
281
0
  0
CLASS
  1
VISUALSTYLE
  2
AcDbVisualStyle
  3
ObjectDBX Classes
 90
4095
 91
0
280
0
281
0
  0
CLASS
  1
MATERIAL
  2
AcDbMaterial
  3
ObjectDBX Classes
 90
1153
 91
0
280
0
281
0
  0
CLASS
  1
SCALE
  2
AcDbScale
  3
ObjectDBX Classes
 90
1153
 91
0
280
0
281
0
  0
CLASS
  1
TABLESTYLE
  2
AcDbTableStyle
  3
ObjectDBX Classes
 90
4095
 91
0
280
0
281
0
  0
CLASS
  1
MLEADERSTYLE
  2
AcDbMLeaderStyle
  3
ACDB_MLEADERSTYLE_CLASS
 90
4095
 91
0
280
0
281
0
  0
CLASS
  1
DICTIONARYVAR
  2
AcDbDictionaryVar
  3
ObjectDBX Classes
 90
0
 91
0
280
0
281
0
  0
CLASS
  1
CELLSTYLEMAP
  2
AcDbCellStyleMap
  3
ObjectDBX Classes
 90
1152
 91
0
280
0
281
0
  0
CLASS
  1
MENTALRAYRENDERSETTINGS
  2
AcDbMentalRayRenderSettings
  3
SCENEOE
 90
1024
 91
0
280
0
281
0
  0
CLASS
  1
ACDBDETAILVIEWSTYLE
  2
AcDbDetailViewStyle
  3
ObjectDBX Classes
 90
1025
 91
0
280
0
281
0
  0
CLASS
  1
ACDBSECTIONVIEWSTYLE
  2
AcDbSectionViewStyle
  3
ObjectDBX Classes
 90
1025
 91
0
280
0
281
0
  0
CLASS
  1
RASTERVARIABLES
  2
AcDbRasterVariables
  3
ISM
 90
0
 91
0
280
0
281
0
  0
CLASS
  1
LAYOUT
  2
AcDbLayout
  3
ObjectDBX Classes
 90
0
 91
0
280
0
281
0
  0
CLASS
  1
ACDBPLACEHOLDER
  2
AcDbPlaceHolder
  3
ObjectDBX Classes
 90
0
 91
0
280
0
281
0
  0
ENDSEC
  0
SECTION
  2
TABLES
  0
TABLE
  2
VPORT
  5
8
330
0
100
AcDbSymbolTable
 70
1
  0
VPORT
  5
23
330
8
100
AcDbSymbolTableRecord
100
AcDbViewportTableRecord
  2
*Active
 70
0
 10
0.0
 20
0.0
 11
1.0
 21
1.0
 12
0.0
 22
0.0
 13
0.0
 23
0.0
 14
0.5
 24
0.5
 15
0.5
 25
0.5
 16
0.0
 26
0.0
 36
1.0
 17
0.0
 27
0.0
 37
0.0
 40
1000.0
 41
1.34
 42
50.0
 43
0.0
 44
0.0
 50
0.0
 51
0.0
 71
0
 72
1000
 73
1
 74
3
 75
0
 76
0
 77
0
 78
0
281
0
 65
0
146
0.0
  0
ENDTAB
  0
TABLE
  2
LTYPE
  5
2
330
0
100
AcDbSymbolTable
 70
21
  0
LTYPE
  5
24
330
2
100
AcDbSymbolTableRecord
100
AcDbLinetypeTableRecord
  2
ByBlock
 70
0
  3

 72
65
 73
0
 40
0.0
  0
LTYPE
  5
25
330
2
100
AcDbSymbolTableRecord
100
AcDbLinetypeTableRecord
  2
ByLayer
 70
0
  3

 72
65
 73
0
 40
0.0
  0
LTYPE
  5
26
330
2
100
AcDbSymbolTableRecord
100
AcDbLinetypeTableRecord
  2
Continuous
 70
0
  3

 72
65
 73
0
 40
0.0
  0
LTYPE
  5
2F
330
2
100
AcDbSymbolTableRecord
100
AcDbLinetypeTableRecord
  2
CENTER
 70
0
  3
Center ____ _ ____ _ ____ _ ____ _ ____ _ ____
 72
65
 73
4
 40
5.08
 49
3.175
 74
0
 49
-0.635
 74
0
 49
0.635
 74
0
 49
-0.635
 74
0
  0
LTYPE
  5
30
330
2
100
AcDbSymbolTableRecord
100
AcDbLinetypeTableRecord
  2
CENTERX2
 70
0
  3
Center (2x) ________  __  ________  __  ________
 72
65
 73
4
 40
8.89
 49
6.35
 74
0
 49
-0.635
 74
0
 49
1.27
 74
0
 49
-0.635
 74
0
  0
LTYPE
  5
31
330
2
100
AcDbSymbolTableRecord
100
AcDbLinetypeTableRecord
  2
CENTER2
 70
0
  3
Center (.5x) ____ _ ____ _ ____ _ ____ _ ____
 72
65
 73
4
 40
2.54
 49
1.587
 74
0
 49
-0.318
 74
0
 49
0.318
 74
0
 49
-0.318
 74
0
  0
LTYPE
  5
32
330
2
100
AcDbSymbolTableRecord
100
AcDbLinetypeTableRecord
  2
DASHED
 70
0
  3
Dashed __ __ __ __ __ __ __ __ __ __ __ __ __ _
 72
65
 73
2
 40
1.524
 49
1.27
 74
0
 49
-0.254
 74
0
  0
LTYPE
  5
33
330
2
100
AcDbSymbolTableRecord
100
AcDbLinetypeTableRecord
  2
DASHEDX2
 70
0
  3
Dashed (2x) ____  ____  ____  ____  ____  ____
 72
65
 73
2
 40
3.048
 49
2.54
 74
0
 49
-0.508
 74
0
  0
LTYPE
  5
34
330
2
100
AcDbSymbolTableRecord
100
AcDbLinetypeTableRecord
  2
DASHED2
 70
0
  3
Dashed (.5x) _ _ _ _ _ _ _ _ _ _ _ _ _ _
 72
65
 73
2
 40
0.762
 49
0.635
 74
0
 49
-0.127
 74
0
  0
LTYPE
  5
35
330
2
100
AcDbSymbolTableRecord
100
AcDbLinetypeTableRecord
  2
PHANTOM
 70
0
  3
Phantom ______  __  __  ______  __  __  ______
 72
65
 73
6
 40
6.35
 49
3.175
 74
0
 49
-0.635
 74
0
 49
0.635
 74
0
 49
-0.635
 74
0
 49
0.635
 74
0
 49
-0.635
 74
0
  0
LTYPE
  5
36
330
2
100
AcDbSymbolTableRecord
100
AcDbLinetypeTableRecord
  2
PHANTOMX2
 70
0
  3
Phantom (2x)____________    ____    ____    ____________
 72
65
 73
6
 40
10.795
 49
6.35
 74
0
 49
-0.635
 74
0
 49
1.27
 74
0
 49
-0.635
 74
0
 49
1.27
 74
0
 49
-0.635
 74
0
  0
LTYPE
  5
37
330
2
100
AcDbSymbolTableRecord
100
AcDbLinetypeTableRecord
  2
PHANTOM2
 70
0
  3
Phantom (.5x) ___ _ _ ___ _ _ ___ _ _ ___ _ _ ___
 72
65
 73
6
 40
3.175
 49
1.587
 74
0
 49
-0.318
 74
0
 49
0.318
 74
0
 49
-0.318
 74
0
 49
0.318
 74
0
 49
-0.318
 74
0
  0
LTYPE
  5
38
330
2
100
AcDbSymbolTableRecord
100
AcDbLinetypeTableRecord
  2
DASHDOT
 70
0
  3
Dash dot __ . __ . __ . __ . __ . __ . __ . __
 72
65
 73
4
 40
3.556
 49
2.54
 74
0
 49
-0.508
 74
0
 49
0.0
 74
0
 49
-0.508
 74
0
  0
LTYPE
  5
39
330
2
100
AcDbSymbolTableRecord
100
AcDbLinetypeTableRecord
  2
DASHDOTX2
 70
0
  3
Dash dot (2x) ____  .  ____  .  ____  .  ____
 72
65
 73
4
 40
6.096
 49
5.08
 74
0
 49
-0.508
 74
0
 49
0.0
 74
0
 49
-0.508
 74
0
  0
LTYPE
  5
3A
330
2
100
AcDbSymbolTableRecord
100
AcDbLinetypeTableRecord
  2
DASHDOT2
 70
0
  3
Dash dot (.5x) _ . _ . _ . _ . _ . _ . _ . _
 72
65
 73
4
 40
1.778
 49
1.27
 74
0
 49
-0.254
 74
0
 49
0.0
 74
0
 49
-0.254
 74
0
  0
LTYPE
  5
3B
330
2
100
AcDbSymbolTableRecord
100
AcDbLinetypeTableRecord
  2
DOT
 70
0
  3
Dot .  .  .  .  .  .  .  .  .  .  .  .  .  .  .  .
 72
65
 73
2
 40
0.508
 49
0.0
 74
0
 49
-0.508
 74
0
  0
LTYPE
  5
3C
330
2
100
AcDbSymbolTableRecord
100
AcDbLinetypeTableRecord
  2
DOTX2
 70
0
  3
Dot (2x) .    .    .    .    .    .    .    . 
 72
65
 73
2
 40
1.016
 49
0.0
 74
0
 49
-1.016
 74
0
  0
LTYPE
  5
3D
330
2
100
AcDbSymbolTableRecord
100
AcDbLinetypeTableRecord
  2
DOT2
 70
0
  3
Dot (.5) . . . . . . . . . . . . . . . . . . . 
 72
65
 73
2
 40
0.254
 49
0.0
 74
0
 49
-0.254
 74
0
  0
LTYPE
  5
3E
330
2
100
AcDbSymbolTableRecord
100
AcDbLinetypeTableRecord
  2
DIVIDE
 70
0
  3
Divide __ . . __ . . __ . . __ . . __ . . __
 72
65
 73
6
 40
4.064
 49
2.54
 74
0
 49
-0.508
 74
0
 49
0.0
 74
0
 49
-0.508
 74
0
 49
0.0
 74
0
 49
-0.508
 74
0
  0
LTYPE
  5
3F
330
2
100
AcDbSymbolTableRecord
100
AcDbLinetypeTableRecord
  2
DIVIDEX2
 70
0
  3
Divide (2x) ____  . .  ____  . .  ____  . .  ____
 72
65
 73
6
 40
6.604
 49
5.08
 74
0
 49
-0.508
 74
0
 49
0.0
 74
0
 49
-0.508
 74
0
 49
0.0
 74
0
 49
-0.508
 74
0
  0
LTYPE
  5
40
330
2
100
AcDbSymbolTableRecord
100
AcDbLinetypeTableRecord
  2
DIVIDE2
 70
0
  3
Divide(.5x) _ . _ . _ . _ . _ . _ . _ . _
 72
65
 73
6
 40
2.032
 49
1.27
 74
0
 49
-0.254
 74
0
 49
0.0
 74
0
 49
-0.254
 74
0
 49
0.0
 74
0
 49
-0.254
 74
0
  0
ENDTAB
  0
TABLE
  2
LAYER
  5
1
330
0
100
AcDbSymbolTable
 70
26
  0
LAYER
  5
27
330
1
100
AcDbSymbolTableRecord
100
AcDbLayerTableRecord
  2
0
 70
0
 62
7
  6
Continuous
370
-3
390
13
347
21
  0
LAYER
  5
28
330
1
100
AcDbSymbolTableRecord
100
AcDbLayerTableRecord
  2
Defpoints
 70
0
 62
7
  6
Continuous
290
0
370
-3
390
13
347
21
  0
LAYER
  5
8A
330
1
100
AcDbSymbolTableRecord
100
AcDbLayerTableRecord
  2
S-CONCRETE
 70
0
 62
7
  6
Continuous
370
-3
390
13
347
21
1001
AcAecLayerStandard
1000

1000
Structural concrete outlines (cut)
  0
LAYER
  5
8C
330
1
100
AcDbSymbolTableRecord
100
AcDbLayerTableRecord
  2
S-CONCRETE-THIN
 70
0
 62
7
  6
Continuous
370
-3
390
13
347
21
1001
AcAecLayerStandard
1000

1000
Concrete beyond the cut plane
  0
LAYER
  5
8D
330
1
100
AcDbSymbolTableRecord
100
AcDbLayerTableRecord
  2
S-HIDDEN
 70
0
 62
8
  6
Continuous
370
-3
390
13
347
21
1001
AcAecLayerStandard
1000

1000
Concrete / features beyond, hidden
  0
LAYER
  5
8E
330
1
100
AcDbSymbolTableRecord
100
AcDbLayerTableRecord
  2
S-REBAR-MAIN
 70
0
 62
1
  6
Continuous
370
-3
390
13
347
21
1001
AcAecLayerStandard
1000

1000
Main reinforcement
  0
LAYER
  5
8F
330
1
100
AcDbSymbolTableRecord
100
AcDbLayerTableRecord
  2
S-REBAR-DIST
 70
0
 62
3
  6
Continuous
370
-3
390
13
347
21
1001
AcAecLayerStandard
1000

1000
Distribution reinforcement
  0
LAYER
  5
90
330
1
100
AcDbSymbolTableRecord
100
AcDbLayerTableRecord
  2
S-REBAR-STIRRUP
 70
0
 62
6
  6
Continuous
370
-3
390
13
347
21
1001
AcAecLayerStandard
1000

1000
Links and stirrups
  0
LAYER
  5
91
330
1
100
AcDbSymbolTableRecord
100
AcDbLayerTableRecord
  2
S-REBAR-TIE
 70
0
 62
6
  6
Continuous
370
-3
390
13
347
21
1001
AcAecLayerStandard
1000

1000
Ties, cross-ties, starters
  0
LAYER
  5
92
330
1
100
AcDbSymbolTableRecord
100
AcDbLayerTableRecord
  2
S-REBAR-SEC
 70
0
 62
4
  6
Continuous
370
-3
390
13
347
21
1001
AcAecLayerStandard
1000

1000
Trimmers, secondary and additional bars
  0
LAYER
  5
93
330
1
100
AcDbSymbolTableRecord
100
AcDbLayerTableRecord
  2
S-DIM
 70
0
 62
4
  6
Continuous
370
-3
390
13
347
21
1001
AcAecLayerStandard
1000

1000
Dimensions
  0
LAYER
  5
94
330
1
100
AcDbSymbolTableRecord
100
AcDbLayerTableRecord
  2
S-TEXT
 70
0
 62
7
  6
Continuous
370
-3
390
13
347
21
1001
AcAecLayerStandard
1000

1000
General annotation
  0
LAYER
  5
95
330
1
100
AcDbSymbolTableRecord
100
AcDbLayerTableRecord
  2
S-NOTE
 70
0
 62
7
  6
Continuous
370
-3
390
13
347
21
1001
AcAecLayerStandard
1000

1000
Note panels
  0
LAYER
  5
96
330
1
100
AcDbSymbolTableRecord
100
AcDbLayerTableRecord
  2
S-CALLOUT
 70
0
 62
2
  6
Continuous
370
-3
390
13
347
21
1001
AcAecLayerStandard
1000

1000
Bar-mark balloons and leaders
  0
LAYER
  5
97
330
1
100
AcDbSymbolTableRecord
100
AcDbLayerTableRecord
  2
S-SECTION
 70
0
 62
1
  6
Continuous
370
-3
390
13
347
21
1001
AcAecLayerStandard
1000

1000
Section and detail markers
  0
LAYER
  5
98
330
1
100
AcDbSymbolTableRecord
100
AcDbLayerTableRecord
  2
S-GRID
 70
0
 62
5
  6
Continuous
370
-3
390
13
347
21
1001
AcAecLayerStandard
1000

1000
Grid lines and bubbles
  0
LAYER
  5
99
330
1
100
AcDbSymbolTableRecord
100
AcDbLayerTableRecord
  2
S-CENTER
 70
0
 62
6
  6
Continuous
370
-3
390
13
347
21
1001
AcAecLayerStandard
1000

1000
Centrelines
  0
LAYER
  5
9A
330
1
100
AcDbSymbolTableRecord
100
AcDbLayerTableRecord
  2
S-HATCH
 70
0
 62
8
  6
Continuous
370
-3
390
13
347
21
1001
AcAecLayerStandard
1000

1000
Section hatch
  0
LAYER
  5
9B
330
1
100
AcDbSymbolTableRecord
100
AcDbLayerTableRecord
  2
S-TITLE
 70
0
 62
7
  6
Continuous
370
-3
390
13
347
21
1001
AcAecLayerStandard
1000

1000
Border, title block, view titles
  0
LAYER
  5
9C
330
1
100
AcDbSymbolTableRecord
100
AcDbLayerTableRecord
  2
S-EXISTING
 70
0
 62
8
  6
Continuous
370
-3
390
13
347
21
1001
AcAecLayerStandard
1000

1000
Soil, rock, berm, cover layers
  0
LAYER
  5
9D
330
1
100
AcDbSymbolTableRecord
100
AcDbLayerTableRecord
  2
S-REFERENCE
 70
0
 62
8
  6
Continuous
370
-3
390
13
347
21
1001
AcAecLayerStandard
1000

1000
Reference geometry, extents
  0
LAYER
  5
9E
330
1
100
AcDbSymbolTableRecord
100
AcDbLayerTableRecord
  2
S-WATERPROOF
 70
0
 62
30
  6
Continuous
370
-3
390
13
347
21
1001
AcAecLayerStandard
1000

1000
Membranes, waterstops, GWT
  0
LAYER
  5
9F
330
1
100
AcDbSymbolTableRecord
100
AcDbLayerTableRecord
  2
S-STEELWORK
 70
0
 62
2
  6
Continuous
370
-3
390
13
347
21
1001
AcAecLayerStandard
1000

1000
Cast-in frames, EMP straps, steel items
  0
LAYER
  5
A0
330
1
100
AcDbSymbolTableRecord
100
AcDbLayerTableRecord
  2
S-LEVEL
 70
0
 62
4
  6
Continuous
370
-3
390
13
347
21
1001
AcAecLayerStandard
1000

1000
Level markers
  0
LAYER
  5
A1
330
1
100
AcDbSymbolTableRecord
100
AcDbLayerTableRecord
  2
S-TABLE
 70
0
 62
7
  6
Continuous
370
-3
390
13
347
21
1001
AcAecLayerStandard
1000

1000
Tables and schedules
  0
LAYER
  5
A2
330
1
100
AcDbSymbolTableRecord
100
AcDbLayerTableRecord
  2
S-BLAST
 70
0
 62
1
  6
Continuous
370
-3
390
13
347
21
1001
AcAecLayerStandard
1000

1000
Blast arrows, findings, warnings
  0
ENDTAB
  0
TABLE
  2
STYLE
  5
5
330
0
100
AcDbSymbolTable
 70
26
  0
STYLE
  5
29
330
5
100
AcDbSymbolTableRecord
100
AcDbTextStyleTableRecord
  2
Standard
 70
0
 40
0.0
 41
1.0
 50
0.0
 71
0
 42
2.5
  3
txt
  4

  0
STYLE
  5
41
330
5
100
AcDbSymbolTableRecord
100
AcDbTextStyleTableRecord
  2
OpenSans-Light
 70
0
 40
0.0
 41
1.0
 50
0.0
 71
0
 42
2.5
  3
OpenSans-Light.ttf
  4

  0
STYLE
  5
42
330
5
100
AcDbSymbolTableRecord
100
AcDbTextStyleTableRecord
  2
OpenSans-Light-Italic
 70
0
 40
0.0
 41
1.0
 50
0.0
 71
0
 42
2.5
  3
OpenSans-LightItalic.ttf
  4

  0
STYLE
  5
43
330
5
100
AcDbSymbolTableRecord
100
AcDbTextStyleTableRecord
  2
OpenSans
 70
0
 40
0.0
 41
1.0
 50
0.0
 71
0
 42
2.5
  3
OpenSans-Regular.ttf
  4

  0
STYLE
  5
44
330
5
100
AcDbSymbolTableRecord
100
AcDbTextStyleTableRecord
  2
OpenSans-Italic
 70
0
 40
0.0
 41
1.0
 50
0.0
 71
0
 42
2.5
  3
OpenSans-Italic.ttf
  4

  0
STYLE
  5
45
330
5
100
AcDbSymbolTableRecord
100
AcDbTextStyleTableRecord
  2
OpenSans-SemiBold
 70
0
 40
0.0
 41
1.0
 50
0.0
 71
0
 42
2.5
  3
OpenSans-SemiBold.ttf
  4

  0
STYLE
  5
46
330
5
100
AcDbSymbolTableRecord
100
AcDbTextStyleTableRecord
  2
OpenSans-SemiBoldItalic
 70
0
 40
0.0
 41
1.0
 50
0.0
 71
0
 42
2.5
  3
OpenSans-SemiBoldItalic.ttf
  4

  0
STYLE
  5
47
330
5
100
AcDbSymbolTableRecord
100
AcDbTextStyleTableRecord
  2
OpenSans-Bold
 70
0
 40
0.0
 41
1.0
 50
0.0
 71
0
 42
2.5
  3
OpenSans-Bold.ttf
  4

  0
STYLE
  5
48
330
5
100
AcDbSymbolTableRecord
100
AcDbTextStyleTableRecord
  2
OpenSans-BoldItalic
 70
0
 40
0.0
 41
1.0
 50
0.0
 71
0
 42
2.5
  3
OpenSans-BoldItalic.ttf
  4

  0
STYLE
  5
49
330
5
100
AcDbSymbolTableRecord
100
AcDbTextStyleTableRecord
  2
OpenSans-ExtraBold
 70
0
 40
0.0
 41
1.0
 50
0.0
 71
0
 42
2.5
  3
OpenSans-ExtraBold.ttf
  4

  0
STYLE
  5
4A
330
5
100
AcDbSymbolTableRecord
100
AcDbTextStyleTableRecord
  2
OpenSans-ExtraBoldItalic
 70
0
 40
0.0
 41
1.0
 50
0.0
 71
0
 42
2.5
  3
OpenSans-ExtraBoldItalic.ttf
  4

  0
STYLE
  5
4B
330
5
100
AcDbSymbolTableRecord
100
AcDbTextStyleTableRecord
  2
OpenSansCondensed-Bold
 70
0
 40
0.0
 41
1.0
 50
0.0
 71
0
 42
2.5
  3
OpenSansCondensed-Bold.ttf
  4

  0
STYLE
  5
4C
330
5
100
AcDbSymbolTableRecord
100
AcDbTextStyleTableRecord
  2
OpenSansCondensed-Light
 70
0
 40
0.0
 41
1.0
 50
0.0
 71
0
 42
2.5
  3
OpenSansCondensed-Light.ttf
  4

  0
STYLE
  5
4D
330
5
100
AcDbSymbolTableRecord
100
AcDbTextStyleTableRecord
  2
OpenSansCondensed-Italic
 70
0
 40
0.0
 41
1.0
 50
0.0
 71
0
 42
2.5
  3
OpenSansCondensed-LightItalic.ttf
  4

  0
STYLE
  5
4E
330
5
100
AcDbSymbolTableRecord
100
AcDbTextStyleTableRecord
  2
LiberationSans
 70
0
 40
0.0
 41
1.0
 50
0.0
 71
0
 42
2.5
  3
LiberationSans-Regular.ttf
  4

  0
STYLE
  5
4F
330
5
100
AcDbSymbolTableRecord
100
AcDbTextStyleTableRecord
  2
LiberationSans-Bold
 70
0
 40
0.0
 41
1.0
 50
0.0
 71
0
 42
2.5
  3
LiberationSans-Bold.ttf
  4

  0
STYLE
  5
50
330
5
100
AcDbSymbolTableRecord
100
AcDbTextStyleTableRecord
  2
LiberationSans-BoldItalic
 70
0
 40
0.0
 41
1.0
 50
0.0
 71
0
 42
2.5
  3
LiberationSans-BoldItalic.ttf
  4

  0
STYLE
  5
51
330
5
100
AcDbSymbolTableRecord
100
AcDbTextStyleTableRecord
  2
LiberationSans-Italic
 70
0
 40
0.0
 41
1.0
 50
0.0
 71
0
 42
2.5
  3
LiberationSans-Italic.ttf
  4

  0
STYLE
  5
52
330
5
100
AcDbSymbolTableRecord
100
AcDbTextStyleTableRecord
  2
LiberationSerif
 70
0
 40
0.0
 41
1.0
 50
0.0
 71
0
 42
2.5
  3
LiberationSerif-Regular.ttf
  4

  0
STYLE
  5
53
330
5
100
AcDbSymbolTableRecord
100
AcDbTextStyleTableRecord
  2
LiberationSerif-Bold
 70
0
 40
0.0
 41
1.0
 50
0.0
 71
0
 42
2.5
  3
LiberationSerif-Bold.ttf
  4

  0
STYLE
  5
54
330
5
100
AcDbSymbolTableRecord
100
AcDbTextStyleTableRecord
  2
LiberationSerif-BoldItalic
 70
0
 40
0.0
 41
1.0
 50
0.0
 71
0
 42
2.5
  3
LiberationSerif-BoldItalic.ttf
  4

  0
STYLE
  5
55
330
5
100
AcDbSymbolTableRecord
100
AcDbTextStyleTableRecord
  2
LiberationSerif-Italic
 70
0
 40
0.0
 41
1.0
 50
0.0
 71
0
 42
2.5
  3
LiberationSerif-Italic.ttf
  4

  0
STYLE
  5
56
330
5
100
AcDbSymbolTableRecord
100
AcDbTextStyleTableRecord
  2
LiberationMono
 70
0
 40
0.0
 41
1.0
 50
0.0
 71
0
 42
2.5
  3
LiberationMono-Regular.ttf
  4

  0
STYLE
  5
57
330
5
100
AcDbSymbolTableRecord
100
AcDbTextStyleTableRecord
  2
LiberationMono-Bold
 70
0
 40
0.0
 41
1.0
 50
0.0
 71
0
 42
2.5
  3
LiberationMono-Bold.ttf
  4

  0
STYLE
  5
58
330
5
100
AcDbSymbolTableRecord
100
AcDbTextStyleTableRecord
  2
LiberationMono-BoldItalic
 70
0
 40
0.0
 41
1.0
 50
0.0
 71
0
 42
2.5
  3
LiberationMono-BoldItalic.ttf
  4

  0
STYLE
  5
59
330
5
100
AcDbSymbolTableRecord
100
AcDbTextStyleTableRecord
  2
LiberationMono-Italic
 70
0
 40
0.0
 41
1.0
 50
0.0
 71
0
 42
2.5
  3
LiberationMono-Italic.ttf
  4

  0
ENDTAB
  0
TABLE
  2
VIEW
  5
7
330
0
100
AcDbSymbolTable
 70
0
  0
ENDTAB
  0
TABLE
  2
UCS
  5
6
330
0
100
AcDbSymbolTable
 70
0
  0
ENDTAB
  0
TABLE
  2
APPID
  5
3
330
0
100
AcDbSymbolTable
 70
4
  0
APPID
  5
2A
330
3
100
AcDbSymbolTableRecord
100
AcDbRegAppTableRecord
  2
ACAD
 70
0
  0
APPID
  5
8B
330
3
100
AcDbSymbolTableRecord
100
AcDbRegAppTableRecord
  2
AcAecLayerStandard
 70
0
  0
APPID
  5
28A
330
3
100
AcDbSymbolTableRecord
100
AcDbRegAppTableRecord
  2
HATCHBACKGROUNDCOLOR
 70
0
  0
APPID
  5
28B
330
3
100
AcDbSymbolTableRecord
100
AcDbRegAppTableRecord
  2
EZDXF
 70
0
  0
ENDTAB
  0
TABLE
  2
DIMSTYLE
  5
4
330
0
100
AcDbSymbolTable
 70
14
100
AcDbDimStyleTable
  0
DIMSTYLE
105
2B
330
4
100
AcDbSymbolTableRecord
100
AcDbDimStyleTableRecord
  2
Standard
 70
0
 40
1.0
 41
2.5
 42
0.625
 43
3.75
 44
1.25
 45
0.0
 46
0.0
 47
0.0
 48
0.0
 49
2.5
140
2.5
141
2.5
142
0.0
143
0.03937007874
144
1.0
145
0.0
146
1.0
147
0.625
148
0.0
 69
0
 70
0
 71
0
 72
0
 73
0
 74
0
 75
0
 76
0
 77
1
 78
8
 79
3
170
0
171
3
172
1
173
0
174
0
175
0
176
0
177
0
178
0
179
2
271
2
272
2
273
2
274
3
275
0
276
0
277
2
278
44
279
0
280
0
281
0
282
0
283
0
284
8
285
0
286
0
288
0
289
3
290
0
371
-2
372
-2
  0
DIMSTYLE
105
73
330
4
100
AcDbSymbolTableRecord
100
AcDbDimStyleTableRecord
  2
EZDXF
 70
0
 40
1.0
 41
0.175
 42
0.125
 43
3.75
 44
0.375
 45
0.0
 46
0.0
 47
0.0
 48
0.0
 49
2.5
140
0.25
141
2.5
142
0.0
143
0.03937007874
144
100.0
145
0.0
146
0.5
147
0.1
148
0.0
 69
0
 70
0
 71
0
 72
0
 73
0
 74
0
 75
0
 76
0
 77
1
 78
12
 79
3
170
0
171
3
172
1
173
0
174
0
175
0
176
0
177
0
178
0
179
2
271
2
272
2
273
2
274
3
275
0
276
0
277
2
278
46
279
2
280
0
281
0
282
0
283
0
284
8
285
0
286
0
288
1
289
3
290
0
340
4C
342
74
371
-2
372
-2
  0
DIMSTYLE
105
7C
330
4
100
AcDbSymbolTableRecord
100
AcDbDimStyleTableRecord
  2
EZ_M_100_H25_CM
 70
0
 40
1.0
 41
0.25
 42
0.125
 43
3.75
 44
0.375
 45
0.0
 46
0.0
 47
0.0
 48
0.0
 49
2.5
140
0.25
141
2.5
142
0.125
143
0.03937007874
144
100.0
145
0.0
146
0.5
147
0.1
148
0.0
 69
0
 70
0
 71
0
 72
0
 73
0
 74
0
 75
0
 76
0
 77
1
 78
12
 79
3
170
0
171
3
172
1
173
0
174
0
175
0
176
0
177
0
178
0
179
2
271
2
272
2
273
2
274
3
275
0
276
0
277
2
278
46
279
2
280
0
281
0
282
0
283
0
284
8
285
0
286
0
288
1
289
3
290
0
340
4C
371
-2
372
-2
  0
DIMSTYLE
105
7D
330
4
100
AcDbSymbolTableRecord
100
AcDbDimStyleTableRecord
  2
EZ_M_50_H25_CM
 70
0
 40
1.0
 41
0.125
 42
0.0625
 43
3.75
 44
0.1875
 45
0.0
 46
0.0
 47
0.0
 48
0.0
 49
2.5
140
0.125
141
2.5
142
0.0625
143
0.03937007874
144
100.0
145
0.0
146
0.5
147
0.05
148
0.0
 69
0
 70
0
 71
0
 72
0
 73
0
 74
0
 75
0
 76
0
 77
1
 78
12
 79
3
170
0
171
3
172
1
173
0
174
0
175
0
176
0
177
0
178
0
179
2
271
2
272
2
273
2
274
3
275
0
276
0
277
2
278
46
279
2
280
0
281
0
282
0
283
0
284
8
285
0
286
0
288
1
289
3
290
0
340
4C
371
-2
372
-2
  0
DIMSTYLE
105
7E
330
4
100
AcDbSymbolTableRecord
100
AcDbDimStyleTableRecord
  2
EZ_M_25_H25_CM
 70
0
 40
1.0
 41
0.0625
 42
0.03125
 43
3.75
 44
0.09375
 45
0.0
 46
0.0
 47
0.0
 48
0.0
 49
2.5
140
0.0625
141
2.5
142
0.03125
143
0.03937007874
144
100.0
145
0.0
146
0.5
147
0.025
148
0.0
 69
0
 70
0
 71
0
 72
0
 73
0
 74
0
 75
0
 76
0
 77
1
 78
12
 79
3
170
0
171
3
172
1
173
0
174
0
175
0
176
0
177
0
178
0
179
2
271
2
272
2
273
2
274
3
275
0
276
0
277
2
278
46
279
2
280
0
281
0
282
0
283
0
284
8
285
0
286
0
288
1
289
3
290
0
340
4C
371
-2
372
-2
  0
DIMSTYLE
105
7F
330
4
100
AcDbSymbolTableRecord
100
AcDbDimStyleTableRecord
  2
EZ_M_20_H25_CM
 70
0
 40
1.0
 41
0.05
 42
0.025
 43
3.75
 44
0.07500000000000001
 45
0.0
 46
0.0
 47
0.0
 48
0.0
 49
2.5
140
0.05
141
2.5
142
0.025
143
0.03937007874
144
100.0
145
0.0
146
0.5
147
0.020000000000000004
148
0.0
 69
0
 70
0
 71
0
 72
0
 73
0
 74
0
 75
0
 76
0
 77
1
 78
12
 79
3
170
0
171
3
172
1
173
0
174
0
175
0
176
0
177
0
178
0
179
2
271
2
272
2
273
2
274
3
275
0
276
0
277
2
278
46
279
2
280
0
281
0
282
0
283
0
284
8
285
0
286
0
288
1
289
3
290
0
340
4C
371
-2
372
-2
  0
DIMSTYLE
105
80
330
4
100
AcDbSymbolTableRecord
100
AcDbDimStyleTableRecord
  2
EZ_M_10_H25_CM
 70
0
 40
1.0
 41
0.025
 42
0.0125
 43
3.75
 44
0.037500000000000006
 45
0.0
 46
0.0
 47
0.0
 48
0.0
 49
2.5
140
0.025
141
2.5
142
0.0125
143
0.03937007874
144
100.0
145
0.0
146
0.5
147
0.010000000000000002
148
0.0
 69
0
 70
0
 71
0
 72
0
 73
0
 74
0
 75
0
 76
0
 77
1
 78
12
 79
3
170
0
171
3
172
1
173
0
174
0
175
0
176
0
177
0
178
0
179
2
271
2
272
2
273
2
274
3
275
0
276
0
277
2
278
46
279
2
280
0
281
0
282
0
283
0
284
8
285
0
286
0
288
1
289
3
290
0
340
4C
371
-2
372
-2
  0
DIMSTYLE
105
81
330
4
100
AcDbSymbolTableRecord
100
AcDbDimStyleTableRecord
  2
EZ_M_5_H25_CM
 70
0
 40
1.0
 41
0.0125
 42
0.00625
 43
3.75
 44
0.018750000000000003
 45
0.0
 46
0.0
 47
0.0
 48
0.0
 49
2.5
140
0.0125
141
2.5
142
0.00625
143
0.03937007874
144
100.0
145
0.0
146
0.5
147
0.005000000000000001
148
0.0
 69
0
 70
0
 71
0
 72
0
 73
0
 74
0
 75
0
 76
0
 77
1
 78
12
 79
3
170
0
171
3
172
1
173
0
174
0
175
0
176
0
177
0
178
0
179
2
271
2
272
2
273
2
274
3
275
0
276
0
277
2
278
46
279
2
280
0
281
0
282
0
283
0
284
8
285
0
286
0
288
1
289
3
290
0
340
4C
371
-2
372
-2
  0
DIMSTYLE
105
82
330
4
100
AcDbSymbolTableRecord
100
AcDbDimStyleTableRecord
  2
EZ_M_1_H25_CM
 70
0
 40
1.0
 41
0.0025
 42
0.00125
 43
3.75
 44
0.00375
 45
0.0
 46
0.0
 47
0.0
 48
0.0
 49
2.5
140
0.0025
141
2.5
142
0.00125
143
0.03937007874
144
100.0
145
0.0
146
0.5
147
0.001
148
0.0
 69
0
 70
0
 71
0
 72
0
 73
0
 74
0
 75
0
 76
0
 77
1
 78
12
 79
3
170
0
171
3
172
1
173
0
174
0
175
0
176
0
177
0
178
0
179
2
271
2
272
2
273
2
274
3
275
0
276
0
277
2
278
46
279
2
280
0
281
0
282
0
283
0
284
8
285
0
286
0
288
1
289
3
290
0
340
4C
371
-2
372
-2
  0
DIMSTYLE
105
83
330
4
100
AcDbSymbolTableRecord
100
AcDbDimStyleTableRecord
  2
EZ_RADIUS
 70
0
 40
1.0
 41
0.25
 42
0.125
 43
3.75
 44
0.375
 45
0.0
 46
0.0
 47
0.0
 48
0.0
 49
2.5
140
0.25
141
0.0
142
0.0
143
0.03937007874
144
100.0
145
0.0
146
0.5
147
0.1
148
0.0
 69
0
 70
0
 71
0
 72
0
 73
0
 74
0
 75
0
 76
0
 77
1
 78
12
 79
3
170
0
171
3
172
0
173
0
174
0
175
0
176
0
177
0
178
0
179
2
271
2
272
2
273
2
274
3
275
0
276
0
277
2
278
46
279
1
280
0
281
0
282
0
283
0
284
8
285
0
286
0
288
1
289
3
290
0
340
4C
342
84
371
-2
372
-2
  0
DIMSTYLE
105
88
330
4
100
AcDbSymbolTableRecord
100
AcDbDimStyleTableRecord
  2
EZ_RADIUS_INSIDE
 70
0
 40
1.0
 41
0.25
 42
0.125
 43
3.75
 44
0.375
 45
0.0
 46
0.0
 47
0.0
 48
0.0
 49
2.5
140
0.25
141
0.0
142
0.0
143
0.03937007874
144
100.0
145
0.0
146
0.5
147
0.1
148
0.0
 69
0
 70
0
 71
0
 72
0
 73
0
 74
0
 75
0
 76
0
 77
0
 78
12
 79
3
170
0
171
3
172
0
173
0
174
1
175
0
176
0
177
0
178
0
179
2
271
2
272
2
273
2
274
3
275
0
276
0
277
2
278
46
279
0
280
0
281
0
282
0
283
0
284
8
285
0
286
0
288
1
289
0
290
0
340
4C
342
84
371
-2
372
-2
  0
DIMSTYLE
105
89
330
4
100
AcDbSymbolTableRecord
100
AcDbDimStyleTableRecord
  2
EZ_CURVED
 70
0
 40
1.0
 41
0.25
 42
0.125
 43
3.75
 44
0.375
 45
0.0
 46
0.0
 47
0.0
 48
0.0
 49
2.5
140
0.25
141
2.5
142
0.0
143
0.03937007874
144
100.0
145
0.0
146
0.5
147
0.1
148
0.0
 69
0
 70
0
 71
0
 72
0
 73
0
 74
0
 75
0
 76
0
 77
1
 78
12
 79
2
 90
2
170
0
171
3
172
1
173
0
174
0
175
0
176
0
177
0
178
0
179
2
271
2
272
2
273
2
274
3
275
0
276
0
277
2
278
46
279
2
280
0
281
0
282
0
283
0
284
8
285
0
286
0
288
1
289
3
290
0
340
4C
371
-2
372
-2
  0
DIMSTYLE
105
A3
330
4
100
AcDbSymbolTableRecord
100
AcDbDimStyleTableRecord
  2
SC-DIM
 70
0
 40
1.0
 41
1.6
 42
1.0
 43
3.75
 44
1.2
 45
0.0
 46
0.0
 47
0.0
 48
0.0
 49
2.5
140
1.8
141
2.5
142
0.0
143
0.03937007874
144
1.0
145
0.0
146
1.0
147
0.8
148
0.0
 69
0
 70
0
 71
0
 72
0
 73
0
 74
0
 75
0
 76
0
 77
1
 78
8
 79
3
170
0
171
3
172
1
173
0
174
0
175
0
176
4
177
4
178
4
179
2
271
0
272
2
273
2
274
3
275
0
276
0
277
2
278
44
279
0
280
0
281
0
282
0
283
0
284
8
285
0
286
0
288
0
289
3
290
0
342
74
371
13
372
13
  0
DIMSTYLE
105
A4
330
4
100
AcDbSymbolTableRecord
100
AcDbDimStyleTableRecord
  2
SC-DIM-S
 70
0
 40
1.0
 41
1.2
 42
1.0
 43
3.75
 44
1.2
 45
0.0
 46
0.0
 47
0.0
 48
0.0
 49
2.5
140
1.4
141
2.5
142
0.0
143
0.03937007874
144
1.0
145
0.0
146
1.0
147
0.8
148
0.0
 69
0
 70
0
 71
0
 72
0
 73
0
 74
0
 75
0
 76
0
 77
1
 78
8
 79
3
170
0
171
3
172
1
173
0
174
0
175
0
176
4
177
4
178
4
179
2
271
0
272
2
273
2
274
3
275
0
276
0
277
2
278
44
279
0
280
0
281
0
282
0
283
0
284
8
285
0
286
0
288
0
289
3
290
0
342
74
371
13
372
13
  0
ENDTAB
  0
TABLE
  2
BLOCK_RECORD
  5
9
330
0
100
AcDbSymbolTable
 70
19
  0
BLOCK_RECORD
  5
17
330
9
100
AcDbSymbolTableRecord
100
AcDbBlockTableRecord
  2
*Model_Space
340
1A
 70
0
280
1
281
0
  0
BLOCK_RECORD
  5
1B
330
9
100
AcDbSymbolTableRecord
100
AcDbBlockTableRecord
  2
*Paper_Space
340
1E
 70
0
280
1
281
0
  0
BLOCK_RECORD
  5
74
330
9
100
AcDbSymbolTableRecord
100
AcDbBlockTableRecord
  2
_ARCHTICK
340
0
 70
0
280
1
281
0
  0
BLOCK_RECORD
  5
78
330
9
100
AcDbSymbolTableRecord
100
AcDbBlockTableRecord
  2
_CLOSEDFILLED
340
0
 70
0
280
1
281
0
  0
BLOCK_RECORD
  5
84
330
9
100
AcDbSymbolTableRecord
100
AcDbBlockTableRecord
  2
_CLOSEDBLANK
340
0
 70
0
280
1
281
0
  0
BLOCK_RECORD
  5
A5
330
9
100
AcDbSymbolTableRecord
100
AcDbBlockTableRecord
  2
BARMARK
340
0
 70
0
280
1
281
0
  0
BLOCK_RECORD
  5
A9
330
9
100
AcDbSymbolTableRecord
100
AcDbBlockTableRecord
  2
SECMARK
340
0
 70
0
280
1
281
0
  0
BLOCK_RECORD
  5
AE
330
9
100
AcDbSymbolTableRecord
100
AcDbBlockTableRecord
  2
LEVELMK
340
0
 70
0
280
1
281
0
  0
BLOCK_RECORD
  5
B2
330
9
100
AcDbSymbolTableRecord
100
AcDbBlockTableRecord
  2
NORTH
340
0
 70
0
280
1
281
0
  0
BLOCK_RECORD
  5
D6
330
9
100
AcDbSymbolTableRecord
100
AcDbBlockTableRecord
  2
*D1
340
0
 70
0
280
1
281
0
  0
BLOCK_RECORD
  5
E5
330
9
100
AcDbSymbolTableRecord
100
AcDbBlockTableRecord
  2
*D2
340
0
 70
0
280
1
281
0
  0
BLOCK_RECORD
  5
F4
330
9
100
AcDbSymbolTableRecord
100
AcDbBlockTableRecord
  2
*D3
340
0
 70
0
280
1
281
0
  0
BLOCK_RECORD
  5
128
330
9
100
AcDbSymbolTableRecord
100
AcDbBlockTableRecord
  2
*D4
340
0
 70
0
280
1
281
0
  0
BLOCK_RECORD
  5
137
330
9
100
AcDbSymbolTableRecord
100
AcDbBlockTableRecord
  2
*D5
340
0
 70
0
280
1
281
0
  0
BLOCK_RECORD
  5
17F
330
9
100
AcDbSymbolTableRecord
100
AcDbBlockTableRecord
  2
*D6
340
0
 70
0
280
1
281
0
  0
BLOCK_RECORD
  5
18E
330
9
100
AcDbSymbolTableRecord
100
AcDbBlockTableRecord
  2
*D7
340
0
 70
0
280
1
281
0
  0
BLOCK_RECORD
  5
19D
330
9
100
AcDbSymbolTableRecord
100
AcDbBlockTableRecord
  2
*D8
340
0
 70
0
280
1
281
0
  0
BLOCK_RECORD
  5
1C8
330
9
100
AcDbSymbolTableRecord
100
AcDbBlockTableRecord
  2
*D9
340
0
 70
0
280
1
281
0
  0
BLOCK_RECORD
  5
1D7
330
9
100
AcDbSymbolTableRecord
100
AcDbBlockTableRecord
  2
*D10
340
0
 70
0
280
1
281
0
  0
ENDTAB
  0
ENDSEC
  0
SECTION
  2
BLOCKS
  0
BLOCK
  5
18
330
17
100
AcDbEntity
  8
0
100
AcDbBlockBegin
  2
*Model_Space
 70
0
 10
0.0
 20
0.0
 30
0.0
  3
*Model_Space
  1

  0
ENDBLK
  5
19
330
17
100
AcDbEntity
  8
0
100
AcDbBlockEnd
  0
BLOCK
  5
1C
330
1B
100
AcDbEntity
  8
0
100
AcDbBlockBegin
  2
*Paper_Space
 70
0
 10
0.0
 20
0.0
 30
0.0
  3
*Paper_Space
  1

  0
ENDBLK
  5
1D
330
1B
100
AcDbEntity
  8
0
100
AcDbBlockEnd
  0
BLOCK
  5
75
330
74
100
AcDbEntity
  8
0
100
AcDbBlockBegin
  2
_ARCHTICK
 70
0
 10
0.0
 20
0.0
 30
0.0
  3
_ARCHTICK
  1

  0
LWPOLYLINE
  5
77
330
74
100
AcDbEntity
  8
0
  6
BYBLOCK
 62
0
100
AcDbPolyline
 90
2
 70
0
 43
0.15
 10
-0.5
 20
-0.5
 10
0.5
 20
0.5
  0
ENDBLK
  5
76
330
74
100
AcDbEntity
  8
0
100
AcDbBlockEnd
  0
BLOCK
  5
79
330
78
100
AcDbEntity
  8
0
100
AcDbBlockBegin
  2
_CLOSEDFILLED
 70
0
 10
0.0
 20
0.0
 30
0.0
  3
_CLOSEDFILLED
  1

  0
SOLID
  5
7B
330
78
100
AcDbEntity
  8
0
  6
BYBLOCK
 62
0
100
AcDbTrace
 10
-1.0
 20
0.16439898372402537
 30
0.0
 11
0.0
 21
0.0
 31
0.0
 12
-1.0
 22
-0.16439898372402537
 32
0.0
 13
-1.0
 23
-0.16439898372402537
 33
0.0
  0
ENDBLK
  5
7A
330
78
100
AcDbEntity
  8
0
100
AcDbBlockEnd
  0
BLOCK
  5
85
330
84
100
AcDbEntity
  8
0
100
AcDbBlockBegin
  2
_CLOSEDBLANK
 70
0
 10
0.0
 20
0.0
 30
0.0
  3
_CLOSEDBLANK
  1

  0
LWPOLYLINE
  5
87
330
84
100
AcDbEntity
  8
0
  6
BYBLOCK
 62
0
100
AcDbPolyline
 90
3
 70
1
 10
-1.0
 20
0.16439898372402537
 10
0.0
 20
0.0
 10
-1.0
 20
-0.16439898372402537
  0
ENDBLK
  5
86
330
84
100
AcDbEntity
  8
0
100
AcDbBlockEnd
  0
BLOCK
  5
A6
330
A5
100
AcDbEntity
  8
0
100
AcDbBlockBegin
  2
BARMARK
 70
0
 10
0.0
 20
0.0
 30
0.0
  3
BARMARK
  1

  0
CIRCLE
  5
A8
330
A5
100
AcDbEntity
  8
S-CALLOUT
100
AcDbCircle
 10
0.0
 20
0.0
 30
0.0
 40
3.2
  0
ENDBLK
  5
A7
330
A5
100
AcDbEntity
  8
0
100
AcDbBlockEnd
  0
BLOCK
  5
AA
330
A9
100
AcDbEntity
  8
0
100
AcDbBlockBegin
  2
SECMARK
 70
0
 10
0.0
 20
0.0
 30
0.0
  3
SECMARK
  1

  0
CIRCLE
  5
AC
330
A9
100
AcDbEntity
  8
S-SECTION
100
AcDbCircle
 10
0.0
 20
0.0
 30
0.0
 40
4.0
  0
LINE
  5
AD
330
A9
100
AcDbEntity
  8
S-SECTION
100
AcDbLine
 10
-4.0
 20
0.0
 30
0.0
 11
4.0
 21
0.0
 31
0.0
  0
ENDBLK
  5
AB
330
A9
100
AcDbEntity
  8
0
100
AcDbBlockEnd
  0
BLOCK
  5
AF
330
AE
100
AcDbEntity
  8
0
100
AcDbBlockBegin
  2
LEVELMK
 70
0
 10
0.0
 20
0.0
 30
0.0
  3
LEVELMK
  1

  0
LWPOLYLINE
  5
B1
330
AE
100
AcDbEntity
  8
S-LEVEL
100
AcDbPolyline
 90
4
 70
1
 10
0.0
 20
0.0
 10
-2.0
 20
3.0
 10
2.0
 20
3.0
 10
0.0
 20
0.0
  0
ENDBLK
  5
B0
330
AE
100
AcDbEntity
  8
0
100
AcDbBlockEnd
  0
BLOCK
  5
B3
330
B2
100
AcDbEntity
  8
0
100
AcDbBlockBegin
  2
NORTH
 70
0
 10
0.0
 20
0.0
 30
0.0
  3
NORTH
  1

  0
LWPOLYLINE
  5
B5
330
B2
100
AcDbEntity
  8
S-TITLE
100
AcDbPolyline
 90
5
 70
1
 10
0.0
 20
10.0
 10
-3.2
 20
-6.0
 10
0.0
 20
-2.4
 10
3.2
 20
-6.0
 10
0.0
 20
10.0
  0
CIRCLE
  5
B6
330
B2
100
AcDbEntity
  8
S-TITLE
100
AcDbCircle
 10
0.0
 20
0.0
 30
0.0
 40
12.0
  0
ENDBLK
  5
B4
330
B2
100
AcDbEntity
  8
0
100
AcDbBlockEnd
  0
BLOCK
  5
D7
330
D6
100
AcDbEntity
  8
0
100
AcDbBlockBegin
  2
*D1
 70
1
 10
0.0
 20
0.0
 30
0.0
  3
*D1
  1

  0
LINE
  5
D9
330
D6
100
AcDbEntity
  8
0
 62
4
370
13
100
AcDbLine
 10
70.0
 20
439.0
 30
0.0
 11
70.0
 21
418.8
 31
0.0
  0
LINE
  5
DA
330
D6
100
AcDbEntity
  8
0
 62
4
370
13
100
AcDbLine
 10
130.0
 20
439.0
 30
0.0
 11
130.0
 21
418.8
 31
0.0
  0
INSERT
  5
DB
330
D6
100
AcDbEntity
  8
S-DIM
 62
4
100
AcDbBlockReference
  2
_ARCHTICK
 10
70.0
 20
420.0
 30
0.0
 41
1.6
 42
1.6
 50
180.0
  0
INSERT
  5
DD
330
D6
100
AcDbEntity
  8
S-DIM
 62
4
100
AcDbBlockReference
  2
_ARCHTICK
 10
130.0
 20
420.0
 30
0.0
 41
1.6
 42
1.6
  0
LINE
  5
DF
330
D6
100
AcDbEntity
  8
0
 62
4
370
13
100
AcDbLine
 10
70.0
 20
420.0
 30
0.0
 11
130.0
 21
420.0
 31
0.0
  0
MTEXT
  5
E0
330
D6
100
AcDbEntity
  8
S-DIM
 62
4
100
AcDbMText
 10
100.0
 20
421.7
 30
0.0
 40
1.8
 71
5
  1
1200
  7
OpenSansCondensed-Light
  0
POINT
  5
E1
330
D6
100
AcDbEntity
  8
Defpoints
100
AcDbPoint
 10
70.0
 20
420.0
 30
0.0
  0
POINT
  5
E2
330
D6
100
AcDbEntity
  8
Defpoints
100
AcDbPoint
 10
70.0
 20
440.0
 30
0.0
  0
POINT
  5
E3
330
D6
100
AcDbEntity
  8
Defpoints
100
AcDbPoint
 10
130.0
 20
440.0
 30
0.0
  0
ENDBLK
  5
D8
330
D6
100
AcDbEntity
  8
0
100
AcDbBlockEnd
  0
BLOCK
  5
E6
330
E5
100
AcDbEntity
  8
0
100
AcDbBlockBegin
  2
*D2
 70
1
 10
0.0
 20
0.0
 30
0.0
  3
*D2
  1

  0
LINE
  5
E8
330
E5
100
AcDbEntity
  8
0
 62
4
370
13
100
AcDbLine
 10
30.0
 20
439.0
 30
0.0
 11
30.0
 21
393.8
 31
0.0
  0
LINE
  5
E9
330
E5
100
AcDbEntity
  8
0
 62
4
370
13
100
AcDbLine
 10
70.0
 20
439.0
 30
0.0
 11
70.0
 21
393.8
 31
0.0
  0
INSERT
  5
EA
330
E5
100
AcDbEntity
  8
S-DIM
 62
4
100
AcDbBlockReference
  2
_ARCHTICK
 10
30.0
 20
395.0
 30
0.0
 41
1.6
 42
1.6
 50
180.0
  0
INSERT
  5
EC
330
E5
100
AcDbEntity
  8
S-DIM
 62
4
100
AcDbBlockReference
  2
_ARCHTICK
 10
70.0
 20
395.0
 30
0.0
 41
1.6
 42
1.6
  0
LINE
  5
EE
330
E5
100
AcDbEntity
  8
0
 62
4
370
13
100
AcDbLine
 10
30.0
 20
395.0
 30
0.0
 11
70.0
 21
395.0
 31
0.0
  0
MTEXT
  5
EF
330
E5
100
AcDbEntity
  8
S-DIM
 62
4
100
AcDbMText
 10
50.0
 20
396.7
 30
0.0
 40
1.8
 71
5
  1
800
  7
OpenSansCondensed-Light
  0
POINT
  5
F0
330
E5
100
AcDbEntity
  8
Defpoints
100
AcDbPoint
 10
30.0
 20
395.0
 30
0.0
  0
POINT
  5
F1
330
E5
100
AcDbEntity
  8
Defpoints
100
AcDbPoint
 10
30.0
 20
440.0
 30
0.0
  0
POINT
  5
F2
330
E5
100
AcDbEntity
  8
Defpoints
100
AcDbPoint
 10
70.0
 20
440.0
 30
0.0
  0
ENDBLK
  5
E7
330
E5
100
AcDbEntity
  8
0
100
AcDbBlockEnd
  0
BLOCK
  5
F5
330
F4
100
AcDbEntity
  8
0
100
AcDbBlockBegin
  2
*D3
 70
1
 10
0.0
 20
0.0
 30
0.0
  3
*D3
  1

  0
LINE
  5
F7
330
F4
100
AcDbEntity
  8
0
 62
4
370
13
100
AcDbLine
 10
171.0
 20
440.0
 30
0.0
 11
186.2
 21
440.0
 31
0.0
  0
LINE
  5
F8
330
F4
100
AcDbEntity
  8
0
 62
4
370
13
100
AcDbLine
 10
171.0
 20
495.0
 30
0.0
 11
186.2
 21
495.0
 31
0.0
  0
INSERT
  5
F9
330
F4
100
AcDbEntity
  8
S-DIM
 62
4
100
AcDbBlockReference
  2
_ARCHTICK
 10
185.0
 20
440.0
 30
0.0
 41
1.6
 42
1.6
 50
270.0
  0
INSERT
  5
FB
330
F4
100
AcDbEntity
  8
S-DIM
 62
4
100
AcDbBlockReference
  2
_ARCHTICK
 10
185.0
 20
495.0
 30
0.0
 41
1.6
 42
1.6
 50
90.0
  0
LINE
  5
FD
330
F4
100
AcDbEntity
  8
0
 62
4
370
13
100
AcDbLine
 10
185.0
 20
440.0
 30
0.0
 11
185.0
 21
495.0
 31
0.0
  0
MTEXT
  5
FE
330
F4
100
AcDbEntity
  8
S-DIM
 62
4
100
AcDbMText
 10
183.3
 20
467.5
 30
0.0
 40
1.8
 71
5
  1
1100
  7
OpenSansCondensed-Light
 50
90.0
  0
POINT
  5
FF
330
F4
100
AcDbEntity
  8
Defpoints
100
AcDbPoint
 10
185.0
 20
440.0
 30
0.0
  0
POINT
  5
100
330
F4
100
AcDbEntity
  8
Defpoints
100
AcDbPoint
 10
170.0
 20
440.0
 30
0.0
  0
POINT
  5
101
330
F4
100
AcDbEntity
  8
Defpoints
100
AcDbPoint
 10
170.0
 20
495.0
 30
0.0
  0
ENDBLK
  5
F6
330
F4
100
AcDbEntity
  8
0
100
AcDbBlockEnd
  0
BLOCK
  5
129
330
128
100
AcDbEntity
  8
0
100
AcDbBlockBegin
  2
*D4
 70
1
 10
0.0
 20
0.0
 30
0.0
  3
*D4
  1

  0
LINE
  5
12B
330
128
100
AcDbEntity
  8
0
 62
4
370
13
100
AcDbLine
 10
200.0
 20
429.0
 30
0.0
 11
200.0
 21
408.8
 31
0.0
  0
LINE
  5
12C
330
128
100
AcDbEntity
  8
0
 62
4
370
13
100
AcDbLine
 10
240.0
 20
429.0
 30
0.0
 11
240.0
 21
408.8
 31
0.0
  0
INSERT
  5
12D
330
128
100
AcDbEntity
  8
S-DIM
 62
4
100
AcDbBlockReference
  2
_ARCHTICK
 10
200.0
 20
410.0
 30
0.0
 41
1.6
 42
1.6
 50
180.0
  0
INSERT
  5
12F
330
128
100
AcDbEntity
  8
S-DIM
 62
4
100
AcDbBlockReference
  2
_ARCHTICK
 10
240.0
 20
410.0
 30
0.0
 41
1.6
 42
1.6
  0
LINE
  5
131
330
128
100
AcDbEntity
  8
0
 62
4
370
13
100
AcDbLine
 10
200.0
 20
410.0
 30
0.0
 11
240.0
 21
410.0
 31
0.0
  0
MTEXT
  5
132
330
128
100
AcDbEntity
  8
S-DIM
 62
4
100
AcDbMText
 10
220.0
 20
411.7
 30
0.0
 40
1.8
 71
5
  1
400
  7
OpenSansCondensed-Light
  0
POINT
  5
133
330
128
100
AcDbEntity
  8
Defpoints
100
AcDbPoint
 10
200.0
 20
410.0
 30
0.0
  0
POINT
  5
134
330
128
100
AcDbEntity
  8
Defpoints
100
AcDbPoint
 10
200.0
 20
430.0
 30
0.0
  0
POINT
  5
135
330
128
100
AcDbEntity
  8
Defpoints
100
AcDbPoint
 10
240.0
 20
430.0
 30
0.0
  0
ENDBLK
  5
12A
330
128
100
AcDbEntity
  8
0
100
AcDbBlockEnd
  0
BLOCK
  5
138
330
137
100
AcDbEntity
  8
0
100
AcDbBlockBegin
  2
*D5
 70
1
 10
0.0
 20
0.0
 30
0.0
  3
*D5
  1

  0
LINE
  5
13A
330
137
100
AcDbEntity
  8
0
 62
4
370
13
100
AcDbLine
 10
241.0
 20
430.0
 30
0.0
 11
271.2
 21
430.0
 31
0.0
  0
LINE
  5
13B
330
137
100
AcDbEntity
  8
0
 62
4
370
13
100
AcDbLine
 10
241.0
 20
540.0
 30
0.0
 11
271.2
 21
540.0
 31
0.0
  0
INSERT
  5
13C
330
137
100
AcDbEntity
  8
S-DIM
 62
4
100
AcDbBlockReference
  2
_ARCHTICK
 10
270.0
 20
430.0
 30
0.0
 41
1.6
 42
1.6
 50
270.0
  0
INSERT
  5
13E
330
137
100
AcDbEntity
  8
S-DIM
 62
4
100
AcDbBlockReference
  2
_ARCHTICK
 10
270.0
 20
540.0
 30
0.0
 41
1.6
 42
1.6
 50
90.0
  0
LINE
  5
140
330
137
100
AcDbEntity
  8
0
 62
4
370
13
100
AcDbLine
 10
270.0
 20
430.0
 30
0.0
 11
270.0
 21
540.0
 31
0.0
  0
MTEXT
  5
141
330
137
100
AcDbEntity
  8
S-DIM
 62
4
100
AcDbMText
 10
268.3
 20
485.0
 30
0.0
 40
1.8
 71
5
  1
1100
  7
OpenSansCondensed-Light
 50
90.0
  0
POINT
  5
142
330
137
100
AcDbEntity
  8
Defpoints
100
AcDbPoint
 10
270.0
 20
430.0
 30
0.0
  0
POINT
  5
143
330
137
100
AcDbEntity
  8
Defpoints
100
AcDbPoint
 10
240.0
 20
430.0
 30
0.0
  0
POINT
  5
144
330
137
100
AcDbEntity
  8
Defpoints
100
AcDbPoint
 10
240.0
 20
540.0
 30
0.0
  0
ENDBLK
  5
139
330
137
100
AcDbEntity
  8
0
100
AcDbBlockEnd
  0
BLOCK
  5
180
330
17F
100
AcDbEntity
  8
0
100
AcDbBlockBegin
  2
*D6
 70
1
 10
0.0
 20
0.0
 30
0.0
  3
*D6
  1

  0
LINE
  5
182
330
17F
100
AcDbEntity
  8
0
 62
4
370
13
100
AcDbLine
 10
300.0
 20
459.0
 30
0.0
 11
300.0
 21
443.8
 31
0.0
  0
LINE
  5
183
330
17F
100
AcDbEntity
  8
0
 62
4
370
13
100
AcDbLine
 10
345.0
 20
459.0
 30
0.0
 11
345.0
 21
443.8
 31
0.0
  0
INSERT
  5
184
330
17F
100
AcDbEntity
  8
S-DIM
 62
4
100
AcDbBlockReference
  2
_ARCHTICK
 10
300.0
 20
445.0
 30
0.0
 41
1.6
 42
1.6
 50
180.0
  0
INSERT
  5
186
330
17F
100
AcDbEntity
  8
S-DIM
 62
4
100
AcDbBlockReference
  2
_ARCHTICK
 10
345.0
 20
445.0
 30
0.0
 41
1.6
 42
1.6
  0
LINE
  5
188
330
17F
100
AcDbEntity
  8
0
 62
4
370
13
100
AcDbLine
 10
300.0
 20
445.0
 30
0.0
 11
345.0
 21
445.0
 31
0.0
  0
MTEXT
  5
189
330
17F
100
AcDbEntity
  8
S-DIM
 62
4
100
AcDbMText
 10
322.5
 20
446.7
 30
0.0
 40
1.8
 71
5
  1
900
  7
OpenSansCondensed-Light
  0
POINT
  5
18A
330
17F
100
AcDbEntity
  8
Defpoints
100
AcDbPoint
 10
300.0
 20
445.0
 30
0.0
  0
POINT
  5
18B
330
17F
100
AcDbEntity
  8
Defpoints
100
AcDbPoint
 10
300.0
 20
460.0
 30
0.0
  0
POINT
  5
18C
330
17F
100
AcDbEntity
  8
Defpoints
100
AcDbPoint
 10
345.0
 20
460.0
 30
0.0
  0
ENDBLK
  5
181
330
17F
100
AcDbEntity
  8
0
100
AcDbBlockEnd
  0
BLOCK
  5
18F
330
18E
100
AcDbEntity
  8
0
100
AcDbBlockBegin
  2
*D7
 70
1
 10
0.0
 20
0.0
 30
0.0
  3
*D7
  1

  0
LINE
  5
191
330
18E
100
AcDbEntity
  8
0
 62
4
370
13
100
AcDbLine
 10
270.0
 20
459.0
 30
0.0
 11
270.0
 21
418.8
 31
0.0
  0
LINE
  5
192
330
18E
100
AcDbEntity
  8
0
 62
4
370
13
100
AcDbLine
 10
300.0
 20
459.0
 30
0.0
 11
300.0
 21
418.8
 31
0.0
  0
INSERT
  5
193
330
18E
100
AcDbEntity
  8
S-DIM
 62
4
100
AcDbBlockReference
  2
_ARCHTICK
 10
270.0
 20
420.0
 30
0.0
 41
1.6
 42
1.6
 50
180.0
  0
INSERT
  5
195
330
18E
100
AcDbEntity
  8
S-DIM
 62
4
100
AcDbBlockReference
  2
_ARCHTICK
 10
300.0
 20
420.0
 30
0.0
 41
1.6
 42
1.6
  0
LINE
  5
197
330
18E
100
AcDbEntity
  8
0
 62
4
370
13
100
AcDbLine
 10
270.0
 20
420.0
 30
0.0
 11
300.0
 21
420.0
 31
0.0
  0
MTEXT
  5
198
330
18E
100
AcDbEntity
  8
S-DIM
 62
4
100
AcDbMText
 10
285.0
 20
421.7
 30
0.0
 40
1.8
 71
5
  1
600
  7
OpenSansCondensed-Light
  0
POINT
  5
199
330
18E
100
AcDbEntity
  8
Defpoints
100
AcDbPoint
 10
270.0
 20
420.0
 30
0.0
  0
POINT
  5
19A
330
18E
100
AcDbEntity
  8
Defpoints
100
AcDbPoint
 10
270.0
 20
460.0
 30
0.0
  0
POINT
  5
19B
330
18E
100
AcDbEntity
  8
Defpoints
100
AcDbPoint
 10
300.0
 20
460.0
 30
0.0
  0
ENDBLK
  5
190
330
18E
100
AcDbEntity
  8
0
100
AcDbBlockEnd
  0
BLOCK
  5
19E
330
19D
100
AcDbEntity
  8
0
100
AcDbBlockBegin
  2
*D8
 70
1
 10
0.0
 20
0.0
 30
0.0
  3
*D8
  1

  0
LINE
  5
1A0
330
19D
100
AcDbEntity
  8
0
 62
4
370
13
100
AcDbLine
 10
376.0
 20
460.0
 30
0.0
 11
391.2
 21
460.0
 31
0.0
  0
LINE
  5
1A1
330
19D
100
AcDbEntity
  8
0
 62
4
370
13
100
AcDbLine
 10
376.0
 20
500.0
 30
0.0
 11
391.2
 21
500.0
 31
0.0
  0
INSERT
  5
1A2
330
19D
100
AcDbEntity
  8
S-DIM
 62
4
100
AcDbBlockReference
  2
_ARCHTICK
 10
390.0
 20
460.0
 30
0.0
 41
1.6
 42
1.6
 50
270.0
  0
INSERT
  5
1A4
330
19D
100
AcDbEntity
  8
S-DIM
 62
4
100
AcDbBlockReference
  2
_ARCHTICK
 10
390.0
 20
500.0
 30
0.0
 41
1.6
 42
1.6
 50
90.0
  0
LINE
  5
1A6
330
19D
100
AcDbEntity
  8
0
 62
4
370
13
100
AcDbLine
 10
390.0
 20
460.0
 30
0.0
 11
390.0
 21
500.0
 31
0.0
  0
MTEXT
  5
1A7
330
19D
100
AcDbEntity
  8
S-DIM
 62
4
100
AcDbMText
 10
388.3
 20
480.0
 30
0.0
 40
1.8
 71
5
  1
800
  7
OpenSansCondensed-Light
 50
90.0
  0
POINT
  5
1A8
330
19D
100
AcDbEntity
  8
Defpoints
100
AcDbPoint
 10
390.0
 20
460.0
 30
0.0
  0
POINT
  5
1A9
330
19D
100
AcDbEntity
  8
Defpoints
100
AcDbPoint
 10
375.0
 20
460.0
 30
0.0
  0
POINT
  5
1AA
330
19D
100
AcDbEntity
  8
Defpoints
100
AcDbPoint
 10
375.0
 20
500.0
 30
0.0
  0
ENDBLK
  5
19F
330
19D
100
AcDbEntity
  8
0
100
AcDbBlockEnd
  0
BLOCK
  5
1C9
330
1C8
100
AcDbEntity
  8
0
100
AcDbBlockBegin
  2
*D9
 70
1
 10
0.0
 20
0.0
 30
0.0
  3
*D9
  1

  0
LINE
  5
1CB
330
1C8
100
AcDbEntity
  8
0
 62
4
370
13
100
AcDbLine
 10
440.0
 20
469.0
 30
0.0
 11
440.0
 21
453.8
 31
0.0
  0
LINE
  5
1CC
330
1C8
100
AcDbEntity
  8
0
 62
4
370
13
100
AcDbLine
 10
490.0
 20
469.0
 30
0.0
 11
490.0
 21
453.8
 31
0.0
  0
INSERT
  5
1CD
330
1C8
100
AcDbEntity
  8
S-DIM
 62
4
100
AcDbBlockReference
  2
_ARCHTICK
 10
440.0
 20
455.0
 30
0.0
 41
1.6
 42
1.6
 50
180.0
  0
INSERT
  5
1CF
330
1C8
100
AcDbEntity
  8
S-DIM
 62
4
100
AcDbBlockReference
  2
_ARCHTICK
 10
490.0
 20
455.0
 30
0.0
 41
1.6
 42
1.6
  0
LINE
  5
1D1
330
1C8
100
AcDbEntity
  8
0
 62
4
370
13
100
AcDbLine
 10
440.0
 20
455.0
 30
0.0
 11
490.0
 21
455.0
 31
0.0
  0
MTEXT
  5
1D2
330
1C8
100
AcDbEntity
  8
S-DIM
 62
4
100
AcDbMText
 10
465.0
 20
456.7
 30
0.0
 40
1.8
 71
5
  1
1000
  7
OpenSansCondensed-Light
  0
POINT
  5
1D3
330
1C8
100
AcDbEntity
  8
Defpoints
100
AcDbPoint
 10
440.0
 20
455.0
 30
0.0
  0
POINT
  5
1D4
330
1C8
100
AcDbEntity
  8
Defpoints
100
AcDbPoint
 10
440.0
 20
470.0
 30
0.0
  0
POINT
  5
1D5
330
1C8
100
AcDbEntity
  8
Defpoints
100
AcDbPoint
 10
490.0
 20
470.0
 30
0.0
  0
ENDBLK
  5
1CA
330
1C8
100
AcDbEntity
  8
0
100
AcDbBlockEnd
  0
BLOCK
  5
1D8
330
1D7
100
AcDbEntity
  8
0
100
AcDbBlockBegin
  2
*D10
 70
1
 10
0.0
 20
0.0
 30
0.0
  3
*D10
  1

  0
LINE
  5
1DA
330
1D7
100
AcDbEntity
  8
0
 62
4
370
13
100
AcDbLine
 10
515.0
 20
470.0
 30
0.0
 11
526.2
 21
470.0
 31
0.0
  0
LINE
  5
1DB
330
1D7
100
AcDbEntity
  8
0
 62
4
370
13
100
AcDbLine
 10
515.0
 20
487.5
 30
0.0
 11
526.2
 21
487.5
 31
0.0
  0
INSERT
  5
1DC
330
1D7
100
AcDbEntity
  8
S-DIM
 62
4
100
AcDbBlockReference
  2
_ARCHTICK
 10
525.0
 20
470.0
 30
0.0
 41
1.6
 42
1.6
 50
270.0
  0
INSERT
  5
1DE
330
1D7
100
AcDbEntity
  8
S-DIM
 62
4
100
AcDbBlockReference
  2
_ARCHTICK
 10
525.0
 20
487.5
 30
0.0
 41
1.6
 42
1.6
 50
90.0
  0
LINE
  5
1E0
330
1D7
100
AcDbEntity
  8
0
 62
4
370
13
100
AcDbLine
 10
525.0
 20
470.0
 30
0.0
 11
525.0
 21
487.5
 31
0.0
  0
MTEXT
  5
1E1
330
1D7
100
AcDbEntity
  8
S-DIM
 62
4
100
AcDbMText
 10
523.3
 20
478.75
 30
0.0
 40
1.8
 71
5
  1
350
  7
OpenSansCondensed-Light
 50
90.0
  0
POINT
  5
1E2
330
1D7
100
AcDbEntity
  8
Defpoints
100
AcDbPoint
 10
525.0
 20
470.0
 30
0.0
  0
POINT
  5
1E3
330
1D7
100
AcDbEntity
  8
Defpoints
100
AcDbPoint
 10
514.0
 20
470.0
 30
0.0
  0
POINT
  5
1E4
330
1D7
100
AcDbEntity
  8
Defpoints
100
AcDbPoint
 10
514.0
 20
487.5
 30
0.0
  0
ENDBLK
  5
1D9
330
1D7
100
AcDbEntity
  8
0
100
AcDbBlockEnd
  0
ENDSEC
  0
SECTION
  2
ENTITIES
  0
LWPOLYLINE
  5
B7
330
17
100
AcDbEntity
  8
S-TITLE
100
AcDbPolyline
 90
4
 70
1
 10
0.0
 20
0.0
 10
841.0
 20
0.0
 10
841.0
 20
594.0
 10
0.0
 20
594.0
  0
LWPOLYLINE
  5
B8
330
17
100
AcDbEntity
  8
S-TITLE
100
AcDbPolyline
 90
4
 70
1
 10
10.0
 20
10.0
 10
831.0
 20
10.0
 10
831.0
 20
584.0
 10
10.0
 20
584.0
  0
TEXT
  5
B9
330
17
100
AcDbEntity
  8
S-TITLE
100
AcDbText
 10
12.0
 20
576.5
 30
0.0
 40
5.0
  1
STRUCTURAL CAD - REINFORCEMENT PACKAGE
  7
OpenSans
 11
12.0
 21
576.5
 31
0.0
100
AcDbText
  0
TEXT
  5
BA
330
17
100
AcDbEntity
  8
S-TITLE
100
AcDbText
 10
12.0
 20
569.5
 30
0.0
 40
2.4
  1
R-402   BEAM-TYPE ELEMENT REINFORCEMENT DETAILS
  7
OpenSans
 11
12.0
 21
569.5
 31
0.0
100
AcDbText
  0
LINE
  5
BB
330
17
100
AcDbEntity
  8
S-TITLE
100
AcDbLine
 10
10.0
 20
566.5
 30
0.0
 11
831.0
 21
566.5
 31
0.0
  0
TEXT
  5
BC
330
17
100
AcDbEntity
  8
S-BLAST
100
AcDbText
 10
829.0
 20
577.0
 30
0.0
 40
2.0
  1
SENTRY POST EXCLUDED FROM THIS PACKAGE
  7
OpenSans
 72
2
 11
829.0
 21
577.0
 31
0.0
100
AcDbText
  0
TEXT
  5
BD
330
17
100
AcDbEntity
  8
S-BLAST
100
AcDbText
 10
829.0
 20
570.5
 30
0.0
 40
1.4
  1
ALL DESIGN ACTIONS ARE MANUAL CALCULATION - NOT DIRECT STAAD OUTPUT
  7
OpenSans
 72
2
 11
829.0
 21
570.5
 31
0.0
100
AcDbText
  0
TEXT
  5
BE
330
17
100
AcDbEntity
  8
S-BLAST
100
AcDbText
 10
12.0
 20
561.5
 30
0.0
 40
1.4
  1
OPEN ITEMS ON THIS SHEET:  NO COLUMNS EXIST
  7
OpenSans
 11
12.0
 21
561.5
 31
0.0
100
AcDbText
  0
LWPOLYLINE
  5
BF
330
17
100
AcDbEntity
  8
S-CONCRETE
100
AcDbPolyline
 90
4
 70
1
 10
30.0
 20
440.0
 10
170.0
 20
440.0
 10
170.0
 20
495.0
 10
30.0
 20
495.0
  0
HATCH
  5
C0
330
17
100
AcDbEntity
  8
S-HATCH
 62
7
100
AcDbHatch
 10
0.0
 20
0.0
 30
0.0
210
0.0
220
0.0
230
1.0
  2
ANSI31
 70
0
 71
0
 91
1
 92
3
 72
0
 73
1
 93
4
 10
30.0
 20
440.0
 10
170.0
 20
440.0
 10
170.0
 20
495.0
 10
30.0
 20
495.0
 97
0
 75
1
 76
1
 52
0.0
 41
1.6
 77
0
 78
1
 53
45.0
 43
0.0
 44
0.0
 45
-3.5921024485
 46
3.5921024485
 79
0
 98
0
  0
LINE
  5
C1
330
17
100
AcDbEntity
  8
S-REBAR-MAIN
100
AcDbLine
 10
32.0
 20
492.5
 30
0.0
 11
168.0
 21
492.5
 31
0.0
  0
LINE
  5
C2
330
17
100
AcDbEntity
  8
S-REBAR-MAIN
100
AcDbLine
 10
32.0
 20
442.5
 30
0.0
 11
168.0
 21
442.5
 31
0.0
  0
LINE
  5
C3
330
17
100
AcDbEntity
  8
S-REBAR-STIRRUP
100
AcDbLine
 10
35.75
 20
442.0
 30
0.0
 11
35.75
 21
493.0
 31
0.0
  0
LINE
  5
C4
330
17
100
AcDbEntity
  8
S-REBAR-STIRRUP
100
AcDbLine
 10
43.25
 20
442.0
 30
0.0
 11
43.25
 21
493.0
 31
0.0
  0
LINE
  5
C5
330
17
100
AcDbEntity
  8
S-REBAR-STIRRUP
100
AcDbLine
 10
50.75
 20
442.0
 30
0.0
 11
50.75
 21
493.0
 31
0.0
  0
LINE
  5
C6
330
17
100
AcDbEntity
  8
S-REBAR-STIRRUP
100
AcDbLine
 10
58.25
 20
442.0
 30
0.0
 11
58.25
 21
493.0
 31
0.0
  0
LINE
  5
C7
330
17
100
AcDbEntity
  8
S-REBAR-STIRRUP
100
AcDbLine
 10
65.75
 20
442.0
 30
0.0
 11
65.75
 21
493.0
 31
0.0
  0
LINE
  5
C8
330
17
100
AcDbEntity
  8
S-REBAR-STIRRUP
100
AcDbLine
 10
73.25
 20
442.0
 30
0.0
 11
73.25
 21
493.0
 31
0.0
  0
LINE
  5
C9
330
17
100
AcDbEntity
  8
S-REBAR-STIRRUP
100
AcDbLine
 10
80.75
 20
442.0
 30
0.0
 11
80.75
 21
493.0
 31
0.0
  0
LINE
  5
CA
330
17
100
AcDbEntity
  8
S-REBAR-STIRRUP
100
AcDbLine
 10
88.25
 20
442.0
 30
0.0
 11
88.25
 21
493.0
 31
0.0
  0
LINE
  5
CB
330
17
100
AcDbEntity
  8
S-REBAR-STIRRUP
100
AcDbLine
 10
95.75
 20
442.0
 30
0.0
 11
95.75
 21
493.0
 31
0.0
  0
LINE
  5
CC
330
17
100
AcDbEntity
  8
S-REBAR-STIRRUP
100
AcDbLine
 10
103.25
 20
442.0
 30
0.0
 11
103.25
 21
493.0
 31
0.0
  0
LINE
  5
CD
330
17
100
AcDbEntity
  8
S-REBAR-STIRRUP
100
AcDbLine
 10
110.75
 20
442.0
 30
0.0
 11
110.75
 21
493.0
 31
0.0
  0
LINE
  5
CE
330
17
100
AcDbEntity
  8
S-REBAR-STIRRUP
100
AcDbLine
 10
118.25
 20
442.0
 30
0.0
 11
118.25
 21
493.0
 31
0.0
  0
LINE
  5
CF
330
17
100
AcDbEntity
  8
S-REBAR-STIRRUP
100
AcDbLine
 10
125.75
 20
442.0
 30
0.0
 11
125.75
 21
493.0
 31
0.0
  0
LINE
  5
D0
330
17
100
AcDbEntity
  8
S-REBAR-STIRRUP
100
AcDbLine
 10
133.25
 20
442.0
 30
0.0
 11
133.25
 21
493.0
 31
0.0
  0
LINE
  5
D1
330
17
100
AcDbEntity
  8
S-REBAR-STIRRUP
100
AcDbLine
 10
140.75
 20
442.0
 30
0.0
 11
140.75
 21
493.0
 31
0.0
  0
LINE
  5
D2
330
17
100
AcDbEntity
  8
S-REBAR-STIRRUP
100
AcDbLine
 10
148.25
 20
442.0
 30
0.0
 11
148.25
 21
493.0
 31
0.0
  0
LINE
  5
D3
330
17
100
AcDbEntity
  8
S-REBAR-STIRRUP
100
AcDbLine
 10
155.75
 20
442.0
 30
0.0
 11
155.75
 21
493.0
 31
0.0
  0
LINE
  5
D4
330
17
100
AcDbEntity
  8
S-REBAR-STIRRUP
100
AcDbLine
 10
163.25
 20
442.0
 30
0.0
 11
163.25
 21
493.0
 31
0.0
  0
DIMENSION
  5
D5
330
17
100
AcDbEntity
  8
S-DIM
100
AcDbDimension
280
0
  2
*D1
  3
SC-DIM
 10
70.0
 20
420.0
 30
0.0
 11
100.0
 21
421.7
 31
0.0
 70
32
 71
5
  1
<>
100
AcDbAlignedDimension
 13
70.0
 23
440.0
 33
0.0
 14
130.0
 24
440.0
 34
0.0
 50
0.0
100
AcDbRotatedDimension
1001
ACAD
1000
DSTYLE
1002
{
1070
144
1040
20.0
1002
}
  0
DIMENSION
  5
E4
330
17
100
AcDbEntity
  8
S-DIM
100
AcDbDimension
280
0
  2
*D2
  3
SC-DIM
 10
30.0
 20
395.0
 30
0.0
 11
50.0
 21
396.7
 31
0.0
 70
32
 71
5
  1
<>
100
AcDbAlignedDimension
 13
30.0
 23
440.0
 33
0.0
 14
70.0
 24
440.0
 34
0.0
 50
0.0
100
AcDbRotatedDimension
1001
ACAD
1000
DSTYLE
1002
{
1070
144
1040
20.0
1002
}
  0
DIMENSION
  5
F3
330
17
100
AcDbEntity
  8
S-DIM
100
AcDbDimension
280
0
  2
*D3
  3
SC-DIM
 10
185.0
 20
440.0
 30
0.0
 11
183.3
 21
467.5
 31
0.0
 70
32
 71
5
  1
<>
100
AcDbAlignedDimension
 13
170.0
 23
440.0
 33
0.0
 14
170.0
 24
495.0
 34
0.0
 50
90.0
100
AcDbRotatedDimension
1001
ACAD
1000
DSTYLE
1002
{
1070
144
1040
20.0
1002
}
  0
TEXT
  5
102
330
17
100
AcDbEntity
  8
S-TEXT
100
AcDbText
 10
31.0
 20
375.0
 30
0.0
 40
1.4
  1
Ld 800 BEYOND EACH FACE
  7
OpenSans
 11
31.0
 21
375.0
 31
0.0
100
AcDbText
  0
INSERT
  5
103
330
17
100
AcDbEntity
  8
S-CALLOUT
100
AcDbBlockReference
  2
BARMARK
 10
58.0
 20
512.0
 30
0.0
  0
TEXT
  5
105
330
17
100
AcDbEntity
  8
S-CALLOUT
100
AcDbText
 10
58.0
 20
512.0
 30
0.0
 40
2.0
  1
B01
  7
OpenSans
 72
1
 11
58.0
 21
512.0
 31
0.0
100
AcDbText
 73
2
  0
LEADER
  5
106
330
17
100
AcDbEntity
  8
S-CALLOUT
100
AcDbLeader
  3
SC-DIM
 73
3
 76
2
 10
100.0
 20
492.0
 30
0.0
 10
58.0
 20
512.0
 30
0.0
  0
INSERT
  5
107
330
17
100
AcDbEntity
  8
S-CALLOUT
100
AcDbBlockReference
  2
BARMARK
 10
58.0
 20
436.0
 30
0.0
  0
TEXT
  5
109
330
17
100
AcDbEntity
  8
S-CALLOUT
100
AcDbText
 10
58.0
 20
436.0
 30
0.0
 40
2.0
  1
B02
  7
OpenSans
 72
1
 11
58.0
 21
436.0
 31
0.0
100
AcDbText
 73
2
  0
LEADER
  5
10A
330
17
100
AcDbEntity
  8
S-CALLOUT
100
AcDbLeader
  3
SC-DIM
 73
3
 76
2
 10
100.0
 20
443.0
 30
0.0
 10
58.0
 20
436.0
 30
0.0
  0
INSERT
  5
10B
330
17
100
AcDbEntity
  8
S-CALLOUT
100
AcDbBlockReference
  2
BARMARK
 10
152.0
 20
476.0
 30
0.0
  0
TEXT
  5
10D
330
17
100
AcDbEntity
  8
S-CALLOUT
100
AcDbText
 10
152.0
 20
476.0
 30
0.0
 40
2.0
  1
B03
  7
OpenSans
 72
1
 11
152.0
 21
476.0
 31
0.0
100
AcDbText
 73
2
  0
LEADER
  5
10E
330
17
100
AcDbEntity
  8
S-CALLOUT
100
AcDbLeader
  3
SC-DIM
 73
3
 76
2
 10
145.0
 20
467.5
 30
0.0
 10
152.0
 20
476.0
 30
0.0
  0
TEXT
  5
10F
330
17
100
AcDbEntity
  8
S-TITLE
100
AcDbText
 10
30.0
 20
552.0
 30
0.0
 40
3.5
  1
V1   BLAST-DOOR HEADER 400 x 1100 - ELEVATION
  7
OpenSans
 11
30.0
 21
552.0
 31
0.0
100
AcDbText
  0
LINE
  5
110
330
17
100
AcDbEntity
  8
S-TITLE
100
AcDbLine
 10
30.0
 20
550.2
 30
0.0
 11
133.95
 21
550.2
 31
0.0
  0
TEXT
  5
111
330
17
100
AcDbEntity
  8
S-TEXT
100
AcDbText
 10
30.0
 20
544.8
 30
0.0
 40
2.0
  1
SCALE 1:20
  7
OpenSans
 11
30.0
 21
544.8
 31
0.0
100
AcDbText
  0
LWPOLYLINE
  5
112
330
17
100
AcDbEntity
  8
S-CONCRETE
100
AcDbPolyline
 90
4
 70
1
 10
200.0
 20
430.0
 10
240.0
 20
430.0
 10
240.0
 20
540.0
 10
200.0
 20
540.0
  0
HATCH
  5
113
330
17
100
AcDbEntity
  8
S-HATCH
 62
7
100
AcDbHatch
 10
0.0
 20
0.0
 30
0.0
210
0.0
220
0.0
230
1.0
  2
ANSI31
 70
0
 71
0
 91
1
 92
3
 72
0
 73
1
 93
4
 10
200.0
 20
430.0
 10
240.0
 20
430.0
 10
240.0
 20
540.0
 10
200.0
 20
540.0
 97
0
 75
1
 76
1
 52
0.0
 41
1.6
 77
0
 78
1
 53
45.0
 43
0.0
 44
0.0
 45
-3.5921024485
 46
3.5921024485
 79
0
 98
0
  0
CIRCLE
  5
114
330
17
100
AcDbEntity
  8
S-REBAR-MAIN
100
AcDbCircle
 10
206.6
 20
534.0
 30
0.0
 40
1.2
  0
HATCH
  5
115
330
17
100
AcDbEntity
  8
S-REBAR-MAIN
 62
1
100
AcDbHatch
 10
0.0
 20
0.0
 30
0.0
210
0.0
220
0.0
230
1.0
  2
SOLID
 70
1
 71
0
 91
1
 92
3
 72
0
 73
1
 93
16
 10
207.79999999999998
 20
534.0
 10
207.70865543901354
 20
534.4592201188381
 10
207.44852813742386
 20
534.8485281374238
 10
207.0592201188381
 20
535.1086554390135
 10
206.6
 20
535.2
 10
206.14077988116188
 20
535.1086554390135
 10
205.75147186257612
 20
534.8485281374238
 10
205.49134456098645
 20
534.4592201188381
 10
205.4
 20
534.0
 10
205.49134456098645
 20
533.5407798811619
 10
205.75147186257612
 20
533.1514718625762
 10
206.14077988116188
 20
532.8913445609865
 10
206.6
 20
532.8
 10
207.0592201188381
 20
532.8913445609865
 10
207.44852813742386
 20
533.1514718625762
 10
207.70865543901354
 20
533.5407798811619
 97
0
 75
0
 76
1
 98
0
  0
CIRCLE
  5
116
330
17
100
AcDbEntity
  8
S-REBAR-MAIN
100
AcDbCircle
 10
206.6
 20
436.0
 30
0.0
 40
1.2
  0
HATCH
  5
117
330
17
100
AcDbEntity
  8
S-REBAR-MAIN
 62
1
100
AcDbHatch
 10
0.0
 20
0.0
 30
0.0
210
0.0
220
0.0
230
1.0
  2
SOLID
 70
1
 71
0
 91
1
 92
3
 72
0
 73
1
 93
16
 10
207.79999999999998
 20
436.0
 10
207.70865543901354
 20
436.4592201188381
 10
207.44852813742386
 20
436.84852813742384
 10
207.0592201188381
 20
437.10865543901355
 10
206.6
 20
437.2
 10
206.14077988116188
 20
437.10865543901355
 10
205.75147186257612
 20
436.84852813742384
 10
205.49134456098645
 20
436.4592201188381
 10
205.4
 20
436.0
 10
205.49134456098645
 20
435.5407798811619
 10
205.75147186257612
 20
435.15147186257616
 10
206.14077988116188
 20
434.89134456098645
 10
206.6
 20
434.8
 10
207.0592201188381
 20
434.89134456098645
 10
207.44852813742386
 20
435.15147186257616
 10
207.70865543901354
 20
435.5407798811619
 97
0
 75
0
 76
1
 98
0
  0
CIRCLE
  5
118
330
17
100
AcDbEntity
  8
S-REBAR-MAIN
100
AcDbCircle
 10
215.5
 20
534.0
 30
0.0
 40
1.2
  0
HATCH
  5
119
330
17
100
AcDbEntity
  8
S-REBAR-MAIN
 62
1
100
AcDbHatch
 10
0.0
 20
0.0
 30
0.0
210
0.0
220
0.0
230
1.0
  2
SOLID
 70
1
 71
0
 91
1
 92
3
 72
0
 73
1
 93
16
 10
216.7
 20
534.0
 10
216.60865543901355
 20
534.4592201188381
 10
216.34852813742387
 20
534.8485281374238
 10
215.95922011883812
 20
535.1086554390135
 10
215.5
 20
535.2
 10
215.04077988116188
 20
535.1086554390135
 10
214.65147186257613
 20
534.8485281374238
 10
214.39134456098645
 20
534.4592201188381
 10
214.3
 20
534.0
 10
214.39134456098645
 20
533.5407798811619
 10
214.65147186257613
 20
533.1514718625762
 10
215.04077988116188
 20
532.8913445609865
 10
215.5
 20
532.8
 10
215.95922011883812
 20
532.8913445609865
 10
216.34852813742387
 20
533.1514718625762
 10
216.60865543901355
 20
533.5407798811619
 97
0
 75
0
 76
1
 98
0
  0
CIRCLE
  5
11A
330
17
100
AcDbEntity
  8
S-REBAR-MAIN
100
AcDbCircle
 10
215.5
 20
436.0
 30
0.0
 40
1.2
  0
HATCH
  5
11B
330
17
100
AcDbEntity
  8
S-REBAR-MAIN
 62
1
100
AcDbHatch
 10
0.0
 20
0.0
 30
0.0
210
0.0
220
0.0
230
1.0
  2
SOLID
 70
1
 71
0
 91
1
 92
3
 72
0
 73
1
 93
16
 10
216.7
 20
436.0
 10
216.60865543901355
 20
436.4592201188381
 10
216.34852813742387
 20
436.84852813742384
 10
215.95922011883812
 20
437.10865543901355
 10
215.5
 20
437.2
 10
215.04077988116188
 20
437.10865543901355
 10
214.65147186257613
 20
436.84852813742384
 10
214.39134456098645
 20
436.4592201188381
 10
214.3
 20
436.0
 10
214.39134456098645
 20
435.5407798811619
 10
214.65147186257613
 20
435.15147186257616
 10
215.04077988116188
 20
434.89134456098645
 10
215.5
 20
434.8
 10
215.95922011883812
 20
434.89134456098645
 10
216.34852813742387
 20
435.15147186257616
 10
216.60865543901355
 20
435.5407798811619
 97
0
 75
0
 76
1
 98
0
  0
CIRCLE
  5
11C
330
17
100
AcDbEntity
  8
S-REBAR-MAIN
100
AcDbCircle
 10
224.5
 20
534.0
 30
0.0
 40
1.2
  0
HATCH
  5
11D
330
17
100
AcDbEntity
  8
S-REBAR-MAIN
 62
1
100
AcDbHatch
 10
0.0
 20
0.0
 30
0.0
210
0.0
220
0.0
230
1.0
  2
SOLID
 70
1
 71
0
 91
1
 92
3
 72
0
 73
1
 93
16
 10
225.7
 20
534.0
 10
225.60865543901355
 20
534.4592201188381
 10
225.34852813742387
 20
534.8485281374238
 10
224.95922011883812
 20
535.1086554390135
 10
224.5
 20
535.2
 10
224.04077988116188
 20
535.1086554390135
 10
223.65147186257613
 20
534.8485281374238
 10
223.39134456098645
 20
534.4592201188381
 10
223.3
 20
534.0
 10
223.39134456098645
 20
533.5407798811619
 10
223.65147186257613
 20
533.1514718625762
 10
224.04077988116188
 20
532.8913445609865
 10
224.5
 20
532.8
 10
224.95922011883812
 20
532.8913445609865
 10
225.34852813742387
 20
533.1514718625762
 10
225.60865543901355
 20
533.5407798811619
 97
0
 75
0
 76
1
 98
0
  0
CIRCLE
  5
11E
330
17
100
AcDbEntity
  8
S-REBAR-MAIN
100
AcDbCircle
 10
224.5
 20
436.0
 30
0.0
 40
1.2
  0
HATCH
  5
11F
330
17
100
AcDbEntity
  8
S-REBAR-MAIN
 62
1
100
AcDbHatch
 10
0.0
 20
0.0
 30
0.0
210
0.0
220
0.0
230
1.0
  2
SOLID
 70
1
 71
0
 91
1
 92
3
 72
0
 73
1
 93
16
 10
225.7
 20
436.0
 10
225.60865543901355
 20
436.4592201188381
 10
225.34852813742387
 20
436.84852813742384
 10
224.95922011883812
 20
437.10865543901355
 10
224.5
 20
437.2
 10
224.04077988116188
 20
437.10865543901355
 10
223.65147186257613
 20
436.84852813742384
 10
223.39134456098645
 20
436.4592201188381
 10
223.3
 20
436.0
 10
223.39134456098645
 20
435.5407798811619
 10
223.65147186257613
 20
435.15147186257616
 10
224.04077988116188
 20
434.89134456098645
 10
224.5
 20
434.8
 10
224.95922011883812
 20
434.89134456098645
 10
225.34852813742387
 20
435.15147186257616
 10
225.60865543901355
 20
435.5407798811619
 97
0
 75
0
 76
1
 98
0
  0
CIRCLE
  5
120
330
17
100
AcDbEntity
  8
S-REBAR-MAIN
100
AcDbCircle
 10
233.4
 20
534.0
 30
0.0
 40
1.2
  0
HATCH
  5
121
330
17
100
AcDbEntity
  8
S-REBAR-MAIN
 62
1
100
AcDbHatch
 10
0.0
 20
0.0
 30
0.0
210
0.0
220
0.0
230
1.0
  2
SOLID
 70
1
 71
0
 91
1
 92
3
 72
0
 73
1
 93
16
 10
234.6
 20
534.0
 10
234.50865543901355
 20
534.4592201188381
 10
234.24852813742388
 20
534.8485281374238
 10
233.85922011883812
 20
535.1086554390135
 10
233.4
 20
535.2
 10
232.9407798811619
 20
535.1086554390135
 10
232.55147186257614
 20
534.8485281374238
 10
232.29134456098646
 20
534.4592201188381
 10
232.20000000000002
 20
534.0
 10
232.29134456098646
 20
533.5407798811619
 10
232.55147186257614
 20
533.1514718625762
 10
232.9407798811619
 20
532.8913445609865
 10
233.4
 20
532.8
 10
233.85922011883812
 20
532.8913445609865
 10
234.24852813742388
 20
533.1514718625762
 10
234.50865543901355
 20
533.5407798811619
 97
0
 75
0
 76
1
 98
0
  0
CIRCLE
  5
122
330
17
100
AcDbEntity
  8
S-REBAR-MAIN
100
AcDbCircle
 10
233.4
 20
436.0
 30
0.0
 40
1.2
  0
HATCH
  5
123
330
17
100
AcDbEntity
  8
S-REBAR-MAIN
 62
1
100
AcDbHatch
 10
0.0
 20
0.0
 30
0.0
210
0.0
220
0.0
230
1.0
  2
SOLID
 70
1
 71
0
 91
1
 92
3
 72
0
 73
1
 93
16
 10
234.6
 20
436.0
 10
234.50865543901355
 20
436.4592201188381
 10
234.24852813742388
 20
436.84852813742384
 10
233.85922011883812
 20
437.10865543901355
 10
233.4
 20
437.2
 10
232.9407798811619
 20
437.10865543901355
 10
232.55147186257614
 20
436.84852813742384
 10
232.29134456098646
 20
436.4592201188381
 10
232.20000000000002
 20
436.0
 10
232.29134456098646
 20
435.5407798811619
 10
232.55147186257614
 20
435.15147186257616
 10
232.9407798811619
 20
434.89134456098645
 10
233.4
 20
434.8
 10
233.85922011883812
 20
434.89134456098645
 10
234.24852813742388
 20
435.15147186257616
 10
234.50865543901355
 20
435.5407798811619
 97
0
 75
0
 76
1
 98
0
  0
LWPOLYLINE
  5
124
330
17
100
AcDbEntity
  8
S-REBAR-STIRRUP
100
AcDbPolyline
 90
4
 70
1
 10
204.0
 20
434.0
 10
236.0
 20
434.0
 10
236.0
 20
536.0
 10
204.0
 20
536.0
  0
LINE
  5
125
330
17
100
AcDbEntity
  8
S-REBAR-STIRRUP
100
AcDbLine
 10
215.5
 20
434.0
 30
0.0
 11
215.5
 21
536.0
 31
0.0
  0
LINE
  5
126
330
17
100
AcDbEntity
  8
S-REBAR-STIRRUP
100
AcDbLine
 10
224.5
 20
434.0
 30
0.0
 11
224.5
 21
536.0
 31
0.0
  0
DIMENSION
  5
127
330
17
100
AcDbEntity
  8
S-DIM
100
AcDbDimension
280
0
  2
*D4
  3
SC-DIM
 10
200.0
 20
410.0
 30
0.0
 11
220.0
 21
411.7
 31
0.0
 70
32
 71
5
  1
<>
100
AcDbAlignedDimension
 13
200.0
 23
430.0
 33
0.0
 14
240.0
 24
430.0
 34
0.0
 50
0.0
100
AcDbRotatedDimension
1001
ACAD
1000
DSTYLE
1002
{
1070
144
1040
10.0
1002
}
  0
DIMENSION
  5
136
330
17
100
AcDbEntity
  8
S-DIM
100
AcDbDimension
280
0
  2
*D5
  3
SC-DIM
 10
270.0
 20
430.0
 30
0.0
 11
268.3
 21
485.0
 31
0.0
 70
32
 71
5
  1
<>
100
AcDbAlignedDimension
 13
240.0
 23
430.0
 33
0.0
 14
240.0
 24
540.0
 34
0.0
 50
90.0
100
AcDbRotatedDimension
1001
ACAD
1000
DSTYLE
1002
{
1070
144
1040
10.0
1002
}
  0
TEXT
  5
145
330
17
100
AcDbEntity
  8
S-TEXT
100
AcDbText
 10
246.0
 20
530.0
 30
0.0
 40
1.4
  1
4-T20 TOP
  7
OpenSans
 11
246.0
 21
530.0
 31
0.0
100
AcDbText
  0
TEXT
  5
146
330
17
100
AcDbEntity
  8
S-TEXT
100
AcDbText
 10
246.0
 20
432.0
 30
0.0
 40
1.4
  1
4-T20 BOTTOM
  7
OpenSans
 11
246.0
 21
432.0
 31
0.0
100
AcDbText
  0
TEXT
  5
147
330
17
100
AcDbEntity
  8
S-TEXT
100
AcDbText
 10
246.0
 20
482.0
 30
0.0
 40
1.4
  1
T12 4-LEG LINKS @ 150
  7
OpenSans
 11
246.0
 21
482.0
 31
0.0
100
AcDbText
  0
TEXT
  5
148
330
17
100
AcDbEntity
  8
S-TEXT
100
AcDbText
 10
200.0
 20
388.0
 30
0.0
 40
1.4
  1
COVER 40
  7
OpenSans
 11
200.0
 21
388.0
 31
0.0
100
AcDbText
  0
TEXT
  5
149
330
17
100
AcDbEntity
  8
S-TITLE
100
AcDbText
 10
190.0
 20
552.0
 30
0.0
 40
3.5
  1
V2   HEADER SECTION
  7
OpenSans
 11
190.0
 21
552.0
 31
0.0
100
AcDbText
  0
LINE
  5
14A
330
17
100
AcDbEntity
  8
S-TITLE
100
AcDbLine
 10
190.0
 20
550.2
 30
0.0
 11
233.89
 21
550.2
 31
0.0
  0
TEXT
  5
14B
330
17
100
AcDbEntity
  8
S-TEXT
100
AcDbText
 10
190.0
 20
544.8
 30
0.0
 40
2.0
  1
SCALE 1:10
  7
OpenSans
 11
190.0
 21
544.8
 31
0.0
100
AcDbText
  0
LWPOLYLINE
  5
14C
330
17
100
AcDbEntity
  8
S-CONCRETE
100
AcDbPolyline
 90
4
 70
1
 10
270.0
 20
460.0
 10
375.0
 20
460.0
 10
375.0
 20
500.0
 10
270.0
 20
500.0
  0
HATCH
  5
14D
330
17
100
AcDbEntity
  8
S-HATCH
 62
7
100
AcDbHatch
 10
0.0
 20
0.0
 30
0.0
210
0.0
220
0.0
230
1.0
  2
ANSI31
 70
0
 71
0
 91
1
 92
3
 72
0
 73
1
 93
4
 10
270.0
 20
460.0
 10
375.0
 20
460.0
 10
375.0
 20
500.0
 10
270.0
 20
500.0
 97
0
 75
1
 76
1
 52
0.0
 41
1.6
 77
0
 78
1
 53
45.0
 43
0.0
 44
0.0
 45
-3.5921024485
 46
3.5921024485
 79
0
 98
0
  0
LINE
  5
14E
330
17
100
AcDbEntity
  8
S-HIDDEN
100
AcDbLine
 10
270.0
 20
475.0
 30
0.0
 11
272.0
 21
475.0
 31
0.0
  0
LINE
  5
14F
330
17
100
AcDbEntity
  8
S-HIDDEN
100
AcDbLine
 10
273.4
 20
475.0
 30
0.0
 11
275.4
 21
475.0
 31
0.0
  0
LINE
  5
150
330
17
100
AcDbEntity
  8
S-HIDDEN
100
AcDbLine
 10
276.8
 20
475.0
 30
0.0
 11
278.8
 21
475.0
 31
0.0
  0
LINE
  5
151
330
17
100
AcDbEntity
  8
S-HIDDEN
100
AcDbLine
 10
280.2
 20
475.0
 30
0.0
 11
282.2
 21
475.0
 31
0.0
  0
LINE
  5
152
330
17
100
AcDbEntity
  8
S-HIDDEN
100
AcDbLine
 10
283.6
 20
475.0
 30
0.0
 11
285.6
 21
475.0
 31
0.0
  0
LINE
  5
153
330
17
100
AcDbEntity
  8
S-HIDDEN
100
AcDbLine
 10
287.0
 20
475.0
 30
0.0
 11
289.0
 21
475.0
 31
0.0
  0
LINE
  5
154
330
17
100
AcDbEntity
  8
S-HIDDEN
100
AcDbLine
 10
290.4
 20
475.0
 30
0.0
 11
292.4
 21
475.0
 31
0.0
  0
LINE
  5
155
330
17
100
AcDbEntity
  8
S-HIDDEN
100
AcDbLine
 10
293.8
 20
475.0
 30
0.0
 11
295.8
 21
475.0
 31
0.0
  0
LINE
  5
156
330
17
100
AcDbEntity
  8
S-HIDDEN
100
AcDbLine
 10
297.2
 20
475.0
 30
0.0
 11
299.2
 21
475.0
 31
0.0
  0
LINE
  5
157
330
17
100
AcDbEntity
  8
S-HIDDEN
100
AcDbLine
 10
300.6
 20
475.0
 30
0.0
 11
302.6
 21
475.0
 31
0.0
  0
LINE
  5
158
330
17
100
AcDbEntity
  8
S-HIDDEN
100
AcDbLine
 10
304.0
 20
475.0
 30
0.0
 11
306.0
 21
475.0
 31
0.0
  0
LINE
  5
159
330
17
100
AcDbEntity
  8
S-HIDDEN
100
AcDbLine
 10
307.4
 20
475.0
 30
0.0
 11
309.4
 21
475.0
 31
0.0
  0
LINE
  5
15A
330
17
100
AcDbEntity
  8
S-HIDDEN
100
AcDbLine
 10
310.8
 20
475.0
 30
0.0
 11
312.8
 21
475.0
 31
0.0
  0
LINE
  5
15B
330
17
100
AcDbEntity
  8
S-HIDDEN
100
AcDbLine
 10
314.2
 20
475.0
 30
0.0
 11
316.2
 21
475.0
 31
0.0
  0
LINE
  5
15C
330
17
100
AcDbEntity
  8
S-HIDDEN
100
AcDbLine
 10
317.59999999999997
 20
475.0
 30
0.0
 11
319.59999999999997
 21
475.0
 31
0.0
  0
LINE
  5
15D
330
17
100
AcDbEntity
  8
S-HIDDEN
100
AcDbLine
 10
321.0
 20
475.0
 30
0.0
 11
323.0
 21
475.0
 31
0.0
  0
LINE
  5
15E
330
17
100
AcDbEntity
  8
S-HIDDEN
100
AcDbLine
 10
324.4
 20
475.0
 30
0.0
 11
326.4
 21
475.0
 31
0.0
  0
LINE
  5
15F
330
17
100
AcDbEntity
  8
S-HIDDEN
100
AcDbLine
 10
327.79999999999995
 20
475.0
 30
0.0
 11
329.79999999999995
 21
475.0
 31
0.0
  0
LINE
  5
160
330
17
100
AcDbEntity
  8
S-HIDDEN
100
AcDbLine
 10
331.2
 20
475.0
 30
0.0
 11
333.2
 21
475.0
 31
0.0
  0
LINE
  5
161
330
17
100
AcDbEntity
  8
S-HIDDEN
100
AcDbLine
 10
334.59999999999997
 20
475.0
 30
0.0
 11
336.59999999999997
 21
475.0
 31
0.0
  0
LINE
  5
162
330
17
100
AcDbEntity
  8
S-HIDDEN
100
AcDbLine
 10
338.0
 20
475.0
 30
0.0
 11
340.0
 21
475.0
 31
0.0
  0
LINE
  5
163
330
17
100
AcDbEntity
  8
S-HIDDEN
100
AcDbLine
 10
341.4
 20
475.0
 30
0.0
 11
343.4
 21
475.0
 31
0.0
  0
LINE
  5
164
330
17
100
AcDbEntity
  8
S-HIDDEN
100
AcDbLine
 10
344.8
 20
475.0
 30
0.0
 11
346.8
 21
475.0
 31
0.0
  0
LINE
  5
165
330
17
100
AcDbEntity
  8
S-HIDDEN
100
AcDbLine
 10
348.2
 20
475.0
 30
0.0
 11
350.2
 21
475.0
 31
0.0
  0
LINE
  5
166
330
17
100
AcDbEntity
  8
S-HIDDEN
100
AcDbLine
 10
351.6
 20
475.0
 30
0.0
 11
353.6
 21
475.0
 31
0.0
  0
LINE
  5
167
330
17
100
AcDbEntity
  8
S-HIDDEN
100
AcDbLine
 10
355.0
 20
475.0
 30
0.0
 11
357.0
 21
475.0
 31
0.0
  0
LINE
  5
168
330
17
100
AcDbEntity
  8
S-HIDDEN
100
AcDbLine
 10
358.40000000000003
 20
475.0
 30
0.0
 11
360.40000000000003
 21
475.0
 31
0.0
  0
LINE
  5
169
330
17
100
AcDbEntity
  8
S-HIDDEN
100
AcDbLine
 10
361.8
 20
475.0
 30
0.0
 11
363.8
 21
475.0
 31
0.0
  0
LINE
  5
16A
330
17
100
AcDbEntity
  8
S-HIDDEN
100
AcDbLine
 10
365.20000000000005
 20
475.0
 30
0.0
 11
367.20000000000005
 21
475.0
 31
0.0
  0
LINE
  5
16B
330
17
100
AcDbEntity
  8
S-HIDDEN
100
AcDbLine
 10
368.6
 20
475.0
 30
0.0
 11
370.6
 21
475.0
 31
0.0
  0
LINE
  5
16C
330
17
100
AcDbEntity
  8
S-HIDDEN
100
AcDbLine
 10
372.00000000000006
 20
475.0
 30
0.0
 11
374.00000000000006
 21
475.0
 31
0.0
  0
TEXT
  5
16D
330
17
100
AcDbEntity
  8
S-TEXT
100
AcDbText
 10
272.0
 20
477.0
 30
0.0
 40
1.4
  1
WALL 300 / ROOF 500 ACT TOGETHER
  7
OpenSans
 11
272.0
 21
477.0
 31
0.0
100
AcDbText
  0
LINE
  5
16E
330
17
100
AcDbEntity
  8
S-REBAR-MAIN
100
AcDbLine
 10
272.0
 20
497.0
 30
0.0
 11
373.0
 21
497.0
 31
0.0
  0
LINE
  5
16F
330
17
100
AcDbEntity
  8
S-REBAR-MAIN
100
AcDbLine
 10
272.0
 20
463.0
 30
0.0
 11
373.0
 21
463.0
 31
0.0
  0
LINE
  5
170
330
17
100
AcDbEntity
  8
S-REBAR-STIRRUP
100
AcDbLine
 10
273.0
 20
462.0
 30
0.0
 11
273.0
 21
498.0
 31
0.0
  0
LINE
  5
171
330
17
100
AcDbEntity
  8
S-REBAR-STIRRUP
100
AcDbLine
 10
280.5
 20
462.0
 30
0.0
 11
280.5
 21
498.0
 31
0.0
  0
LINE
  5
172
330
17
100
AcDbEntity
  8
S-REBAR-STIRRUP
100
AcDbLine
 10
288.0
 20
462.0
 30
0.0
 11
288.0
 21
498.0
 31
0.0
  0
LINE
  5
173
330
17
100
AcDbEntity
  8
S-REBAR-STIRRUP
100
AcDbLine
 10
295.5
 20
462.0
 30
0.0
 11
295.5
 21
498.0
 31
0.0
  0
LINE
  5
174
330
17
100
AcDbEntity
  8
S-REBAR-STIRRUP
100
AcDbLine
 10
303.0
 20
462.0
 30
0.0
 11
303.0
 21
498.0
 31
0.0
  0
LINE
  5
175
330
17
100
AcDbEntity
  8
S-REBAR-STIRRUP
100
AcDbLine
 10
310.5
 20
462.0
 30
0.0
 11
310.5
 21
498.0
 31
0.0
  0
LINE
  5
176
330
17
100
AcDbEntity
  8
S-REBAR-STIRRUP
100
AcDbLine
 10
318.0
 20
462.0
 30
0.0
 11
318.0
 21
498.0
 31
0.0
  0
LINE
  5
177
330
17
100
AcDbEntity
  8
S-REBAR-STIRRUP
100
AcDbLine
 10
325.5
 20
462.0
 30
0.0
 11
325.5
 21
498.0
 31
0.0
  0
LINE
  5
178
330
17
100
AcDbEntity
  8
S-REBAR-STIRRUP
100
AcDbLine
 10
333.0
 20
462.0
 30
0.0
 11
333.0
 21
498.0
 31
0.0
  0
LINE
  5
179
330
17
100
AcDbEntity
  8
S-REBAR-STIRRUP
100
AcDbLine
 10
340.5
 20
462.0
 30
0.0
 11
340.5
 21
498.0
 31
0.0
  0
LINE
  5
17A
330
17
100
AcDbEntity
  8
S-REBAR-STIRRUP
100
AcDbLine
 10
348.0
 20
462.0
 30
0.0
 11
348.0
 21
498.0
 31
0.0
  0
LINE
  5
17B
330
17
100
AcDbEntity
  8
S-REBAR-STIRRUP
100
AcDbLine
 10
355.5
 20
462.0
 30
0.0
 11
355.5
 21
498.0
 31
0.0
  0
LINE
  5
17C
330
17
100
AcDbEntity
  8
S-REBAR-STIRRUP
100
AcDbLine
 10
363.0
 20
462.0
 30
0.0
 11
363.0
 21
498.0
 31
0.0
  0
LINE
  5
17D
330
17
100
AcDbEntity
  8
S-REBAR-STIRRUP
100
AcDbLine
 10
370.5
 20
462.0
 30
0.0
 11
370.5
 21
498.0
 31
0.0
  0
DIMENSION
  5
17E
330
17
100
AcDbEntity
  8
S-DIM
100
AcDbDimension
280
0
  2
*D6
  3
SC-DIM
 10
300.0
 20
445.0
 30
0.0
 11
322.5
 21
446.7
 31
0.0
 70
32
 71
5
  1
<>
100
AcDbAlignedDimension
 13
300.0
 23
460.0
 33
0.0
 14
345.0
 24
460.0
 34
0.0
 50
0.0
100
AcDbRotatedDimension
1001
ACAD
1000
DSTYLE
1002
{
1070
144
1040
20.0
1002
}
  0
DIMENSION
  5
18D
330
17
100
AcDbEntity
  8
S-DIM
100
AcDbDimension
280
0
  2
*D7
  3
SC-DIM
 10
270.0
 20
420.0
 30
0.0
 11
285.0
 21
421.7
 31
0.0
 70
32
 71
5
  1
<>
100
AcDbAlignedDimension
 13
270.0
 23
460.0
 33
0.0
 14
300.0
 24
460.0
 34
0.0
 50
0.0
100
AcDbRotatedDimension
1001
ACAD
1000
DSTYLE
1002
{
1070
144
1040
20.0
1002
}
  0
DIMENSION
  5
19C
330
17
100
AcDbEntity
  8
S-DIM
100
AcDbDimension
280
0
  2
*D8
  3
SC-DIM
 10
390.0
 20
460.0
 30
0.0
 11
388.3
 21
480.0
 31
0.0
 70
32
 71
5
  1
<>
100
AcDbAlignedDimension
 13
375.0
 23
460.0
 33
0.0
 14
375.0
 24
500.0
 34
0.0
 50
90.0
100
AcDbRotatedDimension
1001
ACAD
1000
DSTYLE
1002
{
1070
144
1040
20.0
1002
}
  0
INSERT
  5
1AB
330
17
100
AcDbEntity
  8
S-CALLOUT
100
AcDbBlockReference
  2
BARMARK
 10
286.0
 20
508.0
 30
0.0
  0
TEXT
  5
1AD
330
17
100
AcDbEntity
  8
S-CALLOUT
100
AcDbText
 10
286.0
 20
508.0
 30
0.0
 40
2.0
  1
H08
  7
OpenSans
 72
1
 11
286.0
 21
508.0
 31
0.0
100
AcDbText
 73
2
  0
LEADER
  5
1AE
330
17
100
AcDbEntity
  8
S-CALLOUT
100
AcDbLeader
  3
SC-DIM
 73
3
 76
2
 10
322.5
 20
497.0
 30
0.0
 10
286.0
 20
508.0
 30
0.0
  0
INSERT
  5
1AF
330
17
100
AcDbEntity
  8
S-CALLOUT
100
AcDbBlockReference
  2
BARMARK
 10
352.0
 20
486.0
 30
0.0
  0
TEXT
  5
1B1
330
17
100
AcDbEntity
  8
S-CALLOUT
100
AcDbText
 10
352.0
 20
486.0
 30
0.0
 40
2.0
  1
H09
  7
OpenSans
 72
1
 11
352.0
 21
486.0
 31
0.0
100
AcDbText
 73
2
  0
LEADER
  5
1B2
330
17
100
AcDbEntity
  8
S-CALLOUT
100
AcDbLeader
  3
SC-DIM
 73
3
 76
2
 10
345.0
 20
480.0
 30
0.0
 10
352.0
 20
486.0
 30
0.0
  0
TEXT
  5
1B3
330
17
100
AcDbEntity
  8
S-TITLE
100
AcDbText
 10
280.0
 20
552.0
 30
0.0
 40
3.5
  1
V3   HEADHOUSE DOOR-HEAD EDGE BAND 400 x 800
  7
OpenSans
 11
280.0
 21
552.0
 31
0.0
100
AcDbText
  0
LINE
  5
1B4
330
17
100
AcDbEntity
  8
S-TITLE
100
AcDbLine
 10
280.0
 20
550.2
 30
0.0
 11
381.64
 21
550.2
 31
0.0
  0
TEXT
  5
1B5
330
17
100
AcDbEntity
  8
S-TEXT
100
AcDbText
 10
280.0
 20
544.8
 30
0.0
 40
2.0
  1
SCALE 1:20
  7
OpenSans
 11
280.0
 21
544.8
 31
0.0
100
AcDbText
  0
LWPOLYLINE
  5
1B6
330
17
100
AcDbEntity
  8
S-CONCRETE
100
AcDbPolyline
 90
4
 70
1
 10
416.0
 20
470.0
 10
514.0
 20
470.0
 10
514.0
 20
487.5
 10
416.0
 20
487.5
  0
HATCH
  5
1B7
330
17
100
AcDbEntity
  8
S-HATCH
 62
7
100
AcDbHatch
 10
0.0
 20
0.0
 30
0.0
210
0.0
220
0.0
230
1.0
  2
ANSI31
 70
0
 71
0
 91
1
 92
3
 72
0
 73
1
 93
4
 10
416.0
 20
470.0
 10
514.0
 20
470.0
 10
514.0
 20
487.5
 10
416.0
 20
487.5
 97
0
 75
1
 76
1
 52
0.0
 41
1.6
 77
0
 78
1
 53
45.0
 43
0.0
 44
0.0
 45
-3.5921024485
 46
3.5921024485
 79
0
 98
0
  0
LINE
  5
1B8
330
17
100
AcDbEntity
  8
S-REBAR-MAIN
100
AcDbLine
 10
417.5
 20
485.7
 30
0.0
 11
512.5
 21
485.7
 31
0.0
  0
LINE
  5
1B9
330
17
100
AcDbEntity
  8
S-REBAR-MAIN
100
AcDbLine
 10
417.5
 20
471.8
 30
0.0
 11
512.5
 21
471.8
 31
0.0
  0
LINE
  5
1BA
330
17
100
AcDbEntity
  8
S-REBAR-STIRRUP
100
AcDbLine
 10
421.25
 20
471.5
 30
0.0
 11
421.25
 21
486.0
 31
0.0
  0
LINE
  5
1BB
330
17
100
AcDbEntity
  8
S-REBAR-STIRRUP
100
AcDbLine
 10
428.75
 20
471.5
 30
0.0
 11
428.75
 21
486.0
 31
0.0
  0
LINE
  5
1BC
330
17
100
AcDbEntity
  8
S-REBAR-STIRRUP
100
AcDbLine
 10
436.25
 20
471.5
 30
0.0
 11
436.25
 21
486.0
 31
0.0
  0
LINE
  5
1BD
330
17
100
AcDbEntity
  8
S-REBAR-STIRRUP
100
AcDbLine
 10
443.75
 20
471.5
 30
0.0
 11
443.75
 21
486.0
 31
0.0
  0
LINE
  5
1BE
330
17
100
AcDbEntity
  8
S-REBAR-STIRRUP
100
AcDbLine
 10
451.25
 20
471.5
 30
0.0
 11
451.25
 21
486.0
 31
0.0
  0
LINE
  5
1BF
330
17
100
AcDbEntity
  8
S-REBAR-STIRRUP
100
AcDbLine
 10
458.75
 20
471.5
 30
0.0
 11
458.75
 21
486.0
 31
0.0
  0
LINE
  5
1C0
330
17
100
AcDbEntity
  8
S-REBAR-STIRRUP
100
AcDbLine
 10
466.25
 20
471.5
 30
0.0
 11
466.25
 21
486.0
 31
0.0
  0
LINE
  5
1C1
330
17
100
AcDbEntity
  8
S-REBAR-STIRRUP
100
AcDbLine
 10
473.75
 20
471.5
 30
0.0
 11
473.75
 21
486.0
 31
0.0
  0
LINE
  5
1C2
330
17
100
AcDbEntity
  8
S-REBAR-STIRRUP
100
AcDbLine
 10
481.25
 20
471.5
 30
0.0
 11
481.25
 21
486.0
 31
0.0
  0
LINE
  5
1C3
330
17
100
AcDbEntity
  8
S-REBAR-STIRRUP
100
AcDbLine
 10
488.75
 20
471.5
 30
0.0
 11
488.75
 21
486.0
 31
0.0
  0
LINE
  5
1C4
330
17
100
AcDbEntity
  8
S-REBAR-STIRRUP
100
AcDbLine
 10
496.25
 20
471.5
 30
0.0
 11
496.25
 21
486.0
 31
0.0
  0
LINE
  5
1C5
330
17
100
AcDbEntity
  8
S-REBAR-STIRRUP
100
AcDbLine
 10
503.75
 20
471.5
 30
0.0
 11
503.75
 21
486.0
 31
0.0
  0
LINE
  5
1C6
330
17
100
AcDbEntity
  8
S-REBAR-STIRRUP
100
AcDbLine
 10
511.25
 20
471.5
 30
0.0
 11
511.25
 21
486.0
 31
0.0
  0
DIMENSION
  5
1C7
330
17
100
AcDbEntity
  8
S-DIM
100
AcDbDimension
280
0
  2
*D9
  3
SC-DIM
 10
440.0
 20
455.0
 30
0.0
 11
465.0
 21
456.7
 31
0.0
 70
32
 71
5
  1
<>
100
AcDbAlignedDimension
 13
440.0
 23
470.0
 33
0.0
 14
490.0
 24
470.0
 34
0.0
 50
0.0
100
AcDbRotatedDimension
1001
ACAD
1000
DSTYLE
1002
{
1070
144
1040
20.0
1002
}
  0
DIMENSION
  5
1D6
330
17
100
AcDbEntity
  8
S-DIM
100
AcDbDimension
280
0
  2
*D10
  3
SC-DIM
 10
525.0
 20
470.0
 30
0.0
 11
523.3
 21
478.75
 31
0.0
 70
32
 71
5
  1
<>
100
AcDbAlignedDimension
 13
514.0
 23
470.0
 33
0.0
 14
514.0
 24
487.5
 34
0.0
 50
90.0
100
AcDbRotatedDimension
1001
ACAD
1000
DSTYLE
1002
{
1070
144
1040
20.0
1002
}
  0
INSERT
  5
1E5
330
17
100
AcDbEntity
  8
S-CALLOUT
100
AcDbBlockReference
  2
BARMARK
 10
426.0
 20
508.0
 30
0.0
  0
TEXT
  5
1E7
330
17
100
AcDbEntity
  8
S-CALLOUT
100
AcDbText
 10
426.0
 20
508.0
 30
0.0
 40
2.0
  1
E10
  7
OpenSans
 72
1
 11
426.0
 21
508.0
 31
0.0
100
AcDbText
 73
2
  0
LEADER
  5
1E8
330
17
100
AcDbEntity
  8
S-CALLOUT
100
AcDbLeader
  3
SC-DIM
 73
3
 76
2
 10
465.0
 20
486.0
 30
0.0
 10
426.0
 20
508.0
 30
0.0
  0
INSERT
  5
1E9
330
17
100
AcDbEntity
  8
S-CALLOUT
100
AcDbBlockReference
  2
BARMARK
 10
500.0
 20
500.0
 30
0.0
  0
TEXT
  5
1EB
330
17
100
AcDbEntity
  8
S-CALLOUT
100
AcDbText
 10
500.0
 20
500.0
 30
0.0
 40
2.0
  1
E11
  7
OpenSans
 72
1
 11
500.0
 21
500.0
 31
0.0
100
AcDbText
 73
2
  0
LEADER
  5
1EC
330
17
100
AcDbEntity
  8
S-CALLOUT
100
AcDbLeader
  3
SC-DIM
 73
3
 76
2
 10
500.0
 20
478.75
 30
0.0
 10
500.0
 20
500.0
 30
0.0
  0
TEXT
  5
1ED
330
17
100
AcDbEntity
  8
S-TITLE
100
AcDbText
 10
420.0
 20
552.0
 30
0.0
 40
3.5
  1
V4   ENTRY-DOOR LINTEL 250 x 350
  7
OpenSans
 11
420.0
 21
552.0
 31
0.0
100
AcDbText
  0
LINE
  5
1EE
330
17
100
AcDbEntity
  8
S-TITLE
100
AcDbLine
 10
420.0
 20
550.2
 30
0.0
 11
493.92
 21
550.2
 31
0.0
  0
TEXT
  5
1EF
330
17
100
AcDbEntity
  8
S-TEXT
100
AcDbText
 10
420.0
 20
544.8
 30
0.0
 40
2.0
  1
SCALE 1:20
  7
OpenSans
 11
420.0
 21
544.8
 31
0.0
100
AcDbText
  0
TEXT
  5
1F0
330
17
100
AcDbEntity
  8
S-TEXT
100
AcDbText
 10
420.0
 20
424.0
 30
0.0
 40
1.4
  1
NOT BLAST RATED - THE ENTRY STAIRWELL IS OUTSIDE THE PROTECTIVE
  7
OpenSans
 11
420.0
 21
424.0
 31
0.0
100
AcDbText
  0
TEXT
  5
1F1
330
17
100
AcDbEntity
  8
S-TEXT
100
AcDbText
 10
420.0
 20
419.0
 30
0.0
 40
1.4
  1
BOUNDARY AND IS DECLARED EXPENDABLE.
  7
OpenSans
 11
420.0
 21
419.0
 31
0.0
100
AcDbText
  0
TEXT
  5
1F2
330
17
100
AcDbEntity
  8
S-TITLE
100
AcDbText
 10
32.0
 20
396.6
 30
0.0
 40
2.5
  1
BEAM-TYPE ELEMENTS - DESIGN
  7
OpenSans
 11
32.0
 21
396.6
 31
0.0
100
AcDbText
  0
TEXT
  5
1F3
330
17
100
AcDbEntity
  8
S-NOTE
100
AcDbText
 10
32.0
 20
392.6
 30
0.0
 40
1.4
  1
BLAST-DOOR HEADER 400 x 1100 over a 1200 clear opening
  7
OpenSans
 11
32.0
 21
392.6
 31
0.0
100
AcDbText
  0
TEXT
  5
1F4
330
17
100
AcDbEntity
  8
S-NOTE
100
AcDbText
 10
32.0
 20
389.55
 30
0.0
 40
1.4
  1
  w = 383 x 2.100 / 2                     =  402 kN/m
  7
OpenSans
 11
32.0
 21
389.55
 31
0.0
100
AcDbText
  0
TEXT
  5
1F5
330
17
100
AcDbEntity
  8
S-NOTE
100
AcDbText
 10
32.0
 20
386.5
 30
0.0
 40
1.4
  1
  M = w L2 / 12                           =  48.2 kNm
  7
OpenSans
 11
32.0
 21
386.5
 31
0.0
100
AcDbText
  0
TEXT
  5
1F6
330
17
100
AcDbEntity
  8
S-NOTE
100
AcDbText
 10
32.0
 20
383.45
 30
0.0
 40
1.4
  1
  V = w L / 2                             =  241 kN
  7
OpenSans
 11
32.0
 21
383.45
 31
0.0
100
AcDbText
  0
TEXT
  5
1F7
330
17
100
AcDbEntity
  8
S-NOTE
100
AcDbText
 10
32.0
 20
380.4
 30
0.0
 40
1.4
  1
  tau = 0.578 N/mm2
  7
OpenSans
 11
32.0
 21
380.4
 31
0.0
100
AcDbText
  0
TEXT
  5
1F8
330
17
100
AcDbEntity
  8
S-NOTE
100
AcDbText
 10
32.0
 20
377.34999999999997
 30
0.0
 40
1.4
  1
  ADOPTED  4-T20 TOP + 4-T20 BOTTOM, T12 4-LEGGED LINKS @ 150
  7
OpenSans
 11
32.0
 21
377.34999999999997
 31
0.0
100
AcDbText
  0
TEXT
  5
1F9
330
17
100
AcDbEntity
  8
S-NOTE
100
AcDbText
 10
32.0
 20
374.29999999999995
 30
0.0
 40
1.4
  1
  Bars anchored Ld = 800 beyond each opening face.
  7
OpenSans
 11
32.0
 21
374.29999999999995
 31
0.0
100
AcDbText
  0
TEXT
  5
1FA
330
17
100
AcDbEntity
  8
S-NOTE
100
AcDbText
 10
32.0
 20
371.24999999999994
 30
0.0
 40
1.4
  1

  7
OpenSans
 11
32.0
 21
371.24999999999994
 31
0.0
100
AcDbText
  0
TEXT
  5
1FB
330
17
100
AcDbEntity
  8
S-NOTE
100
AcDbText
 10
32.0
 20
368.19999999999993
 30
0.0
 40
1.4
  1
HEADHOUSE DOOR-HEAD EDGE BAND 400 x 800 over a 900 clear opening
  7
OpenSans
 11
32.0
 21
368.19999999999993
 31
0.0
100
AcDbText
  0
TEXT
  5
1FC
330
17
100
AcDbEntity
  8
S-NOTE
100
AcDbText
 10
32.0
 20
365.1499999999999
 30
0.0
 40
1.4
  1
  w = 383 x 2.100 / 2                     =  402 kN/m
  7
OpenSans
 11
32.0
 21
365.1499999999999
 31
0.0
100
AcDbText
  0
TEXT
  5
1FD
330
17
100
AcDbEntity
  8
S-NOTE
100
AcDbText
 10
32.0
 20
362.0999999999999
 30
0.0
 40
1.4
  1
  M = w L2 / 12                           =  27.1 kNm
  7
OpenSans
 11
32.0
 21
362.0999999999999
 31
0.0
100
AcDbText
  0
TEXT
  5
1FE
330
17
100
AcDbEntity
  8
S-NOTE
100
AcDbText
 10
32.0
 20
359.0499999999999
 30
0.0
 40
1.4
  1
  V                                       =  181 kN
  7
OpenSans
 11
32.0
 21
359.0499999999999
 31
0.0
100
AcDbText
  0
TEXT
  5
1FF
330
17
100
AcDbEntity
  8
S-NOTE
100
AcDbText
 10
32.0
 20
355.9999999999999
 30
0.0
 40
1.4
  1
  d = 800 - 40 - 8 - 10 = 742 ; tau_v     =  0.610 N/mm2
  7
OpenSans
 11
32.0
 21
355.9999999999999
 31
0.0
100
AcDbText
  0
TEXT
  5
200
330
17
100
AcDbEntity
  8
S-NOTE
100
AcDbText
 10
32.0
 20
352.9499999999999
 30
0.0
 40
1.4
  1
  ADOPTED  4-T20 TOP + 4-T20 BOTTOM, T12 4-LEGGED LINKS @ 150,
  7
OpenSans
 11
32.0
 21
352.9499999999999
 31
0.0
100
AcDbText
  0
TEXT
  5
201
330
17
100
AcDbEntity
  8
S-NOTE
100
AcDbText
 10
32.0
 20
349.89999999999986
 30
0.0
 40
1.4
  1
  OVER THE OPENING AND 600 mm EACH SIDE.
  7
OpenSans
 11
32.0
 21
349.89999999999986
 31
0.0
100
AcDbText
  0
TEXT
  5
202
330
17
100
AcDbEntity
  8
S-NOTE
100
AcDbText
 10
32.0
 20
346.84999999999985
 30
0.0
 40
1.4
  1

  7
OpenSans
 11
32.0
 21
346.84999999999985
 31
0.0
100
AcDbText
  0
TEXT
  5
203
330
17
100
AcDbEntity
  8
S-NOTE
100
AcDbText
 10
32.0
 20
343.79999999999984
 30
0.0
 40
1.4
  1
ENTRY-DOOR LINTEL 250 x 350 over a 1000 clear opening
  7
OpenSans
 11
32.0
 21
343.79999999999984
 31
0.0
100
AcDbText
  0
TEXT
  5
204
330
17
100
AcDbEntity
  8
S-NOTE
100
AcDbText
 10
32.0
 20
340.74999999999983
 30
0.0
 40
1.4
  1
  Nominal.  ADOPTED  3-T12 TOP + 3-T12 BOTTOM, T8 LINKS @ 150.
  7
OpenSans
 11
32.0
 21
340.74999999999983
 31
0.0
100
AcDbText
  0
TEXT
  5
205
330
17
100
AcDbEntity
  8
S-NOTE
100
AcDbText
 10
32.0
 20
337.6999999999998
 30
0.0
 40
1.4
  1

  7
OpenSans
 11
32.0
 21
337.6999999999998
 31
0.0
100
AcDbText
  0
TEXT
  5
206
330
17
100
AcDbEntity
  8
S-NOTE
100
AcDbText
 10
32.0
 20
334.6499999999998
 30
0.0
 40
1.4
  1
MANUAL CALCULATION - NOT DIRECT STAAD OUTPUT.  No STAAD result exists.
  7
OpenSans
 11
32.0
 21
334.6499999999998
 31
0.0
100
AcDbText
  0
LWPOLYLINE
  5
207
330
17
100
AcDbEntity
  8
S-TITLE
100
AcDbPolyline
 90
4
 70
1
 10
30.0
 20
329.5999999999998
 10
330.0
 20
329.5999999999998
 10
330.0
 20
400.0
 10
30.0
 20
400.0
  0
TEXT
  5
208
330
17
100
AcDbEntity
  8
S-TITLE
100
AcDbText
 10
30.0
 20
324.5999999999998
 30
0.0
 40
2.5
  1
BAR SCHEDULE EXTRACT - THIS SHEET
  7
OpenSans
 11
30.0
 21
324.5999999999998
 31
0.0
100
AcDbText
  0
LWPOLYLINE
  5
209
330
17
100
AcDbEntity
  8
S-TABLE
100
AcDbPolyline
 90
4
 70
1
 10
30.0
 20
317.3999999999998
 10
139.0
 20
317.3999999999998
 10
139.0
 20
321.5999999999998
 10
30.0
 20
321.5999999999998
  0
TEXT
  5
20A
330
17
100
AcDbEntity
  8
S-TABLE
100
AcDbText
 10
31.4
 20
318.6999999999998
 30
0.0
 40
1.4
  1
MARK
  7
OpenSans
 11
31.4
 21
318.6999999999998
 31
0.0
100
AcDbText
  0
TEXT
  5
20B
330
17
100
AcDbEntity
  8
S-TABLE
100
AcDbText
 10
48.4
 20
318.6999999999998
 30
0.0
 40
1.4
  1
DIA
  7
OpenSans
 11
48.4
 21
318.6999999999998
 31
0.0
100
AcDbText
  0
TEXT
  5
20C
330
17
100
AcDbEntity
  8
S-TABLE
100
AcDbText
 10
61.4
 20
318.6999999999998
 30
0.0
 40
1.4
  1
SHP
  7
OpenSans
 11
61.4
 21
318.6999999999998
 31
0.0
100
AcDbText
  0
TEXT
  5
20D
330
17
100
AcDbEntity
  8
S-TABLE
100
AcDbText
 10
73.4
 20
318.6999999999998
 30
0.0
 40
1.4
  1
SPAC
  7
OpenSans
 11
73.4
 21
318.6999999999998
 31
0.0
100
AcDbText
  0
TEXT
  5
20E
330
17
100
AcDbEntity
  8
S-TABLE
100
AcDbText
 10
88.4
 20
318.6999999999998
 30
0.0
 40
1.4
  1
No.
  7
OpenSans
 11
88.4
 21
318.6999999999998
 31
0.0
100
AcDbText
  0
TEXT
  5
20F
330
17
100
AcDbEntity
  8
S-TABLE
100
AcDbText
 10
103.4
 20
318.6999999999998
 30
0.0
 40
1.4
  1
CUT
  7
OpenSans
 11
103.4
 21
318.6999999999998
 31
0.0
100
AcDbText
  0
TEXT
  5
210
330
17
100
AcDbEntity
  8
S-TABLE
100
AcDbText
 10
120.4
 20
318.6999999999998
 30
0.0
 40
1.4
  1
kg
  7
OpenSans
 11
120.4
 21
318.6999999999998
 31
0.0
100
AcDbText
  0
TEXT
  5
211
330
17
100
AcDbEntity
  8
S-TABLE
100
AcDbText
 10
31.4
 20
314.49999999999983
 30
0.0
 40
1.4
  1
B01
  7
OpenSans
 11
31.4
 21
314.49999999999983
 31
0.0
100
AcDbText
  0
TEXT
  5
212
330
17
100
AcDbEntity
  8
S-TABLE
100
AcDbText
 10
48.4
 20
314.49999999999983
 30
0.0
 40
1.4
  1
T20
  7
OpenSans
 11
48.4
 21
314.49999999999983
 31
0.0
100
AcDbText
  0
TEXT
  5
213
330
17
100
AcDbEntity
  8
S-TABLE
100
AcDbText
 10
61.4
 20
314.49999999999983
 30
0.0
 40
1.4
  1
00
  7
OpenSans
 11
61.4
 21
314.49999999999983
 31
0.0
100
AcDbText
  0
TEXT
  5
214
330
17
100
AcDbEntity
  8
S-TABLE
100
AcDbText
 10
73.4
 20
314.49999999999983
 30
0.0
 40
1.4
  1
-
  7
OpenSans
 11
73.4
 21
314.49999999999983
 31
0.0
100
AcDbText
  0
TEXT
  5
215
330
17
100
AcDbEntity
  8
S-TABLE
100
AcDbText
 10
88.4
 20
314.49999999999983
 30
0.0
 40
1.4
  1
8
  7
OpenSans
 11
88.4
 21
314.49999999999983
 31
0.0
100
AcDbText
  0
TEXT
  5
216
330
17
100
AcDbEntity
  8
S-TABLE
100
AcDbText
 10
103.4
 20
314.49999999999983
 30
0.0
 40
1.4
  1
2800
  7
OpenSans
 11
103.4
 21
314.49999999999983
 31
0.0
100
AcDbText
  0
TEXT
  5
217
330
17
100
AcDbEntity
  8
S-TABLE
100
AcDbText
 10
120.4
 20
314.49999999999983
 30
0.0
 40
1.4
  1
55
  7
OpenSans
 11
120.4
 21
314.49999999999983
 31
0.0
100
AcDbText
  0
LINE
  5
218
330
17
100
AcDbEntity
  8
S-TABLE
100
AcDbLine
 10
30.0
 20
313.1999999999998
 30
0.0
 11
139.0
 21
313.1999999999998
 31
0.0
  0
TEXT
  5
219
330
17
100
AcDbEntity
  8
S-TABLE
100
AcDbText
 10
31.4
 20
310.29999999999984
 30
0.0
 40
1.4
  1
B02
  7
OpenSans
 11
31.4
 21
310.29999999999984
 31
0.0
100
AcDbText
  0
TEXT
  5
21A
330
17
100
AcDbEntity
  8
S-TABLE
100
AcDbText
 10
48.4
 20
310.29999999999984
 30
0.0
 40
1.4
  1
T20
  7
OpenSans
 11
48.4
 21
310.29999999999984
 31
0.0
100
AcDbText
  0
TEXT
  5
21B
330
17
100
AcDbEntity
  8
S-TABLE
100
AcDbText
 10
61.4
 20
310.29999999999984
 30
0.0
 40
1.4
  1
00
  7
OpenSans
 11
61.4
 21
310.29999999999984
 31
0.0
100
AcDbText
  0
TEXT
  5
21C
330
17
100
AcDbEntity
  8
S-TABLE
100
AcDbText
 10
73.4
 20
310.29999999999984
 30
0.0
 40
1.4
  1
-
  7
OpenSans
 11
73.4
 21
310.29999999999984
 31
0.0
100
AcDbText
  0
TEXT
  5
21D
330
17
100
AcDbEntity
  8
S-TABLE
100
AcDbText
 10
88.4
 20
310.29999999999984
 30
0.0
 40
1.4
  1
8
  7
OpenSans
 11
88.4
 21
310.29999999999984
 31
0.0
100
AcDbText
  0
TEXT
  5
21E
330
17
100
AcDbEntity
  8
S-TABLE
100
AcDbText
 10
103.4
 20
310.29999999999984
 30
0.0
 40
1.4
  1
2800
  7
OpenSans
 11
103.4
 21
310.29999999999984
 31
0.0
100
AcDbText
  0
TEXT
  5
21F
330
17
100
AcDbEntity
  8
S-TABLE
100
AcDbText
 10
120.4
 20
310.29999999999984
 30
0.0
 40
1.4
  1
55
  7
OpenSans
 11
120.4
 21
310.29999999999984
 31
0.0
100
AcDbText
  0
LINE
  5
220
330
17
100
AcDbEntity
  8
S-TABLE
100
AcDbLine
 10
30.0
 20
308.99999999999983
 30
0.0
 11
139.0
 21
308.99999999999983
 31
0.0
  0
TEXT
  5
221
330
17
100
AcDbEntity
  8
S-TABLE
100
AcDbText
 10
31.4
 20
306.09999999999985
 30
0.0
 40
1.4
  1
B03
  7
OpenSans
 11
31.4
 21
306.09999999999985
 31
0.0
100
AcDbText
  0
TEXT
  5
222
330
17
100
AcDbEntity
  8
S-TABLE
100
AcDbText
 10
48.4
 20
306.09999999999985
 30
0.0
 40
1.4
  1
T12
  7
OpenSans
 11
48.4
 21
306.09999999999985
 31
0.0
100
AcDbText
  0
TEXT
  5
223
330
17
100
AcDbEntity
  8
S-TABLE
100
AcDbText
 10
61.4
 20
306.09999999999985
 30
0.0
 40
1.4
  1
51
  7
OpenSans
 11
61.4
 21
306.09999999999985
 31
0.0
100
AcDbText
  0
TEXT
  5
224
330
17
100
AcDbEntity
  8
S-TABLE
100
AcDbText
 10
73.4
 20
306.09999999999985
 30
0.0
 40
1.4
  1
150
  7
OpenSans
 11
73.4
 21
306.09999999999985
 31
0.0
100
AcDbText
  0
TEXT
  5
225
330
17
100
AcDbEntity
  8
S-TABLE
100
AcDbText
 10
88.4
 20
306.09999999999985
 30
0.0
 40
1.4
  1
72
  7
OpenSans
 11
88.4
 21
306.09999999999985
 31
0.0
100
AcDbText
  0
TEXT
  5
226
330
17
100
AcDbEntity
  8
S-TABLE
100
AcDbText
 10
103.4
 20
306.09999999999985
 30
0.0
 40
1.4
  1
2920
  7
OpenSans
 11
103.4
 21
306.09999999999985
 31
0.0
100
AcDbText
  0
TEXT
  5
227
330
17
100
AcDbEntity
  8
S-TABLE
100
AcDbText
 10
120.4
 20
306.09999999999985
 30
0.0
 40
1.4
  1
187
  7
OpenSans
 11
120.4
 21
306.09999999999985
 31
0.0
100
AcDbText
  0
LINE
  5
228
330
17
100
AcDbEntity
  8
S-TABLE
100
AcDbLine
 10
30.0
 20
304.79999999999984
 30
0.0
 11
139.0
 21
304.79999999999984
 31
0.0
  0
TEXT
  5
229
330
17
100
AcDbEntity
  8
S-TABLE
100
AcDbText
 10
31.4
 20
301.89999999999986
 30
0.0
 40
1.4
  1
H08
  7
OpenSans
 11
31.4
 21
301.89999999999986
 31
0.0
100
AcDbText
  0
TEXT
  5
22A
330
17
100
AcDbEntity
  8
S-TABLE
100
AcDbText
 10
48.4
 20
301.89999999999986
 30
0.0
 40
1.4
  1
T20
  7
OpenSans
 11
48.4
 21
301.89999999999986
 31
0.0
100
AcDbText
  0
TEXT
  5
22B
330
17
100
AcDbEntity
  8
S-TABLE
100
AcDbText
 10
61.4
 20
301.89999999999986
 30
0.0
 40
1.4
  1
00
  7
OpenSans
 11
61.4
 21
301.89999999999986
 31
0.0
100
AcDbText
  0
TEXT
  5
22C
330
17
100
AcDbEntity
  8
S-TABLE
100
AcDbText
 10
73.4
 20
301.89999999999986
 30
0.0
 40
1.4
  1
-
  7
OpenSans
 11
73.4
 21
301.89999999999986
 31
0.0
100
AcDbText
  0
TEXT
  5
22D
330
17
100
AcDbEntity
  8
S-TABLE
100
AcDbText
 10
88.4
 20
301.89999999999986
 30
0.0
 40
1.4
  1
8
  7
OpenSans
 11
88.4
 21
301.89999999999986
 31
0.0
100
AcDbText
  0
TEXT
  5
22E
330
17
100
AcDbEntity
  8
S-TABLE
100
AcDbText
 10
103.4
 20
301.89999999999986
 30
0.0
 40
1.4
  1
3700
  7
OpenSans
 11
103.4
 21
301.89999999999986
 31
0.0
100
AcDbText
  0
TEXT
  5
22F
330
17
100
AcDbEntity
  8
S-TABLE
100
AcDbText
 10
120.4
 20
301.89999999999986
 30
0.0
 40
1.4
  1
73
  7
OpenSans
 11
120.4
 21
301.89999999999986
 31
0.0
100
AcDbText
  0
LINE
  5
230
330
17
100
AcDbEntity
  8
S-TABLE
100
AcDbLine
 10
30.0
 20
300.59999999999985
 30
0.0
 11
139.0
 21
300.59999999999985
 31
0.0
  0
TEXT
  5
231
330
17
100
AcDbEntity
  8
S-TABLE
100
AcDbText
 10
31.4
 20
297.6999999999999
 30
0.0
 40
1.4
  1
H09
  7
OpenSans
 11
31.4
 21
297.6999999999999
 31
0.0
100
AcDbText
  0
TEXT
  5
232
330
17
100
AcDbEntity
  8
S-TABLE
100
AcDbText
 10
48.4
 20
297.6999999999999
 30
0.0
 40
1.4
  1
T12
  7
OpenSans
 11
48.4
 21
297.6999999999999
 31
0.0
100
AcDbText
  0
TEXT
  5
233
330
17
100
AcDbEntity
  8
S-TABLE
100
AcDbText
 10
61.4
 20
297.6999999999999
 30
0.0
 40
1.4
  1
51
  7
OpenSans
 11
61.4
 21
297.6999999999999
 31
0.0
100
AcDbText
  0
TEXT
  5
234
330
17
100
AcDbEntity
  8
S-TABLE
100
AcDbText
 10
73.4
 20
297.6999999999999
 30
0.0
 40
1.4
  1
150
  7
OpenSans
 11
73.4
 21
297.6999999999999
 31
0.0
100
AcDbText
  0
TEXT
  5
235
330
17
100
AcDbEntity
  8
S-TABLE
100
AcDbText
 10
88.4
 20
297.6999999999999
 30
0.0
 40
1.4
  1
28
  7
OpenSans
 11
88.4
 21
297.6999999999999
 31
0.0
100
AcDbText
  0
TEXT
  5
236
330
17
100
AcDbEntity
  8
S-TABLE
100
AcDbText
 10
103.4
 20
297.6999999999999
 30
0.0
 40
1.4
  1
2320
  7
OpenSans
 11
103.4
 21
297.6999999999999
 31
0.0
100
AcDbText
  0
TEXT
  5
237
330
17
100
AcDbEntity
  8
S-TABLE
100
AcDbText
 10
120.4
 20
297.6999999999999
 30
0.0
 40
1.4
  1
58
  7
OpenSans
 11
120.4
 21
297.6999999999999
 31
0.0
100
AcDbText
  0
LINE
  5
238
330
17
100
AcDbEntity
  8
S-TABLE
100
AcDbLine
 10
30.0
 20
296.39999999999986
 30
0.0
 11
139.0
 21
296.39999999999986
 31
0.0
  0
TEXT
  5
239
330
17
100
AcDbEntity
  8
S-TABLE
100
AcDbText
 10
31.4
 20
293.4999999999999
 30
0.0
 40
1.4
  1
E10
  7
OpenSans
 11
31.4
 21
293.4999999999999
 31
0.0
100
AcDbText
  0
TEXT
  5
23A
330
17
100
AcDbEntity
  8
S-TABLE
100
AcDbText
 10
48.4
 20
293.4999999999999
 30
0.0
 40
1.4
  1
T12
  7
OpenSans
 11
48.4
 21
293.4999999999999
 31
0.0
100
AcDbText
  0
TEXT
  5
23B
330
17
100
AcDbEntity
  8
S-TABLE
100
AcDbText
 10
61.4
 20
293.4999999999999
 30
0.0
 40
1.4
  1
00
  7
OpenSans
 11
61.4
 21
293.4999999999999
 31
0.0
100
AcDbText
  0
TEXT
  5
23C
330
17
100
AcDbEntity
  8
S-TABLE
100
AcDbText
 10
73.4
 20
293.4999999999999
 30
0.0
 40
1.4
  1
-
  7
OpenSans
 11
73.4
 21
293.4999999999999
 31
0.0
100
AcDbText
  0
TEXT
  5
23D
330
17
100
AcDbEntity
  8
S-TABLE
100
AcDbText
 10
88.4
 20
293.4999999999999
 30
0.0
 40
1.4
  1
6
  7
OpenSans
 11
88.4
 21
293.4999999999999
 31
0.0
100
AcDbText
  0
TEXT
  5
23E
330
17
100
AcDbEntity
  8
S-TABLE
100
AcDbText
 10
103.4
 20
293.4999999999999
 30
0.0
 40
1.4
  1
1960
  7
OpenSans
 11
103.4
 21
293.4999999999999
 31
0.0
100
AcDbText
  0
TEXT
  5
23F
330
17
100
AcDbEntity
  8
S-TABLE
100
AcDbText
 10
120.4
 20
293.4999999999999
 30
0.0
 40
1.4
  1
10
  7
OpenSans
 11
120.4
 21
293.4999999999999
 31
0.0
100
AcDbText
  0
LINE
  5
240
330
17
100
AcDbEntity
  8
S-TABLE
100
AcDbLine
 10
30.0
 20
292.1999999999999
 30
0.0
 11
139.0
 21
292.1999999999999
 31
0.0
  0
TEXT
  5
241
330
17
100
AcDbEntity
  8
S-TABLE
100
AcDbText
 10
31.4
 20
289.2999999999999
 30
0.0
 40
1.4
  1
E11
  7
OpenSans
 11
31.4
 21
289.2999999999999
 31
0.0
100
AcDbText
  0
TEXT
  5
242
330
17
100
AcDbEntity
  8
S-TABLE
100
AcDbText
 10
48.4
 20
289.2999999999999
 30
0.0
 40
1.4
  1
T8
  7
OpenSans
 11
48.4
 21
289.2999999999999
 31
0.0
100
AcDbText
  0
TEXT
  5
243
330
17
100
AcDbEntity
  8
S-TABLE
100
AcDbText
 10
61.4
 20
289.2999999999999
 30
0.0
 40
1.4
  1
51
  7
OpenSans
 11
61.4
 21
289.2999999999999
 31
0.0
100
AcDbText
  0
TEXT
  5
244
330
17
100
AcDbEntity
  8
S-TABLE
100
AcDbText
 10
73.4
 20
289.2999999999999
 30
0.0
 40
1.4
  1
150
  7
OpenSans
 11
73.4
 21
289.2999999999999
 31
0.0
100
AcDbText
  0
TEXT
  5
245
330
17
100
AcDbEntity
  8
S-TABLE
100
AcDbText
 10
88.4
 20
289.2999999999999
 30
0.0
 40
1.4
  1
13
  7
OpenSans
 11
88.4
 21
289.2999999999999
 31
0.0
100
AcDbText
  0
TEXT
  5
246
330
17
100
AcDbEntity
  8
S-TABLE
100
AcDbText
 10
103.4
 20
289.2999999999999
 30
0.0
 40
1.4
  1
1120
  7
OpenSans
 11
103.4
 21
289.2999999999999
 31
0.0
100
AcDbText
  0
TEXT
  5
247
330
17
100
AcDbEntity
  8
S-TABLE
100
AcDbText
 10
120.4
 20
289.2999999999999
 30
0.0
 40
1.4
  1
6
  7
OpenSans
 11
120.4
 21
289.2999999999999
 31
0.0
100
AcDbText
  0
LINE
  5
248
330
17
100
AcDbEntity
  8
S-TABLE
100
AcDbLine
 10
30.0
 20
287.9999999999999
 30
0.0
 11
139.0
 21
287.9999999999999
 31
0.0
  0
LINE
  5
249
330
17
100
AcDbEntity
  8
S-TABLE
100
AcDbLine
 10
30.0
 20
321.5999999999998
 30
0.0
 11
139.0
 21
321.5999999999998
 31
0.0
  0
LINE
  5
24A
330
17
100
AcDbEntity
  8
S-TABLE
100
AcDbLine
 10
30.0
 20
321.5999999999998
 30
0.0
 11
30.0
 21
287.9999999999999
 31
0.0
  0
LINE
  5
24B
330
17
100
AcDbEntity
  8
S-TABLE
100
AcDbLine
 10
47.0
 20
321.5999999999998
 30
0.0
 11
47.0
 21
287.9999999999999
 31
0.0
  0
LINE
  5
24C
330
17
100
AcDbEntity
  8
S-TABLE
100
AcDbLine
 10
60.0
 20
321.5999999999998
 30
0.0
 11
60.0
 21
287.9999999999999
 31
0.0
  0
LINE
  5
24D
330
17
100
AcDbEntity
  8
S-TABLE
100
AcDbLine
 10
72.0
 20
321.5999999999998
 30
0.0
 11
72.0
 21
287.9999999999999
 31
0.0
  0
LINE
  5
24E
330
17
100
AcDbEntity
  8
S-TABLE
100
AcDbLine
 10
87.0
 20
321.5999999999998
 30
0.0
 11
87.0
 21
287.9999999999999
 31
0.0
  0
LINE
  5
24F
330
17
100
AcDbEntity
  8
S-TABLE
100
AcDbLine
 10
102.0
 20
321.5999999999998
 30
0.0
 11
102.0
 21
287.9999999999999
 31
0.0
  0
LINE
  5
250
330
17
100
AcDbEntity
  8
S-TABLE
100
AcDbLine
 10
119.0
 20
321.5999999999998
 30
0.0
 11
119.0
 21
287.9999999999999
 31
0.0
  0
LINE
  5
251
330
17
100
AcDbEntity
  8
S-TABLE
100
AcDbLine
 10
139.0
 20
321.5999999999998
 30
0.0
 11
139.0
 21
287.9999999999999
 31
0.0
  0
TEXT
  5
252
330
17
100
AcDbEntity
  8
S-TABLE
100
AcDbText
 10
30.0
 20
283.5999999999999
 30
0.0
 40
1.4
  1
SHEET SUB-TOTAL  444 kg     FULL SCHEDULE: R-004 and Structural CAD/Schedules/BBS_MASTER.md
  7
OpenSans
 11
30.0
 21
283.5999999999999
 31
0.0
100
AcDbText
  0
TEXT
  5
253
330
17
100
AcDbEntity
  8
S-TITLE
100
AcDbText
 10
342.0
 20
396.6
 30
0.0
 40
2.5
  1
IS 13920 - APPLICABILITY TO THESE MEMBERS
  7
OpenSans
 11
342.0
 21
396.6
 31
0.0
100
AcDbText
  0
TEXT
  5
254
330
17
100
AcDbEntity
  8
S-NOTE
100
AcDbText
 10
342.0
 20
392.6
 30
0.0
 40
1.4
  1
IS 13920:2016 governs DUCTILE DETAILING OF RC STRUCTURES SUBJECTED TO
  7
OpenSans
 11
342.0
 21
392.6
 31
0.0
100
AcDbText
  0
TEXT
  5
255
330
17
100
AcDbEntity
  8
S-NOTE
100
AcDbText
 10
342.0
 20
389.55
 30
0.0
 40
1.4
  1
SEISMIC FORCES.  Its beam provisions (Cl. 6.1.x geometry, Cl. 6.2.x
  7
OpenSans
 11
342.0
 21
389.55
 31
0.0
100
AcDbText
  0
TEXT
  5
256
330
17
100
AcDbEntity
  8
S-NOTE
100
AcDbText
 10
342.0
 20
386.5
 30
0.0
 40
1.4
  1
longitudinal steel, Cl. 6.3.x capacity-design shear and hoops) apply to
  7
OpenSans
 11
342.0
 21
386.5
 31
0.0
100
AcDbText
  0
TEXT
  5
257
330
17
100
AcDbEntity
  8
S-NOTE
100
AcDbText
 10
342.0
 20
383.45
 30
0.0
 40
1.4
  1
members of a lateral-force-resisting moment frame.
  7
OpenSans
 11
342.0
 21
383.45
 31
0.0
100
AcDbText
  0
TEXT
  5
258
330
17
100
AcDbEntity
  8
S-NOTE
100
AcDbText
 10
342.0
 20
380.4
 30
0.0
 40
1.4
  1

  7
OpenSans
 11
342.0
 21
380.4
 31
0.0
100
AcDbText
  0
TEXT
  5
259
330
17
100
AcDbEntity
  8
S-NOTE
100
AcDbText
 10
342.0
 20
377.34999999999997
 30
0.0
 40
1.4
  1
THESE THREE MEMBERS ARE NOT SUCH MEMBERS.  They are local bands spanning
  7
OpenSans
 11
342.0
 21
377.34999999999997
 31
0.0
100
AcDbText
  0
TEXT
  5
25A
330
17
100
AcDbEntity
  8
S-NOTE
100
AcDbText
 10
342.0
 20
374.29999999999995
 30
0.0
 40
1.4
  1
over openings in a buried monolithic box.
  7
OpenSans
 11
342.0
 21
374.29999999999995
 31
0.0
100
AcDbText
  0
TEXT
  5
25B
330
17
100
AcDbEntity
  8
S-NOTE
100
AcDbText
 10
342.0
 20
371.24999999999994
 30
0.0
 40
1.4
  1

  7
OpenSans
 11
342.0
 21
371.24999999999994
 31
0.0
100
AcDbText
  0
TEXT
  5
25C
330
17
100
AcDbEntity
  8
S-NOTE
100
AcDbText
 10
342.0
 20
368.19999999999993
 30
0.0
 40
1.4
  1
THE DETERMINATION, WITH ITS EVIDENCE:
  7
OpenSans
 11
342.0
 21
368.19999999999993
 31
0.0
100
AcDbText
  0
TEXT
  5
25D
330
17
100
AcDbEntity
  8
S-NOTE
100
AcDbText
 10
342.0
 20
365.1499999999999
 30
0.0
 40
1.4
  1
  ·  Box seismic:  Ah 0.075, Vb 1050 kN, wall shear tau = 0.063 N/mm2.
  7
OpenSans
 11
342.0
 21
365.1499999999999
 31
0.0
100
AcDbText
  0
TEXT
  5
25E
330
17
100
AcDbEntity
  8
S-NOTE
100
AcDbText
 10
342.0
 20
362.0999999999999
 30
0.0
 40
1.4
  1
     NEGLIGIBLE.  [master A.7.8]
  7
OpenSans
 11
342.0
 21
362.0999999999999
 31
0.0
100
AcDbText
  0
TEXT
  5
25F
330
17
100
AcDbEntity
  8
S-NOTE
100
AcDbText
 10
342.0
 20
359.0499999999999
 30
0.0
 40
1.4
  1
  ·  IS 13920 Cl. 10.4 boundary elements: CHECKED AND NOT TRIGGERED.
  7
OpenSans
 11
342.0
 21
359.0499999999999
 31
0.0
100
AcDbText
  0
TEXT
  5
260
330
17
100
AcDbEntity
  8
S-NOTE
100
AcDbText
 10
342.0
 20
355.9999999999999
 30
0.0
 40
1.4
  1
  ·  Governing action on the two blast headers is COMB 103 BLAST, which
  7
OpenSans
 11
342.0
 21
355.9999999999999
 31
0.0
100
AcDbText
  0
TEXT
  5
261
330
17
100
AcDbEntity
  8
S-NOTE
100
AcDbText
 10
342.0
 20
352.9499999999999
 30
0.0
 40
1.4
  1
     IS 4991 Cl. 11.1 FORBIDS combining with earthquake.
  7
OpenSans
 11
342.0
 21
352.9499999999999
 31
0.0
100
AcDbText
  0
TEXT
  5
262
330
17
100
AcDbEntity
  8
S-NOTE
100
AcDbText
 10
342.0
 20
349.89999999999986
 30
0.0
 40
1.4
  1
  ·  There is no column, so Cl. 7 (columns), Cl. 8 (special confining
  7
OpenSans
 11
342.0
 21
349.89999999999986
 31
0.0
100
AcDbText
  0
TEXT
  5
263
330
17
100
AcDbEntity
  8
S-NOTE
100
AcDbText
 10
342.0
 20
346.84999999999985
 30
0.0
 40
1.4
  1
     reinforcement) and the beam-column joint provisions have no member.
  7
OpenSans
 11
342.0
 21
346.84999999999985
 31
0.0
100
AcDbText
  0
TEXT
  5
264
330
17
100
AcDbEntity
  8
S-NOTE
100
AcDbText
 10
342.0
 20
343.79999999999984
 30
0.0
 40
1.4
  1

  7
OpenSans
 11
342.0
 21
343.79999999999984
 31
0.0
100
AcDbText
  0
TEXT
  5
265
330
17
100
AcDbEntity
  8
S-NOTE
100
AcDbText
 10
342.0
 20
340.74999999999983
 30
0.0
 40
1.4
  1
WHAT IS NEVERTHELESS PROVIDED, AND WHY:
  7
OpenSans
 11
342.0
 21
340.74999999999983
 31
0.0
100
AcDbText
  0
TEXT
  5
266
330
17
100
AcDbEntity
  8
S-NOTE
100
AcDbText
 10
342.0
 20
337.6999999999998
 30
0.0
 40
1.4
  1
  The headers and the edge band carry CLOSED 4-LEGGED LINKS AT 150 c/c
  7
OpenSans
 11
342.0
 21
337.6999999999998
 31
0.0
100
AcDbText
  0
TEXT
  5
267
330
17
100
AcDbEntity
  8
S-NOTE
100
AcDbText
 10
342.0
 20
334.6499999999998
 30
0.0
 40
1.4
  1
  over their full length - closer than IS 456 alone would require - and
  7
OpenSans
 11
342.0
 21
334.6499999999998
 31
0.0
100
AcDbText
  0
TEXT
  5
268
330
17
100
AcDbEntity
  8
S-NOTE
100
AcDbText
 10
342.0
 20
331.5999999999998
 30
0.0
 40
1.4
  1
  equal top and bottom steel.  That is a blast-detailing decision (load
  7
OpenSans
 11
342.0
 21
331.5999999999998
 31
0.0
100
AcDbText
  0
TEXT
  5
269
330
17
100
AcDbEntity
  8
S-NOTE
100
AcDbText
 10
342.0
 20
328.5499999999998
 30
0.0
 40
1.4
  1
  reversal and rebound), not an IS 13920 compliance claim.
  7
OpenSans
 11
342.0
 21
328.5499999999998
 31
0.0
100
AcDbText
  0
TEXT
  5
26A
330
17
100
AcDbEntity
  8
S-NOTE
100
AcDbText
 10
342.0
 20
325.4999999999998
 30
0.0
 40
1.4
  1

  7
OpenSans
 11
342.0
 21
325.4999999999998
 31
0.0
100
AcDbText
  0
TEXT
  5
26B
330
17
100
AcDbEntity
  8
S-NOTE
100
AcDbText
 10
342.0
 20
322.44999999999976
 30
0.0
 40
1.4
  1
FULL DETERMINATION: QAQC/IS13920_Compliance_Matrix.md
  7
OpenSans
 11
342.0
 21
322.44999999999976
 31
0.0
100
AcDbText
  0
LWPOLYLINE
  5
26C
330
17
100
AcDbEntity
  8
S-TITLE
100
AcDbPolyline
 90
4
 70
1
 10
340.0
 20
317.39999999999975
 10
638.0
 20
317.39999999999975
 10
638.0
 20
400.0
 10
340.0
 20
400.0
  0
LWPOLYLINE
  5
26D
330
17
100
AcDbEntity
  8
S-TITLE
100
AcDbPolyline
 90
4
 70
1
 10
651.0
 20
10.0
 10
831.0
 20
10.0
 10
831.0
 20
110.0
 10
651.0
 20
110.0
  0
LINE
  5
26E
330
17
100
AcDbEntity
  8
S-TITLE
100
AcDbLine
 10
651.0
 20
30.0
 30
0.0
 11
831.0
 21
30.0
 31
0.0
  0
LINE
  5
26F
330
17
100
AcDbEntity
  8
S-TITLE
100
AcDbLine
 10
651.0
 20
42.0
 30
0.0
 11
831.0
 21
42.0
 31
0.0
  0
LINE
  5
270
330
17
100
AcDbEntity
  8
S-TITLE
100
AcDbLine
 10
651.0
 20
54.0
 30
0.0
 11
831.0
 21
54.0
 31
0.0
  0
LINE
  5
271
330
17
100
AcDbEntity
  8
S-TITLE
100
AcDbLine
 10
651.0
 20
66.0
 30
0.0
 11
831.0
 21
66.0
 31
0.0
  0
LINE
  5
272
330
17
100
AcDbEntity
  8
S-TITLE
100
AcDbLine
 10
651.0
 20
88.0
 30
0.0
 11
831.0
 21
88.0
 31
0.0
  0
LINE
  5
273
330
17
100
AcDbEntity
  8
S-TITLE
100
AcDbLine
 10
763.0
 20
10.0
 30
0.0
 11
763.0
 21
30.0
 31
0.0
  0
LINE
  5
274
330
17
100
AcDbEntity
  8
S-TITLE
100
AcDbLine
 10
797.0
 20
10.0
 30
0.0
 11
797.0
 21
30.0
 31
0.0
  0
TEXT
  5
275
330
17
100
AcDbEntity
  8
S-TITLE
100
AcDbText
 10
653.0
 20
24.6
 30
0.0
 40
1.4
  1
DRAWING No.
  7
OpenSans
 11
653.0
 21
24.6
 31
0.0
100
AcDbText
  0
TEXT
  5
276
330
17
100
AcDbEntity
  8
S-TITLE
100
AcDbText
 10
673.0
 20
14.2
 30
0.0
 40
3.5
  1
R-402
  7
OpenSans
 11
673.0
 21
14.2
 31
0.0
100
AcDbText
  0
TEXT
  5
277
330
17
100
AcDbEntity
  8
S-TITLE
100
AcDbText
 10
765.0
 20
24.6
 30
0.0
 40
1.4
  1
REV
  7
OpenSans
 11
765.0
 21
24.6
 31
0.0
100
AcDbText
  0
TEXT
  5
278
330
17
100
AcDbEntity
  8
S-TITLE
100
AcDbText
 10
769.0
 20
14.2
 30
0.0
 40
3.5
  1
SC1
  7
OpenSans
 11
769.0
 21
14.2
 31
0.0
100
AcDbText
  0
TEXT
  5
279
330
17
100
AcDbEntity
  8
S-TITLE
100
AcDbText
 10
799.0
 20
24.6
 30
0.0
 40
1.4
  1
SHEET
  7
OpenSans
 11
799.0
 21
24.6
 31
0.0
100
AcDbText
  0
TEXT
  5
27A
330
17
100
AcDbEntity
  8
S-TITLE
100
AcDbText
 10
799.0
 20
15.0
 30
0.0
 40
1.6
  1
18 OF 30
  7
OpenSans
 11
799.0
 21
15.0
 31
0.0
100
AcDbText
  0
LINE
  5
27B
330
17
100
AcDbEntity
  8
S-TITLE
100
AcDbLine
 10
747.0
 20
30.0
 30
0.0
 11
747.0
 21
42.0
 31
0.0
  0
TEXT
  5
27C
330
17
100
AcDbEntity
  8
S-TITLE
100
AcDbText
 10
653.0
 20
34.4
 30
0.0
 40
1.6
  1
SCALE   1:20, 1:10
  7
OpenSans
 11
653.0
 21
34.4
 31
0.0
100
AcDbText
  0
TEXT
  5
27D
330
17
100
AcDbEntity
  8
S-TITLE
100
AcDbText
 10
749.0
 20
34.4
 30
0.0
 40
1.6
  1
DATE   04.09.2026
  7
OpenSans
 11
749.0
 21
34.4
 31
0.0
100
AcDbText
  0
TEXT
  5
27E
330
17
100
AcDbEntity
  8
S-TITLE
100
AcDbText
 10
653.0
 20
46.4
 30
0.0
 40
1.4
  1
DESIGNED  [PLACEHOLDER]
  7
OpenSans
 11
653.0
 21
46.4
 31
0.0
100
AcDbText
  0
TEXT
  5
27F
330
17
100
AcDbEntity
  8
S-TITLE
100
AcDbText
 10
713.0
 20
46.4
 30
0.0
 40
1.4
  1
CHECKED  [PLACEHOLDER]
  7
OpenSans
 11
713.0
 21
46.4
 31
0.0
100
AcDbText
  0
TEXT
  5
280
330
17
100
AcDbEntity
  8
S-TITLE
100
AcDbText
 10
773.0
 20
46.4
 30
0.0
 40
1.4
  1
APPROVED  [PLACEHOLDER]
  7
OpenSans
 11
773.0
 21
46.4
 31
0.0
100
AcDbText
  0
TEXT
  5
281
330
17
100
AcDbEntity
  8
S-TITLE
100
AcDbText
 10
653.0
 20
58.4
 30
0.0
 40
1.4
  1
STATUS
  7
OpenSans
 11
653.0
 21
58.4
 31
0.0
100
AcDbText
  0
TEXT
  5
282
330
17
100
AcDbEntity
  8
S-BLAST
100
AcDbText
 10
673.0
 20
58.0
 30
0.0
 40
1.6
  1
FOR REVIEW - NOT FOR CONSTRUCTION
  7
OpenSans
 11
673.0
 21
58.0
 31
0.0
100
AcDbText
  0
TEXT
  5
283
330
17
100
AcDbEntity
  8
S-TITLE
100
AcDbText
 10
653.0
 20
83.4
 30
0.0
 40
1.4
  1
DRAWING TITLE
  7
OpenSans
 11
653.0
 21
83.4
 31
0.0
100
AcDbText
  0
TEXT
  5
284
330
17
100
AcDbEntity
  8
S-TITLE
100
AcDbText
 10
653.0
 20
75.4
 30
0.0
 40
2.4
  1
BEAM-TYPE ELEMENT REINFORCEMENT DETAILS
  7
OpenSans
 11
653.0
 21
75.4
 31
0.0
100
AcDbText
  0
TEXT
  5
285
330
17
100
AcDbEntity
  8
S-TITLE
100
AcDbText
 10
653.0
 20
68.8
 30
0.0
 40
1.4
  1
BLAST-DOOR HEADER · HEADHOUSE EDGE BAND · ENTRY-DOOR LINTEL
  7
OpenSans
 11
653.0
 21
68.8
 31
0.0
100
AcDbText
  0
TEXT
  5
286
330
17
100
AcDbEntity
  8
S-TITLE
100
AcDbText
 10
653.0
 20
105.2
 30
0.0
 40
1.4
  1
PROJECT
  7
OpenSans
 11
653.0
 21
105.2
 31
0.0
100
AcDbText
  0
TEXT
  5
287
330
17
100
AcDbEntity
  8
S-TITLE
100
AcDbText
 10
653.0
 20
99.6
 30
0.0
 40
1.6
  1
UNDERGROUND CBRN-HARDENED BLAST-RESISTANT
  7
OpenSans
 11
653.0
 21
99.6
 31
0.0
100
AcDbText
  0
TEXT
  5
288
330
17
100
AcDbEntity
  8
S-TITLE
100
AcDbText
 10
653.0
 20
95.0
 30
0.0
 40
1.6
  1
PROTECTIVE STRUCTURE  -  PUNE, MAHARASHTRA
  7
OpenSans
 11
653.0
 21
95.0
 31
0.0
100
AcDbText
  0
TEXT
  5
289
330
17
100
AcDbEntity
  8
S-TITLE
100
AcDbText
 10
653.0
 20
90.0
 30
0.0
 40
1.4
  1
STRUCTURAL PHASE 2 REV A + M1   ·   SENTRY POST NOT IN THIS PACKAGE
  7
OpenSans
 11
653.0
 21
90.0
 31
0.0
100
AcDbText
  0
ENDSEC
  0
SECTION
  2
OBJECTS
  0
DICTIONARY
  5
A
330
0
100
AcDbDictionary
281
1
  3
ACAD_COLOR
350
B
  3
ACAD_GROUP
350
C
  3
ACAD_LAYOUT
350
D
  3
ACAD_MATERIAL
350
E
  3
ACAD_MLEADERSTYLE
350
F
  3
ACAD_MLINESTYLE
350
10
  3
ACAD_PLOTSETTINGS
350
11
  3
ACAD_PLOTSTYLENAME
350
12
  3
ACAD_SCALELIST
350
14
  3
ACAD_TABLESTYLE
350
15
  3
ACAD_VISUALSTYLE
350
16
  3
EZDXF_META
350
2D
  0
DICTIONARY
  5
B
330
A
100
AcDbDictionary
281
1
  0
DICTIONARY
  5
C
330
A
100
AcDbDictionary
281
1
  0
DICTIONARY
  5
D
330
A
100
AcDbDictionary
281
1
  3
Model
350
1A
  3
Layout1
350
1E
  0
DICTIONARY
  5
E
330
A
100
AcDbDictionary
281
1
  3
ByBlock
350
1F
  3
ByLayer
350
20
  3
Global
350
21
  0
DICTIONARY
  5
F
330
A
100
AcDbDictionary
281
1
  3
Standard
350
2C
  0
DICTIONARY
  5
10
330
A
100
AcDbDictionary
281
1
  3
Standard
350
22
  0
DICTIONARY
  5
11
330
A
100
AcDbDictionary
281
1
  0
ACDBDICTIONARYWDFLT
  5
12
330
A
100
AcDbDictionary
281
1
  3
Normal
350
13
100
AcDbDictionaryWithDefault
340
13
  0
ACDBPLACEHOLDER
  5
13
330
12
  0
DICTIONARY
  5
14
330
A
100
AcDbDictionary
281
1
  0
DICTIONARY
  5
15
330
A
100
AcDbDictionary
281
1
  0
DICTIONARY
  5
16
330
A
100
AcDbDictionary
281
1
  3
2dWireframe
350
5A
  3
Basic
350
5B
  3
Brighten
350
5C
  3
ColorChange
350
5D
  3
Conceptual
350
5E
  3
Dim
350
5F
  3
EdgeColorOff
350
60
  3
Facepattern
350
61
  3
Flat
350
62
  3
FlatWithEdges
350
63
  3
Gouraud
350
64
  3
GouraudWithEdges
350
65
  3
Hidden
350
66
  3
JitterOff
350
67
  3
Linepattern
350
68
  3
Modeling
350
69
  3
OverhangOff
350
6A
  3
Realistic
350
6B
  3
Shaded
350
6C
  3
Shaded with edges
350
6D
  3
Shades of Gray
350
6E
  3
Sketchy
350
6F
  3
Thicken
350
70
  3
Wireframe
350
71
  3
X-Ray
350
72
  0
LAYOUT
  5
1A
330
D
100
AcDbPlotSettings
  1

  4
A3
  6

 40
7.5
 41
20.0
 42
7.5
 43
20.0
 44
420.0
 45
297.0
 46
0.0
 47
0.0
 48
0.0
 49
0.0
140
0.0
141
0.0
142
1.0
143
1.0
 70
1024
 72
1
 73
0
 74
5
  7

 75
16
 76
0
 77
2
 78
300
147
1.0
148
0.0
149
0.0
100
AcDbLayout
  1
Model
 70
1
 71
0
 10
0.0
 20
0.0
 11
420.0
 21
297.0
 12
0.0
 22
0.0
 32
0.0
 14
1e+20
 24
1e+20
 34
1e+20
 15
-1e+20
 25
-1e+20
 35
-1e+20
146
0.0
 13
0.0
 23
0.0
 33
0.0
 16
1.0
 26
0.0
 36
0.0
 17
0.0
 27
1.0
 37
0.0
 76
1
330
17
  0
LAYOUT
  5
1E
330
D
100
AcDbPlotSettings
  1

  4
A3
  6

 40
7.5
 41
20.0
 42
7.5
 43
20.0
 44
420.0
 45
297.0
 46
0.0
 47
0.0
 48
0.0
 49
0.0
140
0.0
141
0.0
142
1.0
143
1.0
 70
0
 72
1
 73
0
 74
5
  7

 75
16
 76
0
 77
2
 78
300
147
1.0
148
0.0
149
0.0
100
AcDbLayout
  1
Layout1
 70
1
 71
1
 10
0.0
 20
0.0
 11
420.0
 21
297.0
 12
0.0
 22
0.0
 32
0.0
 14
1e+20
 24
1e+20
 34
1e+20
 15
-1e+20
 25
-1e+20
 35
-1e+20
146
0.0
 13
0.0
 23
0.0
 33
0.0
 16
1.0
 26
0.0
 36
0.0
 17
0.0
 27
1.0
 37
0.0
 76
1
330
1B
  0
MATERIAL
  5
1F
102
{ACAD_REACTORS
330
E
102
}
330
E
100
AcDbMaterial
  1
ByBlock
  2

 70
0
 40
1.0
 71
1
 41
1.0
 91
-1023410177
 42
1.0
 72
1
  3

 73
1
 74
1
 75
1
 44
0.5
 73
0
 45
1.0
 46
1.0
 77
1
  4

 78
1
 79
1
170
1
 48
1.0
171
1
  6

172
1
173
1
174
1
140
1.0
141
1.0
175
1
  7

176
1
177
1
178
1
143
1.0
179
1
  8

270
1
271
1
272
1
145
1.0
146
1.0
273
1
  9

274
1
275
1
276
1
 42
1.0
 72
1
  3

 73
1
 74
1
 75
1
 94
63
  0
MATERIAL
  5
20
102
{ACAD_REACTORS
330
E
102
}
330
E
100
AcDbMaterial
  1
ByLayer
  2

 70
0
 40
1.0
 71
1
 41
1.0
 91
-1023410177
 42
1.0
 72
1
  3

 73
1
 74
1
 75
1
 44
0.5
 73
0
 45
1.0
 46
1.0
 77
1
  4

 78
1
 79
1
170
1
 48
1.0
171
1
  6

172
1
173
1
174
1
140
1.0
141
1.0
175
1
  7

176
1
177
1
178
1
143
1.0
179
1
  8

270
1
271
1
272
1
145
1.0
146
1.0
273
1
  9

274
1
275
1
276
1
 42
1.0
 72
1
  3

 73
1
 74
1
 75
1
 94
63
  0
MATERIAL
  5
21
102
{ACAD_REACTORS
330
E
102
}
330
E
100
AcDbMaterial
  1
Global
  2

 70
0
 40
1.0
 71
1
 41
1.0
 91
-1023410177
 42
1.0
 72
1
  3

 73
1
 74
1
 75
1
 44
0.5
 73
0
 45
1.0
 46
1.0
 77
1
  4

 78
1
 79
1
170
1
 48
1.0
171
1
  6

172
1
173
1
174
1
140
1.0
141
1.0
175
1
  7

176
1
177
1
178
1
143
1.0
179
1
  8

270
1
271
1
272
1
145
1.0
146
1.0
273
1
  9

274
1
275
1
276
1
 42
1.0
 72
1
  3

 73
1
 74
1
 75
1
 94
63
  0
MLINESTYLE
  5
22
102
{ACAD_REACTORS
330
10
102
}
330
10
100
AcDbMlineStyle
  2
Standard
 70
0
  3

 62
256
 51
90.0
 52
90.0
 71
2
 49
0.5
 62
256
  6
BYLAYER
 49
-0.5
 62
256
  6
BYLAYER
  0
MLEADERSTYLE
  5
2C
102
{ACAD_REACTORS
330
F
102
}
330
F
100
AcDbMLeaderStyle
179
2
170
2
171
1
172
0
 90
2
 40
0.0
 41
0.0
173
1
 91
-1056964608
 92
-2
290
1
 42
2.0
291
1
 43
8.0
  3
Standard
 44
4.0
300

342
29
174
1
175
1
176
0
178
1
 93
-1056964608
 45
4.0
292
0
297
0
 46
4.0
 94
-1056964608
 47
1.0
 49
1.0
140
1.0
294
1
141
0.0
177
0
142
1.0
295
0
296
0
143
3.75
271
0
272
9
273
9
  0
DICTIONARY
  5
2D
330
A
100
AcDbDictionary
280
1
281
1
  3
CREATED_BY_EZDXF
350
2E
  3
WRITTEN_BY_EZDXF
350
28C
  0
DICTIONARYVAR
  5
2E
330
2D
100
DictionaryVariables
280
0
  1
1.4.4 @ 2026-09-05T02:21:06.442629+00:00
  0
VISUALSTYLE
  5
5A
102
{ACAD_REACTORS
330
16
102
}
330
16
100
AcDbVisualStyle
  2
2dWireframe
 70
4
 90
0
 40
0.6
 62
7
290
0
291
0
  0
VISUALSTYLE
  5
5B
102
{ACAD_REACTORS
330
16
102
}
330
16
100
AcDbVisualStyle
  2
Basic
 70
7
 90
1
 40
0.6
 62
7
290
0
291
1
  0
VISUALSTYLE
  5
5C
102
{ACAD_REACTORS
330
16
102
}
330
16
100
AcDbVisualStyle
  2
Brighten
 70
12
 90
2
 40
0.6
 62
7
290
0
291
1
  0
VISUALSTYLE
  5
5D
102
{ACAD_REACTORS
330
16
102
}
330
16
100
AcDbVisualStyle
  2
ColorChange
 70
16
 90
2
 40
0.6
 62
8
290
0
291
1
  0
VISUALSTYLE
  5
5E
102
{ACAD_REACTORS
330
16
102
}
330
16
100
AcDbVisualStyle
  2
Conceptual
 70
9
 90
3
 40
0.6
 62
7
290
0
291
0
  0
VISUALSTYLE
  5
5F
102
{ACAD_REACTORS
330
16
102
}
330
16
100
AcDbVisualStyle
  2
Dim
 70
11
 90
2
 40
0.6
 62
7
290
0
291
1
  0
VISUALSTYLE
  5
60
102
{ACAD_REACTORS
330
16
102
}
330
16
100
AcDbVisualStyle
  2
EdgeColorOff
 70
22
 90
2
 40
0.6
 62
7
290
0
291
1
  0
VISUALSTYLE
  5
61
102
{ACAD_REACTORS
330
16
102
}
330
16
100
AcDbVisualStyle
  2
Facepattern
 70
15
 90
2
 40
0.6
 62
7
290
0
291
1
  0
VISUALSTYLE
  5
62
102
{ACAD_REACTORS
330
16
102
}
330
16
100
AcDbVisualStyle
  2
Flat
 70
0
 90
2
 40
0.6
 62
7
290
0
291
1
  0
VISUALSTYLE
  5
63
102
{ACAD_REACTORS
330
16
102
}
330
16
100
AcDbVisualStyle
  2
FlatWithEdges
 70
1
 90
2
 40
0.6
 62
7
290
0
291
1
  0
VISUALSTYLE
  5
64
102
{ACAD_REACTORS
330
16
102
}
330
16
100
AcDbVisualStyle
  2
Gouraud
 70
2
 90
2
 40
0.6
 62
7
290
0
291
1
  0
VISUALSTYLE
  5
65
102
{ACAD_REACTORS
330
16
102
}
330
16
100
AcDbVisualStyle
  2
GouraudWithEdges
 70
3
 90
2
 40
0.6
 62
7
290
0
291
1
  0
VISUALSTYLE
  5
66
102
{ACAD_REACTORS
330
16
102
}
330
16
100
AcDbVisualStyle
  2
Hidden
 70
6
 90
1
 40
0.6
 62
7
290
0
291
0
  0
VISUALSTYLE
  5
67
102
{ACAD_REACTORS
330
16
102
}
330
16
100
AcDbVisualStyle
  2
JitterOff
 70
20
 90
2
 40
0.6
 62
7
290
0
291
1
  0
VISUALSTYLE
  5
68
102
{ACAD_REACTORS
330
16
102
}
330
16
100
AcDbVisualStyle
  2
Linepattern
 70
14
 90
2
 40
0.6
 62
7
290
0
291
1
  0
VISUALSTYLE
  5
69
102
{ACAD_REACTORS
330
16
102
}
330
16
100
AcDbVisualStyle
  2
Modeling
 70
10
 90
2
 40
0.6
 62
7
290
0
291
0
  0
VISUALSTYLE
  5
6A
102
{ACAD_REACTORS
330
16
102
}
330
16
100
AcDbVisualStyle
  2
OverhangOff
 70
21
 90
2
 40
0.6
 62
7
290
0
291
1
  0
VISUALSTYLE
  5
6B
102
{ACAD_REACTORS
330
16
102
}
330
16
100
AcDbVisualStyle
  2
Realistic
 70
8
 90
2
 40
0.6
 62
7
290
0
291
0
  0
VISUALSTYLE
  5
6C
102
{ACAD_REACTORS
330
16
102
}
330
16
100
AcDbVisualStyle
  2
Shaded
 70
27
 90
2
 40
0.6
 62
7
290
0
291
0
  0
VISUALSTYLE
  5
6D
102
{ACAD_REACTORS
330
16
102
}
330
16
100
AcDbVisualStyle
  2
Shaded with edges
 70
26
 90
2
 40
0.6
 62
7
290
0
291
0
  0
VISUALSTYLE
  5
6E
102
{ACAD_REACTORS
330
16
102
}
330
16
100
AcDbVisualStyle
  2
Shades of Gray
 70
23
 90
2
 40
0.6
 62
7
290
0
291
0
  0
VISUALSTYLE
  5
6F
102
{ACAD_REACTORS
330
16
102
}
330
16
100
AcDbVisualStyle
  2
Sketchy
 70
24
 90
1
 40
0.6
 62
7
290
0
291
0
  0
VISUALSTYLE
  5
70
102
{ACAD_REACTORS
330
16
102
}
330
16
100
AcDbVisualStyle
  2
Thicken
 70
13
 90
2
 40
0.6
 62
7
290
0
291
1
  0
VISUALSTYLE
  5
71
102
{ACAD_REACTORS
330
16
102
}
330
16
100
AcDbVisualStyle
  2
Wireframe
 70
5
 90
0
 40
0.6
 62
7
290
0
291
0
  0
VISUALSTYLE
  5
72
102
{ACAD_REACTORS
330
16
102
}
330
16
100
AcDbVisualStyle
  2
X-Ray
 70
25
 90
2
 40
0.5
 62
7
290
0
291
0
  0
DICTIONARYVAR
  5
28C
330
2D
100
DictionaryVariables
280
0
  1
1.4.4 @ 2026-09-05T02:21:06.465521+00:00
  0
ENDSEC
  0
EOF
