  0
SECTION
  2
HEADER
  9
$ACADVER
  1
AC1024
  9
$ACADMAINTVER
 70
6
  9
$DWGCODEPAGE
  3
ANSI_1252
  9
$LASTSAVEDBY
  1
ezdxf
  9
$INSBASE
 10
0.0
 20
0.0
 30
0.0
  9
$EXTMIN
 10
1e+20
 20
1e+20
 30
1e+20
  9
$EXTMAX
 10
-1e+20
 20
-1e+20
 30
-1e+20
  9
$LIMMIN
 10
0.0
 20
0.0
  9
$LIMMAX
 10
420.0
 20
297.0
  9
$ORTHOMODE
 70
0
  9
$REGENMODE
 70
1
  9
$FILLMODE
 70
1
  9
$QTEXTMODE
 70
0
  9
$MIRRTEXT
 70
1
  9
$LTSCALE
 40
1.0
  9
$ATTMODE
 70
1
  9
$TEXTSIZE
 40
2.5
  9
$TRACEWID
 40
1.0
  9
$TEXTSTYLE
  7
OpenSans
  9
$CLAYER
  8
0
  9
$CELTYPE
  6
ByLayer
  9
$CECOLOR
 62
256
  9
$CELTSCALE
 40
1.0
  9
$DISPSILH
 70
0
  9
$DIMSCALE
 40
1.0
  9
$DIMASZ
 40
0.175
  9
$DIMEXO
 40
0.125
  9
$DIMDLI
 40
3.75
  9
$DIMRND
 40
0.0
  9
$DIMDLE
 40
0.0
  9
$DIMEXE
 40
0.375
  9
$DIMTP
 40
0.0
  9
$DIMTM
 40
0.0
  9
$DIMTXT
 40
0.25
  9
$DIMCEN
 40
2.5
  9
$DIMTSZ
 40
0.0
  9
$DIMTOL
 70
0
  9
$DIMLIM
 70
0
  9
$DIMTIH
 70
0
  9
$DIMTOH
 70
0
  9
$DIMSE1
 70
0
  9
$DIMSE2
 70
0
  9
$DIMTAD
 70
1
  9
$DIMZIN
 70
12
  9
$DIMBLK
  1
ARCHTICK
  9
$DIMASO
 70
1
  9
$DIMSHO
 70
1
  9
$DIMPOST
  1

  9
$DIMAPOST
  1

  9
$DIMALT
 70
0
  9
$DIMALTD
 70
3
  9
$DIMALTF
 40
0.03937007874
  9
$DIMLFAC
 40
100.0
  9
$DIMTOFL
 70
1
  9
$DIMTVP
 40
0.0
  9
$DIMTIX
 70
0
  9
$DIMSOXD
 70
0
  9
$DIMSAH
 70
0
  9
$DIMBLK1
  1

  9
$DIMBLK2
  1

  9
$DIMSTYLE
  2
EZDXF
  9
$DIMCLRD
 70
0
  9
$DIMCLRE
 70
0
  9
$DIMCLRT
 70
0
  9
$DIMTFAC
 40
0.5
  9
$DIMGAP
 40
0.1
  9
$DIMJUST
 70
0
  9
$DIMSD1
 70
0
  9
$DIMSD2
 70
0
  9
$DIMTOLJ
 70
0
  9
$DIMTZIN
 70
8
  9
$DIMALTZ
 70
0
  9
$DIMALTTZ
 70
0
  9
$DIMUPT
 70
1
  9
$DIMDEC
 70
2
  9
$DIMTDEC
 70
2
  9
$DIMALTU
 70
2
  9
$DIMALTTD
 70
3
  9
$DIMTXSTY
  7
OpenSansCondensed-Light
  9
$DIMAUNIT
 70
0
  9
$DIMADEC
 70
2
  9
$DIMALTRND
 40
0.0
  9
$DIMAZIN
 70
3
  9
$DIMDSEP
 70
46
  9
$DIMATFIT
 70
3
  9
$DIMFRAC
 70
0
  9
$DIMLDRBLK
  1

  9
$DIMLUNIT
 70
2
  9
$DIMLWD
 70
-2
  9
$DIMLWE
 70
-2
  9
$DIMTMOVE
 70
2
  9
$DIMFXL
 40
1.0
  9
$DIMFXLON
 70
0
  9
$DIMJOGANG
 40
0.785398163397
  9
$DIMTFILL
 70
0
  9
$DIMTFILLCLR
 70
0
  9
$DIMARCSYM
 70
0
  9
$DIMLTYPE
  6

  9
$DIMLTEX1
  6

  9
$DIMLTEX2
  6

  9
$DIMTXTDIRECTION
 70
0
  9
$LUNITS
 70
2
  9
$LUPREC
 70
4
  9
$SKETCHINC
 40
1.0
  9
$FILLETRAD
 40
10.0
  9
$AUNITS
 70
0
  9
$AUPREC
 70
2
  9
$MENU
  1
.
  9
$ELEVATION
 40
0.0
  9
$PELEVATION
 40
0.0
  9
$THICKNESS
 40
0.0
  9
$LIMCHECK
 70
0
  9
$CHAMFERA
 40
0.0
  9
$CHAMFERB
 40
0.0
  9
$CHAMFERC
 40
0.0
  9
$CHAMFERD
 40
0.0
  9
$SKPOLY
 70
0
  9
$TDCREATE
 40
2461289.6865625
  9
$TDUCREATE
 40
2458532.153996898
  9
$TDUPDATE
 40
2461289.6865625
  9
$TDUUPDATE
 40
2458532.1544311
  9
$TDINDWG
 40
0.0
  9
$TDUSRTIMER
 40
0.0
  9
$USRTIMER
 70
1
  9
$ANGBASE
 50
0.0
  9
$ANGDIR
 70
0
  9
$PDMODE
 70
0
  9
$PDSIZE
 40
0.0
  9
$PLINEWID
 40
0.0
  9
$SPLFRAME
 70
0
  9
$SPLINETYPE
 70
6
  9
$SPLINESEGS
 70
8
  9
$HANDSEED
  5
2E3
  9
$SURFTAB1
 70
6
  9
$SURFTAB2
 70
6
  9
$SURFTYPE
 70
6
  9
$SURFU
 70
6
  9
$SURFV
 70
6
  9
$UCSBASE
  2

  9
$UCSNAME
  2

  9
$UCSORG
 10
0.0
 20
0.0
 30
0.0
  9
$UCSXDIR
 10
1.0
 20
0.0
 30
0.0
  9
$UCSYDIR
 10
0.0
 20
1.0
 30
0.0
  9
$UCSORTHOREF
  2

  9
$UCSORTHOVIEW
 70
0
  9
$UCSORGTOP
 10
0.0
 20
0.0
 30
0.0
  9
$UCSORGBOTTOM
 10
0.0
 20
0.0
 30
0.0
  9
$UCSORGLEFT
 10
0.0
 20
0.0
 30
0.0
  9
$UCSORGRIGHT
 10
0.0
 20
0.0
 30
0.0
  9
$UCSORGFRONT
 10
0.0
 20
0.0
 30
0.0
  9
$UCSORGBACK
 10
0.0
 20
0.0
 30
0.0
  9
$PUCSBASE
  2

  9
$PUCSNAME
  2

  9
$PUCSORG
 10
0.0
 20
0.0
 30
0.0
  9
$PUCSXDIR
 10
1.0
 20
0.0
 30
0.0
  9
$PUCSYDIR
 10
0.0
 20
1.0
 30
0.0
  9
$PUCSORTHOREF
  2

  9
$PUCSORTHOVIEW
 70
0
  9
$PUCSORGTOP
 10
0.0
 20
0.0
 30
0.0
  9
$PUCSORGBOTTOM
 10
0.0
 20
0.0
 30
0.0
  9
$PUCSORGLEFT
 10
0.0
 20
0.0
 30
0.0
  9
$PUCSORGRIGHT
 10
0.0
 20
0.0
 30
0.0
  9
$PUCSORGFRONT
 10
0.0
 20
0.0
 30
0.0
  9
$PUCSORGBACK
 10
0.0
 20
0.0
 30
0.0
  9
$USERI1
 70
0
  9
$USERI2
 70
0
  9
$USERI3
 70
0
  9
$USERI4
 70
0
  9
$USERI5
 70
0
  9
$USERR1
 40
0.0
  9
$USERR2
 40
0.0
  9
$USERR3
 40
0.0
  9
$USERR4
 40
0.0
  9
$USERR5
 40
0.0
  9
$WORLDVIEW
 70
1
  9
$SHADEDGE
 70
3
  9
$SHADEDIF
 70
70
  9
$TILEMODE
 70
1
  9
$MAXACTVP
 70
64
  9
$PINSBASE
 10
0.0
 20
0.0
 30
0.0
  9
$PLIMCHECK
 70
0
  9
$PEXTMIN
 10
1e+20
 20
1e+20
 30
1e+20
  9
$PEXTMAX
 10
-1e+20
 20
-1e+20
 30
-1e+20
  9
$PLIMMIN
 10
0.0
 20
0.0
  9
$PLIMMAX
 10
420.0
 20
297.0
  9
$UNITMODE
 70
0
  9
$VISRETAIN
 70
1
  9
$PLINEGEN
 70
0
  9
$PSLTSCALE
 70
1
  9
$TREEDEPTH
 70
3020
  9
$CMLSTYLE
  2
Standard
  9
$CMLJUST
 70
0
  9
$CMLSCALE
 40
20.0
  9
$PROXYGRAPHICS
 70
1
  9
$MEASUREMENT
 70
1
  9
$CELWEIGHT
370
-1
  9
$ENDCAPS
280
0
  9
$JOINSTYLE
280
0
  9
$LWDISPLAY
290
0
  9
$INSUNITS
 70
4
  9
$HYPERLINKBASE
  1

  9
$STYLESHEET
  1

  9
$XEDIT
290
1
  9
$CEPSNTYPE
380
0
  9
$PSTYLEMODE
290
1
  9
$FINGERPRINTGUID
  2
{7E3AE980-F859-48F3-B4C8-2675E20D6CB7}
  9
$VERSIONGUID
  2
{D0A126AE-4809-482E-B88D-2336DF84F0D9}
  9
$EXTNAMES
290
1
  9
$PSVPSCALE
 40
0.0
  9
$OLESTARTUP
290
0
  9
$SORTENTS
280
127
  9
$INDEXCTL
280
0
  9
$HIDETEXT
280
1
  9
$XCLIPFRAME
280
1
  9
$HALOGAP
280
0
  9
$OBSCOLOR
 70
257
  9
$OBSLTYPE
280
0
  9
$INTERSECTIONDISPLAY
280
0
  9
$INTERSECTIONCOLOR
 70
257
  9
$DIMASSOC
280
2
  9
$PROJECTNAME
  1

  9
$CAMERADISPLAY
290
0
  9
$LENSLENGTH
 40
50.0
  9
$CAMERAHEIGHT
 40
0.0
  9
$STEPSPERSEC
 40
24.0
  9
$STEPSIZE
 40
100.0
  9
$3DDWFPREC
 40
2.0
  9
$PSOLWIDTH
 40
0.005
  9
$PSOLHEIGHT
 40
0.08
  9
$LOFTANG1
 40
1.570796326795
  9
$LOFTANG2
 40
1.570796326795
  9
$LOFTMAG1
 40
0.0
  9
$LOFTMAG2
 40
0.0
  9
$LOFTPARAM
 70
7
  9
$LOFTNORMALS
280
1
  9
$LATITUDE
 40
37.795
  9
$LONGITUDE
 40
-122.394
  9
$NORTHDIRECTION
 40
0.0
  9
$TIMEZONE
 70
-8000
  9
$LIGHTGLYPHDISPLAY
280
1
  9
$TILEMODELIGHTSYNCH
280
1
  9
$CMATERIAL
347
20
  9
$SOLIDHIST
280
0
  9
$SHOWHIST
280
1
  9
$DWFFRAME
280
2
  9
$DGNFRAME
280
2
  9
$REALWORLDSCALE
290
1
  9
$INTERFERECOLOR
 62
256
  9
$CSHADOW
280
0
  9
$SHADOWPLANELOCATION
 40
0.0
  0
ENDSEC
  0
SECTION
  2
CLASSES
  0
CLASS
  1
ACDBDICTIONARYWDFLT
  2
AcDbDictionaryWithDefault
  3
ObjectDBX Classes
 90
0
 91
0
280
0
281
0
  0
CLASS
  1
SUN
  2
AcDbSun
  3
SCENEOE
 90
1153
 91
0
280
0
281
0
  0
CLASS
  1
VISUALSTYLE
  2
AcDbVisualStyle
  3
ObjectDBX Classes
 90
4095
 91
0
280
0
281
0
  0
CLASS
  1
MATERIAL
  2
AcDbMaterial
  3
ObjectDBX Classes
 90
1153
 91
0
280
0
281
0
  0
CLASS
  1
SCALE
  2
AcDbScale
  3
ObjectDBX Classes
 90
1153
 91
0
280
0
281
0
  0
CLASS
  1
TABLESTYLE
  2
AcDbTableStyle
  3
ObjectDBX Classes
 90
4095
 91
0
280
0
281
0
  0
CLASS
  1
MLEADERSTYLE
  2
AcDbMLeaderStyle
  3
ACDB_MLEADERSTYLE_CLASS
 90
4095
 91
0
280
0
281
0
  0
CLASS
  1
DICTIONARYVAR
  2
AcDbDictionaryVar
  3
ObjectDBX Classes
 90
0
 91
0
280
0
281
0
  0
CLASS
  1
CELLSTYLEMAP
  2
AcDbCellStyleMap
  3
ObjectDBX Classes
 90
1152
 91
0
280
0
281
0
  0
CLASS
  1
MENTALRAYRENDERSETTINGS
  2
AcDbMentalRayRenderSettings
  3
SCENEOE
 90
1024
 91
0
280
0
281
0
  0
CLASS
  1
ACDBDETAILVIEWSTYLE
  2
AcDbDetailViewStyle
  3
ObjectDBX Classes
 90
1025
 91
0
280
0
281
0
  0
CLASS
  1
ACDBSECTIONVIEWSTYLE
  2
AcDbSectionViewStyle
  3
ObjectDBX Classes
 90
1025
 91
0
280
0
281
0
  0
CLASS
  1
RASTERVARIABLES
  2
AcDbRasterVariables
  3
ISM
 90
0
 91
0
280
0
281
0
  0
CLASS
  1
ACDBPLACEHOLDER
  2
AcDbPlaceHolder
  3
ObjectDBX Classes
 90
0
 91
0
280
0
281
0
  0
CLASS
  1
LAYOUT
  2
AcDbLayout
  3
ObjectDBX Classes
 90
0
 91
0
280
0
281
0
  0
ENDSEC
  0
SECTION
  2
TABLES
  0
TABLE
  2
VPORT
  5
8
330
0
100
AcDbSymbolTable
 70
1
  0
VPORT
  5
23
330
8
100
AcDbSymbolTableRecord
100
AcDbViewportTableRecord
  2
*Active
 70
0
 10
0.0
 20
0.0
 11
1.0
 21
1.0
 12
0.0
 22
0.0
 13
0.0
 23
0.0
 14
0.5
 24
0.5
 15
0.5
 25
0.5
 16
0.0
 26
0.0
 36
1.0
 17
0.0
 27
0.0
 37
0.0
 40
1000.0
 41
1.34
 42
50.0
 43
0.0
 44
0.0
 50
0.0
 51
0.0
 71
0
 72
1000
 73
1
 74
3
 75
0
 76
0
 77
0
 78
0
281
0
 65
0
146
0.0
  0
ENDTAB
  0
TABLE
  2
LTYPE
  5
2
330
0
100
AcDbSymbolTable
 70
21
  0
LTYPE
  5
24
330
2
100
AcDbSymbolTableRecord
100
AcDbLinetypeTableRecord
  2
ByBlock
 70
0
  3

 72
65
 73
0
 40
0.0
  0
LTYPE
  5
25
330
2
100
AcDbSymbolTableRecord
100
AcDbLinetypeTableRecord
  2
ByLayer
 70
0
  3

 72
65
 73
0
 40
0.0
  0
LTYPE
  5
26
330
2
100
AcDbSymbolTableRecord
100
AcDbLinetypeTableRecord
  2
Continuous
 70
0
  3

 72
65
 73
0
 40
0.0
  0
LTYPE
  5
2F
330
2
100
AcDbSymbolTableRecord
100
AcDbLinetypeTableRecord
  2
CENTER
 70
0
  3
Center ____ _ ____ _ ____ _ ____ _ ____ _ ____
 72
65
 73
4
 40
5.08
 49
3.175
 74
0
 49
-0.635
 74
0
 49
0.635
 74
0
 49
-0.635
 74
0
  0
LTYPE
  5
30
330
2
100
AcDbSymbolTableRecord
100
AcDbLinetypeTableRecord
  2
CENTERX2
 70
0
  3
Center (2x) ________  __  ________  __  ________
 72
65
 73
4
 40
8.89
 49
6.35
 74
0
 49
-0.635
 74
0
 49
1.27
 74
0
 49
-0.635
 74
0
  0
LTYPE
  5
31
330
2
100
AcDbSymbolTableRecord
100
AcDbLinetypeTableRecord
  2
CENTER2
 70
0
  3
Center (.5x) ____ _ ____ _ ____ _ ____ _ ____
 72
65
 73
4
 40
2.54
 49
1.587
 74
0
 49
-0.318
 74
0
 49
0.318
 74
0
 49
-0.318
 74
0
  0
LTYPE
  5
32
330
2
100
AcDbSymbolTableRecord
100
AcDbLinetypeTableRecord
  2
DASHED
 70
0
  3
Dashed __ __ __ __ __ __ __ __ __ __ __ __ __ _
 72
65
 73
2
 40
1.524
 49
1.27
 74
0
 49
-0.254
 74
0
  0
LTYPE
  5
33
330
2
100
AcDbSymbolTableRecord
100
AcDbLinetypeTableRecord
  2
DASHEDX2
 70
0
  3
Dashed (2x) ____  ____  ____  ____  ____  ____
 72
65
 73
2
 40
3.048
 49
2.54
 74
0
 49
-0.508
 74
0
  0
LTYPE
  5
34
330
2
100
AcDbSymbolTableRecord
100
AcDbLinetypeTableRecord
  2
DASHED2
 70
0
  3
Dashed (.5x) _ _ _ _ _ _ _ _ _ _ _ _ _ _
 72
65
 73
2
 40
0.762
 49
0.635
 74
0
 49
-0.127
 74
0
  0
LTYPE
  5
35
330
2
100
AcDbSymbolTableRecord
100
AcDbLinetypeTableRecord
  2
PHANTOM
 70
0
  3
Phantom ______  __  __  ______  __  __  ______
 72
65
 73
6
 40
6.35
 49
3.175
 74
0
 49
-0.635
 74
0
 49
0.635
 74
0
 49
-0.635
 74
0
 49
0.635
 74
0
 49
-0.635
 74
0
  0
LTYPE
  5
36
330
2
100
AcDbSymbolTableRecord
100
AcDbLinetypeTableRecord
  2
PHANTOMX2
 70
0
  3
Phantom (2x)____________    ____    ____    ____________
 72
65
 73
6
 40
10.795
 49
6.35
 74
0
 49
-0.635
 74
0
 49
1.27
 74
0
 49
-0.635
 74
0
 49
1.27
 74
0
 49
-0.635
 74
0
  0
LTYPE
  5
37
330
2
100
AcDbSymbolTableRecord
100
AcDbLinetypeTableRecord
  2
PHANTOM2
 70
0
  3
Phantom (.5x) ___ _ _ ___ _ _ ___ _ _ ___ _ _ ___
 72
65
 73
6
 40
3.175
 49
1.587
 74
0
 49
-0.318
 74
0
 49
0.318
 74
0
 49
-0.318
 74
0
 49
0.318
 74
0
 49
-0.318
 74
0
  0
LTYPE
  5
38
330
2
100
AcDbSymbolTableRecord
100
AcDbLinetypeTableRecord
  2
DASHDOT
 70
0
  3
Dash dot __ . __ . __ . __ . __ . __ . __ . __
 72
65
 73
4
 40
3.556
 49
2.54
 74
0
 49
-0.508
 74
0
 49
0.0
 74
0
 49
-0.508
 74
0
  0
LTYPE
  5
39
330
2
100
AcDbSymbolTableRecord
100
AcDbLinetypeTableRecord
  2
DASHDOTX2
 70
0
  3
Dash dot (2x) ____  .  ____  .  ____  .  ____
 72
65
 73
4
 40
6.096
 49
5.08
 74
0
 49
-0.508
 74
0
 49
0.0
 74
0
 49
-0.508
 74
0
  0
LTYPE
  5
3A
330
2
100
AcDbSymbolTableRecord
100
AcDbLinetypeTableRecord
  2
DASHDOT2
 70
0
  3
Dash dot (.5x) _ . _ . _ . _ . _ . _ . _ . _
 72
65
 73
4
 40
1.778
 49
1.27
 74
0
 49
-0.254
 74
0
 49
0.0
 74
0
 49
-0.254
 74
0
  0
LTYPE
  5
3B
330
2
100
AcDbSymbolTableRecord
100
AcDbLinetypeTableRecord
  2
DOT
 70
0
  3
Dot .  .  .  .  .  .  .  .  .  .  .  .  .  .  .  .
 72
65
 73
2
 40
0.508
 49
0.0
 74
0
 49
-0.508
 74
0
  0
LTYPE
  5
3C
330
2
100
AcDbSymbolTableRecord
100
AcDbLinetypeTableRecord
  2
DOTX2
 70
0
  3
Dot (2x) .    .    .    .    .    .    .    . 
 72
65
 73
2
 40
1.016
 49
0.0
 74
0
 49
-1.016
 74
0
  0
LTYPE
  5
3D
330
2
100
AcDbSymbolTableRecord
100
AcDbLinetypeTableRecord
  2
DOT2
 70
0
  3
Dot (.5) . . . . . . . . . . . . . . . . . . . 
 72
65
 73
2
 40
0.254
 49
0.0
 74
0
 49
-0.254
 74
0
  0
LTYPE
  5
3E
330
2
100
AcDbSymbolTableRecord
100
AcDbLinetypeTableRecord
  2
DIVIDE
 70
0
  3
Divide __ . . __ . . __ . . __ . . __ . . __
 72
65
 73
6
 40
4.064
 49
2.54
 74
0
 49
-0.508
 74
0
 49
0.0
 74
0
 49
-0.508
 74
0
 49
0.0
 74
0
 49
-0.508
 74
0
  0
LTYPE
  5
3F
330
2
100
AcDbSymbolTableRecord
100
AcDbLinetypeTableRecord
  2
DIVIDEX2
 70
0
  3
Divide (2x) ____  . .  ____  . .  ____  . .  ____
 72
65
 73
6
 40
6.604
 49
5.08
 74
0
 49
-0.508
 74
0
 49
0.0
 74
0
 49
-0.508
 74
0
 49
0.0
 74
0
 49
-0.508
 74
0
  0
LTYPE
  5
40
330
2
100
AcDbSymbolTableRecord
100
AcDbLinetypeTableRecord
  2
DIVIDE2
 70
0
  3
Divide(.5x) _ . _ . _ . _ . _ . _ . _ . _
 72
65
 73
6
 40
2.032
 49
1.27
 74
0
 49
-0.254
 74
0
 49
0.0
 74
0
 49
-0.254
 74
0
 49
0.0
 74
0
 49
-0.254
 74
0
  0
ENDTAB
  0
TABLE
  2
LAYER
  5
1
330
0
100
AcDbSymbolTable
 70
65
  0
LAYER
  5
27
330
1
100
AcDbSymbolTableRecord
100
AcDbLayerTableRecord
  2
0
 70
0
 62
7
  6
Continuous
370
-3
390
13
347
21
  0
LAYER
  5
28
330
1
100
AcDbSymbolTableRecord
100
AcDbLayerTableRecord
  2
Defpoints
 70
0
 62
7
  6
Continuous
290
0
370
-3
390
13
347
21
  0
LAYER
  5
8A
330
1
100
AcDbSymbolTableRecord
100
AcDbLayerTableRecord
  2
S-CONCRETE
 70
0
 62
7
  6
Continuous
370
-3
390
13
347
21
1001
AcAecLayerStandard
1000

1000
Structural concrete outlines (cut)
  0
LAYER
  5
8C
330
1
100
AcDbSymbolTableRecord
100
AcDbLayerTableRecord
  2
S-CONCRETE-THIN
 70
0
 62
7
  6
Continuous
370
-3
390
13
347
21
1001
AcAecLayerStandard
1000

1000
Concrete beyond the cut plane
  0
LAYER
  5
8D
330
1
100
AcDbSymbolTableRecord
100
AcDbLayerTableRecord
  2
S-HIDDEN
 70
0
 62
8
  6
Continuous
370
-3
390
13
347
21
1001
AcAecLayerStandard
1000

1000
Concrete / features beyond, hidden
  0
LAYER
  5
8E
330
1
100
AcDbSymbolTableRecord
100
AcDbLayerTableRecord
  2
S-REBAR-MAIN
 70
0
 62
1
  6
Continuous
370
-3
390
13
347
21
1001
AcAecLayerStandard
1000

1000
Main reinforcement
  0
LAYER
  5
8F
330
1
100
AcDbSymbolTableRecord
100
AcDbLayerTableRecord
  2
S-REBAR-DIST
 70
0
 62
3
  6
Continuous
370
-3
390
13
347
21
1001
AcAecLayerStandard
1000

1000
Distribution reinforcement
  0
LAYER
  5
90
330
1
100
AcDbSymbolTableRecord
100
AcDbLayerTableRecord
  2
S-REBAR-STIRRUP
 70
0
 62
6
  6
Continuous
370
-3
390
13
347
21
1001
AcAecLayerStandard
1000

1000
Links and stirrups
  0
LAYER
  5
91
330
1
100
AcDbSymbolTableRecord
100
AcDbLayerTableRecord
  2
S-REBAR-TIE
 70
0
 62
6
  6
Continuous
370
-3
390
13
347
21
1001
AcAecLayerStandard
1000

1000
Ties, cross-ties, starters
  0
LAYER
  5
92
330
1
100
AcDbSymbolTableRecord
100
AcDbLayerTableRecord
  2
S-REBAR-SEC
 70
0
 62
4
  6
Continuous
370
-3
390
13
347
21
1001
AcAecLayerStandard
1000

1000
Trimmers, secondary and additional bars
  0
LAYER
  5
93
330
1
100
AcDbSymbolTableRecord
100
AcDbLayerTableRecord
  2
S-DIM
 70
0
 62
4
  6
Continuous
370
-3
390
13
347
21
1001
AcAecLayerStandard
1000

1000
Dimensions
  0
LAYER
  5
94
330
1
100
AcDbSymbolTableRecord
100
AcDbLayerTableRecord
  2
S-TEXT
 70
0
 62
7
  6
Continuous
370
-3
390
13
347
21
1001
AcAecLayerStandard
1000

1000
General annotation
  0
LAYER
  5
95
330
1
100
AcDbSymbolTableRecord
100
AcDbLayerTableRecord
  2
S-NOTE
 70
0
 62
7
  6
Continuous
370
-3
390
13
347
21
1001
AcAecLayerStandard
1000

1000
Note panels
  0
LAYER
  5
96
330
1
100
AcDbSymbolTableRecord
100
AcDbLayerTableRecord
  2
S-CALLOUT
 70
0
 62
2
  6
Continuous
370
-3
390
13
347
21
1001
AcAecLayerStandard
1000

1000
Bar-mark balloons and leaders
  0
LAYER
  5
97
330
1
100
AcDbSymbolTableRecord
100
AcDbLayerTableRecord
  2
S-SECTION
 70
0
 62
1
  6
Continuous
370
-3
390
13
347
21
1001
AcAecLayerStandard
1000

1000
Section and detail markers
  0
LAYER
  5
98
330
1
100
AcDbSymbolTableRecord
100
AcDbLayerTableRecord
  2
S-GRID
 70
0
 62
5
  6
Continuous
370
-3
390
13
347
21
1001
AcAecLayerStandard
1000

1000
Grid lines and bubbles
  0
LAYER
  5
99
330
1
100
AcDbSymbolTableRecord
100
AcDbLayerTableRecord
  2
S-CENTER
 70
0
 62
6
  6
Continuous
370
-3
390
13
347
21
1001
AcAecLayerStandard
1000

1000
Centrelines
  0
LAYER
  5
9A
330
1
100
AcDbSymbolTableRecord
100
AcDbLayerTableRecord
  2
S-HATCH
 70
0
 62
8
  6
Continuous
370
-3
390
13
347
21
1001
AcAecLayerStandard
1000

1000
Section hatch
  0
LAYER
  5
9B
330
1
100
AcDbSymbolTableRecord
100
AcDbLayerTableRecord
  2
S-TITLE
 70
0
 62
7
  6
Continuous
370
-3
390
13
347
21
1001
AcAecLayerStandard
1000

1000
Border, title block, view titles
  0
LAYER
  5
9C
330
1
100
AcDbSymbolTableRecord
100
AcDbLayerTableRecord
  2
S-EXISTING
 70
0
 62
8
  6
Continuous
370
-3
390
13
347
21
1001
AcAecLayerStandard
1000

1000
Soil, rock, berm, cover layers
  0
LAYER
  5
9D
330
1
100
AcDbSymbolTableRecord
100
AcDbLayerTableRecord
  2
S-REFERENCE
 70
0
 62
8
  6
Continuous
370
-3
390
13
347
21
1001
AcAecLayerStandard
1000

1000
Reference geometry, extents
  0
LAYER
  5
9E
330
1
100
AcDbSymbolTableRecord
100
AcDbLayerTableRecord
  2
S-WATERPROOF
 70
0
 62
30
  6
Continuous
370
-3
390
13
347
21
1001
AcAecLayerStandard
1000

1000
Membranes, waterstops, GWT
  0
LAYER
  5
9F
330
1
100
AcDbSymbolTableRecord
100
AcDbLayerTableRecord
  2
S-STEELWORK
 70
0
 62
2
  6
Continuous
370
-3
390
13
347
21
1001
AcAecLayerStandard
1000

1000
Cast-in frames, EMP straps, steel items
  0
LAYER
  5
A0
330
1
100
AcDbSymbolTableRecord
100
AcDbLayerTableRecord
  2
S-LEVEL
 70
0
 62
4
  6
Continuous
370
-3
390
13
347
21
1001
AcAecLayerStandard
1000

1000
Level markers
  0
LAYER
  5
A1
330
1
100
AcDbSymbolTableRecord
100
AcDbLayerTableRecord
  2
S-TABLE
 70
0
 62
7
  6
Continuous
370
-3
390
13
347
21
1001
AcAecLayerStandard
1000

1000
Tables and schedules
  0
LAYER
  5
A2
330
1
100
AcDbSymbolTableRecord
100
AcDbLayerTableRecord
  2
S-BLAST
 70
0
 62
1
  6
Continuous
370
-3
390
13
347
21
1001
AcAecLayerStandard
1000

1000
Blast arrows, findings, warnings
  0
LAYER
  5
B9
330
1
100
AcDbSymbolTableRecord
100
AcDbLayerTableRecord
  2
M-ARCH
 70
0
 62
8
  6
Continuous
370
-3
390
13
347
21
1001
AcAecLayerStandard
1000

1000
Architectural background, walls and slabs
  0
LAYER
  5
BA
330
1
100
AcDbSymbolTableRecord
100
AcDbLayerTableRecord
  2
M-ARCH-HIDDEN
 70
0
 62
8
  6
Continuous
370
-3
390
13
347
21
1001
AcAecLayerStandard
1000

1000
Structure and features beyond
  0
LAYER
  5
BB
330
1
100
AcDbSymbolTableRecord
100
AcDbLayerTableRecord
  2
M-STRUCT
 70
0
 62
7
  6
Continuous
370
-3
390
13
347
21
1001
AcAecLayerStandard
1000

1000
Structure cut by the view
  0
LAYER
  5
BC
330
1
100
AcDbSymbolTableRecord
100
AcDbLayerTableRecord
  2
M-GRID
 70
0
 62
5
  6
Continuous
370
-3
390
13
347
21
1001
AcAecLayerStandard
1000

1000
Grid and bay reference lines
  0
LAYER
  5
BD
330
1
100
AcDbSymbolTableRecord
100
AcDbLayerTableRecord
  2
P-DRAIN-SOIL
 70
0
 62
1
  6
Continuous
370
-3
390
13
347
21
1001
AcAecLayerStandard
1000

1000
Soil drainage - foul
  0
LAYER
  5
BE
330
1
100
AcDbSymbolTableRecord
100
AcDbLayerTableRecord
  2
P-DRAIN-WASTE
 70
0
 62
3
  6
Continuous
370
-3
390
13
347
21
1001
AcAecLayerStandard
1000

1000
Waste drainage - wastewater
  0
LAYER
  5
BF
330
1
100
AcDbSymbolTableRecord
100
AcDbLayerTableRecord
  2
P-DRAIN-STORM
 70
0
 62
5
  6
Continuous
370
-3
390
13
347
21
1001
AcAecLayerStandard
1000

1000
Storm and surface water
  0
LAYER
  5
C0
330
1
100
AcDbSymbolTableRecord
100
AcDbLayerTableRecord
  2
P-DRAIN-SEEP
 70
0
 62
4
  6
Continuous
370
-3
390
13
347
21
1001
AcAecLayerStandard
1000

1000
Groundwater, seepage and subsoil drainage
  0
LAYER
  5
C1
330
1
100
AcDbSymbolTableRecord
100
AcDbLayerTableRecord
  2
P-DRAIN-EFF
 70
0
 62
6
  6
Continuous
370
-3
390
13
347
21
1001
AcAecLayerStandard
1000

1000
Decon effluent - contaminated, segregated
  0
LAYER
  5
C2
330
1
100
AcDbSymbolTableRecord
100
AcDbLayerTableRecord
  2
P-DRAIN-RISING
 70
0
 62
2
  6
Continuous
370
-3
390
13
347
21
1001
AcAecLayerStandard
1000

1000
Pumped rising main
  0
LAYER
  5
C3
330
1
100
AcDbSymbolTableRecord
100
AcDbLayerTableRecord
  2
P-DRAIN-VENT
 70
0
 62
8
  6
Continuous
370
-3
390
13
347
21
1001
AcAecLayerStandard
1000

1000
Drainage ventilation
  0
LAYER
  5
C4
330
1
100
AcDbSymbolTableRecord
100
AcDbLayerTableRecord
  2
P-EQUIP
 70
0
 62
2
  6
Continuous
370
-3
390
13
347
21
1001
AcAecLayerStandard
1000

1000
Pumps, tanks, chambers, plant
  0
LAYER
  5
C5
330
1
100
AcDbSymbolTableRecord
100
AcDbLayerTableRecord
  2
P-FLOW
 70
0
 62
1
  6
Continuous
370
-3
390
13
347
21
1001
AcAecLayerStandard
1000

1000
Flow arrows and direction
  0
LAYER
  5
C6
330
1
100
AcDbSymbolTableRecord
100
AcDbLayerTableRecord
  2
M-DUCT-SUPPLY
 70
0
 62
5
  6
Continuous
370
-3
390
13
347
21
1001
AcAecLayerStandard
1000

1000
Supply air ductwork
  0
LAYER
  5
C7
330
1
100
AcDbSymbolTableRecord
100
AcDbLayerTableRecord
  2
M-DUCT-RETURN
 70
0
 62
3
  6
Continuous
370
-3
390
13
347
21
1001
AcAecLayerStandard
1000

1000
Return air ductwork
  0
LAYER
  5
C8
330
1
100
AcDbSymbolTableRecord
100
AcDbLayerTableRecord
  2
M-DUCT-FRESH
 70
0
 62
4
  6
Continuous
370
-3
390
13
347
21
1001
AcAecLayerStandard
1000

1000
Fresh air ductwork
  0
LAYER
  5
C9
330
1
100
AcDbSymbolTableRecord
100
AcDbLayerTableRecord
  2
M-DUCT-EXH
 70
0
 62
1
  6
Continuous
370
-3
390
13
347
21
1001
AcAecLayerStandard
1000

1000
Exhaust air ductwork
  0
LAYER
  5
CA
330
1
100
AcDbSymbolTableRecord
100
AcDbLayerTableRecord
  2
M-DUCT-CL
 70
0
 62
8
  6
Continuous
370
-3
390
13
347
21
1001
AcAecLayerStandard
1000

1000
Duct centrelines
  0
LAYER
  5
CB
330
1
100
AcDbSymbolTableRecord
100
AcDbLayerTableRecord
  2
M-TERMINAL
 70
0
 62
2
  6
Continuous
370
-3
390
13
347
21
1001
AcAecLayerStandard
1000

1000
Diffusers, grilles and terminals
  0
LAYER
  5
CC
330
1
100
AcDbSymbolTableRecord
100
AcDbLayerTableRecord
  2
M-EQUIP
 70
0
 62
2
  6
Continuous
370
-3
390
13
347
21
1001
AcAecLayerStandard
1000

1000
HVAC plant and equipment
  0
LAYER
  5
CD
330
1
100
AcDbSymbolTableRecord
100
AcDbLayerTableRecord
  2
M-DAMPER
 70
0
 62
6
  6
Continuous
370
-3
390
13
347
21
1001
AcAecLayerStandard
1000

1000
Dampers, valves and isolation devices
  0
LAYER
  5
CE
330
1
100
AcDbSymbolTableRecord
100
AcDbLayerTableRecord
  2
M-AIRFLOW
 70
0
 62
1
  6
Continuous
370
-3
390
13
347
21
1001
AcAecLayerStandard
1000

1000
Airflow arrows and quantities
  0
LAYER
  5
CF
330
1
100
AcDbSymbolTableRecord
100
AcDbLayerTableRecord
  2
A-FIN-FLOOR
 70
0
 62
4
  6
Continuous
370
-3
390
13
347
21
1001
AcAecLayerStandard
1000

1000
Floor finish zones and tags
  0
LAYER
  5
D0
330
1
100
AcDbSymbolTableRecord
100
AcDbLayerTableRecord
  2
A-FIN-WALL
 70
0
 62
3
  6
Continuous
370
-3
390
13
347
21
1001
AcAecLayerStandard
1000

1000
Wall finish zones and tags
  0
LAYER
  5
D1
330
1
100
AcDbSymbolTableRecord
100
AcDbLayerTableRecord
  2
A-FIN-CEIL
 70
0
 62
5
  6
Continuous
370
-3
390
13
347
21
1001
AcAecLayerStandard
1000

1000
Ceiling and soffit finish tags
  0
LAYER
  5
D2
330
1
100
AcDbSymbolTableRecord
100
AcDbLayerTableRecord
  2
A-FIN-WET
 70
0
 62
30
  6
Continuous
370
-3
390
13
347
21
1001
AcAecLayerStandard
1000

1000
Wet areas, tanking and falls
  0
LAYER
  5
D3
330
1
100
AcDbSymbolTableRecord
100
AcDbLayerTableRecord
  2
A-FIN-TAG
 70
0
 62
7
  6
Continuous
370
-3
390
13
347
21
1001
AcAecLayerStandard
1000

1000
Finish tag boxes and leaders
  0
LAYER
  5
D4
330
1
100
AcDbSymbolTableRecord
100
AcDbLayerTableRecord
  2
M-WATERPROOF
 70
0
 62
30
  6
Continuous
370
-3
390
13
347
21
1001
AcAecLayerStandard
1000

1000
Membranes, waterstops, tanking
  0
LAYER
  5
D5
330
1
100
AcDbSymbolTableRecord
100
AcDbLayerTableRecord
  2
M-LEVEL
 70
0
 62
4
  6
Continuous
370
-3
390
13
347
21
1001
AcAecLayerStandard
1000

1000
Level and invert markers
  0
LAYER
  5
D6
330
1
100
AcDbSymbolTableRecord
100
AcDbLayerTableRecord
  2
M-DIM
 70
0
 62
4
  6
Continuous
370
-3
390
13
347
21
1001
AcAecLayerStandard
1000

1000
Dimensions
  0
LAYER
  5
D7
330
1
100
AcDbSymbolTableRecord
100
AcDbLayerTableRecord
  2
M-TEXT
 70
0
 62
7
  6
Continuous
370
-3
390
13
347
21
1001
AcAecLayerStandard
1000

1000
General annotation
  0
LAYER
  5
D8
330
1
100
AcDbSymbolTableRecord
100
AcDbLayerTableRecord
  2
M-NOTE
 70
0
 62
7
  6
Continuous
370
-3
390
13
347
21
1001
AcAecLayerStandard
1000

1000
Note panels
  0
LAYER
  5
D9
330
1
100
AcDbSymbolTableRecord
100
AcDbLayerTableRecord
  2
M-TABLE
 70
0
 62
7
  6
Continuous
370
-3
390
13
347
21
1001
AcAecLayerStandard
1000

1000
Tables and schedules
  0
LAYER
  5
DA
330
1
100
AcDbSymbolTableRecord
100
AcDbLayerTableRecord
  2
M-CALLOUT
 70
0
 62
2
  6
Continuous
370
-3
390
13
347
21
1001
AcAecLayerStandard
1000

1000
Tags, balloons and leaders
  0
LAYER
  5
DB
330
1
100
AcDbSymbolTableRecord
100
AcDbLayerTableRecord
  2
M-SECTION
 70
0
 62
1
  6
Continuous
370
-3
390
13
347
21
1001
AcAecLayerStandard
1000

1000
Section and detail markers
  0
LAYER
  5
DC
330
1
100
AcDbSymbolTableRecord
100
AcDbLayerTableRecord
  2
M-TITLE
 70
0
 62
7
  6
Continuous
370
-3
390
13
347
21
1001
AcAecLayerStandard
1000

1000
Border, title block, view titles
  0
LAYER
  5
DD
330
1
100
AcDbSymbolTableRecord
100
AcDbLayerTableRecord
  2
M-HATCH
 70
0
 62
8
  6
Continuous
370
-3
390
13
347
21
1001
AcAecLayerStandard
1000

1000
Hatching
  0
LAYER
  5
DE
330
1
100
AcDbSymbolTableRecord
100
AcDbLayerTableRecord
  2
M-EXISTING
 70
0
 62
8
  6
Continuous
370
-3
390
13
347
21
1001
AcAecLayerStandard
1000

1000
Soil, rock, berm, cover
  0
LAYER
  5
DF
330
1
100
AcDbSymbolTableRecord
100
AcDbLayerTableRecord
  2
M-FLAG
 70
0
 62
1
  6
Continuous
370
-3
390
13
347
21
1001
AcAecLayerStandard
1000

1000
Open items, data-required flags, warnings
  0
ENDTAB
  0
TABLE
  2
STYLE
  5
5
330
0
100
AcDbSymbolTable
 70
26
  0
STYLE
  5
29
330
5
100
AcDbSymbolTableRecord
100
AcDbTextStyleTableRecord
  2
Standard
 70
0
 40
0.0
 41
1.0
 50
0.0
 71
0
 42
2.5
  3
txt
  4

  0
STYLE
  5
41
330
5
100
AcDbSymbolTableRecord
100
AcDbTextStyleTableRecord
  2
OpenSans-Light
 70
0
 40
0.0
 41
1.0
 50
0.0
 71
0
 42
2.5
  3
OpenSans-Light.ttf
  4

  0
STYLE
  5
42
330
5
100
AcDbSymbolTableRecord
100
AcDbTextStyleTableRecord
  2
OpenSans-Light-Italic
 70
0
 40
0.0
 41
1.0
 50
0.0
 71
0
 42
2.5
  3
OpenSans-LightItalic.ttf
  4

  0
STYLE
  5
43
330
5
100
AcDbSymbolTableRecord
100
AcDbTextStyleTableRecord
  2
OpenSans
 70
0
 40
0.0
 41
1.0
 50
0.0
 71
0
 42
2.5
  3
OpenSans-Regular.ttf
  4

  0
STYLE
  5
44
330
5
100
AcDbSymbolTableRecord
100
AcDbTextStyleTableRecord
  2
OpenSans-Italic
 70
0
 40
0.0
 41
1.0
 50
0.0
 71
0
 42
2.5
  3
OpenSans-Italic.ttf
  4

  0
STYLE
  5
45
330
5
100
AcDbSymbolTableRecord
100
AcDbTextStyleTableRecord
  2
OpenSans-SemiBold
 70
0
 40
0.0
 41
1.0
 50
0.0
 71
0
 42
2.5
  3
OpenSans-SemiBold.ttf
  4

  0
STYLE
  5
46
330
5
100
AcDbSymbolTableRecord
100
AcDbTextStyleTableRecord
  2
OpenSans-SemiBoldItalic
 70
0
 40
0.0
 41
1.0
 50
0.0
 71
0
 42
2.5
  3
OpenSans-SemiBoldItalic.ttf
  4

  0
STYLE
  5
47
330
5
100
AcDbSymbolTableRecord
100
AcDbTextStyleTableRecord
  2
OpenSans-Bold
 70
0
 40
0.0
 41
1.0
 50
0.0
 71
0
 42
2.5
  3
OpenSans-Bold.ttf
  4

  0
STYLE
  5
48
330
5
100
AcDbSymbolTableRecord
100
AcDbTextStyleTableRecord
  2
OpenSans-BoldItalic
 70
0
 40
0.0
 41
1.0
 50
0.0
 71
0
 42
2.5
  3
OpenSans-BoldItalic.ttf
  4

  0
STYLE
  5
49
330
5
100
AcDbSymbolTableRecord
100
AcDbTextStyleTableRecord
  2
OpenSans-ExtraBold
 70
0
 40
0.0
 41
1.0
 50
0.0
 71
0
 42
2.5
  3
OpenSans-ExtraBold.ttf
  4

  0
STYLE
  5
4A
330
5
100
AcDbSymbolTableRecord
100
AcDbTextStyleTableRecord
  2
OpenSans-ExtraBoldItalic
 70
0
 40
0.0
 41
1.0
 50
0.0
 71
0
 42
2.5
  3
OpenSans-ExtraBoldItalic.ttf
  4

  0
STYLE
  5
4B
330
5
100
AcDbSymbolTableRecord
100
AcDbTextStyleTableRecord
  2
OpenSansCondensed-Bold
 70
0
 40
0.0
 41
1.0
 50
0.0
 71
0
 42
2.5
  3
OpenSansCondensed-Bold.ttf
  4

  0
STYLE
  5
4C
330
5
100
AcDbSymbolTableRecord
100
AcDbTextStyleTableRecord
  2
OpenSansCondensed-Light
 70
0
 40
0.0
 41
1.0
 50
0.0
 71
0
 42
2.5
  3
OpenSansCondensed-Light.ttf
  4

  0
STYLE
  5
4D
330
5
100
AcDbSymbolTableRecord
100
AcDbTextStyleTableRecord
  2
OpenSansCondensed-Italic
 70
0
 40
0.0
 41
1.0
 50
0.0
 71
0
 42
2.5
  3
OpenSansCondensed-LightItalic.ttf
  4

  0
STYLE
  5
4E
330
5
100
AcDbSymbolTableRecord
100
AcDbTextStyleTableRecord
  2
LiberationSans
 70
0
 40
0.0
 41
1.0
 50
0.0
 71
0
 42
2.5
  3
LiberationSans-Regular.ttf
  4

  0
STYLE
  5
4F
330
5
100
AcDbSymbolTableRecord
100
AcDbTextStyleTableRecord
  2
LiberationSans-Bold
 70
0
 40
0.0
 41
1.0
 50
0.0
 71
0
 42
2.5
  3
LiberationSans-Bold.ttf
  4

  0
STYLE
  5
50
330
5
100
AcDbSymbolTableRecord
100
AcDbTextStyleTableRecord
  2
LiberationSans-BoldItalic
 70
0
 40
0.0
 41
1.0
 50
0.0
 71
0
 42
2.5
  3
LiberationSans-BoldItalic.ttf
  4

  0
STYLE
  5
51
330
5
100
AcDbSymbolTableRecord
100
AcDbTextStyleTableRecord
  2
LiberationSans-Italic
 70
0
 40
0.0
 41
1.0
 50
0.0
 71
0
 42
2.5
  3
LiberationSans-Italic.ttf
  4

  0
STYLE
  5
52
330
5
100
AcDbSymbolTableRecord
100
AcDbTextStyleTableRecord
  2
LiberationSerif
 70
0
 40
0.0
 41
1.0
 50
0.0
 71
0
 42
2.5
  3
LiberationSerif-Regular.ttf
  4

  0
STYLE
  5
53
330
5
100
AcDbSymbolTableRecord
100
AcDbTextStyleTableRecord
  2
LiberationSerif-Bold
 70
0
 40
0.0
 41
1.0
 50
0.0
 71
0
 42
2.5
  3
LiberationSerif-Bold.ttf
  4

  0
STYLE
  5
54
330
5
100
AcDbSymbolTableRecord
100
AcDbTextStyleTableRecord
  2
LiberationSerif-BoldItalic
 70
0
 40
0.0
 41
1.0
 50
0.0
 71
0
 42
2.5
  3
LiberationSerif-BoldItalic.ttf
  4

  0
STYLE
  5
55
330
5
100
AcDbSymbolTableRecord
100
AcDbTextStyleTableRecord
  2
LiberationSerif-Italic
 70
0
 40
0.0
 41
1.0
 50
0.0
 71
0
 42
2.5
  3
LiberationSerif-Italic.ttf
  4

  0
STYLE
  5
56
330
5
100
AcDbSymbolTableRecord
100
AcDbTextStyleTableRecord
  2
LiberationMono
 70
0
 40
0.0
 41
1.0
 50
0.0
 71
0
 42
2.5
  3
LiberationMono-Regular.ttf
  4

  0
STYLE
  5
57
330
5
100
AcDbSymbolTableRecord
100
AcDbTextStyleTableRecord
  2
LiberationMono-Bold
 70
0
 40
0.0
 41
1.0
 50
0.0
 71
0
 42
2.5
  3
LiberationMono-Bold.ttf
  4

  0
STYLE
  5
58
330
5
100
AcDbSymbolTableRecord
100
AcDbTextStyleTableRecord
  2
LiberationMono-BoldItalic
 70
0
 40
0.0
 41
1.0
 50
0.0
 71
0
 42
2.5
  3
LiberationMono-BoldItalic.ttf
  4

  0
STYLE
  5
59
330
5
100
AcDbSymbolTableRecord
100
AcDbTextStyleTableRecord
  2
LiberationMono-Italic
 70
0
 40
0.0
 41
1.0
 50
0.0
 71
0
 42
2.5
  3
LiberationMono-Italic.ttf
  4

  0
ENDTAB
  0
TABLE
  2
VIEW
  5
7
330
0
100
AcDbSymbolTable
 70
0
  0
ENDTAB
  0
TABLE
  2
UCS
  5
6
330
0
100
AcDbSymbolTable
 70
0
  0
ENDTAB
  0
TABLE
  2
APPID
  5
3
330
0
100
AcDbSymbolTable
 70
4
  0
APPID
  5
2A
330
3
100
AcDbSymbolTableRecord
100
AcDbRegAppTableRecord
  2
ACAD
 70
0
  0
APPID
  5
8B
330
3
100
AcDbSymbolTableRecord
100
AcDbRegAppTableRecord
  2
AcAecLayerStandard
 70
0
  0
APPID
  5
2E0
330
3
100
AcDbSymbolTableRecord
100
AcDbRegAppTableRecord
  2
HATCHBACKGROUNDCOLOR
 70
0
  0
APPID
  5
2E1
330
3
100
AcDbSymbolTableRecord
100
AcDbRegAppTableRecord
  2
EZDXF
 70
0
  0
ENDTAB
  0
TABLE
  2
DIMSTYLE
  5
4
330
0
100
AcDbSymbolTable
 70
14
100
AcDbDimStyleTable
  0
DIMSTYLE
105
2B
330
4
100
AcDbSymbolTableRecord
100
AcDbDimStyleTableRecord
  2
Standard
 70
0
 40
1.0
 41
2.5
 42
0.625
 43
3.75
 44
1.25
 45
0.0
 46
0.0
 47
0.0
 48
0.0
 49
2.5
140
2.5
141
2.5
142
0.0
143
0.03937007874
144
1.0
145
0.0
146
1.0
147
0.625
148
0.0
 69
0
 70
0
 71
0
 72
0
 73
0
 74
0
 75
0
 76
0
 77
1
 78
8
 79
3
170
0
171
3
172
1
173
0
174
0
175
0
176
0
177
0
178
0
179
2
271
2
272
2
273
2
274
3
275
0
276
0
277
2
278
44
279
0
280
0
281
0
282
0
283
0
284
8
285
0
286
0
288
0
289
3
290
0
371
-2
372
-2
  0
DIMSTYLE
105
73
330
4
100
AcDbSymbolTableRecord
100
AcDbDimStyleTableRecord
  2
EZDXF
 70
0
 40
1.0
 41
0.175
 42
0.125
 43
3.75
 44
0.375
 45
0.0
 46
0.0
 47
0.0
 48
0.0
 49
2.5
140
0.25
141
2.5
142
0.0
143
0.03937007874
144
100.0
145
0.0
146
0.5
147
0.1
148
0.0
 69
0
 70
0
 71
0
 72
0
 73
0
 74
0
 75
0
 76
0
 77
1
 78
12
 79
3
170
0
171
3
172
1
173
0
174
0
175
0
176
0
177
0
178
0
179
2
271
2
272
2
273
2
274
3
275
0
276
0
277
2
278
46
279
2
280
0
281
0
282
0
283
0
284
8
285
0
286
0
288
1
289
3
290
0
340
4C
342
74
371
-2
372
-2
  0
DIMSTYLE
105
7C
330
4
100
AcDbSymbolTableRecord
100
AcDbDimStyleTableRecord
  2
EZ_M_100_H25_CM
 70
0
 40
1.0
 41
0.25
 42
0.125
 43
3.75
 44
0.375
 45
0.0
 46
0.0
 47
0.0
 48
0.0
 49
2.5
140
0.25
141
2.5
142
0.125
143
0.03937007874
144
100.0
145
0.0
146
0.5
147
0.1
148
0.0
 69
0
 70
0
 71
0
 72
0
 73
0
 74
0
 75
0
 76
0
 77
1
 78
12
 79
3
170
0
171
3
172
1
173
0
174
0
175
0
176
0
177
0
178
0
179
2
271
2
272
2
273
2
274
3
275
0
276
0
277
2
278
46
279
2
280
0
281
0
282
0
283
0
284
8
285
0
286
0
288
1
289
3
290
0
340
4C
371
-2
372
-2
  0
DIMSTYLE
105
7D
330
4
100
AcDbSymbolTableRecord
100
AcDbDimStyleTableRecord
  2
EZ_M_50_H25_CM
 70
0
 40
1.0
 41
0.125
 42
0.0625
 43
3.75
 44
0.1875
 45
0.0
 46
0.0
 47
0.0
 48
0.0
 49
2.5
140
0.125
141
2.5
142
0.0625
143
0.03937007874
144
100.0
145
0.0
146
0.5
147
0.05
148
0.0
 69
0
 70
0
 71
0
 72
0
 73
0
 74
0
 75
0
 76
0
 77
1
 78
12
 79
3
170
0
171
3
172
1
173
0
174
0
175
0
176
0
177
0
178
0
179
2
271
2
272
2
273
2
274
3
275
0
276
0
277
2
278
46
279
2
280
0
281
0
282
0
283
0
284
8
285
0
286
0
288
1
289
3
290
0
340
4C
371
-2
372
-2
  0
DIMSTYLE
105
7E
330
4
100
AcDbSymbolTableRecord
100
AcDbDimStyleTableRecord
  2
EZ_M_25_H25_CM
 70
0
 40
1.0
 41
0.0625
 42
0.03125
 43
3.75
 44
0.09375
 45
0.0
 46
0.0
 47
0.0
 48
0.0
 49
2.5
140
0.0625
141
2.5
142
0.03125
143
0.03937007874
144
100.0
145
0.0
146
0.5
147
0.025
148
0.0
 69
0
 70
0
 71
0
 72
0
 73
0
 74
0
 75
0
 76
0
 77
1
 78
12
 79
3
170
0
171
3
172
1
173
0
174
0
175
0
176
0
177
0
178
0
179
2
271
2
272
2
273
2
274
3
275
0
276
0
277
2
278
46
279
2
280
0
281
0
282
0
283
0
284
8
285
0
286
0
288
1
289
3
290
0
340
4C
371
-2
372
-2
  0
DIMSTYLE
105
7F
330
4
100
AcDbSymbolTableRecord
100
AcDbDimStyleTableRecord
  2
EZ_M_20_H25_CM
 70
0
 40
1.0
 41
0.05
 42
0.025
 43
3.75
 44
0.07500000000000001
 45
0.0
 46
0.0
 47
0.0
 48
0.0
 49
2.5
140
0.05
141
2.5
142
0.025
143
0.03937007874
144
100.0
145
0.0
146
0.5
147
0.020000000000000004
148
0.0
 69
0
 70
0
 71
0
 72
0
 73
0
 74
0
 75
0
 76
0
 77
1
 78
12
 79
3
170
0
171
3
172
1
173
0
174
0
175
0
176
0
177
0
178
0
179
2
271
2
272
2
273
2
274
3
275
0
276
0
277
2
278
46
279
2
280
0
281
0
282
0
283
0
284
8
285
0
286
0
288
1
289
3
290
0
340
4C
371
-2
372
-2
  0
DIMSTYLE
105
80
330
4
100
AcDbSymbolTableRecord
100
AcDbDimStyleTableRecord
  2
EZ_M_10_H25_CM
 70
0
 40
1.0
 41
0.025
 42
0.0125
 43
3.75
 44
0.037500000000000006
 45
0.0
 46
0.0
 47
0.0
 48
0.0
 49
2.5
140
0.025
141
2.5
142
0.0125
143
0.03937007874
144
100.0
145
0.0
146
0.5
147
0.010000000000000002
148
0.0
 69
0
 70
0
 71
0
 72
0
 73
0
 74
0
 75
0
 76
0
 77
1
 78
12
 79
3
170
0
171
3
172
1
173
0
174
0
175
0
176
0
177
0
178
0
179
2
271
2
272
2
273
2
274
3
275
0
276
0
277
2
278
46
279
2
280
0
281
0
282
0
283
0
284
8
285
0
286
0
288
1
289
3
290
0
340
4C
371
-2
372
-2
  0
DIMSTYLE
105
81
330
4
100
AcDbSymbolTableRecord
100
AcDbDimStyleTableRecord
  2
EZ_M_5_H25_CM
 70
0
 40
1.0
 41
0.0125
 42
0.00625
 43
3.75
 44
0.018750000000000003
 45
0.0
 46
0.0
 47
0.0
 48
0.0
 49
2.5
140
0.0125
141
2.5
142
0.00625
143
0.03937007874
144
100.0
145
0.0
146
0.5
147
0.005000000000000001
148
0.0
 69
0
 70
0
 71
0
 72
0
 73
0
 74
0
 75
0
 76
0
 77
1
 78
12
 79
3
170
0
171
3
172
1
173
0
174
0
175
0
176
0
177
0
178
0
179
2
271
2
272
2
273
2
274
3
275
0
276
0
277
2
278
46
279
2
280
0
281
0
282
0
283
0
284
8
285
0
286
0
288
1
289
3
290
0
340
4C
371
-2
372
-2
  0
DIMSTYLE
105
82
330
4
100
AcDbSymbolTableRecord
100
AcDbDimStyleTableRecord
  2
EZ_M_1_H25_CM
 70
0
 40
1.0
 41
0.0025
 42
0.00125
 43
3.75
 44
0.00375
 45
0.0
 46
0.0
 47
0.0
 48
0.0
 49
2.5
140
0.0025
141
2.5
142
0.00125
143
0.03937007874
144
100.0
145
0.0
146
0.5
147
0.001
148
0.0
 69
0
 70
0
 71
0
 72
0
 73
0
 74
0
 75
0
 76
0
 77
1
 78
12
 79
3
170
0
171
3
172
1
173
0
174
0
175
0
176
0
177
0
178
0
179
2
271
2
272
2
273
2
274
3
275
0
276
0
277
2
278
46
279
2
280
0
281
0
282
0
283
0
284
8
285
0
286
0
288
1
289
3
290
0
340
4C
371
-2
372
-2
  0
DIMSTYLE
105
83
330
4
100
AcDbSymbolTableRecord
100
AcDbDimStyleTableRecord
  2
EZ_RADIUS
 70
0
 40
1.0
 41
0.25
 42
0.125
 43
3.75
 44
0.375
 45
0.0
 46
0.0
 47
0.0
 48
0.0
 49
2.5
140
0.25
141
0.0
142
0.0
143
0.03937007874
144
100.0
145
0.0
146
0.5
147
0.1
148
0.0
 69
0
 70
0
 71
0
 72
0
 73
0
 74
0
 75
0
 76
0
 77
1
 78
12
 79
3
170
0
171
3
172
0
173
0
174
0
175
0
176
0
177
0
178
0
179
2
271
2
272
2
273
2
274
3
275
0
276
0
277
2
278
46
279
1
280
0
281
0
282
0
283
0
284
8
285
0
286
0
288
1
289
3
290
0
340
4C
342
84
371
-2
372
-2
  0
DIMSTYLE
105
88
330
4
100
AcDbSymbolTableRecord
100
AcDbDimStyleTableRecord
  2
EZ_RADIUS_INSIDE
 70
0
 40
1.0
 41
0.25
 42
0.125
 43
3.75
 44
0.375
 45
0.0
 46
0.0
 47
0.0
 48
0.0
 49
2.5
140
0.25
141
0.0
142
0.0
143
0.03937007874
144
100.0
145
0.0
146
0.5
147
0.1
148
0.0
 69
0
 70
0
 71
0
 72
0
 73
0
 74
0
 75
0
 76
0
 77
0
 78
12
 79
3
170
0
171
3
172
0
173
0
174
1
175
0
176
0
177
0
178
0
179
2
271
2
272
2
273
2
274
3
275
0
276
0
277
2
278
46
279
0
280
0
281
0
282
0
283
0
284
8
285
0
286
0
288
1
289
0
290
0
340
4C
342
84
371
-2
372
-2
  0
DIMSTYLE
105
89
330
4
100
AcDbSymbolTableRecord
100
AcDbDimStyleTableRecord
  2
EZ_CURVED
 70
0
 40
1.0
 41
0.25
 42
0.125
 43
3.75
 44
0.375
 45
0.0
 46
0.0
 47
0.0
 48
0.0
 49
2.5
140
0.25
141
2.5
142
0.0
143
0.03937007874
144
100.0
145
0.0
146
0.5
147
0.1
148
0.0
 69
0
 70
0
 71
0
 72
0
 73
0
 74
0
 75
0
 76
0
 77
1
 78
12
 79
2
 90
2
170
0
171
3
172
1
173
0
174
0
175
0
176
0
177
0
178
0
179
2
271
2
272
2
273
2
274
3
275
0
276
0
277
2
278
46
279
2
280
0
281
0
282
0
283
0
284
8
285
0
286
0
288
1
289
3
290
0
340
4C
371
-2
372
-2
  0
DIMSTYLE
105
A3
330
4
100
AcDbSymbolTableRecord
100
AcDbDimStyleTableRecord
  2
SC-DIM
 70
0
 40
1.0
 41
1.6
 42
1.0
 43
3.75
 44
1.2
 45
0.0
 46
0.0
 47
0.0
 48
0.0
 49
2.5
140
1.8
141
2.5
142
0.0
143
0.03937007874
144
1.0
145
0.0
146
1.0
147
0.8
148
0.0
 69
0
 70
0
 71
0
 72
0
 73
0
 74
0
 75
0
 76
0
 77
1
 78
8
 79
3
170
0
171
3
172
1
173
0
174
0
175
0
176
4
177
4
178
4
179
2
271
0
272
2
273
2
274
3
275
0
276
0
277
2
278
44
279
0
280
0
281
0
282
0
283
0
284
8
285
0
286
0
288
0
289
3
290
0
342
74
371
13
372
13
  0
DIMSTYLE
105
A4
330
4
100
AcDbSymbolTableRecord
100
AcDbDimStyleTableRecord
  2
SC-DIM-S
 70
0
 40
1.0
 41
1.2
 42
1.0
 43
3.75
 44
1.2
 45
0.0
 46
0.0
 47
0.0
 48
0.0
 49
2.5
140
1.4
141
2.5
142
0.0
143
0.03937007874
144
1.0
145
0.0
146
1.0
147
0.8
148
0.0
 69
0
 70
0
 71
0
 72
0
 73
0
 74
0
 75
0
 76
0
 77
1
 78
8
 79
3
170
0
171
3
172
1
173
0
174
0
175
0
176
4
177
4
178
4
179
2
271
0
272
2
273
2
274
3
275
0
276
0
277
2
278
44
279
0
280
0
281
0
282
0
283
0
284
8
285
0
286
0
288
0
289
3
290
0
342
74
371
13
372
13
  0
ENDTAB
  0
TABLE
  2
BLOCK_RECORD
  5
9
330
0
100
AcDbSymbolTable
 70
20
  0
BLOCK_RECORD
  5
17
330
9
100
AcDbSymbolTableRecord
100
AcDbBlockTableRecord
  2
*Model_Space
340
1A
 70
0
280
1
281
0
  0
BLOCK_RECORD
  5
1B
330
9
100
AcDbSymbolTableRecord
100
AcDbBlockTableRecord
  2
*Paper_Space
340
1E
 70
0
280
1
281
0
  0
BLOCK_RECORD
  5
74
330
9
100
AcDbSymbolTableRecord
100
AcDbBlockTableRecord
  2
_ARCHTICK
340
0
 70
0
280
1
281
0
  0
BLOCK_RECORD
  5
78
330
9
100
AcDbSymbolTableRecord
100
AcDbBlockTableRecord
  2
_CLOSEDFILLED
340
0
 70
0
280
1
281
0
  0
BLOCK_RECORD
  5
84
330
9
100
AcDbSymbolTableRecord
100
AcDbBlockTableRecord
  2
_CLOSEDBLANK
340
0
 70
0
280
1
281
0
  0
BLOCK_RECORD
  5
A5
330
9
100
AcDbSymbolTableRecord
100
AcDbBlockTableRecord
  2
BARMARK
340
0
 70
0
280
1
281
0
  0
BLOCK_RECORD
  5
A9
330
9
100
AcDbSymbolTableRecord
100
AcDbBlockTableRecord
  2
SECMARK
340
0
 70
0
280
1
281
0
  0
BLOCK_RECORD
  5
AE
330
9
100
AcDbSymbolTableRecord
100
AcDbBlockTableRecord
  2
LEVELMK
340
0
 70
0
280
1
281
0
  0
BLOCK_RECORD
  5
B2
330
9
100
AcDbSymbolTableRecord
100
AcDbBlockTableRecord
  2
NORTH
340
0
 70
0
280
1
281
0
  0
BLOCK_RECORD
  5
E0
330
9
100
AcDbSymbolTableRecord
100
AcDbBlockTableRecord
  2
GULLY
340
0
 70
0
280
1
281
0
  0
BLOCK_RECORD
  5
E6
330
9
100
AcDbSymbolTableRecord
100
AcDbBlockTableRecord
  2
CHAMBER
340
0
 70
0
280
1
281
0
  0
BLOCK_RECORD
  5
EB
330
9
100
AcDbSymbolTableRecord
100
AcDbBlockTableRecord
  2
PUMP
340
0
 70
0
280
1
281
0
  0
BLOCK_RECORD
  5
F0
330
9
100
AcDbSymbolTableRecord
100
AcDbBlockTableRecord
  2
CLEANOUT
340
0
 70
0
280
1
281
0
  0
BLOCK_RECORD
  5
F5
330
9
100
AcDbSymbolTableRecord
100
AcDbBlockTableRecord
  2
NRV
340
0
 70
0
280
1
281
0
  0
BLOCK_RECORD
  5
FA
330
9
100
AcDbSymbolTableRecord
100
AcDbBlockTableRecord
  2
VALVE
340
0
 70
0
280
1
281
0
  0
BLOCK_RECORD
  5
FF
330
9
100
AcDbSymbolTableRecord
100
AcDbBlockTableRecord
  2
DIFFUSER
340
0
 70
0
280
1
281
0
  0
BLOCK_RECORD
  5
108
330
9
100
AcDbSymbolTableRecord
100
AcDbBlockTableRecord
  2
GRILLE
340
0
 70
0
280
1
281
0
  0
BLOCK_RECORD
  5
10F
330
9
100
AcDbSymbolTableRecord
100
AcDbBlockTableRecord
  2
BVALVE
340
0
 70
0
280
1
281
0
  0
BLOCK_RECORD
  5
115
330
9
100
AcDbSymbolTableRecord
100
AcDbBlockTableRecord
  2
FANSYM
340
0
 70
0
280
1
281
0
  0
BLOCK_RECORD
  5
11A
330
9
100
AcDbSymbolTableRecord
100
AcDbBlockTableRecord
  2
FINTAG
340
0
 70
0
280
1
281
0
  0
ENDTAB
  0
ENDSEC
  0
SECTION
  2
BLOCKS
  0
BLOCK
  5
18
330
17
100
AcDbEntity
  8
0
100
AcDbBlockBegin
  2
*Model_Space
 70
0
 10
0.0
 20
0.0
 30
0.0
  3
*Model_Space
  1

  0
ENDBLK
  5
19
330
17
100
AcDbEntity
  8
0
100
AcDbBlockEnd
  0
BLOCK
  5
1C
330
1B
100
AcDbEntity
  8
0
100
AcDbBlockBegin
  2
*Paper_Space
 70
0
 10
0.0
 20
0.0
 30
0.0
  3
*Paper_Space
  1

  0
ENDBLK
  5
1D
330
1B
100
AcDbEntity
  8
0
100
AcDbBlockEnd
  0
BLOCK
  5
75
330
74
100
AcDbEntity
  8
0
100
AcDbBlockBegin
  2
_ARCHTICK
 70
0
 10
0.0
 20
0.0
 30
0.0
  3
_ARCHTICK
  1

  0
LWPOLYLINE
  5
77
330
74
100
AcDbEntity
  8
0
  6
BYBLOCK
 62
0
100
AcDbPolyline
 90
2
 70
0
 43
0.15
 10
-0.5
 20
-0.5
 10
0.5
 20
0.5
  0
ENDBLK
  5
76
330
74
100
AcDbEntity
  8
0
100
AcDbBlockEnd
  0
BLOCK
  5
79
330
78
100
AcDbEntity
  8
0
100
AcDbBlockBegin
  2
_CLOSEDFILLED
 70
0
 10
0.0
 20
0.0
 30
0.0
  3
_CLOSEDFILLED
  1

  0
SOLID
  5
7B
330
78
100
AcDbEntity
  8
0
  6
BYBLOCK
 62
0
100
AcDbTrace
 10
-1.0
 20
0.16439898372402537
 30
0.0
 11
0.0
 21
0.0
 31
0.0
 12
-1.0
 22
-0.16439898372402537
 32
0.0
 13
-1.0
 23
-0.16439898372402537
 33
0.0
  0
ENDBLK
  5
7A
330
78
100
AcDbEntity
  8
0
100
AcDbBlockEnd
  0
BLOCK
  5
85
330
84
100
AcDbEntity
  8
0
100
AcDbBlockBegin
  2
_CLOSEDBLANK
 70
0
 10
0.0
 20
0.0
 30
0.0
  3
_CLOSEDBLANK
  1

  0
LWPOLYLINE
  5
87
330
84
100
AcDbEntity
  8
0
  6
BYBLOCK
 62
0
100
AcDbPolyline
 90
3
 70
1
 10
-1.0
 20
0.16439898372402537
 10
0.0
 20
0.0
 10
-1.0
 20
-0.16439898372402537
  0
ENDBLK
  5
86
330
84
100
AcDbEntity
  8
0
100
AcDbBlockEnd
  0
BLOCK
  5
A6
330
A5
100
AcDbEntity
  8
0
100
AcDbBlockBegin
  2
BARMARK
 70
0
 10
0.0
 20
0.0
 30
0.0
  3
BARMARK
  1

  0
CIRCLE
  5
A8
330
A5
100
AcDbEntity
  8
S-CALLOUT
100
AcDbCircle
 10
0.0
 20
0.0
 30
0.0
 40
3.2
  0
ENDBLK
  5
A7
330
A5
100
AcDbEntity
  8
0
100
AcDbBlockEnd
  0
BLOCK
  5
AA
330
A9
100
AcDbEntity
  8
0
100
AcDbBlockBegin
  2
SECMARK
 70
0
 10
0.0
 20
0.0
 30
0.0
  3
SECMARK
  1

  0
CIRCLE
  5
AC
330
A9
100
AcDbEntity
  8
S-SECTION
100
AcDbCircle
 10
0.0
 20
0.0
 30
0.0
 40
4.0
  0
LINE
  5
AD
330
A9
100
AcDbEntity
  8
S-SECTION
100
AcDbLine
 10
-4.0
 20
0.0
 30
0.0
 11
4.0
 21
0.0
 31
0.0
  0
ENDBLK
  5
AB
330
A9
100
AcDbEntity
  8
0
100
AcDbBlockEnd
  0
BLOCK
  5
AF
330
AE
100
AcDbEntity
  8
0
100
AcDbBlockBegin
  2
LEVELMK
 70
0
 10
0.0
 20
0.0
 30
0.0
  3
LEVELMK
  1

  0
LWPOLYLINE
  5
B1
330
AE
100
AcDbEntity
  8
S-LEVEL
100
AcDbPolyline
 90
4
 70
1
 10
0.0
 20
0.0
 10
-2.0
 20
3.0
 10
2.0
 20
3.0
 10
0.0
 20
0.0
  0
ENDBLK
  5
B0
330
AE
100
AcDbEntity
  8
0
100
AcDbBlockEnd
  0
BLOCK
  5
B3
330
B2
100
AcDbEntity
  8
0
100
AcDbBlockBegin
  2
NORTH
 70
0
 10
0.0
 20
0.0
 30
0.0
  3
NORTH
  1

  0
LWPOLYLINE
  5
B5
330
B2
100
AcDbEntity
  8
S-TITLE
100
AcDbPolyline
 90
5
 70
1
 10
0.0
 20
10.0
 10
-3.2
 20
-6.0
 10
0.0
 20
-2.4
 10
3.2
 20
-6.0
 10
0.0
 20
10.0
  0
CIRCLE
  5
B6
330
B2
100
AcDbEntity
  8
S-TITLE
100
AcDbCircle
 10
0.0
 20
0.0
 30
0.0
 40
12.0
  0
ENDBLK
  5
B4
330
B2
100
AcDbEntity
  8
0
100
AcDbBlockEnd
  0
BLOCK
  5
E1
330
E0
100
AcDbEntity
  8
0
100
AcDbBlockBegin
  2
GULLY
 70
0
 10
0.0
 20
0.0
 30
0.0
  3
GULLY
  1

  0
LWPOLYLINE
  5
E3
330
E0
100
AcDbEntity
  8
P-EQUIP
100
AcDbPolyline
 90
4
 70
1
 10
-2.2
 20
-2.2
 10
2.2
 20
-2.2
 10
2.2
 20
2.2
 10
-2.2
 20
2.2
  0
LINE
  5
E4
330
E0
100
AcDbEntity
  8
P-EQUIP
100
AcDbLine
 10
-2.2
 20
-2.2
 30
0.0
 11
2.2
 21
2.2
 31
0.0
  0
LINE
  5
E5
330
E0
100
AcDbEntity
  8
P-EQUIP
100
AcDbLine
 10
-2.2
 20
2.2
 30
0.0
 11
2.2
 21
-2.2
 31
0.0
  0
ENDBLK
  5
E2
330
E0
100
AcDbEntity
  8
0
100
AcDbBlockEnd
  0
BLOCK
  5
E7
330
E6
100
AcDbEntity
  8
0
100
AcDbBlockBegin
  2
CHAMBER
 70
0
 10
0.0
 20
0.0
 30
0.0
  3
CHAMBER
  1

  0
LWPOLYLINE
  5
E9
330
E6
100
AcDbEntity
  8
P-EQUIP
100
AcDbPolyline
 90
4
 70
1
 10
-3.0
 20
-3.0
 10
3.0
 20
-3.0
 10
3.0
 20
3.0
 10
-3.0
 20
3.0
  0
CIRCLE
  5
EA
330
E6
100
AcDbEntity
  8
P-EQUIP
100
AcDbCircle
 10
0.0
 20
0.0
 30
0.0
 40
1.9
  0
ENDBLK
  5
E8
330
E6
100
AcDbEntity
  8
0
100
AcDbBlockEnd
  0
BLOCK
  5
EC
330
EB
100
AcDbEntity
  8
0
100
AcDbBlockBegin
  2
PUMP
 70
0
 10
0.0
 20
0.0
 30
0.0
  3
PUMP
  1

  0
CIRCLE
  5
EE
330
EB
100
AcDbEntity
  8
P-EQUIP
100
AcDbCircle
 10
0.0
 20
0.0
 30
0.0
 40
2.6
  0
LWPOLYLINE
  5
EF
330
EB
100
AcDbEntity
  8
P-EQUIP
100
AcDbPolyline
 90
3
 70
1
 10
-1.5
 20
-1.5
 10
1.9
 20
0.0
 10
-1.5
 20
1.5
  0
ENDBLK
  5
ED
330
EB
100
AcDbEntity
  8
0
100
AcDbBlockEnd
  0
BLOCK
  5
F1
330
F0
100
AcDbEntity
  8
0
100
AcDbBlockBegin
  2
CLEANOUT
 70
0
 10
0.0
 20
0.0
 30
0.0
  3
CLEANOUT
  1

  0
CIRCLE
  5
F3
330
F0
100
AcDbEntity
  8
P-EQUIP
100
AcDbCircle
 10
0.0
 20
0.0
 30
0.0
 40
1.6
  0
LINE
  5
F4
330
F0
100
AcDbEntity
  8
P-EQUIP
100
AcDbLine
 10
0.0
 20
-1.6
 30
0.0
 11
0.0
 21
1.6
 31
0.0
  0
ENDBLK
  5
F2
330
F0
100
AcDbEntity
  8
0
100
AcDbBlockEnd
  0
BLOCK
  5
F6
330
F5
100
AcDbEntity
  8
0
100
AcDbBlockBegin
  2
NRV
 70
0
 10
0.0
 20
0.0
 30
0.0
  3
NRV
  1

  0
LWPOLYLINE
  5
F8
330
F5
100
AcDbEntity
  8
M-DAMPER
100
AcDbPolyline
 90
3
 70
1
 10
-2.0
 20
-1.8
 10
-2.0
 20
1.8
 10
2.0
 20
0.0
  0
LINE
  5
F9
330
F5
100
AcDbEntity
  8
M-DAMPER
100
AcDbLine
 10
2.0
 20
-1.8
 30
0.0
 11
2.0
 21
1.8
 31
0.0
  0
ENDBLK
  5
F7
330
F5
100
AcDbEntity
  8
0
100
AcDbBlockEnd
  0
BLOCK
  5
FB
330
FA
100
AcDbEntity
  8
0
100
AcDbBlockBegin
  2
VALVE
 70
0
 10
0.0
 20
0.0
 30
0.0
  3
VALVE
  1

  0
LWPOLYLINE
  5
FD
330
FA
100
AcDbEntity
  8
M-DAMPER
100
AcDbPolyline
 90
3
 70
1
 10
-2.0
 20
-1.8
 10
-2.0
 20
1.8
 10
0.0
 20
0.0
  0
LWPOLYLINE
  5
FE
330
FA
100
AcDbEntity
  8
M-DAMPER
100
AcDbPolyline
 90
3
 70
1
 10
2.0
 20
-1.8
 10
2.0
 20
1.8
 10
0.0
 20
0.0
  0
ENDBLK
  5
FC
330
FA
100
AcDbEntity
  8
0
100
AcDbBlockEnd
  0
BLOCK
  5
100
330
FF
100
AcDbEntity
  8
0
100
AcDbBlockBegin
  2
DIFFUSER
 70
0
 10
0.0
 20
0.0
 30
0.0
  3
DIFFUSER
  1

  0
LWPOLYLINE
  5
102
330
FF
100
AcDbEntity
  8
M-TERMINAL
100
AcDbPolyline
 90
4
 70
1
 10
-4.0
 20
-4.0
 10
4.0
 20
-4.0
 10
4.0
 20
4.0
 10
-4.0
 20
4.0
  0
LWPOLYLINE
  5
103
330
FF
100
AcDbEntity
  8
M-TERMINAL
100
AcDbPolyline
 90
4
 70
1
 10
-2.4
 20
-2.4
 10
2.4
 20
-2.4
 10
2.4
 20
2.4
 10
-2.4
 20
2.4
  0
LINE
  5
104
330
FF
100
AcDbEntity
  8
M-TERMINAL
100
AcDbLine
 10
-4.0
 20
-4.0
 30
0.0
 11
-2.4
 21
-2.4
 31
0.0
  0
LINE
  5
105
330
FF
100
AcDbEntity
  8
M-TERMINAL
100
AcDbLine
 10
4.0
 20
-4.0
 30
0.0
 11
2.4
 21
-2.4
 31
0.0
  0
LINE
  5
106
330
FF
100
AcDbEntity
  8
M-TERMINAL
100
AcDbLine
 10
4.0
 20
4.0
 30
0.0
 11
2.4
 21
2.4
 31
0.0
  0
LINE
  5
107
330
FF
100
AcDbEntity
  8
M-TERMINAL
100
AcDbLine
 10
-4.0
 20
4.0
 30
0.0
 11
-2.4
 21
2.4
 31
0.0
  0
ENDBLK
  5
101
330
FF
100
AcDbEntity
  8
0
100
AcDbBlockEnd
  0
BLOCK
  5
109
330
108
100
AcDbEntity
  8
0
100
AcDbBlockBegin
  2
GRILLE
 70
0
 10
0.0
 20
0.0
 30
0.0
  3
GRILLE
  1

  0
LWPOLYLINE
  5
10B
330
108
100
AcDbEntity
  8
M-TERMINAL
100
AcDbPolyline
 90
4
 70
1
 10
-4.0
 20
-2.4
 10
4.0
 20
-2.4
 10
4.0
 20
2.4
 10
-4.0
 20
2.4
  0
LINE
  5
10C
330
108
100
AcDbEntity
  8
M-TERMINAL
100
AcDbLine
 10
-2.0
 20
-2.4
 30
0.0
 11
-2.0
 21
2.4
 31
0.0
  0
LINE
  5
10D
330
108
100
AcDbEntity
  8
M-TERMINAL
100
AcDbLine
 10
0.0
 20
-2.4
 30
0.0
 11
0.0
 21
2.4
 31
0.0
  0
LINE
  5
10E
330
108
100
AcDbEntity
  8
M-TERMINAL
100
AcDbLine
 10
2.0
 20
-2.4
 30
0.0
 11
2.0
 21
2.4
 31
0.0
  0
ENDBLK
  5
10A
330
108
100
AcDbEntity
  8
0
100
AcDbBlockEnd
  0
BLOCK
  5
110
330
10F
100
AcDbEntity
  8
0
100
AcDbBlockBegin
  2
BVALVE
 70
0
 10
0.0
 20
0.0
 30
0.0
  3
BVALVE
  1

  0
CIRCLE
  5
112
330
10F
100
AcDbEntity
  8
M-DAMPER
100
AcDbCircle
 10
0.0
 20
0.0
 30
0.0
 40
3.0
  0
LINE
  5
113
330
10F
100
AcDbEntity
  8
M-DAMPER
100
AcDbLine
 10
-3.0
 20
0.0
 30
0.0
 11
3.0
 21
0.0
 31
0.0
  0
LINE
  5
114
330
10F
100
AcDbEntity
  8
M-DAMPER
100
AcDbLine
 10
-2.1
 20
-2.1
 30
0.0
 11
2.1
 21
2.1
 31
0.0
  0
ENDBLK
  5
111
330
10F
100
AcDbEntity
  8
0
100
AcDbBlockEnd
  0
BLOCK
  5
116
330
115
100
AcDbEntity
  8
0
100
AcDbBlockBegin
  2
FANSYM
 70
0
 10
0.0
 20
0.0
 30
0.0
  3
FANSYM
  1

  0
CIRCLE
  5
118
330
115
100
AcDbEntity
  8
M-EQUIP
100
AcDbCircle
 10
0.0
 20
0.0
 30
0.0
 40
3.4
  0
LWPOLYLINE
  5
119
330
115
100
AcDbEntity
  8
M-EQUIP
100
AcDbPolyline
 90
3
 70
1
 10
-2.4
 20
-1.2
 10
2.4
 20
-1.2
 10
0.0
 20
2.6
  0
ENDBLK
  5
117
330
115
100
AcDbEntity
  8
0
100
AcDbBlockEnd
  0
BLOCK
  5
11B
330
11A
100
AcDbEntity
  8
0
100
AcDbBlockBegin
  2
FINTAG
 70
0
 10
0.0
 20
0.0
 30
0.0
  3
FINTAG
  1

  0
LWPOLYLINE
  5
11D
330
11A
100
AcDbEntity
  8
A-FIN-TAG
100
AcDbPolyline
 90
4
 70
1
 10
0.0
 20
0.0
 10
16.0
 20
0.0
 10
16.0
 20
5.0
 10
0.0
 20
5.0
  0
LINE
  5
11E
330
11A
100
AcDbEntity
  8
A-FIN-TAG
100
AcDbLine
 10
0.0
 20
2.5
 30
0.0
 11
16.0
 21
2.5
 31
0.0
  0
LINE
  5
11F
330
11A
100
AcDbEntity
  8
A-FIN-TAG
100
AcDbLine
 10
8.0
 20
0.0
 30
0.0
 11
8.0
 21
5.0
 31
0.0
  0
ENDBLK
  5
11C
330
11A
100
AcDbEntity
  8
0
100
AcDbBlockEnd
  0
ENDSEC
  0
SECTION
  2
ENTITIES
  0
LWPOLYLINE
  5
B7
330
17
100
AcDbEntity
  8
S-TITLE
100
AcDbPolyline
 90
4
 70
1
 10
0.0
 20
0.0
 10
841.0
 20
0.0
 10
841.0
 20
594.0
 10
0.0
 20
594.0
  0
LWPOLYLINE
  5
B8
330
17
100
AcDbEntity
  8
S-TITLE
100
AcDbPolyline
 90
4
 70
1
 10
10.0
 20
10.0
 10
831.0
 20
10.0
 10
831.0
 20
584.0
 10
10.0
 20
584.0
  0
TEXT
  5
120
330
17
100
AcDbEntity
  8
S-TITLE
100
AcDbText
 10
16.0
 20
548.6
 30
0.0
 40
2.5
  1
1   VENTILATION CONCEPT
  7
OpenSans
 11
16.0
 21
548.6
 31
0.0
100
AcDbText
  0
TEXT
  5
121
330
17
100
AcDbEntity
  8
S-NOTE
100
AcDbText
 10
16.0
 20
544.6
 30
0.0
 40
2.4
  1
THE SHELTER IS SEALED AND HELD ABOVE ATMOSPHERE.  Everything else
  7
OpenSans
 11
16.0
 21
544.6
 31
0.0
100
AcDbText
  0
TEXT
  5
122
330
17
100
AcDbEntity
  8
S-NOTE
100
AcDbText
 10
16.0
 20
540.3000000000001
 30
0.0
 40
2.4
  1
follows from that.
  7
OpenSans
 11
16.0
 21
540.3000000000001
 31
0.0
100
AcDbText
  0
TEXT
  5
123
330
17
100
AcDbEntity
  8
S-NOTE
100
AcDbText
 10
16.0
 20
536.0000000000001
 30
0.0
 40
2.4
  1

  7
OpenSans
 11
16.0
 21
536.0000000000001
 31
0.0
100
AcDbText
  0
TEXT
  5
124
330
17
100
AcDbEntity
  8
S-NOTE
100
AcDbText
 10
16.0
 20
531.7000000000002
 30
0.0
 40
2.4
  1
1  THE ENVELOPE IS THE MACHINE.  217.0 m3 of gas-tight volume across
  7
OpenSans
 11
16.0
 21
531.7000000000002
 31
0.0
100
AcDbText
  0
TEXT
  5
125
330
17
100
AcDbEntity
  8
S-NOTE
100
AcDbText
 10
16.0
 20
527.4000000000002
 30
0.0
 40
2.4
  1
   bays 1 to 6, leaking no more than 0.15 vol/h at +300 Pa - 32.5 m3/h,
  7
OpenSans
 11
16.0
 21
527.4000000000002
 31
0.0
100
AcDbText
  0
TEXT
  5
126
330
17
100
AcDbEntity
  8
S-NOTE
100
AcDbText
 10
16.0
 20
523.1000000000003
 30
0.0
 40
2.4
  1
   11 % of one train.  The plant does not have to fight the leakage;
  7
OpenSans
 11
16.0
 21
523.1000000000003
 31
0.0
100
AcDbText
  0
TEXT
  5
127
330
17
100
AcDbEntity
  8
S-NOTE
100
AcDbText
 10
16.0
 20
518.8000000000003
 30
0.0
 40
2.4
  1
   it has to keep the leak flowing OUTWARD.
  7
OpenSans
 11
16.0
 21
518.8000000000003
 31
0.0
100
AcDbText
  0
TEXT
  5
128
330
17
100
AcDbEntity
  8
S-NOTE
100
AcDbText
 10
16.0
 20
514.5000000000003
 30
0.0
 40
2.4
  1

  7
OpenSans
 11
16.0
 21
514.5000000000003
 31
0.0
100
AcDbText
  0
TEXT
  5
129
330
17
100
AcDbEntity
  8
S-NOTE
100
AcDbText
 10
16.0
 20
510.20000000000033
 30
0.0
 40
2.4
  1
2  TRUE N+1, NOT 2 x 150.  Two 300 m3/h trains, either of which can
  7
OpenSans
 11
16.0
 21
510.20000000000033
 31
0.0
100
AcDbText
  0
TEXT
  5
12A
330
17
100
AcDbEntity
  8
S-NOTE
100
AcDbText
 10
16.0
 20
505.9000000000003
 30
0.0
 40
2.4
  1
   carry the whole duty alone.  A failed train is a maintenance job,
  7
OpenSans
 11
16.0
 21
505.9000000000003
 31
0.0
100
AcDbText
  0
TEXT
  5
12B
330
17
100
AcDbEntity
  8
S-NOTE
100
AcDbText
 10
16.0
 20
501.6000000000003
 30
0.0
 40
2.4
  1
   not an evacuation.
  7
OpenSans
 11
16.0
 21
501.6000000000003
 31
0.0
100
AcDbText
  0
TEXT
  5
12C
330
17
100
AcDbEntity
  8
S-NOTE
100
AcDbText
 10
16.0
 20
497.3000000000003
 30
0.0
 40
2.4
  1

  7
OpenSans
 11
16.0
 21
497.3000000000003
 31
0.0
100
AcDbText
  0
TEXT
  5
12D
330
17
100
AcDbEntity
  8
S-NOTE
100
AcDbText
 10
16.0
 20
493.0000000000003
 30
0.0
 40
2.4
  1
3  THE AIRLOCK IS THE EXHAUST PATH.  Nothing is supplied to bay 6.  The
  7
OpenSans
 11
16.0
 21
493.0000000000003
 31
0.0
100
AcDbText
  0
TEXT
  5
12E
330
17
100
AcDbEntity
  8
S-NOTE
100
AcDbText
 10
16.0
 20
488.7000000000003
 30
0.0
 40
2.4
  1
   whole 300 m3/h transfers from the clean zone through the three decon
  7
OpenSans
 11
16.0
 21
488.7000000000003
 31
0.0
100
AcDbText
  0
TEXT
  5
12F
330
17
100
AcDbEntity
  8
S-NOTE
100
AcDbText
 10
16.0
 20
484.40000000000026
 30
0.0
 40
2.4
  1
   stages and out through BV-3, which is what makes the confirmed
  7
OpenSans
 11
16.0
 21
484.40000000000026
 31
0.0
100
AcDbText
  0
TEXT
  5
130
330
17
100
AcDbEntity
  8
S-NOTE
100
AcDbText
 10
16.0
 20
480.10000000000025
 30
0.0
 40
2.4
  1
   0 -> +10 -> +20 -> +35 -> +50 Pa cascade work.
  7
OpenSans
 11
16.0
 21
480.10000000000025
 31
0.0
100
AcDbText
  0
TEXT
  5
131
330
17
100
AcDbEntity
  8
S-NOTE
100
AcDbText
 10
16.0
 20
475.80000000000024
 30
0.0
 40
2.4
  1

  7
OpenSans
 11
16.0
 21
475.80000000000024
 31
0.0
100
AcDbText
  0
TEXT
  5
132
330
17
100
AcDbEntity
  8
S-NOTE
100
AcDbText
 10
16.0
 20
471.5000000000002
 30
0.0
 40
2.4
  1
4  CLOSED MODE IS A BRIDGE, NOT A SURVIVAL MODE.  48 hours on soda
  7
OpenSans
 11
16.0
 21
471.5000000000002
 31
0.0
100
AcDbText
  0
TEXT
  5
133
330
17
100
AcDbEntity
  8
S-NOTE
100
AcDbText
 10
16.0
 20
467.2000000000002
 30
0.0
 40
2.4
  1
   lime and oxygen against a 96 hour endurance.  The other 48 hours
  7
OpenSans
 11
16.0
 21
467.2000000000002
 31
0.0
100
AcDbText
  0
TEXT
  5
134
330
17
100
AcDbEntity
  8
S-NOTE
100
AcDbText
 10
16.0
 20
462.9000000000002
 30
0.0
 40
2.4
  1
   REQUIRE the filter trains running.
  7
OpenSans
 11
16.0
 21
462.9000000000002
 31
0.0
100
AcDbText
  0
TEXT
  5
135
330
17
100
AcDbEntity
  8
S-NOTE
100
AcDbText
 10
16.0
 20
458.6000000000002
 30
0.0
 40
2.4
  1

  7
OpenSans
 11
16.0
 21
458.6000000000002
 31
0.0
100
AcDbText
  0
TEXT
  5
136
330
17
100
AcDbEntity
  8
S-NOTE
100
AcDbText
 10
16.0
 20
454.3000000000002
 30
0.0
 40
2.4
  1
5  THE GENERATOR IS OUTSIDE THE ENVELOPE.  BV-4, BV-5 and 2600 m3/h
  7
OpenSans
 11
16.0
 21
454.3000000000002
 31
0.0
100
AcDbText
  0
TEXT
  5
137
330
17
100
AcDbEntity
  8
S-NOTE
100
AcDbText
 10
16.0
 20
450.00000000000017
 30
0.0
 40
2.4
  1
   serve bay 8 only, behind blast door 2 and W7.  Running it does not
  7
OpenSans
 11
16.0
 21
450.00000000000017
 31
0.0
100
AcDbText
  0
TEXT
  5
138
330
17
100
AcDbEntity
  8
S-NOTE
100
AcDbText
 10
16.0
 20
445.70000000000016
 30
0.0
 40
2.4
  1
   depressurise the clean zone and does not consume filter life.
  7
OpenSans
 11
16.0
 21
445.70000000000016
 31
0.0
100
AcDbText
  0
LWPOLYLINE
  5
139
330
17
100
AcDbEntity
  8
S-TITLE
100
AcDbPolyline
 90
4
 70
1
 10
14.0
 20
439.40000000000015
 10
278.0
 20
439.40000000000015
 10
278.0
 20
552.0
 10
14.0
 20
552.0
  0
TEXT
  5
13A
330
17
100
AcDbEntity
  8
M-TITLE
100
AcDbText
 10
14.0
 20
431.40000000000015
 30
0.0
 40
2.5
  1
2   AIR PATH   -   INTAKE / FILTRATION / DISTRIBUTION / CASCADE / EXHAUST
  7
OpenSans
 11
14.0
 21
431.40000000000015
 31
0.0
100
AcDbText
  0
LWPOLYLINE
  5
13B
330
17
100
AcDbEntity
  8
M-DUCT-FRESH
100
AcDbPolyline
 90
4
 70
1
 10
20.0
 20
406.40000000000015
 10
96.0
 20
406.40000000000015
 10
96.0
 20
423.40000000000015
 10
20.0
 20
423.40000000000015
  0
TEXT
  5
13C
330
17
100
AcDbEntity
  8
M-TEXT
100
AcDbText
 10
58.0
 20
414.9350000000002
 30
0.0
 40
1.4
  1
FRESH-AIR SHAFT SH-1
  7
OpenSans
 72
1
 11
58.0
 21
414.9350000000002
 31
0.0
100
AcDbText
 73
2
  0
TEXT
  5
13D
330
17
100
AcDbEntity
  8
M-TEXT
100
AcDbText
 10
58.0
 20
412.5550000000002
 30
0.0
 40
1.4
  1
600 x 600, GOOSENECK +1.500
  7
OpenSans
 72
1
 11
58.0
 21
412.5550000000002
 31
0.0
100
AcDbText
 73
2
  0
LWPOLYLINE
  5
13E
330
17
100
AcDbEntity
  8
M-DAMPER
100
AcDbPolyline
 90
4
 70
1
 10
110.0
 20
406.40000000000015
 10
186.0
 20
406.40000000000015
 10
186.0
 20
423.40000000000015
 10
110.0
 20
423.40000000000015
  0
TEXT
  5
13F
330
17
100
AcDbEntity
  8
M-TEXT
100
AcDbText
 10
148.0
 20
414.9350000000002
 30
0.0
 40
1.4
  1
BV-1 / BV-2  DN100
  7
OpenSans
 72
1
 11
148.0
 21
414.9350000000002
 31
0.0
100
AcDbText
 73
2
  0
TEXT
  5
140
330
17
100
AcDbEntity
  8
M-TEXT
100
AcDbText
 10
148.0
 20
412.5550000000002
 30
0.0
 40
1.4
  1
< 2 ms CLOSE, HOLDS 1.3 s
  7
OpenSans
 72
1
 11
148.0
 21
412.5550000000002
 31
0.0
100
AcDbText
 73
2
  0
LWPOLYLINE
  5
141
330
17
100
AcDbEntity
  8
M-FLAG
100
AcDbPolyline
 90
4
 70
1
 10
200.0
 20
406.40000000000015
 10
276.0
 20
406.40000000000015
 10
276.0
 20
423.40000000000015
 10
200.0
 20
423.40000000000015
  0
TEXT
  5
142
330
17
100
AcDbEntity
  8
M-TEXT
100
AcDbText
 10
238.0
 20
414.9350000000002
 30
0.0
 40
1.4
  1
RAW-AIR DUCT 200 dia
  7
OpenSans
 72
1
 11
238.0
 21
414.9350000000002
 31
0.0
100
AcDbText
 73
2
  0
TEXT
  5
143
330
17
100
AcDbEntity
  8
M-TEXT
100
AcDbText
 10
238.0
 20
412.5550000000002
 30
0.0
 40
1.4
  1
*** 11.2 m THROUGH THE
  7
OpenSans
 72
1
 11
238.0
 21
412.5550000000002
 31
0.0
100
AcDbText
 73
2
  0
TEXT
  5
144
330
17
100
AcDbEntity
  8
M-FLAG
100
AcDbText
 10
238.0
 20
408.40000000000015
 30
0.0
 40
1.4
  1
CLEAN ZONE - HV-F2 ***
  7
OpenSans
 72
1
 11
238.0
 21
408.40000000000015
 31
0.0
100
AcDbText
 73
2
  0
LINE
  5
145
330
17
100
AcDbEntity
  8
M-DUCT-FRESH
100
AcDbLine
 10
96.0
 20
414.90000000000015
 30
0.0
 11
110.0
 21
414.90000000000015
 31
0.0
  0
LWPOLYLINE
  5
146
330
17
100
AcDbEntity
  8
M-DUCT-FRESH
100
AcDbPolyline
 90
3
 70
1
 10
104.0
 20
414.90000000000015
 10
100.92
 20
415.89000000000016
 10
100.92
 20
413.91000000000014
  0
LINE
  5
147
330
17
100
AcDbEntity
  8
M-DUCT-FRESH
100
AcDbLine
 10
186.0
 20
414.90000000000015
 30
0.0
 11
200.0
 21
414.90000000000015
 31
0.0
  0
LWPOLYLINE
  5
148
330
17
100
AcDbEntity
  8
M-DUCT-FRESH
100
AcDbPolyline
 90
3
 70
1
 10
194.0
 20
414.90000000000015
 10
190.92000000000002
 20
415.89000000000016
 10
190.92000000000002
 20
413.91000000000014
  0
LWPOLYLINE
  5
149
330
17
100
AcDbEntity
  8
M-EQUIP
100
AcDbPolyline
 90
4
 70
1
 10
20.0
 20
382.40000000000015
 10
96.0
 20
382.40000000000015
 10
96.0
 20
399.40000000000015
 10
20.0
 20
399.40000000000015
  0
TEXT
  5
14A
330
17
100
AcDbEntity
  8
M-TEXT
100
AcDbText
 10
58.0
 20
390.9350000000002
 30
0.0
 40
1.4
  1
AHU-1 / AHU-2  BAY 5
  7
OpenSans
 72
1
 11
58.0
 21
390.9350000000002
 31
0.0
100
AcDbText
 73
2
  0
TEXT
  5
14B
330
17
100
AcDbEntity
  8
M-TEXT
100
AcDbText
 10
58.0
 20
388.5550000000002
 30
0.0
 40
1.4
  1
G4/F7 - H14 - CARBON
  7
OpenSans
 72
1
 11
58.0
 21
388.5550000000002
 31
0.0
100
AcDbText
 73
2
  0
LWPOLYLINE
  5
14C
330
17
100
AcDbEntity
  8
M-EQUIP
100
AcDbPolyline
 90
4
 70
1
 10
110.0
 20
382.40000000000015
 10
186.0
 20
382.40000000000015
 10
186.0
 20
399.40000000000015
 10
110.0
 20
399.40000000000015
  0
TEXT
  5
14D
330
17
100
AcDbEntity
  8
M-TEXT
100
AcDbText
 10
148.0
 20
390.9350000000002
 30
0.0
 40
1.4
  1
FAN + HAND CRANK
  7
OpenSans
 72
1
 11
148.0
 21
390.9350000000002
 31
0.0
100
AcDbText
 73
2
  0
TEXT
  5
14E
330
17
100
AcDbEntity
  8
M-TEXT
100
AcDbText
 10
148.0
 20
388.5550000000002
 30
0.0
 40
1.4
  1
300 m3/h EACH
  7
OpenSans
 72
1
 11
148.0
 21
388.5550000000002
 31
0.0
100
AcDbText
 73
2
  0
LWPOLYLINE
  5
14F
330
17
100
AcDbEntity
  8
M-EQUIP
100
AcDbPolyline
 90
4
 70
1
 10
200.0
 20
382.40000000000015
 10
276.0
 20
382.40000000000015
 10
276.0
 20
399.40000000000015
 10
200.0
 20
399.40000000000015
  0
TEXT
  5
150
330
17
100
AcDbEntity
  8
M-TEXT
100
AcDbText
 10
238.0
 20
390.9350000000002
 30
0.0
 40
1.4
  1
PLENUM  +50 to +100 Pa
  7
OpenSans
 72
1
 11
238.0
 21
390.9350000000002
 31
0.0
100
AcDbText
 73
2
  0
TEXT
  5
151
330
17
100
AcDbEntity
  8
M-TEXT
100
AcDbText
 10
238.0
 20
388.5550000000002
 30
0.0
 40
1.4
  1
SETS EVERY LEAK OUTWARD
  7
OpenSans
 72
1
 11
238.0
 21
388.5550000000002
 31
0.0
100
AcDbText
 73
2
  0
LINE
  5
152
330
17
100
AcDbEntity
  8
M-DUCT-FRESH
100
AcDbLine
 10
238.0
 20
406.40000000000015
 30
0.0
 11
238.0
 21
399.40000000000015
 31
0.0
  0
LWPOLYLINE
  5
153
330
17
100
AcDbEntity
  8
M-DUCT-FRESH
100
AcDbPolyline
 90
3
 70
1
 10
238.0
 20
401.90000000000015
 10
238.99
 20
404.98000000000013
 10
237.01
 20
404.98000000000013
  0
LINE
  5
154
330
17
100
AcDbEntity
  8
M-DUCT-SUPPLY
100
AcDbLine
 10
96.0
 20
390.90000000000015
 30
0.0
 11
110.0
 21
390.90000000000015
 31
0.0
  0
LWPOLYLINE
  5
155
330
17
100
AcDbEntity
  8
M-DUCT-SUPPLY
100
AcDbPolyline
 90
3
 70
1
 10
104.0
 20
390.90000000000015
 10
100.92
 20
391.89000000000016
 10
100.92
 20
389.91000000000014
  0
LINE
  5
156
330
17
100
AcDbEntity
  8
M-DUCT-SUPPLY
100
AcDbLine
 10
186.0
 20
390.90000000000015
 30
0.0
 11
200.0
 21
390.90000000000015
 31
0.0
  0
LWPOLYLINE
  5
157
330
17
100
AcDbEntity
  8
M-DUCT-SUPPLY
100
AcDbPolyline
 90
3
 70
1
 10
194.0
 20
390.90000000000015
 10
190.92000000000002
 20
391.89000000000016
 10
190.92000000000002
 20
389.91000000000014
  0
LWPOLYLINE
  5
158
330
17
100
AcDbEntity
  8
M-DUCT-SUPPLY
100
AcDbPolyline
 90
4
 70
1
 10
20.0
 20
358.40000000000015
 10
96.0
 20
358.40000000000015
 10
96.0
 20
375.40000000000015
 10
20.0
 20
375.40000000000015
  0
TEXT
  5
159
330
17
100
AcDbEntity
  8
M-TEXT
100
AcDbText
 10
58.0
 20
366.9350000000002
 30
0.0
 40
1.4
  1
SUPPLY TO BAYS 1 TO 5
  7
OpenSans
 72
1
 11
58.0
 21
366.9350000000002
 31
0.0
100
AcDbText
 73
2
  0
TEXT
  5
15A
330
17
100
AcDbEntity
  8
M-TEXT
100
AcDbText
 10
58.0
 20
364.5550000000002
 30
0.0
 40
1.4
  1
240 / 195 / 60 / 30 m3/h
  7
OpenSans
 72
1
 11
58.0
 21
364.5550000000002
 31
0.0
100
AcDbText
 73
2
  0
LWPOLYLINE
  5
15B
330
17
100
AcDbEntity
  8
M-DUCT-RETURN
100
AcDbPolyline
 90
4
 70
1
 10
110.0
 20
358.40000000000015
 10
186.0
 20
358.40000000000015
 10
186.0
 20
375.40000000000015
 10
110.0
 20
375.40000000000015
  0
TEXT
  5
15C
330
17
100
AcDbEntity
  8
M-TEXT
100
AcDbText
 10
148.0
 20
366.9350000000002
 30
0.0
 40
1.4
  1
CASCADE THROUGH BAY 6
  7
OpenSans
 72
1
 11
148.0
 21
366.9350000000002
 31
0.0
100
AcDbText
 73
2
  0
TEXT
  5
15D
330
17
100
AcDbEntity
  8
M-TEXT
100
AcDbText
 10
148.0
 20
364.5550000000002
 30
0.0
 40
1.4
  1
+50 / +35 / +20 / +10 Pa
  7
OpenSans
 72
1
 11
148.0
 21
364.5550000000002
 31
0.0
100
AcDbText
 73
2
  0
LWPOLYLINE
  5
15E
330
17
100
AcDbEntity
  8
M-DUCT-EXH
100
AcDbPolyline
 90
4
 70
1
 10
200.0
 20
358.40000000000015
 10
276.0
 20
358.40000000000015
 10
276.0
 20
375.40000000000015
 10
200.0
 20
375.40000000000015
  0
TEXT
  5
15F
330
17
100
AcDbEntity
  8
M-TEXT
100
AcDbText
 10
238.0
 20
366.9350000000002
 30
0.0
 40
1.4
  1
BV-3 + OPRV  IN W6
  7
OpenSans
 72
1
 11
238.0
 21
366.9350000000002
 31
0.0
100
AcDbText
 73
2
  0
TEXT
  5
160
330
17
100
AcDbEntity
  8
M-TEXT
100
AcDbText
 10
238.0
 20
364.5550000000002
 30
0.0
 40
1.4
  1
EXHAUST TO BAY 7
  7
OpenSans
 72
1
 11
238.0
 21
364.5550000000002
 31
0.0
100
AcDbText
 73
2
  0
LINE
  5
161
330
17
100
AcDbEntity
  8
M-DUCT-SUPPLY
100
AcDbLine
 10
58.0
 20
382.40000000000015
 30
0.0
 11
58.0
 21
375.40000000000015
 31
0.0
  0
LWPOLYLINE
  5
162
330
17
100
AcDbEntity
  8
M-DUCT-SUPPLY
100
AcDbPolyline
 90
3
 70
1
 10
58.0
 20
377.90000000000015
 10
58.99
 20
380.98000000000013
 10
57.01
 20
380.98000000000013
  0
LINE
  5
163
330
17
100
AcDbEntity
  8
M-DUCT-RETURN
100
AcDbLine
 10
96.0
 20
366.90000000000015
 30
0.0
 11
110.0
 21
366.90000000000015
 31
0.0
  0
LWPOLYLINE
  5
164
330
17
100
AcDbEntity
  8
M-DUCT-RETURN
100
AcDbPolyline
 90
3
 70
1
 10
104.0
 20
366.90000000000015
 10
100.92
 20
367.89000000000016
 10
100.92
 20
365.91000000000014
  0
LINE
  5
165
330
17
100
AcDbEntity
  8
M-DUCT-EXH
100
AcDbLine
 10
186.0
 20
366.90000000000015
 30
0.0
 11
200.0
 21
366.90000000000015
 31
0.0
  0
LWPOLYLINE
  5
166
330
17
100
AcDbEntity
  8
M-DUCT-EXH
100
AcDbPolyline
 90
3
 70
1
 10
194.0
 20
366.90000000000015
 10
190.92000000000002
 20
367.89000000000016
 10
190.92000000000002
 20
365.91000000000014
  0
LWPOLYLINE
  5
167
330
17
100
AcDbEntity
  8
M-TITLE
100
AcDbPolyline
 90
4
 70
1
 10
14.0
 20
352.40000000000015
 10
278.0
 20
352.40000000000015
 10
278.0
 20
427.40000000000015
 10
14.0
 20
427.40000000000015
  0
TEXT
  5
168
330
17
100
AcDbEntity
  8
S-TITLE
100
AcDbText
 10
16.0
 20
345.00000000000017
 30
0.0
 40
2.5
  1
3   WHAT LIMITS CLOSED MODE  -  FINDING HV-F1
  7
OpenSans
 11
16.0
 21
345.00000000000017
 31
0.0
100
AcDbText
  0
TEXT
  5
169
330
17
100
AcDbEntity
  8
S-NOTE
100
AcDbText
 10
16.0
 20
341.00000000000017
 30
0.0
 40
2.4
  1
unscrubbed, CO2 alone .............................  9.9 h   [C]
  7
OpenSans
 11
16.0
 21
341.00000000000017
 31
0.0
100
AcDbText
  0
TEXT
  5
16A
330
17
100
AcDbEntity
  8
S-NOTE
100
AcDbText
 10
16.0
 20
336.70000000000016
 30
0.0
 40
2.4
  1
with the 40 kg soda-lime store ....................   48 h   [C]
  7
OpenSans
 11
16.0
 21
336.70000000000016
 31
0.0
100
AcDbText
  0
TEXT
  5
16B
330
17
100
AcDbEntity
  8
S-NOTE
100
AcDbText
 10
16.0
 20
332.40000000000015
 30
0.0
 40
2.4
  1
with the 15 m3 oxygen store .......................   80 h   [R]
  7
OpenSans
 11
16.0
 21
332.40000000000015
 31
0.0
100
AcDbText
  0
TEXT
  5
16C
330
17
100
AcDbEntity
  8
S-NOTE
100
AcDbText
 10
16.0
 20
328.10000000000014
 30
0.0
 40
2.4
  1

  7
OpenSans
 11
16.0
 21
328.10000000000014
 31
0.0
100
AcDbText
  0
TEXT
  5
16D
330
17
100
AcDbEntity
  8
S-NOTE
100
AcDbText
 10
16.0
 20
323.8000000000001
 30
0.0
 40
2.4
  1
THE OXYGEN OUTLASTS THE SCRUBBANT.  THE CONSUMABLE TO COUNT, AND THE
  7
OpenSans
 11
16.0
 21
323.8000000000001
 31
0.0
100
AcDbText
  0
TEXT
  5
16E
330
17
100
AcDbEntity
  8
S-NOTE
100
AcDbText
 10
16.0
 20
319.5000000000001
 30
0.0
 40
2.4
  1
ONE TO WRITE ON THE DRILL CARD, IS SODA LIME.  S-06 does not say this.
  7
OpenSans
 11
16.0
 21
319.5000000000001
 31
0.0
100
AcDbText
  0
LWPOLYLINE
  5
16F
330
17
100
AcDbEntity
  8
S-TITLE
100
AcDbPolyline
 90
4
 70
1
 10
14.0
 20
313.2000000000001
 10
278.0
 20
313.2000000000001
 10
278.0
 20
348.40000000000015
 10
14.0
 20
348.40000000000015
  0
TEXT
  5
170
330
17
100
AcDbEntity
  8
S-TITLE
100
AcDbText
 10
288.0
 20
548.6
 30
0.0
 40
2.5
  1
4   GENERAL NOTES
  7
OpenSans
 11
288.0
 21
548.6
 31
0.0
100
AcDbText
  0
TEXT
  5
171
330
17
100
AcDbEntity
  8
S-NOTE
100
AcDbText
 10
288.0
 20
544.6
 30
0.0
 40
2.4
  1
 1  ALL DIMENSIONS IN MILLIMETRES, ALL LEVELS IN METRES relative to
  7
OpenSans
 11
288.0
 21
544.6
 31
0.0
100
AcDbText
  0
TEXT
  5
172
330
17
100
AcDbEntity
  8
S-NOTE
100
AcDbText
 10
288.0
 20
540.3000000000001
 30
0.0
 40
2.4
  1
    finished site grade 0.000.  Coordinate origin per master A.4.1.
  7
OpenSans
 11
288.0
 21
540.3000000000001
 31
0.0
100
AcDbText
  0
TEXT
  5
173
330
17
100
AcDbEntity
  8
S-NOTE
100
AcDbText
 10
288.0
 20
536.0000000000001
 30
0.0
 40
2.4
  1
 2  READ WITH  master/MASTER_PROJECT_STATE.md,  sheet S-06,  the Rev F
  7
OpenSans
 11
288.0
 21
536.0000000000001
 31
0.0
100
AcDbText
  0
TEXT
  5
174
330
17
100
AcDbEntity
  8
S-NOTE
100
AcDbText
 10
288.0
 20
531.7000000000002
 30
0.0
 40
2.4
  1
    architectural set, and the DRAINAGE package (condensate, trap seals).
  7
OpenSans
 11
288.0
 21
531.7000000000002
 31
0.0
100
AcDbText
  0
TEXT
  5
175
330
17
100
AcDbEntity
  8
S-NOTE
100
AcDbText
 10
288.0
 20
527.4000000000002
 30
0.0
 40
2.4
  1
 3  DO NOT SCALE.  Work to figured dimensions and to the schedules.
  7
OpenSans
 11
288.0
 21
527.4000000000002
 31
0.0
100
AcDbText
  0
TEXT
  5
176
330
17
100
AcDbEntity
  8
S-NOTE
100
AcDbText
 10
288.0
 20
523.1000000000003
 30
0.0
 40
2.4
  1
 4  EVERY VALUE ON THIS SET CARRIES AN EVIDENCE CLASS.  Nothing marked
  7
OpenSans
 11
288.0
 21
523.1000000000003
 31
0.0
100
AcDbText
  0
TEXT
  5
177
330
17
100
AcDbEntity
  8
S-NOTE
100
AcDbText
 10
288.0
 20
518.8000000000003
 30
0.0
 40
2.4
  1
    [A], [U] or [N] may be built from without written confirmation.
  7
OpenSans
 11
288.0
 21
518.8000000000003
 31
0.0
100
AcDbText
  0
TEXT
  5
178
330
17
100
AcDbEntity
  8
S-NOTE
100
AcDbText
 10
288.0
 20
514.5000000000003
 30
0.0
 40
2.4
  1
 5  RECESS EVERY BLAST VALVE - IS 4991 Cl. 6.2.1.  A valve flush in a
  7
OpenSans
 11
288.0
 21
514.5000000000003
 31
0.0
100
AcDbText
  0
TEXT
  5
179
330
17
100
AcDbEntity
  8
S-NOTE
100
AcDbText
 10
288.0
 20
510.20000000000033
 30
0.0
 40
2.4
  1
    vertical face sees p_r = 1366 kPa, 3.6 x the 383 kPa side-on value:
  7
OpenSans
 11
288.0
 21
510.20000000000033
 31
0.0
100
AcDbText
  0
TEXT
  5
17A
330
17
100
AcDbEntity
  8
S-NOTE
100
AcDbText
 10
288.0
 20
505.9000000000003
 30
0.0
 40
2.4
  1
    131 kN on a DN350 disc instead of 36.8 kN.
  7
OpenSans
 11
288.0
 21
505.9000000000003
 31
0.0
100
AcDbText
  0
TEXT
  5
17B
330
17
100
AcDbEntity
  8
S-NOTE
100
AcDbText
 10
288.0
 20
501.6000000000003
 30
0.0
 40
2.4
  1
 6  KEEP >= 2.0 m OF DUCT BETWEEN EVERY BLAST VALVE AND ITS PLENUM.  At
  7
OpenSans
 11
288.0
 21
501.6000000000003
 31
0.0
100
AcDbText
  0
TEXT
  5
17C
330
17
100
AcDbEntity
  8
S-NOTE
100
AcDbText
 10
288.0
 20
497.3000000000003
 30
0.0
 40
2.4
  1
    50 psi the shock front moves 1.2 m in the 2 ms the valve takes to
  7
OpenSans
 11
288.0
 21
497.3000000000003
 31
0.0
100
AcDbText
  0
TEXT
  5
17D
330
17
100
AcDbEntity
  8
S-NOTE
100
AcDbText
 10
288.0
 20
493.0000000000003
 30
0.0
 40
2.4
  1
    shut; beyond 2.0 m the leak-through is trivial.
  7
OpenSans
 11
288.0
 21
493.0000000000003
 31
0.0
100
AcDbText
  0
TEXT
  5
17E
330
17
100
AcDbEntity
  8
S-NOTE
100
AcDbText
 10
288.0
 20
488.7000000000003
 30
0.0
 40
2.4
  1
 7  A MANUAL QUARTER-TURN GAS-TIGHT DAMPER INBOARD OF EVERY BLAST VALVE,
  7
OpenSans
 11
288.0
 21
488.7000000000003
 31
0.0
100
AcDbText
  0
TEXT
  5
17F
330
17
100
AcDbEntity
  8
S-NOTE
100
AcDbText
 10
288.0
 20
484.40000000000026
 30
0.0
 40
2.4
  1
    operable from inside WITHOUT TOOLS.  It is the crew's last line if a
  7
OpenSans
 11
288.0
 21
484.40000000000026
 31
0.0
100
AcDbText
  0
TEXT
  5
180
330
17
100
AcDbEntity
  8
S-NOTE
100
AcDbText
 10
288.0
 20
480.10000000000025
 30
0.0
 40
2.4
  1
    valve fails open.
  7
OpenSans
 11
288.0
 21
480.10000000000025
 31
0.0
100
AcDbText
  0
TEXT
  5
181
330
17
100
AcDbEntity
  8
S-NOTE
100
AcDbText
 10
288.0
 20
475.80000000000024
 30
0.0
 40
2.4
  1
 8  SPECIFY THE HOLD TIME, NOT JUST THE CLOSING TIME.  The nuclear
  7
OpenSans
 11
288.0
 21
475.80000000000024
 31
0.0
100
AcDbText
  0
TEXT
  5
182
330
17
100
AcDbEntity
  8
S-NOTE
100
AcDbText
 10
288.0
 20
471.5000000000002
 30
0.0
 40
2.4
  1
    positive phase is 0.13-1.33 s.  A valve that reopens at 50 ms is
  7
OpenSans
 11
288.0
 21
471.5000000000002
 31
0.0
100
AcDbText
  0
TEXT
  5
183
330
17
100
AcDbEntity
  8
S-NOTE
100
AcDbText
 10
288.0
 20
467.2000000000002
 30
0.0
 40
2.4
  1
    useless here.  It must also be rated IN REVERSE for the negative
  7
OpenSans
 11
288.0
 21
467.2000000000002
 31
0.0
100
AcDbText
  0
TEXT
  5
184
330
17
100
AcDbEntity
  8
S-NOTE
100
AcDbText
 10
288.0
 20
462.9000000000002
 30
0.0
 40
2.4
  1
    phase, about 0.25 p_so = 86 kPa.
  7
OpenSans
 11
288.0
 21
462.9000000000002
 31
0.0
100
AcDbText
  0
TEXT
  5
185
330
17
100
AcDbEntity
  8
S-NOTE
100
AcDbText
 10
288.0
 20
458.6000000000002
 30
0.0
 40
2.4
  1
 9  EVERY DUCT CROSSING THE ENVELOPE takes a cast-in frame welded to the
  7
OpenSans
 11
288.0
 21
458.6000000000002
 31
0.0
100
AcDbText
  0
TEXT
  5
186
330
17
100
AcDbEntity
  8
S-NOTE
100
AcDbText
 10
288.0
 20
454.3000000000002
 30
0.0
 40
2.4
  1
    reinforcement cage for EMP continuity, in a 250 RC valve chamber.
  7
OpenSans
 11
288.0
 21
454.3000000000002
 31
0.0
100
AcDbText
  0
TEXT
  5
187
330
17
100
AcDbEntity
  8
S-NOTE
100
AcDbText
 10
288.0
 20
450.00000000000017
 30
0.0
 40
2.4
  1
10  NO DUCT PENETRATES THE 900 PRESSURE SLAB OR THE 600 MAT.  Every
  7
OpenSans
 11
288.0
 21
450.00000000000017
 31
0.0
100
AcDbText
  0
TEXT
  5
188
330
17
100
AcDbEntity
  8
S-NOTE
100
AcDbText
 10
288.0
 20
445.70000000000016
 30
0.0
 40
2.4
  1
    crossing is through a wall, at a confirmed blast-valve position.
  7
OpenSans
 11
288.0
 21
445.70000000000016
 31
0.0
100
AcDbText
  0
TEXT
  5
189
330
17
100
AcDbEntity
  8
S-NOTE
100
AcDbText
 10
288.0
 20
441.40000000000015
 30
0.0
 40
2.4
  1
11  NO DUCT, DIFFUSER OR SUPPORT IS PLACED IN THE MAIN STAIRCASE, its
  7
OpenSans
 11
288.0
 21
441.40000000000015
 31
0.0
100
AcDbText
  0
TEXT
  5
18A
330
17
100
AcDbEntity
  8
S-NOTE
100
AcDbText
 10
288.0
 20
437.10000000000014
 30
0.0
 40
2.4
  1
    flights, its well or its landings.  That geometry is frozen.
  7
OpenSans
 11
288.0
 21
437.10000000000014
 31
0.0
100
AcDbText
  0
TEXT
  5
18B
330
17
100
AcDbEntity
  8
S-NOTE
100
AcDbText
 10
288.0
 20
432.8000000000001
 30
0.0
 40
2.4
  1
12  CONDENSATE from DH-1 and from any cooling coil discharges to the
  7
OpenSans
 11
288.0
 21
432.8000000000001
 31
0.0
100
AcDbText
  0
TEXT
  5
18C
330
17
100
AcDbEntity
  8
S-NOTE
100
AcDbText
 10
288.0
 20
428.5000000000001
 30
0.0
 40
2.4
  1
    clean sump through a 75 mm DEEP-SEAL TRAP with an air gap - it is a
  7
OpenSans
 11
288.0
 21
428.5000000000001
 31
0.0
100
AcDbText
  0
TEXT
  5
18D
330
17
100
AcDbEntity
  8
S-NOTE
100
AcDbText
 10
288.0
 20
424.2000000000001
 30
0.0
 40
2.4
  1
    pressure boundary at +300 Pa.  See DRAINAGE calculation D.6.
  7
OpenSans
 11
288.0
 21
424.2000000000001
 31
0.0
100
AcDbText
  0
TEXT
  5
18E
330
17
100
AcDbEntity
  8
S-NOTE
100
AcDbText
 10
288.0
 20
419.9000000000001
 30
0.0
 40
2.4
  1
13  A FLOW METER AND A DIFFERENTIAL-PRESSURE GAUGE ACROSS EVERY FILTER
  7
OpenSans
 11
288.0
 21
419.9000000000001
 31
0.0
100
AcDbText
  0
TEXT
  5
18F
330
17
100
AcDbEntity
  8
S-NOTE
100
AcDbText
 10
288.0
 20
415.6000000000001
 30
0.0
 40
2.4
  1
    STAGE - 'the only way to know a filter is spent' (S-06).
  7
OpenSans
 11
288.0
 21
415.6000000000001
 31
0.0
100
AcDbText
  0
LWPOLYLINE
  5
190
330
17
100
AcDbEntity
  8
S-TITLE
100
AcDbPolyline
 90
4
 70
1
 10
286.0
 20
409.30000000000007
 10
550.0
 20
409.30000000000007
 10
550.0
 20
552.0
 10
286.0
 20
552.0
  0
TEXT
  5
191
330
17
100
AcDbEntity
  8
S-TITLE
100
AcDbText
 10
288.0
 20
399.9000000000001
 30
0.0
 40
2.5
  1
5   TESTING AND COMMISSIONING
  7
OpenSans
 11
288.0
 21
399.9000000000001
 31
0.0
100
AcDbText
  0
TEXT
  5
192
330
17
100
AcDbEntity
  8
S-NOTE
100
AcDbText
 10
288.0
 20
395.9000000000001
 30
0.0
 40
2.4
  1
1  Envelope leak test at +300 Pa BEFORE any ceiling or boxing is closed.
  7
OpenSans
 11
288.0
 21
395.9000000000001
 31
0.0
100
AcDbText
  0
TEXT
  5
193
330
17
100
AcDbEntity
  8
S-NOTE
100
AcDbText
 10
288.0
 20
391.6000000000001
 30
0.0
 40
2.4
  1
   The raw-air duct FA-2 / FA-3 is tested to the SAME standard, not to a
  7
OpenSans
 11
288.0
 21
391.6000000000001
 31
0.0
100
AcDbText
  0
TEXT
  5
194
330
17
100
AcDbEntity
  8
S-NOTE
100
AcDbText
 10
288.0
 20
387.30000000000007
 30
0.0
 40
2.4
  1
   ductwork standard - see note 6 of M-102.
  7
OpenSans
 11
288.0
 21
387.30000000000007
 31
0.0
100
AcDbText
  0
TEXT
  5
195
330
17
100
AcDbEntity
  8
S-NOTE
100
AcDbText
 10
288.0
 20
383.00000000000006
 30
0.0
 40
2.4
  1
2  Prove the cascade with a manometer at every stage: +50 / +35 / +20 /
  7
OpenSans
 11
288.0
 21
383.00000000000006
 31
0.0
100
AcDbText
  0
TEXT
  5
196
330
17
100
AcDbEntity
  8
S-NOTE
100
AcDbText
 10
288.0
 20
378.70000000000005
 30
0.0
 40
2.4
  1
   +10 / 0 Pa, with the airlock doors shut and then in sequence.
  7
OpenSans
 11
288.0
 21
378.70000000000005
 31
0.0
100
AcDbText
  0
TEXT
  5
197
330
17
100
AcDbEntity
  8
S-NOTE
100
AcDbText
 10
288.0
 20
374.40000000000003
 30
0.0
 40
2.4
  1
3  Balance the two modes: 135 / 45 m3/h on VCD-1 and VCD-2, and record
  7
OpenSans
 11
288.0
 21
374.40000000000003
 31
0.0
100
AcDbText
  0
TEXT
  5
198
330
17
100
AcDbEntity
  8
S-NOTE
100
AcDbText
 10
288.0
 20
370.1
 30
0.0
 40
2.4
  1
   BOTH settings on the damper and on the O&M card.
  7
OpenSans
 11
288.0
 21
370.1
 31
0.0
100
AcDbText
  0
TEXT
  5
199
330
17
100
AcDbEntity
  8
S-NOTE
100
AcDbText
 10
288.0
 20
365.8
 30
0.0
 40
2.4
  1
4  Time a real purge of decon stage 1 against the 12.8 min calculation.
  7
OpenSans
 11
288.0
 21
365.8
 31
0.0
100
AcDbText
  0
TEXT
  5
19A
330
17
100
AcDbEntity
  8
S-NOTE
100
AcDbText
 10
288.0
 20
361.5
 30
0.0
 40
2.4
  1
   If it is slower, the entry rate of 4-5 persons per hour falls too.
  7
OpenSans
 11
288.0
 21
361.5
 31
0.0
100
AcDbText
  0
TEXT
  5
19B
330
17
100
AcDbEntity
  8
S-NOTE
100
AcDbText
 10
288.0
 20
357.2
 30
0.0
 40
2.4
  1
5  Run the hand crank at full duty for 15 minutes with one person, and
  7
OpenSans
 11
288.0
 21
357.2
 31
0.0
100
AcDbText
  0
TEXT
  5
19C
330
17
100
AcDbEntity
  8
S-NOTE
100
AcDbText
 10
288.0
 20
352.9
 30
0.0
 40
2.4
  1
   record what it actually takes.  It is a survival provision, not a
  7
OpenSans
 11
288.0
 21
352.9
 31
0.0
100
AcDbText
  0
TEXT
  5
19D
330
17
100
AcDbEntity
  8
S-NOTE
100
AcDbText
 10
288.0
 20
348.59999999999997
 30
0.0
 40
2.4
  1
   symbol.
  7
OpenSans
 11
288.0
 21
348.59999999999997
 31
0.0
100
AcDbText
  0
TEXT
  5
19E
330
17
100
AcDbEntity
  8
S-NOTE
100
AcDbText
 10
288.0
 20
344.29999999999995
 30
0.0
 40
2.4
  1
6  Record the CLEAN pressure drop of every filter stage at handover -
  7
OpenSans
 11
288.0
 21
344.29999999999995
 31
0.0
100
AcDbText
  0
TEXT
  5
19F
330
17
100
AcDbEntity
  8
S-NOTE
100
AcDbText
 10
288.0
 20
339.99999999999994
 30
0.0
 40
2.4
  1
   it is the datum the dirty reading is judged against.
  7
OpenSans
 11
288.0
 21
339.99999999999994
 31
0.0
100
AcDbText
  0
LWPOLYLINE
  5
1A0
330
17
100
AcDbEntity
  8
S-TITLE
100
AcDbPolyline
 90
4
 70
1
 10
286.0
 20
333.69999999999993
 10
550.0
 20
333.69999999999993
 10
550.0
 20
403.30000000000007
 10
286.0
 20
403.30000000000007
  0
TEXT
  5
1A1
330
17
100
AcDbEntity
  8
S-TITLE
100
AcDbText
 10
288.0
 20
324.29999999999995
 30
0.0
 40
2.5
  1
6   CODES AND STANDARDS
  7
OpenSans
 11
288.0
 21
324.29999999999995
 31
0.0
100
AcDbText
  0
TEXT
  5
1A2
330
17
100
AcDbEntity
  8
S-NOTE
100
AcDbText
 10
288.0
 20
320.29999999999995
 30
0.0
 40
2.4
  1
IN THE MASTER PART G REGISTER  -  quoted:
  7
OpenSans
 11
288.0
 21
320.29999999999995
 31
0.0
100
AcDbText
  0
TEXT
  5
1A3
330
17
100
AcDbEntity
  8
S-NOTE
100
AcDbText
 10
288.0
 20
315.99999999999994
 30
0.0
 40
2.4
  1
    FEMA 453           0.25 cfm/ft2; carbon adsorber performance
  7
OpenSans
 11
288.0
 21
315.99999999999994
 31
0.0
100
AcDbText
  0
TEXT
  5
1A4
330
17
100
AcDbEntity
  8
S-NOTE
100
AcDbText
 10
288.0
 20
311.69999999999993
 30
0.0
 40
2.4
  1
    EN 1822            HEPA classification H14, 99.995 % at MPPS
  7
OpenSans
 11
288.0
 21
311.69999999999993
 31
0.0
100
AcDbText
  0
TEXT
  5
1A5
330
17
100
AcDbEntity
  8
S-NOTE
100
AcDbText
 10
288.0
 20
307.3999999999999
 30
0.0
 40
2.4
  1
    IS 4991:1968       Cl. 6.2.1 reflected pressure and recessing
  7
OpenSans
 11
288.0
 21
307.3999999999999
 31
0.0
100
AcDbText
  0
TEXT
  5
1A6
330
17
100
AcDbEntity
  8
S-NOTE
100
AcDbText
 10
288.0
 20
303.0999999999999
 30
0.0
 40
2.4
  1
    MIL-STD-188-125-1  EMP - penetration treatment
  7
OpenSans
 11
288.0
 21
303.0999999999999
 31
0.0
100
AcDbText
  0
TEXT
  5
1A7
330
17
100
AcDbEntity
  8
S-NOTE
100
AcDbText
 10
288.0
 20
298.7999999999999
 30
0.0
 40
2.4
  1
    IS 875 (Pt 2)      imposed loads, for duct support reactions
  7
OpenSans
 11
288.0
 21
298.7999999999999
 31
0.0
100
AcDbText
  0
TEXT
  5
1A8
330
17
100
AcDbEntity
  8
S-NOTE
100
AcDbText
 10
288.0
 20
294.4999999999999
 30
0.0
 40
2.4
  1

  7
OpenSans
 11
288.0
 21
294.4999999999999
 31
0.0
100
AcDbText
  0
TEXT
  5
1A9
330
17
100
AcDbEntity
  8
S-NOTE
100
AcDbText
 10
288.0
 20
290.1999999999999
 30
0.0
 40
2.4
  1
NOT IN THE REGISTER  -  cited BY TITLE ONLY, no clause quoted:
  7
OpenSans
 11
288.0
 21
290.1999999999999
 31
0.0
100
AcDbText
  0
TEXT
  5
1AA
330
17
100
AcDbEntity
  8
S-NOTE
100
AcDbText
 10
288.0
 20
285.89999999999986
 30
0.0
 40
2.4
  1
    IS 3103  industrial ventilation
  7
OpenSans
 11
288.0
 21
285.89999999999986
 31
0.0
100
AcDbText
  0
TEXT
  5
1AB
330
17
100
AcDbEntity
  8
S-NOTE
100
AcDbText
 10
288.0
 20
281.59999999999985
 30
0.0
 40
2.4
  1
    ISHRAE / ASHRAE handbooks  ventilation and duct design practice
  7
OpenSans
 11
288.0
 21
281.59999999999985
 31
0.0
100
AcDbText
  0
TEXT
  5
1AC
330
17
100
AcDbEntity
  8
S-NOTE
100
AcDbText
 10
288.0
 20
277.29999999999984
 30
0.0
 40
2.4
  1

  7
OpenSans
 11
288.0
 21
277.29999999999984
 31
0.0
100
AcDbText
  0
TEXT
  5
1AD
330
17
100
AcDbEntity
  8
S-NOTE
100
AcDbText
 10
288.0
 20
272.99999999999983
 30
0.0
 40
2.4
  1
*** NO CODE DOCUMENT IS IN THE WORKSPACE (master open item M2).  Air
  7
OpenSans
 11
288.0
 21
272.99999999999983
 31
0.0
100
AcDbText
  0
TEXT
  5
1AE
330
17
100
AcDbEntity
  8
S-NOTE
100
AcDbText
 10
288.0
 20
268.6999999999998
 30
0.0
 40
2.4
  1
    properties and the duct roughness used in calculation H.8 are
  7
OpenSans
 11
288.0
 21
268.6999999999998
 31
0.0
100
AcDbText
  0
TEXT
  5
1AF
330
17
100
AcDbEntity
  8
S-NOTE
100
AcDbText
 10
288.0
 20
264.3999999999998
 30
0.0
 40
2.4
  1
    standard tabulated values whose source is not in the workspace;
  7
OpenSans
 11
288.0
 21
264.3999999999998
 31
0.0
100
AcDbText
  0
TEXT
  5
1B0
330
17
100
AcDbEntity
  8
S-NOTE
100
AcDbText
 10
288.0
 20
260.0999999999998
 30
0.0
 40
2.4
  1
    they are tagged [A] and are NOT attributed to a code. ***
  7
OpenSans
 11
288.0
 21
260.0999999999998
 31
0.0
100
AcDbText
  0
LWPOLYLINE
  5
1B1
330
17
100
AcDbEntity
  8
S-TITLE
100
AcDbPolyline
 90
4
 70
1
 10
286.0
 20
253.79999999999978
 10
550.0
 20
253.79999999999978
 10
550.0
 20
327.69999999999993
 10
286.0
 20
327.69999999999993
  0
TEXT
  5
1B2
330
17
100
AcDbEntity
  8
M-TITLE
100
AcDbText
 10
558.0
 20
548.6
 30
0.0
 40
2.5
  1
7   DESIGN BASIS   -   every figure reproduced from first principles
  7
OpenSans
 11
558.0
 21
548.6
 31
0.0
100
AcDbText
  0
LWPOLYLINE
  5
1B3
330
17
100
AcDbEntity
  8
M-TABLE
100
AcDbPolyline
 90
4
 70
1
 10
558.0
 20
537.8
 10
800.0
 20
537.8
 10
800.0
 20
544.0
 10
558.0
 20
544.0
  0
TEXT
  5
1B4
330
17
100
AcDbEntity
  8
M-TABLE
100
AcDbText
 10
559.4
 20
539.0999999999999
 30
0.0
 40
2.1
  1
PARAMETER
  7
OpenSans
 11
559.4
 21
539.0999999999999
 31
0.0
100
AcDbText
  0
TEXT
  5
1B5
330
17
100
AcDbEntity
  8
M-TABLE
100
AcDbText
 10
663.4
 20
539.0999999999999
 30
0.0
 40
2.1
  1
VALUE
  7
OpenSans
 11
663.4
 21
539.0999999999999
 31
0.0
100
AcDbText
  0
TEXT
  5
1B6
330
17
100
AcDbEntity
  8
M-TABLE
100
AcDbText
 10
725.4
 20
539.0999999999999
 30
0.0
 40
2.1
  1
CLASS AND SOURCE
  7
OpenSans
 11
725.4
 21
539.0999999999999
 31
0.0
100
AcDbText
  0
TEXT
  5
1B7
330
17
100
AcDbEntity
  8
M-TABLE
100
AcDbText
 10
559.4
 20
532.8999999999999
 30
0.0
 40
2.1
  1
OCCUPANCY
  7
OpenSans
 11
559.4
 21
532.8999999999999
 31
0.0
100
AcDbText
  0
TEXT
  5
1B8
330
17
100
AcDbEntity
  8
M-TABLE
100
AcDbText
 10
663.4
 20
532.8999999999999
 30
0.0
 40
2.1
  1
9 persons
  7
OpenSans
 11
663.4
 21
532.8999999999999
 31
0.0
100
AcDbText
  0
TEXT
  5
1B9
330
17
100
AcDbEntity
  8
M-TABLE
100
AcDbText
 10
725.4
 20
532.8999999999999
 30
0.0
 40
2.1
  1
[C]  S-06
  7
OpenSans
 11
725.4
 21
532.8999999999999
 31
0.0
100
AcDbText
  0
LINE
  5
1BA
330
17
100
AcDbEntity
  8
M-TABLE
100
AcDbLine
 10
558.0
 20
531.5999999999999
 30
0.0
 11
800.0
 21
531.5999999999999
 31
0.0
  0
TEXT
  5
1BB
330
17
100
AcDbEntity
  8
M-TABLE
100
AcDbText
 10
559.4
 20
526.6999999999998
 30
0.0
 40
2.1
  1
DESIGN ENDURANCE
  7
OpenSans
 11
559.4
 21
526.6999999999998
 31
0.0
100
AcDbText
  0
TEXT
  5
1BC
330
17
100
AcDbEntity
  8
M-TABLE
100
AcDbText
 10
663.4
 20
526.6999999999998
 30
0.0
 40
2.1
  1
96 h
  7
OpenSans
 11
663.4
 21
526.6999999999998
 31
0.0
100
AcDbText
  0
TEXT
  5
1BD
330
17
100
AcDbEntity
  8
M-TABLE
100
AcDbText
 10
725.4
 20
526.6999999999998
 30
0.0
 40
2.1
  1
[C]  S-06
  7
OpenSans
 11
725.4
 21
526.6999999999998
 31
0.0
100
AcDbText
  0
LINE
  5
1BE
330
17
100
AcDbEntity
  8
M-TABLE
100
AcDbLine
 10
558.0
 20
525.3999999999999
 30
0.0
 11
800.0
 21
525.3999999999999
 31
0.0
  0
TEXT
  5
1BF
330
17
100
AcDbEntity
  8
M-TABLE
100
AcDbText
 10
559.4
 20
520.4999999999998
 30
0.0
 40
2.1
  1
GAS-TIGHT ENVELOPE
  7
OpenSans
 11
559.4
 21
520.4999999999998
 31
0.0
100
AcDbText
  0
TEXT
  5
1C0
330
17
100
AcDbEntity
  8
M-TABLE
100
AcDbText
 10
663.4
 20
520.4999999999998
 30
0.0
 40
2.1
  1
67.80 m2 / 216.96 m3
  7
OpenSans
 11
663.4
 21
520.4999999999998
 31
0.0
100
AcDbText
  0
TEXT
  5
1C1
330
17
100
AcDbEntity
  8
M-TABLE
100
AcDbText
 10
725.4
 20
520.4999999999998
 30
0.0
 40
2.1
  1
[R]  = S-06's 67.8 / 217.0
  7
OpenSans
 11
725.4
 21
520.4999999999998
 31
0.0
100
AcDbText
  0
LINE
  5
1C2
330
17
100
AcDbEntity
  8
M-TABLE
100
AcDbLine
 10
558.0
 20
519.1999999999998
 30
0.0
 11
800.0
 21
519.1999999999998
 31
0.0
  0
TEXT
  5
1C3
330
17
100
AcDbEntity
  8
M-TABLE
100
AcDbText
 10
559.4
 20
514.2999999999997
 30
0.0
 40
2.1
  1
CLEAN ZONE, bays 1-5
  7
OpenSans
 11
559.4
 21
514.2999999999997
 31
0.0
100
AcDbText
  0
TEXT
  5
1C4
330
17
100
AcDbEntity
  8
M-TABLE
100
AcDbText
 10
663.4
 20
514.2999999999997
 30
0.0
 40
2.1
  1
57.80 m2 / 184.96 m3
  7
OpenSans
 11
663.4
 21
514.2999999999997
 31
0.0
100
AcDbText
  0
TEXT
  5
1C5
330
17
100
AcDbEntity
  8
M-TABLE
100
AcDbText
 10
725.4
 20
514.2999999999997
 30
0.0
 40
2.1
  1
[R]  = S-06's 57.8 / 185.0
  7
OpenSans
 11
725.4
 21
514.2999999999997
 31
0.0
100
AcDbText
  0
LINE
  5
1C6
330
17
100
AcDbEntity
  8
M-TABLE
100
AcDbLine
 10
558.0
 20
512.9999999999998
 30
0.0
 11
800.0
 21
512.9999999999998
 31
0.0
  0
TEXT
  5
1C7
330
17
100
AcDbEntity
  8
M-TABLE
100
AcDbText
 10
559.4
 20
508.0999999999998
 30
0.0
 40
2.1
  1
   = envelope less the airlock
  7
OpenSans
 11
559.4
 21
508.0999999999998
 31
0.0
100
AcDbText
  0
TEXT
  5
1C8
330
17
100
AcDbEntity
  8
M-TABLE
100
AcDbText
 10
663.4
 20
508.0999999999998
 30
0.0
 40
2.1
  1
67.8 - 10.0 = 57.8
  7
OpenSans
 11
663.4
 21
508.0999999999998
 31
0.0
100
AcDbText
  0
TEXT
  5
1C9
330
17
100
AcDbEntity
  8
M-TABLE
100
AcDbText
 10
725.4
 20
508.0999999999998
 30
0.0
 40
2.1
  1
[R]  not stated on S-06
  7
OpenSans
 11
725.4
 21
508.0999999999998
 31
0.0
100
AcDbText
  0
LINE
  5
1CA
330
17
100
AcDbEntity
  8
M-TABLE
100
AcDbLine
 10
558.0
 20
506.7999999999998
 30
0.0
 11
800.0
 21
506.7999999999998
 31
0.0
  0
TEXT
  5
1CB
330
17
100
AcDbEntity
  8
M-TABLE
100
AcDbText
 10
559.4
 20
501.8999999999998
 30
0.0
 40
2.1
  1
SURVIVAL RATE
  7
OpenSans
 11
559.4
 21
501.8999999999998
 31
0.0
100
AcDbText
  0
TEXT
  5
1CC
330
17
100
AcDbEntity
  8
M-TABLE
100
AcDbText
 10
663.4
 20
501.8999999999998
 30
0.0
 40
2.1
  1
5 x 9 = 45 m3/h
  7
OpenSans
 11
663.4
 21
501.8999999999998
 31
0.0
100
AcDbText
  0
TEXT
  5
1CD
330
17
100
AcDbEntity
  8
M-TABLE
100
AcDbText
 10
725.4
 20
501.8999999999998
 30
0.0
 40
2.1
  1
[C]  S-06
  7
OpenSans
 11
725.4
 21
501.8999999999998
 31
0.0
100
AcDbText
  0
LINE
  5
1CE
330
17
100
AcDbEntity
  8
M-TABLE
100
AcDbLine
 10
558.0
 20
500.5999999999998
 30
0.0
 11
800.0
 21
500.5999999999998
 31
0.0
  0
TEXT
  5
1CF
330
17
100
AcDbEntity
  8
M-TABLE
100
AcDbText
 10
559.4
 20
495.6999999999998
 30
0.0
 40
2.1
  1
WORKING SHELTER RATE
  7
OpenSans
 11
559.4
 21
495.6999999999998
 31
0.0
100
AcDbText
  0
TEXT
  5
1D0
330
17
100
AcDbEntity
  8
M-TABLE
100
AcDbText
 10
663.4
 20
495.6999999999998
 30
0.0
 40
2.1
  1
15 x 9 = 135 m3/h
  7
OpenSans
 11
663.4
 21
495.6999999999998
 31
0.0
100
AcDbText
  0
TEXT
  5
1D1
330
17
100
AcDbEntity
  8
M-TABLE
100
AcDbText
 10
725.4
 20
495.6999999999998
 30
0.0
 40
2.1
  1
[C]  S-06
  7
OpenSans
 11
725.4
 21
495.6999999999998
 31
0.0
100
AcDbText
  0
LINE
  5
1D2
330
17
100
AcDbEntity
  8
M-TABLE
100
AcDbLine
 10
558.0
 20
494.3999999999998
 30
0.0
 11
800.0
 21
494.3999999999998
 31
0.0
  0
TEXT
  5
1D3
330
17
100
AcDbEntity
  8
M-TABLE
100
AcDbText
 10
559.4
 20
489.49999999999983
 30
0.0
 40
2.1
  1
FEMA 453, 0.25 cfm/ft2
  7
OpenSans
 11
559.4
 21
489.49999999999983
 31
0.0
100
AcDbText
  0
TEXT
  5
1D4
330
17
100
AcDbEntity
  8
M-TABLE
100
AcDbText
 10
663.4
 20
489.49999999999983
 30
0.0
 40
2.1
  1
264.3 m3/h
  7
OpenSans
 11
663.4
 21
489.49999999999983
 31
0.0
100
AcDbText
  0
TEXT
  5
1D5
330
17
100
AcDbEntity
  8
M-TABLE
100
AcDbText
 10
725.4
 20
489.49999999999983
 30
0.0
 40
2.1
  1
[R]  = S-06's 264
  7
OpenSans
 11
725.4
 21
489.49999999999983
 31
0.0
100
AcDbText
  0
LINE
  5
1D6
330
17
100
AcDbEntity
  8
M-TABLE
100
AcDbLine
 10
558.0
 20
488.1999999999998
 30
0.0
 11
800.0
 21
488.1999999999998
 31
0.0
  0
TEXT
  5
1D7
330
17
100
AcDbEntity
  8
M-TABLE
100
AcDbText
 10
559.4
 20
483.29999999999984
 30
0.0
 40
2.1
  1
DESIGN FLOW
  7
OpenSans
 11
559.4
 21
483.29999999999984
 31
0.0
100
AcDbText
  0
TEXT
  5
1D8
330
17
100
AcDbEntity
  8
M-TABLE
100
AcDbText
 10
663.4
 20
483.29999999999984
 30
0.0
 40
2.1
  1
300 m3/h
  7
OpenSans
 11
663.4
 21
483.29999999999984
 31
0.0
100
AcDbText
  0
TEXT
  5
1D9
330
17
100
AcDbEntity
  8
M-TABLE
100
AcDbText
 10
725.4
 20
483.29999999999984
 30
0.0
 40
2.1
  1
[C]  S-06
  7
OpenSans
 11
725.4
 21
483.29999999999984
 31
0.0
100
AcDbText
  0
LINE
  5
1DA
330
17
100
AcDbEntity
  8
M-TABLE
100
AcDbLine
 10
558.0
 20
481.99999999999983
 30
0.0
 11
800.0
 21
481.99999999999983
 31
0.0
  0
TEXT
  5
1DB
330
17
100
AcDbEntity
  8
M-TABLE
100
AcDbText
 10
559.4
 20
477.09999999999985
 30
0.0
 40
2.1
  1
   per person
  7
OpenSans
 11
559.4
 21
477.09999999999985
 31
0.0
100
AcDbText
  0
TEXT
  5
1DC
330
17
100
AcDbEntity
  8
M-TABLE
100
AcDbText
 10
663.4
 20
477.09999999999985
 30
0.0
 40
2.1
  1
33.3 m3/h
  7
OpenSans
 11
663.4
 21
477.09999999999985
 31
0.0
100
AcDbText
  0
TEXT
  5
1DD
330
17
100
AcDbEntity
  8
M-TABLE
100
AcDbText
 10
725.4
 20
477.09999999999985
 30
0.0
 40
2.1
  1
[R]  2.2 x the working rate
  7
OpenSans
 11
725.4
 21
477.09999999999985
 31
0.0
100
AcDbText
  0
LINE
  5
1DE
330
17
100
AcDbEntity
  8
M-TABLE
100
AcDbLine
 10
558.0
 20
475.79999999999984
 30
0.0
 11
800.0
 21
475.79999999999984
 31
0.0
  0
TEXT
  5
1DF
330
17
100
AcDbEntity
  8
M-TABLE
100
AcDbText
 10
559.4
 20
470.89999999999986
 30
0.0
 40
2.1
  1
CONFIGURATION
  7
OpenSans
 11
559.4
 21
470.89999999999986
 31
0.0
100
AcDbText
  0
TEXT
  5
1E0
330
17
100
AcDbEntity
  8
M-TABLE
100
AcDbText
 10
663.4
 20
470.89999999999986
 30
0.0
 40
2.1
  1
2 x 300, TRUE N+1
  7
OpenSans
 11
663.4
 21
470.89999999999986
 31
0.0
100
AcDbText
  0
TEXT
  5
1E1
330
17
100
AcDbEntity
  8
M-TABLE
100
AcDbText
 10
725.4
 20
470.89999999999986
 30
0.0
 40
2.1
  1
[C]  S-06
  7
OpenSans
 11
725.4
 21
470.89999999999986
 31
0.0
100
AcDbText
  0
LINE
  5
1E2
330
17
100
AcDbEntity
  8
M-TABLE
100
AcDbLine
 10
558.0
 20
469.59999999999985
 30
0.0
 11
800.0
 21
469.59999999999985
 31
0.0
  0
TEXT
  5
1E3
330
17
100
AcDbEntity
  8
M-TABLE
100
AcDbText
 10
559.4
 20
464.6999999999999
 30
0.0
 40
2.1
  1
ACH, whole envelope
  7
OpenSans
 11
559.4
 21
464.6999999999999
 31
0.0
100
AcDbText
  0
TEXT
  5
1E4
330
17
100
AcDbEntity
  8
M-TABLE
100
AcDbText
 10
663.4
 20
464.6999999999999
 30
0.0
 40
2.1
  1
1.38
  7
OpenSans
 11
663.4
 21
464.6999999999999
 31
0.0
100
AcDbText
  0
TEXT
  5
1E5
330
17
100
AcDbEntity
  8
M-TABLE
100
AcDbText
 10
725.4
 20
464.6999999999999
 30
0.0
 40
2.1
  1
[R]
  7
OpenSans
 11
725.4
 21
464.6999999999999
 31
0.0
100
AcDbText
  0
LINE
  5
1E6
330
17
100
AcDbEntity
  8
M-TABLE
100
AcDbLine
 10
558.0
 20
463.39999999999986
 30
0.0
 11
800.0
 21
463.39999999999986
 31
0.0
  0
TEXT
  5
1E7
330
17
100
AcDbEntity
  8
M-TABLE
100
AcDbText
 10
559.4
 20
458.4999999999999
 30
0.0
 40
2.1
  1
ACH, clean zone
  7
OpenSans
 11
559.4
 21
458.4999999999999
 31
0.0
100
AcDbText
  0
TEXT
  5
1E8
330
17
100
AcDbEntity
  8
M-TABLE
100
AcDbText
 10
663.4
 20
458.4999999999999
 30
0.0
 40
2.1
  1
1.62
  7
OpenSans
 11
663.4
 21
458.4999999999999
 31
0.0
100
AcDbText
  0
TEXT
  5
1E9
330
17
100
AcDbEntity
  8
M-TABLE
100
AcDbText
 10
725.4
 20
458.4999999999999
 30
0.0
 40
2.1
  1
[R]
  7
OpenSans
 11
725.4
 21
458.4999999999999
 31
0.0
100
AcDbText
  0
LINE
  5
1EA
330
17
100
AcDbEntity
  8
M-TABLE
100
AcDbLine
 10
558.0
 20
457.1999999999999
 30
0.0
 11
800.0
 21
457.1999999999999
 31
0.0
  0
TEXT
  5
1EB
330
17
100
AcDbEntity
  8
M-TABLE
100
AcDbText
 10
559.4
 20
452.2999999999999
 30
0.0
 40
2.1
  1
LEAKAGE
  7
OpenSans
 11
559.4
 21
452.2999999999999
 31
0.0
100
AcDbText
  0
TEXT
  5
1EC
330
17
100
AcDbEntity
  8
M-TABLE
100
AcDbText
 10
663.4
 20
452.2999999999999
 30
0.0
 40
2.1
  1
0.15 vol/h = 32.5 m3/h
  7
OpenSans
 11
663.4
 21
452.2999999999999
 31
0.0
100
AcDbText
  0
TEXT
  5
1ED
330
17
100
AcDbEntity
  8
M-TABLE
100
AcDbText
 10
725.4
 20
452.2999999999999
 30
0.0
 40
2.1
  1
[R]  = S-06's 32.5, 11 %
  7
OpenSans
 11
725.4
 21
452.2999999999999
 31
0.0
100
AcDbText
  0
LINE
  5
1EE
330
17
100
AcDbEntity
  8
M-TABLE
100
AcDbLine
 10
558.0
 20
450.9999999999999
 30
0.0
 11
800.0
 21
450.9999999999999
 31
0.0
  0
TEXT
  5
1EF
330
17
100
AcDbEntity
  8
M-TABLE
100
AcDbText
 10
559.4
 20
446.0999999999999
 30
0.0
 40
2.1
  1
OVERPRESSURE
  7
OpenSans
 11
559.4
 21
446.0999999999999
 31
0.0
100
AcDbText
  0
TEXT
  5
1F0
330
17
100
AcDbEntity
  8
M-TABLE
100
AcDbText
 10
663.4
 20
446.0999999999999
 30
0.0
 40
2.1
  1
+50 to +100 Pa
  7
OpenSans
 11
663.4
 21
446.0999999999999
 31
0.0
100
AcDbText
  0
TEXT
  5
1F1
330
17
100
AcDbEntity
  8
M-TABLE
100
AcDbText
 10
725.4
 20
446.0999999999999
 30
0.0
 40
2.1
  1
[C]  S-06
  7
OpenSans
 11
725.4
 21
446.0999999999999
 31
0.0
100
AcDbText
  0
LINE
  5
1F2
330
17
100
AcDbEntity
  8
M-TABLE
100
AcDbLine
 10
558.0
 20
444.7999999999999
 30
0.0
 11
800.0
 21
444.7999999999999
 31
0.0
  0
TEXT
  5
1F3
330
17
100
AcDbEntity
  8
M-TABLE
100
AcDbText
 10
559.4
 20
439.8999999999999
 30
0.0
 40
2.1
  1
CASCADE
  7
OpenSans
 11
559.4
 21
439.8999999999999
 31
0.0
100
AcDbText
  0
TEXT
  5
1F4
330
17
100
AcDbEntity
  8
M-TABLE
100
AcDbText
 10
663.4
 20
439.8999999999999
 30
0.0
 40
2.1
  1
0/+10/+20/+35/+50 Pa
  7
OpenSans
 11
663.4
 21
439.8999999999999
 31
0.0
100
AcDbText
  0
TEXT
  5
1F5
330
17
100
AcDbEntity
  8
M-TABLE
100
AcDbText
 10
725.4
 20
439.8999999999999
 30
0.0
 40
2.1
  1
[C]  S-06
  7
OpenSans
 11
725.4
 21
439.8999999999999
 31
0.0
100
AcDbText
  0
LINE
  5
1F6
330
17
100
AcDbEntity
  8
M-TABLE
100
AcDbLine
 10
558.0
 20
438.5999999999999
 30
0.0
 11
800.0
 21
438.5999999999999
 31
0.0
  0
TEXT
  5
1F7
330
17
100
AcDbEntity
  8
M-TABLE
100
AcDbText
 10
559.4
 20
433.69999999999993
 30
0.0
 40
2.1
  1
CO2 AT REST
  7
OpenSans
 11
559.4
 21
433.69999999999993
 31
0.0
100
AcDbText
  0
TEXT
  5
1F8
330
17
100
AcDbEntity
  8
M-TABLE
100
AcDbText
 10
663.4
 20
433.69999999999993
 30
0.0
 40
2.1
  1
9 x 0.02 = 0.18 m3/h
  7
OpenSans
 11
663.4
 21
433.69999999999993
 31
0.0
100
AcDbText
  0
TEXT
  5
1F9
330
17
100
AcDbEntity
  8
M-TABLE
100
AcDbText
 10
725.4
 20
433.69999999999993
 30
0.0
 40
2.1
  1
[C]  S-06
  7
OpenSans
 11
725.4
 21
433.69999999999993
 31
0.0
100
AcDbText
  0
LINE
  5
1FA
330
17
100
AcDbEntity
  8
M-TABLE
100
AcDbLine
 10
558.0
 20
432.3999999999999
 30
0.0
 11
800.0
 21
432.3999999999999
 31
0.0
  0
TEXT
  5
1FB
330
17
100
AcDbEntity
  8
M-TABLE
100
AcDbText
 10
559.4
 20
427.49999999999994
 30
0.0
 40
2.1
  1
TIME TO 1.0 % CO2
  7
OpenSans
 11
559.4
 21
427.49999999999994
 31
0.0
100
AcDbText
  0
TEXT
  5
1FC
330
17
100
AcDbEntity
  8
M-TABLE
100
AcDbText
 10
663.4
 20
427.49999999999994
 30
0.0
 40
2.1
  1
9.9 h in 185 m3
  7
OpenSans
 11
663.4
 21
427.49999999999994
 31
0.0
100
AcDbText
  0
TEXT
  5
1FD
330
17
100
AcDbEntity
  8
M-TABLE
100
AcDbText
 10
725.4
 20
427.49999999999994
 30
0.0
 40
2.1
  1
[R]  = S-06's 9.9
  7
OpenSans
 11
725.4
 21
427.49999999999994
 31
0.0
100
AcDbText
  0
LINE
  5
1FE
330
17
100
AcDbEntity
  8
M-TABLE
100
AcDbLine
 10
558.0
 20
426.19999999999993
 30
0.0
 11
800.0
 21
426.19999999999993
 31
0.0
  0
TEXT
  5
1FF
330
17
100
AcDbEntity
  8
M-TABLE
100
AcDbText
 10
559.4
 20
421.29999999999995
 30
0.0
 40
2.1
  1
SODA LIME
  7
OpenSans
 11
559.4
 21
421.29999999999995
 31
0.0
100
AcDbText
  0
TEXT
  5
200
330
17
100
AcDbEntity
  8
M-TABLE
100
AcDbText
 10
663.4
 20
421.29999999999995
 30
0.0
 40
2.1
  1
20 kg/day, 40 kg = 48 h
  7
OpenSans
 11
663.4
 21
421.29999999999995
 31
0.0
100
AcDbText
  0
TEXT
  5
201
330
17
100
AcDbEntity
  8
M-TABLE
100
AcDbText
 10
725.4
 20
421.29999999999995
 30
0.0
 40
2.1
  1
[C]  S-06
  7
OpenSans
 11
725.4
 21
421.29999999999995
 31
0.0
100
AcDbText
  0
LINE
  5
202
330
17
100
AcDbEntity
  8
M-TABLE
100
AcDbLine
 10
558.0
 20
419.99999999999994
 30
0.0
 11
800.0
 21
419.99999999999994
 31
0.0
  0
TEXT
  5
203
330
17
100
AcDbEntity
  8
M-TABLE
100
AcDbText
 10
559.4
 20
415.09999999999997
 30
0.0
 40
2.1
  1
OXYGEN
  7
OpenSans
 11
559.4
 21
415.09999999999997
 31
0.0
100
AcDbText
  0
TEXT
  5
204
330
17
100
AcDbEntity
  8
M-TABLE
100
AcDbText
 10
663.4
 20
415.09999999999997
 30
0.0
 40
2.1
  1
4.5 m3/day, 15 m3 = 80 h
  7
OpenSans
 11
663.4
 21
415.09999999999997
 31
0.0
100
AcDbText
  0
TEXT
  5
205
330
17
100
AcDbEntity
  8
M-TABLE
100
AcDbText
 10
725.4
 20
415.09999999999997
 30
0.0
 40
2.1
  1
[C] / [R]
  7
OpenSans
 11
725.4
 21
415.09999999999997
 31
0.0
100
AcDbText
  0
LINE
  5
206
330
17
100
AcDbEntity
  8
M-TABLE
100
AcDbLine
 10
558.0
 20
413.79999999999995
 30
0.0
 11
800.0
 21
413.79999999999995
 31
0.0
  0
TEXT
  5
207
330
17
100
AcDbEntity
  8
M-TABLE
100
AcDbText
 10
559.4
 20
408.9
 30
0.0
 40
2.1
  1
AIRLOCK PURGE
  7
OpenSans
 11
559.4
 21
408.9
 31
0.0
100
AcDbText
  0
TEXT
  5
208
330
17
100
AcDbEntity
  8
M-TABLE
100
AcDbText
 10
663.4
 20
408.9
 30
0.0
 40
2.1
  1
5 x 12.8 = 64 m3, 12.8 min
  7
OpenSans
 11
663.4
 21
408.9
 31
0.0
100
AcDbText
  0
TEXT
  5
209
330
17
100
AcDbEntity
  8
M-TABLE
100
AcDbText
 10
725.4
 20
408.9
 30
0.0
 40
2.1
  1
[R]  = S-06's 13 min
  7
OpenSans
 11
725.4
 21
408.9
 31
0.0
100
AcDbText
  0
LINE
  5
20A
330
17
100
AcDbEntity
  8
M-TABLE
100
AcDbLine
 10
558.0
 20
407.59999999999997
 30
0.0
 11
800.0
 21
407.59999999999997
 31
0.0
  0
TEXT
  5
20B
330
17
100
AcDbEntity
  8
M-TABLE
100
AcDbText
 10
559.4
 20
402.7
 30
0.0
 40
2.1
  1
ENTRY RATE
  7
OpenSans
 11
559.4
 21
402.7
 31
0.0
100
AcDbText
  0
TEXT
  5
20C
330
17
100
AcDbEntity
  8
M-TABLE
100
AcDbText
 10
663.4
 20
402.7
 30
0.0
 40
2.1
  1
4-5 PERSONS PER HOUR
  7
OpenSans
 11
663.4
 21
402.7
 31
0.0
100
AcDbText
  0
TEXT
  5
20D
330
17
100
AcDbEntity
  8
M-TABLE
100
AcDbText
 10
725.4
 20
402.7
 30
0.0
 40
2.1
  1
[C]  a manning constraint
  7
OpenSans
 11
725.4
 21
402.7
 31
0.0
100
AcDbText
  0
LINE
  5
20E
330
17
100
AcDbEntity
  8
M-TABLE
100
AcDbLine
 10
558.0
 20
401.4
 30
0.0
 11
800.0
 21
401.4
 31
0.0
  0
TEXT
  5
20F
330
17
100
AcDbEntity
  8
M-TABLE
100
AcDbText
 10
559.4
 20
396.5
 30
0.0
 40
2.1
  1
DUCTWORK + PLENUM LOSS
  7
OpenSans
 11
559.4
 21
396.5
 31
0.0
100
AcDbText
  0
TEXT
  5
210
330
17
100
AcDbEntity
  8
M-TABLE
100
AcDbText
 10
663.4
 20
396.5
 30
0.0
 40
2.1
  1
161 Pa
  7
OpenSans
 11
663.4
 21
396.5
 31
0.0
100
AcDbText
  0
TEXT
  5
211
330
17
100
AcDbEntity
  8
M-TABLE
100
AcDbText
 10
725.4
 20
396.5
 30
0.0
 40
2.1
  1
[R]  calc H.9
  7
OpenSans
 11
725.4
 21
396.5
 31
0.0
100
AcDbText
  0
LINE
  5
212
330
17
100
AcDbEntity
  8
M-TABLE
100
AcDbLine
 10
558.0
 20
395.2
 30
0.0
 11
800.0
 21
395.2
 31
0.0
  0
TEXT
  5
213
330
17
100
AcDbEntity
  8
M-TABLE
100
AcDbText
 10
559.4
 20
390.3
 30
0.0
 40
2.1
  1
TOTAL FAN DUTY
  7
OpenSans
 11
559.4
 21
390.3
 31
0.0
100
AcDbText
  0
TEXT
  5
214
330
17
100
AcDbEntity
  8
M-TABLE
100
AcDbText
 10
663.4
 20
390.3
 30
0.0
 40
2.1
  1
*** VENDOR DATA REQUIRED ***
  7
OpenSans
 11
663.4
 21
390.3
 31
0.0
100
AcDbText
  0
TEXT
  5
215
330
17
100
AcDbEntity
  8
M-TABLE
100
AcDbText
 10
725.4
 20
390.3
 30
0.0
 40
2.1
  1
[N]  5 of 8 components
  7
OpenSans
 11
725.4
 21
390.3
 31
0.0
100
AcDbText
  0
LINE
  5
216
330
17
100
AcDbEntity
  8
M-TABLE
100
AcDbLine
 10
558.0
 20
389.0
 30
0.0
 11
800.0
 21
389.0
 31
0.0
  0
TEXT
  5
217
330
17
100
AcDbEntity
  8
M-TABLE
100
AcDbText
 10
559.4
 20
384.1
 30
0.0
 40
2.1
  1
COOLING LOAD
  7
OpenSans
 11
559.4
 21
384.1
 31
0.0
100
AcDbText
  0
TEXT
  5
218
330
17
100
AcDbEntity
  8
M-TABLE
100
AcDbText
 10
663.4
 20
384.1
 30
0.0
 40
2.1
  1
*** NOT CALCULATED ***
  7
OpenSans
 11
663.4
 21
384.1
 31
0.0
100
AcDbText
  0
TEXT
  5
219
330
17
100
AcDbEntity
  8
M-TABLE
100
AcDbText
 10
725.4
 20
384.1
 30
0.0
 40
2.1
  1
[N]  8 inputs missing
  7
OpenSans
 11
725.4
 21
384.1
 31
0.0
100
AcDbText
  0
LINE
  5
21A
330
17
100
AcDbEntity
  8
M-TABLE
100
AcDbLine
 10
558.0
 20
382.8
 30
0.0
 11
800.0
 21
382.8
 31
0.0
  0
LINE
  5
21B
330
17
100
AcDbEntity
  8
M-TABLE
100
AcDbLine
 10
558.0
 20
544.0
 30
0.0
 11
800.0
 21
544.0
 31
0.0
  0
LINE
  5
21C
330
17
100
AcDbEntity
  8
M-TABLE
100
AcDbLine
 10
558.0
 20
544.0
 30
0.0
 11
558.0
 21
382.8
 31
0.0
  0
LINE
  5
21D
330
17
100
AcDbEntity
  8
M-TABLE
100
AcDbLine
 10
662.0
 20
544.0
 30
0.0
 11
662.0
 21
382.8
 31
0.0
  0
LINE
  5
21E
330
17
100
AcDbEntity
  8
M-TABLE
100
AcDbLine
 10
724.0
 20
544.0
 30
0.0
 11
724.0
 21
382.8
 31
0.0
  0
LINE
  5
21F
330
17
100
AcDbEntity
  8
M-TABLE
100
AcDbLine
 10
800.0
 20
544.0
 30
0.0
 11
800.0
 21
382.8
 31
0.0
  0
TEXT
  5
220
330
17
100
AcDbEntity
  8
M-TITLE
100
AcDbText
 10
558.0
 20
374.8
 30
0.0
 40
2.5
  1
8   OPEN ITEMS CARRIED ON THIS SET   -   none of them is resolved here
  7
OpenSans
 11
558.0
 21
374.8
 31
0.0
100
AcDbText
  0
LWPOLYLINE
  5
221
330
17
100
AcDbEntity
  8
M-TABLE
100
AcDbPolyline
 90
4
 70
1
 10
558.0
 20
364.0
 10
800.0
 20
364.0
 10
800.0
 20
369.8
 10
558.0
 20
369.8
  0
TEXT
  5
222
330
17
100
AcDbEntity
  8
M-TABLE
100
AcDbText
 10
559.4
 20
365.3
 30
0.0
 40
2.1
  1
REF
  7
OpenSans
 11
559.4
 21
365.3
 31
0.0
100
AcDbText
  0
TEXT
  5
223
330
17
100
AcDbEntity
  8
M-TABLE
100
AcDbText
 10
589.4
 20
365.3
 30
0.0
 40
2.1
  1
ITEM
  7
OpenSans
 11
589.4
 21
365.3
 31
0.0
100
AcDbText
  0
TEXT
  5
224
330
17
100
AcDbEntity
  8
M-TABLE
100
AcDbText
 10
559.4
 20
359.5
 30
0.0
 40
2.1
  1
HV-F1
  7
OpenSans
 11
559.4
 21
359.5
 31
0.0
100
AcDbText
  0
TEXT
  5
225
330
17
100
AcDbEntity
  8
M-TABLE
100
AcDbText
 10
589.4
 20
359.5
 30
0.0
 40
2.1
  1
THE SODA LIME, NOT THE OXYGEN, LIMITS CLOSED MODE.  48 h against 80 h.
  7
OpenSans
 11
589.4
 21
359.5
 31
0.0
100
AcDbText
  0
LINE
  5
226
330
17
100
AcDbEntity
  8
M-TABLE
100
AcDbLine
 10
558.0
 20
358.2
 30
0.0
 11
800.0
 21
358.2
 31
0.0
  0
TEXT
  5
227
330
17
100
AcDbEntity
  8
M-TABLE
100
AcDbText
 10
559.4
 20
353.7
 30
0.0
 40
2.1
  1

  7
OpenSans
 11
559.4
 21
353.7
 31
0.0
100
AcDbText
  0
TEXT
  5
228
330
17
100
AcDbEntity
  8
M-TABLE
100
AcDbText
 10
589.4
 20
353.7
 30
0.0
 40
2.1
  1
     Not stated on S-06.  It is the number a shelter commander needs
  7
OpenSans
 11
589.4
 21
353.7
 31
0.0
100
AcDbText
  0
LINE
  5
229
330
17
100
AcDbEntity
  8
M-TABLE
100
AcDbLine
 10
558.0
 20
352.4
 30
0.0
 11
800.0
 21
352.4
 31
0.0
  0
TEXT
  5
22A
330
17
100
AcDbEntity
  8
M-TABLE
100
AcDbText
 10
559.4
 20
347.9
 30
0.0
 40
2.1
  1
HV-F2
  7
OpenSans
 11
559.4
 21
347.9
 31
0.0
100
AcDbText
  0
TEXT
  5
22B
330
17
100
AcDbEntity
  8
M-TABLE
100
AcDbText
 10
589.4
 20
347.9
 30
0.0
 40
2.1
  1
THE RAW-AIR DUCT RUNS 11.2 m UNFILTERED THROUGH THE CLEAN ZONE,
  7
OpenSans
 11
589.4
 21
347.9
 31
0.0
100
AcDbText
  0
LINE
  5
22C
330
17
100
AcDbEntity
  8
M-TABLE
100
AcDbLine
 10
558.0
 20
346.59999999999997
 30
0.0
 11
800.0
 21
346.59999999999997
 31
0.0
  0
TEXT
  5
22D
330
17
100
AcDbEntity
  8
M-TABLE
100
AcDbText
 10
559.4
 20
342.09999999999997
 30
0.0
 40
2.1
  1

  7
OpenSans
 11
559.4
 21
342.09999999999997
 31
0.0
100
AcDbText
  0
TEXT
  5
22E
330
17
100
AcDbEntity
  8
M-TABLE
100
AcDbText
 10
589.4
 20
342.09999999999997
 30
0.0
 40
2.1
  1
     from the bay 1 blast valves to the bay 5 filter trains.  Over that
  7
OpenSans
 11
589.4
 21
342.09999999999997
 31
0.0
100
AcDbText
  0
LINE
  5
22F
330
17
100
AcDbEntity
  8
M-TABLE
100
AcDbLine
 10
558.0
 20
340.79999999999995
 30
0.0
 11
800.0
 21
340.79999999999995
 31
0.0
  0
TEXT
  5
230
330
17
100
AcDbEntity
  8
M-TABLE
100
AcDbText
 10
559.4
 20
336.29999999999995
 30
0.0
 40
2.1
  1

  7
OpenSans
 11
559.4
 21
336.29999999999995
 31
0.0
100
AcDbText
  0
TEXT
  5
231
330
17
100
AcDbEntity
  8
M-TABLE
100
AcDbText
 10
589.4
 20
336.29999999999995
 30
0.0
 40
2.1
  1
     length the duct wall is the ONLY barrier.  Specified as a protective
  7
OpenSans
 11
589.4
 21
336.29999999999995
 31
0.0
100
AcDbText
  0
LINE
  5
232
330
17
100
AcDbEntity
  8
M-TABLE
100
AcDbLine
 10
558.0
 20
334.99999999999994
 30
0.0
 11
800.0
 21
334.99999999999994
 31
0.0
  0
TEXT
  5
233
330
17
100
AcDbEntity
  8
M-TABLE
100
AcDbText
 10
559.4
 20
330.49999999999994
 30
0.0
 40
2.1
  1

  7
OpenSans
 11
559.4
 21
330.49999999999994
 31
0.0
100
AcDbText
  0
TEXT
  5
234
330
17
100
AcDbEntity
  8
M-TABLE
100
AcDbText
 10
589.4
 20
330.49999999999994
 30
0.0
 40
2.1
  1
     element.  Should the trains move to bay 1?  RAISED, NOT TAKEN
  7
OpenSans
 11
589.4
 21
330.49999999999994
 31
0.0
100
AcDbText
  0
LINE
  5
235
330
17
100
AcDbEntity
  8
M-TABLE
100
AcDbLine
 10
558.0
 20
329.19999999999993
 30
0.0
 11
800.0
 21
329.19999999999993
 31
0.0
  0
TEXT
  5
236
330
17
100
AcDbEntity
  8
M-TABLE
100
AcDbText
 10
559.4
 20
324.69999999999993
 30
0.0
 40
2.1
  1
HV-D1
  7
OpenSans
 11
559.4
 21
324.69999999999993
 31
0.0
100
AcDbText
  0
TEXT
  5
237
330
17
100
AcDbEntity
  8
M-TABLE
100
AcDbText
 10
589.4
 20
324.69999999999993
 30
0.0
 40
2.1
  1
NO FILTER BYPASS FOR PEACETIME RUNNING IS SHOWN ON S-06.  Without
  7
OpenSans
 11
589.4
 21
324.69999999999993
 31
0.0
100
AcDbText
  0
LINE
  5
238
330
17
100
AcDbEntity
  8
M-TABLE
100
AcDbLine
 10
558.0
 20
323.3999999999999
 30
0.0
 11
800.0
 21
323.3999999999999
 31
0.0
  0
TEXT
  5
239
330
17
100
AcDbEntity
  8
M-TABLE
100
AcDbText
 10
559.4
 20
318.8999999999999
 30
0.0
 40
2.1
  1

  7
OpenSans
 11
559.4
 21
318.8999999999999
 31
0.0
100
AcDbText
  0
TEXT
  5
23A
330
17
100
AcDbEntity
  8
M-TABLE
100
AcDbText
 10
589.4
 20
318.8999999999999
 30
0.0
 40
2.1
  1
     one, every peacetime hour spends carbon-bed life.  A bypass adds a
  7
OpenSans
 11
589.4
 21
318.8999999999999
 31
0.0
100
AcDbText
  0
LINE
  5
23B
330
17
100
AcDbEntity
  8
M-TABLE
100
AcDbLine
 10
558.0
 20
317.5999999999999
 30
0.0
 11
800.0
 21
317.5999999999999
 31
0.0
  0
TEXT
  5
23C
330
17
100
AcDbEntity
  8
M-TABLE
100
AcDbText
 10
559.4
 20
313.0999999999999
 30
0.0
 40
2.1
  1

  7
OpenSans
 11
559.4
 21
313.0999999999999
 31
0.0
100
AcDbText
  0
TEXT
  5
23D
330
17
100
AcDbEntity
  8
M-TABLE
100
AcDbText
 10
589.4
 20
313.0999999999999
 30
0.0
 40
2.1
  1
     leak path - a protective decision.  ENGINEER TO CONFIRM
  7
OpenSans
 11
589.4
 21
313.0999999999999
 31
0.0
100
AcDbText
  0
LINE
  5
23E
330
17
100
AcDbEntity
  8
M-TABLE
100
AcDbLine
 10
558.0
 20
311.7999999999999
 30
0.0
 11
800.0
 21
311.7999999999999
 31
0.0
  0
TEXT
  5
23F
330
17
100
AcDbEntity
  8
M-TABLE
100
AcDbText
 10
559.4
 20
307.2999999999999
 30
0.0
 40
2.1
  1
HV-D2
  7
OpenSans
 11
559.4
 21
307.2999999999999
 31
0.0
100
AcDbText
  0
TEXT
  5
240
330
17
100
AcDbEntity
  8
M-TABLE
100
AcDbText
 10
589.4
 20
307.2999999999999
 30
0.0
 40
2.1
  1
BV-3 DISCHARGES INTO BAY 7.  The onward path to atmosphere, up the
  7
OpenSans
 11
589.4
 21
307.2999999999999
 31
0.0
100
AcDbText
  0
LINE
  5
241
330
17
100
AcDbEntity
  8
M-TABLE
100
AcDbLine
 10
558.0
 20
305.9999999999999
 30
0.0
 11
800.0
 21
305.9999999999999
 31
0.0
  0
TEXT
  5
242
330
17
100
AcDbEntity
  8
M-TABLE
100
AcDbText
 10
559.4
 20
301.4999999999999
 30
0.0
 40
2.1
  1

  7
OpenSans
 11
559.4
 21
301.4999999999999
 31
0.0
100
AcDbText
  0
TEXT
  5
243
330
17
100
AcDbEntity
  8
M-TABLE
100
AcDbText
 10
589.4
 20
301.4999999999999
 30
0.0
 40
2.1
  1
     stair shaft and out through the headhouse, is NOT RECORDED
  7
OpenSans
 11
589.4
 21
301.4999999999999
 31
0.0
100
AcDbText
  0
LINE
  5
244
330
17
100
AcDbEntity
  8
M-TABLE
100
AcDbLine
 10
558.0
 20
300.1999999999999
 30
0.0
 11
800.0
 21
300.1999999999999
 31
0.0
  0
TEXT
  5
245
330
17
100
AcDbEntity
  8
M-TABLE
100
AcDbText
 10
559.4
 20
295.6999999999999
 30
0.0
 40
2.1
  1
HV-D3
  7
OpenSans
 11
559.4
 21
295.6999999999999
 31
0.0
100
AcDbText
  0
TEXT
  5
246
330
17
100
AcDbEntity
  8
M-TABLE
100
AcDbText
 10
589.4
 20
295.6999999999999
 30
0.0
 40
2.1
  1
NO COOLING LOAD CAN BE CALCULATED.  Eight inputs are missing, of
  7
OpenSans
 11
589.4
 21
295.6999999999999
 31
0.0
100
AcDbText
  0
LINE
  5
247
330
17
100
AcDbEntity
  8
M-TABLE
100
AcDbLine
 10
558.0
 20
294.39999999999986
 30
0.0
 11
800.0
 21
294.39999999999986
 31
0.0
  0
TEXT
  5
248
330
17
100
AcDbEntity
  8
M-TABLE
100
AcDbText
 10
559.4
 20
289.89999999999986
 30
0.0
 40
2.1
  1

  7
OpenSans
 11
559.4
 21
289.89999999999986
 31
0.0
100
AcDbText
  0
TEXT
  5
249
330
17
100
AcDbEntity
  8
M-TABLE
100
AcDbText
 10
589.4
 20
289.89999999999986
 30
0.0
 40
2.1
  1
     which the ground temperature at (-)6.100 is the one that governs
  7
OpenSans
 11
589.4
 21
289.89999999999986
 31
0.0
100
AcDbText
  0
LINE
  5
24A
330
17
100
AcDbEntity
  8
M-TABLE
100
AcDbLine
 10
558.0
 20
288.59999999999985
 30
0.0
 11
800.0
 21
288.59999999999985
 31
0.0
  0
TEXT
  5
24B
330
17
100
AcDbEntity
  8
M-TABLE
100
AcDbText
 10
559.4
 20
284.09999999999985
 30
0.0
 40
2.1
  1
HV-D4
  7
OpenSans
 11
559.4
 21
284.09999999999985
 31
0.0
100
AcDbText
  0
TEXT
  5
24C
330
17
100
AcDbEntity
  8
M-TABLE
100
AcDbText
 10
589.4
 20
284.09999999999985
 30
0.0
 40
2.1
  1
NO NOISE CRITERION EXISTS.  Terminal selection cannot be closed
  7
OpenSans
 11
589.4
 21
284.09999999999985
 31
0.0
100
AcDbText
  0
LINE
  5
24D
330
17
100
AcDbEntity
  8
M-TABLE
100
AcDbLine
 10
558.0
 20
282.79999999999984
 30
0.0
 11
800.0
 21
282.79999999999984
 31
0.0
  0
TEXT
  5
24E
330
17
100
AcDbEntity
  8
M-TABLE
100
AcDbText
 10
559.4
 20
278.29999999999984
 30
0.0
 40
2.1
  1
HV-D5
  7
OpenSans
 11
559.4
 21
278.29999999999984
 31
0.0
100
AcDbText
  0
TEXT
  5
24F
330
17
100
AcDbEntity
  8
M-TABLE
100
AcDbText
 10
589.4
 20
278.29999999999984
 30
0.0
 40
2.1
  1
DEHUMIDIFIER DUTY NOT STATED.  The unit is confirmed; the load is not
  7
OpenSans
 11
589.4
 21
278.29999999999984
 31
0.0
100
AcDbText
  0
LINE
  5
250
330
17
100
AcDbEntity
  8
M-TABLE
100
AcDbLine
 10
558.0
 20
276.99999999999983
 30
0.0
 11
800.0
 21
276.99999999999983
 31
0.0
  0
TEXT
  5
251
330
17
100
AcDbEntity
  8
M-TABLE
100
AcDbText
 10
559.4
 20
272.49999999999983
 30
0.0
 40
2.1
  1
HV-D6
  7
OpenSans
 11
559.4
 21
272.49999999999983
 31
0.0
100
AcDbText
  0
TEXT
  5
252
330
17
100
AcDbEntity
  8
M-TABLE
100
AcDbText
 10
589.4
 20
272.49999999999983
 30
0.0
 40
2.1
  1
FAN STATIC PRESSURE - 5 of the 8 loss components are vendor data
  7
OpenSans
 11
589.4
 21
272.49999999999983
 31
0.0
100
AcDbText
  0
LINE
  5
253
330
17
100
AcDbEntity
  8
M-TABLE
100
AcDbLine
 10
558.0
 20
271.1999999999998
 30
0.0
 11
800.0
 21
271.1999999999998
 31
0.0
  0
TEXT
  5
254
330
17
100
AcDbEntity
  8
M-TABLE
100
AcDbText
 10
559.4
 20
266.6999999999998
 30
0.0
 40
2.1
  1
C16
  7
OpenSans
 11
559.4
 21
266.6999999999998
 31
0.0
100
AcDbText
  0
TEXT
  5
255
330
17
100
AcDbEntity
  8
M-TABLE
100
AcDbText
 10
589.4
 20
266.6999999999998
 30
0.0
 40
2.1
  1
ROOF / PLATFORM JUNCTION, master, unresolved.  NO HVAC DEPENDENCY -
  7
OpenSans
 11
589.4
 21
266.6999999999998
 31
0.0
100
AcDbText
  0
LINE
  5
256
330
17
100
AcDbEntity
  8
M-TABLE
100
AcDbLine
 10
558.0
 20
265.3999999999998
 30
0.0
 11
800.0
 21
265.3999999999998
 31
0.0
  0
TEXT
  5
257
330
17
100
AcDbEntity
  8
M-TABLE
100
AcDbText
 10
559.4
 20
260.8999999999998
 30
0.0
 40
2.1
  1

  7
OpenSans
 11
559.4
 21
260.8999999999998
 31
0.0
100
AcDbText
  0
TEXT
  5
258
330
17
100
AcDbEntity
  8
M-TABLE
100
AcDbText
 10
589.4
 20
260.8999999999998
 30
0.0
 40
2.1
  1
     no duct, plant item or penetration is at that junction
  7
OpenSans
 11
589.4
 21
260.8999999999998
 31
0.0
100
AcDbText
  0
LINE
  5
259
330
17
100
AcDbEntity
  8
M-TABLE
100
AcDbLine
 10
558.0
 20
259.5999999999998
 30
0.0
 11
800.0
 21
259.5999999999998
 31
0.0
  0
TEXT
  5
25A
330
17
100
AcDbEntity
  8
M-TABLE
100
AcDbText
 10
559.4
 20
255.0999999999998
 30
0.0
 40
2.1
  1
A2
  7
OpenSans
 11
559.4
 21
255.0999999999998
 31
0.0
100
AcDbText
  0
TEXT
  5
25B
330
17
100
AcDbEntity
  8
M-TABLE
100
AcDbText
 10
589.4
 20
255.0999999999998
 30
0.0
 40
2.1
  1
DESIGN GWT (-)2.000 [ASSUMED] - affects the condensate route only
  7
OpenSans
 11
589.4
 21
255.0999999999998
 31
0.0
100
AcDbText
  0
LINE
  5
25C
330
17
100
AcDbEntity
  8
M-TABLE
100
AcDbLine
 10
558.0
 20
253.79999999999978
 30
0.0
 11
800.0
 21
253.79999999999978
 31
0.0
  0
LINE
  5
25D
330
17
100
AcDbEntity
  8
M-TABLE
100
AcDbLine
 10
558.0
 20
369.8
 30
0.0
 11
800.0
 21
369.8
 31
0.0
  0
LINE
  5
25E
330
17
100
AcDbEntity
  8
M-TABLE
100
AcDbLine
 10
558.0
 20
369.8
 30
0.0
 11
558.0
 21
253.79999999999978
 31
0.0
  0
LINE
  5
25F
330
17
100
AcDbEntity
  8
M-TABLE
100
AcDbLine
 10
588.0
 20
369.8
 30
0.0
 11
588.0
 21
253.79999999999978
 31
0.0
  0
LINE
  5
260
330
17
100
AcDbEntity
  8
M-TABLE
100
AcDbLine
 10
800.0
 20
369.8
 30
0.0
 11
800.0
 21
253.79999999999978
 31
0.0
  0
TEXT
  5
261
330
17
100
AcDbEntity
  8
S-TITLE
100
AcDbText
 10
14.0
 20
243.79999999999978
 30
0.0
 40
3.5
  1
V1   KEY PLAN  -  PLANT, VALVES AND SHAFTS
  7
OpenSans
 11
14.0
 21
243.79999999999978
 31
0.0
100
AcDbText
  0
LINE
  5
262
330
17
100
AcDbEntity
  8
S-TITLE
100
AcDbLine
 10
14.0
 20
241.99999999999977
 30
0.0
 11
111.02000000000001
 21
241.99999999999977
 31
0.0
  0
TEXT
  5
263
330
17
100
AcDbEntity
  8
S-TEXT
100
AcDbText
 10
14.0
 20
236.5999999999998
 30
0.0
 40
2.0
  1
SCALE 1:150   SENTRY POST IS NOT SHOWN - OUTSIDE THIS PACKAGE
  7
OpenSans
 11
14.0
 21
236.5999999999998
 31
0.0
100
AcDbText
  0
LWPOLYLINE
  5
264
330
17
100
AcDbEntity
  8
M-STRUCT
100
AcDbPolyline
 90
4
 70
1
 10
46.0
 20
181.79999999999978
 10
192.66666666666666
 20
181.79999999999978
 10
192.66666666666666
 20
223.13333333333313
 10
46.0
 20
223.13333333333313
  0
LWPOLYLINE
  5
265
330
17
100
AcDbEntity
  8
M-STRUCT
100
AcDbPolyline
 90
4
 70
1
 10
50.0
 20
185.79999999999978
 10
188.66666666666666
 20
185.79999999999978
 10
188.66666666666666
 20
219.13333333333313
 10
50.0
 20
219.13333333333313
  0
LWPOLYLINE
  5
266
330
17
100
AcDbEntity
  8
M-STRUCT
100
AcDbPolyline
 90
4
 70
1
 10
130.0
 20
185.79999999999978
 10
131.33333333333331
 20
185.79999999999978
 10
131.33333333333331
 20
219.13333333333313
 10
130.0
 20
219.13333333333313
  0
TEXT
  5
267
330
17
100
AcDbEntity
  8
M-TEXT
100
AcDbText
 10
130.66666666666669
 20
220.13333333333313
 30
0.0
 40
2.4
  1
W5
  7
OpenSans
 72
1
 11
130.66666666666669
 21
220.13333333333313
 31
0.0
100
AcDbText
 73
1
  0
LWPOLYLINE
  5
268
330
17
100
AcDbEntity
  8
M-STRUCT
100
AcDbPolyline
 90
4
 70
1
 10
144.66666666666669
 20
185.79999999999978
 10
147.33333333333331
 20
185.79999999999978
 10
147.33333333333331
 20
219.13333333333313
 10
144.66666666666669
 20
219.13333333333313
  0
TEXT
  5
269
330
17
100
AcDbEntity
  8
M-TEXT
100
AcDbText
 10
146.0
 20
220.13333333333313
 30
0.0
 40
2.4
  1
W6
  7
OpenSans
 72
1
 11
146.0
 21
220.13333333333313
 31
0.0
100
AcDbText
 73
1
  0
LWPOLYLINE
  5
26A
330
17
100
AcDbEntity
  8
M-STRUCT
100
AcDbPolyline
 90
4
 70
1
 10
166.0
 20
185.79999999999978
 10
168.66666666666669
 20
185.79999999999978
 10
168.66666666666669
 20
219.13333333333313
 10
166.0
 20
219.13333333333313
  0
TEXT
  5
26B
330
17
100
AcDbEntity
  8
M-TEXT
100
AcDbText
 10
167.33333333333331
 20
220.13333333333313
 30
0.0
 40
2.4
  1
W7
  7
OpenSans
 72
1
 11
167.33333333333331
 21
220.13333333333313
 31
0.0
100
AcDbText
 73
1
  0
LWPOLYLINE
  5
26C
330
17
100
AcDbEntity
  8
M-STRUCT
100
AcDbPolyline
 90
4
 70
1
 10
69.33333333333333
 20
185.79999999999978
 10
70.06666666666666
 20
185.79999999999978
 10
70.06666666666666
 20
198.46666666666644
 10
69.33333333333333
 20
198.46666666666644
  0
LWPOLYLINE
  5
26D
330
17
100
AcDbEntity
  8
M-STRUCT
100
AcDbPolyline
 90
4
 70
1
 10
69.33333333333333
 20
204.46666666666644
 10
70.06666666666666
 20
204.46666666666644
 10
70.06666666666666
 20
219.13333333333313
 10
69.33333333333333
 20
219.13333333333313
  0
LWPOLYLINE
  5
26E
330
17
100
AcDbEntity
  8
M-STRUCT
100
AcDbPolyline
 90
4
 70
1
 10
82.06666666666666
 20
185.79999999999978
 10
82.8
 20
185.79999999999978
 10
82.8
 20
198.46666666666644
 10
82.06666666666666
 20
198.46666666666644
  0
LWPOLYLINE
  5
26F
330
17
100
AcDbEntity
  8
M-STRUCT
100
AcDbPolyline
 90
4
 70
1
 10
82.06666666666666
 20
204.46666666666644
 10
82.8
 20
204.46666666666644
 10
82.8
 20
219.13333333333313
 10
82.06666666666666
 20
219.13333333333313
  0
LWPOLYLINE
  5
270
330
17
100
AcDbEntity
  8
M-STRUCT
100
AcDbPolyline
 90
4
 70
1
 10
106.13333333333333
 20
185.79999999999978
 10
106.86666666666667
 20
185.79999999999978
 10
106.86666666666667
 20
198.46666666666644
 10
106.13333333333333
 20
198.46666666666644
  0
LWPOLYLINE
  5
271
330
17
100
AcDbEntity
  8
M-STRUCT
100
AcDbPolyline
 90
4
 70
1
 10
106.13333333333333
 20
204.46666666666644
 10
106.86666666666667
 20
204.46666666666644
 10
106.86666666666667
 20
219.13333333333313
 10
106.13333333333333
 20
219.13333333333313
  0
LWPOLYLINE
  5
272
330
17
100
AcDbEntity
  8
M-STRUCT
100
AcDbPolyline
 90
4
 70
1
 10
118.86666666666666
 20
185.79999999999978
 10
119.6
 20
185.79999999999978
 10
119.6
 20
198.46666666666644
 10
118.86666666666666
 20
198.46666666666644
  0
LWPOLYLINE
  5
273
330
17
100
AcDbEntity
  8
M-STRUCT
100
AcDbPolyline
 90
4
 70
1
 10
118.86666666666666
 20
204.46666666666644
 10
119.6
 20
204.46666666666644
 10
119.6
 20
219.13333333333313
 10
118.86666666666666
 20
219.13333333333313
  0
LWPOLYLINE
  5
274
330
17
100
AcDbEntity
  8
M-FLAG
100
AcDbPolyline
 90
4
 70
1
 10
144.66666666666669
 20
185.79999999999978
 10
147.33333333333331
 20
185.79999999999978
 10
147.33333333333331
 20
193.79999999999978
 10
144.66666666666669
 20
193.79999999999978
  0
LWPOLYLINE
  5
275
330
17
100
AcDbEntity
  8
M-FLAG
100
AcDbPolyline
 90
4
 70
1
 10
166.0
 20
185.79999999999978
 10
168.66666666666669
 20
185.79999999999978
 10
168.66666666666669
 20
193.79999999999978
 10
166.0
 20
193.79999999999978
  0
CIRCLE
  5
276
330
17
100
AcDbEntity
  8
M-ARCH
100
AcDbCircle
 10
59.666666666666664
 20
195.46666666666644
 30
0.0
 40
4.666666666666667
  0
CIRCLE
  5
277
330
17
100
AcDbEntity
  8
M-ARCH
100
AcDbCircle
 10
59.666666666666664
 20
195.46666666666644
 30
0.0
 40
6.333333333333333
  0
TEXT
  5
278
330
17
100
AcDbEntity
  8
M-TEXT
100
AcDbText
 10
59.666666666666664
 20
187.79999999999978
 30
0.0
 40
2.4
  1
ESC 1
  7
OpenSans
 72
1
 11
59.666666666666664
 21
187.79999999999978
 31
0.0
100
AcDbText
 73
1
  0
CIRCLE
  5
279
330
17
100
AcDbEntity
  8
M-ARCH
100
AcDbCircle
 10
178.66666666666666
 20
195.46666666666644
 30
0.0
 40
4.666666666666667
  0
CIRCLE
  5
27A
330
17
100
AcDbEntity
  8
M-ARCH
100
AcDbCircle
 10
178.66666666666666
 20
195.46666666666644
 30
0.0
 40
6.333333333333333
  0
TEXT
  5
27B
330
17
100
AcDbEntity
  8
M-TEXT
100
AcDbText
 10
178.66666666666666
 20
187.79999999999978
 30
0.0
 40
2.4
  1
ESC 2
  7
OpenSans
 72
1
 11
178.66666666666666
 21
187.79999999999978
 31
0.0
100
AcDbText
 73
1
  0
LWPOLYLINE
  5
27C
330
17
100
AcDbEntity
  8
M-ARCH-HIDDEN
100
AcDbPolyline
 90
4
 70
1
 10
147.33333333333331
 20
185.79999999999978
 10
166.0
 20
185.79999999999978
 10
166.0
 20
206.86666666666645
 10
147.33333333333331
 20
206.86666666666645
  0
LWPOLYLINE
  5
27D
330
17
100
AcDbEntity
  8
M-ARCH
100
AcDbPolyline
 90
4
 70
1
 10
148.0
 20
185.79999999999978
 10
156.0
 20
185.79999999999978
 10
156.0
 20
214.86666666666645
 10
148.0
 20
214.86666666666645
  0
LWPOLYLINE
  5
27E
330
17
100
AcDbEntity
  8
M-ARCH
100
AcDbPolyline
 90
4
 70
1
 10
157.33333333333331
 20
185.79999999999978
 10
165.33333333333331
 20
185.79999999999978
 10
165.33333333333331
 20
214.86666666666645
 10
157.33333333333331
 20
214.86666666666645
  0
TEXT
  5
27F
330
17
100
AcDbEntity
  8
M-TEXT
100
AcDbText
 10
156.66666666666669
 20
209.46666666666644
 30
0.0
 40
2.4
  1
STAIR SHAFT - FROZEN GEOMETRY
  7
OpenSans
 72
1
 11
156.66666666666669
 21
209.46666666666644
 31
0.0
100
AcDbText
 73
1
  0
CIRCLE
  5
280
330
17
100
AcDbEntity
  8
M-GRID
100
AcDbCircle
 10
59.666666666666664
 20
226.5999999999998
 30
0.0
 40
2.6
  0
TEXT
  5
281
330
17
100
AcDbEntity
  8
M-GRID
100
AcDbText
 10
59.666666666666664
 20
226.5999999999998
 30
0.0
 40
2.4
  1
1
  7
OpenSans
 72
1
 11
59.666666666666664
 21
226.5999999999998
 31
0.0
100
AcDbText
 73
2
  0
CIRCLE
  5
282
330
17
100
AcDbEntity
  8
M-GRID
100
AcDbCircle
 10
76.06666666666666
 20
226.5999999999998
 30
0.0
 40
2.6
  0
TEXT
  5
283
330
17
100
AcDbEntity
  8
M-GRID
100
AcDbText
 10
76.06666666666666
 20
226.5999999999998
 30
0.0
 40
2.4
  1
2
  7
OpenSans
 72
1
 11
76.06666666666666
 21
226.5999999999998
 31
0.0
100
AcDbText
 73
2
  0
CIRCLE
  5
284
330
17
100
AcDbEntity
  8
M-GRID
100
AcDbCircle
 10
94.46666666666667
 20
226.5999999999998
 30
0.0
 40
2.6
  0
TEXT
  5
285
330
17
100
AcDbEntity
  8
M-GRID
100
AcDbText
 10
94.46666666666667
 20
226.5999999999998
 30
0.0
 40
2.4
  1
3
  7
OpenSans
 72
1
 11
94.46666666666667
 21
226.5999999999998
 31
0.0
100
AcDbText
 73
2
  0
CIRCLE
  5
286
330
17
100
AcDbEntity
  8
M-GRID
100
AcDbCircle
 10
112.86666666666666
 20
226.5999999999998
 30
0.0
 40
2.6
  0
TEXT
  5
287
330
17
100
AcDbEntity
  8
M-GRID
100
AcDbText
 10
112.86666666666666
 20
226.5999999999998
 30
0.0
 40
2.4
  1
4
  7
OpenSans
 72
1
 11
112.86666666666666
 21
226.5999999999998
 31
0.0
100
AcDbText
 73
2
  0
CIRCLE
  5
288
330
17
100
AcDbEntity
  8
M-GRID
100
AcDbCircle
 10
124.8
 20
226.5999999999998
 30
0.0
 40
2.6
  0
TEXT
  5
289
330
17
100
AcDbEntity
  8
M-GRID
100
AcDbText
 10
124.8
 20
226.5999999999998
 30
0.0
 40
2.4
  1
5
  7
OpenSans
 72
1
 11
124.8
 21
226.5999999999998
 31
0.0
100
AcDbText
 73
2
  0
CIRCLE
  5
28A
330
17
100
AcDbEntity
  8
M-GRID
100
AcDbCircle
 10
138.0
 20
226.5999999999998
 30
0.0
 40
2.6
  0
TEXT
  5
28B
330
17
100
AcDbEntity
  8
M-GRID
100
AcDbText
 10
138.0
 20
226.5999999999998
 30
0.0
 40
2.4
  1
6
  7
OpenSans
 72
1
 11
138.0
 21
226.5999999999998
 31
0.0
100
AcDbText
 73
2
  0
CIRCLE
  5
28C
330
17
100
AcDbEntity
  8
M-GRID
100
AcDbCircle
 10
156.66666666666669
 20
226.5999999999998
 30
0.0
 40
2.6
  0
TEXT
  5
28D
330
17
100
AcDbEntity
  8
M-GRID
100
AcDbText
 10
156.66666666666669
 20
226.5999999999998
 30
0.0
 40
2.4
  1
7
  7
OpenSans
 72
1
 11
156.66666666666669
 21
226.5999999999998
 31
0.0
100
AcDbText
 73
2
  0
CIRCLE
  5
28E
330
17
100
AcDbEntity
  8
M-GRID
100
AcDbCircle
 10
178.66666666666666
 20
226.5999999999998
 30
0.0
 40
2.6
  0
TEXT
  5
28F
330
17
100
AcDbEntity
  8
M-GRID
100
AcDbText
 10
178.66666666666666
 20
226.5999999999998
 30
0.0
 40
2.4
  1
8
  7
OpenSans
 72
1
 11
178.66666666666666
 21
226.5999999999998
 31
0.0
100
AcDbText
 73
2
  0
LWPOLYLINE
  5
290
330
17
100
AcDbEntity
  8
M-EQUIP
100
AcDbPolyline
 90
4
 70
1
 10
119.98666666666666
 20
207.79999999999978
 10
129.65333333333334
 20
207.79999999999978
 10
129.65333333333334
 20
218.79999999999978
 10
119.98666666666666
 20
218.79999999999978
  0
LWPOLYLINE
  5
291
330
17
100
AcDbEntity
  8
M-EQUIP
100
AcDbPolyline
 90
4
 70
1
 10
119.98666666666666
 20
199.79999999999978
 10
129.65333333333334
 20
199.79999999999978
 10
129.65333333333334
 20
207.13333333333313
 10
119.98666666666666
 20
207.13333333333313
  0
TEXT
  5
292
330
17
100
AcDbEntity
  8
M-EQUIP
100
AcDbText
 10
124.66666666666667
 20
225.79999999999978
 30
0.0
 40
1.4
  1
AHU-1 / AHU-2
  7
OpenSans
 72
1
 11
124.66666666666667
 21
225.79999999999978
 31
0.0
100
AcDbText
 73
1
  0
INSERT
  5
293
330
17
100
AcDbEntity
  8
0
100
AcDbBlockReference
  2
BVALVE
 10
49.986666666666665
 20
196.46666666666644
 30
0.0
 41
0.5
 42
0.5
  0
TEXT
  5
295
330
17
100
AcDbEntity
  8
M-DAMPER
100
AcDbText
 10
49.986666666666665
 20
190.46666666666644
 30
0.0
 40
1.4
  1
BV-1
  7
OpenSans
 72
1
 11
49.986666666666665
 21
190.46666666666644
 31
0.0
100
AcDbText
 73
1
  0
INSERT
  5
296
330
17
100
AcDbEntity
  8
0
100
AcDbBlockReference
  2
BVALVE
 10
49.986666666666665
 20
208.46666666666644
 30
0.0
 41
0.5
 42
0.5
  0
TEXT
  5
298
330
17
100
AcDbEntity
  8
M-DAMPER
100
AcDbText
 10
49.986666666666665
 20
202.46666666666644
 30
0.0
 40
1.4
  1
BV-2
  7
OpenSans
 72
1
 11
49.986666666666665
 21
202.46666666666644
 31
0.0
100
AcDbText
 73
1
  0
INSERT
  5
299
330
17
100
AcDbEntity
  8
0
100
AcDbBlockReference
  2
BVALVE
 10
145.98666666666668
 20
214.46666666666644
 30
0.0
 41
0.5
 42
0.5
  0
TEXT
  5
29B
330
17
100
AcDbEntity
  8
M-DAMPER
100
AcDbText
 10
145.98666666666668
 20
208.46666666666644
 30
0.0
 40
1.4
  1
BV-3
  7
OpenSans
 72
1
 11
145.98666666666668
 21
208.46666666666644
 31
0.0
100
AcDbText
 73
1
  0
INSERT
  5
29C
330
17
100
AcDbEntity
  8
0
100
AcDbBlockReference
  2
BVALVE
 10
188.65333333333334
 20
190.46666666666644
 30
0.0
 41
0.5
 42
0.5
  0
TEXT
  5
29E
330
17
100
AcDbEntity
  8
M-DAMPER
100
AcDbText
 10
188.65333333333334
 20
184.46666666666644
 30
0.0
 40
1.4
  1
BV-4
  7
OpenSans
 72
1
 11
188.65333333333334
 21
184.46666666666644
 31
0.0
100
AcDbText
 73
1
  0
INSERT
  5
29F
330
17
100
AcDbEntity
  8
0
100
AcDbBlockReference
  2
BVALVE
 10
188.65333333333334
 20
213.13333333333313
 30
0.0
 41
0.5
 42
0.5
  0
TEXT
  5
2A1
330
17
100
AcDbEntity
  8
M-DAMPER
100
AcDbText
 10
188.65333333333334
 20
207.13333333333313
 30
0.0
 40
1.4
  1
BV-5
  7
OpenSans
 72
1
 11
188.65333333333334
 21
207.13333333333313
 31
0.0
100
AcDbText
 73
1
  0
LWPOLYLINE
  5
2A2
330
17
100
AcDbEntity
  8
M-DUCT-FRESH
100
AcDbPolyline
 90
4
 70
1
 10
196.65333333333334
 20
193.46666666666644
 10
200.65333333333334
 20
193.46666666666644
 10
200.65333333333334
 20
197.46666666666644
 10
196.65333333333334
 20
197.46666666666644
  0
LWPOLYLINE
  5
2A3
330
17
100
AcDbEntity
  8
M-DUCT-FRESH
100
AcDbPolyline
 90
4
 70
1
 10
22.0
 20
193.46666666666644
 10
26.0
 20
193.46666666666644
 10
26.0
 20
197.46666666666644
 10
22.0
 20
197.46666666666644
  0
TEXT
  5
2A4
330
17
100
AcDbEntity
  8
M-DUCT-FRESH
100
AcDbText
 10
24.0
 20
187.79999999999978
 30
0.0
 40
1.4
  1
SH-1
  7
OpenSans
 72
1
 11
24.0
 21
187.79999999999978
 31
0.0
100
AcDbText
 73
1
  0
TEXT
  5
2A5
330
17
100
AcDbEntity
  8
M-DUCT-FRESH
100
AcDbText
 10
198.66666666666666
 20
187.79999999999978
 30
0.0
 40
1.4
  1
SH-2
  7
OpenSans
 72
1
 11
198.66666666666666
 21
187.79999999999978
 31
0.0
100
AcDbText
 73
1
  0
LINE
  5
2A6
330
17
100
AcDbEntity
  8
M-FLAG
100
AcDbLine
 10
49.986666666666665
 20
197.46666666666644
 30
0.0
 11
119.98666666666666
 21
197.46666666666644
 31
0.0
  0
LINE
  5
2A7
330
17
100
AcDbEntity
  8
M-FLAG
100
AcDbLine
 10
49.986666666666665
 20
195.46666666666644
 30
0.0
 11
119.98666666666666
 21
195.46666666666644
 31
0.0
  0
LINE
  5
2A8
330
17
100
AcDbEntity
  8
M-DUCT-CL
100
AcDbLine
 10
49.986666666666665
 20
196.46666666666644
 30
0.0
 11
119.98666666666666
 21
196.46666666666644
 31
0.0
  0
LWPOLYLINE
  5
2A9
330
17
100
AcDbEntity
  8
M-AIRFLOW
100
AcDbPolyline
 90
3
 70
1
 10
87.58666666666666
 20
196.46666666666644
 10
83.94666666666666
 20
197.63666666666643
 10
83.94666666666666
 20
195.29666666666645
  0
TEXT
  5
2AA
330
17
100
AcDbEntity
  8
M-CALLOUT
100
AcDbText
 10
84.98666666666666
 20
198.86666666666645
 30
0.0
 40
1.4
  1
FA-2 RAW AIR 11.2 m
  7
OpenSans
 72
1
 11
84.98666666666666
 21
198.86666666666645
 31
0.0
100
AcDbText
 73
1
  0
TEXT
  5
2AB
330
17
100
AcDbEntity
  8
S-TITLE
100
AcDbText
 10
288.0
 20
240.39999999999978
 30
0.0
 40
2.5
  1
SCOPE AND STATUS
  7
OpenSans
 11
288.0
 21
240.39999999999978
 31
0.0
100
AcDbText
  0
TEXT
  5
2AC
330
17
100
AcDbEntity
  8
S-NOTE
100
AcDbText
 10
288.0
 20
236.39999999999978
 30
0.0
 40
2.0
  1
SENTRY POST IS EXCLUDED from this package - no sentry post element is
  7
OpenSans
 11
288.0
 21
236.39999999999978
 31
0.0
100
AcDbText
  0
TEXT
  5
2AD
330
17
100
AcDbEntity
  8
S-NOTE
100
AcDbText
 10
288.0
 20
232.99999999999977
 30
0.0
 40
2.0
  1
drawn, scheduled or quantified here.  Historical sentry post information
  7
OpenSans
 11
288.0
 21
232.99999999999977
 31
0.0
100
AcDbText
  0
TEXT
  5
2AE
330
17
100
AcDbEntity
  8
S-NOTE
100
AcDbText
 10
288.0
 20
229.59999999999977
 30
0.0
 40
2.0
  1
elsewhere in the project is untouched.
  7
OpenSans
 11
288.0
 21
229.59999999999977
 31
0.0
100
AcDbText
  0
TEXT
  5
2AF
330
17
100
AcDbEntity
  8
S-NOTE
100
AcDbText
 10
288.0
 20
226.19999999999976
 30
0.0
 40
2.0
  1

  7
OpenSans
 11
288.0
 21
226.19999999999976
 31
0.0
100
AcDbText
  0
TEXT
  5
2B0
330
17
100
AcDbEntity
  8
S-NOTE
100
AcDbText
 10
288.0
 20
222.79999999999976
 30
0.0
 40
2.0
  1
MAIN STAIRCASE GEOMETRY IS FROZEN.  24R @ 170.8333 / 280, 3 flights x 8,
  7
OpenSans
 11
288.0
 21
222.79999999999976
 31
0.0
100
AcDbText
  0
TEXT
  5
2B1
330
17
100
AcDbEntity
  8
S-NOTE
100
AcDbText
 10
288.0
 20
219.39999999999975
 30
0.0
 40
2.0
  1
total rise 4100.  It is annotated on these sheets and never altered.
  7
OpenSans
 11
288.0
 21
219.39999999999975
 31
0.0
100
AcDbText
  0
TEXT
  5
2B2
330
17
100
AcDbEntity
  8
S-NOTE
100
AcDbText
 10
288.0
 20
215.99999999999974
 30
0.0
 40
2.0
  1

  7
OpenSans
 11
288.0
 21
215.99999999999974
 31
0.0
100
AcDbText
  0
TEXT
  5
2B3
330
17
100
AcDbEntity
  8
S-NOTE
100
AcDbText
 10
288.0
 20
212.59999999999974
 30
0.0
 40
2.0
  1
DEVELOPED FOR PROJECT COORDINATION.  Design basis established.  Pending
  7
OpenSans
 11
288.0
 21
212.59999999999974
 31
0.0
100
AcDbText
  0
TEXT
  5
2B4
330
17
100
AcDbEntity
  8
S-NOTE
100
AcDbText
 10
288.0
 20
209.19999999999973
 30
0.0
 40
2.0
  1
engineering verification.  NOT construction ready, NOT a final design.
  7
OpenSans
 11
288.0
 21
209.19999999999973
 31
0.0
100
AcDbText
  0
LWPOLYLINE
  5
2B5
330
17
100
AcDbEntity
  8
S-TITLE
100
AcDbPolyline
 90
4
 70
1
 10
286.0
 20
203.79999999999973
 10
550.0
 20
203.79999999999973
 10
550.0
 20
243.79999999999978
 10
286.0
 20
243.79999999999978
  0
TEXT
  5
2B6
330
17
100
AcDbEntity
  8
S-TITLE
100
AcDbText
 10
560.0
 20
240.39999999999978
 30
0.0
 40
2.5
  1
EVIDENCE CLASS - APPLIED TO EVERY VALUE ON THIS SHEET
  7
OpenSans
 11
560.0
 21
240.39999999999978
 31
0.0
100
AcDbText
  0
TEXT
  5
2B7
330
17
100
AcDbEntity
  8
S-NOTE
100
AcDbText
 10
560.0
 20
236.39999999999978
 30
0.0
 40
2.0
  1
[C] CONFIRMED       traceable to the master, to a Rev F drawing or to sheet S-06
  7
OpenSans
 11
560.0
 21
236.39999999999978
 31
0.0
100
AcDbText
  0
TEXT
  5
2B8
330
17
100
AcDbEntity
  8
S-NOTE
100
AcDbText
 10
560.0
 20
232.99999999999977
 30
0.0
 40
2.0
  1
[R] RECONSTRUCTED   computed here from confirmed values; the arithmetic is shown
  7
OpenSans
 11
560.0
 21
232.99999999999977
 31
0.0
100
AcDbText
  0
TEXT
  5
2B9
330
17
100
AcDbEntity
  8
S-NOTE
100
AcDbText
 10
560.0
 20
229.59999999999977
 30
0.0
 40
2.0
  1
[A] ASSUMED         an engineering selection made by this package - confirm before construction
  7
OpenSans
 11
560.0
 21
229.59999999999977
 31
0.0
100
AcDbText
  0
TEXT
  5
2BA
330
17
100
AcDbEntity
  8
S-NOTE
100
AcDbText
 10
560.0
 20
226.19999999999976
 30
0.0
 40
2.0
  1
[U] UNRESOLVED      competing values exist in the project, or the input does not
  7
OpenSans
 11
560.0
 21
226.19999999999976
 31
0.0
100
AcDbText
  0
TEXT
  5
2BB
330
17
100
AcDbEntity
  8
S-NOTE
100
AcDbText
 10
560.0
 20
222.79999999999976
 30
0.0
 40
2.0
  1
[N] NOT AVAILABLE   no source exists anywhere in the project - DATA REQUIRED
  7
OpenSans
 11
560.0
 21
222.79999999999976
 31
0.0
100
AcDbText
  0
LWPOLYLINE
  5
2BC
330
17
100
AcDbEntity
  8
S-TITLE
100
AcDbPolyline
 90
4
 70
1
 10
558.0
 20
217.39999999999975
 10
726.0
 20
217.39999999999975
 10
726.0
 20
243.79999999999978
 10
558.0
 20
243.79999999999978
  0
TEXT
  5
2BD
330
17
100
AcDbEntity
  8
M-TITLE
100
AcDbText
 10
12.0
 20
576.5
 30
0.0
 40
5.0
  1
HVAC PACKAGE
  7
OpenSans
 11
12.0
 21
576.5
 31
0.0
100
AcDbText
  0
TEXT
  5
2BE
330
17
100
AcDbEntity
  8
M-TITLE
100
AcDbText
 10
12.0
 20
569.5
 30
0.0
 40
2.4
  1
M-001   HVAC GENERAL NOTES, DESIGN BASIS AND LEGEND
  7
OpenSans
 11
12.0
 21
569.5
 31
0.0
100
AcDbText
  0
LINE
  5
2BF
330
17
100
AcDbEntity
  8
M-TITLE
100
AcDbLine
 10
10.0
 20
566.5
 30
0.0
 11
831.0
 21
566.5
 31
0.0
  0
TEXT
  5
2C0
330
17
100
AcDbEntity
  8
M-FLAG
100
AcDbText
 10
829.0
 20
577.0
 30
0.0
 40
2.0
  1
SENTRY POST EXCLUDED FROM THIS PACKAGE
  7
OpenSans
 72
2
 11
829.0
 21
577.0
 31
0.0
100
AcDbText
  0
TEXT
  5
2C1
330
17
100
AcDbEntity
  8
M-FLAG
100
AcDbText
 10
829.0
 20
570.5
 30
0.0
 40
1.4
  1
DEVELOPED FOR PROJECT COORDINATION - PENDING ENGINEERING VERIFICATION
  7
OpenSans
 72
2
 11
829.0
 21
570.5
 31
0.0
100
AcDbText
  0
TEXT
  5
2C2
330
17
100
AcDbEntity
  8
M-FLAG
100
AcDbText
 10
12.0
 20
561.5
 30
0.0
 40
1.4
  1
OPEN ITEMS ON THIS SHEET:  HV-F1   HV-F2   HV-D1   HV-D2   HV-D3   HV-D4
  7
OpenSans
 11
12.0
 21
561.5
 31
0.0
100
AcDbText
  0
LWPOLYLINE
  5
2C3
330
17
100
AcDbEntity
  8
M-TITLE
100
AcDbPolyline
 90
4
 70
1
 10
651.0
 20
10.0
 10
831.0
 20
10.0
 10
831.0
 20
110.0
 10
651.0
 20
110.0
  0
LINE
  5
2C4
330
17
100
AcDbEntity
  8
M-TITLE
100
AcDbLine
 10
651.0
 20
30.0
 30
0.0
 11
831.0
 21
30.0
 31
0.0
  0
LINE
  5
2C5
330
17
100
AcDbEntity
  8
M-TITLE
100
AcDbLine
 10
651.0
 20
42.0
 30
0.0
 11
831.0
 21
42.0
 31
0.0
  0
LINE
  5
2C6
330
17
100
AcDbEntity
  8
M-TITLE
100
AcDbLine
 10
651.0
 20
54.0
 30
0.0
 11
831.0
 21
54.0
 31
0.0
  0
LINE
  5
2C7
330
17
100
AcDbEntity
  8
M-TITLE
100
AcDbLine
 10
651.0
 20
66.0
 30
0.0
 11
831.0
 21
66.0
 31
0.0
  0
LINE
  5
2C8
330
17
100
AcDbEntity
  8
M-TITLE
100
AcDbLine
 10
651.0
 20
88.0
 30
0.0
 11
831.0
 21
88.0
 31
0.0
  0
LINE
  5
2C9
330
17
100
AcDbEntity
  8
M-TITLE
100
AcDbLine
 10
763.0
 20
10.0
 30
0.0
 11
763.0
 21
30.0
 31
0.0
  0
LINE
  5
2CA
330
17
100
AcDbEntity
  8
M-TITLE
100
AcDbLine
 10
797.0
 20
10.0
 30
0.0
 11
797.0
 21
30.0
 31
0.0
  0
TEXT
  5
2CB
330
17
100
AcDbEntity
  8
M-TITLE
100
AcDbText
 10
653.0
 20
24.6
 30
0.0
 40
1.4
  1
DRAWING No.
  7
OpenSans
 11
653.0
 21
24.6
 31
0.0
100
AcDbText
  0
TEXT
  5
2CC
330
17
100
AcDbEntity
  8
M-TITLE
100
AcDbText
 10
671.0
 20
14.2
 30
0.0
 40
3.5
  1
M-001
  7
OpenSans
 11
671.0
 21
14.2
 31
0.0
100
AcDbText
  0
TEXT
  5
2CD
330
17
100
AcDbEntity
  8
M-TITLE
100
AcDbText
 10
765.0
 20
24.6
 30
0.0
 40
1.4
  1
REV
  7
OpenSans
 11
765.0
 21
24.6
 31
0.0
100
AcDbText
  0
TEXT
  5
2CE
330
17
100
AcDbEntity
  8
M-TITLE
100
AcDbText
 10
769.0
 20
14.2
 30
0.0
 40
3.5
  1
HV1
  7
OpenSans
 11
769.0
 21
14.2
 31
0.0
100
AcDbText
  0
TEXT
  5
2CF
330
17
100
AcDbEntity
  8
M-TITLE
100
AcDbText
 10
799.0
 20
24.6
 30
0.0
 40
1.4
  1
SHEET
  7
OpenSans
 11
799.0
 21
24.6
 31
0.0
100
AcDbText
  0
TEXT
  5
2D0
330
17
100
AcDbEntity
  8
M-TITLE
100
AcDbText
 10
799.0
 20
15.0
 30
0.0
 40
1.6
  1
1 OF 6
  7
OpenSans
 11
799.0
 21
15.0
 31
0.0
100
AcDbText
  0
LINE
  5
2D1
330
17
100
AcDbEntity
  8
M-TITLE
100
AcDbLine
 10
747.0
 20
30.0
 30
0.0
 11
747.0
 21
42.0
 31
0.0
  0
TEXT
  5
2D2
330
17
100
AcDbEntity
  8
M-TITLE
100
AcDbText
 10
653.0
 20
34.4
 30
0.0
 40
1.6
  1
SCALE   NOT TO SCALE
  7
OpenSans
 11
653.0
 21
34.4
 31
0.0
100
AcDbText
  0
TEXT
  5
2D3
330
17
100
AcDbEntity
  8
M-TITLE
100
AcDbText
 10
749.0
 20
34.4
 30
0.0
 40
1.6
  1
DATE   05.09.2026
  7
OpenSans
 11
749.0
 21
34.4
 31
0.0
100
AcDbText
  0
TEXT
  5
2D4
330
17
100
AcDbEntity
  8
M-TITLE
100
AcDbText
 10
653.0
 20
46.4
 30
0.0
 40
1.4
  1
DESIGNED  [PLACEHOLDER]
  7
OpenSans
 11
653.0
 21
46.4
 31
0.0
100
AcDbText
  0
TEXT
  5
2D5
330
17
100
AcDbEntity
  8
M-TITLE
100
AcDbText
 10
713.0
 20
46.4
 30
0.0
 40
1.4
  1
CHECKED  [PLACEHOLDER]
  7
OpenSans
 11
713.0
 21
46.4
 31
0.0
100
AcDbText
  0
TEXT
  5
2D6
330
17
100
AcDbEntity
  8
M-TITLE
100
AcDbText
 10
773.0
 20
46.4
 30
0.0
 40
1.4
  1
APPROVED  [PLACEHOLDER]
  7
OpenSans
 11
773.0
 21
46.4
 31
0.0
100
AcDbText
  0
TEXT
  5
2D7
330
17
100
AcDbEntity
  8
M-TITLE
100
AcDbText
 10
653.0
 20
58.4
 30
0.0
 40
1.4
  1
STATUS
  7
OpenSans
 11
653.0
 21
58.4
 31
0.0
100
AcDbText
  0
TEXT
  5
2D8
330
17
100
AcDbEntity
  8
M-FLAG
100
AcDbText
 10
673.0
 20
58.0
 30
0.0
 40
1.6
  1
FOR REVIEW - NOT FOR CONSTRUCTION
  7
OpenSans
 11
673.0
 21
58.0
 31
0.0
100
AcDbText
  0
TEXT
  5
2D9
330
17
100
AcDbEntity
  8
M-TITLE
100
AcDbText
 10
653.0
 20
83.4
 30
0.0
 40
1.4
  1
DRAWING TITLE
  7
OpenSans
 11
653.0
 21
83.4
 31
0.0
100
AcDbText
  0
TEXT
  5
2DA
330
17
100
AcDbEntity
  8
M-TITLE
100
AcDbText
 10
653.0
 20
75.4
 30
0.0
 40
2.4
  1
HVAC GENERAL NOTES, DESIGN BASIS AND LEGEND
  7
OpenSans
 11
653.0
 21
75.4
 31
0.0
100
AcDbText
  0
TEXT
  5
2DB
330
17
100
AcDbEntity
  8
M-TITLE
100
AcDbText
 10
653.0
 20
68.8
 30
0.0
 40
1.4
  1
PROTECTED VENTILATION - 300 m3/h TRUE N+1 - FIVE OPERATING MODES
  7
OpenSans
 11
653.0
 21
68.8
 31
0.0
100
AcDbText
  0
TEXT
  5
2DC
330
17
100
AcDbEntity
  8
M-TITLE
100
AcDbText
 10
653.0
 20
105.2
 30
0.0
 40
1.4
  1
PROJECT
  7
OpenSans
 11
653.0
 21
105.2
 31
0.0
100
AcDbText
  0
TEXT
  5
2DD
330
17
100
AcDbEntity
  8
M-TITLE
100
AcDbText
 10
653.0
 20
99.6
 30
0.0
 40
1.6
  1
UNDERGROUND CBRN-HARDENED BLAST-RESISTANT
  7
OpenSans
 11
653.0
 21
99.6
 31
0.0
100
AcDbText
  0
TEXT
  5
2DE
330
17
100
AcDbEntity
  8
M-TITLE
100
AcDbText
 10
653.0
 20
95.0
 30
0.0
 40
1.6
  1
PROTECTIVE STRUCTURE  -  PUNE, MAHARASHTRA
  7
OpenSans
 11
653.0
 21
95.0
 31
0.0
100
AcDbText
  0
TEXT
  5
2DF
330
17
100
AcDbEntity
  8
M-TITLE
100
AcDbText
 10
653.0
 20
90.0
 30
0.0
 40
1.4
  1
GEOMETRY REV F + M1   -   SENTRY POST NOT IN THIS PACKAGE
  7
OpenSans
 11
653.0
 21
90.0
 31
0.0
100
AcDbText
  0
ENDSEC
  0
SECTION
  2
OBJECTS
  0
DICTIONARY
  5
A
330
0
100
AcDbDictionary
281
1
  3
ACAD_COLOR
350
B
  3
ACAD_GROUP
350
C
  3
ACAD_LAYOUT
350
D
  3
ACAD_MATERIAL
350
E
  3
ACAD_MLEADERSTYLE
350
F
  3
ACAD_MLINESTYLE
350
10
  3
ACAD_PLOTSETTINGS
350
11
  3
ACAD_PLOTSTYLENAME
350
12
  3
ACAD_SCALELIST
350
14
  3
ACAD_TABLESTYLE
350
15
  3
ACAD_VISUALSTYLE
350
16
  3
EZDXF_META
350
2D
  0
DICTIONARY
  5
B
330
A
100
AcDbDictionary
281
1
  0
DICTIONARY
  5
C
330
A
100
AcDbDictionary
281
1
  0
DICTIONARY
  5
D
330
A
100
AcDbDictionary
281
1
  3
Model
350
1A
  3
Layout1
350
1E
  0
DICTIONARY
  5
E
330
A
100
AcDbDictionary
281
1
  3
ByBlock
350
1F
  3
ByLayer
350
20
  3
Global
350
21
  0
DICTIONARY
  5
F
330
A
100
AcDbDictionary
281
1
  3
Standard
350
2C
  0
DICTIONARY
  5
10
330
A
100
AcDbDictionary
281
1
  3
Standard
350
22
  0
DICTIONARY
  5
11
330
A
100
AcDbDictionary
281
1
  0
ACDBDICTIONARYWDFLT
  5
12
330
A
100
AcDbDictionary
281
1
  3
Normal
350
13
100
AcDbDictionaryWithDefault
340
13
  0
ACDBPLACEHOLDER
  5
13
330
12
  0
DICTIONARY
  5
14
330
A
100
AcDbDictionary
281
1
  0
DICTIONARY
  5
15
330
A
100
AcDbDictionary
281
1
  0
DICTIONARY
  5
16
330
A
100
AcDbDictionary
281
1
  3
2dWireframe
350
5A
  3
Basic
350
5B
  3
Brighten
350
5C
  3
ColorChange
350
5D
  3
Conceptual
350
5E
  3
Dim
350
5F
  3
EdgeColorOff
350
60
  3
Facepattern
350
61
  3
Flat
350
62
  3
FlatWithEdges
350
63
  3
Gouraud
350
64
  3
GouraudWithEdges
350
65
  3
Hidden
350
66
  3
JitterOff
350
67
  3
Linepattern
350
68
  3
Modeling
350
69
  3
OverhangOff
350
6A
  3
Realistic
350
6B
  3
Shaded
350
6C
  3
Shaded with edges
350
6D
  3
Shades of Gray
350
6E
  3
Sketchy
350
6F
  3
Thicken
350
70
  3
Wireframe
350
71
  3
X-Ray
350
72
  0
LAYOUT
  5
1A
330
D
100
AcDbPlotSettings
  1

  4
A3
  6

 40
7.5
 41
20.0
 42
7.5
 43
20.0
 44
420.0
 45
297.0
 46
0.0
 47
0.0
 48
0.0
 49
0.0
140
0.0
141
0.0
142
1.0
143
1.0
 70
1024
 72
1
 73
0
 74
5
  7

 75
16
 76
0
 77
2
 78
300
147
1.0
148
0.0
149
0.0
100
AcDbLayout
  1
Model
 70
1
 71
0
 10
0.0
 20
0.0
 11
420.0
 21
297.0
 12
0.0
 22
0.0
 32
0.0
 14
1e+20
 24
1e+20
 34
1e+20
 15
-1e+20
 25
-1e+20
 35
-1e+20
146
0.0
 13
0.0
 23
0.0
 33
0.0
 16
1.0
 26
0.0
 36
0.0
 17
0.0
 27
1.0
 37
0.0
 76
1
330
17
  0
LAYOUT
  5
1E
330
D
100
AcDbPlotSettings
  1

  4
A3
  6

 40
7.5
 41
20.0
 42
7.5
 43
20.0
 44
420.0
 45
297.0
 46
0.0
 47
0.0
 48
0.0
 49
0.0
140
0.0
141
0.0
142
1.0
143
1.0
 70
0
 72
1
 73
0
 74
5
  7

 75
16
 76
0
 77
2
 78
300
147
1.0
148
0.0
149
0.0
100
AcDbLayout
  1
Layout1
 70
1
 71
1
 10
0.0
 20
0.0
 11
420.0
 21
297.0
 12
0.0
 22
0.0
 32
0.0
 14
1e+20
 24
1e+20
 34
1e+20
 15
-1e+20
 25
-1e+20
 35
-1e+20
146
0.0
 13
0.0
 23
0.0
 33
0.0
 16
1.0
 26
0.0
 36
0.0
 17
0.0
 27
1.0
 37
0.0
 76
1
330
1B
  0
MATERIAL
  5
1F
102
{ACAD_REACTORS
330
E
102
}
330
E
100
AcDbMaterial
  1
ByBlock
  2

 70
0
 40
1.0
 71
1
 41
1.0
 91
-1023410177
 42
1.0
 72
1
  3

 73
1
 74
1
 75
1
 44
0.5
 73
0
 45
1.0
 46
1.0
 77
1
  4

 78
1
 79
1
170
1
 48
1.0
171
1
  6

172
1
173
1
174
1
140
1.0
141
1.0
175
1
  7

176
1
177
1
178
1
143
1.0
179
1
  8

270
1
271
1
272
1
145
1.0
146
1.0
273
1
  9

274
1
275
1
276
1
 42
1.0
 72
1
  3

 73
1
 74
1
 75
1
 94
63
  0
MATERIAL
  5
20
102
{ACAD_REACTORS
330
E
102
}
330
E
100
AcDbMaterial
  1
ByLayer
  2

 70
0
 40
1.0
 71
1
 41
1.0
 91
-1023410177
 42
1.0
 72
1
  3

 73
1
 74
1
 75
1
 44
0.5
 73
0
 45
1.0
 46
1.0
 77
1
  4

 78
1
 79
1
170
1
 48
1.0
171
1
  6

172
1
173
1
174
1
140
1.0
141
1.0
175
1
  7

176
1
177
1
178
1
143
1.0
179
1
  8

270
1
271
1
272
1
145
1.0
146
1.0
273
1
  9

274
1
275
1
276
1
 42
1.0
 72
1
  3

 73
1
 74
1
 75
1
 94
63
  0
MATERIAL
  5
21
102
{ACAD_REACTORS
330
E
102
}
330
E
100
AcDbMaterial
  1
Global
  2

 70
0
 40
1.0
 71
1
 41
1.0
 91
-1023410177
 42
1.0
 72
1
  3

 73
1
 74
1
 75
1
 44
0.5
 73
0
 45
1.0
 46
1.0
 77
1
  4

 78
1
 79
1
170
1
 48
1.0
171
1
  6

172
1
173
1
174
1
140
1.0
141
1.0
175
1
  7

176
1
177
1
178
1
143
1.0
179
1
  8

270
1
271
1
272
1
145
1.0
146
1.0
273
1
  9

274
1
275
1
276
1
 42
1.0
 72
1
  3

 73
1
 74
1
 75
1
 94
63
  0
MLINESTYLE
  5
22
102
{ACAD_REACTORS
330
10
102
}
330
10
100
AcDbMlineStyle
  2
Standard
 70
0
  3

 62
256
 51
90.0
 52
90.0
 71
2
 49
0.5
 62
256
  6
BYLAYER
 49
-0.5
 62
256
  6
BYLAYER
  0
MLEADERSTYLE
  5
2C
102
{ACAD_REACTORS
330
F
102
}
330
F
100
AcDbMLeaderStyle
179
2
170
2
171
1
172
0
 90
2
 40
0.0
 41
0.0
173
1
 91
-1056964608
 92
-2
290
1
 42
2.0
291
1
 43
8.0
  3
Standard
 44
4.0
300

342
29
174
1
175
1
176
0
178
1
 93
-1056964608
 45
4.0
292
0
297
0
 46
4.0
 94
-1056964608
 47
1.0
 49
1.0
140
1.0
294
1
141
0.0
177
0
142
1.0
295
0
296
0
143
3.75
271
0
272
9
273
9
  0
DICTIONARY
  5
2D
330
A
100
AcDbDictionary
280
1
281
1
  3
CREATED_BY_EZDXF
350
2E
  3
WRITTEN_BY_EZDXF
350
2E2
  0
DICTIONARYVAR
  5
2E
330
2D
100
DictionaryVariables
280
0
  1
1.4.4 @ 2026-09-05T16:28:39.790932+00:00
  0
VISUALSTYLE
  5
5A
102
{ACAD_REACTORS
330
16
102
}
330
16
100
AcDbVisualStyle
  2
2dWireframe
 70
4
 90
0
 40
0.6
 62
7
290
0
291
0
  0
VISUALSTYLE
  5
5B
102
{ACAD_REACTORS
330
16
102
}
330
16
100
AcDbVisualStyle
  2
Basic
 70
7
 90
1
 40
0.6
 62
7
290
0
291
1
  0
VISUALSTYLE
  5
5C
102
{ACAD_REACTORS
330
16
102
}
330
16
100
AcDbVisualStyle
  2
Brighten
 70
12
 90
2
 40
0.6
 62
7
290
0
291
1
  0
VISUALSTYLE
  5
5D
102
{ACAD_REACTORS
330
16
102
}
330
16
100
AcDbVisualStyle
  2
ColorChange
 70
16
 90
2
 40
0.6
 62
8
290
0
291
1
  0
VISUALSTYLE
  5
5E
102
{ACAD_REACTORS
330
16
102
}
330
16
100
AcDbVisualStyle
  2
Conceptual
 70
9
 90
3
 40
0.6
 62
7
290
0
291
0
  0
VISUALSTYLE
  5
5F
102
{ACAD_REACTORS
330
16
102
}
330
16
100
AcDbVisualStyle
  2
Dim
 70
11
 90
2
 40
0.6
 62
7
290
0
291
1
  0
VISUALSTYLE
  5
60
102
{ACAD_REACTORS
330
16
102
}
330
16
100
AcDbVisualStyle
  2
EdgeColorOff
 70
22
 90
2
 40
0.6
 62
7
290
0
291
1
  0
VISUALSTYLE
  5
61
102
{ACAD_REACTORS
330
16
102
}
330
16
100
AcDbVisualStyle
  2
Facepattern
 70
15
 90
2
 40
0.6
 62
7
290
0
291
1
  0
VISUALSTYLE
  5
62
102
{ACAD_REACTORS
330
16
102
}
330
16
100
AcDbVisualStyle
  2
Flat
 70
0
 90
2
 40
0.6
 62
7
290
0
291
1
  0
VISUALSTYLE
  5
63
102
{ACAD_REACTORS
330
16
102
}
330
16
100
AcDbVisualStyle
  2
FlatWithEdges
 70
1
 90
2
 40
0.6
 62
7
290
0
291
1
  0
VISUALSTYLE
  5
64
102
{ACAD_REACTORS
330
16
102
}
330
16
100
AcDbVisualStyle
  2
Gouraud
 70
2
 90
2
 40
0.6
 62
7
290
0
291
1
  0
VISUALSTYLE
  5
65
102
{ACAD_REACTORS
330
16
102
}
330
16
100
AcDbVisualStyle
  2
GouraudWithEdges
 70
3
 90
2
 40
0.6
 62
7
290
0
291
1
  0
VISUALSTYLE
  5
66
102
{ACAD_REACTORS
330
16
102
}
330
16
100
AcDbVisualStyle
  2
Hidden
 70
6
 90
1
 40
0.6
 62
7
290
0
291
0
  0
VISUALSTYLE
  5
67
102
{ACAD_REACTORS
330
16
102
}
330
16
100
AcDbVisualStyle
  2
JitterOff
 70
20
 90
2
 40
0.6
 62
7
290
0
291
1
  0
VISUALSTYLE
  5
68
102
{ACAD_REACTORS
330
16
102
}
330
16
100
AcDbVisualStyle
  2
Linepattern
 70
14
 90
2
 40
0.6
 62
7
290
0
291
1
  0
VISUALSTYLE
  5
69
102
{ACAD_REACTORS
330
16
102
}
330
16
100
AcDbVisualStyle
  2
Modeling
 70
10
 90
2
 40
0.6
 62
7
290
0
291
0
  0
VISUALSTYLE
  5
6A
102
{ACAD_REACTORS
330
16
102
}
330
16
100
AcDbVisualStyle
  2
OverhangOff
 70
21
 90
2
 40
0.6
 62
7
290
0
291
1
  0
VISUALSTYLE
  5
6B
102
{ACAD_REACTORS
330
16
102
}
330
16
100
AcDbVisualStyle
  2
Realistic
 70
8
 90
2
 40
0.6
 62
7
290
0
291
0
  0
VISUALSTYLE
  5
6C
102
{ACAD_REACTORS
330
16
102
}
330
16
100
AcDbVisualStyle
  2
Shaded
 70
27
 90
2
 40
0.6
 62
7
290
0
291
0
  0
VISUALSTYLE
  5
6D
102
{ACAD_REACTORS
330
16
102
}
330
16
100
AcDbVisualStyle
  2
Shaded with edges
 70
26
 90
2
 40
0.6
 62
7
290
0
291
0
  0
VISUALSTYLE
  5
6E
102
{ACAD_REACTORS
330
16
102
}
330
16
100
AcDbVisualStyle
  2
Shades of Gray
 70
23
 90
2
 40
0.6
 62
7
290
0
291
0
  0
VISUALSTYLE
  5
6F
102
{ACAD_REACTORS
330
16
102
}
330
16
100
AcDbVisualStyle
  2
Sketchy
 70
24
 90
1
 40
0.6
 62
7
290
0
291
0
  0
VISUALSTYLE
  5
70
102
{ACAD_REACTORS
330
16
102
}
330
16
100
AcDbVisualStyle
  2
Thicken
 70
13
 90
2
 40
0.6
 62
7
290
0
291
1
  0
VISUALSTYLE
  5
71
102
{ACAD_REACTORS
330
16
102
}
330
16
100
AcDbVisualStyle
  2
Wireframe
 70
5
 90
0
 40
0.6
 62
7
290
0
291
0
  0
VISUALSTYLE
  5
72
102
{ACAD_REACTORS
330
16
102
}
330
16
100
AcDbVisualStyle
  2
X-Ray
 70
25
 90
2
 40
0.5
 62
7
290
0
291
0
  0
DICTIONARYVAR
  5
2E2
330
2D
100
DictionaryVariables
280
0
  1
1.4.4 @ 2026-09-05T16:28:39.818968+00:00
  0
ENDSEC
  0
EOF
