  0
SECTION
  2
HEADER
  9
$ACADVER
  1
AC1024
  9
$ACADMAINTVER
 70
6
  9
$DWGCODEPAGE
  3
ANSI_1252
  9
$LASTSAVEDBY
  1
ezdxf
  9
$INSBASE
 10
0.0
 20
0.0
 30
0.0
  9
$EXTMIN
 10
1e+20
 20
1e+20
 30
1e+20
  9
$EXTMAX
 10
-1e+20
 20
-1e+20
 30
-1e+20
  9
$LIMMIN
 10
0.0
 20
0.0
  9
$LIMMAX
 10
420.0
 20
297.0
  9
$ORTHOMODE
 70
0
  9
$REGENMODE
 70
1
  9
$FILLMODE
 70
1
  9
$QTEXTMODE
 70
0
  9
$MIRRTEXT
 70
1
  9
$LTSCALE
 40
1.0
  9
$ATTMODE
 70
1
  9
$TEXTSIZE
 40
2.5
  9
$TRACEWID
 40
1.0
  9
$TEXTSTYLE
  7
OpenSans
  9
$CLAYER
  8
0
  9
$CELTYPE
  6
ByLayer
  9
$CECOLOR
 62
256
  9
$CELTSCALE
 40
1.0
  9
$DISPSILH
 70
0
  9
$DIMSCALE
 40
1.0
  9
$DIMASZ
 40
0.175
  9
$DIMEXO
 40
0.125
  9
$DIMDLI
 40
3.75
  9
$DIMRND
 40
0.0
  9
$DIMDLE
 40
0.0
  9
$DIMEXE
 40
0.375
  9
$DIMTP
 40
0.0
  9
$DIMTM
 40
0.0
  9
$DIMTXT
 40
0.25
  9
$DIMCEN
 40
2.5
  9
$DIMTSZ
 40
0.0
  9
$DIMTOL
 70
0
  9
$DIMLIM
 70
0
  9
$DIMTIH
 70
0
  9
$DIMTOH
 70
0
  9
$DIMSE1
 70
0
  9
$DIMSE2
 70
0
  9
$DIMTAD
 70
1
  9
$DIMZIN
 70
12
  9
$DIMBLK
  1
ARCHTICK
  9
$DIMASO
 70
1
  9
$DIMSHO
 70
1
  9
$DIMPOST
  1

  9
$DIMAPOST
  1

  9
$DIMALT
 70
0
  9
$DIMALTD
 70
3
  9
$DIMALTF
 40
0.03937007874
  9
$DIMLFAC
 40
100.0
  9
$DIMTOFL
 70
1
  9
$DIMTVP
 40
0.0
  9
$DIMTIX
 70
0
  9
$DIMSOXD
 70
0
  9
$DIMSAH
 70
0
  9
$DIMBLK1
  1

  9
$DIMBLK2
  1

  9
$DIMSTYLE
  2
EZDXF
  9
$DIMCLRD
 70
0
  9
$DIMCLRE
 70
0
  9
$DIMCLRT
 70
0
  9
$DIMTFAC
 40
0.5
  9
$DIMGAP
 40
0.1
  9
$DIMJUST
 70
0
  9
$DIMSD1
 70
0
  9
$DIMSD2
 70
0
  9
$DIMTOLJ
 70
0
  9
$DIMTZIN
 70
8
  9
$DIMALTZ
 70
0
  9
$DIMALTTZ
 70
0
  9
$DIMUPT
 70
1
  9
$DIMDEC
 70
2
  9
$DIMTDEC
 70
2
  9
$DIMALTU
 70
2
  9
$DIMALTTD
 70
3
  9
$DIMTXSTY
  7
OpenSansCondensed-Light
  9
$DIMAUNIT
 70
0
  9
$DIMADEC
 70
2
  9
$DIMALTRND
 40
0.0
  9
$DIMAZIN
 70
3
  9
$DIMDSEP
 70
46
  9
$DIMATFIT
 70
3
  9
$DIMFRAC
 70
0
  9
$DIMLDRBLK
  1

  9
$DIMLUNIT
 70
2
  9
$DIMLWD
 70
-2
  9
$DIMLWE
 70
-2
  9
$DIMTMOVE
 70
2
  9
$DIMFXL
 40
1.0
  9
$DIMFXLON
 70
0
  9
$DIMJOGANG
 40
0.785398163397
  9
$DIMTFILL
 70
0
  9
$DIMTFILLCLR
 70
0
  9
$DIMARCSYM
 70
0
  9
$DIMLTYPE
  6

  9
$DIMLTEX1
  6

  9
$DIMLTEX2
  6

  9
$DIMTXTDIRECTION
 70
0
  9
$LUNITS
 70
2
  9
$LUPREC
 70
4
  9
$SKETCHINC
 40
1.0
  9
$FILLETRAD
 40
10.0
  9
$AUNITS
 70
0
  9
$AUPREC
 70
2
  9
$MENU
  1
.
  9
$ELEVATION
 40
0.0
  9
$PELEVATION
 40
0.0
  9
$THICKNESS
 40
0.0
  9
$LIMCHECK
 70
0
  9
$CHAMFERA
 40
0.0
  9
$CHAMFERB
 40
0.0
  9
$CHAMFERC
 40
0.0
  9
$CHAMFERD
 40
0.0
  9
$SKPOLY
 70
0
  9
$TDCREATE
 40
2461294.438263889
  9
$TDUCREATE
 40
2458532.153996898
  9
$TDUPDATE
 40
2461294.438263889
  9
$TDUUPDATE
 40
2458532.1544311
  9
$TDINDWG
 40
0.0
  9
$TDUSRTIMER
 40
0.0
  9
$USRTIMER
 70
1
  9
$ANGBASE
 50
0.0
  9
$ANGDIR
 70
0
  9
$PDMODE
 70
0
  9
$PDSIZE
 40
0.0
  9
$PLINEWID
 40
0.0
  9
$SPLFRAME
 70
0
  9
$SPLINETYPE
 70
6
  9
$SPLINESEGS
 70
8
  9
$HANDSEED
  5
511
  9
$SURFTAB1
 70
6
  9
$SURFTAB2
 70
6
  9
$SURFTYPE
 70
6
  9
$SURFU
 70
6
  9
$SURFV
 70
6
  9
$UCSBASE
  2

  9
$UCSNAME
  2

  9
$UCSORG
 10
0.0
 20
0.0
 30
0.0
  9
$UCSXDIR
 10
1.0
 20
0.0
 30
0.0
  9
$UCSYDIR
 10
0.0
 20
1.0
 30
0.0
  9
$UCSORTHOREF
  2

  9
$UCSORTHOVIEW
 70
0
  9
$UCSORGTOP
 10
0.0
 20
0.0
 30
0.0
  9
$UCSORGBOTTOM
 10
0.0
 20
0.0
 30
0.0
  9
$UCSORGLEFT
 10
0.0
 20
0.0
 30
0.0
  9
$UCSORGRIGHT
 10
0.0
 20
0.0
 30
0.0
  9
$UCSORGFRONT
 10
0.0
 20
0.0
 30
0.0
  9
$UCSORGBACK
 10
0.0
 20
0.0
 30
0.0
  9
$PUCSBASE
  2

  9
$PUCSNAME
  2

  9
$PUCSORG
 10
0.0
 20
0.0
 30
0.0
  9
$PUCSXDIR
 10
1.0
 20
0.0
 30
0.0
  9
$PUCSYDIR
 10
0.0
 20
1.0
 30
0.0
  9
$PUCSORTHOREF
  2

  9
$PUCSORTHOVIEW
 70
0
  9
$PUCSORGTOP
 10
0.0
 20
0.0
 30
0.0
  9
$PUCSORGBOTTOM
 10
0.0
 20
0.0
 30
0.0
  9
$PUCSORGLEFT
 10
0.0
 20
0.0
 30
0.0
  9
$PUCSORGRIGHT
 10
0.0
 20
0.0
 30
0.0
  9
$PUCSORGFRONT
 10
0.0
 20
0.0
 30
0.0
  9
$PUCSORGBACK
 10
0.0
 20
0.0
 30
0.0
  9
$USERI1
 70
0
  9
$USERI2
 70
0
  9
$USERI3
 70
0
  9
$USERI4
 70
0
  9
$USERI5
 70
0
  9
$USERR1
 40
0.0
  9
$USERR2
 40
0.0
  9
$USERR3
 40
0.0
  9
$USERR4
 40
0.0
  9
$USERR5
 40
0.0
  9
$WORLDVIEW
 70
1
  9
$SHADEDGE
 70
3
  9
$SHADEDIF
 70
70
  9
$TILEMODE
 70
1
  9
$MAXACTVP
 70
64
  9
$PINSBASE
 10
0.0
 20
0.0
 30
0.0
  9
$PLIMCHECK
 70
0
  9
$PEXTMIN
 10
1e+20
 20
1e+20
 30
1e+20
  9
$PEXTMAX
 10
-1e+20
 20
-1e+20
 30
-1e+20
  9
$PLIMMIN
 10
0.0
 20
0.0
  9
$PLIMMAX
 10
420.0
 20
297.0
  9
$UNITMODE
 70
0
  9
$VISRETAIN
 70
1
  9
$PLINEGEN
 70
0
  9
$PSLTSCALE
 70
1
  9
$TREEDEPTH
 70
3020
  9
$CMLSTYLE
  2
Standard
  9
$CMLJUST
 70
0
  9
$CMLSCALE
 40
20.0
  9
$PROXYGRAPHICS
 70
1
  9
$MEASUREMENT
 70
1
  9
$CELWEIGHT
370
-1
  9
$ENDCAPS
280
0
  9
$JOINSTYLE
280
0
  9
$LWDISPLAY
290
0
  9
$INSUNITS
 70
4
  9
$HYPERLINKBASE
  1

  9
$STYLESHEET
  1

  9
$XEDIT
290
1
  9
$CEPSNTYPE
380
0
  9
$PSTYLEMODE
290
1
  9
$FINGERPRINTGUID
  2
{A9D37DBF-184A-4C42-A2E9-D4D3444F571E}
  9
$VERSIONGUID
  2
{B748ED7C-AD96-4615-9DBD-62A2ED0BEF52}
  9
$EXTNAMES
290
1
  9
$PSVPSCALE
 40
0.0
  9
$OLESTARTUP
290
0
  9
$SORTENTS
280
127
  9
$INDEXCTL
280
0
  9
$HIDETEXT
280
1
  9
$XCLIPFRAME
280
1
  9
$HALOGAP
280
0
  9
$OBSCOLOR
 70
257
  9
$OBSLTYPE
280
0
  9
$INTERSECTIONDISPLAY
280
0
  9
$INTERSECTIONCOLOR
 70
257
  9
$DIMASSOC
280
2
  9
$PROJECTNAME
  1

  9
$CAMERADISPLAY
290
0
  9
$LENSLENGTH
 40
50.0
  9
$CAMERAHEIGHT
 40
0.0
  9
$STEPSPERSEC
 40
24.0
  9
$STEPSIZE
 40
100.0
  9
$3DDWFPREC
 40
2.0
  9
$PSOLWIDTH
 40
0.005
  9
$PSOLHEIGHT
 40
0.08
  9
$LOFTANG1
 40
1.570796326795
  9
$LOFTANG2
 40
1.570796326795
  9
$LOFTMAG1
 40
0.0
  9
$LOFTMAG2
 40
0.0
  9
$LOFTPARAM
 70
7
  9
$LOFTNORMALS
280
1
  9
$LATITUDE
 40
37.795
  9
$LONGITUDE
 40
-122.394
  9
$NORTHDIRECTION
 40
0.0
  9
$TIMEZONE
 70
-8000
  9
$LIGHTGLYPHDISPLAY
280
1
  9
$TILEMODELIGHTSYNCH
280
1
  9
$CMATERIAL
347
20
  9
$SOLIDHIST
280
0
  9
$SHOWHIST
280
1
  9
$DWFFRAME
280
2
  9
$DGNFRAME
280
2
  9
$REALWORLDSCALE
290
1
  9
$INTERFERECOLOR
 62
256
  9
$CSHADOW
280
0
  9
$SHADOWPLANELOCATION
 40
0.0
  0
ENDSEC
  0
SECTION
  2
CLASSES
  0
CLASS
  1
ACDBDICTIONARYWDFLT
  2
AcDbDictionaryWithDefault
  3
ObjectDBX Classes
 90
0
 91
0
280
0
281
0
  0
CLASS
  1
SUN
  2
AcDbSun
  3
SCENEOE
 90
1153
 91
0
280
0
281
0
  0
CLASS
  1
VISUALSTYLE
  2
AcDbVisualStyle
  3
ObjectDBX Classes
 90
4095
 91
0
280
0
281
0
  0
CLASS
  1
MATERIAL
  2
AcDbMaterial
  3
ObjectDBX Classes
 90
1153
 91
0
280
0
281
0
  0
CLASS
  1
SCALE
  2
AcDbScale
  3
ObjectDBX Classes
 90
1153
 91
0
280
0
281
0
  0
CLASS
  1
TABLESTYLE
  2
AcDbTableStyle
  3
ObjectDBX Classes
 90
4095
 91
0
280
0
281
0
  0
CLASS
  1
MLEADERSTYLE
  2
AcDbMLeaderStyle
  3
ACDB_MLEADERSTYLE_CLASS
 90
4095
 91
0
280
0
281
0
  0
CLASS
  1
DICTIONARYVAR
  2
AcDbDictionaryVar
  3
ObjectDBX Classes
 90
0
 91
0
280
0
281
0
  0
CLASS
  1
CELLSTYLEMAP
  2
AcDbCellStyleMap
  3
ObjectDBX Classes
 90
1152
 91
0
280
0
281
0
  0
CLASS
  1
MENTALRAYRENDERSETTINGS
  2
AcDbMentalRayRenderSettings
  3
SCENEOE
 90
1024
 91
0
280
0
281
0
  0
CLASS
  1
ACDBDETAILVIEWSTYLE
  2
AcDbDetailViewStyle
  3
ObjectDBX Classes
 90
1025
 91
0
280
0
281
0
  0
CLASS
  1
ACDBSECTIONVIEWSTYLE
  2
AcDbSectionViewStyle
  3
ObjectDBX Classes
 90
1025
 91
0
280
0
281
0
  0
CLASS
  1
RASTERVARIABLES
  2
AcDbRasterVariables
  3
ISM
 90
0
 91
0
280
0
281
0
  0
CLASS
  1
LAYOUT
  2
AcDbLayout
  3
ObjectDBX Classes
 90
0
 91
0
280
0
281
0
  0
CLASS
  1
ACDBPLACEHOLDER
  2
AcDbPlaceHolder
  3
ObjectDBX Classes
 90
0
 91
0
280
0
281
0
  0
ENDSEC
  0
SECTION
  2
TABLES
  0
TABLE
  2
VPORT
  5
8
330
0
100
AcDbSymbolTable
 70
1
  0
VPORT
  5
23
330
8
100
AcDbSymbolTableRecord
100
AcDbViewportTableRecord
  2
*Active
 70
0
 10
0.0
 20
0.0
 11
1.0
 21
1.0
 12
0.0
 22
0.0
 13
0.0
 23
0.0
 14
0.5
 24
0.5
 15
0.5
 25
0.5
 16
0.0
 26
0.0
 36
1.0
 17
0.0
 27
0.0
 37
0.0
 40
1000.0
 41
1.34
 42
50.0
 43
0.0
 44
0.0
 50
0.0
 51
0.0
 71
0
 72
1000
 73
1
 74
3
 75
0
 76
0
 77
0
 78
0
281
0
 65
0
146
0.0
  0
ENDTAB
  0
TABLE
  2
LTYPE
  5
2
330
0
100
AcDbSymbolTable
 70
21
  0
LTYPE
  5
24
330
2
100
AcDbSymbolTableRecord
100
AcDbLinetypeTableRecord
  2
ByBlock
 70
0
  3

 72
65
 73
0
 40
0.0
  0
LTYPE
  5
25
330
2
100
AcDbSymbolTableRecord
100
AcDbLinetypeTableRecord
  2
ByLayer
 70
0
  3

 72
65
 73
0
 40
0.0
  0
LTYPE
  5
26
330
2
100
AcDbSymbolTableRecord
100
AcDbLinetypeTableRecord
  2
Continuous
 70
0
  3

 72
65
 73
0
 40
0.0
  0
LTYPE
  5
2F
330
2
100
AcDbSymbolTableRecord
100
AcDbLinetypeTableRecord
  2
CENTER
 70
0
  3
Center ____ _ ____ _ ____ _ ____ _ ____ _ ____
 72
65
 73
4
 40
5.08
 49
3.175
 74
0
 49
-0.635
 74
0
 49
0.635
 74
0
 49
-0.635
 74
0
  0
LTYPE
  5
30
330
2
100
AcDbSymbolTableRecord
100
AcDbLinetypeTableRecord
  2
CENTERX2
 70
0
  3
Center (2x) ________  __  ________  __  ________
 72
65
 73
4
 40
8.89
 49
6.35
 74
0
 49
-0.635
 74
0
 49
1.27
 74
0
 49
-0.635
 74
0
  0
LTYPE
  5
31
330
2
100
AcDbSymbolTableRecord
100
AcDbLinetypeTableRecord
  2
CENTER2
 70
0
  3
Center (.5x) ____ _ ____ _ ____ _ ____ _ ____
 72
65
 73
4
 40
2.54
 49
1.587
 74
0
 49
-0.318
 74
0
 49
0.318
 74
0
 49
-0.318
 74
0
  0
LTYPE
  5
32
330
2
100
AcDbSymbolTableRecord
100
AcDbLinetypeTableRecord
  2
DASHED
 70
0
  3
Dashed __ __ __ __ __ __ __ __ __ __ __ __ __ _
 72
65
 73
2
 40
1.524
 49
1.27
 74
0
 49
-0.254
 74
0
  0
LTYPE
  5
33
330
2
100
AcDbSymbolTableRecord
100
AcDbLinetypeTableRecord
  2
DASHEDX2
 70
0
  3
Dashed (2x) ____  ____  ____  ____  ____  ____
 72
65
 73
2
 40
3.048
 49
2.54
 74
0
 49
-0.508
 74
0
  0
LTYPE
  5
34
330
2
100
AcDbSymbolTableRecord
100
AcDbLinetypeTableRecord
  2
DASHED2
 70
0
  3
Dashed (.5x) _ _ _ _ _ _ _ _ _ _ _ _ _ _
 72
65
 73
2
 40
0.762
 49
0.635
 74
0
 49
-0.127
 74
0
  0
LTYPE
  5
35
330
2
100
AcDbSymbolTableRecord
100
AcDbLinetypeTableRecord
  2
PHANTOM
 70
0
  3
Phantom ______  __  __  ______  __  __  ______
 72
65
 73
6
 40
6.35
 49
3.175
 74
0
 49
-0.635
 74
0
 49
0.635
 74
0
 49
-0.635
 74
0
 49
0.635
 74
0
 49
-0.635
 74
0
  0
LTYPE
  5
36
330
2
100
AcDbSymbolTableRecord
100
AcDbLinetypeTableRecord
  2
PHANTOMX2
 70
0
  3
Phantom (2x)____________    ____    ____    ____________
 72
65
 73
6
 40
10.795
 49
6.35
 74
0
 49
-0.635
 74
0
 49
1.27
 74
0
 49
-0.635
 74
0
 49
1.27
 74
0
 49
-0.635
 74
0
  0
LTYPE
  5
37
330
2
100
AcDbSymbolTableRecord
100
AcDbLinetypeTableRecord
  2
PHANTOM2
 70
0
  3
Phantom (.5x) ___ _ _ ___ _ _ ___ _ _ ___ _ _ ___
 72
65
 73
6
 40
3.175
 49
1.587
 74
0
 49
-0.318
 74
0
 49
0.318
 74
0
 49
-0.318
 74
0
 49
0.318
 74
0
 49
-0.318
 74
0
  0
LTYPE
  5
38
330
2
100
AcDbSymbolTableRecord
100
AcDbLinetypeTableRecord
  2
DASHDOT
 70
0
  3
Dash dot __ . __ . __ . __ . __ . __ . __ . __
 72
65
 73
4
 40
3.556
 49
2.54
 74
0
 49
-0.508
 74
0
 49
0.0
 74
0
 49
-0.508
 74
0
  0
LTYPE
  5
39
330
2
100
AcDbSymbolTableRecord
100
AcDbLinetypeTableRecord
  2
DASHDOTX2
 70
0
  3
Dash dot (2x) ____  .  ____  .  ____  .  ____
 72
65
 73
4
 40
6.096
 49
5.08
 74
0
 49
-0.508
 74
0
 49
0.0
 74
0
 49
-0.508
 74
0
  0
LTYPE
  5
3A
330
2
100
AcDbSymbolTableRecord
100
AcDbLinetypeTableRecord
  2
DASHDOT2
 70
0
  3
Dash dot (.5x) _ . _ . _ . _ . _ . _ . _ . _
 72
65
 73
4
 40
1.778
 49
1.27
 74
0
 49
-0.254
 74
0
 49
0.0
 74
0
 49
-0.254
 74
0
  0
LTYPE
  5
3B
330
2
100
AcDbSymbolTableRecord
100
AcDbLinetypeTableRecord
  2
DOT
 70
0
  3
Dot .  .  .  .  .  .  .  .  .  .  .  .  .  .  .  .
 72
65
 73
2
 40
0.508
 49
0.0
 74
0
 49
-0.508
 74
0
  0
LTYPE
  5
3C
330
2
100
AcDbSymbolTableRecord
100
AcDbLinetypeTableRecord
  2
DOTX2
 70
0
  3
Dot (2x) .    .    .    .    .    .    .    . 
 72
65
 73
2
 40
1.016
 49
0.0
 74
0
 49
-1.016
 74
0
  0
LTYPE
  5
3D
330
2
100
AcDbSymbolTableRecord
100
AcDbLinetypeTableRecord
  2
DOT2
 70
0
  3
Dot (.5) . . . . . . . . . . . . . . . . . . . 
 72
65
 73
2
 40
0.254
 49
0.0
 74
0
 49
-0.254
 74
0
  0
LTYPE
  5
3E
330
2
100
AcDbSymbolTableRecord
100
AcDbLinetypeTableRecord
  2
DIVIDE
 70
0
  3
Divide __ . . __ . . __ . . __ . . __ . . __
 72
65
 73
6
 40
4.064
 49
2.54
 74
0
 49
-0.508
 74
0
 49
0.0
 74
0
 49
-0.508
 74
0
 49
0.0
 74
0
 49
-0.508
 74
0
  0
LTYPE
  5
3F
330
2
100
AcDbSymbolTableRecord
100
AcDbLinetypeTableRecord
  2
DIVIDEX2
 70
0
  3
Divide (2x) ____  . .  ____  . .  ____  . .  ____
 72
65
 73
6
 40
6.604
 49
5.08
 74
0
 49
-0.508
 74
0
 49
0.0
 74
0
 49
-0.508
 74
0
 49
0.0
 74
0
 49
-0.508
 74
0
  0
LTYPE
  5
40
330
2
100
AcDbSymbolTableRecord
100
AcDbLinetypeTableRecord
  2
DIVIDE2
 70
0
  3
Divide(.5x) _ . _ . _ . _ . _ . _ . _ . _
 72
65
 73
6
 40
2.032
 49
1.27
 74
0
 49
-0.254
 74
0
 49
0.0
 74
0
 49
-0.254
 74
0
 49
0.0
 74
0
 49
-0.254
 74
0
  0
ENDTAB
  0
TABLE
  2
LAYER
  5
1
330
0
100
AcDbSymbolTable
 70
26
  0
LAYER
  5
27
330
1
100
AcDbSymbolTableRecord
100
AcDbLayerTableRecord
  2
0
 70
0
 62
7
  6
Continuous
370
-3
390
13
347
21
  0
LAYER
  5
28
330
1
100
AcDbSymbolTableRecord
100
AcDbLayerTableRecord
  2
Defpoints
 70
0
 62
7
  6
Continuous
290
0
370
-3
390
13
347
21
  0
LAYER
  5
8A
330
1
100
AcDbSymbolTableRecord
100
AcDbLayerTableRecord
  2
S-CONCRETE
 70
0
 62
7
  6
Continuous
370
-3
390
13
347
21
1001
AcAecLayerStandard
1000

1000
Structural concrete outlines (cut)
  0
LAYER
  5
8C
330
1
100
AcDbSymbolTableRecord
100
AcDbLayerTableRecord
  2
S-CONCRETE-THIN
 70
0
 62
7
  6
Continuous
370
-3
390
13
347
21
1001
AcAecLayerStandard
1000

1000
Concrete beyond the cut plane
  0
LAYER
  5
8D
330
1
100
AcDbSymbolTableRecord
100
AcDbLayerTableRecord
  2
S-HIDDEN
 70
0
 62
8
  6
Continuous
370
-3
390
13
347
21
1001
AcAecLayerStandard
1000

1000
Concrete / features beyond, hidden
  0
LAYER
  5
8E
330
1
100
AcDbSymbolTableRecord
100
AcDbLayerTableRecord
  2
S-REBAR-MAIN
 70
0
 62
1
  6
Continuous
370
-3
390
13
347
21
1001
AcAecLayerStandard
1000

1000
Main reinforcement
  0
LAYER
  5
8F
330
1
100
AcDbSymbolTableRecord
100
AcDbLayerTableRecord
  2
S-REBAR-DIST
 70
0
 62
3
  6
Continuous
370
-3
390
13
347
21
1001
AcAecLayerStandard
1000

1000
Distribution reinforcement
  0
LAYER
  5
90
330
1
100
AcDbSymbolTableRecord
100
AcDbLayerTableRecord
  2
S-REBAR-STIRRUP
 70
0
 62
6
  6
Continuous
370
-3
390
13
347
21
1001
AcAecLayerStandard
1000

1000
Links and stirrups
  0
LAYER
  5
91
330
1
100
AcDbSymbolTableRecord
100
AcDbLayerTableRecord
  2
S-REBAR-TIE
 70
0
 62
6
  6
Continuous
370
-3
390
13
347
21
1001
AcAecLayerStandard
1000

1000
Ties, cross-ties, starters
  0
LAYER
  5
92
330
1
100
AcDbSymbolTableRecord
100
AcDbLayerTableRecord
  2
S-REBAR-SEC
 70
0
 62
4
  6
Continuous
370
-3
390
13
347
21
1001
AcAecLayerStandard
1000

1000
Trimmers, secondary and additional bars
  0
LAYER
  5
93
330
1
100
AcDbSymbolTableRecord
100
AcDbLayerTableRecord
  2
S-DIM
 70
0
 62
4
  6
Continuous
370
-3
390
13
347
21
1001
AcAecLayerStandard
1000

1000
Dimensions
  0
LAYER
  5
94
330
1
100
AcDbSymbolTableRecord
100
AcDbLayerTableRecord
  2
S-TEXT
 70
0
 62
7
  6
Continuous
370
-3
390
13
347
21
1001
AcAecLayerStandard
1000

1000
General annotation
  0
LAYER
  5
95
330
1
100
AcDbSymbolTableRecord
100
AcDbLayerTableRecord
  2
S-NOTE
 70
0
 62
7
  6
Continuous
370
-3
390
13
347
21
1001
AcAecLayerStandard
1000

1000
Note panels
  0
LAYER
  5
96
330
1
100
AcDbSymbolTableRecord
100
AcDbLayerTableRecord
  2
S-CALLOUT
 70
0
 62
2
  6
Continuous
370
-3
390
13
347
21
1001
AcAecLayerStandard
1000

1000
Bar-mark balloons and leaders
  0
LAYER
  5
97
330
1
100
AcDbSymbolTableRecord
100
AcDbLayerTableRecord
  2
S-SECTION
 70
0
 62
1
  6
Continuous
370
-3
390
13
347
21
1001
AcAecLayerStandard
1000

1000
Section and detail markers
  0
LAYER
  5
98
330
1
100
AcDbSymbolTableRecord
100
AcDbLayerTableRecord
  2
S-GRID
 70
0
 62
5
  6
Continuous
370
-3
390
13
347
21
1001
AcAecLayerStandard
1000

1000
Grid lines and bubbles
  0
LAYER
  5
99
330
1
100
AcDbSymbolTableRecord
100
AcDbLayerTableRecord
  2
S-CENTER
 70
0
 62
6
  6
Continuous
370
-3
390
13
347
21
1001
AcAecLayerStandard
1000

1000
Centrelines
  0
LAYER
  5
9A
330
1
100
AcDbSymbolTableRecord
100
AcDbLayerTableRecord
  2
S-HATCH
 70
0
 62
8
  6
Continuous
370
-3
390
13
347
21
1001
AcAecLayerStandard
1000

1000
Section hatch
  0
LAYER
  5
9B
330
1
100
AcDbSymbolTableRecord
100
AcDbLayerTableRecord
  2
S-TITLE
 70
0
 62
7
  6
Continuous
370
-3
390
13
347
21
1001
AcAecLayerStandard
1000

1000
Border, title block, view titles
  0
LAYER
  5
9C
330
1
100
AcDbSymbolTableRecord
100
AcDbLayerTableRecord
  2
S-EXISTING
 70
0
 62
8
  6
Continuous
370
-3
390
13
347
21
1001
AcAecLayerStandard
1000

1000
Soil, rock, berm, cover layers
  0
LAYER
  5
9D
330
1
100
AcDbSymbolTableRecord
100
AcDbLayerTableRecord
  2
S-REFERENCE
 70
0
 62
8
  6
Continuous
370
-3
390
13
347
21
1001
AcAecLayerStandard
1000

1000
Reference geometry, extents
  0
LAYER
  5
9E
330
1
100
AcDbSymbolTableRecord
100
AcDbLayerTableRecord
  2
S-WATERPROOF
 70
0
 62
30
  6
Continuous
370
-3
390
13
347
21
1001
AcAecLayerStandard
1000

1000
Membranes, waterstops, GWT
  0
LAYER
  5
9F
330
1
100
AcDbSymbolTableRecord
100
AcDbLayerTableRecord
  2
S-STEELWORK
 70
0
 62
2
  6
Continuous
370
-3
390
13
347
21
1001
AcAecLayerStandard
1000

1000
Cast-in frames, EMP straps, steel items
  0
LAYER
  5
A0
330
1
100
AcDbSymbolTableRecord
100
AcDbLayerTableRecord
  2
S-LEVEL
 70
0
 62
4
  6
Continuous
370
-3
390
13
347
21
1001
AcAecLayerStandard
1000

1000
Level markers
  0
LAYER
  5
A1
330
1
100
AcDbSymbolTableRecord
100
AcDbLayerTableRecord
  2
S-TABLE
 70
0
 62
7
  6
Continuous
370
-3
390
13
347
21
1001
AcAecLayerStandard
1000

1000
Tables and schedules
  0
LAYER
  5
A2
330
1
100
AcDbSymbolTableRecord
100
AcDbLayerTableRecord
  2
S-BLAST
 70
0
 62
1
  6
Continuous
370
-3
390
13
347
21
1001
AcAecLayerStandard
1000

1000
Blast arrows, findings, warnings
  0
ENDTAB
  0
TABLE
  2
STYLE
  5
5
330
0
100
AcDbSymbolTable
 70
26
  0
STYLE
  5
29
330
5
100
AcDbSymbolTableRecord
100
AcDbTextStyleTableRecord
  2
Standard
 70
0
 40
0.0
 41
1.0
 50
0.0
 71
0
 42
2.5
  3
txt
  4

  0
STYLE
  5
41
330
5
100
AcDbSymbolTableRecord
100
AcDbTextStyleTableRecord
  2
OpenSans-Light
 70
0
 40
0.0
 41
1.0
 50
0.0
 71
0
 42
2.5
  3
OpenSans-Light.ttf
  4

  0
STYLE
  5
42
330
5
100
AcDbSymbolTableRecord
100
AcDbTextStyleTableRecord
  2
OpenSans-Light-Italic
 70
0
 40
0.0
 41
1.0
 50
0.0
 71
0
 42
2.5
  3
OpenSans-LightItalic.ttf
  4

  0
STYLE
  5
43
330
5
100
AcDbSymbolTableRecord
100
AcDbTextStyleTableRecord
  2
OpenSans
 70
0
 40
0.0
 41
1.0
 50
0.0
 71
0
 42
2.5
  3
OpenSans-Regular.ttf
  4

  0
STYLE
  5
44
330
5
100
AcDbSymbolTableRecord
100
AcDbTextStyleTableRecord
  2
OpenSans-Italic
 70
0
 40
0.0
 41
1.0
 50
0.0
 71
0
 42
2.5
  3
OpenSans-Italic.ttf
  4

  0
STYLE
  5
45
330
5
100
AcDbSymbolTableRecord
100
AcDbTextStyleTableRecord
  2
OpenSans-SemiBold
 70
0
 40
0.0
 41
1.0
 50
0.0
 71
0
 42
2.5
  3
OpenSans-SemiBold.ttf
  4

  0
STYLE
  5
46
330
5
100
AcDbSymbolTableRecord
100
AcDbTextStyleTableRecord
  2
OpenSans-SemiBoldItalic
 70
0
 40
0.0
 41
1.0
 50
0.0
 71
0
 42
2.5
  3
OpenSans-SemiBoldItalic.ttf
  4

  0
STYLE
  5
47
330
5
100
AcDbSymbolTableRecord
100
AcDbTextStyleTableRecord
  2
OpenSans-Bold
 70
0
 40
0.0
 41
1.0
 50
0.0
 71
0
 42
2.5
  3
OpenSans-Bold.ttf
  4

  0
STYLE
  5
48
330
5
100
AcDbSymbolTableRecord
100
AcDbTextStyleTableRecord
  2
OpenSans-BoldItalic
 70
0
 40
0.0
 41
1.0
 50
0.0
 71
0
 42
2.5
  3
OpenSans-BoldItalic.ttf
  4

  0
STYLE
  5
49
330
5
100
AcDbSymbolTableRecord
100
AcDbTextStyleTableRecord
  2
OpenSans-ExtraBold
 70
0
 40
0.0
 41
1.0
 50
0.0
 71
0
 42
2.5
  3
OpenSans-ExtraBold.ttf
  4

  0
STYLE
  5
4A
330
5
100
AcDbSymbolTableRecord
100
AcDbTextStyleTableRecord
  2
OpenSans-ExtraBoldItalic
 70
0
 40
0.0
 41
1.0
 50
0.0
 71
0
 42
2.5
  3
OpenSans-ExtraBoldItalic.ttf
  4

  0
STYLE
  5
4B
330
5
100
AcDbSymbolTableRecord
100
AcDbTextStyleTableRecord
  2
OpenSansCondensed-Bold
 70
0
 40
0.0
 41
1.0
 50
0.0
 71
0
 42
2.5
  3
OpenSansCondensed-Bold.ttf
  4

  0
STYLE
  5
4C
330
5
100
AcDbSymbolTableRecord
100
AcDbTextStyleTableRecord
  2
OpenSansCondensed-Light
 70
0
 40
0.0
 41
1.0
 50
0.0
 71
0
 42
2.5
  3
OpenSansCondensed-Light.ttf
  4

  0
STYLE
  5
4D
330
5
100
AcDbSymbolTableRecord
100
AcDbTextStyleTableRecord
  2
OpenSansCondensed-Italic
 70
0
 40
0.0
 41
1.0
 50
0.0
 71
0
 42
2.5
  3
OpenSansCondensed-LightItalic.ttf
  4

  0
STYLE
  5
4E
330
5
100
AcDbSymbolTableRecord
100
AcDbTextStyleTableRecord
  2
LiberationSans
 70
0
 40
0.0
 41
1.0
 50
0.0
 71
0
 42
2.5
  3
LiberationSans-Regular.ttf
  4

  0
STYLE
  5
4F
330
5
100
AcDbSymbolTableRecord
100
AcDbTextStyleTableRecord
  2
LiberationSans-Bold
 70
0
 40
0.0
 41
1.0
 50
0.0
 71
0
 42
2.5
  3
LiberationSans-Bold.ttf
  4

  0
STYLE
  5
50
330
5
100
AcDbSymbolTableRecord
100
AcDbTextStyleTableRecord
  2
LiberationSans-BoldItalic
 70
0
 40
0.0
 41
1.0
 50
0.0
 71
0
 42
2.5
  3
LiberationSans-BoldItalic.ttf
  4

  0
STYLE
  5
51
330
5
100
AcDbSymbolTableRecord
100
AcDbTextStyleTableRecord
  2
LiberationSans-Italic
 70
0
 40
0.0
 41
1.0
 50
0.0
 71
0
 42
2.5
  3
LiberationSans-Italic.ttf
  4

  0
STYLE
  5
52
330
5
100
AcDbSymbolTableRecord
100
AcDbTextStyleTableRecord
  2
LiberationSerif
 70
0
 40
0.0
 41
1.0
 50
0.0
 71
0
 42
2.5
  3
LiberationSerif-Regular.ttf
  4

  0
STYLE
  5
53
330
5
100
AcDbSymbolTableRecord
100
AcDbTextStyleTableRecord
  2
LiberationSerif-Bold
 70
0
 40
0.0
 41
1.0
 50
0.0
 71
0
 42
2.5
  3
LiberationSerif-Bold.ttf
  4

  0
STYLE
  5
54
330
5
100
AcDbSymbolTableRecord
100
AcDbTextStyleTableRecord
  2
LiberationSerif-BoldItalic
 70
0
 40
0.0
 41
1.0
 50
0.0
 71
0
 42
2.5
  3
LiberationSerif-BoldItalic.ttf
  4

  0
STYLE
  5
55
330
5
100
AcDbSymbolTableRecord
100
AcDbTextStyleTableRecord
  2
LiberationSerif-Italic
 70
0
 40
0.0
 41
1.0
 50
0.0
 71
0
 42
2.5
  3
LiberationSerif-Italic.ttf
  4

  0
STYLE
  5
56
330
5
100
AcDbSymbolTableRecord
100
AcDbTextStyleTableRecord
  2
LiberationMono
 70
0
 40
0.0
 41
1.0
 50
0.0
 71
0
 42
2.5
  3
LiberationMono-Regular.ttf
  4

  0
STYLE
  5
57
330
5
100
AcDbSymbolTableRecord
100
AcDbTextStyleTableRecord
  2
LiberationMono-Bold
 70
0
 40
0.0
 41
1.0
 50
0.0
 71
0
 42
2.5
  3
LiberationMono-Bold.ttf
  4

  0
STYLE
  5
58
330
5
100
AcDbSymbolTableRecord
100
AcDbTextStyleTableRecord
  2
LiberationMono-BoldItalic
 70
0
 40
0.0
 41
1.0
 50
0.0
 71
0
 42
2.5
  3
LiberationMono-BoldItalic.ttf
  4

  0
STYLE
  5
59
330
5
100
AcDbSymbolTableRecord
100
AcDbTextStyleTableRecord
  2
LiberationMono-Italic
 70
0
 40
0.0
 41
1.0
 50
0.0
 71
0
 42
2.5
  3
LiberationMono-Italic.ttf
  4

  0
ENDTAB
  0
TABLE
  2
VIEW
  5
7
330
0
100
AcDbSymbolTable
 70
0
  0
ENDTAB
  0
TABLE
  2
UCS
  5
6
330
0
100
AcDbSymbolTable
 70
0
  0
ENDTAB
  0
TABLE
  2
APPID
  5
3
330
0
100
AcDbSymbolTable
 70
4
  0
APPID
  5
2A
330
3
100
AcDbSymbolTableRecord
100
AcDbRegAppTableRecord
  2
ACAD
 70
0
  0
APPID
  5
8B
330
3
100
AcDbSymbolTableRecord
100
AcDbRegAppTableRecord
  2
AcAecLayerStandard
 70
0
  0
APPID
  5
50E
330
3
100
AcDbSymbolTableRecord
100
AcDbRegAppTableRecord
  2
HATCHBACKGROUNDCOLOR
 70
0
  0
APPID
  5
50F
330
3
100
AcDbSymbolTableRecord
100
AcDbRegAppTableRecord
  2
EZDXF
 70
0
  0
ENDTAB
  0
TABLE
  2
DIMSTYLE
  5
4
330
0
100
AcDbSymbolTable
 70
14
100
AcDbDimStyleTable
  0
DIMSTYLE
105
2B
330
4
100
AcDbSymbolTableRecord
100
AcDbDimStyleTableRecord
  2
Standard
 70
0
 40
1.0
 41
2.5
 42
0.625
 43
3.75
 44
1.25
 45
0.0
 46
0.0
 47
0.0
 48
0.0
 49
2.5
140
2.5
141
2.5
142
0.0
143
0.03937007874
144
1.0
145
0.0
146
1.0
147
0.625
148
0.0
 69
0
 70
0
 71
0
 72
0
 73
0
 74
0
 75
0
 76
0
 77
1
 78
8
 79
3
170
0
171
3
172
1
173
0
174
0
175
0
176
0
177
0
178
0
179
2
271
2
272
2
273
2
274
3
275
0
276
0
277
2
278
44
279
0
280
0
281
0
282
0
283
0
284
8
285
0
286
0
288
0
289
3
290
0
371
-2
372
-2
  0
DIMSTYLE
105
73
330
4
100
AcDbSymbolTableRecord
100
AcDbDimStyleTableRecord
  2
EZDXF
 70
0
 40
1.0
 41
0.175
 42
0.125
 43
3.75
 44
0.375
 45
0.0
 46
0.0
 47
0.0
 48
0.0
 49
2.5
140
0.25
141
2.5
142
0.0
143
0.03937007874
144
100.0
145
0.0
146
0.5
147
0.1
148
0.0
 69
0
 70
0
 71
0
 72
0
 73
0
 74
0
 75
0
 76
0
 77
1
 78
12
 79
3
170
0
171
3
172
1
173
0
174
0
175
0
176
0
177
0
178
0
179
2
271
2
272
2
273
2
274
3
275
0
276
0
277
2
278
46
279
2
280
0
281
0
282
0
283
0
284
8
285
0
286
0
288
1
289
3
290
0
340
4C
342
74
371
-2
372
-2
  0
DIMSTYLE
105
7C
330
4
100
AcDbSymbolTableRecord
100
AcDbDimStyleTableRecord
  2
EZ_M_100_H25_CM
 70
0
 40
1.0
 41
0.25
 42
0.125
 43
3.75
 44
0.375
 45
0.0
 46
0.0
 47
0.0
 48
0.0
 49
2.5
140
0.25
141
2.5
142
0.125
143
0.03937007874
144
100.0
145
0.0
146
0.5
147
0.1
148
0.0
 69
0
 70
0
 71
0
 72
0
 73
0
 74
0
 75
0
 76
0
 77
1
 78
12
 79
3
170
0
171
3
172
1
173
0
174
0
175
0
176
0
177
0
178
0
179
2
271
2
272
2
273
2
274
3
275
0
276
0
277
2
278
46
279
2
280
0
281
0
282
0
283
0
284
8
285
0
286
0
288
1
289
3
290
0
340
4C
371
-2
372
-2
  0
DIMSTYLE
105
7D
330
4
100
AcDbSymbolTableRecord
100
AcDbDimStyleTableRecord
  2
EZ_M_50_H25_CM
 70
0
 40
1.0
 41
0.125
 42
0.0625
 43
3.75
 44
0.1875
 45
0.0
 46
0.0
 47
0.0
 48
0.0
 49
2.5
140
0.125
141
2.5
142
0.0625
143
0.03937007874
144
100.0
145
0.0
146
0.5
147
0.05
148
0.0
 69
0
 70
0
 71
0
 72
0
 73
0
 74
0
 75
0
 76
0
 77
1
 78
12
 79
3
170
0
171
3
172
1
173
0
174
0
175
0
176
0
177
0
178
0
179
2
271
2
272
2
273
2
274
3
275
0
276
0
277
2
278
46
279
2
280
0
281
0
282
0
283
0
284
8
285
0
286
0
288
1
289
3
290
0
340
4C
371
-2
372
-2
  0
DIMSTYLE
105
7E
330
4
100
AcDbSymbolTableRecord
100
AcDbDimStyleTableRecord
  2
EZ_M_25_H25_CM
 70
0
 40
1.0
 41
0.0625
 42
0.03125
 43
3.75
 44
0.09375
 45
0.0
 46
0.0
 47
0.0
 48
0.0
 49
2.5
140
0.0625
141
2.5
142
0.03125
143
0.03937007874
144
100.0
145
0.0
146
0.5
147
0.025
148
0.0
 69
0
 70
0
 71
0
 72
0
 73
0
 74
0
 75
0
 76
0
 77
1
 78
12
 79
3
170
0
171
3
172
1
173
0
174
0
175
0
176
0
177
0
178
0
179
2
271
2
272
2
273
2
274
3
275
0
276
0
277
2
278
46
279
2
280
0
281
0
282
0
283
0
284
8
285
0
286
0
288
1
289
3
290
0
340
4C
371
-2
372
-2
  0
DIMSTYLE
105
7F
330
4
100
AcDbSymbolTableRecord
100
AcDbDimStyleTableRecord
  2
EZ_M_20_H25_CM
 70
0
 40
1.0
 41
0.05
 42
0.025
 43
3.75
 44
0.07500000000000001
 45
0.0
 46
0.0
 47
0.0
 48
0.0
 49
2.5
140
0.05
141
2.5
142
0.025
143
0.03937007874
144
100.0
145
0.0
146
0.5
147
0.020000000000000004
148
0.0
 69
0
 70
0
 71
0
 72
0
 73
0
 74
0
 75
0
 76
0
 77
1
 78
12
 79
3
170
0
171
3
172
1
173
0
174
0
175
0
176
0
177
0
178
0
179
2
271
2
272
2
273
2
274
3
275
0
276
0
277
2
278
46
279
2
280
0
281
0
282
0
283
0
284
8
285
0
286
0
288
1
289
3
290
0
340
4C
371
-2
372
-2
  0
DIMSTYLE
105
80
330
4
100
AcDbSymbolTableRecord
100
AcDbDimStyleTableRecord
  2
EZ_M_10_H25_CM
 70
0
 40
1.0
 41
0.025
 42
0.0125
 43
3.75
 44
0.037500000000000006
 45
0.0
 46
0.0
 47
0.0
 48
0.0
 49
2.5
140
0.025
141
2.5
142
0.0125
143
0.03937007874
144
100.0
145
0.0
146
0.5
147
0.010000000000000002
148
0.0
 69
0
 70
0
 71
0
 72
0
 73
0
 74
0
 75
0
 76
0
 77
1
 78
12
 79
3
170
0
171
3
172
1
173
0
174
0
175
0
176
0
177
0
178
0
179
2
271
2
272
2
273
2
274
3
275
0
276
0
277
2
278
46
279
2
280
0
281
0
282
0
283
0
284
8
285
0
286
0
288
1
289
3
290
0
340
4C
371
-2
372
-2
  0
DIMSTYLE
105
81
330
4
100
AcDbSymbolTableRecord
100
AcDbDimStyleTableRecord
  2
EZ_M_5_H25_CM
 70
0
 40
1.0
 41
0.0125
 42
0.00625
 43
3.75
 44
0.018750000000000003
 45
0.0
 46
0.0
 47
0.0
 48
0.0
 49
2.5
140
0.0125
141
2.5
142
0.00625
143
0.03937007874
144
100.0
145
0.0
146
0.5
147
0.005000000000000001
148
0.0
 69
0
 70
0
 71
0
 72
0
 73
0
 74
0
 75
0
 76
0
 77
1
 78
12
 79
3
170
0
171
3
172
1
173
0
174
0
175
0
176
0
177
0
178
0
179
2
271
2
272
2
273
2
274
3
275
0
276
0
277
2
278
46
279
2
280
0
281
0
282
0
283
0
284
8
285
0
286
0
288
1
289
3
290
0
340
4C
371
-2
372
-2
  0
DIMSTYLE
105
82
330
4
100
AcDbSymbolTableRecord
100
AcDbDimStyleTableRecord
  2
EZ_M_1_H25_CM
 70
0
 40
1.0
 41
0.0025
 42
0.00125
 43
3.75
 44
0.00375
 45
0.0
 46
0.0
 47
0.0
 48
0.0
 49
2.5
140
0.0025
141
2.5
142
0.00125
143
0.03937007874
144
100.0
145
0.0
146
0.5
147
0.001
148
0.0
 69
0
 70
0
 71
0
 72
0
 73
0
 74
0
 75
0
 76
0
 77
1
 78
12
 79
3
170
0
171
3
172
1
173
0
174
0
175
0
176
0
177
0
178
0
179
2
271
2
272
2
273
2
274
3
275
0
276
0
277
2
278
46
279
2
280
0
281
0
282
0
283
0
284
8
285
0
286
0
288
1
289
3
290
0
340
4C
371
-2
372
-2
  0
DIMSTYLE
105
83
330
4
100
AcDbSymbolTableRecord
100
AcDbDimStyleTableRecord
  2
EZ_RADIUS
 70
0
 40
1.0
 41
0.25
 42
0.125
 43
3.75
 44
0.375
 45
0.0
 46
0.0
 47
0.0
 48
0.0
 49
2.5
140
0.25
141
0.0
142
0.0
143
0.03937007874
144
100.0
145
0.0
146
0.5
147
0.1
148
0.0
 69
0
 70
0
 71
0
 72
0
 73
0
 74
0
 75
0
 76
0
 77
1
 78
12
 79
3
170
0
171
3
172
0
173
0
174
0
175
0
176
0
177
0
178
0
179
2
271
2
272
2
273
2
274
3
275
0
276
0
277
2
278
46
279
1
280
0
281
0
282
0
283
0
284
8
285
0
286
0
288
1
289
3
290
0
340
4C
342
84
371
-2
372
-2
  0
DIMSTYLE
105
88
330
4
100
AcDbSymbolTableRecord
100
AcDbDimStyleTableRecord
  2
EZ_RADIUS_INSIDE
 70
0
 40
1.0
 41
0.25
 42
0.125
 43
3.75
 44
0.375
 45
0.0
 46
0.0
 47
0.0
 48
0.0
 49
2.5
140
0.25
141
0.0
142
0.0
143
0.03937007874
144
100.0
145
0.0
146
0.5
147
0.1
148
0.0
 69
0
 70
0
 71
0
 72
0
 73
0
 74
0
 75
0
 76
0
 77
0
 78
12
 79
3
170
0
171
3
172
0
173
0
174
1
175
0
176
0
177
0
178
0
179
2
271
2
272
2
273
2
274
3
275
0
276
0
277
2
278
46
279
0
280
0
281
0
282
0
283
0
284
8
285
0
286
0
288
1
289
0
290
0
340
4C
342
84
371
-2
372
-2
  0
DIMSTYLE
105
89
330
4
100
AcDbSymbolTableRecord
100
AcDbDimStyleTableRecord
  2
EZ_CURVED
 70
0
 40
1.0
 41
0.25
 42
0.125
 43
3.75
 44
0.375
 45
0.0
 46
0.0
 47
0.0
 48
0.0
 49
2.5
140
0.25
141
2.5
142
0.0
143
0.03937007874
144
100.0
145
0.0
146
0.5
147
0.1
148
0.0
 69
0
 70
0
 71
0
 72
0
 73
0
 74
0
 75
0
 76
0
 77
1
 78
12
 79
2
 90
2
170
0
171
3
172
1
173
0
174
0
175
0
176
0
177
0
178
0
179
2
271
2
272
2
273
2
274
3
275
0
276
0
277
2
278
46
279
2
280
0
281
0
282
0
283
0
284
8
285
0
286
0
288
1
289
3
290
0
340
4C
371
-2
372
-2
  0
DIMSTYLE
105
A3
330
4
100
AcDbSymbolTableRecord
100
AcDbDimStyleTableRecord
  2
SC-DIM
 70
0
 40
1.0
 41
1.6
 42
1.0
 43
3.75
 44
1.2
 45
0.0
 46
0.0
 47
0.0
 48
0.0
 49
2.5
140
1.8
141
2.5
142
0.0
143
0.03937007874
144
1.0
145
0.0
146
1.0
147
0.8
148
0.0
 69
0
 70
0
 71
0
 72
0
 73
0
 74
0
 75
0
 76
0
 77
1
 78
8
 79
3
170
0
171
3
172
1
173
0
174
0
175
0
176
4
177
4
178
4
179
2
271
0
272
2
273
2
274
3
275
0
276
0
277
2
278
44
279
0
280
0
281
0
282
0
283
0
284
8
285
0
286
0
288
0
289
3
290
0
342
74
371
13
372
13
  0
DIMSTYLE
105
A4
330
4
100
AcDbSymbolTableRecord
100
AcDbDimStyleTableRecord
  2
SC-DIM-S
 70
0
 40
1.0
 41
1.2
 42
1.0
 43
3.75
 44
1.2
 45
0.0
 46
0.0
 47
0.0
 48
0.0
 49
2.5
140
1.4
141
2.5
142
0.0
143
0.03937007874
144
1.0
145
0.0
146
1.0
147
0.8
148
0.0
 69
0
 70
0
 71
0
 72
0
 73
0
 74
0
 75
0
 76
0
 77
1
 78
8
 79
3
170
0
171
3
172
1
173
0
174
0
175
0
176
4
177
4
178
4
179
2
271
0
272
2
273
2
274
3
275
0
276
0
277
2
278
44
279
0
280
0
281
0
282
0
283
0
284
8
285
0
286
0
288
0
289
3
290
0
342
74
371
13
372
13
  0
ENDTAB
  0
TABLE
  2
BLOCK_RECORD
  5
9
330
0
100
AcDbSymbolTable
 70
9
  0
BLOCK_RECORD
  5
17
330
9
100
AcDbSymbolTableRecord
100
AcDbBlockTableRecord
  2
*Model_Space
340
1A
 70
0
280
1
281
0
  0
BLOCK_RECORD
  5
1B
330
9
100
AcDbSymbolTableRecord
100
AcDbBlockTableRecord
  2
*Paper_Space
340
1E
 70
0
280
1
281
0
  0
BLOCK_RECORD
  5
74
330
9
100
AcDbSymbolTableRecord
100
AcDbBlockTableRecord
  2
_ARCHTICK
340
0
 70
0
280
1
281
0
  0
BLOCK_RECORD
  5
78
330
9
100
AcDbSymbolTableRecord
100
AcDbBlockTableRecord
  2
_CLOSEDFILLED
340
0
 70
0
280
1
281
0
  0
BLOCK_RECORD
  5
84
330
9
100
AcDbSymbolTableRecord
100
AcDbBlockTableRecord
  2
_CLOSEDBLANK
340
0
 70
0
280
1
281
0
  0
BLOCK_RECORD
  5
A5
330
9
100
AcDbSymbolTableRecord
100
AcDbBlockTableRecord
  2
BARMARK
340
0
 70
0
280
1
281
0
  0
BLOCK_RECORD
  5
A9
330
9
100
AcDbSymbolTableRecord
100
AcDbBlockTableRecord
  2
SECMARK
340
0
 70
0
280
1
281
0
  0
BLOCK_RECORD
  5
AE
330
9
100
AcDbSymbolTableRecord
100
AcDbBlockTableRecord
  2
LEVELMK
340
0
 70
0
280
1
281
0
  0
BLOCK_RECORD
  5
B2
330
9
100
AcDbSymbolTableRecord
100
AcDbBlockTableRecord
  2
NORTH
340
0
 70
0
280
1
281
0
  0
ENDTAB
  0
ENDSEC
  0
SECTION
  2
BLOCKS
  0
BLOCK
  5
18
330
17
100
AcDbEntity
  8
0
100
AcDbBlockBegin
  2
*Model_Space
 70
0
 10
0.0
 20
0.0
 30
0.0
  3
*Model_Space
  1

  0
ENDBLK
  5
19
330
17
100
AcDbEntity
  8
0
100
AcDbBlockEnd
  0
BLOCK
  5
1C
330
1B
100
AcDbEntity
  8
0
100
AcDbBlockBegin
  2
*Paper_Space
 70
0
 10
0.0
 20
0.0
 30
0.0
  3
*Paper_Space
  1

  0
ENDBLK
  5
1D
330
1B
100
AcDbEntity
  8
0
100
AcDbBlockEnd
  0
BLOCK
  5
75
330
74
100
AcDbEntity
  8
0
100
AcDbBlockBegin
  2
_ARCHTICK
 70
0
 10
0.0
 20
0.0
 30
0.0
  3
_ARCHTICK
  1

  0
LWPOLYLINE
  5
77
330
74
100
AcDbEntity
  8
0
  6
BYBLOCK
 62
0
100
AcDbPolyline
 90
2
 70
0
 43
0.15
 10
-0.5
 20
-0.5
 10
0.5
 20
0.5
  0
ENDBLK
  5
76
330
74
100
AcDbEntity
  8
0
100
AcDbBlockEnd
  0
BLOCK
  5
79
330
78
100
AcDbEntity
  8
0
100
AcDbBlockBegin
  2
_CLOSEDFILLED
 70
0
 10
0.0
 20
0.0
 30
0.0
  3
_CLOSEDFILLED
  1

  0
SOLID
  5
7B
330
78
100
AcDbEntity
  8
0
  6
BYBLOCK
 62
0
100
AcDbTrace
 10
-1.0
 20
0.16439898372402537
 30
0.0
 11
0.0
 21
0.0
 31
0.0
 12
-1.0
 22
-0.16439898372402537
 32
0.0
 13
-1.0
 23
-0.16439898372402537
 33
0.0
  0
ENDBLK
  5
7A
330
78
100
AcDbEntity
  8
0
100
AcDbBlockEnd
  0
BLOCK
  5
85
330
84
100
AcDbEntity
  8
0
100
AcDbBlockBegin
  2
_CLOSEDBLANK
 70
0
 10
0.0
 20
0.0
 30
0.0
  3
_CLOSEDBLANK
  1

  0
LWPOLYLINE
  5
87
330
84
100
AcDbEntity
  8
0
  6
BYBLOCK
 62
0
100
AcDbPolyline
 90
3
 70
1
 10
-1.0
 20
0.16439898372402537
 10
0.0
 20
0.0
 10
-1.0
 20
-0.16439898372402537
  0
ENDBLK
  5
86
330
84
100
AcDbEntity
  8
0
100
AcDbBlockEnd
  0
BLOCK
  5
A6
330
A5
100
AcDbEntity
  8
0
100
AcDbBlockBegin
  2
BARMARK
 70
0
 10
0.0
 20
0.0
 30
0.0
  3
BARMARK
  1

  0
CIRCLE
  5
A8
330
A5
100
AcDbEntity
  8
S-CALLOUT
100
AcDbCircle
 10
0.0
 20
0.0
 30
0.0
 40
3.2
  0
ENDBLK
  5
A7
330
A5
100
AcDbEntity
  8
0
100
AcDbBlockEnd
  0
BLOCK
  5
AA
330
A9
100
AcDbEntity
  8
0
100
AcDbBlockBegin
  2
SECMARK
 70
0
 10
0.0
 20
0.0
 30
0.0
  3
SECMARK
  1

  0
CIRCLE
  5
AC
330
A9
100
AcDbEntity
  8
S-SECTION
100
AcDbCircle
 10
0.0
 20
0.0
 30
0.0
 40
4.0
  0
LINE
  5
AD
330
A9
100
AcDbEntity
  8
S-SECTION
100
AcDbLine
 10
-4.0
 20
0.0
 30
0.0
 11
4.0
 21
0.0
 31
0.0
  0
ENDBLK
  5
AB
330
A9
100
AcDbEntity
  8
0
100
AcDbBlockEnd
  0
BLOCK
  5
AF
330
AE
100
AcDbEntity
  8
0
100
AcDbBlockBegin
  2
LEVELMK
 70
0
 10
0.0
 20
0.0
 30
0.0
  3
LEVELMK
  1

  0
LWPOLYLINE
  5
B1
330
AE
100
AcDbEntity
  8
S-LEVEL
100
AcDbPolyline
 90
4
 70
1
 10
0.0
 20
0.0
 10
-2.0
 20
3.0
 10
2.0
 20
3.0
 10
0.0
 20
0.0
  0
ENDBLK
  5
B0
330
AE
100
AcDbEntity
  8
0
100
AcDbBlockEnd
  0
BLOCK
  5
B3
330
B2
100
AcDbEntity
  8
0
100
AcDbBlockBegin
  2
NORTH
 70
0
 10
0.0
 20
0.0
 30
0.0
  3
NORTH
  1

  0
LWPOLYLINE
  5
B5
330
B2
100
AcDbEntity
  8
S-TITLE
100
AcDbPolyline
 90
5
 70
1
 10
0.0
 20
10.0
 10
-3.2
 20
-6.0
 10
0.0
 20
-2.4
 10
3.2
 20
-6.0
 10
0.0
 20
10.0
  0
CIRCLE
  5
B6
330
B2
100
AcDbEntity
  8
S-TITLE
100
AcDbCircle
 10
0.0
 20
0.0
 30
0.0
 40
12.0
  0
ENDBLK
  5
B4
330
B2
100
AcDbEntity
  8
0
100
AcDbBlockEnd
  0
ENDSEC
  0
SECTION
  2
ENTITIES
  0
LWPOLYLINE
  5
B7
330
17
100
AcDbEntity
  8
S-TITLE
100
AcDbPolyline
 90
4
 70
1
 10
0.0
 20
0.0
 10
841.0
 20
0.0
 10
841.0
 20
594.0
 10
0.0
 20
594.0
  0
LWPOLYLINE
  5
B8
330
17
100
AcDbEntity
  8
S-TITLE
100
AcDbPolyline
 90
4
 70
1
 10
10.0
 20
10.0
 10
831.0
 20
10.0
 10
831.0
 20
584.0
 10
10.0
 20
584.0
  0
TEXT
  5
B9
330
17
100
AcDbEntity
  8
S-TITLE
100
AcDbText
 10
12.0
 20
576.5
 30
0.0
 40
5.0
  1
STRUCTURAL CAD - REINFORCEMENT PACKAGE
  7
OpenSans
 11
12.0
 21
576.5
 31
0.0
100
AcDbText
  0
TEXT
  5
BA
330
17
100
AcDbEntity
  8
S-TITLE
100
AcDbText
 10
12.0
 20
569.5
 30
0.0
 40
2.4
  1
R-004   REINFORCEMENT SCHEDULE
  7
OpenSans
 11
12.0
 21
569.5
 31
0.0
100
AcDbText
  0
LINE
  5
BB
330
17
100
AcDbEntity
  8
S-TITLE
100
AcDbLine
 10
10.0
 20
566.5
 30
0.0
 11
831.0
 21
566.5
 31
0.0
  0
TEXT
  5
BC
330
17
100
AcDbEntity
  8
S-BLAST
100
AcDbText
 10
829.0
 20
577.0
 30
0.0
 40
2.0
  1
SENTRY POST EXCLUDED FROM THIS PACKAGE
  7
OpenSans
 72
2
 11
829.0
 21
577.0
 31
0.0
100
AcDbText
  0
TEXT
  5
BD
330
17
100
AcDbEntity
  8
S-BLAST
100
AcDbText
 10
829.0
 20
570.5
 30
0.0
 40
1.4
  1
ALL DESIGN ACTIONS ARE MANUAL CALCULATION - NOT DIRECT STAAD OUTPUT
  7
OpenSans
 72
2
 11
829.0
 21
570.5
 31
0.0
100
AcDbText
  0
LWPOLYLINE
  5
BE
330
17
100
AcDbEntity
  8
S-TABLE
100
AcDbPolyline
 90
4
 70
1
 10
16.0
 20
536.4
 10
218.0
 20
536.4
 10
218.0
 20
544.0
 10
16.0
 20
544.0
  0
TEXT
  5
BF
330
17
100
AcDbEntity
  8
S-TABLE
100
AcDbText
 10
17.4
 20
539.4660959775999
 30
0.0
 40
1.4678080447999995
  1
MARK
  7
OpenSans
 11
17.4
 21
539.4660959775999
 31
0.0
100
AcDbText
  0
TEXT
  5
C0
330
17
100
AcDbEntity
  8
S-TABLE
100
AcDbText
 10
33.4
 20
539.4660959775999
 30
0.0
 40
1.4678080447999995
  1
DIA
  7
OpenSans
 11
33.4
 21
539.4660959775999
 31
0.0
100
AcDbText
  0
TEXT
  5
C1
330
17
100
AcDbEntity
  8
S-TABLE
100
AcDbText
 10
44.4
 20
539.4660959775999
 30
0.0
 40
1.4678080447999995
  1
SHP
  7
OpenSans
 11
44.4
 21
539.4660959775999
 31
0.0
100
AcDbText
  0
TEXT
  5
C2
330
17
100
AcDbEntity
  8
S-TABLE
100
AcDbText
 10
54.4
 20
539.4660959775999
 30
0.0
 40
1.4678080447999995
  1
SPAC
  7
OpenSans
 11
54.4
 21
539.4660959775999
 31
0.0
100
AcDbText
  0
TEXT
  5
C3
330
17
100
AcDbEntity
  8
S-TABLE
100
AcDbText
 10
67.4
 20
539.4660959775999
 30
0.0
 40
1.4678080447999995
  1
No.
  7
OpenSans
 11
67.4
 21
539.4660959775999
 31
0.0
100
AcDbText
  0
TEXT
  5
C4
330
17
100
AcDbEntity
  8
S-TABLE
100
AcDbText
 10
80.4
 20
539.4660959775999
 30
0.0
 40
1.4678080447999995
  1
CUT
  7
OpenSans
 11
80.4
 21
539.4660959775999
 31
0.0
100
AcDbText
  0
TEXT
  5
C5
330
17
100
AcDbEntity
  8
S-TABLE
100
AcDbText
 10
96.4
 20
539.4660959775999
 30
0.0
 40
1.4678080447999995
  1
TOT m
  7
OpenSans
 11
96.4
 21
539.4660959775999
 31
0.0
100
AcDbText
  0
TEXT
  5
C6
330
17
100
AcDbEntity
  8
S-TABLE
100
AcDbText
 10
113.4
 20
539.4660959775999
 30
0.0
 40
1.4678080447999995
  1
kg
  7
OpenSans
 11
113.4
 21
539.4660959775999
 31
0.0
100
AcDbText
  0
TEXT
  5
C7
330
17
100
AcDbEntity
  8
S-TABLE
100
AcDbText
 10
131.4
 20
539.4660959775999
 30
0.0
 40
1.4678080447999995
  1
ELEMENT / LOCATION
  7
OpenSans
 11
131.4
 21
539.4660959775999
 31
0.0
100
AcDbText
  0
TEXT
  5
C8
330
17
100
AcDbEntity
  8
S-TABLE
100
AcDbText
 10
17.4
 20
531.8660959775999
 30
0.0
 40
1.4678080447999995
  1
F01
  7
OpenSans
 11
17.4
 21
531.8660959775999
 31
0.0
100
AcDbText
  0
TEXT
  5
C9
330
17
100
AcDbEntity
  8
S-TABLE
100
AcDbText
 10
33.4
 20
531.8660959775999
 30
0.0
 40
1.4678080447999995
  1
T16
  7
OpenSans
 11
33.4
 21
531.8660959775999
 31
0.0
100
AcDbText
  0
TEXT
  5
CA
330
17
100
AcDbEntity
  8
S-TABLE
100
AcDbText
 10
44.4
 20
531.8660959775999
 30
0.0
 40
1.4678080447999995
  1
00
  7
OpenSans
 11
44.4
 21
531.8660959775999
 31
0.0
100
AcDbText
  0
TEXT
  5
CB
330
17
100
AcDbEntity
  8
S-TABLE
100
AcDbText
 10
54.4
 20
531.8660959775999
 30
0.0
 40
1.4678080447999995
  1
150
  7
OpenSans
 11
54.4
 21
531.8660959775999
 31
0.0
100
AcDbText
  0
TEXT
  5
CC
330
17
100
AcDbEntity
  8
S-TABLE
100
AcDbText
 10
67.4
 20
531.8660959775999
 30
0.0
 40
1.4678080447999995
  1
82
  7
OpenSans
 11
67.4
 21
531.8660959775999
 31
0.0
100
AcDbText
  0
TEXT
  5
CD
330
17
100
AcDbEntity
  8
S-TABLE
100
AcDbText
 10
80.4
 20
531.8660959775999
 30
0.0
 40
1.4678080447999995
  1
11350
  7
OpenSans
 11
80.4
 21
531.8660959775999
 31
0.0
100
AcDbText
  0
TEXT
  5
CE
330
17
100
AcDbEntity
  8
S-TABLE
100
AcDbText
 10
96.4
 20
531.8660959775999
 30
0.0
 40
1.4678080447999995
  1
930.7
  7
OpenSans
 11
96.4
 21
531.8660959775999
 31
0.0
100
AcDbText
  0
TEXT
  5
CF
330
17
100
AcDbEntity
  8
S-TABLE
100
AcDbText
 10
113.4
 20
531.8660959775999
 30
0.0
 40
1.4678080447999995
  1
1469
  7
OpenSans
 11
113.4
 21
531.8660959775999
 31
0.0
100
AcDbText
  0
TEXT
  5
D0
330
17
100
AcDbEntity
  8
S-TABLE
100
AcDbText
 10
131.4
 20
531.8660959775999
 30
0.0
 40
1.4678080447999995
  1
MAT 600 - BOTTOM, LONGITUDINAL (X)
  7
OpenSans
 11
131.4
 21
531.8660959775999
 31
0.0
100
AcDbText
  0
LINE
  5
D1
330
17
100
AcDbEntity
  8
S-TABLE
100
AcDbLine
 10
16.0
 20
528.8
 30
0.0
 11
218.0
 21
528.8
 31
0.0
  0
TEXT
  5
D2
330
17
100
AcDbEntity
  8
S-TABLE
100
AcDbText
 10
17.4
 20
524.2660959775999
 30
0.0
 40
1.4678080447999995
  1
F02
  7
OpenSans
 11
17.4
 21
524.2660959775999
 31
0.0
100
AcDbText
  0
TEXT
  5
D3
330
17
100
AcDbEntity
  8
S-TABLE
100
AcDbText
 10
33.4
 20
524.2660959775999
 30
0.0
 40
1.4678080447999995
  1
T16
  7
OpenSans
 11
33.4
 21
524.2660959775999
 31
0.0
100
AcDbText
  0
TEXT
  5
D4
330
17
100
AcDbEntity
  8
S-TABLE
100
AcDbText
 10
44.4
 20
524.2660959775999
 30
0.0
 40
1.4678080447999995
  1
00
  7
OpenSans
 11
44.4
 21
524.2660959775999
 31
0.0
100
AcDbText
  0
TEXT
  5
D5
330
17
100
AcDbEntity
  8
S-TABLE
100
AcDbText
 10
54.4
 20
524.2660959775999
 30
0.0
 40
1.4678080447999995
  1
150
  7
OpenSans
 11
54.4
 21
524.2660959775999
 31
0.0
100
AcDbText
  0
TEXT
  5
D6
330
17
100
AcDbEntity
  8
S-TABLE
100
AcDbText
 10
67.4
 20
524.2660959775999
 30
0.0
 40
1.4678080447999995
  1
147
  7
OpenSans
 11
67.4
 21
524.2660959775999
 31
0.0
100
AcDbText
  0
TEXT
  5
D7
330
17
100
AcDbEntity
  8
S-TABLE
100
AcDbText
 10
80.4
 20
524.2660959775999
 30
0.0
 40
1.4678080447999995
  1
6100
  7
OpenSans
 11
80.4
 21
524.2660959775999
 31
0.0
100
AcDbText
  0
TEXT
  5
D8
330
17
100
AcDbEntity
  8
S-TABLE
100
AcDbText
 10
96.4
 20
524.2660959775999
 30
0.0
 40
1.4678080447999995
  1
896.7
  7
OpenSans
 11
96.4
 21
524.2660959775999
 31
0.0
100
AcDbText
  0
TEXT
  5
D9
330
17
100
AcDbEntity
  8
S-TABLE
100
AcDbText
 10
113.4
 20
524.2660959775999
 30
0.0
 40
1.4678080447999995
  1
1415
  7
OpenSans
 11
113.4
 21
524.2660959775999
 31
0.0
100
AcDbText
  0
TEXT
  5
DA
330
17
100
AcDbEntity
  8
S-TABLE
100
AcDbText
 10
131.4
 20
524.2660959775999
 30
0.0
 40
1.4678080447999995
  1
MAT 600 - BOTTOM, TRANSVERSE (Y)
  7
OpenSans
 11
131.4
 21
524.2660959775999
 31
0.0
100
AcDbText
  0
LINE
  5
DB
330
17
100
AcDbEntity
  8
S-TABLE
100
AcDbLine
 10
16.0
 20
521.1999999999999
 30
0.0
 11
218.0
 21
521.1999999999999
 31
0.0
  0
TEXT
  5
DC
330
17
100
AcDbEntity
  8
S-TABLE
100
AcDbText
 10
17.4
 20
516.6660959775999
 30
0.0
 40
1.4678080447999995
  1
F03
  7
OpenSans
 11
17.4
 21
516.6660959775999
 31
0.0
100
AcDbText
  0
TEXT
  5
DD
330
17
100
AcDbEntity
  8
S-TABLE
100
AcDbText
 10
33.4
 20
516.6660959775999
 30
0.0
 40
1.4678080447999995
  1
T16
  7
OpenSans
 11
33.4
 21
516.6660959775999
 31
0.0
100
AcDbText
  0
TEXT
  5
DE
330
17
100
AcDbEntity
  8
S-TABLE
100
AcDbText
 10
44.4
 20
516.6660959775999
 30
0.0
 40
1.4678080447999995
  1
00
  7
OpenSans
 11
44.4
 21
516.6660959775999
 31
0.0
100
AcDbText
  0
TEXT
  5
DF
330
17
100
AcDbEntity
  8
S-TABLE
100
AcDbText
 10
54.4
 20
516.6660959775999
 30
0.0
 40
1.4678080447999995
  1
150
  7
OpenSans
 11
54.4
 21
516.6660959775999
 31
0.0
100
AcDbText
  0
TEXT
  5
E0
330
17
100
AcDbEntity
  8
S-TABLE
100
AcDbText
 10
67.4
 20
516.6660959775999
 30
0.0
 40
1.4678080447999995
  1
82
  7
OpenSans
 11
67.4
 21
516.6660959775999
 31
0.0
100
AcDbText
  0
TEXT
  5
E1
330
17
100
AcDbEntity
  8
S-TABLE
100
AcDbText
 10
80.4
 20
516.6660959775999
 30
0.0
 40
1.4678080447999995
  1
11350
  7
OpenSans
 11
80.4
 21
516.6660959775999
 31
0.0
100
AcDbText
  0
TEXT
  5
E2
330
17
100
AcDbEntity
  8
S-TABLE
100
AcDbText
 10
96.4
 20
516.6660959775999
 30
0.0
 40
1.4678080447999995
  1
930.7
  7
OpenSans
 11
96.4
 21
516.6660959775999
 31
0.0
100
AcDbText
  0
TEXT
  5
E3
330
17
100
AcDbEntity
  8
S-TABLE
100
AcDbText
 10
113.4
 20
516.6660959775999
 30
0.0
 40
1.4678080447999995
  1
1469
  7
OpenSans
 11
113.4
 21
516.6660959775999
 31
0.0
100
AcDbText
  0
TEXT
  5
E4
330
17
100
AcDbEntity
  8
S-TABLE
100
AcDbText
 10
131.4
 20
516.6660959775999
 30
0.0
 40
1.4678080447999995
  1
MAT 600 - TOP, LONGITUDINAL (X)
  7
OpenSans
 11
131.4
 21
516.6660959775999
 31
0.0
100
AcDbText
  0
LINE
  5
E5
330
17
100
AcDbEntity
  8
S-TABLE
100
AcDbLine
 10
16.0
 20
513.5999999999999
 30
0.0
 11
218.0
 21
513.5999999999999
 31
0.0
  0
TEXT
  5
E6
330
17
100
AcDbEntity
  8
S-TABLE
100
AcDbText
 10
17.4
 20
509.0660959775999
 30
0.0
 40
1.4678080447999995
  1
F04
  7
OpenSans
 11
17.4
 21
509.0660959775999
 31
0.0
100
AcDbText
  0
TEXT
  5
E7
330
17
100
AcDbEntity
  8
S-TABLE
100
AcDbText
 10
33.4
 20
509.0660959775999
 30
0.0
 40
1.4678080447999995
  1
T16
  7
OpenSans
 11
33.4
 21
509.0660959775999
 31
0.0
100
AcDbText
  0
TEXT
  5
E8
330
17
100
AcDbEntity
  8
S-TABLE
100
AcDbText
 10
44.4
 20
509.0660959775999
 30
0.0
 40
1.4678080447999995
  1
00
  7
OpenSans
 11
44.4
 21
509.0660959775999
 31
0.0
100
AcDbText
  0
TEXT
  5
E9
330
17
100
AcDbEntity
  8
S-TABLE
100
AcDbText
 10
54.4
 20
509.0660959775999
 30
0.0
 40
1.4678080447999995
  1
150
  7
OpenSans
 11
54.4
 21
509.0660959775999
 31
0.0
100
AcDbText
  0
TEXT
  5
EA
330
17
100
AcDbEntity
  8
S-TABLE
100
AcDbText
 10
67.4
 20
509.0660959775999
 30
0.0
 40
1.4678080447999995
  1
147
  7
OpenSans
 11
67.4
 21
509.0660959775999
 31
0.0
100
AcDbText
  0
TEXT
  5
EB
330
17
100
AcDbEntity
  8
S-TABLE
100
AcDbText
 10
80.4
 20
509.0660959775999
 30
0.0
 40
1.4678080447999995
  1
6100
  7
OpenSans
 11
80.4
 21
509.0660959775999
 31
0.0
100
AcDbText
  0
TEXT
  5
EC
330
17
100
AcDbEntity
  8
S-TABLE
100
AcDbText
 10
96.4
 20
509.0660959775999
 30
0.0
 40
1.4678080447999995
  1
896.7
  7
OpenSans
 11
96.4
 21
509.0660959775999
 31
0.0
100
AcDbText
  0
TEXT
  5
ED
330
17
100
AcDbEntity
  8
S-TABLE
100
AcDbText
 10
113.4
 20
509.0660959775999
 30
0.0
 40
1.4678080447999995
  1
1415
  7
OpenSans
 11
113.4
 21
509.0660959775999
 31
0.0
100
AcDbText
  0
TEXT
  5
EE
330
17
100
AcDbEntity
  8
S-TABLE
100
AcDbText
 10
131.4
 20
509.0660959775999
 30
0.0
 40
1.4678080447999995
  1
MAT 600 - TOP, TRANSVERSE (Y)
  7
OpenSans
 11
131.4
 21
509.0660959775999
 31
0.0
100
AcDbText
  0
LINE
  5
EF
330
17
100
AcDbEntity
  8
S-TABLE
100
AcDbLine
 10
16.0
 20
505.9999999999999
 30
0.0
 11
218.0
 21
505.9999999999999
 31
0.0
  0
TEXT
  5
F0
330
17
100
AcDbEntity
  8
S-TABLE
100
AcDbText
 10
17.4
 20
501.4660959775999
 30
0.0
 40
1.4678080447999995
  1
F05
  7
OpenSans
 11
17.4
 21
501.4660959775999
 31
0.0
100
AcDbText
  0
TEXT
  5
F1
330
17
100
AcDbEntity
  8
S-TABLE
100
AcDbText
 10
33.4
 20
501.4660959775999
 30
0.0
 40
1.4678080447999995
  1
T12
  7
OpenSans
 11
33.4
 21
501.4660959775999
 31
0.0
100
AcDbText
  0
TEXT
  5
F2
330
17
100
AcDbEntity
  8
S-TABLE
100
AcDbText
 10
44.4
 20
501.4660959775999
 30
0.0
 40
1.4678080447999995
  1
51
  7
OpenSans
 11
44.4
 21
501.4660959775999
 31
0.0
100
AcDbText
  0
TEXT
  5
F3
330
17
100
AcDbEntity
  8
S-TABLE
100
AcDbText
 10
54.4
 20
501.4660959775999
 30
0.0
 40
1.4678080447999995
  1
250 x 250
  7
OpenSans
 11
54.4
 21
501.4660959775999
 31
0.0
100
AcDbText
  0
TEXT
  5
F4
330
17
100
AcDbEntity
  8
S-TABLE
100
AcDbText
 10
67.4
 20
501.4660959775999
 30
0.0
 40
1.4678080447999995
  1
2112
  7
OpenSans
 11
67.4
 21
501.4660959775999
 31
0.0
100
AcDbText
  0
TEXT
  5
F5
330
17
100
AcDbEntity
  8
S-TABLE
100
AcDbText
 10
80.4
 20
501.4660959775999
 30
0.0
 40
1.4678080447999995
  1
1710
  7
OpenSans
 11
80.4
 21
501.4660959775999
 31
0.0
100
AcDbText
  0
TEXT
  5
F6
330
17
100
AcDbEntity
  8
S-TABLE
100
AcDbText
 10
96.4
 20
501.4660959775999
 30
0.0
 40
1.4678080447999995
  1
3611.5
  7
OpenSans
 11
96.4
 21
501.4660959775999
 31
0.0
100
AcDbText
  0
TEXT
  5
F7
330
17
100
AcDbEntity
  8
S-TABLE
100
AcDbText
 10
113.4
 20
501.4660959775999
 30
0.0
 40
1.4678080447999995
  1
3206
  7
OpenSans
 11
113.4
 21
501.4660959775999
 31
0.0
100
AcDbText
  0
TEXT
  5
F8
330
17
100
AcDbEntity
  8
S-TABLE
100
AcDbText
 10
131.4
 20
501.4660959775999
 30
0.0
 40
1.4678080447999995
  1
MAT 600 - LINK GRID 250 x 250 THROUGHOUT
  7
OpenSans
 11
131.4
 21
501.4660959775999
 31
0.0
100
AcDbText
  0
LINE
  5
F9
330
17
100
AcDbEntity
  8
S-TABLE
100
AcDbLine
 10
16.0
 20
498.39999999999986
 30
0.0
 11
218.0
 21
498.39999999999986
 31
0.0
  0
TEXT
  5
FA
330
17
100
AcDbEntity
  8
S-TABLE
100
AcDbText
 10
17.4
 20
493.86609597759985
 30
0.0
 40
1.4678080447999995
  1
F06
  7
OpenSans
 11
17.4
 21
493.86609597759985
 31
0.0
100
AcDbText
  0
TEXT
  5
FB
330
17
100
AcDbEntity
  8
S-TABLE
100
AcDbText
 10
33.4
 20
493.86609597759985
 30
0.0
 40
1.4678080447999995
  1
T16
  7
OpenSans
 11
33.4
 21
493.86609597759985
 31
0.0
100
AcDbText
  0
TEXT
  5
FC
330
17
100
AcDbEntity
  8
S-TABLE
100
AcDbText
 10
44.4
 20
493.86609597759985
 30
0.0
 40
1.4678080447999995
  1
21
  7
OpenSans
 11
44.4
 21
493.86609597759985
 31
0.0
100
AcDbText
  0
TEXT
  5
FD
330
17
100
AcDbEntity
  8
S-TABLE
100
AcDbText
 10
54.4
 20
493.86609597759985
 30
0.0
 40
1.4678080447999995
  1
150
  7
OpenSans
 11
54.4
 21
493.86609597759985
 31
0.0
100
AcDbText
  0
TEXT
  5
FE
330
17
100
AcDbEntity
  8
S-TABLE
100
AcDbText
 10
67.4
 20
493.86609597759985
 30
0.0
 40
1.4678080447999995
  1
376
  7
OpenSans
 11
67.4
 21
493.86609597759985
 31
0.0
100
AcDbText
  0
TEXT
  5
FF
330
17
100
AcDbEntity
  8
S-TABLE
100
AcDbText
 10
80.4
 20
493.86609597759985
 30
0.0
 40
1.4678080447999995
  1
1780
  7
OpenSans
 11
80.4
 21
493.86609597759985
 31
0.0
100
AcDbText
  0
TEXT
  5
100
330
17
100
AcDbEntity
  8
S-TABLE
100
AcDbText
 10
96.4
 20
493.86609597759985
 30
0.0
 40
1.4678080447999995
  1
669.3
  7
OpenSans
 11
96.4
 21
493.86609597759985
 31
0.0
100
AcDbText
  0
TEXT
  5
101
330
17
100
AcDbEntity
  8
S-TABLE
100
AcDbText
 10
113.4
 20
493.86609597759985
 30
0.0
 40
1.4678080447999995
  1
1056
  7
OpenSans
 11
113.4
 21
493.86609597759985
 31
0.0
100
AcDbText
  0
TEXT
  5
102
330
17
100
AcDbEntity
  8
S-TABLE
100
AcDbText
 10
131.4
 20
493.86609597759985
 30
0.0
 40
1.4678080447999995
  1
MAT 600 - EDGE U-BARS, ALL FREE EDGES
  7
OpenSans
 11
131.4
 21
493.86609597759985
 31
0.0
100
AcDbText
  0
LINE
  5
103
330
17
100
AcDbEntity
  8
S-TABLE
100
AcDbLine
 10
16.0
 20
490.79999999999984
 30
0.0
 11
218.0
 21
490.79999999999984
 31
0.0
  0
TEXT
  5
104
330
17
100
AcDbEntity
  8
S-TABLE
100
AcDbText
 10
17.4
 20
486.26609597759983
 30
0.0
 40
1.4678080447999995
  1
F07
  7
OpenSans
 11
17.4
 21
486.26609597759983
 31
0.0
100
AcDbText
  0
TEXT
  5
105
330
17
100
AcDbEntity
  8
S-TABLE
100
AcDbText
 10
33.4
 20
486.26609597759983
 30
0.0
 40
1.4678080447999995
  1
T16
  7
OpenSans
 11
33.4
 21
486.26609597759983
 31
0.0
100
AcDbText
  0
TEXT
  5
106
330
17
100
AcDbEntity
  8
S-TABLE
100
AcDbText
 10
44.4
 20
486.26609597759983
 30
0.0
 40
1.4678080447999995
  1
11
  7
OpenSans
 11
44.4
 21
486.26609597759983
 31
0.0
100
AcDbText
  0
TEXT
  5
107
330
17
100
AcDbEntity
  8
S-TABLE
100
AcDbText
 10
54.4
 20
486.26609597759983
 30
0.0
 40
1.4678080447999995
  1
150
  7
OpenSans
 11
54.4
 21
486.26609597759983
 31
0.0
100
AcDbText
  0
TEXT
  5
108
330
17
100
AcDbEntity
  8
S-TABLE
100
AcDbText
 10
67.4
 20
486.26609597759983
 30
0.0
 40
1.4678080447999995
  1
720
  7
OpenSans
 11
67.4
 21
486.26609597759983
 31
0.0
100
AcDbText
  0
TEXT
  5
109
330
17
100
AcDbEntity
  8
S-TABLE
100
AcDbText
 10
80.4
 20
486.26609597759983
 30
0.0
 40
1.4678080447999995
  1
2335
  7
OpenSans
 11
80.4
 21
486.26609597759983
 31
0.0
100
AcDbText
  0
TEXT
  5
10A
330
17
100
AcDbEntity
  8
S-TABLE
100
AcDbText
 10
96.4
 20
486.26609597759983
 30
0.0
 40
1.4678080447999995
  1
1681.2
  7
OpenSans
 11
96.4
 21
486.26609597759983
 31
0.0
100
AcDbText
  0
TEXT
  5
10B
330
17
100
AcDbEntity
  8
S-TABLE
100
AcDbText
 10
113.4
 20
486.26609597759983
 30
0.0
 40
1.4678080447999995
  1
2654
  7
OpenSans
 11
113.4
 21
486.26609597759983
 31
0.0
100
AcDbText
  0
TEXT
  5
10C
330
17
100
AcDbEntity
  8
S-TABLE
100
AcDbText
 10
131.4
 20
486.26609597759983
 30
0.0
 40
1.4678080447999995
  1
MAT / PERIMETER WALLS - WALL STARTERS W1-W4, EACH FACE
  7
OpenSans
 11
131.4
 21
486.26609597759983
 31
0.0
100
AcDbText
  0
LINE
  5
10D
330
17
100
AcDbEntity
  8
S-TABLE
100
AcDbLine
 10
16.0
 20
483.1999999999998
 30
0.0
 11
218.0
 21
483.1999999999998
 31
0.0
  0
TEXT
  5
10E
330
17
100
AcDbEntity
  8
S-TABLE
100
AcDbText
 10
17.4
 20
478.6660959775998
 30
0.0
 40
1.4678080447999995
  1
F08
  7
OpenSans
 11
17.4
 21
478.6660959775998
 31
0.0
100
AcDbText
  0
TEXT
  5
10F
330
17
100
AcDbEntity
  8
S-TABLE
100
AcDbText
 10
33.4
 20
478.6660959775998
 30
0.0
 40
1.4678080447999995
  1
T20
  7
OpenSans
 11
33.4
 21
478.6660959775998
 31
0.0
100
AcDbText
  0
TEXT
  5
110
330
17
100
AcDbEntity
  8
S-TABLE
100
AcDbText
 10
44.4
 20
478.6660959775998
 30
0.0
 40
1.4678080447999995
  1
11
  7
OpenSans
 11
44.4
 21
478.6660959775998
 31
0.0
100
AcDbText
  0
TEXT
  5
111
330
17
100
AcDbEntity
  8
S-TABLE
100
AcDbText
 10
54.4
 20
478.6660959775998
 30
0.0
 40
1.4678080447999995
  1
150
  7
OpenSans
 11
54.4
 21
478.6660959775998
 31
0.0
100
AcDbText
  0
TEXT
  5
112
330
17
100
AcDbEntity
  8
S-TABLE
100
AcDbText
 10
67.4
 20
478.6660959775998
 30
0.0
 40
1.4678080447999995
  1
132
  7
OpenSans
 11
67.4
 21
478.6660959775998
 31
0.0
100
AcDbText
  0
TEXT
  5
113
330
17
100
AcDbEntity
  8
S-TABLE
100
AcDbText
 10
80.4
 20
478.6660959775998
 30
0.0
 40
1.4678080447999995
  1
2535
  7
OpenSans
 11
80.4
 21
478.6660959775998
 31
0.0
100
AcDbText
  0
TEXT
  5
114
330
17
100
AcDbEntity
  8
S-TABLE
100
AcDbText
 10
96.4
 20
478.6660959775998
 30
0.0
 40
1.4678080447999995
  1
334.6
  7
OpenSans
 11
96.4
 21
478.6660959775998
 31
0.0
100
AcDbText
  0
TEXT
  5
115
330
17
100
AcDbEntity
  8
S-TABLE
100
AcDbText
 10
113.4
 20
478.6660959775998
 30
0.0
 40
1.4678080447999995
  1
825
  7
OpenSans
 11
113.4
 21
478.6660959775998
 31
0.0
100
AcDbText
  0
TEXT
  5
116
330
17
100
AcDbEntity
  8
S-TABLE
100
AcDbText
 10
131.4
 20
478.6660959775998
 30
0.0
 40
1.4678080447999995
  1
MAT / WALLS W6-W7 - WALL STARTERS W6/W7, EACH FACE
  7
OpenSans
 11
131.4
 21
478.6660959775998
 31
0.0
100
AcDbText
  0
LINE
  5
117
330
17
100
AcDbEntity
  8
S-TABLE
100
AcDbLine
 10
16.0
 20
475.5999999999998
 30
0.0
 11
218.0
 21
475.5999999999998
 31
0.0
  0
TEXT
  5
118
330
17
100
AcDbEntity
  8
S-TABLE
100
AcDbText
 10
17.4
 20
471.0660959775998
 30
0.0
 40
1.4678080447999995
  1
F09
  7
OpenSans
 11
17.4
 21
471.0660959775998
 31
0.0
100
AcDbText
  0
TEXT
  5
119
330
17
100
AcDbEntity
  8
S-TABLE
100
AcDbText
 10
33.4
 20
471.0660959775998
 30
0.0
 40
1.4678080447999995
  1
T12
  7
OpenSans
 11
33.4
 21
471.0660959775998
 31
0.0
100
AcDbText
  0
TEXT
  5
11A
330
17
100
AcDbEntity
  8
S-TABLE
100
AcDbText
 10
44.4
 20
471.0660959775998
 30
0.0
 40
1.4678080447999995
  1
11
  7
OpenSans
 11
44.4
 21
471.0660959775998
 31
0.0
100
AcDbText
  0
TEXT
  5
11B
330
17
100
AcDbEntity
  8
S-TABLE
100
AcDbText
 10
54.4
 20
471.0660959775998
 30
0.0
 40
1.4678080447999995
  1
150
  7
OpenSans
 11
54.4
 21
471.0660959775998
 31
0.0
100
AcDbText
  0
TEXT
  5
11C
330
17
100
AcDbEntity
  8
S-TABLE
100
AcDbText
 10
67.4
 20
471.0660959775998
 30
0.0
 40
1.4678080447999995
  1
66
  7
OpenSans
 11
67.4
 21
471.0660959775998
 31
0.0
100
AcDbText
  0
TEXT
  5
11D
330
17
100
AcDbEntity
  8
S-TABLE
100
AcDbText
 10
80.4
 20
471.0660959775998
 30
0.0
 40
1.4678080447999995
  1
1835
  7
OpenSans
 11
80.4
 21
471.0660959775998
 31
0.0
100
AcDbText
  0
TEXT
  5
11E
330
17
100
AcDbEntity
  8
S-TABLE
100
AcDbText
 10
96.4
 20
471.0660959775998
 30
0.0
 40
1.4678080447999995
  1
121.1
  7
OpenSans
 11
96.4
 21
471.0660959775998
 31
0.0
100
AcDbText
  0
TEXT
  5
11F
330
17
100
AcDbEntity
  8
S-TABLE
100
AcDbText
 10
113.4
 20
471.0660959775998
 30
0.0
 40
1.4678080447999995
  1
108
  7
OpenSans
 11
113.4
 21
471.0660959775998
 31
0.0
100
AcDbText
  0
TEXT
  5
120
330
17
100
AcDbEntity
  8
S-TABLE
100
AcDbText
 10
131.4
 20
471.0660959775998
 30
0.0
 40
1.4678080447999995
  1
MAT / WALL W5 - WALL STARTERS W5, EACH FACE
  7
OpenSans
 11
131.4
 21
471.0660959775998
 31
0.0
100
AcDbText
  0
LINE
  5
121
330
17
100
AcDbEntity
  8
S-TABLE
100
AcDbLine
 10
16.0
 20
467.9999999999998
 30
0.0
 11
218.0
 21
467.9999999999998
 31
0.0
  0
TEXT
  5
122
330
17
100
AcDbEntity
  8
S-TABLE
100
AcDbText
 10
17.4
 20
463.46609597759976
 30
0.0
 40
1.4678080447999995
  1
F10
  7
OpenSans
 11
17.4
 21
463.46609597759976
 31
0.0
100
AcDbText
  0
TEXT
  5
123
330
17
100
AcDbEntity
  8
S-TABLE
100
AcDbText
 10
33.4
 20
463.46609597759976
 30
0.0
 40
1.4678080447999995
  1
T20
  7
OpenSans
 11
33.4
 21
463.46609597759976
 31
0.0
100
AcDbText
  0
TEXT
  5
124
330
17
100
AcDbEntity
  8
S-TABLE
100
AcDbText
 10
44.4
 20
463.46609597759976
 30
0.0
 40
1.4678080447999995
  1
00
  7
OpenSans
 11
44.4
 21
463.46609597759976
 31
0.0
100
AcDbText
  0
TEXT
  5
125
330
17
100
AcDbEntity
  8
S-TABLE
100
AcDbText
 10
54.4
 20
463.46609597759976
 30
0.0
 40
1.4678080447999995
  1
-
  7
OpenSans
 11
54.4
 21
463.46609597759976
 31
0.0
100
AcDbText
  0
TEXT
  5
126
330
17
100
AcDbEntity
  8
S-TABLE
100
AcDbText
 10
67.4
 20
463.46609597759976
 30
0.0
 40
1.4678080447999995
  1
32
  7
OpenSans
 11
67.4
 21
463.46609597759976
 31
0.0
100
AcDbText
  0
TEXT
  5
127
330
17
100
AcDbEntity
  8
S-TABLE
100
AcDbText
 10
80.4
 20
463.46609597759976
 30
0.0
 40
1.4678080447999995
  1
3100
  7
OpenSans
 11
80.4
 21
463.46609597759976
 31
0.0
100
AcDbText
  0
TEXT
  5
128
330
17
100
AcDbEntity
  8
S-TABLE
100
AcDbText
 10
96.4
 20
463.46609597759976
 30
0.0
 40
1.4678080447999995
  1
99.2
  7
OpenSans
 11
96.4
 21
463.46609597759976
 31
0.0
100
AcDbText
  0
TEXT
  5
129
330
17
100
AcDbEntity
  8
S-TABLE
100
AcDbText
 10
113.4
 20
463.46609597759976
 30
0.0
 40
1.4678080447999995
  1
245
  7
OpenSans
 11
113.4
 21
463.46609597759976
 31
0.0
100
AcDbText
  0
TEXT
  5
12A
330
17
100
AcDbEntity
  8
S-TABLE
100
AcDbText
 10
131.4
 20
463.46609597759976
 30
0.0
 40
1.4678080447999995
  1
MAT 600 - SUMP-PIT OPENING TRIMMERS
  7
OpenSans
 11
131.4
 21
463.46609597759976
 31
0.0
100
AcDbText
  0
LINE
  5
12B
330
17
100
AcDbEntity
  8
S-TABLE
100
AcDbLine
 10
16.0
 20
460.39999999999975
 30
0.0
 11
218.0
 21
460.39999999999975
 31
0.0
  0
TEXT
  5
12C
330
17
100
AcDbEntity
  8
S-TABLE
100
AcDbText
 10
17.4
 20
455.86609597759974
 30
0.0
 40
1.4678080447999995
  1
F11
  7
OpenSans
 11
17.4
 21
455.86609597759974
 31
0.0
100
AcDbText
  0
TEXT
  5
12D
330
17
100
AcDbEntity
  8
S-TABLE
100
AcDbText
 10
33.4
 20
455.86609597759974
 30
0.0
 40
1.4678080447999995
  1
T16
  7
OpenSans
 11
33.4
 21
455.86609597759974
 31
0.0
100
AcDbText
  0
TEXT
  5
12E
330
17
100
AcDbEntity
  8
S-TABLE
100
AcDbText
 10
44.4
 20
455.86609597759974
 30
0.0
 40
1.4678080447999995
  1
00
  7
OpenSans
 11
44.4
 21
455.86609597759974
 31
0.0
100
AcDbText
  0
TEXT
  5
12F
330
17
100
AcDbEntity
  8
S-TABLE
100
AcDbText
 10
54.4
 20
455.86609597759974
 30
0.0
 40
1.4678080447999995
  1
150
  7
OpenSans
 11
54.4
 21
455.86609597759974
 31
0.0
100
AcDbText
  0
TEXT
  5
130
330
17
100
AcDbEntity
  8
S-TABLE
100
AcDbText
 10
67.4
 20
455.86609597759974
 30
0.0
 40
1.4678080447999995
  1
96
  7
OpenSans
 11
67.4
 21
455.86609597759974
 31
0.0
100
AcDbText
  0
TEXT
  5
131
330
17
100
AcDbEntity
  8
S-TABLE
100
AcDbText
 10
80.4
 20
455.86609597759974
 30
0.0
 40
1.4678080447999995
  1
2300
  7
OpenSans
 11
80.4
 21
455.86609597759974
 31
0.0
100
AcDbText
  0
TEXT
  5
132
330
17
100
AcDbEntity
  8
S-TABLE
100
AcDbText
 10
96.4
 20
455.86609597759974
 30
0.0
 40
1.4678080447999995
  1
220.8
  7
OpenSans
 11
96.4
 21
455.86609597759974
 31
0.0
100
AcDbText
  0
TEXT
  5
133
330
17
100
AcDbEntity
  8
S-TABLE
100
AcDbText
 10
113.4
 20
455.86609597759974
 30
0.0
 40
1.4678080447999995
  1
348
  7
OpenSans
 11
113.4
 21
455.86609597759974
 31
0.0
100
AcDbText
  0
TEXT
  5
134
330
17
100
AcDbEntity
  8
S-TABLE
100
AcDbText
 10
131.4
 20
455.86609597759974
 30
0.0
 40
1.4678080447999995
  1
SUMP PIT WALLS 300 - VERTICAL, EACH FACE
  7
OpenSans
 11
131.4
 21
455.86609597759974
 31
0.0
100
AcDbText
  0
LINE
  5
135
330
17
100
AcDbEntity
  8
S-TABLE
100
AcDbLine
 10
16.0
 20
452.7999999999997
 30
0.0
 11
218.0
 21
452.7999999999997
 31
0.0
  0
TEXT
  5
136
330
17
100
AcDbEntity
  8
S-TABLE
100
AcDbText
 10
17.4
 20
448.2660959775997
 30
0.0
 40
1.4678080447999995
  1
F12
  7
OpenSans
 11
17.4
 21
448.2660959775997
 31
0.0
100
AcDbText
  0
TEXT
  5
137
330
17
100
AcDbEntity
  8
S-TABLE
100
AcDbText
 10
33.4
 20
448.2660959775997
 30
0.0
 40
1.4678080447999995
  1
T16
  7
OpenSans
 11
33.4
 21
448.2660959775997
 31
0.0
100
AcDbText
  0
TEXT
  5
138
330
17
100
AcDbEntity
  8
S-TABLE
100
AcDbText
 10
44.4
 20
448.2660959775997
 30
0.0
 40
1.4678080447999995
  1
00
  7
OpenSans
 11
44.4
 21
448.2660959775997
 31
0.0
100
AcDbText
  0
TEXT
  5
139
330
17
100
AcDbEntity
  8
S-TABLE
100
AcDbText
 10
54.4
 20
448.2660959775997
 30
0.0
 40
1.4678080447999995
  1
150
  7
OpenSans
 11
54.4
 21
448.2660959775997
 31
0.0
100
AcDbText
  0
TEXT
  5
13A
330
17
100
AcDbEntity
  8
S-TABLE
100
AcDbText
 10
67.4
 20
448.2660959775997
 30
0.0
 40
1.4678080447999995
  1
22
  7
OpenSans
 11
67.4
 21
448.2660959775997
 31
0.0
100
AcDbText
  0
TEXT
  5
13B
330
17
100
AcDbEntity
  8
S-TABLE
100
AcDbText
 10
80.4
 20
448.2660959775997
 30
0.0
 40
1.4678080447999995
  1
8000
  7
OpenSans
 11
80.4
 21
448.2660959775997
 31
0.0
100
AcDbText
  0
TEXT
  5
13C
330
17
100
AcDbEntity
  8
S-TABLE
100
AcDbText
 10
96.4
 20
448.2660959775997
 30
0.0
 40
1.4678080447999995
  1
176.0
  7
OpenSans
 11
96.4
 21
448.2660959775997
 31
0.0
100
AcDbText
  0
TEXT
  5
13D
330
17
100
AcDbEntity
  8
S-TABLE
100
AcDbText
 10
113.4
 20
448.2660959775997
 30
0.0
 40
1.4678080447999995
  1
278
  7
OpenSans
 11
113.4
 21
448.2660959775997
 31
0.0
100
AcDbText
  0
TEXT
  5
13E
330
17
100
AcDbEntity
  8
S-TABLE
100
AcDbText
 10
131.4
 20
448.2660959775997
 30
0.0
 40
1.4678080447999995
  1
SUMP PIT WALLS 300 - HORIZONTAL RINGS, EACH FACE
  7
OpenSans
 11
131.4
 21
448.2660959775997
 31
0.0
100
AcDbText
  0
LINE
  5
13F
330
17
100
AcDbEntity
  8
S-TABLE
100
AcDbLine
 10
16.0
 20
445.1999999999997
 30
0.0
 11
218.0
 21
445.1999999999997
 31
0.0
  0
TEXT
  5
140
330
17
100
AcDbEntity
  8
S-TABLE
100
AcDbText
 10
17.4
 20
440.6660959775997
 30
0.0
 40
1.4678080447999995
  1
F13
  7
OpenSans
 11
17.4
 21
440.6660959775997
 31
0.0
100
AcDbText
  0
TEXT
  5
141
330
17
100
AcDbEntity
  8
S-TABLE
100
AcDbText
 10
33.4
 20
440.6660959775997
 30
0.0
 40
1.4678080447999995
  1
T16
  7
OpenSans
 11
33.4
 21
440.6660959775997
 31
0.0
100
AcDbText
  0
TEXT
  5
142
330
17
100
AcDbEntity
  8
S-TABLE
100
AcDbText
 10
44.4
 20
440.6660959775997
 30
0.0
 40
1.4678080447999995
  1
00
  7
OpenSans
 11
44.4
 21
440.6660959775997
 31
0.0
100
AcDbText
  0
TEXT
  5
143
330
17
100
AcDbEntity
  8
S-TABLE
100
AcDbText
 10
54.4
 20
440.6660959775997
 30
0.0
 40
1.4678080447999995
  1
150
  7
OpenSans
 11
54.4
 21
440.6660959775997
 31
0.0
100
AcDbText
  0
TEXT
  5
144
330
17
100
AcDbEntity
  8
S-TABLE
100
AcDbText
 10
67.4
 20
440.6660959775997
 30
0.0
 40
1.4678080447999995
  1
56
  7
OpenSans
 11
67.4
 21
440.6660959775997
 31
0.0
100
AcDbText
  0
TEXT
  5
145
330
17
100
AcDbEntity
  8
S-TABLE
100
AcDbText
 10
80.4
 20
440.6660959775997
 30
0.0
 40
1.4678080447999995
  1
2000
  7
OpenSans
 11
80.4
 21
440.6660959775997
 31
0.0
100
AcDbText
  0
TEXT
  5
146
330
17
100
AcDbEntity
  8
S-TABLE
100
AcDbText
 10
96.4
 20
440.6660959775997
 30
0.0
 40
1.4678080447999995
  1
112.0
  7
OpenSans
 11
96.4
 21
440.6660959775997
 31
0.0
100
AcDbText
  0
TEXT
  5
147
330
17
100
AcDbEntity
  8
S-TABLE
100
AcDbText
 10
113.4
 20
440.6660959775997
 30
0.0
 40
1.4678080447999995
  1
177
  7
OpenSans
 11
113.4
 21
440.6660959775997
 31
0.0
100
AcDbText
  0
TEXT
  5
148
330
17
100
AcDbEntity
  8
S-TABLE
100
AcDbText
 10
131.4
 20
440.6660959775997
 30
0.0
 40
1.4678080447999995
  1
SUMP PIT BASE 400 - BOTH WAYS, EACH FACE
  7
OpenSans
 11
131.4
 21
440.6660959775997
 31
0.0
100
AcDbText
  0
LINE
  5
149
330
17
100
AcDbEntity
  8
S-TABLE
100
AcDbLine
 10
16.0
 20
437.5999999999997
 30
0.0
 11
218.0
 21
437.5999999999997
 31
0.0
  0
TEXT
  5
14A
330
17
100
AcDbEntity
  8
S-TABLE
100
AcDbText
 10
17.4
 20
433.0660959775997
 30
0.0
 40
1.4678080447999995
  1
W01
  7
OpenSans
 11
17.4
 21
433.0660959775997
 31
0.0
100
AcDbText
  0
TEXT
  5
14B
330
17
100
AcDbEntity
  8
S-TABLE
100
AcDbText
 10
33.4
 20
433.0660959775997
 30
0.0
 40
1.4678080447999995
  1
T16
  7
OpenSans
 11
33.4
 21
433.0660959775997
 31
0.0
100
AcDbText
  0
TEXT
  5
14C
330
17
100
AcDbEntity
  8
S-TABLE
100
AcDbText
 10
44.4
 20
433.0660959775997
 30
0.0
 40
1.4678080447999995
  1
00
  7
OpenSans
 11
44.4
 21
433.0660959775997
 31
0.0
100
AcDbText
  0
TEXT
  5
14D
330
17
100
AcDbEntity
  8
S-TABLE
100
AcDbText
 10
54.4
 20
433.0660959775997
 30
0.0
 40
1.4678080447999995
  1
150
  7
OpenSans
 11
54.4
 21
433.0660959775997
 31
0.0
100
AcDbText
  0
TEXT
  5
14E
330
17
100
AcDbEntity
  8
S-TABLE
100
AcDbText
 10
67.4
 20
433.0660959775997
 30
0.0
 40
1.4678080447999995
  1
360
  7
OpenSans
 11
67.4
 21
433.0660959775997
 31
0.0
100
AcDbText
  0
TEXT
  5
14F
330
17
100
AcDbEntity
  8
S-TABLE
100
AcDbText
 10
80.4
 20
433.0660959775997
 30
0.0
 40
1.4678080447999995
  1
3875
  7
OpenSans
 11
80.4
 21
433.0660959775997
 31
0.0
100
AcDbText
  0
TEXT
  5
150
330
17
100
AcDbEntity
  8
S-TABLE
100
AcDbText
 10
96.4
 20
433.0660959775997
 30
0.0
 40
1.4678080447999995
  1
1395.0
  7
OpenSans
 11
96.4
 21
433.0660959775997
 31
0.0
100
AcDbText
  0
TEXT
  5
151
330
17
100
AcDbEntity
  8
S-TABLE
100
AcDbText
 10
113.4
 20
433.0660959775997
 30
0.0
 40
1.4678080447999995
  1
2202
  7
OpenSans
 11
113.4
 21
433.0660959775997
 31
0.0
100
AcDbText
  0
TEXT
  5
152
330
17
100
AcDbEntity
  8
S-TABLE
100
AcDbText
 10
131.4
 20
433.0660959775997
 30
0.0
 40
1.4678080447999995
  1
PERIMETER WALLS 600 - VERTICAL, EARTH FACE
  7
OpenSans
 11
131.4
 21
433.0660959775997
 31
0.0
100
AcDbText
  0
LINE
  5
153
330
17
100
AcDbEntity
  8
S-TABLE
100
AcDbLine
 10
16.0
 20
429.99999999999966
 30
0.0
 11
218.0
 21
429.99999999999966
 31
0.0
  0
TEXT
  5
154
330
17
100
AcDbEntity
  8
S-TABLE
100
AcDbText
 10
17.4
 20
425.46609597759965
 30
0.0
 40
1.4678080447999995
  1
W02
  7
OpenSans
 11
17.4
 21
425.46609597759965
 31
0.0
100
AcDbText
  0
TEXT
  5
155
330
17
100
AcDbEntity
  8
S-TABLE
100
AcDbText
 10
33.4
 20
425.46609597759965
 30
0.0
 40
1.4678080447999995
  1
T16
  7
OpenSans
 11
33.4
 21
425.46609597759965
 31
0.0
100
AcDbText
  0
TEXT
  5
156
330
17
100
AcDbEntity
  8
S-TABLE
100
AcDbText
 10
44.4
 20
425.46609597759965
 30
0.0
 40
1.4678080447999995
  1
00
  7
OpenSans
 11
44.4
 21
425.46609597759965
 31
0.0
100
AcDbText
  0
TEXT
  5
157
330
17
100
AcDbEntity
  8
S-TABLE
100
AcDbText
 10
54.4
 20
425.46609597759965
 30
0.0
 40
1.4678080447999995
  1
150
  7
OpenSans
 11
54.4
 21
425.46609597759965
 31
0.0
100
AcDbText
  0
TEXT
  5
158
330
17
100
AcDbEntity
  8
S-TABLE
100
AcDbText
 10
67.4
 20
425.46609597759965
 30
0.0
 40
1.4678080447999995
  1
360
  7
OpenSans
 11
67.4
 21
425.46609597759965
 31
0.0
100
AcDbText
  0
TEXT
  5
159
330
17
100
AcDbEntity
  8
S-TABLE
100
AcDbText
 10
80.4
 20
425.46609597759965
 30
0.0
 40
1.4678080447999995
  1
3875
  7
OpenSans
 11
80.4
 21
425.46609597759965
 31
0.0
100
AcDbText
  0
TEXT
  5
15A
330
17
100
AcDbEntity
  8
S-TABLE
100
AcDbText
 10
96.4
 20
425.46609597759965
 30
0.0
 40
1.4678080447999995
  1
1395.0
  7
OpenSans
 11
96.4
 21
425.46609597759965
 31
0.0
100
AcDbText
  0
TEXT
  5
15B
330
17
100
AcDbEntity
  8
S-TABLE
100
AcDbText
 10
113.4
 20
425.46609597759965
 30
0.0
 40
1.4678080447999995
  1
2202
  7
OpenSans
 11
113.4
 21
425.46609597759965
 31
0.0
100
AcDbText
  0
TEXT
  5
15C
330
17
100
AcDbEntity
  8
S-TABLE
100
AcDbText
 10
131.4
 20
425.46609597759965
 30
0.0
 40
1.4678080447999995
  1
PERIMETER WALLS 600 - VERTICAL, INTERNAL FACE
  7
OpenSans
 11
131.4
 21
425.46609597759965
 31
0.0
100
AcDbText
  0
LINE
  5
15D
330
17
100
AcDbEntity
  8
S-TABLE
100
AcDbLine
 10
16.0
 20
422.39999999999964
 30
0.0
 11
218.0
 21
422.39999999999964
 31
0.0
  0
TEXT
  5
15E
330
17
100
AcDbEntity
  8
S-TABLE
100
AcDbText
 10
17.4
 20
417.8660959775996
 30
0.0
 40
1.4678080447999995
  1
W03
  7
OpenSans
 11
17.4
 21
417.8660959775996
 31
0.0
100
AcDbText
  0
TEXT
  5
15F
330
17
100
AcDbEntity
  8
S-TABLE
100
AcDbText
 10
33.4
 20
417.8660959775996
 30
0.0
 40
1.4678080447999995
  1
T16
  7
OpenSans
 11
33.4
 21
417.8660959775996
 31
0.0
100
AcDbText
  0
TEXT
  5
160
330
17
100
AcDbEntity
  8
S-TABLE
100
AcDbText
 10
44.4
 20
417.8660959775996
 30
0.0
 40
1.4678080447999995
  1
00
  7
OpenSans
 11
44.4
 21
417.8660959775996
 31
0.0
100
AcDbText
  0
TEXT
  5
161
330
17
100
AcDbEntity
  8
S-TABLE
100
AcDbText
 10
54.4
 20
417.8660959775996
 30
0.0
 40
1.4678080447999995
  1
150
  7
OpenSans
 11
54.4
 21
417.8660959775996
 31
0.0
100
AcDbText
  0
TEXT
  5
162
330
17
100
AcDbEntity
  8
S-TABLE
100
AcDbText
 10
67.4
 20
417.8660959775996
 30
0.0
 40
1.4678080447999995
  1
176
  7
OpenSans
 11
67.4
 21
417.8660959775996
 31
0.0
100
AcDbText
  0
TEXT
  5
163
330
17
100
AcDbEntity
  8
S-TABLE
100
AcDbText
 10
80.4
 20
417.8660959775996
 30
0.0
 40
1.4678080447999995
  1
11350
  7
OpenSans
 11
80.4
 21
417.8660959775996
 31
0.0
100
AcDbText
  0
TEXT
  5
164
330
17
100
AcDbEntity
  8
S-TABLE
100
AcDbText
 10
96.4
 20
417.8660959775996
 30
0.0
 40
1.4678080447999995
  1
1997.6
  7
OpenSans
 11
96.4
 21
417.8660959775996
 31
0.0
100
AcDbText
  0
TEXT
  5
165
330
17
100
AcDbEntity
  8
S-TABLE
100
AcDbText
 10
113.4
 20
417.8660959775996
 30
0.0
 40
1.4678080447999995
  1
3153
  7
OpenSans
 11
113.4
 21
417.8660959775996
 31
0.0
100
AcDbText
  0
TEXT
  5
166
330
17
100
AcDbEntity
  8
S-TABLE
100
AcDbText
 10
131.4
 20
417.8660959775996
 30
0.0
 40
1.4678080447999995
  1
PERIMETER WALLS W1 / W2 - HORIZONTAL, EACH FACE
  7
OpenSans
 11
131.4
 21
417.8660959775996
 31
0.0
100
AcDbText
  0
LINE
  5
167
330
17
100
AcDbEntity
  8
S-TABLE
100
AcDbLine
 10
16.0
 20
414.7999999999996
 30
0.0
 11
218.0
 21
414.7999999999996
 31
0.0
  0
TEXT
  5
168
330
17
100
AcDbEntity
  8
S-TABLE
100
AcDbText
 10
17.4
 20
410.2660959775996
 30
0.0
 40
1.4678080447999995
  1
W04
  7
OpenSans
 11
17.4
 21
410.2660959775996
 31
0.0
100
AcDbText
  0
TEXT
  5
169
330
17
100
AcDbEntity
  8
S-TABLE
100
AcDbText
 10
33.4
 20
410.2660959775996
 30
0.0
 40
1.4678080447999995
  1
T16
  7
OpenSans
 11
33.4
 21
410.2660959775996
 31
0.0
100
AcDbText
  0
TEXT
  5
16A
330
17
100
AcDbEntity
  8
S-TABLE
100
AcDbText
 10
44.4
 20
410.2660959775996
 30
0.0
 40
1.4678080447999995
  1
21
  7
OpenSans
 11
44.4
 21
410.2660959775996
 31
0.0
100
AcDbText
  0
TEXT
  5
16B
330
17
100
AcDbEntity
  8
S-TABLE
100
AcDbText
 10
54.4
 20
410.2660959775996
 30
0.0
 40
1.4678080447999995
  1
150
  7
OpenSans
 11
54.4
 21
410.2660959775996
 31
0.0
100
AcDbText
  0
TEXT
  5
16C
330
17
100
AcDbEntity
  8
S-TABLE
100
AcDbText
 10
67.4
 20
410.2660959775996
 30
0.0
 40
1.4678080447999995
  1
88
  7
OpenSans
 11
67.4
 21
410.2660959775996
 31
0.0
100
AcDbText
  0
TEXT
  5
16D
330
17
100
AcDbEntity
  8
S-TABLE
100
AcDbText
 10
80.4
 20
410.2660959775996
 30
0.0
 40
1.4678080447999995
  1
7380
  7
OpenSans
 11
80.4
 21
410.2660959775996
 31
0.0
100
AcDbText
  0
TEXT
  5
16E
330
17
100
AcDbEntity
  8
S-TABLE
100
AcDbText
 10
96.4
 20
410.2660959775996
 30
0.0
 40
1.4678080447999995
  1
649.4
  7
OpenSans
 11
96.4
 21
410.2660959775996
 31
0.0
100
AcDbText
  0
TEXT
  5
16F
330
17
100
AcDbEntity
  8
S-TABLE
100
AcDbText
 10
113.4
 20
410.2660959775996
 30
0.0
 40
1.4678080447999995
  1
1025
  7
OpenSans
 11
113.4
 21
410.2660959775996
 31
0.0
100
AcDbText
  0
TEXT
  5
170
330
17
100
AcDbEntity
  8
S-TABLE
100
AcDbText
 10
131.4
 20
410.2660959775996
 30
0.0
 40
1.4678080447999995
  1
PERIMETER WALLS W3 / W4 - HORIZONTAL, EACH FACE
  7
OpenSans
 11
131.4
 21
410.2660959775996
 31
0.0
100
AcDbText
  0
LINE
  5
171
330
17
100
AcDbEntity
  8
S-TABLE
100
AcDbLine
 10
16.0
 20
407.1999999999996
 30
0.0
 11
218.0
 21
407.1999999999996
 31
0.0
  0
TEXT
  5
172
330
17
100
AcDbEntity
  8
S-TABLE
100
AcDbText
 10
17.4
 20
402.6660959775996
 30
0.0
 40
1.4678080447999995
  1
W05
  7
OpenSans
 11
17.4
 21
402.6660959775996
 31
0.0
100
AcDbText
  0
TEXT
  5
173
330
17
100
AcDbEntity
  8
S-TABLE
100
AcDbText
 10
33.4
 20
402.6660959775996
 30
0.0
 40
1.4678080447999995
  1
T12
  7
OpenSans
 11
33.4
 21
402.6660959775996
 31
0.0
100
AcDbText
  0
TEXT
  5
174
330
17
100
AcDbEntity
  8
S-TABLE
100
AcDbText
 10
44.4
 20
402.6660959775996
 30
0.0
 40
1.4678080447999995
  1
51
  7
OpenSans
 11
44.4
 21
402.6660959775996
 31
0.0
100
AcDbText
  0
TEXT
  5
175
330
17
100
AcDbEntity
  8
S-TABLE
100
AcDbText
 10
54.4
 20
402.6660959775996
 30
0.0
 40
1.4678080447999995
  1
200 x 200
  7
OpenSans
 11
54.4
 21
402.6660959775996
 31
0.0
100
AcDbText
  0
TEXT
  5
176
330
17
100
AcDbEntity
  8
S-TABLE
100
AcDbText
 10
67.4
 20
402.6660959775996
 30
0.0
 40
1.4678080447999995
  1
4320
  7
OpenSans
 11
67.4
 21
402.6660959775996
 31
0.0
100
AcDbText
  0
TEXT
  5
177
330
17
100
AcDbEntity
  8
S-TABLE
100
AcDbText
 10
80.4
 20
402.6660959775996
 30
0.0
 40
1.4678080447999995
  1
1540
  7
OpenSans
 11
80.4
 21
402.6660959775996
 31
0.0
100
AcDbText
  0
TEXT
  5
178
330
17
100
AcDbEntity
  8
S-TABLE
100
AcDbText
 10
96.4
 20
402.6660959775996
 30
0.0
 40
1.4678080447999995
  1
6652.8
  7
OpenSans
 11
96.4
 21
402.6660959775996
 31
0.0
100
AcDbText
  0
TEXT
  5
179
330
17
100
AcDbEntity
  8
S-TABLE
100
AcDbText
 10
113.4
 20
402.6660959775996
 30
0.0
 40
1.4678080447999995
  1
5906
  7
OpenSans
 11
113.4
 21
402.6660959775996
 31
0.0
100
AcDbText
  0
TEXT
  5
17A
330
17
100
AcDbEntity
  8
S-TABLE
100
AcDbText
 10
131.4
 20
402.6660959775996
 30
0.0
 40
1.4678080447999995
  1
PERIMETER WALLS 600 - CLOSED LINKS, 200 x 200 GRID
  7
OpenSans
 11
131.4
 21
402.6660959775996
 31
0.0
100
AcDbText
  0
LINE
  5
17B
330
17
100
AcDbEntity
  8
S-TABLE
100
AcDbLine
 10
16.0
 20
399.59999999999957
 30
0.0
 11
218.0
 21
399.59999999999957
 31
0.0
  0
TEXT
  5
17C
330
17
100
AcDbEntity
  8
S-TABLE
100
AcDbText
 10
17.4
 20
395.06609597759956
 30
0.0
 40
1.4678080447999995
  1
W06
  7
OpenSans
 11
17.4
 21
395.06609597759956
 31
0.0
100
AcDbText
  0
TEXT
  5
17D
330
17
100
AcDbEntity
  8
S-TABLE
100
AcDbText
 10
33.4
 20
395.06609597759956
 30
0.0
 40
1.4678080447999995
  1
T20
  7
OpenSans
 11
33.4
 21
395.06609597759956
 31
0.0
100
AcDbText
  0
TEXT
  5
17E
330
17
100
AcDbEntity
  8
S-TABLE
100
AcDbText
 10
44.4
 20
395.06609597759956
 30
0.0
 40
1.4678080447999995
  1
00
  7
OpenSans
 11
44.4
 21
395.06609597759956
 31
0.0
100
AcDbText
  0
TEXT
  5
17F
330
17
100
AcDbEntity
  8
S-TABLE
100
AcDbText
 10
54.4
 20
395.06609597759956
 30
0.0
 40
1.4678080447999995
  1
150
  7
OpenSans
 11
54.4
 21
395.06609597759956
 31
0.0
100
AcDbText
  0
TEXT
  5
180
330
17
100
AcDbEntity
  8
S-TABLE
100
AcDbText
 10
67.4
 20
395.06609597759956
 30
0.0
 40
1.4678080447999995
  1
720
  7
OpenSans
 11
67.4
 21
395.06609597759956
 31
0.0
100
AcDbText
  0
TEXT
  5
181
330
17
100
AcDbEntity
  8
S-TABLE
100
AcDbText
 10
80.4
 20
395.06609597759956
 30
0.0
 40
1.4678080447999995
  1
2307
  7
OpenSans
 11
80.4
 21
395.06609597759956
 31
0.0
100
AcDbText
  0
TEXT
  5
182
330
17
100
AcDbEntity
  8
S-TABLE
100
AcDbText
 10
96.4
 20
395.06609597759956
 30
0.0
 40
1.4678080447999995
  1
1661.0
  7
OpenSans
 11
96.4
 21
395.06609597759956
 31
0.0
100
AcDbText
  0
TEXT
  5
183
330
17
100
AcDbEntity
  8
S-TABLE
100
AcDbText
 10
113.4
 20
395.06609597759956
 30
0.0
 40
1.4678080447999995
  1
4096
  7
OpenSans
 11
113.4
 21
395.06609597759956
 31
0.0
100
AcDbText
  0
TEXT
  5
184
330
17
100
AcDbEntity
  8
S-TABLE
100
AcDbText
 10
131.4
 20
395.06609597759956
 30
0.0
 40
1.4678080447999995
  1
PERIMETER WALLS 600 - HAUNCH DIAGONALS, WALL/ROOF + WALL/MAT
  7
OpenSans
 11
131.4
 21
395.06609597759956
 31
0.0
100
AcDbText
  0
LINE
  5
185
330
17
100
AcDbEntity
  8
S-TABLE
100
AcDbLine
 10
16.0
 20
391.99999999999955
 30
0.0
 11
218.0
 21
391.99999999999955
 31
0.0
  0
TEXT
  5
186
330
17
100
AcDbEntity
  8
S-TABLE
100
AcDbText
 10
17.4
 20
387.46609597759954
 30
0.0
 40
1.4678080447999995
  1
W07
  7
OpenSans
 11
17.4
 21
387.46609597759954
 31
0.0
100
AcDbText
  0
TEXT
  5
187
330
17
100
AcDbEntity
  8
S-TABLE
100
AcDbText
 10
33.4
 20
387.46609597759954
 30
0.0
 40
1.4678080447999995
  1
T20
  7
OpenSans
 11
33.4
 21
387.46609597759954
 31
0.0
100
AcDbText
  0
TEXT
  5
188
330
17
100
AcDbEntity
  8
S-TABLE
100
AcDbText
 10
44.4
 20
387.46609597759954
 30
0.0
 40
1.4678080447999995
  1
00
  7
OpenSans
 11
44.4
 21
387.46609597759954
 31
0.0
100
AcDbText
  0
TEXT
  5
189
330
17
100
AcDbEntity
  8
S-TABLE
100
AcDbText
 10
54.4
 20
387.46609597759954
 30
0.0
 40
1.4678080447999995
  1
150
  7
OpenSans
 11
54.4
 21
387.46609597759954
 31
0.0
100
AcDbText
  0
TEXT
  5
18A
330
17
100
AcDbEntity
  8
S-TABLE
100
AcDbText
 10
67.4
 20
387.46609597759954
 30
0.0
 40
1.4678080447999995
  1
66
  7
OpenSans
 11
67.4
 21
387.46609597759954
 31
0.0
100
AcDbText
  0
TEXT
  5
18B
330
17
100
AcDbEntity
  8
S-TABLE
100
AcDbText
 10
80.4
 20
387.46609597759954
 30
0.0
 40
1.4678080447999995
  1
3875
  7
OpenSans
 11
80.4
 21
387.46609597759954
 31
0.0
100
AcDbText
  0
TEXT
  5
18C
330
17
100
AcDbEntity
  8
S-TABLE
100
AcDbText
 10
96.4
 20
387.46609597759954
 30
0.0
 40
1.4678080447999995
  1
255.8
  7
OpenSans
 11
96.4
 21
387.46609597759954
 31
0.0
100
AcDbText
  0
TEXT
  5
18D
330
17
100
AcDbEntity
  8
S-TABLE
100
AcDbText
 10
113.4
 20
387.46609597759954
 30
0.0
 40
1.4678080447999995
  1
631
  7
OpenSans
 11
113.4
 21
387.46609597759954
 31
0.0
100
AcDbText
  0
TEXT
  5
18E
330
17
100
AcDbEntity
  8
S-TABLE
100
AcDbText
 10
131.4
 20
387.46609597759954
 30
0.0
 40
1.4678080447999995
  1
WALLS W6 / W7 400 - VERTICAL, SHAFT FACE
  7
OpenSans
 11
131.4
 21
387.46609597759954
 31
0.0
100
AcDbText
  0
LINE
  5
18F
330
17
100
AcDbEntity
  8
S-TABLE
100
AcDbLine
 10
16.0
 20
384.3999999999995
 30
0.0
 11
218.0
 21
384.3999999999995
 31
0.0
  0
TEXT
  5
190
330
17
100
AcDbEntity
  8
S-TABLE
100
AcDbText
 10
17.4
 20
379.8660959775995
 30
0.0
 40
1.4678080447999995
  1
W08
  7
OpenSans
 11
17.4
 21
379.8660959775995
 31
0.0
100
AcDbText
  0
TEXT
  5
191
330
17
100
AcDbEntity
  8
S-TABLE
100
AcDbText
 10
33.4
 20
379.8660959775995
 30
0.0
 40
1.4678080447999995
  1
T20
  7
OpenSans
 11
33.4
 21
379.8660959775995
 31
0.0
100
AcDbText
  0
TEXT
  5
192
330
17
100
AcDbEntity
  8
S-TABLE
100
AcDbText
 10
44.4
 20
379.8660959775995
 30
0.0
 40
1.4678080447999995
  1
00
  7
OpenSans
 11
44.4
 21
379.8660959775995
 31
0.0
100
AcDbText
  0
TEXT
  5
193
330
17
100
AcDbEntity
  8
S-TABLE
100
AcDbText
 10
54.4
 20
379.8660959775995
 30
0.0
 40
1.4678080447999995
  1
150
  7
OpenSans
 11
54.4
 21
379.8660959775995
 31
0.0
100
AcDbText
  0
TEXT
  5
194
330
17
100
AcDbEntity
  8
S-TABLE
100
AcDbText
 10
67.4
 20
379.8660959775995
 30
0.0
 40
1.4678080447999995
  1
66
  7
OpenSans
 11
67.4
 21
379.8660959775995
 31
0.0
100
AcDbText
  0
TEXT
  5
195
330
17
100
AcDbEntity
  8
S-TABLE
100
AcDbText
 10
80.4
 20
379.8660959775995
 30
0.0
 40
1.4678080447999995
  1
3875
  7
OpenSans
 11
80.4
 21
379.8660959775995
 31
0.0
100
AcDbText
  0
TEXT
  5
196
330
17
100
AcDbEntity
  8
S-TABLE
100
AcDbText
 10
96.4
 20
379.8660959775995
 30
0.0
 40
1.4678080447999995
  1
255.8
  7
OpenSans
 11
96.4
 21
379.8660959775995
 31
0.0
100
AcDbText
  0
TEXT
  5
197
330
17
100
AcDbEntity
  8
S-TABLE
100
AcDbText
 10
113.4
 20
379.8660959775995
 30
0.0
 40
1.4678080447999995
  1
631
  7
OpenSans
 11
113.4
 21
379.8660959775995
 31
0.0
100
AcDbText
  0
TEXT
  5
198
330
17
100
AcDbEntity
  8
S-TABLE
100
AcDbText
 10
131.4
 20
379.8660959775995
 30
0.0
 40
1.4678080447999995
  1
WALLS W6 / W7 400 - VERTICAL, ROOM FACE
  7
OpenSans
 11
131.4
 21
379.8660959775995
 31
0.0
100
AcDbText
  0
LINE
  5
199
330
17
100
AcDbEntity
  8
S-TABLE
100
AcDbLine
 10
16.0
 20
376.7999999999995
 30
0.0
 11
218.0
 21
376.7999999999995
 31
0.0
  0
TEXT
  5
19A
330
17
100
AcDbEntity
  8
S-TABLE
100
AcDbText
 10
17.4
 20
372.2660959775995
 30
0.0
 40
1.4678080447999995
  1
W09
  7
OpenSans
 11
17.4
 21
372.2660959775995
 31
0.0
100
AcDbText
  0
TEXT
  5
19B
330
17
100
AcDbEntity
  8
S-TABLE
100
AcDbText
 10
33.4
 20
372.2660959775995
 30
0.0
 40
1.4678080447999995
  1
T20
  7
OpenSans
 11
33.4
 21
372.2660959775995
 31
0.0
100
AcDbText
  0
TEXT
  5
19C
330
17
100
AcDbEntity
  8
S-TABLE
100
AcDbText
 10
44.4
 20
372.2660959775995
 30
0.0
 40
1.4678080447999995
  1
21
  7
OpenSans
 11
44.4
 21
372.2660959775995
 31
0.0
100
AcDbText
  0
TEXT
  5
19D
330
17
100
AcDbEntity
  8
S-TABLE
100
AcDbText
 10
54.4
 20
372.2660959775995
 30
0.0
 40
1.4678080447999995
  1
150
  7
OpenSans
 11
54.4
 21
372.2660959775995
 31
0.0
100
AcDbText
  0
TEXT
  5
19E
330
17
100
AcDbEntity
  8
S-TABLE
100
AcDbText
 10
67.4
 20
372.2660959775995
 30
0.0
 40
1.4678080447999995
  1
44
  7
OpenSans
 11
67.4
 21
372.2660959775995
 31
0.0
100
AcDbText
  0
TEXT
  5
19F
330
17
100
AcDbEntity
  8
S-TABLE
100
AcDbText
 10
80.4
 20
372.2660959775995
 30
0.0
 40
1.4678080447999995
  1
6600
  7
OpenSans
 11
80.4
 21
372.2660959775995
 31
0.0
100
AcDbText
  0
TEXT
  5
1A0
330
17
100
AcDbEntity
  8
S-TABLE
100
AcDbText
 10
96.4
 20
372.2660959775995
 30
0.0
 40
1.4678080447999995
  1
290.4
  7
OpenSans
 11
96.4
 21
372.2660959775995
 31
0.0
100
AcDbText
  0
TEXT
  5
1A1
330
17
100
AcDbEntity
  8
S-TABLE
100
AcDbText
 10
113.4
 20
372.2660959775995
 30
0.0
 40
1.4678080447999995
  1
716
  7
OpenSans
 11
113.4
 21
372.2660959775995
 31
0.0
100
AcDbText
  0
TEXT
  5
1A2
330
17
100
AcDbEntity
  8
S-TABLE
100
AcDbText
 10
131.4
 20
372.2660959775995
 30
0.0
 40
1.4678080447999995
  1
WALLS W6 / W7 400 - HORIZONTAL, SHAFT FACE
  7
OpenSans
 11
131.4
 21
372.2660959775995
 31
0.0
100
AcDbText
  0
LINE
  5
1A3
330
17
100
AcDbEntity
  8
S-TABLE
100
AcDbLine
 10
16.0
 20
369.1999999999995
 30
0.0
 11
218.0
 21
369.1999999999995
 31
0.0
  0
TEXT
  5
1A4
330
17
100
AcDbEntity
  8
S-TABLE
100
AcDbText
 10
17.4
 20
364.66609597759947
 30
0.0
 40
1.4678080447999995
  1
W10
  7
OpenSans
 11
17.4
 21
364.66609597759947
 31
0.0
100
AcDbText
  0
TEXT
  5
1A5
330
17
100
AcDbEntity
  8
S-TABLE
100
AcDbText
 10
33.4
 20
364.66609597759947
 30
0.0
 40
1.4678080447999995
  1
T20
  7
OpenSans
 11
33.4
 21
364.66609597759947
 31
0.0
100
AcDbText
  0
TEXT
  5
1A6
330
17
100
AcDbEntity
  8
S-TABLE
100
AcDbText
 10
44.4
 20
364.66609597759947
 30
0.0
 40
1.4678080447999995
  1
21
  7
OpenSans
 11
44.4
 21
364.66609597759947
 31
0.0
100
AcDbText
  0
TEXT
  5
1A7
330
17
100
AcDbEntity
  8
S-TABLE
100
AcDbText
 10
54.4
 20
364.66609597759947
 30
0.0
 40
1.4678080447999995
  1
150
  7
OpenSans
 11
54.4
 21
364.66609597759947
 31
0.0
100
AcDbText
  0
TEXT
  5
1A8
330
17
100
AcDbEntity
  8
S-TABLE
100
AcDbText
 10
67.4
 20
364.66609597759947
 30
0.0
 40
1.4678080447999995
  1
44
  7
OpenSans
 11
67.4
 21
364.66609597759947
 31
0.0
100
AcDbText
  0
TEXT
  5
1A9
330
17
100
AcDbEntity
  8
S-TABLE
100
AcDbText
 10
80.4
 20
364.66609597759947
 30
0.0
 40
1.4678080447999995
  1
6600
  7
OpenSans
 11
80.4
 21
364.66609597759947
 31
0.0
100
AcDbText
  0
TEXT
  5
1AA
330
17
100
AcDbEntity
  8
S-TABLE
100
AcDbText
 10
96.4
 20
364.66609597759947
 30
0.0
 40
1.4678080447999995
  1
290.4
  7
OpenSans
 11
96.4
 21
364.66609597759947
 31
0.0
100
AcDbText
  0
TEXT
  5
1AB
330
17
100
AcDbEntity
  8
S-TABLE
100
AcDbText
 10
113.4
 20
364.66609597759947
 30
0.0
 40
1.4678080447999995
  1
716
  7
OpenSans
 11
113.4
 21
364.66609597759947
 31
0.0
100
AcDbText
  0
TEXT
  5
1AC
330
17
100
AcDbEntity
  8
S-TABLE
100
AcDbText
 10
131.4
 20
364.66609597759947
 30
0.0
 40
1.4678080447999995
  1
WALLS W6 / W7 400 - HORIZONTAL, ROOM FACE
  7
OpenSans
 11
131.4
 21
364.66609597759947
 31
0.0
100
AcDbText
  0
LINE
  5
1AD
330
17
100
AcDbEntity
  8
S-TABLE
100
AcDbLine
 10
16.0
 20
361.59999999999945
 30
0.0
 11
218.0
 21
361.59999999999945
 31
0.0
  0
TEXT
  5
1AE
330
17
100
AcDbEntity
  8
S-TABLE
100
AcDbText
 10
17.4
 20
357.06609597759945
 30
0.0
 40
1.4678080447999995
  1
W11
  7
OpenSans
 11
17.4
 21
357.06609597759945
 31
0.0
100
AcDbText
  0
TEXT
  5
1AF
330
17
100
AcDbEntity
  8
S-TABLE
100
AcDbText
 10
33.4
 20
357.06609597759945
 30
0.0
 40
1.4678080447999995
  1
T12
  7
OpenSans
 11
33.4
 21
357.06609597759945
 31
0.0
100
AcDbText
  0
TEXT
  5
1B0
330
17
100
AcDbEntity
  8
S-TABLE
100
AcDbText
 10
44.4
 20
357.06609597759945
 30
0.0
 40
1.4678080447999995
  1
51
  7
OpenSans
 11
44.4
 21
357.06609597759945
 31
0.0
100
AcDbText
  0
TEXT
  5
1B1
330
17
100
AcDbEntity
  8
S-TABLE
100
AcDbText
 10
54.4
 20
357.06609597759945
 30
0.0
 40
1.4678080447999995
  1
200 x 200
  7
OpenSans
 11
54.4
 21
357.06609597759945
 31
0.0
100
AcDbText
  0
TEXT
  5
1B2
330
17
100
AcDbEntity
  8
S-TABLE
100
AcDbText
 10
67.4
 20
357.06609597759945
 30
0.0
 40
1.4678080447999995
  1
1600
  7
OpenSans
 11
67.4
 21
357.06609597759945
 31
0.0
100
AcDbText
  0
TEXT
  5
1B3
330
17
100
AcDbEntity
  8
S-TABLE
100
AcDbText
 10
80.4
 20
357.06609597759945
 30
0.0
 40
1.4678080447999995
  1
1140
  7
OpenSans
 11
80.4
 21
357.06609597759945
 31
0.0
100
AcDbText
  0
TEXT
  5
1B4
330
17
100
AcDbEntity
  8
S-TABLE
100
AcDbText
 10
96.4
 20
357.06609597759945
 30
0.0
 40
1.4678080447999995
  1
1824.0
  7
OpenSans
 11
96.4
 21
357.06609597759945
 31
0.0
100
AcDbText
  0
TEXT
  5
1B5
330
17
100
AcDbEntity
  8
S-TABLE
100
AcDbText
 10
113.4
 20
357.06609597759945
 30
0.0
 40
1.4678080447999995
  1
1619
  7
OpenSans
 11
113.4
 21
357.06609597759945
 31
0.0
100
AcDbText
  0
TEXT
  5
1B6
330
17
100
AcDbEntity
  8
S-TABLE
100
AcDbText
 10
131.4
 20
357.06609597759945
 30
0.0
 40
1.4678080447999995
  1
WALLS W6 / W7 400 - 4-LEGGED LINKS @ 200 (2 CLOSED LINKS/NODE)
  7
OpenSans
 11
131.4
 21
357.06609597759945
 31
0.0
100
AcDbText
  0
LINE
  5
1B7
330
17
100
AcDbEntity
  8
S-TABLE
100
AcDbLine
 10
16.0
 20
353.99999999999943
 30
0.0
 11
218.0
 21
353.99999999999943
 31
0.0
  0
TEXT
  5
1B8
330
17
100
AcDbEntity
  8
S-TABLE
100
AcDbText
 10
17.4
 20
349.4660959775994
 30
0.0
 40
1.4678080447999995
  1
W12
  7
OpenSans
 11
17.4
 21
349.4660959775994
 31
0.0
100
AcDbText
  0
TEXT
  5
1B9
330
17
100
AcDbEntity
  8
S-TABLE
100
AcDbText
 10
33.4
 20
349.4660959775994
 30
0.0
 40
1.4678080447999995
  1
T20
  7
OpenSans
 11
33.4
 21
349.4660959775994
 31
0.0
100
AcDbText
  0
TEXT
  5
1BA
330
17
100
AcDbEntity
  8
S-TABLE
100
AcDbText
 10
44.4
 20
349.4660959775994
 30
0.0
 40
1.4678080447999995
  1
00
  7
OpenSans
 11
44.4
 21
349.4660959775994
 31
0.0
100
AcDbText
  0
TEXT
  5
1BB
330
17
100
AcDbEntity
  8
S-TABLE
100
AcDbText
 10
54.4
 20
349.4660959775994
 30
0.0
 40
1.4678080447999995
  1
150
  7
OpenSans
 11
54.4
 21
349.4660959775994
 31
0.0
100
AcDbText
  0
TEXT
  5
1BC
330
17
100
AcDbEntity
  8
S-TABLE
100
AcDbText
 10
67.4
 20
349.4660959775994
 30
0.0
 40
1.4678080447999995
  1
132
  7
OpenSans
 11
67.4
 21
349.4660959775994
 31
0.0
100
AcDbText
  0
TEXT
  5
1BD
330
17
100
AcDbEntity
  8
S-TABLE
100
AcDbText
 10
80.4
 20
349.4660959775994
 30
0.0
 40
1.4678080447999995
  1
2307
  7
OpenSans
 11
80.4
 21
349.4660959775994
 31
0.0
100
AcDbText
  0
TEXT
  5
1BE
330
17
100
AcDbEntity
  8
S-TABLE
100
AcDbText
 10
96.4
 20
349.4660959775994
 30
0.0
 40
1.4678080447999995
  1
304.5
  7
OpenSans
 11
96.4
 21
349.4660959775994
 31
0.0
100
AcDbText
  0
TEXT
  5
1BF
330
17
100
AcDbEntity
  8
S-TABLE
100
AcDbText
 10
113.4
 20
349.4660959775994
 30
0.0
 40
1.4678080447999995
  1
751
  7
OpenSans
 11
113.4
 21
349.4660959775994
 31
0.0
100
AcDbText
  0
TEXT
  5
1C0
330
17
100
AcDbEntity
  8
S-TABLE
100
AcDbText
 10
131.4
 20
349.4660959775994
 30
0.0
 40
1.4678080447999995
  1
WALLS W6 / W7 400 - HAUNCH DIAGONALS
  7
OpenSans
 11
131.4
 21
349.4660959775994
 31
0.0
100
AcDbText
  0
LINE
  5
1C1
330
17
100
AcDbEntity
  8
S-TABLE
100
AcDbLine
 10
16.0
 20
346.3999999999994
 30
0.0
 11
218.0
 21
346.3999999999994
 31
0.0
  0
TEXT
  5
1C2
330
17
100
AcDbEntity
  8
S-TABLE
100
AcDbText
 10
17.4
 20
341.8660959775994
 30
0.0
 40
1.4678080447999995
  1
W13
  7
OpenSans
 11
17.4
 21
341.8660959775994
 31
0.0
100
AcDbText
  0
TEXT
  5
1C3
330
17
100
AcDbEntity
  8
S-TABLE
100
AcDbText
 10
33.4
 20
341.8660959775994
 30
0.0
 40
1.4678080447999995
  1
T20
  7
OpenSans
 11
33.4
 21
341.8660959775994
 31
0.0
100
AcDbText
  0
TEXT
  5
1C4
330
17
100
AcDbEntity
  8
S-TABLE
100
AcDbText
 10
44.4
 20
341.8660959775994
 30
0.0
 40
1.4678080447999995
  1
00
  7
OpenSans
 11
44.4
 21
341.8660959775994
 31
0.0
100
AcDbText
  0
TEXT
  5
1C5
330
17
100
AcDbEntity
  8
S-TABLE
100
AcDbText
 10
54.4
 20
341.8660959775994
 30
0.0
 40
1.4678080447999995
  1
-
  7
OpenSans
 11
54.4
 21
341.8660959775994
 31
0.0
100
AcDbText
  0
TEXT
  5
1C6
330
17
100
AcDbEntity
  8
S-TABLE
100
AcDbText
 10
67.4
 20
341.8660959775994
 30
0.0
 40
1.4678080447999995
  1
32
  7
OpenSans
 11
67.4
 21
341.8660959775994
 31
0.0
100
AcDbText
  0
TEXT
  5
1C7
330
17
100
AcDbEntity
  8
S-TABLE
100
AcDbText
 10
80.4
 20
341.8660959775994
 30
0.0
 40
1.4678080447999995
  1
3700
  7
OpenSans
 11
80.4
 21
341.8660959775994
 31
0.0
100
AcDbText
  0
TEXT
  5
1C8
330
17
100
AcDbEntity
  8
S-TABLE
100
AcDbText
 10
96.4
 20
341.8660959775994
 30
0.0
 40
1.4678080447999995
  1
118.4
  7
OpenSans
 11
96.4
 21
341.8660959775994
 31
0.0
100
AcDbText
  0
TEXT
  5
1C9
330
17
100
AcDbEntity
  8
S-TABLE
100
AcDbText
 10
113.4
 20
341.8660959775994
 30
0.0
 40
1.4678080447999995
  1
292
  7
OpenSans
 11
113.4
 21
341.8660959775994
 31
0.0
100
AcDbText
  0
TEXT
  5
1CA
330
17
100
AcDbEntity
  8
S-TABLE
100
AcDbText
 10
131.4
 20
341.8660959775994
 30
0.0
 40
1.4678080447999995
  1
BLAST DOORS 1 AND 2 - JAMB BARS, 4-T20 EACH JAMB EACH FACE
  7
OpenSans
 11
131.4
 21
341.8660959775994
 31
0.0
100
AcDbText
  0
LINE
  5
1CB
330
17
100
AcDbEntity
  8
S-TABLE
100
AcDbLine
 10
16.0
 20
338.7999999999994
 30
0.0
 11
218.0
 21
338.7999999999994
 31
0.0
  0
TEXT
  5
1CC
330
17
100
AcDbEntity
  8
S-TABLE
100
AcDbText
 10
17.4
 20
334.2660959775994
 30
0.0
 40
1.4678080447999995
  1
W14
  7
OpenSans
 11
17.4
 21
334.2660959775994
 31
0.0
100
AcDbText
  0
TEXT
  5
1CD
330
17
100
AcDbEntity
  8
S-TABLE
100
AcDbText
 10
33.4
 20
334.2660959775994
 30
0.0
 40
1.4678080447999995
  1
T12
  7
OpenSans
 11
33.4
 21
334.2660959775994
 31
0.0
100
AcDbText
  0
TEXT
  5
1CE
330
17
100
AcDbEntity
  8
S-TABLE
100
AcDbText
 10
44.4
 20
334.2660959775994
 30
0.0
 40
1.4678080447999995
  1
51
  7
OpenSans
 11
44.4
 21
334.2660959775994
 31
0.0
100
AcDbText
  0
TEXT
  5
1CF
330
17
100
AcDbEntity
  8
S-TABLE
100
AcDbText
 10
54.4
 20
334.2660959775994
 30
0.0
 40
1.4678080447999995
  1
150
  7
OpenSans
 11
54.4
 21
334.2660959775994
 31
0.0
100
AcDbText
  0
TEXT
  5
1D0
330
17
100
AcDbEntity
  8
S-TABLE
100
AcDbText
 10
67.4
 20
334.2660959775994
 30
0.0
 40
1.4678080447999995
  1
96
  7
OpenSans
 11
67.4
 21
334.2660959775994
 31
0.0
100
AcDbText
  0
TEXT
  5
1D1
330
17
100
AcDbEntity
  8
S-TABLE
100
AcDbText
 10
80.4
 20
334.2660959775994
 30
0.0
 40
1.4678080447999995
  1
1240
  7
OpenSans
 11
80.4
 21
334.2660959775994
 31
0.0
100
AcDbText
  0
TEXT
  5
1D2
330
17
100
AcDbEntity
  8
S-TABLE
100
AcDbText
 10
96.4
 20
334.2660959775994
 30
0.0
 40
1.4678080447999995
  1
119.0
  7
OpenSans
 11
96.4
 21
334.2660959775994
 31
0.0
100
AcDbText
  0
TEXT
  5
1D3
330
17
100
AcDbEntity
  8
S-TABLE
100
AcDbText
 10
113.4
 20
334.2660959775994
 30
0.0
 40
1.4678080447999995
  1
106
  7
OpenSans
 11
113.4
 21
334.2660959775994
 31
0.0
100
AcDbText
  0
TEXT
  5
1D4
330
17
100
AcDbEntity
  8
S-TABLE
100
AcDbText
 10
131.4
 20
334.2660959775994
 30
0.0
 40
1.4678080447999995
  1
BLAST DOORS 1 AND 2 - JAMB LINKS @ 150
  7
OpenSans
 11
131.4
 21
334.2660959775994
 31
0.0
100
AcDbText
  0
LINE
  5
1D5
330
17
100
AcDbEntity
  8
S-TABLE
100
AcDbLine
 10
16.0
 20
331.19999999999936
 30
0.0
 11
218.0
 21
331.19999999999936
 31
0.0
  0
TEXT
  5
1D6
330
17
100
AcDbEntity
  8
S-TABLE
100
AcDbText
 10
17.4
 20
326.66609597759935
 30
0.0
 40
1.4678080447999995
  1
W15
  7
OpenSans
 11
17.4
 21
326.66609597759935
 31
0.0
100
AcDbText
  0
TEXT
  5
1D7
330
17
100
AcDbEntity
  8
S-TABLE
100
AcDbText
 10
33.4
 20
326.66609597759935
 30
0.0
 40
1.4678080447999995
  1
T16
  7
OpenSans
 11
33.4
 21
326.66609597759935
 31
0.0
100
AcDbText
  0
TEXT
  5
1D8
330
17
100
AcDbEntity
  8
S-TABLE
100
AcDbText
 10
44.4
 20
326.66609597759935
 30
0.0
 40
1.4678080447999995
  1
21
  7
OpenSans
 11
44.4
 21
326.66609597759935
 31
0.0
100
AcDbText
  0
TEXT
  5
1D9
330
17
100
AcDbEntity
  8
S-TABLE
100
AcDbText
 10
54.4
 20
326.66609597759935
 30
0.0
 40
1.4678080447999995
  1
150
  7
OpenSans
 11
54.4
 21
326.66609597759935
 31
0.0
100
AcDbText
  0
TEXT
  5
1DA
330
17
100
AcDbEntity
  8
S-TABLE
100
AcDbText
 10
67.4
 20
326.66609597759935
 30
0.0
 40
1.4678080447999995
  1
88
  7
OpenSans
 11
67.4
 21
326.66609597759935
 31
0.0
100
AcDbText
  0
TEXT
  5
1DB
330
17
100
AcDbEntity
  8
S-TABLE
100
AcDbText
 10
80.4
 20
326.66609597759935
 30
0.0
 40
1.4678080447999995
  1
1580
  7
OpenSans
 11
80.4
 21
326.66609597759935
 31
0.0
100
AcDbText
  0
TEXT
  5
1DC
330
17
100
AcDbEntity
  8
S-TABLE
100
AcDbText
 10
96.4
 20
326.66609597759935
 30
0.0
 40
1.4678080447999995
  1
139.0
  7
OpenSans
 11
96.4
 21
326.66609597759935
 31
0.0
100
AcDbText
  0
TEXT
  5
1DD
330
17
100
AcDbEntity
  8
S-TABLE
100
AcDbText
 10
113.4
 20
326.66609597759935
 30
0.0
 40
1.4678080447999995
  1
219
  7
OpenSans
 11
113.4
 21
326.66609597759935
 31
0.0
100
AcDbText
  0
TEXT
  5
1DE
330
17
100
AcDbEntity
  8
S-TABLE
100
AcDbText
 10
131.4
 20
326.66609597759935
 30
0.0
 40
1.4678080447999995
  1
BLAST DOORS 1 AND 2 - REVEAL U-BARS, BOTH FACES
  7
OpenSans
 11
131.4
 21
326.66609597759935
 31
0.0
100
AcDbText
  0
LINE
  5
1DF
330
17
100
AcDbEntity
  8
S-TABLE
100
AcDbLine
 10
16.0
 20
323.59999999999934
 30
0.0
 11
218.0
 21
323.59999999999934
 31
0.0
  0
TEXT
  5
1E0
330
17
100
AcDbEntity
  8
S-TABLE
100
AcDbText
 10
17.4
 20
319.06609597759933
 30
0.0
 40
1.4678080447999995
  1
W16
  7
OpenSans
 11
17.4
 21
319.06609597759933
 31
0.0
100
AcDbText
  0
TEXT
  5
1E1
330
17
100
AcDbEntity
  8
S-TABLE
100
AcDbText
 10
33.4
 20
319.06609597759933
 30
0.0
 40
1.4678080447999995
  1
T12
  7
OpenSans
 11
33.4
 21
319.06609597759933
 31
0.0
100
AcDbText
  0
TEXT
  5
1E2
330
17
100
AcDbEntity
  8
S-TABLE
100
AcDbText
 10
44.4
 20
319.06609597759933
 30
0.0
 40
1.4678080447999995
  1
00
  7
OpenSans
 11
44.4
 21
319.06609597759933
 31
0.0
100
AcDbText
  0
TEXT
  5
1E3
330
17
100
AcDbEntity
  8
S-TABLE
100
AcDbText
 10
54.4
 20
319.06609597759933
 30
0.0
 40
1.4678080447999995
  1
150
  7
OpenSans
 11
54.4
 21
319.06609597759933
 31
0.0
100
AcDbText
  0
TEXT
  5
1E4
330
17
100
AcDbEntity
  8
S-TABLE
100
AcDbText
 10
67.4
 20
319.06609597759933
 30
0.0
 40
1.4678080447999995
  1
66
  7
OpenSans
 11
67.4
 21
319.06609597759933
 31
0.0
100
AcDbText
  0
TEXT
  5
1E5
330
17
100
AcDbEntity
  8
S-TABLE
100
AcDbText
 10
80.4
 20
319.06609597759933
 30
0.0
 40
1.4678080447999995
  1
3875
  7
OpenSans
 11
80.4
 21
319.06609597759933
 31
0.0
100
AcDbText
  0
TEXT
  5
1E6
330
17
100
AcDbEntity
  8
S-TABLE
100
AcDbText
 10
96.4
 20
319.06609597759933
 30
0.0
 40
1.4678080447999995
  1
255.8
  7
OpenSans
 11
96.4
 21
319.06609597759933
 31
0.0
100
AcDbText
  0
TEXT
  5
1E7
330
17
100
AcDbEntity
  8
S-TABLE
100
AcDbText
 10
113.4
 20
319.06609597759933
 30
0.0
 40
1.4678080447999995
  1
227
  7
OpenSans
 11
113.4
 21
319.06609597759933
 31
0.0
100
AcDbText
  0
TEXT
  5
1E8
330
17
100
AcDbEntity
  8
S-TABLE
100
AcDbText
 10
131.4
 20
319.06609597759933
 30
0.0
 40
1.4678080447999995
  1
WALL W5 200 - VERTICAL, EACH FACE
  7
OpenSans
 11
131.4
 21
319.06609597759933
 31
0.0
100
AcDbText
  0
LINE
  5
1E9
330
17
100
AcDbEntity
  8
S-TABLE
100
AcDbLine
 10
16.0
 20
315.9999999999993
 30
0.0
 11
218.0
 21
315.9999999999993
 31
0.0
  0
TEXT
  5
1EA
330
17
100
AcDbEntity
  8
S-TABLE
100
AcDbText
 10
17.4
 20
311.4660959775993
 30
0.0
 40
1.4678080447999995
  1
W17
  7
OpenSans
 11
17.4
 21
311.4660959775993
 31
0.0
100
AcDbText
  0
TEXT
  5
1EB
330
17
100
AcDbEntity
  8
S-TABLE
100
AcDbText
 10
33.4
 20
311.4660959775993
 30
0.0
 40
1.4678080447999995
  1
T12
  7
OpenSans
 11
33.4
 21
311.4660959775993
 31
0.0
100
AcDbText
  0
TEXT
  5
1EC
330
17
100
AcDbEntity
  8
S-TABLE
100
AcDbText
 10
44.4
 20
311.4660959775993
 30
0.0
 40
1.4678080447999995
  1
21
  7
OpenSans
 11
44.4
 21
311.4660959775993
 31
0.0
100
AcDbText
  0
TEXT
  5
1ED
330
17
100
AcDbEntity
  8
S-TABLE
100
AcDbText
 10
54.4
 20
311.4660959775993
 30
0.0
 40
1.4678080447999995
  1
150
  7
OpenSans
 11
54.4
 21
311.4660959775993
 31
0.0
100
AcDbText
  0
TEXT
  5
1EE
330
17
100
AcDbEntity
  8
S-TABLE
100
AcDbText
 10
67.4
 20
311.4660959775993
 30
0.0
 40
1.4678080447999995
  1
44
  7
OpenSans
 11
67.4
 21
311.4660959775993
 31
0.0
100
AcDbText
  0
TEXT
  5
1EF
330
17
100
AcDbEntity
  8
S-TABLE
100
AcDbText
 10
80.4
 20
311.4660959775993
 30
0.0
 40
1.4678080447999995
  1
5960
  7
OpenSans
 11
80.4
 21
311.4660959775993
 31
0.0
100
AcDbText
  0
TEXT
  5
1F0
330
17
100
AcDbEntity
  8
S-TABLE
100
AcDbText
 10
96.4
 20
311.4660959775993
 30
0.0
 40
1.4678080447999995
  1
262.2
  7
OpenSans
 11
96.4
 21
311.4660959775993
 31
0.0
100
AcDbText
  0
TEXT
  5
1F1
330
17
100
AcDbEntity
  8
S-TABLE
100
AcDbText
 10
113.4
 20
311.4660959775993
 30
0.0
 40
1.4678080447999995
  1
233
  7
OpenSans
 11
113.4
 21
311.4660959775993
 31
0.0
100
AcDbText
  0
TEXT
  5
1F2
330
17
100
AcDbEntity
  8
S-TABLE
100
AcDbText
 10
131.4
 20
311.4660959775993
 30
0.0
 40
1.4678080447999995
  1
WALL W5 200 - HORIZONTAL, EACH FACE
  7
OpenSans
 11
131.4
 21
311.4660959775993
 31
0.0
100
AcDbText
  0
LINE
  5
1F3
330
17
100
AcDbEntity
  8
S-TABLE
100
AcDbLine
 10
16.0
 20
308.3999999999993
 30
0.0
 11
218.0
 21
308.3999999999993
 31
0.0
  0
TEXT
  5
1F4
330
17
100
AcDbEntity
  8
S-TABLE
100
AcDbText
 10
17.4
 20
303.8660959775993
 30
0.0
 40
1.4678080447999995
  1
S01A
  7
OpenSans
 11
17.4
 21
303.8660959775993
 31
0.0
100
AcDbText
  0
TEXT
  5
1F5
330
17
100
AcDbEntity
  8
S-TABLE
100
AcDbText
 10
33.4
 20
303.8660959775993
 30
0.0
 40
1.4678080447999995
  1
T25
  7
OpenSans
 11
33.4
 21
303.8660959775993
 31
0.0
100
AcDbText
  0
TEXT
  5
1F6
330
17
100
AcDbEntity
  8
S-TABLE
100
AcDbText
 10
44.4
 20
303.8660959775993
 30
0.0
 40
1.4678080447999995
  1
00
  7
OpenSans
 11
44.4
 21
303.8660959775993
 31
0.0
100
AcDbText
  0
TEXT
  5
1F7
330
17
100
AcDbEntity
  8
S-TABLE
100
AcDbText
 10
54.4
 20
303.8660959775993
 30
0.0
 40
1.4678080447999995
  1
150
  7
OpenSans
 11
54.4
 21
303.8660959775993
 31
0.0
100
AcDbText
  0
TEXT
  5
1F8
330
17
100
AcDbEntity
  8
S-TABLE
100
AcDbText
 10
67.4
 20
303.8660959775993
 30
0.0
 40
1.4678080447999995
  1
127
  7
OpenSans
 11
67.4
 21
303.8660959775993
 31
0.0
100
AcDbText
  0
TEXT
  5
1F9
330
17
100
AcDbEntity
  8
S-TABLE
100
AcDbText
 10
80.4
 20
303.8660959775993
 30
0.0
 40
1.4678080447999995
  1
6050
  7
OpenSans
 11
80.4
 21
303.8660959775993
 31
0.0
100
AcDbText
  0
TEXT
  5
1FA
330
17
100
AcDbEntity
  8
S-TABLE
100
AcDbText
 10
96.4
 20
303.8660959775993
 30
0.0
 40
1.4678080447999995
  1
768.4
  7
OpenSans
 11
96.4
 21
303.8660959775993
 31
0.0
100
AcDbText
  0
TEXT
  5
1FB
330
17
100
AcDbEntity
  8
S-TABLE
100
AcDbText
 10
113.4
 20
303.8660959775993
 30
0.0
 40
1.4678080447999995
  1
2961
  7
OpenSans
 11
113.4
 21
303.8660959775993
 31
0.0
100
AcDbText
  0
TEXT
  5
1FC
330
17
100
AcDbEntity
  8
S-TABLE
100
AcDbText
 10
131.4
 20
303.8660959775993
 30
0.0
 40
1.4678080447999995
  1
ROOF SLAB 900 - BOTTOM, TRANSVERSE (Y) - MAIN ZONES
  7
OpenSans
 11
131.4
 21
303.8660959775993
 31
0.0
100
AcDbText
  0
LINE
  5
1FD
330
17
100
AcDbEntity
  8
S-TABLE
100
AcDbLine
 10
16.0
 20
300.7999999999993
 30
0.0
 11
218.0
 21
300.7999999999993
 31
0.0
  0
TEXT
  5
1FE
330
17
100
AcDbEntity
  8
S-TABLE
100
AcDbText
 10
17.4
 20
296.26609597759926
 30
0.0
 40
1.4678080447999995
  1
S01B
  7
OpenSans
 11
17.4
 21
296.26609597759926
 31
0.0
100
AcDbText
  0
TEXT
  5
1FF
330
17
100
AcDbEntity
  8
S-TABLE
100
AcDbText
 10
33.4
 20
296.26609597759926
 30
0.0
 40
1.4678080447999995
  1
T25
  7
OpenSans
 11
33.4
 21
296.26609597759926
 31
0.0
100
AcDbText
  0
TEXT
  5
200
330
17
100
AcDbEntity
  8
S-TABLE
100
AcDbText
 10
44.4
 20
296.26609597759926
 30
0.0
 40
1.4678080447999995
  1
00
  7
OpenSans
 11
44.4
 21
296.26609597759926
 31
0.0
100
AcDbText
  0
TEXT
  5
201
330
17
100
AcDbEntity
  8
S-TABLE
100
AcDbText
 10
54.4
 20
296.26609597759926
 30
0.0
 40
1.4678080447999995
  1
150
  7
OpenSans
 11
54.4
 21
296.26609597759926
 31
0.0
100
AcDbText
  0
TEXT
  5
202
330
17
100
AcDbEntity
  8
S-TABLE
100
AcDbText
 10
67.4
 20
296.26609597759926
 30
0.0
 40
1.4678080447999995
  1
18
  7
OpenSans
 11
67.4
 21
296.26609597759926
 31
0.0
100
AcDbText
  0
TEXT
  5
203
330
17
100
AcDbEntity
  8
S-TABLE
100
AcDbText
 10
80.4
 20
296.26609597759926
 30
0.0
 40
1.4678080447999995
  1
2365
  7
OpenSans
 11
80.4
 21
296.26609597759926
 31
0.0
100
AcDbText
  0
TEXT
  5
204
330
17
100
AcDbEntity
  8
S-TABLE
100
AcDbText
 10
96.4
 20
296.26609597759926
 30
0.0
 40
1.4678080447999995
  1
42.6
  7
OpenSans
 11
96.4
 21
296.26609597759926
 31
0.0
100
AcDbText
  0
TEXT
  5
205
330
17
100
AcDbEntity
  8
S-TABLE
100
AcDbText
 10
113.4
 20
296.26609597759926
 30
0.0
 40
1.4678080447999995
  1
164
  7
OpenSans
 11
113.4
 21
296.26609597759926
 31
0.0
100
AcDbText
  0
TEXT
  5
206
330
17
100
AcDbEntity
  8
S-TABLE
100
AcDbText
 10
131.4
 20
296.26609597759926
 30
0.0
 40
1.4678080447999995
  1
ROOF SLAB 900 - BOTTOM, TRANSVERSE - CANTILEVER PAD
  7
OpenSans
 11
131.4
 21
296.26609597759926
 31
0.0
100
AcDbText
  0
LINE
  5
207
330
17
100
AcDbEntity
  8
S-TABLE
100
AcDbLine
 10
16.0
 20
293.19999999999925
 30
0.0
 11
218.0
 21
293.19999999999925
 31
0.0
  0
TEXT
  5
208
330
17
100
AcDbEntity
  8
S-TABLE
100
AcDbText
 10
17.4
 20
288.66609597759924
 30
0.0
 40
1.4678080447999995
  1
S02A
  7
OpenSans
 11
17.4
 21
288.66609597759924
 31
0.0
100
AcDbText
  0
TEXT
  5
209
330
17
100
AcDbEntity
  8
S-TABLE
100
AcDbText
 10
33.4
 20
288.66609597759924
 30
0.0
 40
1.4678080447999995
  1
T25
  7
OpenSans
 11
33.4
 21
288.66609597759924
 31
0.0
100
AcDbText
  0
TEXT
  5
20A
330
17
100
AcDbEntity
  8
S-TABLE
100
AcDbText
 10
44.4
 20
288.66609597759924
 30
0.0
 40
1.4678080447999995
  1
00
  7
OpenSans
 11
44.4
 21
288.66609597759924
 31
0.0
100
AcDbText
  0
TEXT
  5
20B
330
17
100
AcDbEntity
  8
S-TABLE
100
AcDbText
 10
54.4
 20
288.66609597759924
 30
0.0
 40
1.4678080447999995
  1
150
  7
OpenSans
 11
54.4
 21
288.66609597759924
 31
0.0
100
AcDbText
  0
TEXT
  5
20C
330
17
100
AcDbEntity
  8
S-TABLE
100
AcDbText
 10
67.4
 20
288.66609597759924
 30
0.0
 40
1.4678080447999995
  1
40
  7
OpenSans
 11
67.4
 21
288.66609597759924
 31
0.0
100
AcDbText
  0
TEXT
  5
20D
330
17
100
AcDbEntity
  8
S-TABLE
100
AcDbText
 10
80.4
 20
288.66609597759924
 30
0.0
 40
1.4678080447999995
  1
11550
  7
OpenSans
 11
80.4
 21
288.66609597759924
 31
0.0
100
AcDbText
  0
TEXT
  5
20E
330
17
100
AcDbEntity
  8
S-TABLE
100
AcDbText
 10
96.4
 20
288.66609597759924
 30
0.0
 40
1.4678080447999995
  1
462.0
  7
OpenSans
 11
96.4
 21
288.66609597759924
 31
0.0
100
AcDbText
  0
TEXT
  5
20F
330
17
100
AcDbEntity
  8
S-TABLE
100
AcDbText
 10
113.4
 20
288.66609597759924
 30
0.0
 40
1.4678080447999995
  1
1780
  7
OpenSans
 11
113.4
 21
288.66609597759924
 31
0.0
100
AcDbText
  0
TEXT
  5
210
330
17
100
AcDbEntity
  8
S-TABLE
100
AcDbText
 10
131.4
 20
288.66609597759924
 30
0.0
 40
1.4678080447999995
  1
ROOF SLAB 900 - BOTTOM, LONGITUDINAL (X) - FULL LENGTH BANDS
  7
OpenSans
 11
131.4
 21
288.66609597759924
 31
0.0
100
AcDbText
  0
LINE
  5
211
330
17
100
AcDbEntity
  8
S-TABLE
100
AcDbLine
 10
16.0
 20
285.5999999999992
 30
0.0
 11
218.0
 21
285.5999999999992
 31
0.0
  0
TEXT
  5
212
330
17
100
AcDbEntity
  8
S-TABLE
100
AcDbText
 10
17.4
 20
281.0660959775992
 30
0.0
 40
1.4678080447999995
  1
S02B
  7
OpenSans
 11
17.4
 21
281.0660959775992
 31
0.0
100
AcDbText
  0
TEXT
  5
213
330
17
100
AcDbEntity
  8
S-TABLE
100
AcDbText
 10
33.4
 20
281.0660959775992
 30
0.0
 40
1.4678080447999995
  1
T25
  7
OpenSans
 11
33.4
 21
281.0660959775992
 31
0.0
100
AcDbText
  0
TEXT
  5
214
330
17
100
AcDbEntity
  8
S-TABLE
100
AcDbText
 10
44.4
 20
281.0660959775992
 30
0.0
 40
1.4678080447999995
  1
00
  7
OpenSans
 11
44.4
 21
281.0660959775992
 31
0.0
100
AcDbText
  0
TEXT
  5
215
330
17
100
AcDbEntity
  8
S-TABLE
100
AcDbText
 10
54.4
 20
281.0660959775992
 30
0.0
 40
1.4678080447999995
  1
150
  7
OpenSans
 11
54.4
 21
281.0660959775992
 31
0.0
100
AcDbText
  0
TEXT
  5
216
330
17
100
AcDbEntity
  8
S-TABLE
100
AcDbText
 10
67.4
 20
281.0660959775992
 30
0.0
 40
1.4678080447999995
  1
42
  7
OpenSans
 11
67.4
 21
281.0660959775992
 31
0.0
100
AcDbText
  0
TEXT
  5
217
330
17
100
AcDbEntity
  8
S-TABLE
100
AcDbText
 10
80.4
 20
281.0660959775992
 30
0.0
 40
1.4678080447999995
  1
8188
  7
OpenSans
 11
80.4
 21
281.0660959775992
 31
0.0
100
AcDbText
  0
TEXT
  5
218
330
17
100
AcDbEntity
  8
S-TABLE
100
AcDbText
 10
96.4
 20
281.0660959775992
 30
0.0
 40
1.4678080447999995
  1
343.9
  7
OpenSans
 11
96.4
 21
281.0660959775992
 31
0.0
100
AcDbText
  0
TEXT
  5
219
330
17
100
AcDbEntity
  8
S-TABLE
100
AcDbText
 10
113.4
 20
281.0660959775992
 30
0.0
 40
1.4678080447999995
  1
1325
  7
OpenSans
 11
113.4
 21
281.0660959775992
 31
0.0
100
AcDbText
  0
TEXT
  5
21A
330
17
100
AcDbEntity
  8
S-TABLE
100
AcDbText
 10
131.4
 20
281.0660959775992
 30
0.0
 40
1.4678080447999995
  1
ROOF SLAB 900 - BOTTOM, LONGITUDINAL - WEST OF THE VOID
  7
OpenSans
 11
131.4
 21
281.0660959775992
 31
0.0
100
AcDbText
  0
LINE
  5
21B
330
17
100
AcDbEntity
  8
S-TABLE
100
AcDbLine
 10
16.0
 20
277.9999999999992
 30
0.0
 11
218.0
 21
277.9999999999992
 31
0.0
  0
TEXT
  5
21C
330
17
100
AcDbEntity
  8
S-TABLE
100
AcDbText
 10
17.4
 20
273.4660959775992
 30
0.0
 40
1.4678080447999995
  1
S02C
  7
OpenSans
 11
17.4
 21
273.4660959775992
 31
0.0
100
AcDbText
  0
TEXT
  5
21D
330
17
100
AcDbEntity
  8
S-TABLE
100
AcDbText
 10
33.4
 20
273.4660959775992
 30
0.0
 40
1.4678080447999995
  1
T25
  7
OpenSans
 11
33.4
 21
273.4660959775992
 31
0.0
100
AcDbText
  0
TEXT
  5
21E
330
17
100
AcDbEntity
  8
S-TABLE
100
AcDbText
 10
44.4
 20
273.4660959775992
 30
0.0
 40
1.4678080447999995
  1
00
  7
OpenSans
 11
44.4
 21
273.4660959775992
 31
0.0
100
AcDbText
  0
TEXT
  5
21F
330
17
100
AcDbEntity
  8
S-TABLE
100
AcDbText
 10
54.4
 20
273.4660959775992
 30
0.0
 40
1.4678080447999995
  1
150
  7
OpenSans
 11
54.4
 21
273.4660959775992
 31
0.0
100
AcDbText
  0
TEXT
  5
220
330
17
100
AcDbEntity
  8
S-TABLE
100
AcDbText
 10
67.4
 20
273.4660959775992
 30
0.0
 40
1.4678080447999995
  1
21
  7
OpenSans
 11
67.4
 21
273.4660959775992
 31
0.0
100
AcDbText
  0
TEXT
  5
221
330
17
100
AcDbEntity
  8
S-TABLE
100
AcDbText
 10
80.4
 20
273.4660959775992
 30
0.0
 40
1.4678080447999995
  1
3925
  7
OpenSans
 11
80.4
 21
273.4660959775992
 31
0.0
100
AcDbText
  0
TEXT
  5
222
330
17
100
AcDbEntity
  8
S-TABLE
100
AcDbText
 10
96.4
 20
273.4660959775992
 30
0.0
 40
1.4678080447999995
  1
82.4
  7
OpenSans
 11
96.4
 21
273.4660959775992
 31
0.0
100
AcDbText
  0
TEXT
  5
223
330
17
100
AcDbEntity
  8
S-TABLE
100
AcDbText
 10
113.4
 20
273.4660959775992
 30
0.0
 40
1.4678080447999995
  1
318
  7
OpenSans
 11
113.4
 21
273.4660959775992
 31
0.0
100
AcDbText
  0
TEXT
  5
224
330
17
100
AcDbEntity
  8
S-TABLE
100
AcDbText
 10
131.4
 20
273.4660959775992
 30
0.0
 40
1.4678080447999995
  1
ROOF SLAB 900 - BOTTOM, LONGITUDINAL - EAST OF THE VOID
  7
OpenSans
 11
131.4
 21
273.4660959775992
 31
0.0
100
AcDbText
  0
LINE
  5
225
330
17
100
AcDbEntity
  8
S-TABLE
100
AcDbLine
 10
16.0
 20
270.3999999999992
 30
0.0
 11
218.0
 21
270.3999999999992
 31
0.0
  0
TEXT
  5
226
330
17
100
AcDbEntity
  8
S-TABLE
100
AcDbText
 10
17.4
 20
265.8660959775992
 30
0.0
 40
1.4678080447999995
  1
S03A
  7
OpenSans
 11
17.4
 21
265.8660959775992
 31
0.0
100
AcDbText
  0
TEXT
  5
227
330
17
100
AcDbEntity
  8
S-TABLE
100
AcDbText
 10
33.4
 20
265.8660959775992
 30
0.0
 40
1.4678080447999995
  1
T25
  7
OpenSans
 11
33.4
 21
265.8660959775992
 31
0.0
100
AcDbText
  0
TEXT
  5
228
330
17
100
AcDbEntity
  8
S-TABLE
100
AcDbText
 10
44.4
 20
265.8660959775992
 30
0.0
 40
1.4678080447999995
  1
00
  7
OpenSans
 11
44.4
 21
265.8660959775992
 31
0.0
100
AcDbText
  0
TEXT
  5
229
330
17
100
AcDbEntity
  8
S-TABLE
100
AcDbText
 10
54.4
 20
265.8660959775992
 30
0.0
 40
1.4678080447999995
  1
150
  7
OpenSans
 11
54.4
 21
265.8660959775992
 31
0.0
100
AcDbText
  0
TEXT
  5
22A
330
17
100
AcDbEntity
  8
S-TABLE
100
AcDbText
 10
67.4
 20
265.8660959775992
 30
0.0
 40
1.4678080447999995
  1
127
  7
OpenSans
 11
67.4
 21
265.8660959775992
 31
0.0
100
AcDbText
  0
TEXT
  5
22B
330
17
100
AcDbEntity
  8
S-TABLE
100
AcDbText
 10
80.4
 20
265.8660959775992
 30
0.0
 40
1.4678080447999995
  1
6050
  7
OpenSans
 11
80.4
 21
265.8660959775992
 31
0.0
100
AcDbText
  0
TEXT
  5
22C
330
17
100
AcDbEntity
  8
S-TABLE
100
AcDbText
 10
96.4
 20
265.8660959775992
 30
0.0
 40
1.4678080447999995
  1
768.4
  7
OpenSans
 11
96.4
 21
265.8660959775992
 31
0.0
100
AcDbText
  0
TEXT
  5
22D
330
17
100
AcDbEntity
  8
S-TABLE
100
AcDbText
 10
113.4
 20
265.8660959775992
 30
0.0
 40
1.4678080447999995
  1
2961
  7
OpenSans
 11
113.4
 21
265.8660959775992
 31
0.0
100
AcDbText
  0
TEXT
  5
22E
330
17
100
AcDbEntity
  8
S-TABLE
100
AcDbText
 10
131.4
 20
265.8660959775992
 30
0.0
 40
1.4678080447999995
  1
ROOF SLAB 900 - TOP, TRANSVERSE (Y) - MAIN ZONES
  7
OpenSans
 11
131.4
 21
265.8660959775992
 31
0.0
100
AcDbText
  0
LINE
  5
22F
330
17
100
AcDbEntity
  8
S-TABLE
100
AcDbLine
 10
16.0
 20
262.79999999999916
 30
0.0
 11
218.0
 21
262.79999999999916
 31
0.0
  0
TEXT
  5
230
330
17
100
AcDbEntity
  8
S-TABLE
100
AcDbText
 10
17.4
 20
258.26609597759915
 30
0.0
 40
1.4678080447999995
  1
S03B
  7
OpenSans
 11
17.4
 21
258.26609597759915
 31
0.0
100
AcDbText
  0
TEXT
  5
231
330
17
100
AcDbEntity
  8
S-TABLE
100
AcDbText
 10
33.4
 20
258.26609597759915
 30
0.0
 40
1.4678080447999995
  1
T25
  7
OpenSans
 11
33.4
 21
258.26609597759915
 31
0.0
100
AcDbText
  0
TEXT
  5
232
330
17
100
AcDbEntity
  8
S-TABLE
100
AcDbText
 10
44.4
 20
258.26609597759915
 30
0.0
 40
1.4678080447999995
  1
00
  7
OpenSans
 11
44.4
 21
258.26609597759915
 31
0.0
100
AcDbText
  0
TEXT
  5
233
330
17
100
AcDbEntity
  8
S-TABLE
100
AcDbText
 10
54.4
 20
258.26609597759915
 30
0.0
 40
1.4678080447999995
  1
150
  7
OpenSans
 11
54.4
 21
258.26609597759915
 31
0.0
100
AcDbText
  0
TEXT
  5
234
330
17
100
AcDbEntity
  8
S-TABLE
100
AcDbText
 10
67.4
 20
258.26609597759915
 30
0.0
 40
1.4678080447999995
  1
18
  7
OpenSans
 11
67.4
 21
258.26609597759915
 31
0.0
100
AcDbText
  0
TEXT
  5
235
330
17
100
AcDbEntity
  8
S-TABLE
100
AcDbText
 10
80.4
 20
258.26609597759915
 30
0.0
 40
1.4678080447999995
  1
2365
  7
OpenSans
 11
80.4
 21
258.26609597759915
 31
0.0
100
AcDbText
  0
TEXT
  5
236
330
17
100
AcDbEntity
  8
S-TABLE
100
AcDbText
 10
96.4
 20
258.26609597759915
 30
0.0
 40
1.4678080447999995
  1
42.6
  7
OpenSans
 11
96.4
 21
258.26609597759915
 31
0.0
100
AcDbText
  0
TEXT
  5
237
330
17
100
AcDbEntity
  8
S-TABLE
100
AcDbText
 10
113.4
 20
258.26609597759915
 30
0.0
 40
1.4678080447999995
  1
164
  7
OpenSans
 11
113.4
 21
258.26609597759915
 31
0.0
100
AcDbText
  0
TEXT
  5
238
330
17
100
AcDbEntity
  8
S-TABLE
100
AcDbText
 10
131.4
 20
258.26609597759915
 30
0.0
 40
1.4678080447999995
  1
ROOF SLAB 900 - TOP, TRANSVERSE - CANTILEVER PAD
  7
OpenSans
 11
131.4
 21
258.26609597759915
 31
0.0
100
AcDbText
  0
LINE
  5
239
330
17
100
AcDbEntity
  8
S-TABLE
100
AcDbLine
 10
16.0
 20
255.19999999999916
 30
0.0
 11
218.0
 21
255.19999999999916
 31
0.0
  0
TEXT
  5
23A
330
17
100
AcDbEntity
  8
S-TABLE
100
AcDbText
 10
17.4
 20
250.66609597759918
 30
0.0
 40
1.4678080447999995
  1
S03C
  7
OpenSans
 11
17.4
 21
250.66609597759918
 31
0.0
100
AcDbText
  0
TEXT
  5
23B
330
17
100
AcDbEntity
  8
S-TABLE
100
AcDbText
 10
33.4
 20
250.66609597759918
 30
0.0
 40
1.4678080447999995
  1
T25
  7
OpenSans
 11
33.4
 21
250.66609597759918
 31
0.0
100
AcDbText
  0
TEXT
  5
23C
330
17
100
AcDbEntity
  8
S-TABLE
100
AcDbText
 10
44.4
 20
250.66609597759918
 30
0.0
 40
1.4678080447999995
  1
00
  7
OpenSans
 11
44.4
 21
250.66609597759918
 31
0.0
100
AcDbText
  0
TEXT
  5
23D
330
17
100
AcDbEntity
  8
S-TABLE
100
AcDbText
 10
54.4
 20
250.66609597759918
 30
0.0
 40
1.4678080447999995
  1
150
  7
OpenSans
 11
54.4
 21
250.66609597759918
 31
0.0
100
AcDbText
  0
TEXT
  5
23E
330
17
100
AcDbEntity
  8
S-TABLE
100
AcDbText
 10
67.4
 20
250.66609597759918
 30
0.0
 40
1.4678080447999995
  1
18
  7
OpenSans
 11
67.4
 21
250.66609597759918
 31
0.0
100
AcDbText
  0
TEXT
  5
23F
330
17
100
AcDbEntity
  8
S-TABLE
100
AcDbText
 10
80.4
 20
250.66609597759918
 30
0.0
 40
1.4678080447999995
  1
525
  7
OpenSans
 11
80.4
 21
250.66609597759918
 31
0.0
100
AcDbText
  0
TEXT
  5
240
330
17
100
AcDbEntity
  8
S-TABLE
100
AcDbText
 10
96.4
 20
250.66609597759918
 30
0.0
 40
1.4678080447999995
  1
9.4
  7
OpenSans
 11
96.4
 21
250.66609597759918
 31
0.0
100
AcDbText
  0
TEXT
  5
241
330
17
100
AcDbEntity
  8
S-TABLE
100
AcDbText
 10
113.4
 20
250.66609597759918
 30
0.0
 40
1.4678080447999995
  1
36
  7
OpenSans
 11
113.4
 21
250.66609597759918
 31
0.0
100
AcDbText
  0
TEXT
  5
242
330
17
100
AcDbEntity
  8
S-TABLE
100
AcDbText
 10
131.4
 20
250.66609597759918
 30
0.0
 40
1.4678080447999995
  1
ROOF SLAB 900 - TOP, TRANSVERSE - STRIP OVER W1 AT THE VOID
  7
OpenSans
 11
131.4
 21
250.66609597759918
 31
0.0
100
AcDbText
  0
LINE
  5
243
330
17
100
AcDbEntity
  8
S-TABLE
100
AcDbLine
 10
16.0
 20
247.59999999999917
 30
0.0
 11
218.0
 21
247.59999999999917
 31
0.0
  0
TEXT
  5
244
330
17
100
AcDbEntity
  8
S-TABLE
100
AcDbText
 10
17.4
 20
243.06609597759916
 30
0.0
 40
1.4678080447999995
  1
S04A
  7
OpenSans
 11
17.4
 21
243.06609597759916
 31
0.0
100
AcDbText
  0
TEXT
  5
245
330
17
100
AcDbEntity
  8
S-TABLE
100
AcDbText
 10
33.4
 20
243.06609597759916
 30
0.0
 40
1.4678080447999995
  1
T25
  7
OpenSans
 11
33.4
 21
243.06609597759916
 31
0.0
100
AcDbText
  0
TEXT
  5
246
330
17
100
AcDbEntity
  8
S-TABLE
100
AcDbText
 10
44.4
 20
243.06609597759916
 30
0.0
 40
1.4678080447999995
  1
00
  7
OpenSans
 11
44.4
 21
243.06609597759916
 31
0.0
100
AcDbText
  0
TEXT
  5
247
330
17
100
AcDbEntity
  8
S-TABLE
100
AcDbText
 10
54.4
 20
243.06609597759916
 30
0.0
 40
1.4678080447999995
  1
150
  7
OpenSans
 11
54.4
 21
243.06609597759916
 31
0.0
100
AcDbText
  0
TEXT
  5
248
330
17
100
AcDbEntity
  8
S-TABLE
100
AcDbText
 10
67.4
 20
243.06609597759916
 30
0.0
 40
1.4678080447999995
  1
40
  7
OpenSans
 11
67.4
 21
243.06609597759916
 31
0.0
100
AcDbText
  0
TEXT
  5
249
330
17
100
AcDbEntity
  8
S-TABLE
100
AcDbText
 10
80.4
 20
243.06609597759916
 30
0.0
 40
1.4678080447999995
  1
11550
  7
OpenSans
 11
80.4
 21
243.06609597759916
 31
0.0
100
AcDbText
  0
TEXT
  5
24A
330
17
100
AcDbEntity
  8
S-TABLE
100
AcDbText
 10
96.4
 20
243.06609597759916
 30
0.0
 40
1.4678080447999995
  1
462.0
  7
OpenSans
 11
96.4
 21
243.06609597759916
 31
0.0
100
AcDbText
  0
TEXT
  5
24B
330
17
100
AcDbEntity
  8
S-TABLE
100
AcDbText
 10
113.4
 20
243.06609597759916
 30
0.0
 40
1.4678080447999995
  1
1780
  7
OpenSans
 11
113.4
 21
243.06609597759916
 31
0.0
100
AcDbText
  0
TEXT
  5
24C
330
17
100
AcDbEntity
  8
S-TABLE
100
AcDbText
 10
131.4
 20
243.06609597759916
 30
0.0
 40
1.4678080447999995
  1
ROOF SLAB 900 - TOP, LONGITUDINAL (X) - FULL LENGTH BANDS
  7
OpenSans
 11
131.4
 21
243.06609597759916
 31
0.0
100
AcDbText
  0
LINE
  5
24D
330
17
100
AcDbEntity
  8
S-TABLE
100
AcDbLine
 10
16.0
 20
239.99999999999918
 30
0.0
 11
218.0
 21
239.99999999999918
 31
0.0
  0
TEXT
  5
24E
330
17
100
AcDbEntity
  8
S-TABLE
100
AcDbText
 10
17.4
 20
235.4660959775992
 30
0.0
 40
1.4678080447999995
  1
S04B
  7
OpenSans
 11
17.4
 21
235.4660959775992
 31
0.0
100
AcDbText
  0
TEXT
  5
24F
330
17
100
AcDbEntity
  8
S-TABLE
100
AcDbText
 10
33.4
 20
235.4660959775992
 30
0.0
 40
1.4678080447999995
  1
T25
  7
OpenSans
 11
33.4
 21
235.4660959775992
 31
0.0
100
AcDbText
  0
TEXT
  5
250
330
17
100
AcDbEntity
  8
S-TABLE
100
AcDbText
 10
44.4
 20
235.4660959775992
 30
0.0
 40
1.4678080447999995
  1
00
  7
OpenSans
 11
44.4
 21
235.4660959775992
 31
0.0
100
AcDbText
  0
TEXT
  5
251
330
17
100
AcDbEntity
  8
S-TABLE
100
AcDbText
 10
54.4
 20
235.4660959775992
 30
0.0
 40
1.4678080447999995
  1
150
  7
OpenSans
 11
54.4
 21
235.4660959775992
 31
0.0
100
AcDbText
  0
TEXT
  5
252
330
17
100
AcDbEntity
  8
S-TABLE
100
AcDbText
 10
67.4
 20
235.4660959775992
 30
0.0
 40
1.4678080447999995
  1
42
  7
OpenSans
 11
67.4
 21
235.4660959775992
 31
0.0
100
AcDbText
  0
TEXT
  5
253
330
17
100
AcDbEntity
  8
S-TABLE
100
AcDbText
 10
80.4
 20
235.4660959775992
 30
0.0
 40
1.4678080447999995
  1
8188
  7
OpenSans
 11
80.4
 21
235.4660959775992
 31
0.0
100
AcDbText
  0
TEXT
  5
254
330
17
100
AcDbEntity
  8
S-TABLE
100
AcDbText
 10
96.4
 20
235.4660959775992
 30
0.0
 40
1.4678080447999995
  1
343.9
  7
OpenSans
 11
96.4
 21
235.4660959775992
 31
0.0
100
AcDbText
  0
TEXT
  5
255
330
17
100
AcDbEntity
  8
S-TABLE
100
AcDbText
 10
113.4
 20
235.4660959775992
 30
0.0
 40
1.4678080447999995
  1
1325
  7
OpenSans
 11
113.4
 21
235.4660959775992
 31
0.0
100
AcDbText
  0
TEXT
  5
256
330
17
100
AcDbEntity
  8
S-TABLE
100
AcDbText
 10
131.4
 20
235.4660959775992
 30
0.0
 40
1.4678080447999995
  1
ROOF SLAB 900 - TOP, LONGITUDINAL - WEST OF THE VOID
  7
OpenSans
 11
131.4
 21
235.4660959775992
 31
0.0
100
AcDbText
  0
LINE
  5
257
330
17
100
AcDbEntity
  8
S-TABLE
100
AcDbLine
 10
16.0
 20
232.39999999999918
 30
0.0
 11
218.0
 21
232.39999999999918
 31
0.0
  0
TEXT
  5
258
330
17
100
AcDbEntity
  8
S-TABLE
100
AcDbText
 10
17.4
 20
227.86609597759917
 30
0.0
 40
1.4678080447999995
  1
S04C
  7
OpenSans
 11
17.4
 21
227.86609597759917
 31
0.0
100
AcDbText
  0
TEXT
  5
259
330
17
100
AcDbEntity
  8
S-TABLE
100
AcDbText
 10
33.4
 20
227.86609597759917
 30
0.0
 40
1.4678080447999995
  1
T25
  7
OpenSans
 11
33.4
 21
227.86609597759917
 31
0.0
100
AcDbText
  0
TEXT
  5
25A
330
17
100
AcDbEntity
  8
S-TABLE
100
AcDbText
 10
44.4
 20
227.86609597759917
 30
0.0
 40
1.4678080447999995
  1
00
  7
OpenSans
 11
44.4
 21
227.86609597759917
 31
0.0
100
AcDbText
  0
TEXT
  5
25B
330
17
100
AcDbEntity
  8
S-TABLE
100
AcDbText
 10
54.4
 20
227.86609597759917
 30
0.0
 40
1.4678080447999995
  1
150
  7
OpenSans
 11
54.4
 21
227.86609597759917
 31
0.0
100
AcDbText
  0
TEXT
  5
25C
330
17
100
AcDbEntity
  8
S-TABLE
100
AcDbText
 10
67.4
 20
227.86609597759917
 30
0.0
 40
1.4678080447999995
  1
21
  7
OpenSans
 11
67.4
 21
227.86609597759917
 31
0.0
100
AcDbText
  0
TEXT
  5
25D
330
17
100
AcDbEntity
  8
S-TABLE
100
AcDbText
 10
80.4
 20
227.86609597759917
 30
0.0
 40
1.4678080447999995
  1
3925
  7
OpenSans
 11
80.4
 21
227.86609597759917
 31
0.0
100
AcDbText
  0
TEXT
  5
25E
330
17
100
AcDbEntity
  8
S-TABLE
100
AcDbText
 10
96.4
 20
227.86609597759917
 30
0.0
 40
1.4678080447999995
  1
82.4
  7
OpenSans
 11
96.4
 21
227.86609597759917
 31
0.0
100
AcDbText
  0
TEXT
  5
25F
330
17
100
AcDbEntity
  8
S-TABLE
100
AcDbText
 10
113.4
 20
227.86609597759917
 30
0.0
 40
1.4678080447999995
  1
318
  7
OpenSans
 11
113.4
 21
227.86609597759917
 31
0.0
100
AcDbText
  0
TEXT
  5
260
330
17
100
AcDbEntity
  8
S-TABLE
100
AcDbText
 10
131.4
 20
227.86609597759917
 30
0.0
 40
1.4678080447999995
  1
ROOF SLAB 900 - TOP, LONGITUDINAL - EAST OF THE VOID
  7
OpenSans
 11
131.4
 21
227.86609597759917
 31
0.0
100
AcDbText
  0
LINE
  5
261
330
17
100
AcDbEntity
  8
S-TABLE
100
AcDbLine
 10
16.0
 20
224.7999999999992
 30
0.0
 11
218.0
 21
224.7999999999992
 31
0.0
  0
TEXT
  5
262
330
17
100
AcDbEntity
  8
S-TABLE
100
AcDbText
 10
17.4
 20
220.2660959775992
 30
0.0
 40
1.4678080447999995
  1
S05
  7
OpenSans
 11
17.4
 21
220.2660959775992
 31
0.0
100
AcDbText
  0
TEXT
  5
263
330
17
100
AcDbEntity
  8
S-TABLE
100
AcDbText
 10
33.4
 20
220.2660959775992
 30
0.0
 40
1.4678080447999995
  1
T12
  7
OpenSans
 11
33.4
 21
220.2660959775992
 31
0.0
100
AcDbText
  0
TEXT
  5
264
330
17
100
AcDbEntity
  8
S-TABLE
100
AcDbText
 10
44.4
 20
220.2660959775992
 30
0.0
 40
1.4678080447999995
  1
51
  7
OpenSans
 11
44.4
 21
220.2660959775992
 31
0.0
100
AcDbText
  0
TEXT
  5
265
330
17
100
AcDbEntity
  8
S-TABLE
100
AcDbText
 10
54.4
 20
220.2660959775992
 30
0.0
 40
1.4678080447999995
  1
250 x 250
  7
OpenSans
 11
54.4
 21
220.2660959775992
 31
0.0
100
AcDbText
  0
TEXT
  5
266
330
17
100
AcDbEntity
  8
S-TABLE
100
AcDbText
 10
67.4
 20
220.2660959775992
 30
0.0
 40
1.4678080447999995
  1
1848
  7
OpenSans
 11
67.4
 21
220.2660959775992
 31
0.0
100
AcDbText
  0
TEXT
  5
267
330
17
100
AcDbEntity
  8
S-TABLE
100
AcDbText
 10
80.4
 20
220.2660959775992
 30
0.0
 40
1.4678080447999995
  1
2040
  7
OpenSans
 11
80.4
 21
220.2660959775992
 31
0.0
100
AcDbText
  0
TEXT
  5
268
330
17
100
AcDbEntity
  8
S-TABLE
100
AcDbText
 10
96.4
 20
220.2660959775992
 30
0.0
 40
1.4678080447999995
  1
3769.9
  7
OpenSans
 11
96.4
 21
220.2660959775992
 31
0.0
100
AcDbText
  0
TEXT
  5
269
330
17
100
AcDbEntity
  8
S-TABLE
100
AcDbText
 10
113.4
 20
220.2660959775992
 30
0.0
 40
1.4678080447999995
  1
3347
  7
OpenSans
 11
113.4
 21
220.2660959775992
 31
0.0
100
AcDbText
  0
TEXT
  5
26A
330
17
100
AcDbEntity
  8
S-TABLE
100
AcDbText
 10
131.4
 20
220.2660959775992
 30
0.0
 40
1.4678080447999995
  1
ROOF SLAB 900 - 4-LEGGED LINKS @ 250, END 1500 EACH SIDE
  7
OpenSans
 11
131.4
 21
220.2660959775992
 31
0.0
100
AcDbText
  0
LINE
  5
26B
330
17
100
AcDbEntity
  8
S-TABLE
100
AcDbLine
 10
16.0
 20
217.1999999999992
 30
0.0
 11
218.0
 21
217.1999999999992
 31
0.0
  0
TEXT
  5
26C
330
17
100
AcDbEntity
  8
S-TABLE
100
AcDbText
 10
17.4
 20
212.66609597759918
 30
0.0
 40
1.4678080447999995
  1
S06
  7
OpenSans
 11
17.4
 21
212.66609597759918
 31
0.0
100
AcDbText
  0
TEXT
  5
26D
330
17
100
AcDbEntity
  8
S-TABLE
100
AcDbText
 10
33.4
 20
212.66609597759918
 30
0.0
 40
1.4678080447999995
  1
T12
  7
OpenSans
 11
33.4
 21
212.66609597759918
 31
0.0
100
AcDbText
  0
TEXT
  5
26E
330
17
100
AcDbEntity
  8
S-TABLE
100
AcDbText
 10
44.4
 20
212.66609597759918
 30
0.0
 40
1.4678080447999995
  1
51
  7
OpenSans
 11
44.4
 21
212.66609597759918
 31
0.0
100
AcDbText
  0
TEXT
  5
26F
330
17
100
AcDbEntity
  8
S-TABLE
100
AcDbText
 10
54.4
 20
212.66609597759918
 30
0.0
 40
1.4678080447999995
  1
300 x 300
  7
OpenSans
 11
54.4
 21
212.66609597759918
 31
0.0
100
AcDbText
  0
TEXT
  5
270
330
17
100
AcDbEntity
  8
S-TABLE
100
AcDbText
 10
67.4
 20
212.66609597759918
 30
0.0
 40
1.4678080447999995
  1
384
  7
OpenSans
 11
67.4
 21
212.66609597759918
 31
0.0
100
AcDbText
  0
TEXT
  5
271
330
17
100
AcDbEntity
  8
S-TABLE
100
AcDbText
 10
80.4
 20
212.66609597759918
 30
0.0
 40
1.4678080447999995
  1
2040
  7
OpenSans
 11
80.4
 21
212.66609597759918
 31
0.0
100
AcDbText
  0
TEXT
  5
272
330
17
100
AcDbEntity
  8
S-TABLE
100
AcDbText
 10
96.4
 20
212.66609597759918
 30
0.0
 40
1.4678080447999995
  1
783.4
  7
OpenSans
 11
96.4
 21
212.66609597759918
 31
0.0
100
AcDbText
  0
TEXT
  5
273
330
17
100
AcDbEntity
  8
S-TABLE
100
AcDbText
 10
113.4
 20
212.66609597759918
 30
0.0
 40
1.4678080447999995
  1
695
  7
OpenSans
 11
113.4
 21
212.66609597759918
 31
0.0
100
AcDbText
  0
TEXT
  5
274
330
17
100
AcDbEntity
  8
S-TABLE
100
AcDbText
 10
131.4
 20
212.66609597759918
 30
0.0
 40
1.4678080447999995
  1
ROOF SLAB 900 - 2-LEGGED LINKS @ 300, MID ZONE
  7
OpenSans
 11
131.4
 21
212.66609597759918
 31
0.0
100
AcDbText
  0
LINE
  5
275
330
17
100
AcDbEntity
  8
S-TABLE
100
AcDbLine
 10
16.0
 20
209.5999999999992
 30
0.0
 11
218.0
 21
209.5999999999992
 31
0.0
  0
TEXT
  5
276
330
17
100
AcDbEntity
  8
S-TABLE
100
AcDbText
 10
17.4
 20
205.06609597759922
 30
0.0
 40
1.4678080447999995
  1
S07
  7
OpenSans
 11
17.4
 21
205.06609597759922
 31
0.0
100
AcDbText
  0
TEXT
  5
277
330
17
100
AcDbEntity
  8
S-TABLE
100
AcDbText
 10
33.4
 20
205.06609597759922
 30
0.0
 40
1.4678080447999995
  1
T12
  7
OpenSans
 11
33.4
 21
205.06609597759922
 31
0.0
100
AcDbText
  0
TEXT
  5
278
330
17
100
AcDbEntity
  8
S-TABLE
100
AcDbText
 10
44.4
 20
205.06609597759922
 30
0.0
 40
1.4678080447999995
  1
51
  7
OpenSans
 11
44.4
 21
205.06609597759922
 31
0.0
100
AcDbText
  0
TEXT
  5
279
330
17
100
AcDbEntity
  8
S-TABLE
100
AcDbText
 10
54.4
 20
205.06609597759922
 30
0.0
 40
1.4678080447999995
  1
250 x 250
  7
OpenSans
 11
54.4
 21
205.06609597759922
 31
0.0
100
AcDbText
  0
TEXT
  5
27A
330
17
100
AcDbEntity
  8
S-TABLE
100
AcDbText
 10
67.4
 20
205.06609597759922
 30
0.0
 40
1.4678080447999995
  1
154
  7
OpenSans
 11
67.4
 21
205.06609597759922
 31
0.0
100
AcDbText
  0
TEXT
  5
27B
330
17
100
AcDbEntity
  8
S-TABLE
100
AcDbText
 10
80.4
 20
205.06609597759922
 30
0.0
 40
1.4678080447999995
  1
2040
  7
OpenSans
 11
80.4
 21
205.06609597759922
 31
0.0
100
AcDbText
  0
TEXT
  5
27C
330
17
100
AcDbEntity
  8
S-TABLE
100
AcDbText
 10
96.4
 20
205.06609597759922
 30
0.0
 40
1.4678080447999995
  1
314.2
  7
OpenSans
 11
96.4
 21
205.06609597759922
 31
0.0
100
AcDbText
  0
TEXT
  5
27D
330
17
100
AcDbEntity
  8
S-TABLE
100
AcDbText
 10
113.4
 20
205.06609597759922
 30
0.0
 40
1.4678080447999995
  1
279
  7
OpenSans
 11
113.4
 21
205.06609597759922
 31
0.0
100
AcDbText
  0
TEXT
  5
27E
330
17
100
AcDbEntity
  8
S-TABLE
100
AcDbText
 10
131.4
 20
205.06609597759922
 30
0.0
 40
1.4678080447999995
  1
ROOF CANTILEVER PAD - 4-LEGGED LINKS @ 250 THROUGHOUT THE PAD
  7
OpenSans
 11
131.4
 21
205.06609597759922
 31
0.0
100
AcDbText
  0
LINE
  5
27F
330
17
100
AcDbEntity
  8
S-TABLE
100
AcDbLine
 10
16.0
 20
201.9999999999992
 30
0.0
 11
218.0
 21
201.9999999999992
 31
0.0
  0
TEXT
  5
280
330
17
100
AcDbEntity
  8
S-TABLE
100
AcDbText
 10
17.4
 20
197.4660959775992
 30
0.0
 40
1.4678080447999995
  1
S08
  7
OpenSans
 11
17.4
 21
197.4660959775992
 31
0.0
100
AcDbText
  0
TEXT
  5
281
330
17
100
AcDbEntity
  8
S-TABLE
100
AcDbText
 10
33.4
 20
197.4660959775992
 30
0.0
 40
1.4678080447999995
  1
T25
  7
OpenSans
 11
33.4
 21
197.4660959775992
 31
0.0
100
AcDbText
  0
TEXT
  5
282
330
17
100
AcDbEntity
  8
S-TABLE
100
AcDbText
 10
44.4
 20
197.4660959775992
 30
0.0
 40
1.4678080447999995
  1
00
  7
OpenSans
 11
44.4
 21
197.4660959775992
 31
0.0
100
AcDbText
  0
TEXT
  5
283
330
17
100
AcDbEntity
  8
S-TABLE
100
AcDbText
 10
54.4
 20
197.4660959775992
 30
0.0
 40
1.4678080447999995
  1
-
  7
OpenSans
 11
54.4
 21
197.4660959775992
 31
0.0
100
AcDbText
  0
TEXT
  5
284
330
17
100
AcDbEntity
  8
S-TABLE
100
AcDbText
 10
67.4
 20
197.4660959775992
 30
0.0
 40
1.4678080447999995
  1
80
  7
OpenSans
 11
67.4
 21
197.4660959775992
 31
0.0
100
AcDbText
  0
TEXT
  5
285
330
17
100
AcDbEntity
  8
S-TABLE
100
AcDbText
 10
80.4
 20
197.4660959775992
 30
0.0
 40
1.4678080447999995
  1
3400
  7
OpenSans
 11
80.4
 21
197.4660959775992
 31
0.0
100
AcDbText
  0
TEXT
  5
286
330
17
100
AcDbEntity
  8
S-TABLE
100
AcDbText
 10
96.4
 20
197.4660959775992
 30
0.0
 40
1.4678080447999995
  1
272.0
  7
OpenSans
 11
96.4
 21
197.4660959775992
 31
0.0
100
AcDbText
  0
TEXT
  5
287
330
17
100
AcDbEntity
  8
S-TABLE
100
AcDbText
 10
113.4
 20
197.4660959775992
 30
0.0
 40
1.4678080447999995
  1
1048
  7
OpenSans
 11
113.4
 21
197.4660959775992
 31
0.0
100
AcDbText
  0
TEXT
  5
288
330
17
100
AcDbEntity
  8
S-TABLE
100
AcDbText
 10
131.4
 20
197.4660959775992
 30
0.0
 40
1.4678080447999995
  1
ESCAPE SHAFT OPENINGS - TRIMMERS, 5-T25 EACH SIDE/FACE/DIRECTION
  7
OpenSans
 11
131.4
 21
197.4660959775992
 31
0.0
100
AcDbText
  0
LINE
  5
289
330
17
100
AcDbEntity
  8
S-TABLE
100
AcDbLine
 10
16.0
 20
194.3999999999992
 30
0.0
 11
218.0
 21
194.3999999999992
 31
0.0
  0
TEXT
  5
28A
330
17
100
AcDbEntity
  8
S-TABLE
100
AcDbText
 10
17.4
 20
189.86609597759923
 30
0.0
 40
1.4678080447999995
  1
S09
  7
OpenSans
 11
17.4
 21
189.86609597759923
 31
0.0
100
AcDbText
  0
TEXT
  5
28B
330
17
100
AcDbEntity
  8
S-TABLE
100
AcDbText
 10
33.4
 20
189.86609597759923
 30
0.0
 40
1.4678080447999995
  1
T16
  7
OpenSans
 11
33.4
 21
189.86609597759923
 31
0.0
100
AcDbText
  0
TEXT
  5
28C
330
17
100
AcDbEntity
  8
S-TABLE
100
AcDbText
 10
44.4
 20
189.86609597759923
 30
0.0
 40
1.4678080447999995
  1
00
  7
OpenSans
 11
44.4
 21
189.86609597759923
 31
0.0
100
AcDbText
  0
TEXT
  5
28D
330
17
100
AcDbEntity
  8
S-TABLE
100
AcDbText
 10
54.4
 20
189.86609597759923
 30
0.0
 40
1.4678080447999995
  1
150
  7
OpenSans
 11
54.4
 21
189.86609597759923
 31
0.0
100
AcDbText
  0
TEXT
  5
28E
330
17
100
AcDbEntity
  8
S-TABLE
100
AcDbText
 10
67.4
 20
189.86609597759923
 30
0.0
 40
1.4678080447999995
  1
12
  7
OpenSans
 11
67.4
 21
189.86609597759923
 31
0.0
100
AcDbText
  0
TEXT
  5
28F
330
17
100
AcDbEntity
  8
S-TABLE
100
AcDbText
 10
80.4
 20
189.86609597759923
 30
0.0
 40
1.4678080447999995
  1
5984
  7
OpenSans
 11
80.4
 21
189.86609597759923
 31
0.0
100
AcDbText
  0
TEXT
  5
290
330
17
100
AcDbEntity
  8
S-TABLE
100
AcDbText
 10
96.4
 20
189.86609597759923
 30
0.0
 40
1.4678080447999995
  1
71.8
  7
OpenSans
 11
96.4
 21
189.86609597759923
 31
0.0
100
AcDbText
  0
TEXT
  5
291
330
17
100
AcDbEntity
  8
S-TABLE
100
AcDbText
 10
113.4
 20
189.86609597759923
 30
0.0
 40
1.4678080447999995
  1
113
  7
OpenSans
 11
113.4
 21
189.86609597759923
 31
0.0
100
AcDbText
  0
TEXT
  5
292
330
17
100
AcDbEntity
  8
S-TABLE
100
AcDbText
 10
131.4
 20
189.86609597759923
 30
0.0
 40
1.4678080447999995
  1
ESCAPE SHAFT COLLARS - HOOPS, 3 LAYERS EACH FACE
  7
OpenSans
 11
131.4
 21
189.86609597759923
 31
0.0
100
AcDbText
  0
LINE
  5
293
330
17
100
AcDbEntity
  8
S-TABLE
100
AcDbLine
 10
16.0
 20
186.79999999999922
 30
0.0
 11
218.0
 21
186.79999999999922
 31
0.0
  0
LINE
  5
294
330
17
100
AcDbEntity
  8
S-TABLE
100
AcDbLine
 10
16.0
 20
544.0
 30
0.0
 11
218.0
 21
544.0
 31
0.0
  0
LINE
  5
295
330
17
100
AcDbEntity
  8
S-TABLE
100
AcDbLine
 10
16.0
 20
544.0
 30
0.0
 11
16.0
 21
186.79999999999922
 31
0.0
  0
LINE
  5
296
330
17
100
AcDbEntity
  8
S-TABLE
100
AcDbLine
 10
32.0
 20
544.0
 30
0.0
 11
32.0
 21
186.79999999999922
 31
0.0
  0
LINE
  5
297
330
17
100
AcDbEntity
  8
S-TABLE
100
AcDbLine
 10
43.0
 20
544.0
 30
0.0
 11
43.0
 21
186.79999999999922
 31
0.0
  0
LINE
  5
298
330
17
100
AcDbEntity
  8
S-TABLE
100
AcDbLine
 10
53.0
 20
544.0
 30
0.0
 11
53.0
 21
186.79999999999922
 31
0.0
  0
LINE
  5
299
330
17
100
AcDbEntity
  8
S-TABLE
100
AcDbLine
 10
66.0
 20
544.0
 30
0.0
 11
66.0
 21
186.79999999999922
 31
0.0
  0
LINE
  5
29A
330
17
100
AcDbEntity
  8
S-TABLE
100
AcDbLine
 10
79.0
 20
544.0
 30
0.0
 11
79.0
 21
186.79999999999922
 31
0.0
  0
LINE
  5
29B
330
17
100
AcDbEntity
  8
S-TABLE
100
AcDbLine
 10
95.0
 20
544.0
 30
0.0
 11
95.0
 21
186.79999999999922
 31
0.0
  0
LINE
  5
29C
330
17
100
AcDbEntity
  8
S-TABLE
100
AcDbLine
 10
112.0
 20
544.0
 30
0.0
 11
112.0
 21
186.79999999999922
 31
0.0
  0
LINE
  5
29D
330
17
100
AcDbEntity
  8
S-TABLE
100
AcDbLine
 10
130.0
 20
544.0
 30
0.0
 11
130.0
 21
186.79999999999922
 31
0.0
  0
LINE
  5
29E
330
17
100
AcDbEntity
  8
S-TABLE
100
AcDbLine
 10
218.0
 20
544.0
 30
0.0
 11
218.0
 21
186.79999999999922
 31
0.0
  0
LWPOLYLINE
  5
29F
330
17
100
AcDbEntity
  8
S-TABLE
100
AcDbPolyline
 90
4
 70
1
 10
416.0
 20
536.4
 10
618.0
 20
536.4
 10
618.0
 20
544.0
 10
416.0
 20
544.0
  0
TEXT
  5
2A0
330
17
100
AcDbEntity
  8
S-TABLE
100
AcDbText
 10
417.4
 20
539.4660959775999
 30
0.0
 40
1.4678080447999995
  1
MARK
  7
OpenSans
 11
417.4
 21
539.4660959775999
 31
0.0
100
AcDbText
  0
TEXT
  5
2A1
330
17
100
AcDbEntity
  8
S-TABLE
100
AcDbText
 10
433.4
 20
539.4660959775999
 30
0.0
 40
1.4678080447999995
  1
DIA
  7
OpenSans
 11
433.4
 21
539.4660959775999
 31
0.0
100
AcDbText
  0
TEXT
  5
2A2
330
17
100
AcDbEntity
  8
S-TABLE
100
AcDbText
 10
444.4
 20
539.4660959775999
 30
0.0
 40
1.4678080447999995
  1
SHP
  7
OpenSans
 11
444.4
 21
539.4660959775999
 31
0.0
100
AcDbText
  0
TEXT
  5
2A3
330
17
100
AcDbEntity
  8
S-TABLE
100
AcDbText
 10
454.4
 20
539.4660959775999
 30
0.0
 40
1.4678080447999995
  1
SPAC
  7
OpenSans
 11
454.4
 21
539.4660959775999
 31
0.0
100
AcDbText
  0
TEXT
  5
2A4
330
17
100
AcDbEntity
  8
S-TABLE
100
AcDbText
 10
467.4
 20
539.4660959775999
 30
0.0
 40
1.4678080447999995
  1
No.
  7
OpenSans
 11
467.4
 21
539.4660959775999
 31
0.0
100
AcDbText
  0
TEXT
  5
2A5
330
17
100
AcDbEntity
  8
S-TABLE
100
AcDbText
 10
480.4
 20
539.4660959775999
 30
0.0
 40
1.4678080447999995
  1
CUT
  7
OpenSans
 11
480.4
 21
539.4660959775999
 31
0.0
100
AcDbText
  0
TEXT
  5
2A6
330
17
100
AcDbEntity
  8
S-TABLE
100
AcDbText
 10
496.4
 20
539.4660959775999
 30
0.0
 40
1.4678080447999995
  1
TOT m
  7
OpenSans
 11
496.4
 21
539.4660959775999
 31
0.0
100
AcDbText
  0
TEXT
  5
2A7
330
17
100
AcDbEntity
  8
S-TABLE
100
AcDbText
 10
513.4
 20
539.4660959775999
 30
0.0
 40
1.4678080447999995
  1
kg
  7
OpenSans
 11
513.4
 21
539.4660959775999
 31
0.0
100
AcDbText
  0
TEXT
  5
2A8
330
17
100
AcDbEntity
  8
S-TABLE
100
AcDbText
 10
531.4
 20
539.4660959775999
 30
0.0
 40
1.4678080447999995
  1
ELEMENT / LOCATION
  7
OpenSans
 11
531.4
 21
539.4660959775999
 31
0.0
100
AcDbText
  0
TEXT
  5
2A9
330
17
100
AcDbEntity
  8
S-TABLE
100
AcDbText
 10
417.4
 20
531.8660959775999
 30
0.0
 40
1.4678080447999995
  1
S10
  7
OpenSans
 11
417.4
 21
531.8660959775999
 31
0.0
100
AcDbText
  0
TEXT
  5
2AA
330
17
100
AcDbEntity
  8
S-TABLE
100
AcDbText
 10
433.4
 20
531.8660959775999
 30
0.0
 40
1.4678080447999995
  1
T16
  7
OpenSans
 11
433.4
 21
531.8660959775999
 31
0.0
100
AcDbText
  0
TEXT
  5
2AB
330
17
100
AcDbEntity
  8
S-TABLE
100
AcDbText
 10
444.4
 20
531.8660959775999
 30
0.0
 40
1.4678080447999995
  1
00
  7
OpenSans
 11
444.4
 21
531.8660959775999
 31
0.0
100
AcDbText
  0
TEXT
  5
2AC
330
17
100
AcDbEntity
  8
S-TABLE
100
AcDbText
 10
454.4
 20
531.8660959775999
 30
0.0
 40
1.4678080447999995
  1
150
  7
OpenSans
 11
454.4
 21
531.8660959775999
 31
0.0
100
AcDbText
  0
TEXT
  5
2AD
330
17
100
AcDbEntity
  8
S-TABLE
100
AcDbText
 10
467.4
 20
531.8660959775999
 30
0.0
 40
1.4678080447999995
  1
136
  7
OpenSans
 11
467.4
 21
531.8660959775999
 31
0.0
100
AcDbText
  0
TEXT
  5
2AE
330
17
100
AcDbEntity
  8
S-TABLE
100
AcDbText
 10
480.4
 20
531.8660959775999
 30
0.0
 40
1.4678080447999995
  1
1880
  7
OpenSans
 11
480.4
 21
531.8660959775999
 31
0.0
100
AcDbText
  0
TEXT
  5
2AF
330
17
100
AcDbEntity
  8
S-TABLE
100
AcDbText
 10
496.4
 20
531.8660959775999
 30
0.0
 40
1.4678080447999995
  1
255.7
  7
OpenSans
 11
496.4
 21
531.8660959775999
 31
0.0
100
AcDbText
  0
TEXT
  5
2B0
330
17
100
AcDbEntity
  8
S-TABLE
100
AcDbText
 10
513.4
 20
531.8660959775999
 30
0.0
 40
1.4678080447999995
  1
404
  7
OpenSans
 11
513.4
 21
531.8660959775999
 31
0.0
100
AcDbText
  0
TEXT
  5
2B1
330
17
100
AcDbEntity
  8
S-TABLE
100
AcDbText
 10
531.4
 20
531.8660959775999
 30
0.0
 40
1.4678080447999995
  1
ESCAPE SHAFT COLLARS - RADIAL BARS
  7
OpenSans
 11
531.4
 21
531.8660959775999
 31
0.0
100
AcDbText
  0
LINE
  5
2B2
330
17
100
AcDbEntity
  8
S-TABLE
100
AcDbLine
 10
416.0
 20
528.8
 30
0.0
 11
618.0
 21
528.8
 31
0.0
  0
TEXT
  5
2B3
330
17
100
AcDbEntity
  8
S-TABLE
100
AcDbText
 10
417.4
 20
524.2660959775999
 30
0.0
 40
1.4678080447999995
  1
S11
  7
OpenSans
 11
417.4
 21
524.2660959775999
 31
0.0
100
AcDbText
  0
TEXT
  5
2B4
330
17
100
AcDbEntity
  8
S-TABLE
100
AcDbText
 10
433.4
 20
524.2660959775999
 30
0.0
 40
1.4678080447999995
  1
T12
  7
OpenSans
 11
433.4
 21
524.2660959775999
 31
0.0
100
AcDbText
  0
TEXT
  5
2B5
330
17
100
AcDbEntity
  8
S-TABLE
100
AcDbText
 10
444.4
 20
524.2660959775999
 30
0.0
 40
1.4678080447999995
  1
51
  7
OpenSans
 11
444.4
 21
524.2660959775999
 31
0.0
100
AcDbText
  0
TEXT
  5
2B6
330
17
100
AcDbEntity
  8
S-TABLE
100
AcDbText
 10
454.4
 20
524.2660959775999
 30
0.0
 40
1.4678080447999995
  1
150
  7
OpenSans
 11
454.4
 21
524.2660959775999
 31
0.0
100
AcDbText
  0
TEXT
  5
2B7
330
17
100
AcDbEntity
  8
S-TABLE
100
AcDbText
 10
467.4
 20
524.2660959775999
 30
0.0
 40
1.4678080447999995
  1
68
  7
OpenSans
 11
467.4
 21
524.2660959775999
 31
0.0
100
AcDbText
  0
TEXT
  5
2B8
330
17
100
AcDbEntity
  8
S-TABLE
100
AcDbText
 10
480.4
 20
524.2660959775999
 30
0.0
 40
1.4678080447999995
  1
2640
  7
OpenSans
 11
480.4
 21
524.2660959775999
 31
0.0
100
AcDbText
  0
TEXT
  5
2B9
330
17
100
AcDbEntity
  8
S-TABLE
100
AcDbText
 10
496.4
 20
524.2660959775999
 30
0.0
 40
1.4678080447999995
  1
179.5
  7
OpenSans
 11
496.4
 21
524.2660959775999
 31
0.0
100
AcDbText
  0
TEXT
  5
2BA
330
17
100
AcDbEntity
  8
S-TABLE
100
AcDbText
 10
513.4
 20
524.2660959775999
 30
0.0
 40
1.4678080447999995
  1
159
  7
OpenSans
 11
513.4
 21
524.2660959775999
 31
0.0
100
AcDbText
  0
TEXT
  5
2BB
330
17
100
AcDbEntity
  8
S-TABLE
100
AcDbText
 10
531.4
 20
524.2660959775999
 30
0.0
 40
1.4678080447999995
  1
ESCAPE SHAFT THICKENING - CLOSED LINKS @ 150 IN THE 1200 ANNULUS
  7
OpenSans
 11
531.4
 21
524.2660959775999
 31
0.0
100
AcDbText
  0
LINE
  5
2BC
330
17
100
AcDbEntity
  8
S-TABLE
100
AcDbLine
 10
416.0
 20
521.1999999999999
 30
0.0
 11
618.0
 21
521.1999999999999
 31
0.0
  0
TEXT
  5
2BD
330
17
100
AcDbEntity
  8
S-TABLE
100
AcDbText
 10
417.4
 20
516.6660959775999
 30
0.0
 40
1.4678080447999995
  1
S12
  7
OpenSans
 11
417.4
 21
516.6660959775999
 31
0.0
100
AcDbText
  0
TEXT
  5
2BE
330
17
100
AcDbEntity
  8
S-TABLE
100
AcDbText
 10
433.4
 20
516.6660959775999
 30
0.0
 40
1.4678080447999995
  1
T25
  7
OpenSans
 11
433.4
 21
516.6660959775999
 31
0.0
100
AcDbText
  0
TEXT
  5
2BF
330
17
100
AcDbEntity
  8
S-TABLE
100
AcDbText
 10
444.4
 20
516.6660959775999
 30
0.0
 40
1.4678080447999995
  1
00
  7
OpenSans
 11
444.4
 21
516.6660959775999
 31
0.0
100
AcDbText
  0
TEXT
  5
2C0
330
17
100
AcDbEntity
  8
S-TABLE
100
AcDbText
 10
454.4
 20
516.6660959775999
 30
0.0
 40
1.4678080447999995
  1
-
  7
OpenSans
 11
454.4
 21
516.6660959775999
 31
0.0
100
AcDbText
  0
TEXT
  5
2C1
330
17
100
AcDbEntity
  8
S-TABLE
100
AcDbText
 10
467.4
 20
516.6660959775999
 30
0.0
 40
1.4678080447999995
  1
12
  7
OpenSans
 11
467.4
 21
516.6660959775999
 31
0.0
100
AcDbText
  0
TEXT
  5
2C2
330
17
100
AcDbEntity
  8
S-TABLE
100
AcDbText
 10
480.4
 20
516.6660959775999
 30
0.0
 40
1.4678080447999995
  1
4800
  7
OpenSans
 11
480.4
 21
516.6660959775999
 31
0.0
100
AcDbText
  0
TEXT
  5
2C3
330
17
100
AcDbEntity
  8
S-TABLE
100
AcDbText
 10
496.4
 20
516.6660959775999
 30
0.0
 40
1.4678080447999995
  1
57.6
  7
OpenSans
 11
496.4
 21
516.6660959775999
 31
0.0
100
AcDbText
  0
TEXT
  5
2C4
330
17
100
AcDbEntity
  8
S-TABLE
100
AcDbText
 10
513.4
 20
516.6660959775999
 30
0.0
 40
1.4678080447999995
  1
222
  7
OpenSans
 11
513.4
 21
516.6660959775999
 31
0.0
100
AcDbText
  0
TEXT
  5
2C5
330
17
100
AcDbEntity
  8
S-TABLE
100
AcDbText
 10
531.4
 20
516.6660959775999
 30
0.0
 40
1.4678080447999995
  1
STAIR VOID FREE EDGE - 6-T25 TOP + 6-T25 BOTTOM IN THE 1200 THIC
  7
OpenSans
 11
531.4
 21
516.6660959775999
 31
0.0
100
AcDbText
  0
LINE
  5
2C6
330
17
100
AcDbEntity
  8
S-TABLE
100
AcDbLine
 10
416.0
 20
513.5999999999999
 30
0.0
 11
618.0
 21
513.5999999999999
 31
0.0
  0
TEXT
  5
2C7
330
17
100
AcDbEntity
  8
S-TABLE
100
AcDbText
 10
417.4
 20
509.0660959775999
 30
0.0
 40
1.4678080447999995
  1
S13
  7
OpenSans
 11
417.4
 21
509.0660959775999
 31
0.0
100
AcDbText
  0
TEXT
  5
2C8
330
17
100
AcDbEntity
  8
S-TABLE
100
AcDbText
 10
433.4
 20
509.0660959775999
 30
0.0
 40
1.4678080447999995
  1
T12
  7
OpenSans
 11
433.4
 21
509.0660959775999
 31
0.0
100
AcDbText
  0
TEXT
  5
2C9
330
17
100
AcDbEntity
  8
S-TABLE
100
AcDbText
 10
444.4
 20
509.0660959775999
 30
0.0
 40
1.4678080447999995
  1
51
  7
OpenSans
 11
444.4
 21
509.0660959775999
 31
0.0
100
AcDbText
  0
TEXT
  5
2CA
330
17
100
AcDbEntity
  8
S-TABLE
100
AcDbText
 10
454.4
 20
509.0660959775999
 30
0.0
 40
1.4678080447999995
  1
150
  7
OpenSans
 11
454.4
 21
509.0660959775999
 31
0.0
100
AcDbText
  0
TEXT
  5
2CB
330
17
100
AcDbEntity
  8
S-TABLE
100
AcDbText
 10
467.4
 20
509.0660959775999
 30
0.0
 40
1.4678080447999995
  1
18
  7
OpenSans
 11
467.4
 21
509.0660959775999
 31
0.0
100
AcDbText
  0
TEXT
  5
2CC
330
17
100
AcDbEntity
  8
S-TABLE
100
AcDbText
 10
480.4
 20
509.0660959775999
 30
0.0
 40
1.4678080447999995
  1
3340
  7
OpenSans
 11
480.4
 21
509.0660959775999
 31
0.0
100
AcDbText
  0
TEXT
  5
2CD
330
17
100
AcDbEntity
  8
S-TABLE
100
AcDbText
 10
496.4
 20
509.0660959775999
 30
0.0
 40
1.4678080447999995
  1
60.1
  7
OpenSans
 11
496.4
 21
509.0660959775999
 31
0.0
100
AcDbText
  0
TEXT
  5
2CE
330
17
100
AcDbEntity
  8
S-TABLE
100
AcDbText
 10
513.4
 20
509.0660959775999
 30
0.0
 40
1.4678080447999995
  1
53
  7
OpenSans
 11
513.4
 21
509.0660959775999
 31
0.0
100
AcDbText
  0
TEXT
  5
2CF
330
17
100
AcDbEntity
  8
S-TABLE
100
AcDbText
 10
531.4
 20
509.0660959775999
 30
0.0
 40
1.4678080447999995
  1
STAIR VOID FREE EDGE - CLOSED LINKS @ 150
  7
OpenSans
 11
531.4
 21
509.0660959775999
 31
0.0
100
AcDbText
  0
LINE
  5
2D0
330
17
100
AcDbEntity
  8
S-TABLE
100
AcDbLine
 10
416.0
 20
505.9999999999999
 30
0.0
 11
618.0
 21
505.9999999999999
 31
0.0
  0
TEXT
  5
2D1
330
17
100
AcDbEntity
  8
S-TABLE
100
AcDbText
 10
417.4
 20
501.4660959775999
 30
0.0
 40
1.4678080447999995
  1
S14
  7
OpenSans
 11
417.4
 21
501.4660959775999
 31
0.0
100
AcDbText
  0
TEXT
  5
2D2
330
17
100
AcDbEntity
  8
S-TABLE
100
AcDbText
 10
433.4
 20
501.4660959775999
 30
0.0
 40
1.4678080447999995
  1
T25
  7
OpenSans
 11
433.4
 21
501.4660959775999
 31
0.0
100
AcDbText
  0
TEXT
  5
2D3
330
17
100
AcDbEntity
  8
S-TABLE
100
AcDbText
 10
444.4
 20
501.4660959775999
 30
0.0
 40
1.4678080447999995
  1
00
  7
OpenSans
 11
444.4
 21
501.4660959775999
 31
0.0
100
AcDbText
  0
TEXT
  5
2D4
330
17
100
AcDbEntity
  8
S-TABLE
100
AcDbText
 10
454.4
 20
501.4660959775999
 30
0.0
 40
1.4678080447999995
  1
-
  7
OpenSans
 11
454.4
 21
501.4660959775999
 31
0.0
100
AcDbText
  0
TEXT
  5
2D5
330
17
100
AcDbEntity
  8
S-TABLE
100
AcDbText
 10
467.4
 20
501.4660959775999
 30
0.0
 40
1.4678080447999995
  1
24
  7
OpenSans
 11
467.4
 21
501.4660959775999
 31
0.0
100
AcDbText
  0
TEXT
  5
2D6
330
17
100
AcDbEntity
  8
S-TABLE
100
AcDbText
 10
480.4
 20
501.4660959775999
 30
0.0
 40
1.4678080447999995
  1
6050
  7
OpenSans
 11
480.4
 21
501.4660959775999
 31
0.0
100
AcDbText
  0
TEXT
  5
2D7
330
17
100
AcDbEntity
  8
S-TABLE
100
AcDbText
 10
496.4
 20
501.4660959775999
 30
0.0
 40
1.4678080447999995
  1
145.2
  7
OpenSans
 11
496.4
 21
501.4660959775999
 31
0.0
100
AcDbText
  0
TEXT
  5
2D8
330
17
100
AcDbEntity
  8
S-TABLE
100
AcDbText
 10
513.4
 20
501.4660959775999
 30
0.0
 40
1.4678080447999995
  1
560
  7
OpenSans
 11
513.4
 21
501.4660959775999
 31
0.0
100
AcDbText
  0
TEXT
  5
2D9
330
17
100
AcDbEntity
  8
S-TABLE
100
AcDbText
 10
531.4
 20
501.4660959775999
 30
0.0
 40
1.4678080447999995
  1
BAND OVER W6 AND W7 - 6-T25 EACH FACE, TOP AND BOTTOM, 900 BAND
  7
OpenSans
 11
531.4
 21
501.4660959775999
 31
0.0
100
AcDbText
  0
LINE
  5
2DA
330
17
100
AcDbEntity
  8
S-TABLE
100
AcDbLine
 10
416.0
 20
498.39999999999986
 30
0.0
 11
618.0
 21
498.39999999999986
 31
0.0
  0
TEXT
  5
2DB
330
17
100
AcDbEntity
  8
S-TABLE
100
AcDbText
 10
417.4
 20
493.86609597759985
 30
0.0
 40
1.4678080447999995
  1
S15
  7
OpenSans
 11
417.4
 21
493.86609597759985
 31
0.0
100
AcDbText
  0
TEXT
  5
2DC
330
17
100
AcDbEntity
  8
S-TABLE
100
AcDbText
 10
433.4
 20
493.86609597759985
 30
0.0
 40
1.4678080447999995
  1
T25
  7
OpenSans
 11
433.4
 21
493.86609597759985
 31
0.0
100
AcDbText
  0
TEXT
  5
2DD
330
17
100
AcDbEntity
  8
S-TABLE
100
AcDbText
 10
444.4
 20
493.86609597759985
 30
0.0
 40
1.4678080447999995
  1
00
  7
OpenSans
 11
444.4
 21
493.86609597759985
 31
0.0
100
AcDbText
  0
TEXT
  5
2DE
330
17
100
AcDbEntity
  8
S-TABLE
100
AcDbText
 10
454.4
 20
493.86609597759985
 30
0.0
 40
1.4678080447999995
  1
-
  7
OpenSans
 11
454.4
 21
493.86609597759985
 31
0.0
100
AcDbText
  0
TEXT
  5
2DF
330
17
100
AcDbEntity
  8
S-TABLE
100
AcDbText
 10
467.4
 20
493.86609597759985
 30
0.0
 40
1.4678080447999995
  1
16
  7
OpenSans
 11
467.4
 21
493.86609597759985
 31
0.0
100
AcDbText
  0
TEXT
  5
2E0
330
17
100
AcDbEntity
  8
S-TABLE
100
AcDbText
 10
480.4
 20
493.86609597759985
 30
0.0
 40
1.4678080447999995
  1
4000
  7
OpenSans
 11
480.4
 21
493.86609597759985
 31
0.0
100
AcDbText
  0
TEXT
  5
2E1
330
17
100
AcDbEntity
  8
S-TABLE
100
AcDbText
 10
496.4
 20
493.86609597759985
 30
0.0
 40
1.4678080447999995
  1
64.0
  7
OpenSans
 11
496.4
 21
493.86609597759985
 31
0.0
100
AcDbText
  0
TEXT
  5
2E2
330
17
100
AcDbEntity
  8
S-TABLE
100
AcDbText
 10
513.4
 20
493.86609597759985
 30
0.0
 40
1.4678080447999995
  1
247
  7
OpenSans
 11
513.4
 21
493.86609597759985
 31
0.0
100
AcDbText
  0
TEXT
  5
2E3
330
17
100
AcDbEntity
  8
S-TABLE
100
AcDbText
 10
531.4
 20
493.86609597759985
 30
0.0
 40
1.4678080447999995
  1
STAIR VOID RE-ENTRANT CORNERS - 4-T25 EACH FACE AT 45 DEG
  7
OpenSans
 11
531.4
 21
493.86609597759985
 31
0.0
100
AcDbText
  0
LINE
  5
2E4
330
17
100
AcDbEntity
  8
S-TABLE
100
AcDbLine
 10
416.0
 20
490.79999999999984
 30
0.0
 11
618.0
 21
490.79999999999984
 31
0.0
  0
TEXT
  5
2E5
330
17
100
AcDbEntity
  8
S-TABLE
100
AcDbText
 10
417.4
 20
486.26609597759983
 30
0.0
 40
1.4678080447999995
  1
S16
  7
OpenSans
 11
417.4
 21
486.26609597759983
 31
0.0
100
AcDbText
  0
TEXT
  5
2E6
330
17
100
AcDbEntity
  8
S-TABLE
100
AcDbText
 10
433.4
 20
486.26609597759983
 30
0.0
 40
1.4678080447999995
  1
T25
  7
OpenSans
 11
433.4
 21
486.26609597759983
 31
0.0
100
AcDbText
  0
TEXT
  5
2E7
330
17
100
AcDbEntity
  8
S-TABLE
100
AcDbText
 10
444.4
 20
486.26609597759983
 30
0.0
 40
1.4678080447999995
  1
00
  7
OpenSans
 11
444.4
 21
486.26609597759983
 31
0.0
100
AcDbText
  0
TEXT
  5
2E8
330
17
100
AcDbEntity
  8
S-TABLE
100
AcDbText
 10
454.4
 20
486.26609597759983
 30
0.0
 40
1.4678080447999995
  1
-
  7
OpenSans
 11
454.4
 21
486.26609597759983
 31
0.0
100
AcDbText
  0
TEXT
  5
2E9
330
17
100
AcDbEntity
  8
S-TABLE
100
AcDbText
 10
467.4
 20
486.26609597759983
 30
0.0
 40
1.4678080447999995
  1
8
  7
OpenSans
 11
467.4
 21
486.26609597759983
 31
0.0
100
AcDbText
  0
TEXT
  5
2EA
330
17
100
AcDbEntity
  8
S-TABLE
100
AcDbText
 10
480.4
 20
486.26609597759983
 30
0.0
 40
1.4678080447999995
  1
7500
  7
OpenSans
 11
480.4
 21
486.26609597759983
 31
0.0
100
AcDbText
  0
TEXT
  5
2EB
330
17
100
AcDbEntity
  8
S-TABLE
100
AcDbText
 10
496.4
 20
486.26609597759983
 30
0.0
 40
1.4678080447999995
  1
60.0
  7
OpenSans
 11
496.4
 21
486.26609597759983
 31
0.0
100
AcDbText
  0
TEXT
  5
2EC
330
17
100
AcDbEntity
  8
S-TABLE
100
AcDbText
 10
513.4
 20
486.26609597759983
 30
0.0
 40
1.4678080447999995
  1
231
  7
OpenSans
 11
513.4
 21
486.26609597759983
 31
0.0
100
AcDbText
  0
TEXT
  5
2ED
330
17
100
AcDbEntity
  8
S-TABLE
100
AcDbText
 10
531.4
 20
486.26609597759983
 30
0.0
 40
1.4678080447999995
  1
BAND BENEATH HEADHOUSE WALL HW3 - 4-T25 TOP AND BOTTOM, 1200 BAN
  7
OpenSans
 11
531.4
 21
486.26609597759983
 31
0.0
100
AcDbText
  0
LINE
  5
2EE
330
17
100
AcDbEntity
  8
S-TABLE
100
AcDbLine
 10
416.0
 20
483.1999999999998
 30
0.0
 11
618.0
 21
483.1999999999998
 31
0.0
  0
TEXT
  5
2EF
330
17
100
AcDbEntity
  8
S-TABLE
100
AcDbText
 10
417.4
 20
478.6660959775998
 30
0.0
 40
1.4678080447999995
  1
B01
  7
OpenSans
 11
417.4
 21
478.6660959775998
 31
0.0
100
AcDbText
  0
TEXT
  5
2F0
330
17
100
AcDbEntity
  8
S-TABLE
100
AcDbText
 10
433.4
 20
478.6660959775998
 30
0.0
 40
1.4678080447999995
  1
T20
  7
OpenSans
 11
433.4
 21
478.6660959775998
 31
0.0
100
AcDbText
  0
TEXT
  5
2F1
330
17
100
AcDbEntity
  8
S-TABLE
100
AcDbText
 10
444.4
 20
478.6660959775998
 30
0.0
 40
1.4678080447999995
  1
00
  7
OpenSans
 11
444.4
 21
478.6660959775998
 31
0.0
100
AcDbText
  0
TEXT
  5
2F2
330
17
100
AcDbEntity
  8
S-TABLE
100
AcDbText
 10
454.4
 20
478.6660959775998
 30
0.0
 40
1.4678080447999995
  1
-
  7
OpenSans
 11
454.4
 21
478.6660959775998
 31
0.0
100
AcDbText
  0
TEXT
  5
2F3
330
17
100
AcDbEntity
  8
S-TABLE
100
AcDbText
 10
467.4
 20
478.6660959775998
 30
0.0
 40
1.4678080447999995
  1
8
  7
OpenSans
 11
467.4
 21
478.6660959775998
 31
0.0
100
AcDbText
  0
TEXT
  5
2F4
330
17
100
AcDbEntity
  8
S-TABLE
100
AcDbText
 10
480.4
 20
478.6660959775998
 30
0.0
 40
1.4678080447999995
  1
2800
  7
OpenSans
 11
480.4
 21
478.6660959775998
 31
0.0
100
AcDbText
  0
TEXT
  5
2F5
330
17
100
AcDbEntity
  8
S-TABLE
100
AcDbText
 10
496.4
 20
478.6660959775998
 30
0.0
 40
1.4678080447999995
  1
22.4
  7
OpenSans
 11
496.4
 21
478.6660959775998
 31
0.0
100
AcDbText
  0
TEXT
  5
2F6
330
17
100
AcDbEntity
  8
S-TABLE
100
AcDbText
 10
513.4
 20
478.6660959775998
 30
0.0
 40
1.4678080447999995
  1
55
  7
OpenSans
 11
513.4
 21
478.6660959775998
 31
0.0
100
AcDbText
  0
TEXT
  5
2F7
330
17
100
AcDbEntity
  8
S-TABLE
100
AcDbText
 10
531.4
 20
478.6660959775998
 30
0.0
 40
1.4678080447999995
  1
BLAST-DOOR HEADER 400 x 1100 - TOP, 4-T20 (x2 HEADERS)
  7
OpenSans
 11
531.4
 21
478.6660959775998
 31
0.0
100
AcDbText
  0
LINE
  5
2F8
330
17
100
AcDbEntity
  8
S-TABLE
100
AcDbLine
 10
416.0
 20
475.5999999999998
 30
0.0
 11
618.0
 21
475.5999999999998
 31
0.0
  0
TEXT
  5
2F9
330
17
100
AcDbEntity
  8
S-TABLE
100
AcDbText
 10
417.4
 20
471.0660959775998
 30
0.0
 40
1.4678080447999995
  1
B02
  7
OpenSans
 11
417.4
 21
471.0660959775998
 31
0.0
100
AcDbText
  0
TEXT
  5
2FA
330
17
100
AcDbEntity
  8
S-TABLE
100
AcDbText
 10
433.4
 20
471.0660959775998
 30
0.0
 40
1.4678080447999995
  1
T20
  7
OpenSans
 11
433.4
 21
471.0660959775998
 31
0.0
100
AcDbText
  0
TEXT
  5
2FB
330
17
100
AcDbEntity
  8
S-TABLE
100
AcDbText
 10
444.4
 20
471.0660959775998
 30
0.0
 40
1.4678080447999995
  1
00
  7
OpenSans
 11
444.4
 21
471.0660959775998
 31
0.0
100
AcDbText
  0
TEXT
  5
2FC
330
17
100
AcDbEntity
  8
S-TABLE
100
AcDbText
 10
454.4
 20
471.0660959775998
 30
0.0
 40
1.4678080447999995
  1
-
  7
OpenSans
 11
454.4
 21
471.0660959775998
 31
0.0
100
AcDbText
  0
TEXT
  5
2FD
330
17
100
AcDbEntity
  8
S-TABLE
100
AcDbText
 10
467.4
 20
471.0660959775998
 30
0.0
 40
1.4678080447999995
  1
8
  7
OpenSans
 11
467.4
 21
471.0660959775998
 31
0.0
100
AcDbText
  0
TEXT
  5
2FE
330
17
100
AcDbEntity
  8
S-TABLE
100
AcDbText
 10
480.4
 20
471.0660959775998
 30
0.0
 40
1.4678080447999995
  1
2800
  7
OpenSans
 11
480.4
 21
471.0660959775998
 31
0.0
100
AcDbText
  0
TEXT
  5
2FF
330
17
100
AcDbEntity
  8
S-TABLE
100
AcDbText
 10
496.4
 20
471.0660959775998
 30
0.0
 40
1.4678080447999995
  1
22.4
  7
OpenSans
 11
496.4
 21
471.0660959775998
 31
0.0
100
AcDbText
  0
TEXT
  5
300
330
17
100
AcDbEntity
  8
S-TABLE
100
AcDbText
 10
513.4
 20
471.0660959775998
 30
0.0
 40
1.4678080447999995
  1
55
  7
OpenSans
 11
513.4
 21
471.0660959775998
 31
0.0
100
AcDbText
  0
TEXT
  5
301
330
17
100
AcDbEntity
  8
S-TABLE
100
AcDbText
 10
531.4
 20
471.0660959775998
 30
0.0
 40
1.4678080447999995
  1
BLAST-DOOR HEADER 400 x 1100 - BOTTOM, 4-T20 (x2 HEADERS)
  7
OpenSans
 11
531.4
 21
471.0660959775998
 31
0.0
100
AcDbText
  0
LINE
  5
302
330
17
100
AcDbEntity
  8
S-TABLE
100
AcDbLine
 10
416.0
 20
467.9999999999998
 30
0.0
 11
618.0
 21
467.9999999999998
 31
0.0
  0
TEXT
  5
303
330
17
100
AcDbEntity
  8
S-TABLE
100
AcDbText
 10
417.4
 20
463.46609597759976
 30
0.0
 40
1.4678080447999995
  1
B03
  7
OpenSans
 11
417.4
 21
463.46609597759976
 31
0.0
100
AcDbText
  0
TEXT
  5
304
330
17
100
AcDbEntity
  8
S-TABLE
100
AcDbText
 10
433.4
 20
463.46609597759976
 30
0.0
 40
1.4678080447999995
  1
T12
  7
OpenSans
 11
433.4
 21
463.46609597759976
 31
0.0
100
AcDbText
  0
TEXT
  5
305
330
17
100
AcDbEntity
  8
S-TABLE
100
AcDbText
 10
444.4
 20
463.46609597759976
 30
0.0
 40
1.4678080447999995
  1
51
  7
OpenSans
 11
444.4
 21
463.46609597759976
 31
0.0
100
AcDbText
  0
TEXT
  5
306
330
17
100
AcDbEntity
  8
S-TABLE
100
AcDbText
 10
454.4
 20
463.46609597759976
 30
0.0
 40
1.4678080447999995
  1
150
  7
OpenSans
 11
454.4
 21
463.46609597759976
 31
0.0
100
AcDbText
  0
TEXT
  5
307
330
17
100
AcDbEntity
  8
S-TABLE
100
AcDbText
 10
467.4
 20
463.46609597759976
 30
0.0
 40
1.4678080447999995
  1
72
  7
OpenSans
 11
467.4
 21
463.46609597759976
 31
0.0
100
AcDbText
  0
TEXT
  5
308
330
17
100
AcDbEntity
  8
S-TABLE
100
AcDbText
 10
480.4
 20
463.46609597759976
 30
0.0
 40
1.4678080447999995
  1
2920
  7
OpenSans
 11
480.4
 21
463.46609597759976
 31
0.0
100
AcDbText
  0
TEXT
  5
309
330
17
100
AcDbEntity
  8
S-TABLE
100
AcDbText
 10
496.4
 20
463.46609597759976
 30
0.0
 40
1.4678080447999995
  1
210.2
  7
OpenSans
 11
496.4
 21
463.46609597759976
 31
0.0
100
AcDbText
  0
TEXT
  5
30A
330
17
100
AcDbEntity
  8
S-TABLE
100
AcDbText
 10
513.4
 20
463.46609597759976
 30
0.0
 40
1.4678080447999995
  1
187
  7
OpenSans
 11
513.4
 21
463.46609597759976
 31
0.0
100
AcDbText
  0
TEXT
  5
30B
330
17
100
AcDbEntity
  8
S-TABLE
100
AcDbText
 10
531.4
 20
463.46609597759976
 30
0.0
 40
1.4678080447999995
  1
BLAST-DOOR HEADER 400 x 1100 - 4-LEGGED LINKS @ 150
  7
OpenSans
 11
531.4
 21
463.46609597759976
 31
0.0
100
AcDbText
  0
LINE
  5
30C
330
17
100
AcDbEntity
  8
S-TABLE
100
AcDbLine
 10
416.0
 20
460.39999999999975
 30
0.0
 11
618.0
 21
460.39999999999975
 31
0.0
  0
TEXT
  5
30D
330
17
100
AcDbEntity
  8
S-TABLE
100
AcDbText
 10
417.4
 20
455.86609597759974
 30
0.0
 40
1.4678080447999995
  1
ST01
  7
OpenSans
 11
417.4
 21
455.86609597759974
 31
0.0
100
AcDbText
  0
TEXT
  5
30E
330
17
100
AcDbEntity
  8
S-TABLE
100
AcDbText
 10
433.4
 20
455.86609597759974
 30
0.0
 40
1.4678080447999995
  1
T12
  7
OpenSans
 11
433.4
 21
455.86609597759974
 31
0.0
100
AcDbText
  0
TEXT
  5
30F
330
17
100
AcDbEntity
  8
S-TABLE
100
AcDbText
 10
444.4
 20
455.86609597759974
 30
0.0
 40
1.4678080447999995
  1
21
  7
OpenSans
 11
444.4
 21
455.86609597759974
 31
0.0
100
AcDbText
  0
TEXT
  5
310
330
17
100
AcDbEntity
  8
S-TABLE
100
AcDbText
 10
454.4
 20
455.86609597759974
 30
0.0
 40
1.4678080447999995
  1
150
  7
OpenSans
 11
454.4
 21
455.86609597759974
 31
0.0
100
AcDbText
  0
TEXT
  5
311
330
17
100
AcDbEntity
  8
S-TABLE
100
AcDbText
 10
467.4
 20
455.86609597759974
 30
0.0
 40
1.4678080447999995
  1
24
  7
OpenSans
 11
467.4
 21
455.86609597759974
 31
0.0
100
AcDbText
  0
TEXT
  5
312
330
17
100
AcDbEntity
  8
S-TABLE
100
AcDbText
 10
480.4
 20
455.86609597759974
 30
0.0
 40
1.4678080447999995
  1
3496
  7
OpenSans
 11
480.4
 21
455.86609597759974
 31
0.0
100
AcDbText
  0
TEXT
  5
313
330
17
100
AcDbEntity
  8
S-TABLE
100
AcDbText
 10
496.4
 20
455.86609597759974
 30
0.0
 40
1.4678080447999995
  1
83.9
  7
OpenSans
 11
496.4
 21
455.86609597759974
 31
0.0
100
AcDbText
  0
TEXT
  5
314
330
17
100
AcDbEntity
  8
S-TABLE
100
AcDbText
 10
513.4
 20
455.86609597759974
 30
0.0
 40
1.4678080447999995
  1
74
  7
OpenSans
 11
513.4
 21
455.86609597759974
 31
0.0
100
AcDbText
  0
TEXT
  5
315
330
17
100
AcDbEntity
  8
S-TABLE
100
AcDbText
 10
531.4
 20
455.86609597759974
 30
0.0
 40
1.4678080447999995
  1
MAIN STAIR FLIGHT, WAIST 200 - MAIN BARS (x3 FLIGHTS)
  7
OpenSans
 11
531.4
 21
455.86609597759974
 31
0.0
100
AcDbText
  0
LINE
  5
316
330
17
100
AcDbEntity
  8
S-TABLE
100
AcDbLine
 10
416.0
 20
452.7999999999997
 30
0.0
 11
618.0
 21
452.7999999999997
 31
0.0
  0
TEXT
  5
317
330
17
100
AcDbEntity
  8
S-TABLE
100
AcDbText
 10
417.4
 20
448.2660959775997
 30
0.0
 40
1.4678080447999995
  1
ST02
  7
OpenSans
 11
417.4
 21
448.2660959775997
 31
0.0
100
AcDbText
  0
TEXT
  5
318
330
17
100
AcDbEntity
  8
S-TABLE
100
AcDbText
 10
433.4
 20
448.2660959775997
 30
0.0
 40
1.4678080447999995
  1
T10
  7
OpenSans
 11
433.4
 21
448.2660959775997
 31
0.0
100
AcDbText
  0
TEXT
  5
319
330
17
100
AcDbEntity
  8
S-TABLE
100
AcDbText
 10
444.4
 20
448.2660959775997
 30
0.0
 40
1.4678080447999995
  1
00
  7
OpenSans
 11
444.4
 21
448.2660959775997
 31
0.0
100
AcDbText
  0
TEXT
  5
31A
330
17
100
AcDbEntity
  8
S-TABLE
100
AcDbText
 10
454.4
 20
448.2660959775997
 30
0.0
 40
1.4678080447999995
  1
200
  7
OpenSans
 11
454.4
 21
448.2660959775997
 31
0.0
100
AcDbText
  0
TEXT
  5
31B
330
17
100
AcDbEntity
  8
S-TABLE
100
AcDbText
 10
467.4
 20
448.2660959775997
 30
0.0
 40
1.4678080447999995
  1
36
  7
OpenSans
 11
467.4
 21
448.2660959775997
 31
0.0
100
AcDbText
  0
TEXT
  5
31C
330
17
100
AcDbEntity
  8
S-TABLE
100
AcDbText
 10
480.4
 20
448.2660959775997
 30
0.0
 40
1.4678080447999995
  1
1140
  7
OpenSans
 11
480.4
 21
448.2660959775997
 31
0.0
100
AcDbText
  0
TEXT
  5
31D
330
17
100
AcDbEntity
  8
S-TABLE
100
AcDbText
 10
496.4
 20
448.2660959775997
 30
0.0
 40
1.4678080447999995
  1
41.0
  7
OpenSans
 11
496.4
 21
448.2660959775997
 31
0.0
100
AcDbText
  0
TEXT
  5
31E
330
17
100
AcDbEntity
  8
S-TABLE
100
AcDbText
 10
513.4
 20
448.2660959775997
 30
0.0
 40
1.4678080447999995
  1
25
  7
OpenSans
 11
513.4
 21
448.2660959775997
 31
0.0
100
AcDbText
  0
TEXT
  5
31F
330
17
100
AcDbEntity
  8
S-TABLE
100
AcDbText
 10
531.4
 20
448.2660959775997
 30
0.0
 40
1.4678080447999995
  1
MAIN STAIR FLIGHT, WAIST 200 - DISTRIBUTION (x3 FLIGHTS)
  7
OpenSans
 11
531.4
 21
448.2660959775997
 31
0.0
100
AcDbText
  0
LINE
  5
320
330
17
100
AcDbEntity
  8
S-TABLE
100
AcDbLine
 10
416.0
 20
445.1999999999997
 30
0.0
 11
618.0
 21
445.1999999999997
 31
0.0
  0
TEXT
  5
321
330
17
100
AcDbEntity
  8
S-TABLE
100
AcDbText
 10
417.4
 20
440.6660959775997
 30
0.0
 40
1.4678080447999995
  1
ST03
  7
OpenSans
 11
417.4
 21
440.6660959775997
 31
0.0
100
AcDbText
  0
TEXT
  5
322
330
17
100
AcDbEntity
  8
S-TABLE
100
AcDbText
 10
433.4
 20
440.6660959775997
 30
0.0
 40
1.4678080447999995
  1
T12
  7
OpenSans
 11
433.4
 21
440.6660959775997
 31
0.0
100
AcDbText
  0
TEXT
  5
323
330
17
100
AcDbEntity
  8
S-TABLE
100
AcDbText
 10
444.4
 20
440.6660959775997
 30
0.0
 40
1.4678080447999995
  1
00
  7
OpenSans
 11
444.4
 21
440.6660959775997
 31
0.0
100
AcDbText
  0
TEXT
  5
324
330
17
100
AcDbEntity
  8
S-TABLE
100
AcDbText
 10
454.4
 20
440.6660959775997
 30
0.0
 40
1.4678080447999995
  1
150
  7
OpenSans
 11
454.4
 21
440.6660959775997
 31
0.0
100
AcDbText
  0
TEXT
  5
325
330
17
100
AcDbEntity
  8
S-TABLE
100
AcDbText
 10
467.4
 20
440.6660959775997
 30
0.0
 40
1.4678080447999995
  1
48
  7
OpenSans
 11
467.4
 21
440.6660959775997
 31
0.0
100
AcDbText
  0
TEXT
  5
326
330
17
100
AcDbEntity
  8
S-TABLE
100
AcDbText
 10
480.4
 20
440.6660959775997
 30
0.0
 40
1.4678080447999995
  1
1280
  7
OpenSans
 11
480.4
 21
440.6660959775997
 31
0.0
100
AcDbText
  0
TEXT
  5
327
330
17
100
AcDbEntity
  8
S-TABLE
100
AcDbText
 10
496.4
 20
440.6660959775997
 30
0.0
 40
1.4678080447999995
  1
61.4
  7
OpenSans
 11
496.4
 21
440.6660959775997
 31
0.0
100
AcDbText
  0
TEXT
  5
328
330
17
100
AcDbEntity
  8
S-TABLE
100
AcDbText
 10
513.4
 20
440.6660959775997
 30
0.0
 40
1.4678080447999995
  1
55
  7
OpenSans
 11
513.4
 21
440.6660959775997
 31
0.0
100
AcDbText
  0
TEXT
  5
329
330
17
100
AcDbEntity
  8
S-TABLE
100
AcDbText
 10
531.4
 20
440.6660959775997
 30
0.0
 40
1.4678080447999995
  1
MAIN STAIR FLIGHT, WAIST 200 - TOP STEEL, 800 INTO THE FLIGHT
  7
OpenSans
 11
531.4
 21
440.6660959775997
 31
0.0
100
AcDbText
  0
LINE
  5
32A
330
17
100
AcDbEntity
  8
S-TABLE
100
AcDbLine
 10
416.0
 20
437.5999999999997
 30
0.0
 11
618.0
 21
437.5999999999997
 31
0.0
  0
TEXT
  5
32B
330
17
100
AcDbEntity
  8
S-TABLE
100
AcDbText
 10
417.4
 20
433.0660959775997
 30
0.0
 40
1.4678080447999995
  1
ST04
  7
OpenSans
 11
417.4
 21
433.0660959775997
 31
0.0
100
AcDbText
  0
TEXT
  5
32C
330
17
100
AcDbEntity
  8
S-TABLE
100
AcDbText
 10
433.4
 20
433.0660959775997
 30
0.0
 40
1.4678080447999995
  1
T12
  7
OpenSans
 11
433.4
 21
433.0660959775997
 31
0.0
100
AcDbText
  0
TEXT
  5
32D
330
17
100
AcDbEntity
  8
S-TABLE
100
AcDbText
 10
444.4
 20
433.0660959775997
 30
0.0
 40
1.4678080447999995
  1
00
  7
OpenSans
 11
444.4
 21
433.0660959775997
 31
0.0
100
AcDbText
  0
TEXT
  5
32E
330
17
100
AcDbEntity
  8
S-TABLE
100
AcDbText
 10
454.4
 20
433.0660959775997
 30
0.0
 40
1.4678080447999995
  1
125
  7
OpenSans
 11
454.4
 21
433.0660959775997
 31
0.0
100
AcDbText
  0
TEXT
  5
32F
330
17
100
AcDbEntity
  8
S-TABLE
100
AcDbText
 10
467.4
 20
433.0660959775997
 30
0.0
 40
1.4678080447999995
  1
20
  7
OpenSans
 11
467.4
 21
433.0660959775997
 31
0.0
100
AcDbText
  0
TEXT
  5
330
330
17
100
AcDbEntity
  8
S-TABLE
100
AcDbText
 10
480.4
 20
433.0660959775997
 30
0.0
 40
1.4678080447999995
  1
3200
  7
OpenSans
 11
480.4
 21
433.0660959775997
 31
0.0
100
AcDbText
  0
TEXT
  5
331
330
17
100
AcDbEntity
  8
S-TABLE
100
AcDbText
 10
496.4
 20
433.0660959775997
 30
0.0
 40
1.4678080447999995
  1
64.0
  7
OpenSans
 11
496.4
 21
433.0660959775997
 31
0.0
100
AcDbText
  0
TEXT
  5
332
330
17
100
AcDbEntity
  8
S-TABLE
100
AcDbText
 10
513.4
 20
433.0660959775997
 30
0.0
 40
1.4678080447999995
  1
57
  7
OpenSans
 11
513.4
 21
433.0660959775997
 31
0.0
100
AcDbText
  0
TEXT
  5
333
330
17
100
AcDbEntity
  8
S-TABLE
100
AcDbText
 10
531.4
 20
433.0660959775997
 30
0.0
 40
1.4678080447999995
  1
MAIN STAIR LANDINGS L1 / L2, 200 - BOTTOM MAIN
  7
OpenSans
 11
531.4
 21
433.0660959775997
 31
0.0
100
AcDbText
  0
LINE
  5
334
330
17
100
AcDbEntity
  8
S-TABLE
100
AcDbLine
 10
416.0
 20
429.99999999999966
 30
0.0
 11
618.0
 21
429.99999999999966
 31
0.0
  0
TEXT
  5
335
330
17
100
AcDbEntity
  8
S-TABLE
100
AcDbText
 10
417.4
 20
425.46609597759965
 30
0.0
 40
1.4678080447999995
  1
ST05
  7
OpenSans
 11
417.4
 21
425.46609597759965
 31
0.0
100
AcDbText
  0
TEXT
  5
336
330
17
100
AcDbEntity
  8
S-TABLE
100
AcDbText
 10
433.4
 20
425.46609597759965
 30
0.0
 40
1.4678080447999995
  1
T12
  7
OpenSans
 11
433.4
 21
425.46609597759965
 31
0.0
100
AcDbText
  0
TEXT
  5
337
330
17
100
AcDbEntity
  8
S-TABLE
100
AcDbText
 10
444.4
 20
425.46609597759965
 30
0.0
 40
1.4678080447999995
  1
00
  7
OpenSans
 11
444.4
 21
425.46609597759965
 31
0.0
100
AcDbText
  0
TEXT
  5
338
330
17
100
AcDbEntity
  8
S-TABLE
100
AcDbText
 10
454.4
 20
425.46609597759965
 30
0.0
 40
1.4678080447999995
  1
125
  7
OpenSans
 11
454.4
 21
425.46609597759965
 31
0.0
100
AcDbText
  0
TEXT
  5
339
330
17
100
AcDbEntity
  8
S-TABLE
100
AcDbText
 10
467.4
 20
425.46609597759965
 30
0.0
 40
1.4678080447999995
  1
40
  7
OpenSans
 11
467.4
 21
425.46609597759965
 31
0.0
100
AcDbText
  0
TEXT
  5
33A
330
17
100
AcDbEntity
  8
S-TABLE
100
AcDbText
 10
480.4
 20
425.46609597759965
 30
0.0
 40
1.4678080447999995
  1
1380
  7
OpenSans
 11
480.4
 21
425.46609597759965
 31
0.0
100
AcDbText
  0
TEXT
  5
33B
330
17
100
AcDbEntity
  8
S-TABLE
100
AcDbText
 10
496.4
 20
425.46609597759965
 30
0.0
 40
1.4678080447999995
  1
55.2
  7
OpenSans
 11
496.4
 21
425.46609597759965
 31
0.0
100
AcDbText
  0
TEXT
  5
33C
330
17
100
AcDbEntity
  8
S-TABLE
100
AcDbText
 10
513.4
 20
425.46609597759965
 30
0.0
 40
1.4678080447999995
  1
49
  7
OpenSans
 11
513.4
 21
425.46609597759965
 31
0.0
100
AcDbText
  0
TEXT
  5
33D
330
17
100
AcDbEntity
  8
S-TABLE
100
AcDbText
 10
531.4
 20
425.46609597759965
 30
0.0
 40
1.4678080447999995
  1
MAIN STAIR LANDINGS L1 / L2, 200 - TOP, 900 FROM EACH SUPPORT
  7
OpenSans
 11
531.4
 21
425.46609597759965
 31
0.0
100
AcDbText
  0
LINE
  5
33E
330
17
100
AcDbEntity
  8
S-TABLE
100
AcDbLine
 10
416.0
 20
422.39999999999964
 30
0.0
 11
618.0
 21
422.39999999999964
 31
0.0
  0
TEXT
  5
33F
330
17
100
AcDbEntity
  8
S-TABLE
100
AcDbText
 10
417.4
 20
417.8660959775996
 30
0.0
 40
1.4678080447999995
  1
ST06
  7
OpenSans
 11
417.4
 21
417.8660959775996
 31
0.0
100
AcDbText
  0
TEXT
  5
340
330
17
100
AcDbEntity
  8
S-TABLE
100
AcDbText
 10
433.4
 20
417.8660959775996
 30
0.0
 40
1.4678080447999995
  1
T10
  7
OpenSans
 11
433.4
 21
417.8660959775996
 31
0.0
100
AcDbText
  0
TEXT
  5
341
330
17
100
AcDbEntity
  8
S-TABLE
100
AcDbText
 10
444.4
 20
417.8660959775996
 30
0.0
 40
1.4678080447999995
  1
00
  7
OpenSans
 11
444.4
 21
417.8660959775996
 31
0.0
100
AcDbText
  0
TEXT
  5
342
330
17
100
AcDbEntity
  8
S-TABLE
100
AcDbText
 10
454.4
 20
417.8660959775996
 30
0.0
 40
1.4678080447999995
  1
200
  7
OpenSans
 11
454.4
 21
417.8660959775996
 31
0.0
100
AcDbText
  0
TEXT
  5
343
330
17
100
AcDbEntity
  8
S-TABLE
100
AcDbText
 10
467.4
 20
417.8660959775996
 30
0.0
 40
1.4678080447999995
  1
30
  7
OpenSans
 11
467.4
 21
417.8660959775996
 31
0.0
100
AcDbText
  0
TEXT
  5
344
330
17
100
AcDbEntity
  8
S-TABLE
100
AcDbText
 10
480.4
 20
417.8660959775996
 30
0.0
 40
1.4678080447999995
  1
1140
  7
OpenSans
 11
480.4
 21
417.8660959775996
 31
0.0
100
AcDbText
  0
TEXT
  5
345
330
17
100
AcDbEntity
  8
S-TABLE
100
AcDbText
 10
496.4
 20
417.8660959775996
 30
0.0
 40
1.4678080447999995
  1
34.2
  7
OpenSans
 11
496.4
 21
417.8660959775996
 31
0.0
100
AcDbText
  0
TEXT
  5
346
330
17
100
AcDbEntity
  8
S-TABLE
100
AcDbText
 10
513.4
 20
417.8660959775996
 30
0.0
 40
1.4678080447999995
  1
21
  7
OpenSans
 11
513.4
 21
417.8660959775996
 31
0.0
100
AcDbText
  0
TEXT
  5
347
330
17
100
AcDbEntity
  8
S-TABLE
100
AcDbText
 10
531.4
 20
417.8660959775996
 30
0.0
 40
1.4678080447999995
  1
MAIN STAIR LANDINGS L1 / L2, 200 - DISTRIBUTION
  7
OpenSans
 11
531.4
 21
417.8660959775996
 31
0.0
100
AcDbText
  0
LINE
  5
348
330
17
100
AcDbEntity
  8
S-TABLE
100
AcDbLine
 10
416.0
 20
414.7999999999996
 30
0.0
 11
618.0
 21
414.7999999999996
 31
0.0
  0
TEXT
  5
349
330
17
100
AcDbEntity
  8
S-TABLE
100
AcDbText
 10
417.4
 20
410.2660959775996
 30
0.0
 40
1.4678080447999995
  1
H01A
  7
OpenSans
 11
417.4
 21
410.2660959775996
 31
0.0
100
AcDbText
  0
TEXT
  5
34A
330
17
100
AcDbEntity
  8
S-TABLE
100
AcDbText
 10
433.4
 20
410.2660959775996
 30
0.0
 40
1.4678080447999995
  1
T20
  7
OpenSans
 11
433.4
 21
410.2660959775996
 31
0.0
100
AcDbText
  0
TEXT
  5
34B
330
17
100
AcDbEntity
  8
S-TABLE
100
AcDbText
 10
444.4
 20
410.2660959775996
 30
0.0
 40
1.4678080447999995
  1
00
  7
OpenSans
 11
444.4
 21
410.2660959775996
 31
0.0
100
AcDbText
  0
TEXT
  5
34C
330
17
100
AcDbEntity
  8
S-TABLE
100
AcDbText
 10
454.4
 20
410.2660959775996
 30
0.0
 40
1.4678080447999995
  1
150
  7
OpenSans
 11
454.4
 21
410.2660959775996
 31
0.0
100
AcDbText
  0
TEXT
  5
34D
330
17
100
AcDbEntity
  8
S-TABLE
100
AcDbText
 10
467.4
 20
410.2660959775996
 30
0.0
 40
1.4678080447999995
  1
38
  7
OpenSans
 11
467.4
 21
410.2660959775996
 31
0.0
100
AcDbText
  0
TEXT
  5
34E
330
17
100
AcDbEntity
  8
S-TABLE
100
AcDbText
 10
480.4
 20
410.2660959775996
 30
0.0
 40
1.4678080447999995
  1
4650
  7
OpenSans
 11
480.4
 21
410.2660959775996
 31
0.0
100
AcDbText
  0
TEXT
  5
34F
330
17
100
AcDbEntity
  8
S-TABLE
100
AcDbText
 10
496.4
 20
410.2660959775996
 30
0.0
 40
1.4678080447999995
  1
176.7
  7
OpenSans
 11
496.4
 21
410.2660959775996
 31
0.0
100
AcDbText
  0
TEXT
  5
350
330
17
100
AcDbEntity
  8
S-TABLE
100
AcDbText
 10
513.4
 20
410.2660959775996
 30
0.0
 40
1.4678080447999995
  1
436
  7
OpenSans
 11
513.4
 21
410.2660959775996
 31
0.0
100
AcDbText
  0
TEXT
  5
351
330
17
100
AcDbEntity
  8
S-TABLE
100
AcDbText
 10
531.4
 20
410.2660959775996
 30
0.0
 40
1.4678080447999995
  1
HEADHOUSE ROOF 500 - BOTTOM, MAIN (SPANNING 4000 IN X)
  7
OpenSans
 11
531.4
 21
410.2660959775996
 31
0.0
100
AcDbText
  0
LINE
  5
352
330
17
100
AcDbEntity
  8
S-TABLE
100
AcDbLine
 10
416.0
 20
407.1999999999996
 30
0.0
 11
618.0
 21
407.1999999999996
 31
0.0
  0
TEXT
  5
353
330
17
100
AcDbEntity
  8
S-TABLE
100
AcDbText
 10
417.4
 20
402.6660959775996
 30
0.0
 40
1.4678080447999995
  1
H01B
  7
OpenSans
 11
417.4
 21
402.6660959775996
 31
0.0
100
AcDbText
  0
TEXT
  5
354
330
17
100
AcDbEntity
  8
S-TABLE
100
AcDbText
 10
433.4
 20
402.6660959775996
 30
0.0
 40
1.4678080447999995
  1
T20
  7
OpenSans
 11
433.4
 21
402.6660959775996
 31
0.0
100
AcDbText
  0
TEXT
  5
355
330
17
100
AcDbEntity
  8
S-TABLE
100
AcDbText
 10
444.4
 20
402.6660959775996
 30
0.0
 40
1.4678080447999995
  1
00
  7
OpenSans
 11
444.4
 21
402.6660959775996
 31
0.0
100
AcDbText
  0
TEXT
  5
356
330
17
100
AcDbEntity
  8
S-TABLE
100
AcDbText
 10
454.4
 20
402.6660959775996
 30
0.0
 40
1.4678080447999995
  1
150
  7
OpenSans
 11
454.4
 21
402.6660959775996
 31
0.0
100
AcDbText
  0
TEXT
  5
357
330
17
100
AcDbEntity
  8
S-TABLE
100
AcDbText
 10
467.4
 20
402.6660959775996
 30
0.0
 40
1.4678080447999995
  1
32
  7
OpenSans
 11
467.4
 21
402.6660959775996
 31
0.0
100
AcDbText
  0
TEXT
  5
358
330
17
100
AcDbEntity
  8
S-TABLE
100
AcDbText
 10
480.4
 20
402.6660959775996
 30
0.0
 40
1.4678080447999995
  1
5650
  7
OpenSans
 11
480.4
 21
402.6660959775996
 31
0.0
100
AcDbText
  0
TEXT
  5
359
330
17
100
AcDbEntity
  8
S-TABLE
100
AcDbText
 10
496.4
 20
402.6660959775996
 30
0.0
 40
1.4678080447999995
  1
180.8
  7
OpenSans
 11
496.4
 21
402.6660959775996
 31
0.0
100
AcDbText
  0
TEXT
  5
35A
330
17
100
AcDbEntity
  8
S-TABLE
100
AcDbText
 10
513.4
 20
402.6660959775996
 30
0.0
 40
1.4678080447999995
  1
446
  7
OpenSans
 11
513.4
 21
402.6660959775996
 31
0.0
100
AcDbText
  0
TEXT
  5
35B
330
17
100
AcDbEntity
  8
S-TABLE
100
AcDbText
 10
531.4
 20
402.6660959775996
 30
0.0
 40
1.4678080447999995
  1
HEADHOUSE ROOF 500 - BOTTOM, SECONDARY (Y)
  7
OpenSans
 11
531.4
 21
402.6660959775996
 31
0.0
100
AcDbText
  0
LINE
  5
35C
330
17
100
AcDbEntity
  8
S-TABLE
100
AcDbLine
 10
416.0
 20
399.59999999999957
 30
0.0
 11
618.0
 21
399.59999999999957
 31
0.0
  0
TEXT
  5
35D
330
17
100
AcDbEntity
  8
S-TABLE
100
AcDbText
 10
417.4
 20
395.06609597759956
 30
0.0
 40
1.4678080447999995
  1
H01C
  7
OpenSans
 11
417.4
 21
395.06609597759956
 31
0.0
100
AcDbText
  0
TEXT
  5
35E
330
17
100
AcDbEntity
  8
S-TABLE
100
AcDbText
 10
433.4
 20
395.06609597759956
 30
0.0
 40
1.4678080447999995
  1
T20
  7
OpenSans
 11
433.4
 21
395.06609597759956
 31
0.0
100
AcDbText
  0
TEXT
  5
35F
330
17
100
AcDbEntity
  8
S-TABLE
100
AcDbText
 10
444.4
 20
395.06609597759956
 30
0.0
 40
1.4678080447999995
  1
00
  7
OpenSans
 11
444.4
 21
395.06609597759956
 31
0.0
100
AcDbText
  0
TEXT
  5
360
330
17
100
AcDbEntity
  8
S-TABLE
100
AcDbText
 10
454.4
 20
395.06609597759956
 30
0.0
 40
1.4678080447999995
  1
150
  7
OpenSans
 11
454.4
 21
395.06609597759956
 31
0.0
100
AcDbText
  0
TEXT
  5
361
330
17
100
AcDbEntity
  8
S-TABLE
100
AcDbText
 10
467.4
 20
395.06609597759956
 30
0.0
 40
1.4678080447999995
  1
38
  7
OpenSans
 11
467.4
 21
395.06609597759956
 31
0.0
100
AcDbText
  0
TEXT
  5
362
330
17
100
AcDbEntity
  8
S-TABLE
100
AcDbText
 10
480.4
 20
395.06609597759956
 30
0.0
 40
1.4678080447999995
  1
4650
  7
OpenSans
 11
480.4
 21
395.06609597759956
 31
0.0
100
AcDbText
  0
TEXT
  5
363
330
17
100
AcDbEntity
  8
S-TABLE
100
AcDbText
 10
496.4
 20
395.06609597759956
 30
0.0
 40
1.4678080447999995
  1
176.7
  7
OpenSans
 11
496.4
 21
395.06609597759956
 31
0.0
100
AcDbText
  0
TEXT
  5
364
330
17
100
AcDbEntity
  8
S-TABLE
100
AcDbText
 10
513.4
 20
395.06609597759956
 30
0.0
 40
1.4678080447999995
  1
436
  7
OpenSans
 11
513.4
 21
395.06609597759956
 31
0.0
100
AcDbText
  0
TEXT
  5
365
330
17
100
AcDbEntity
  8
S-TABLE
100
AcDbText
 10
531.4
 20
395.06609597759956
 30
0.0
 40
1.4678080447999995
  1
HEADHOUSE ROOF 500 - TOP, MAIN (X)
  7
OpenSans
 11
531.4
 21
395.06609597759956
 31
0.0
100
AcDbText
  0
LINE
  5
366
330
17
100
AcDbEntity
  8
S-TABLE
100
AcDbLine
 10
416.0
 20
391.99999999999955
 30
0.0
 11
618.0
 21
391.99999999999955
 31
0.0
  0
TEXT
  5
367
330
17
100
AcDbEntity
  8
S-TABLE
100
AcDbText
 10
417.4
 20
387.46609597759954
 30
0.0
 40
1.4678080447999995
  1
H01D
  7
OpenSans
 11
417.4
 21
387.46609597759954
 31
0.0
100
AcDbText
  0
TEXT
  5
368
330
17
100
AcDbEntity
  8
S-TABLE
100
AcDbText
 10
433.4
 20
387.46609597759954
 30
0.0
 40
1.4678080447999995
  1
T20
  7
OpenSans
 11
433.4
 21
387.46609597759954
 31
0.0
100
AcDbText
  0
TEXT
  5
369
330
17
100
AcDbEntity
  8
S-TABLE
100
AcDbText
 10
444.4
 20
387.46609597759954
 30
0.0
 40
1.4678080447999995
  1
00
  7
OpenSans
 11
444.4
 21
387.46609597759954
 31
0.0
100
AcDbText
  0
TEXT
  5
36A
330
17
100
AcDbEntity
  8
S-TABLE
100
AcDbText
 10
454.4
 20
387.46609597759954
 30
0.0
 40
1.4678080447999995
  1
150
  7
OpenSans
 11
454.4
 21
387.46609597759954
 31
0.0
100
AcDbText
  0
TEXT
  5
36B
330
17
100
AcDbEntity
  8
S-TABLE
100
AcDbText
 10
467.4
 20
387.46609597759954
 30
0.0
 40
1.4678080447999995
  1
32
  7
OpenSans
 11
467.4
 21
387.46609597759954
 31
0.0
100
AcDbText
  0
TEXT
  5
36C
330
17
100
AcDbEntity
  8
S-TABLE
100
AcDbText
 10
480.4
 20
387.46609597759954
 30
0.0
 40
1.4678080447999995
  1
5650
  7
OpenSans
 11
480.4
 21
387.46609597759954
 31
0.0
100
AcDbText
  0
TEXT
  5
36D
330
17
100
AcDbEntity
  8
S-TABLE
100
AcDbText
 10
496.4
 20
387.46609597759954
 30
0.0
 40
1.4678080447999995
  1
180.8
  7
OpenSans
 11
496.4
 21
387.46609597759954
 31
0.0
100
AcDbText
  0
TEXT
  5
36E
330
17
100
AcDbEntity
  8
S-TABLE
100
AcDbText
 10
513.4
 20
387.46609597759954
 30
0.0
 40
1.4678080447999995
  1
446
  7
OpenSans
 11
513.4
 21
387.46609597759954
 31
0.0
100
AcDbText
  0
TEXT
  5
36F
330
17
100
AcDbEntity
  8
S-TABLE
100
AcDbText
 10
531.4
 20
387.46609597759954
 30
0.0
 40
1.4678080447999995
  1
HEADHOUSE ROOF 500 - TOP, SECONDARY (Y)
  7
OpenSans
 11
531.4
 21
387.46609597759954
 31
0.0
100
AcDbText
  0
LINE
  5
370
330
17
100
AcDbEntity
  8
S-TABLE
100
AcDbLine
 10
416.0
 20
384.3999999999995
 30
0.0
 11
618.0
 21
384.3999999999995
 31
0.0
  0
TEXT
  5
371
330
17
100
AcDbEntity
  8
S-TABLE
100
AcDbText
 10
417.4
 20
379.8660959775995
 30
0.0
 40
1.4678080447999995
  1
H02
  7
OpenSans
 11
417.4
 21
379.8660959775995
 31
0.0
100
AcDbText
  0
TEXT
  5
372
330
17
100
AcDbEntity
  8
S-TABLE
100
AcDbText
 10
433.4
 20
379.8660959775995
 30
0.0
 40
1.4678080447999995
  1
T12
  7
OpenSans
 11
433.4
 21
379.8660959775995
 31
0.0
100
AcDbText
  0
TEXT
  5
373
330
17
100
AcDbEntity
  8
S-TABLE
100
AcDbText
 10
444.4
 20
379.8660959775995
 30
0.0
 40
1.4678080447999995
  1
51
  7
OpenSans
 11
444.4
 21
379.8660959775995
 31
0.0
100
AcDbText
  0
TEXT
  5
374
330
17
100
AcDbEntity
  8
S-TABLE
100
AcDbText
 10
454.4
 20
379.8660959775995
 30
0.0
 40
1.4678080447999995
  1
175 x 175
  7
OpenSans
 11
454.4
 21
379.8660959775995
 31
0.0
100
AcDbText
  0
TEXT
  5
375
330
17
100
AcDbEntity
  8
S-TABLE
100
AcDbText
 10
467.4
 20
379.8660959775995
 30
0.0
 40
1.4678080447999995
  1
672
  7
OpenSans
 11
467.4
 21
379.8660959775995
 31
0.0
100
AcDbText
  0
TEXT
  5
376
330
17
100
AcDbEntity
  8
S-TABLE
100
AcDbText
 10
480.4
 20
379.8660959775995
 30
0.0
 40
1.4678080447999995
  1
1240
  7
OpenSans
 11
480.4
 21
379.8660959775995
 31
0.0
100
AcDbText
  0
TEXT
  5
377
330
17
100
AcDbEntity
  8
S-TABLE
100
AcDbText
 10
496.4
 20
379.8660959775995
 30
0.0
 40
1.4678080447999995
  1
833.3
  7
OpenSans
 11
496.4
 21
379.8660959775995
 31
0.0
100
AcDbText
  0
TEXT
  5
378
330
17
100
AcDbEntity
  8
S-TABLE
100
AcDbText
 10
513.4
 20
379.8660959775995
 30
0.0
 40
1.4678080447999995
  1
740
  7
OpenSans
 11
513.4
 21
379.8660959775995
 31
0.0
100
AcDbText
  0
TEXT
  5
379
330
17
100
AcDbEntity
  8
S-TABLE
100
AcDbText
 10
531.4
 20
379.8660959775995
 30
0.0
 40
1.4678080447999995
  1
HEADHOUSE ROOF 500 - 4-LEGGED LINKS @ 175, END 1200 EACH SIDE
  7
OpenSans
 11
531.4
 21
379.8660959775995
 31
0.0
100
AcDbText
  0
LINE
  5
37A
330
17
100
AcDbEntity
  8
S-TABLE
100
AcDbLine
 10
416.0
 20
376.7999999999995
 30
0.0
 11
618.0
 21
376.7999999999995
 31
0.0
  0
TEXT
  5
37B
330
17
100
AcDbEntity
  8
S-TABLE
100
AcDbText
 10
417.4
 20
372.2660959775995
 30
0.0
 40
1.4678080447999995
  1
H03
  7
OpenSans
 11
417.4
 21
372.2660959775995
 31
0.0
100
AcDbText
  0
TEXT
  5
37C
330
17
100
AcDbEntity
  8
S-TABLE
100
AcDbText
 10
433.4
 20
372.2660959775995
 30
0.0
 40
1.4678080447999995
  1
T12
  7
OpenSans
 11
433.4
 21
372.2660959775995
 31
0.0
100
AcDbText
  0
TEXT
  5
37D
330
17
100
AcDbEntity
  8
S-TABLE
100
AcDbText
 10
444.4
 20
372.2660959775995
 30
0.0
 40
1.4678080447999995
  1
51
  7
OpenSans
 11
444.4
 21
372.2660959775995
 31
0.0
100
AcDbText
  0
TEXT
  5
37E
330
17
100
AcDbEntity
  8
S-TABLE
100
AcDbText
 10
454.4
 20
372.2660959775995
 30
0.0
 40
1.4678080447999995
  1
250 x 250
  7
OpenSans
 11
454.4
 21
372.2660959775995
 31
0.0
100
AcDbText
  0
TEXT
  5
37F
330
17
100
AcDbEntity
  8
S-TABLE
100
AcDbText
 10
467.4
 20
372.2660959775995
 30
0.0
 40
1.4678080447999995
  1
240
  7
OpenSans
 11
467.4
 21
372.2660959775995
 31
0.0
100
AcDbText
  0
TEXT
  5
380
330
17
100
AcDbEntity
  8
S-TABLE
100
AcDbText
 10
480.4
 20
372.2660959775995
 30
0.0
 40
1.4678080447999995
  1
1240
  7
OpenSans
 11
480.4
 21
372.2660959775995
 31
0.0
100
AcDbText
  0
TEXT
  5
381
330
17
100
AcDbEntity
  8
S-TABLE
100
AcDbText
 10
496.4
 20
372.2660959775995
 30
0.0
 40
1.4678080447999995
  1
297.6
  7
OpenSans
 11
496.4
 21
372.2660959775995
 31
0.0
100
AcDbText
  0
TEXT
  5
382
330
17
100
AcDbEntity
  8
S-TABLE
100
AcDbText
 10
513.4
 20
372.2660959775995
 30
0.0
 40
1.4678080447999995
  1
264
  7
OpenSans
 11
513.4
 21
372.2660959775995
 31
0.0
100
AcDbText
  0
TEXT
  5
383
330
17
100
AcDbEntity
  8
S-TABLE
100
AcDbText
 10
531.4
 20
372.2660959775995
 30
0.0
 40
1.4678080447999995
  1
HEADHOUSE ROOF 500 - 4-LEGGED LINKS @ 250, MID ZONE
  7
OpenSans
 11
531.4
 21
372.2660959775995
 31
0.0
100
AcDbText
  0
LINE
  5
384
330
17
100
AcDbEntity
  8
S-TABLE
100
AcDbLine
 10
416.0
 20
369.1999999999995
 30
0.0
 11
618.0
 21
369.1999999999995
 31
0.0
  0
TEXT
  5
385
330
17
100
AcDbEntity
  8
S-TABLE
100
AcDbText
 10
417.4
 20
364.66609597759947
 30
0.0
 40
1.4678080447999995
  1
H04A
  7
OpenSans
 11
417.4
 21
364.66609597759947
 31
0.0
100
AcDbText
  0
TEXT
  5
386
330
17
100
AcDbEntity
  8
S-TABLE
100
AcDbText
 10
433.4
 20
364.66609597759947
 30
0.0
 40
1.4678080447999995
  1
T16
  7
OpenSans
 11
433.4
 21
364.66609597759947
 31
0.0
100
AcDbText
  0
TEXT
  5
387
330
17
100
AcDbEntity
  8
S-TABLE
100
AcDbText
 10
444.4
 20
364.66609597759947
 30
0.0
 40
1.4678080447999995
  1
00
  7
OpenSans
 11
444.4
 21
364.66609597759947
 31
0.0
100
AcDbText
  0
TEXT
  5
388
330
17
100
AcDbEntity
  8
S-TABLE
100
AcDbText
 10
454.4
 20
364.66609597759947
 30
0.0
 40
1.4678080447999995
  1
150
  7
OpenSans
 11
454.4
 21
364.66609597759947
 31
0.0
100
AcDbText
  0
TEXT
  5
389
330
17
100
AcDbEntity
  8
S-TABLE
100
AcDbText
 10
467.4
 20
364.66609597759947
 30
0.0
 40
1.4678080447999995
  1
260
  7
OpenSans
 11
467.4
 21
364.66609597759947
 31
0.0
100
AcDbText
  0
TEXT
  5
38A
330
17
100
AcDbEntity
  8
S-TABLE
100
AcDbText
 10
480.4
 20
364.66609597759947
 30
0.0
 40
1.4678080447999995
  1
3825
  7
OpenSans
 11
480.4
 21
364.66609597759947
 31
0.0
100
AcDbText
  0
TEXT
  5
38B
330
17
100
AcDbEntity
  8
S-TABLE
100
AcDbText
 10
496.4
 20
364.66609597759947
 30
0.0
 40
1.4678080447999995
  1
994.5
  7
OpenSans
 11
496.4
 21
364.66609597759947
 31
0.0
100
AcDbText
  0
TEXT
  5
38C
330
17
100
AcDbEntity
  8
S-TABLE
100
AcDbText
 10
513.4
 20
364.66609597759947
 30
0.0
 40
1.4678080447999995
  1
1570
  7
OpenSans
 11
513.4
 21
364.66609597759947
 31
0.0
100
AcDbText
  0
TEXT
  5
38D
330
17
100
AcDbEntity
  8
S-TABLE
100
AcDbText
 10
531.4
 20
364.66609597759947
 30
0.0
 40
1.4678080447999995
  1
HEADHOUSE WALLS 400 - VERTICAL, EACH FACE
  7
OpenSans
 11
531.4
 21
364.66609597759947
 31
0.0
100
AcDbText
  0
LINE
  5
38E
330
17
100
AcDbEntity
  8
S-TABLE
100
AcDbLine
 10
416.0
 20
361.59999999999945
 30
0.0
 11
618.0
 21
361.59999999999945
 31
0.0
  0
TEXT
  5
38F
330
17
100
AcDbEntity
  8
S-TABLE
100
AcDbText
 10
417.4
 20
357.06609597759945
 30
0.0
 40
1.4678080447999995
  1
H04B
  7
OpenSans
 11
417.4
 21
357.06609597759945
 31
0.0
100
AcDbText
  0
TEXT
  5
390
330
17
100
AcDbEntity
  8
S-TABLE
100
AcDbText
 10
433.4
 20
357.06609597759945
 30
0.0
 40
1.4678080447999995
  1
T16
  7
OpenSans
 11
433.4
 21
357.06609597759945
 31
0.0
100
AcDbText
  0
TEXT
  5
391
330
17
100
AcDbEntity
  8
S-TABLE
100
AcDbText
 10
444.4
 20
357.06609597759945
 30
0.0
 40
1.4678080447999995
  1
00
  7
OpenSans
 11
444.4
 21
357.06609597759945
 31
0.0
100
AcDbText
  0
TEXT
  5
392
330
17
100
AcDbEntity
  8
S-TABLE
100
AcDbText
 10
454.4
 20
357.06609597759945
 30
0.0
 40
1.4678080447999995
  1
150
  7
OpenSans
 11
454.4
 21
357.06609597759945
 31
0.0
100
AcDbText
  0
TEXT
  5
393
330
17
100
AcDbEntity
  8
S-TABLE
100
AcDbText
 10
467.4
 20
357.06609597759945
 30
0.0
 40
1.4678080447999995
  1
68
  7
OpenSans
 11
467.4
 21
357.06609597759945
 31
0.0
100
AcDbText
  0
TEXT
  5
394
330
17
100
AcDbEntity
  8
S-TABLE
100
AcDbText
 10
480.4
 20
357.06609597759945
 30
0.0
 40
1.4678080447999995
  1
10200
  7
OpenSans
 11
480.4
 21
357.06609597759945
 31
0.0
100
AcDbText
  0
TEXT
  5
395
330
17
100
AcDbEntity
  8
S-TABLE
100
AcDbText
 10
496.4
 20
357.06609597759945
 30
0.0
 40
1.4678080447999995
  1
693.6
  7
OpenSans
 11
496.4
 21
357.06609597759945
 31
0.0
100
AcDbText
  0
TEXT
  5
396
330
17
100
AcDbEntity
  8
S-TABLE
100
AcDbText
 10
513.4
 20
357.06609597759945
 30
0.0
 40
1.4678080447999995
  1
1095
  7
OpenSans
 11
513.4
 21
357.06609597759945
 31
0.0
100
AcDbText
  0
TEXT
  5
397
330
17
100
AcDbEntity
  8
S-TABLE
100
AcDbText
 10
531.4
 20
357.06609597759945
 30
0.0
 40
1.4678080447999995
  1
HEADHOUSE WALLS 400 - HORIZONTAL RINGS, EACH FACE
  7
OpenSans
 11
531.4
 21
357.06609597759945
 31
0.0
100
AcDbText
  0
LINE
  5
398
330
17
100
AcDbEntity
  8
S-TABLE
100
AcDbLine
 10
416.0
 20
353.99999999999943
 30
0.0
 11
618.0
 21
353.99999999999943
 31
0.0
  0
TEXT
  5
399
330
17
100
AcDbEntity
  8
S-TABLE
100
AcDbText
 10
417.4
 20
349.4660959775994
 30
0.0
 40
1.4678080447999995
  1
H05
  7
OpenSans
 11
417.4
 21
349.4660959775994
 31
0.0
100
AcDbText
  0
TEXT
  5
39A
330
17
100
AcDbEntity
  8
S-TABLE
100
AcDbText
 10
433.4
 20
349.4660959775994
 30
0.0
 40
1.4678080447999995
  1
T12
  7
OpenSans
 11
433.4
 21
349.4660959775994
 31
0.0
100
AcDbText
  0
TEXT
  5
39B
330
17
100
AcDbEntity
  8
S-TABLE
100
AcDbText
 10
444.4
 20
349.4660959775994
 30
0.0
 40
1.4678080447999995
  1
51
  7
OpenSans
 11
444.4
 21
349.4660959775994
 31
0.0
100
AcDbText
  0
TEXT
  5
39C
330
17
100
AcDbEntity
  8
S-TABLE
100
AcDbText
 10
454.4
 20
349.4660959775994
 30
0.0
 40
1.4678080447999995
  1
250 x 250
  7
OpenSans
 11
454.4
 21
349.4660959775994
 31
0.0
100
AcDbText
  0
TEXT
  5
39D
330
17
100
AcDbEntity
  8
S-TABLE
100
AcDbText
 10
467.4
 20
349.4660959775994
 30
0.0
 40
1.4678080447999995
  1
1404
  7
OpenSans
 11
467.4
 21
349.4660959775994
 31
0.0
100
AcDbText
  0
TEXT
  5
39E
330
17
100
AcDbEntity
  8
S-TABLE
100
AcDbText
 10
480.4
 20
349.4660959775994
 30
0.0
 40
1.4678080447999995
  1
1140
  7
OpenSans
 11
480.4
 21
349.4660959775994
 31
0.0
100
AcDbText
  0
TEXT
  5
39F
330
17
100
AcDbEntity
  8
S-TABLE
100
AcDbText
 10
496.4
 20
349.4660959775994
 30
0.0
 40
1.4678080447999995
  1
1600.6
  7
OpenSans
 11
496.4
 21
349.4660959775994
 31
0.0
100
AcDbText
  0
TEXT
  5
3A0
330
17
100
AcDbEntity
  8
S-TABLE
100
AcDbText
 10
513.4
 20
349.4660959775994
 30
0.0
 40
1.4678080447999995
  1
1421
  7
OpenSans
 11
513.4
 21
349.4660959775994
 31
0.0
100
AcDbText
  0
TEXT
  5
3A1
330
17
100
AcDbEntity
  8
S-TABLE
100
AcDbText
 10
531.4
 20
349.4660959775994
 30
0.0
 40
1.4678080447999995
  1
HEADHOUSE WALLS 400 - 4-LEGGED LINKS @ 250, ALL FOUR WALLS
  7
OpenSans
 11
531.4
 21
349.4660959775994
 31
0.0
100
AcDbText
  0
LINE
  5
3A2
330
17
100
AcDbEntity
  8
S-TABLE
100
AcDbLine
 10
416.0
 20
346.3999999999994
 30
0.0
 11
618.0
 21
346.3999999999994
 31
0.0
  0
TEXT
  5
3A3
330
17
100
AcDbEntity
  8
S-TABLE
100
AcDbText
 10
417.4
 20
341.8660959775994
 30
0.0
 40
1.4678080447999995
  1
H06
  7
OpenSans
 11
417.4
 21
341.8660959775994
 31
0.0
100
AcDbText
  0
TEXT
  5
3A4
330
17
100
AcDbEntity
  8
S-TABLE
100
AcDbText
 10
433.4
 20
341.8660959775994
 30
0.0
 40
1.4678080447999995
  1
T16
  7
OpenSans
 11
433.4
 21
341.8660959775994
 31
0.0
100
AcDbText
  0
TEXT
  5
3A5
330
17
100
AcDbEntity
  8
S-TABLE
100
AcDbText
 10
444.4
 20
341.8660959775994
 30
0.0
 40
1.4678080447999995
  1
00
  7
OpenSans
 11
444.4
 21
341.8660959775994
 31
0.0
100
AcDbText
  0
TEXT
  5
3A6
330
17
100
AcDbEntity
  8
S-TABLE
100
AcDbText
 10
454.4
 20
341.8660959775994
 30
0.0
 40
1.4678080447999995
  1
150
  7
OpenSans
 11
454.4
 21
341.8660959775994
 31
0.0
100
AcDbText
  0
TEXT
  5
3A7
330
17
100
AcDbEntity
  8
S-TABLE
100
AcDbText
 10
467.4
 20
341.8660959775994
 30
0.0
 40
1.4678080447999995
  1
130
  7
OpenSans
 11
467.4
 21
341.8660959775994
 31
0.0
100
AcDbText
  0
TEXT
  5
3A8
330
17
100
AcDbEntity
  8
S-TABLE
100
AcDbText
 10
480.4
 20
341.8660959775994
 30
0.0
 40
1.4678080447999995
  1
1704
  7
OpenSans
 11
480.4
 21
341.8660959775994
 31
0.0
100
AcDbText
  0
TEXT
  5
3A9
330
17
100
AcDbEntity
  8
S-TABLE
100
AcDbText
 10
496.4
 20
341.8660959775994
 30
0.0
 40
1.4678080447999995
  1
221.5
  7
OpenSans
 11
496.4
 21
341.8660959775994
 31
0.0
100
AcDbText
  0
TEXT
  5
3AA
330
17
100
AcDbEntity
  8
S-TABLE
100
AcDbText
 10
513.4
 20
341.8660959775994
 30
0.0
 40
1.4678080447999995
  1
350
  7
OpenSans
 11
513.4
 21
341.8660959775994
 31
0.0
100
AcDbText
  0
TEXT
  5
3AB
330
17
100
AcDbEntity
  8
S-TABLE
100
AcDbText
 10
531.4
 20
341.8660959775994
 30
0.0
 40
1.4678080447999995
  1
HEADHOUSE WALL / ROOF - HAUNCH DIAGONALS, 300 x 300
  7
OpenSans
 11
531.4
 21
341.8660959775994
 31
0.0
100
AcDbText
  0
LINE
  5
3AC
330
17
100
AcDbEntity
  8
S-TABLE
100
AcDbLine
 10
416.0
 20
338.7999999999994
 30
0.0
 11
618.0
 21
338.7999999999994
 31
0.0
  0
TEXT
  5
3AD
330
17
100
AcDbEntity
  8
S-TABLE
100
AcDbText
 10
417.4
 20
334.2660959775994
 30
0.0
 40
1.4678080447999995
  1
H07
  7
OpenSans
 11
417.4
 21
334.2660959775994
 31
0.0
100
AcDbText
  0
TEXT
  5
3AE
330
17
100
AcDbEntity
  8
S-TABLE
100
AcDbText
 10
433.4
 20
334.2660959775994
 30
0.0
 40
1.4678080447999995
  1
T20
  7
OpenSans
 11
433.4
 21
334.2660959775994
 31
0.0
100
AcDbText
  0
TEXT
  5
3AF
330
17
100
AcDbEntity
  8
S-TABLE
100
AcDbText
 10
444.4
 20
334.2660959775994
 30
0.0
 40
1.4678080447999995
  1
00
  7
OpenSans
 11
444.4
 21
334.2660959775994
 31
0.0
100
AcDbText
  0
TEXT
  5
3B0
330
17
100
AcDbEntity
  8
S-TABLE
100
AcDbText
 10
454.4
 20
334.2660959775994
 30
0.0
 40
1.4678080447999995
  1
-
  7
OpenSans
 11
454.4
 21
334.2660959775994
 31
0.0
100
AcDbText
  0
TEXT
  5
3B1
330
17
100
AcDbEntity
  8
S-TABLE
100
AcDbText
 10
467.4
 20
334.2660959775994
 30
0.0
 40
1.4678080447999995
  1
8
  7
OpenSans
 11
467.4
 21
334.2660959775994
 31
0.0
100
AcDbText
  0
TEXT
  5
3B2
330
17
100
AcDbEntity
  8
S-TABLE
100
AcDbText
 10
480.4
 20
334.2660959775994
 30
0.0
 40
1.4678080447999995
  1
3700
  7
OpenSans
 11
480.4
 21
334.2660959775994
 31
0.0
100
AcDbText
  0
TEXT
  5
3B3
330
17
100
AcDbEntity
  8
S-TABLE
100
AcDbText
 10
496.4
 20
334.2660959775994
 30
0.0
 40
1.4678080447999995
  1
29.6
  7
OpenSans
 11
496.4
 21
334.2660959775994
 31
0.0
100
AcDbText
  0
TEXT
  5
3B4
330
17
100
AcDbEntity
  8
S-TABLE
100
AcDbText
 10
513.4
 20
334.2660959775994
 30
0.0
 40
1.4678080447999995
  1
73
  7
OpenSans
 11
513.4
 21
334.2660959775994
 31
0.0
100
AcDbText
  0
TEXT
  5
3B5
330
17
100
AcDbEntity
  8
S-TABLE
100
AcDbText
 10
531.4
 20
334.2660959775994
 30
0.0
 40
1.4678080447999995
  1
HEADHOUSE SECURITY DOOR 900 x 2100 - JAMB BARS, 2-T20 EACH JAMB 
  7
OpenSans
 11
531.4
 21
334.2660959775994
 31
0.0
100
AcDbText
  0
LINE
  5
3B6
330
17
100
AcDbEntity
  8
S-TABLE
100
AcDbLine
 10
416.0
 20
331.19999999999936
 30
0.0
 11
618.0
 21
331.19999999999936
 31
0.0
  0
TEXT
  5
3B7
330
17
100
AcDbEntity
  8
S-TABLE
100
AcDbText
 10
417.4
 20
326.66609597759935
 30
0.0
 40
1.4678080447999995
  1
H08
  7
OpenSans
 11
417.4
 21
326.66609597759935
 31
0.0
100
AcDbText
  0
TEXT
  5
3B8
330
17
100
AcDbEntity
  8
S-TABLE
100
AcDbText
 10
433.4
 20
326.66609597759935
 30
0.0
 40
1.4678080447999995
  1
T20
  7
OpenSans
 11
433.4
 21
326.66609597759935
 31
0.0
100
AcDbText
  0
TEXT
  5
3B9
330
17
100
AcDbEntity
  8
S-TABLE
100
AcDbText
 10
444.4
 20
326.66609597759935
 30
0.0
 40
1.4678080447999995
  1
00
  7
OpenSans
 11
444.4
 21
326.66609597759935
 31
0.0
100
AcDbText
  0
TEXT
  5
3BA
330
17
100
AcDbEntity
  8
S-TABLE
100
AcDbText
 10
454.4
 20
326.66609597759935
 30
0.0
 40
1.4678080447999995
  1
-
  7
OpenSans
 11
454.4
 21
326.66609597759935
 31
0.0
100
AcDbText
  0
TEXT
  5
3BB
330
17
100
AcDbEntity
  8
S-TABLE
100
AcDbText
 10
467.4
 20
326.66609597759935
 30
0.0
 40
1.4678080447999995
  1
8
  7
OpenSans
 11
467.4
 21
326.66609597759935
 31
0.0
100
AcDbText
  0
TEXT
  5
3BC
330
17
100
AcDbEntity
  8
S-TABLE
100
AcDbText
 10
480.4
 20
326.66609597759935
 30
0.0
 40
1.4678080447999995
  1
3700
  7
OpenSans
 11
480.4
 21
326.66609597759935
 31
0.0
100
AcDbText
  0
TEXT
  5
3BD
330
17
100
AcDbEntity
  8
S-TABLE
100
AcDbText
 10
496.4
 20
326.66609597759935
 30
0.0
 40
1.4678080447999995
  1
29.6
  7
OpenSans
 11
496.4
 21
326.66609597759935
 31
0.0
100
AcDbText
  0
TEXT
  5
3BE
330
17
100
AcDbEntity
  8
S-TABLE
100
AcDbText
 10
513.4
 20
326.66609597759935
 30
0.0
 40
1.4678080447999995
  1
73
  7
OpenSans
 11
513.4
 21
326.66609597759935
 31
0.0
100
AcDbText
  0
TEXT
  5
3BF
330
17
100
AcDbEntity
  8
S-TABLE
100
AcDbText
 10
531.4
 20
326.66609597759935
 30
0.0
 40
1.4678080447999995
  1
HEADHOUSE DOOR-HEAD EDGE BAND 400 x 800 - 4-T20 TOP + 4-T20 BOTT
  7
OpenSans
 11
531.4
 21
326.66609597759935
 31
0.0
100
AcDbText
  0
LINE
  5
3C0
330
17
100
AcDbEntity
  8
S-TABLE
100
AcDbLine
 10
416.0
 20
323.59999999999934
 30
0.0
 11
618.0
 21
323.59999999999934
 31
0.0
  0
TEXT
  5
3C1
330
17
100
AcDbEntity
  8
S-TABLE
100
AcDbText
 10
417.4
 20
319.06609597759933
 30
0.0
 40
1.4678080447999995
  1
H09
  7
OpenSans
 11
417.4
 21
319.06609597759933
 31
0.0
100
AcDbText
  0
TEXT
  5
3C2
330
17
100
AcDbEntity
  8
S-TABLE
100
AcDbText
 10
433.4
 20
319.06609597759933
 30
0.0
 40
1.4678080447999995
  1
T12
  7
OpenSans
 11
433.4
 21
319.06609597759933
 31
0.0
100
AcDbText
  0
TEXT
  5
3C3
330
17
100
AcDbEntity
  8
S-TABLE
100
AcDbText
 10
444.4
 20
319.06609597759933
 30
0.0
 40
1.4678080447999995
  1
51
  7
OpenSans
 11
444.4
 21
319.06609597759933
 31
0.0
100
AcDbText
  0
TEXT
  5
3C4
330
17
100
AcDbEntity
  8
S-TABLE
100
AcDbText
 10
454.4
 20
319.06609597759933
 30
0.0
 40
1.4678080447999995
  1
150
  7
OpenSans
 11
454.4
 21
319.06609597759933
 31
0.0
100
AcDbText
  0
TEXT
  5
3C5
330
17
100
AcDbEntity
  8
S-TABLE
100
AcDbText
 10
467.4
 20
319.06609597759933
 30
0.0
 40
1.4678080447999995
  1
28
  7
OpenSans
 11
467.4
 21
319.06609597759933
 31
0.0
100
AcDbText
  0
TEXT
  5
3C6
330
17
100
AcDbEntity
  8
S-TABLE
100
AcDbText
 10
480.4
 20
319.06609597759933
 30
0.0
 40
1.4678080447999995
  1
2320
  7
OpenSans
 11
480.4
 21
319.06609597759933
 31
0.0
100
AcDbText
  0
TEXT
  5
3C7
330
17
100
AcDbEntity
  8
S-TABLE
100
AcDbText
 10
496.4
 20
319.06609597759933
 30
0.0
 40
1.4678080447999995
  1
65.0
  7
OpenSans
 11
496.4
 21
319.06609597759933
 31
0.0
100
AcDbText
  0
TEXT
  5
3C8
330
17
100
AcDbEntity
  8
S-TABLE
100
AcDbText
 10
513.4
 20
319.06609597759933
 30
0.0
 40
1.4678080447999995
  1
58
  7
OpenSans
 11
513.4
 21
319.06609597759933
 31
0.0
100
AcDbText
  0
TEXT
  5
3C9
330
17
100
AcDbEntity
  8
S-TABLE
100
AcDbText
 10
531.4
 20
319.06609597759933
 30
0.0
 40
1.4678080447999995
  1
HEADHOUSE DOOR-HEAD EDGE BAND - 4-LEGGED LINKS @ 150
  7
OpenSans
 11
531.4
 21
319.06609597759933
 31
0.0
100
AcDbText
  0
LINE
  5
3CA
330
17
100
AcDbEntity
  8
S-TABLE
100
AcDbLine
 10
416.0
 20
315.9999999999993
 30
0.0
 11
618.0
 21
315.9999999999993
 31
0.0
  0
TEXT
  5
3CB
330
17
100
AcDbEntity
  8
S-TABLE
100
AcDbText
 10
417.4
 20
311.4660959775993
 30
0.0
 40
1.4678080447999995
  1
H10
  7
OpenSans
 11
417.4
 21
311.4660959775993
 31
0.0
100
AcDbText
  0
TEXT
  5
3CC
330
17
100
AcDbEntity
  8
S-TABLE
100
AcDbText
 10
433.4
 20
311.4660959775993
 30
0.0
 40
1.4678080447999995
  1
T16
  7
OpenSans
 11
433.4
 21
311.4660959775993
 31
0.0
100
AcDbText
  0
TEXT
  5
3CD
330
17
100
AcDbEntity
  8
S-TABLE
100
AcDbText
 10
444.4
 20
311.4660959775993
 30
0.0
 40
1.4678080447999995
  1
11
  7
OpenSans
 11
444.4
 21
311.4660959775993
 31
0.0
100
AcDbText
  0
TEXT
  5
3CE
330
17
100
AcDbEntity
  8
S-TABLE
100
AcDbText
 10
454.4
 20
311.4660959775993
 30
0.0
 40
1.4678080447999995
  1
150
  7
OpenSans
 11
454.4
 21
311.4660959775993
 31
0.0
100
AcDbText
  0
TEXT
  5
3CF
330
17
100
AcDbEntity
  8
S-TABLE
100
AcDbText
 10
467.4
 20
311.4660959775993
 30
0.0
 40
1.4678080447999995
  1
260
  7
OpenSans
 11
467.4
 21
311.4660959775993
 31
0.0
100
AcDbText
  0
TEXT
  5
3D0
330
17
100
AcDbEntity
  8
S-TABLE
100
AcDbText
 10
480.4
 20
311.4660959775993
 30
0.0
 40
1.4678080447999995
  1
2335
  7
OpenSans
 11
480.4
 21
311.4660959775993
 31
0.0
100
AcDbText
  0
TEXT
  5
3D1
330
17
100
AcDbEntity
  8
S-TABLE
100
AcDbText
 10
496.4
 20
311.4660959775993
 30
0.0
 40
1.4678080447999995
  1
607.1
  7
OpenSans
 11
496.4
 21
311.4660959775993
 31
0.0
100
AcDbText
  0
TEXT
  5
3D2
330
17
100
AcDbEntity
  8
S-TABLE
100
AcDbText
 10
513.4
 20
311.4660959775993
 30
0.0
 40
1.4678080447999995
  1
958
  7
OpenSans
 11
513.4
 21
311.4660959775993
 31
0.0
100
AcDbText
  0
TEXT
  5
3D3
330
17
100
AcDbEntity
  8
S-TABLE
100
AcDbText
 10
531.4
 20
311.4660959775993
 30
0.0
 40
1.4678080447999995
  1
PRESSURE SLAB / HEADHOUSE WALLS - WALL STARTERS, EACH FACE
  7
OpenSans
 11
531.4
 21
311.4660959775993
 31
0.0
100
AcDbText
  0
LINE
  5
3D4
330
17
100
AcDbEntity
  8
S-TABLE
100
AcDbLine
 10
416.0
 20
308.3999999999993
 30
0.0
 11
618.0
 21
308.3999999999993
 31
0.0
  0
TEXT
  5
3D5
330
17
100
AcDbEntity
  8
S-TABLE
100
AcDbText
 10
417.4
 20
303.8660959775993
 30
0.0
 40
1.4678080447999995
  1
E01
  7
OpenSans
 11
417.4
 21
303.8660959775993
 31
0.0
100
AcDbText
  0
TEXT
  5
3D6
330
17
100
AcDbEntity
  8
S-TABLE
100
AcDbText
 10
433.4
 20
303.8660959775993
 30
0.0
 40
1.4678080447999995
  1
T16
  7
OpenSans
 11
433.4
 21
303.8660959775993
 31
0.0
100
AcDbText
  0
TEXT
  5
3D7
330
17
100
AcDbEntity
  8
S-TABLE
100
AcDbText
 10
444.4
 20
303.8660959775993
 30
0.0
 40
1.4678080447999995
  1
21
  7
OpenSans
 11
444.4
 21
303.8660959775993
 31
0.0
100
AcDbText
  0
TEXT
  5
3D8
330
17
100
AcDbEntity
  8
S-TABLE
100
AcDbText
 10
454.4
 20
303.8660959775993
 30
0.0
 40
1.4678080447999995
  1
200
  7
OpenSans
 11
454.4
 21
303.8660959775993
 31
0.0
100
AcDbText
  0
TEXT
  5
3D9
330
17
100
AcDbEntity
  8
S-TABLE
100
AcDbText
 10
467.4
 20
303.8660959775993
 30
0.0
 40
1.4678080447999995
  1
8
  7
OpenSans
 11
467.4
 21
303.8660959775993
 31
0.0
100
AcDbText
  0
TEXT
  5
3DA
330
17
100
AcDbEntity
  8
S-TABLE
100
AcDbText
 10
480.4
 20
303.8660959775993
 30
0.0
 40
1.4678080447999995
  1
5275
  7
OpenSans
 11
480.4
 21
303.8660959775993
 31
0.0
100
AcDbText
  0
TEXT
  5
3DB
330
17
100
AcDbEntity
  8
S-TABLE
100
AcDbText
 10
496.4
 20
303.8660959775993
 30
0.0
 40
1.4678080447999995
  1
42.2
  7
OpenSans
 11
496.4
 21
303.8660959775993
 31
0.0
100
AcDbText
  0
TEXT
  5
3DC
330
17
100
AcDbEntity
  8
S-TABLE
100
AcDbText
 10
513.4
 20
303.8660959775993
 30
0.0
 40
1.4678080447999995
  1
67
  7
OpenSans
 11
513.4
 21
303.8660959775993
 31
0.0
100
AcDbText
  0
TEXT
  5
3DD
330
17
100
AcDbEntity
  8
S-TABLE
100
AcDbText
 10
531.4
 20
303.8660959775993
 30
0.0
 40
1.4678080447999995
  1
ENTRY STAIRWELL FLIGHT, WAIST 250 - MAIN BARS
  7
OpenSans
 11
531.4
 21
303.8660959775993
 31
0.0
100
AcDbText
  0
LINE
  5
3DE
330
17
100
AcDbEntity
  8
S-TABLE
100
AcDbLine
 10
416.0
 20
300.7999999999993
 30
0.0
 11
618.0
 21
300.7999999999993
 31
0.0
  0
TEXT
  5
3DF
330
17
100
AcDbEntity
  8
S-TABLE
100
AcDbText
 10
417.4
 20
296.26609597759926
 30
0.0
 40
1.4678080447999995
  1
E02
  7
OpenSans
 11
417.4
 21
296.26609597759926
 31
0.0
100
AcDbText
  0
TEXT
  5
3E0
330
17
100
AcDbEntity
  8
S-TABLE
100
AcDbText
 10
433.4
 20
296.26609597759926
 30
0.0
 40
1.4678080447999995
  1
T10
  7
OpenSans
 11
433.4
 21
296.26609597759926
 31
0.0
100
AcDbText
  0
TEXT
  5
3E1
330
17
100
AcDbEntity
  8
S-TABLE
100
AcDbText
 10
444.4
 20
296.26609597759926
 30
0.0
 40
1.4678080447999995
  1
00
  7
OpenSans
 11
444.4
 21
296.26609597759926
 31
0.0
100
AcDbText
  0
TEXT
  5
3E2
330
17
100
AcDbEntity
  8
S-TABLE
100
AcDbText
 10
454.4
 20
296.26609597759926
 30
0.0
 40
1.4678080447999995
  1
200
  7
OpenSans
 11
454.4
 21
296.26609597759926
 31
0.0
100
AcDbText
  0
TEXT
  5
3E3
330
17
100
AcDbEntity
  8
S-TABLE
100
AcDbText
 10
467.4
 20
296.26609597759926
 30
0.0
 40
1.4678080447999995
  1
19
  7
OpenSans
 11
467.4
 21
296.26609597759926
 31
0.0
100
AcDbText
  0
TEXT
  5
3E4
330
17
100
AcDbEntity
  8
S-TABLE
100
AcDbText
 10
480.4
 20
296.26609597759926
 30
0.0
 40
1.4678080447999995
  1
1440
  7
OpenSans
 11
480.4
 21
296.26609597759926
 31
0.0
100
AcDbText
  0
TEXT
  5
3E5
330
17
100
AcDbEntity
  8
S-TABLE
100
AcDbText
 10
496.4
 20
296.26609597759926
 30
0.0
 40
1.4678080447999995
  1
27.4
  7
OpenSans
 11
496.4
 21
296.26609597759926
 31
0.0
100
AcDbText
  0
TEXT
  5
3E6
330
17
100
AcDbEntity
  8
S-TABLE
100
AcDbText
 10
513.4
 20
296.26609597759926
 30
0.0
 40
1.4678080447999995
  1
17
  7
OpenSans
 11
513.4
 21
296.26609597759926
 31
0.0
100
AcDbText
  0
TEXT
  5
3E7
330
17
100
AcDbEntity
  8
S-TABLE
100
AcDbText
 10
531.4
 20
296.26609597759926
 30
0.0
 40
1.4678080447999995
  1
ENTRY STAIRWELL FLIGHT, WAIST 250 - DISTRIBUTION
  7
OpenSans
 11
531.4
 21
296.26609597759926
 31
0.0
100
AcDbText
  0
LINE
  5
3E8
330
17
100
AcDbEntity
  8
S-TABLE
100
AcDbLine
 10
416.0
 20
293.19999999999925
 30
0.0
 11
618.0
 21
293.19999999999925
 31
0.0
  0
TEXT
  5
3E9
330
17
100
AcDbEntity
  8
S-TABLE
100
AcDbText
 10
417.4
 20
288.66609597759924
 30
0.0
 40
1.4678080447999995
  1
E03
  7
OpenSans
 11
417.4
 21
288.66609597759924
 31
0.0
100
AcDbText
  0
TEXT
  5
3EA
330
17
100
AcDbEntity
  8
S-TABLE
100
AcDbText
 10
433.4
 20
288.66609597759924
 30
0.0
 40
1.4678080447999995
  1
T16
  7
OpenSans
 11
433.4
 21
288.66609597759924
 31
0.0
100
AcDbText
  0
TEXT
  5
3EB
330
17
100
AcDbEntity
  8
S-TABLE
100
AcDbText
 10
444.4
 20
288.66609597759924
 30
0.0
 40
1.4678080447999995
  1
00
  7
OpenSans
 11
444.4
 21
288.66609597759924
 31
0.0
100
AcDbText
  0
TEXT
  5
3EC
330
17
100
AcDbEntity
  8
S-TABLE
100
AcDbText
 10
454.4
 20
288.66609597759924
 30
0.0
 40
1.4678080447999995
  1
200
  7
OpenSans
 11
454.4
 21
288.66609597759924
 31
0.0
100
AcDbText
  0
TEXT
  5
3ED
330
17
100
AcDbEntity
  8
S-TABLE
100
AcDbText
 10
467.4
 20
288.66609597759924
 30
0.0
 40
1.4678080447999995
  1
16
  7
OpenSans
 11
467.4
 21
288.66609597759924
 31
0.0
100
AcDbText
  0
TEXT
  5
3EE
330
17
100
AcDbEntity
  8
S-TABLE
100
AcDbText
 10
480.4
 20
288.66609597759924
 30
0.0
 40
1.4678080447999995
  1
1840
  7
OpenSans
 11
480.4
 21
288.66609597759924
 31
0.0
100
AcDbText
  0
TEXT
  5
3EF
330
17
100
AcDbEntity
  8
S-TABLE
100
AcDbText
 10
496.4
 20
288.66609597759924
 30
0.0
 40
1.4678080447999995
  1
29.4
  7
OpenSans
 11
496.4
 21
288.66609597759924
 31
0.0
100
AcDbText
  0
TEXT
  5
3F0
330
17
100
AcDbEntity
  8
S-TABLE
100
AcDbText
 10
513.4
 20
288.66609597759924
 30
0.0
 40
1.4678080447999995
  1
46
  7
OpenSans
 11
513.4
 21
288.66609597759924
 31
0.0
100
AcDbText
  0
TEXT
  5
3F1
330
17
100
AcDbEntity
  8
S-TABLE
100
AcDbText
 10
531.4
 20
288.66609597759924
 30
0.0
 40
1.4678080447999995
  1
ENTRY STAIRWELL FLIGHT, WAIST 250 - TOP, 1200 INTO THE FLIGHT
  7
OpenSans
 11
531.4
 21
288.66609597759924
 31
0.0
100
AcDbText
  0
LINE
  5
3F2
330
17
100
AcDbEntity
  8
S-TABLE
100
AcDbLine
 10
416.0
 20
285.5999999999992
 30
0.0
 11
618.0
 21
285.5999999999992
 31
0.0
  0
TEXT
  5
3F3
330
17
100
AcDbEntity
  8
S-TABLE
100
AcDbText
 10
417.4
 20
281.0660959775992
 30
0.0
 40
1.4678080447999995
  1
E04A
  7
OpenSans
 11
417.4
 21
281.0660959775992
 31
0.0
100
AcDbText
  0
TEXT
  5
3F4
330
17
100
AcDbEntity
  8
S-TABLE
100
AcDbText
 10
433.4
 20
281.0660959775992
 30
0.0
 40
1.4678080447999995
  1
T12
  7
OpenSans
 11
433.4
 21
281.0660959775992
 31
0.0
100
AcDbText
  0
TEXT
  5
3F5
330
17
100
AcDbEntity
  8
S-TABLE
100
AcDbText
 10
444.4
 20
281.0660959775992
 30
0.0
 40
1.4678080447999995
  1
00
  7
OpenSans
 11
444.4
 21
281.0660959775992
 31
0.0
100
AcDbText
  0
TEXT
  5
3F6
330
17
100
AcDbEntity
  8
S-TABLE
100
AcDbText
 10
454.4
 20
281.0660959775992
 30
0.0
 40
1.4678080447999995
  1
200
  7
OpenSans
 11
454.4
 21
281.0660959775992
 31
0.0
100
AcDbText
  0
TEXT
  5
3F7
330
17
100
AcDbEntity
  8
S-TABLE
100
AcDbText
 10
467.4
 20
281.0660959775992
 30
0.0
 40
1.4678080447999995
  1
136
  7
OpenSans
 11
467.4
 21
281.0660959775992
 31
0.0
100
AcDbText
  0
TEXT
  5
3F8
330
17
100
AcDbEntity
  8
S-TABLE
100
AcDbText
 10
480.4
 20
281.0660959775992
 30
0.0
 40
1.4678080447999995
  1
3500
  7
OpenSans
 11
480.4
 21
281.0660959775992
 31
0.0
100
AcDbText
  0
TEXT
  5
3F9
330
17
100
AcDbEntity
  8
S-TABLE
100
AcDbText
 10
496.4
 20
281.0660959775992
 30
0.0
 40
1.4678080447999995
  1
476.0
  7
OpenSans
 11
496.4
 21
281.0660959775992
 31
0.0
100
AcDbText
  0
TEXT
  5
3FA
330
17
100
AcDbEntity
  8
S-TABLE
100
AcDbText
 10
513.4
 20
281.0660959775992
 30
0.0
 40
1.4678080447999995
  1
423
  7
OpenSans
 11
513.4
 21
281.0660959775992
 31
0.0
100
AcDbText
  0
TEXT
  5
3FB
330
17
100
AcDbEntity
  8
S-TABLE
100
AcDbText
 10
531.4
 20
281.0660959775992
 30
0.0
 40
1.4678080447999995
  1
ENTRY STAIRWELL SIDE WALLS 250 - VERTICAL, EACH FACE
  7
OpenSans
 11
531.4
 21
281.0660959775992
 31
0.0
100
AcDbText
  0
LINE
  5
3FC
330
17
100
AcDbEntity
  8
S-TABLE
100
AcDbLine
 10
416.0
 20
277.9999999999992
 30
0.0
 11
618.0
 21
277.9999999999992
 31
0.0
  0
TEXT
  5
3FD
330
17
100
AcDbEntity
  8
S-TABLE
100
AcDbText
 10
417.4
 20
273.4660959775992
 30
0.0
 40
1.4678080447999995
  1
E04B
  7
OpenSans
 11
417.4
 21
273.4660959775992
 31
0.0
100
AcDbText
  0
TEXT
  5
3FE
330
17
100
AcDbEntity
  8
S-TABLE
100
AcDbText
 10
433.4
 20
273.4660959775992
 30
0.0
 40
1.4678080447999995
  1
T12
  7
OpenSans
 11
433.4
 21
273.4660959775992
 31
0.0
100
AcDbText
  0
TEXT
  5
3FF
330
17
100
AcDbEntity
  8
S-TABLE
100
AcDbText
 10
444.4
 20
273.4660959775992
 30
0.0
 40
1.4678080447999995
  1
00
  7
OpenSans
 11
444.4
 21
273.4660959775992
 31
0.0
100
AcDbText
  0
TEXT
  5
400
330
17
100
AcDbEntity
  8
S-TABLE
100
AcDbText
 10
454.4
 20
273.4660959775992
 30
0.0
 40
1.4678080447999995
  1
200
  7
OpenSans
 11
454.4
 21
273.4660959775992
 31
0.0
100
AcDbText
  0
TEXT
  5
401
330
17
100
AcDbEntity
  8
S-TABLE
100
AcDbText
 10
467.4
 20
273.4660959775992
 30
0.0
 40
1.4678080447999995
  1
60
  7
OpenSans
 11
467.4
 21
273.4660959775992
 31
0.0
100
AcDbText
  0
TEXT
  5
402
330
17
100
AcDbEntity
  8
S-TABLE
100
AcDbText
 10
480.4
 20
273.4660959775992
 30
0.0
 40
1.4678080447999995
  1
6700
  7
OpenSans
 11
480.4
 21
273.4660959775992
 31
0.0
100
AcDbText
  0
TEXT
  5
403
330
17
100
AcDbEntity
  8
S-TABLE
100
AcDbText
 10
496.4
 20
273.4660959775992
 30
0.0
 40
1.4678080447999995
  1
402.0
  7
OpenSans
 11
496.4
 21
273.4660959775992
 31
0.0
100
AcDbText
  0
TEXT
  5
404
330
17
100
AcDbEntity
  8
S-TABLE
100
AcDbText
 10
513.4
 20
273.4660959775992
 30
0.0
 40
1.4678080447999995
  1
357
  7
OpenSans
 11
513.4
 21
273.4660959775992
 31
0.0
100
AcDbText
  0
TEXT
  5
405
330
17
100
AcDbEntity
  8
S-TABLE
100
AcDbText
 10
531.4
 20
273.4660959775992
 30
0.0
 40
1.4678080447999995
  1
ENTRY STAIRWELL SIDE WALLS 250 - HORIZONTAL, EACH FACE
  7
OpenSans
 11
531.4
 21
273.4660959775992
 31
0.0
100
AcDbText
  0
LINE
  5
406
330
17
100
AcDbEntity
  8
S-TABLE
100
AcDbLine
 10
416.0
 20
270.3999999999992
 30
0.0
 11
618.0
 21
270.3999999999992
 31
0.0
  0
TEXT
  5
407
330
17
100
AcDbEntity
  8
S-TABLE
100
AcDbText
 10
417.4
 20
265.8660959775992
 30
0.0
 40
1.4678080447999995
  1
E05A
  7
OpenSans
 11
417.4
 21
265.8660959775992
 31
0.0
100
AcDbText
  0
TEXT
  5
408
330
17
100
AcDbEntity
  8
S-TABLE
100
AcDbText
 10
433.4
 20
265.8660959775992
 30
0.0
 40
1.4678080447999995
  1
T12
  7
OpenSans
 11
433.4
 21
265.8660959775992
 31
0.0
100
AcDbText
  0
TEXT
  5
409
330
17
100
AcDbEntity
  8
S-TABLE
100
AcDbText
 10
444.4
 20
265.8660959775992
 30
0.0
 40
1.4678080447999995
  1
00
  7
OpenSans
 11
444.4
 21
265.8660959775992
 31
0.0
100
AcDbText
  0
TEXT
  5
40A
330
17
100
AcDbEntity
  8
S-TABLE
100
AcDbText
 10
454.4
 20
265.8660959775992
 30
0.0
 40
1.4678080447999995
  1
200
  7
OpenSans
 11
454.4
 21
265.8660959775992
 31
0.0
100
AcDbText
  0
TEXT
  5
40B
330
17
100
AcDbEntity
  8
S-TABLE
100
AcDbText
 10
467.4
 20
265.8660959775992
 30
0.0
 40
1.4678080447999995
  1
68
  7
OpenSans
 11
467.4
 21
265.8660959775992
 31
0.0
100
AcDbText
  0
TEXT
  5
40C
330
17
100
AcDbEntity
  8
S-TABLE
100
AcDbText
 10
480.4
 20
265.8660959775992
 30
0.0
 40
1.4678080447999995
  1
1900
  7
OpenSans
 11
480.4
 21
265.8660959775992
 31
0.0
100
AcDbText
  0
TEXT
  5
40D
330
17
100
AcDbEntity
  8
S-TABLE
100
AcDbText
 10
496.4
 20
265.8660959775992
 30
0.0
 40
1.4678080447999995
  1
129.2
  7
OpenSans
 11
496.4
 21
265.8660959775992
 31
0.0
100
AcDbText
  0
TEXT
  5
40E
330
17
100
AcDbEntity
  8
S-TABLE
100
AcDbText
 10
513.4
 20
265.8660959775992
 30
0.0
 40
1.4678080447999995
  1
115
  7
OpenSans
 11
513.4
 21
265.8660959775992
 31
0.0
100
AcDbText
  0
TEXT
  5
40F
330
17
100
AcDbEntity
  8
S-TABLE
100
AcDbText
 10
531.4
 20
265.8660959775992
 30
0.0
 40
1.4678080447999995
  1
ENTRY STAIRWELL RAKING ROOF 250 - TRANSVERSE, EACH FACE
  7
OpenSans
 11
531.4
 21
265.8660959775992
 31
0.0
100
AcDbText
  0
LINE
  5
410
330
17
100
AcDbEntity
  8
S-TABLE
100
AcDbLine
 10
416.0
 20
262.79999999999916
 30
0.0
 11
618.0
 21
262.79999999999916
 31
0.0
  0
TEXT
  5
411
330
17
100
AcDbEntity
  8
S-TABLE
100
AcDbText
 10
417.4
 20
258.26609597759915
 30
0.0
 40
1.4678080447999995
  1
E05B
  7
OpenSans
 11
417.4
 21
258.26609597759915
 31
0.0
100
AcDbText
  0
TEXT
  5
412
330
17
100
AcDbEntity
  8
S-TABLE
100
AcDbText
 10
433.4
 20
258.26609597759915
 30
0.0
 40
1.4678080447999995
  1
T12
  7
OpenSans
 11
433.4
 21
258.26609597759915
 31
0.0
100
AcDbText
  0
TEXT
  5
413
330
17
100
AcDbEntity
  8
S-TABLE
100
AcDbText
 10
444.4
 20
258.26609597759915
 30
0.0
 40
1.4678080447999995
  1
00
  7
OpenSans
 11
444.4
 21
258.26609597759915
 31
0.0
100
AcDbText
  0
TEXT
  5
414
330
17
100
AcDbEntity
  8
S-TABLE
100
AcDbText
 10
454.4
 20
258.26609597759915
 30
0.0
 40
1.4678080447999995
  1
200
  7
OpenSans
 11
454.4
 21
258.26609597759915
 31
0.0
100
AcDbText
  0
TEXT
  5
415
330
17
100
AcDbEntity
  8
S-TABLE
100
AcDbText
 10
467.4
 20
258.26609597759915
 30
0.0
 40
1.4678080447999995
  1
20
  7
OpenSans
 11
467.4
 21
258.26609597759915
 31
0.0
100
AcDbText
  0
TEXT
  5
416
330
17
100
AcDbEntity
  8
S-TABLE
100
AcDbText
 10
480.4
 20
258.26609597759915
 30
0.0
 40
1.4678080447999995
  1
6700
  7
OpenSans
 11
480.4
 21
258.26609597759915
 31
0.0
100
AcDbText
  0
TEXT
  5
417
330
17
100
AcDbEntity
  8
S-TABLE
100
AcDbText
 10
496.4
 20
258.26609597759915
 30
0.0
 40
1.4678080447999995
  1
134.0
  7
OpenSans
 11
496.4
 21
258.26609597759915
 31
0.0
100
AcDbText
  0
TEXT
  5
418
330
17
100
AcDbEntity
  8
S-TABLE
100
AcDbText
 10
513.4
 20
258.26609597759915
 30
0.0
 40
1.4678080447999995
  1
119
  7
OpenSans
 11
513.4
 21
258.26609597759915
 31
0.0
100
AcDbText
  0
TEXT
  5
419
330
17
100
AcDbEntity
  8
S-TABLE
100
AcDbText
 10
531.4
 20
258.26609597759915
 30
0.0
 40
1.4678080447999995
  1
ENTRY STAIRWELL RAKING ROOF 250 - LONGITUDINAL, EACH FACE
  7
OpenSans
 11
531.4
 21
258.26609597759915
 31
0.0
100
AcDbText
  0
LINE
  5
41A
330
17
100
AcDbEntity
  8
S-TABLE
100
AcDbLine
 10
416.0
 20
255.19999999999916
 30
0.0
 11
618.0
 21
255.19999999999916
 31
0.0
  0
TEXT
  5
41B
330
17
100
AcDbEntity
  8
S-TABLE
100
AcDbText
 10
417.4
 20
250.66609597759918
 30
0.0
 40
1.4678080447999995
  1
E06
  7
OpenSans
 11
417.4
 21
250.66609597759918
 31
0.0
100
AcDbText
  0
TEXT
  5
41C
330
17
100
AcDbEntity
  8
S-TABLE
100
AcDbText
 10
433.4
 20
250.66609597759918
 30
0.0
 40
1.4678080447999995
  1
T12
  7
OpenSans
 11
433.4
 21
250.66609597759918
 31
0.0
100
AcDbText
  0
TEXT
  5
41D
330
17
100
AcDbEntity
  8
S-TABLE
100
AcDbText
 10
444.4
 20
250.66609597759918
 30
0.0
 40
1.4678080447999995
  1
00
  7
OpenSans
 11
444.4
 21
250.66609597759918
 31
0.0
100
AcDbText
  0
TEXT
  5
41E
330
17
100
AcDbEntity
  8
S-TABLE
100
AcDbText
 10
454.4
 20
250.66609597759918
 30
0.0
 40
1.4678080447999995
  1
200
  7
OpenSans
 11
454.4
 21
250.66609597759918
 31
0.0
100
AcDbText
  0
TEXT
  5
41F
330
17
100
AcDbEntity
  8
S-TABLE
100
AcDbText
 10
467.4
 20
250.66609597759918
 30
0.0
 40
1.4678080447999995
  1
32
  7
OpenSans
 11
467.4
 21
250.66609597759918
 31
0.0
100
AcDbText
  0
TEXT
  5
420
330
17
100
AcDbEntity
  8
S-TABLE
100
AcDbText
 10
480.4
 20
250.66609597759918
 30
0.0
 40
1.4678080447999995
  1
1900
  7
OpenSans
 11
480.4
 21
250.66609597759918
 31
0.0
100
AcDbText
  0
TEXT
  5
421
330
17
100
AcDbEntity
  8
S-TABLE
100
AcDbText
 10
496.4
 20
250.66609597759918
 30
0.0
 40
1.4678080447999995
  1
60.8
  7
OpenSans
 11
496.4
 21
250.66609597759918
 31
0.0
100
AcDbText
  0
TEXT
  5
422
330
17
100
AcDbEntity
  8
S-TABLE
100
AcDbText
 10
513.4
 20
250.66609597759918
 30
0.0
 40
1.4678080447999995
  1
54
  7
OpenSans
 11
513.4
 21
250.66609597759918
 31
0.0
100
AcDbText
  0
TEXT
  5
423
330
17
100
AcDbEntity
  8
S-TABLE
100
AcDbText
 10
531.4
 20
250.66609597759918
 30
0.0
 40
1.4678080447999995
  1
ENTRY STAIRWELL TOP LANDING 250 - BOTH WAYS, EACH FACE
  7
OpenSans
 11
531.4
 21
250.66609597759918
 31
0.0
100
AcDbText
  0
LINE
  5
424
330
17
100
AcDbEntity
  8
S-TABLE
100
AcDbLine
 10
416.0
 20
247.59999999999917
 30
0.0
 11
618.0
 21
247.59999999999917
 31
0.0
  0
TEXT
  5
425
330
17
100
AcDbEntity
  8
S-TABLE
100
AcDbText
 10
417.4
 20
243.06609597759916
 30
0.0
 40
1.4678080447999995
  1
E07
  7
OpenSans
 11
417.4
 21
243.06609597759916
 31
0.0
100
AcDbText
  0
TEXT
  5
426
330
17
100
AcDbEntity
  8
S-TABLE
100
AcDbText
 10
433.4
 20
243.06609597759916
 30
0.0
 40
1.4678080447999995
  1
T12
  7
OpenSans
 11
433.4
 21
243.06609597759916
 31
0.0
100
AcDbText
  0
TEXT
  5
427
330
17
100
AcDbEntity
  8
S-TABLE
100
AcDbText
 10
444.4
 20
243.06609597759916
 30
0.0
 40
1.4678080447999995
  1
00
  7
OpenSans
 11
444.4
 21
243.06609597759916
 31
0.0
100
AcDbText
  0
TEXT
  5
428
330
17
100
AcDbEntity
  8
S-TABLE
100
AcDbText
 10
454.4
 20
243.06609597759916
 30
0.0
 40
1.4678080447999995
  1
200
  7
OpenSans
 11
454.4
 21
243.06609597759916
 31
0.0
100
AcDbText
  0
TEXT
  5
429
330
17
100
AcDbEntity
  8
S-TABLE
100
AcDbText
 10
467.4
 20
243.06609597759916
 30
0.0
 40
1.4678080447999995
  1
32
  7
OpenSans
 11
467.4
 21
243.06609597759916
 31
0.0
100
AcDbText
  0
TEXT
  5
42A
330
17
100
AcDbEntity
  8
S-TABLE
100
AcDbText
 10
480.4
 20
243.06609597759916
 30
0.0
 40
1.4678080447999995
  1
1900
  7
OpenSans
 11
480.4
 21
243.06609597759916
 31
0.0
100
AcDbText
  0
TEXT
  5
42B
330
17
100
AcDbEntity
  8
S-TABLE
100
AcDbText
 10
496.4
 20
243.06609597759916
 30
0.0
 40
1.4678080447999995
  1
60.8
  7
OpenSans
 11
496.4
 21
243.06609597759916
 31
0.0
100
AcDbText
  0
TEXT
  5
42C
330
17
100
AcDbEntity
  8
S-TABLE
100
AcDbText
 10
513.4
 20
243.06609597759916
 30
0.0
 40
1.4678080447999995
  1
54
  7
OpenSans
 11
513.4
 21
243.06609597759916
 31
0.0
100
AcDbText
  0
TEXT
  5
42D
330
17
100
AcDbEntity
  8
S-TABLE
100
AcDbText
 10
531.4
 20
243.06609597759916
 30
0.0
 40
1.4678080447999995
  1
ENTRY STAIRWELL PLATFORM 250 - BOTH WAYS, EACH FACE
  7
OpenSans
 11
531.4
 21
243.06609597759916
 31
0.0
100
AcDbText
  0
LINE
  5
42E
330
17
100
AcDbEntity
  8
S-TABLE
100
AcDbLine
 10
416.0
 20
239.99999999999918
 30
0.0
 11
618.0
 21
239.99999999999918
 31
0.0
  0
TEXT
  5
42F
330
17
100
AcDbEntity
  8
S-TABLE
100
AcDbText
 10
417.4
 20
235.4660959775992
 30
0.0
 40
1.4678080447999995
  1
E08A
  7
OpenSans
 11
417.4
 21
235.4660959775992
 31
0.0
100
AcDbText
  0
TEXT
  5
430
330
17
100
AcDbEntity
  8
S-TABLE
100
AcDbText
 10
433.4
 20
235.4660959775992
 30
0.0
 40
1.4678080447999995
  1
T12
  7
OpenSans
 11
433.4
 21
235.4660959775992
 31
0.0
100
AcDbText
  0
TEXT
  5
431
330
17
100
AcDbEntity
  8
S-TABLE
100
AcDbText
 10
444.4
 20
235.4660959775992
 30
0.0
 40
1.4678080447999995
  1
00
  7
OpenSans
 11
444.4
 21
235.4660959775992
 31
0.0
100
AcDbText
  0
TEXT
  5
432
330
17
100
AcDbEntity
  8
S-TABLE
100
AcDbText
 10
454.4
 20
235.4660959775992
 30
0.0
 40
1.4678080447999995
  1
200
  7
OpenSans
 11
454.4
 21
235.4660959775992
 31
0.0
100
AcDbText
  0
TEXT
  5
433
330
17
100
AcDbEntity
  8
S-TABLE
100
AcDbText
 10
467.4
 20
235.4660959775992
 30
0.0
 40
1.4678080447999995
  1
20
  7
OpenSans
 11
467.4
 21
235.4660959775992
 31
0.0
100
AcDbText
  0
TEXT
  5
434
330
17
100
AcDbEntity
  8
S-TABLE
100
AcDbText
 10
480.4
 20
235.4660959775992
 30
0.0
 40
1.4678080447999995
  1
3500
  7
OpenSans
 11
480.4
 21
235.4660959775992
 31
0.0
100
AcDbText
  0
TEXT
  5
435
330
17
100
AcDbEntity
  8
S-TABLE
100
AcDbText
 10
496.4
 20
235.4660959775992
 30
0.0
 40
1.4678080447999995
  1
70.0
  7
OpenSans
 11
496.4
 21
235.4660959775992
 31
0.0
100
AcDbText
  0
TEXT
  5
436
330
17
100
AcDbEntity
  8
S-TABLE
100
AcDbText
 10
513.4
 20
235.4660959775992
 30
0.0
 40
1.4678080447999995
  1
62
  7
OpenSans
 11
513.4
 21
235.4660959775992
 31
0.0
100
AcDbText
  0
TEXT
  5
437
330
17
100
AcDbEntity
  8
S-TABLE
100
AcDbText
 10
531.4
 20
235.4660959775992
 30
0.0
 40
1.4678080447999995
  1
ENTRY STAIRWELL HEADWALL 250 - VERTICAL, EACH FACE
  7
OpenSans
 11
531.4
 21
235.4660959775992
 31
0.0
100
AcDbText
  0
LINE
  5
438
330
17
100
AcDbEntity
  8
S-TABLE
100
AcDbLine
 10
416.0
 20
232.39999999999918
 30
0.0
 11
618.0
 21
232.39999999999918
 31
0.0
  0
TEXT
  5
439
330
17
100
AcDbEntity
  8
S-TABLE
100
AcDbText
 10
417.4
 20
227.86609597759917
 30
0.0
 40
1.4678080447999995
  1
E08B
  7
OpenSans
 11
417.4
 21
227.86609597759917
 31
0.0
100
AcDbText
  0
TEXT
  5
43A
330
17
100
AcDbEntity
  8
S-TABLE
100
AcDbText
 10
433.4
 20
227.86609597759917
 30
0.0
 40
1.4678080447999995
  1
T12
  7
OpenSans
 11
433.4
 21
227.86609597759917
 31
0.0
100
AcDbText
  0
TEXT
  5
43B
330
17
100
AcDbEntity
  8
S-TABLE
100
AcDbText
 10
444.4
 20
227.86609597759917
 30
0.0
 40
1.4678080447999995
  1
00
  7
OpenSans
 11
444.4
 21
227.86609597759917
 31
0.0
100
AcDbText
  0
TEXT
  5
43C
330
17
100
AcDbEntity
  8
S-TABLE
100
AcDbText
 10
454.4
 20
227.86609597759917
 30
0.0
 40
1.4678080447999995
  1
200
  7
OpenSans
 11
454.4
 21
227.86609597759917
 31
0.0
100
AcDbText
  0
TEXT
  5
43D
330
17
100
AcDbEntity
  8
S-TABLE
100
AcDbText
 10
467.4
 20
227.86609597759917
 30
0.0
 40
1.4678080447999995
  1
30
  7
OpenSans
 11
467.4
 21
227.86609597759917
 31
0.0
100
AcDbText
  0
TEXT
  5
43E
330
17
100
AcDbEntity
  8
S-TABLE
100
AcDbText
 10
480.4
 20
227.86609597759917
 30
0.0
 40
1.4678080447999995
  1
1900
  7
OpenSans
 11
480.4
 21
227.86609597759917
 31
0.0
100
AcDbText
  0
TEXT
  5
43F
330
17
100
AcDbEntity
  8
S-TABLE
100
AcDbText
 10
496.4
 20
227.86609597759917
 30
0.0
 40
1.4678080447999995
  1
57.0
  7
OpenSans
 11
496.4
 21
227.86609597759917
 31
0.0
100
AcDbText
  0
TEXT
  5
440
330
17
100
AcDbEntity
  8
S-TABLE
100
AcDbText
 10
513.4
 20
227.86609597759917
 30
0.0
 40
1.4678080447999995
  1
51
  7
OpenSans
 11
513.4
 21
227.86609597759917
 31
0.0
100
AcDbText
  0
TEXT
  5
441
330
17
100
AcDbEntity
  8
S-TABLE
100
AcDbText
 10
531.4
 20
227.86609597759917
 30
0.0
 40
1.4678080447999995
  1
ENTRY STAIRWELL HEADWALL 250 - HORIZONTAL, EACH FACE
  7
OpenSans
 11
531.4
 21
227.86609597759917
 31
0.0
100
AcDbText
  0
LINE
  5
442
330
17
100
AcDbEntity
  8
S-TABLE
100
AcDbLine
 10
416.0
 20
224.7999999999992
 30
0.0
 11
618.0
 21
224.7999999999992
 31
0.0
  0
TEXT
  5
443
330
17
100
AcDbEntity
  8
S-TABLE
100
AcDbText
 10
417.4
 20
220.2660959775992
 30
0.0
 40
1.4678080447999995
  1
E09A
  7
OpenSans
 11
417.4
 21
220.2660959775992
 31
0.0
100
AcDbText
  0
TEXT
  5
444
330
17
100
AcDbEntity
  8
S-TABLE
100
AcDbText
 10
433.4
 20
220.2660959775992
 30
0.0
 40
1.4678080447999995
  1
T12
  7
OpenSans
 11
433.4
 21
220.2660959775992
 31
0.0
100
AcDbText
  0
TEXT
  5
445
330
17
100
AcDbEntity
  8
S-TABLE
100
AcDbText
 10
444.4
 20
220.2660959775992
 30
0.0
 40
1.4678080447999995
  1
00
  7
OpenSans
 11
444.4
 21
220.2660959775992
 31
0.0
100
AcDbText
  0
TEXT
  5
446
330
17
100
AcDbEntity
  8
S-TABLE
100
AcDbText
 10
454.4
 20
220.2660959775992
 30
0.0
 40
1.4678080447999995
  1
200
  7
OpenSans
 11
454.4
 21
220.2660959775992
 31
0.0
100
AcDbText
  0
TEXT
  5
447
330
17
100
AcDbEntity
  8
S-TABLE
100
AcDbText
 10
467.4
 20
220.2660959775992
 30
0.0
 40
1.4678080447999995
  1
20
  7
OpenSans
 11
467.4
 21
220.2660959775992
 31
0.0
100
AcDbText
  0
TEXT
  5
448
330
17
100
AcDbEntity
  8
S-TABLE
100
AcDbText
 10
480.4
 20
220.2660959775992
 30
0.0
 40
1.4678080447999995
  1
6700
  7
OpenSans
 11
480.4
 21
220.2660959775992
 31
0.0
100
AcDbText
  0
TEXT
  5
449
330
17
100
AcDbEntity
  8
S-TABLE
100
AcDbText
 10
496.4
 20
220.2660959775992
 30
0.0
 40
1.4678080447999995
  1
134.0
  7
OpenSans
 11
496.4
 21
220.2660959775992
 31
0.0
100
AcDbText
  0
TEXT
  5
44A
330
17
100
AcDbEntity
  8
S-TABLE
100
AcDbText
 10
513.4
 20
220.2660959775992
 30
0.0
 40
1.4678080447999995
  1
119
  7
OpenSans
 11
513.4
 21
220.2660959775992
 31
0.0
100
AcDbText
  0
TEXT
  5
44B
330
17
100
AcDbEntity
  8
S-TABLE
100
AcDbText
 10
531.4
 20
220.2660959775992
 30
0.0
 40
1.4678080447999995
  1
ENTRY STAIRWELL STEPPED RAFT 300 - LONGITUDINAL, EACH FACE
  7
OpenSans
 11
531.4
 21
220.2660959775992
 31
0.0
100
AcDbText
  0
LINE
  5
44C
330
17
100
AcDbEntity
  8
S-TABLE
100
AcDbLine
 10
416.0
 20
217.1999999999992
 30
0.0
 11
618.0
 21
217.1999999999992
 31
0.0
  0
TEXT
  5
44D
330
17
100
AcDbEntity
  8
S-TABLE
100
AcDbText
 10
417.4
 20
212.66609597759918
 30
0.0
 40
1.4678080447999995
  1
E09B
  7
OpenSans
 11
417.4
 21
212.66609597759918
 31
0.0
100
AcDbText
  0
TEXT
  5
44E
330
17
100
AcDbEntity
  8
S-TABLE
100
AcDbText
 10
433.4
 20
212.66609597759918
 30
0.0
 40
1.4678080447999995
  1
T12
  7
OpenSans
 11
433.4
 21
212.66609597759918
 31
0.0
100
AcDbText
  0
TEXT
  5
44F
330
17
100
AcDbEntity
  8
S-TABLE
100
AcDbText
 10
444.4
 20
212.66609597759918
 30
0.0
 40
1.4678080447999995
  1
00
  7
OpenSans
 11
444.4
 21
212.66609597759918
 31
0.0
100
AcDbText
  0
TEXT
  5
450
330
17
100
AcDbEntity
  8
S-TABLE
100
AcDbText
 10
454.4
 20
212.66609597759918
 30
0.0
 40
1.4678080447999995
  1
200
  7
OpenSans
 11
454.4
 21
212.66609597759918
 31
0.0
100
AcDbText
  0
TEXT
  5
451
330
17
100
AcDbEntity
  8
S-TABLE
100
AcDbText
 10
467.4
 20
212.66609597759918
 30
0.0
 40
1.4678080447999995
  1
66
  7
OpenSans
 11
467.4
 21
212.66609597759918
 31
0.0
100
AcDbText
  0
TEXT
  5
452
330
17
100
AcDbEntity
  8
S-TABLE
100
AcDbText
 10
480.4
 20
212.66609597759918
 30
0.0
 40
1.4678080447999995
  1
1900
  7
OpenSans
 11
480.4
 21
212.66609597759918
 31
0.0
100
AcDbText
  0
TEXT
  5
453
330
17
100
AcDbEntity
  8
S-TABLE
100
AcDbText
 10
496.4
 20
212.66609597759918
 30
0.0
 40
1.4678080447999995
  1
125.4
  7
OpenSans
 11
496.4
 21
212.66609597759918
 31
0.0
100
AcDbText
  0
TEXT
  5
454
330
17
100
AcDbEntity
  8
S-TABLE
100
AcDbText
 10
513.4
 20
212.66609597759918
 30
0.0
 40
1.4678080447999995
  1
111
  7
OpenSans
 11
513.4
 21
212.66609597759918
 31
0.0
100
AcDbText
  0
TEXT
  5
455
330
17
100
AcDbEntity
  8
S-TABLE
100
AcDbText
 10
531.4
 20
212.66609597759918
 30
0.0
 40
1.4678080447999995
  1
ENTRY STAIRWELL STEPPED RAFT 300 - TRANSVERSE, EACH FACE
  7
OpenSans
 11
531.4
 21
212.66609597759918
 31
0.0
100
AcDbText
  0
LINE
  5
456
330
17
100
AcDbEntity
  8
S-TABLE
100
AcDbLine
 10
416.0
 20
209.5999999999992
 30
0.0
 11
618.0
 21
209.5999999999992
 31
0.0
  0
TEXT
  5
457
330
17
100
AcDbEntity
  8
S-TABLE
100
AcDbText
 10
417.4
 20
205.06609597759922
 30
0.0
 40
1.4678080447999995
  1
E10
  7
OpenSans
 11
417.4
 21
205.06609597759922
 31
0.0
100
AcDbText
  0
TEXT
  5
458
330
17
100
AcDbEntity
  8
S-TABLE
100
AcDbText
 10
433.4
 20
205.06609597759922
 30
0.0
 40
1.4678080447999995
  1
T12
  7
OpenSans
 11
433.4
 21
205.06609597759922
 31
0.0
100
AcDbText
  0
TEXT
  5
459
330
17
100
AcDbEntity
  8
S-TABLE
100
AcDbText
 10
444.4
 20
205.06609597759922
 30
0.0
 40
1.4678080447999995
  1
00
  7
OpenSans
 11
444.4
 21
205.06609597759922
 31
0.0
100
AcDbText
  0
TEXT
  5
45A
330
17
100
AcDbEntity
  8
S-TABLE
100
AcDbText
 10
454.4
 20
205.06609597759922
 30
0.0
 40
1.4678080447999995
  1
-
  7
OpenSans
 11
454.4
 21
205.06609597759922
 31
0.0
100
AcDbText
  0
TEXT
  5
45B
330
17
100
AcDbEntity
  8
S-TABLE
100
AcDbText
 10
467.4
 20
205.06609597759922
 30
0.0
 40
1.4678080447999995
  1
6
  7
OpenSans
 11
467.4
 21
205.06609597759922
 31
0.0
100
AcDbText
  0
TEXT
  5
45C
330
17
100
AcDbEntity
  8
S-TABLE
100
AcDbText
 10
480.4
 20
205.06609597759922
 30
0.0
 40
1.4678080447999995
  1
1960
  7
OpenSans
 11
480.4
 21
205.06609597759922
 31
0.0
100
AcDbText
  0
TEXT
  5
45D
330
17
100
AcDbEntity
  8
S-TABLE
100
AcDbText
 10
496.4
 20
205.06609597759922
 30
0.0
 40
1.4678080447999995
  1
11.8
  7
OpenSans
 11
496.4
 21
205.06609597759922
 31
0.0
100
AcDbText
  0
TEXT
  5
45E
330
17
100
AcDbEntity
  8
S-TABLE
100
AcDbText
 10
513.4
 20
205.06609597759922
 30
0.0
 40
1.4678080447999995
  1
10
  7
OpenSans
 11
513.4
 21
205.06609597759922
 31
0.0
100
AcDbText
  0
TEXT
  5
45F
330
17
100
AcDbEntity
  8
S-TABLE
100
AcDbText
 10
531.4
 20
205.06609597759922
 30
0.0
 40
1.4678080447999995
  1
ENTRY DOOR LINTEL 250 x 350 - 3-T12 TOP + 3-T12 BOTTOM
  7
OpenSans
 11
531.4
 21
205.06609597759922
 31
0.0
100
AcDbText
  0
LINE
  5
460
330
17
100
AcDbEntity
  8
S-TABLE
100
AcDbLine
 10
416.0
 20
201.9999999999992
 30
0.0
 11
618.0
 21
201.9999999999992
 31
0.0
  0
TEXT
  5
461
330
17
100
AcDbEntity
  8
S-TABLE
100
AcDbText
 10
417.4
 20
197.4660959775992
 30
0.0
 40
1.4678080447999995
  1
E11
  7
OpenSans
 11
417.4
 21
197.4660959775992
 31
0.0
100
AcDbText
  0
TEXT
  5
462
330
17
100
AcDbEntity
  8
S-TABLE
100
AcDbText
 10
433.4
 20
197.4660959775992
 30
0.0
 40
1.4678080447999995
  1
T8
  7
OpenSans
 11
433.4
 21
197.4660959775992
 31
0.0
100
AcDbText
  0
TEXT
  5
463
330
17
100
AcDbEntity
  8
S-TABLE
100
AcDbText
 10
444.4
 20
197.4660959775992
 30
0.0
 40
1.4678080447999995
  1
51
  7
OpenSans
 11
444.4
 21
197.4660959775992
 31
0.0
100
AcDbText
  0
TEXT
  5
464
330
17
100
AcDbEntity
  8
S-TABLE
100
AcDbText
 10
454.4
 20
197.4660959775992
 30
0.0
 40
1.4678080447999995
  1
150
  7
OpenSans
 11
454.4
 21
197.4660959775992
 31
0.0
100
AcDbText
  0
TEXT
  5
465
330
17
100
AcDbEntity
  8
S-TABLE
100
AcDbText
 10
467.4
 20
197.4660959775992
 30
0.0
 40
1.4678080447999995
  1
13
  7
OpenSans
 11
467.4
 21
197.4660959775992
 31
0.0
100
AcDbText
  0
TEXT
  5
466
330
17
100
AcDbEntity
  8
S-TABLE
100
AcDbText
 10
480.4
 20
197.4660959775992
 30
0.0
 40
1.4678080447999995
  1
1120
  7
OpenSans
 11
480.4
 21
197.4660959775992
 31
0.0
100
AcDbText
  0
TEXT
  5
467
330
17
100
AcDbEntity
  8
S-TABLE
100
AcDbText
 10
496.4
 20
197.4660959775992
 30
0.0
 40
1.4678080447999995
  1
14.6
  7
OpenSans
 11
496.4
 21
197.4660959775992
 31
0.0
100
AcDbText
  0
TEXT
  5
468
330
17
100
AcDbEntity
  8
S-TABLE
100
AcDbText
 10
513.4
 20
197.4660959775992
 30
0.0
 40
1.4678080447999995
  1
6
  7
OpenSans
 11
513.4
 21
197.4660959775992
 31
0.0
100
AcDbText
  0
TEXT
  5
469
330
17
100
AcDbEntity
  8
S-TABLE
100
AcDbText
 10
531.4
 20
197.4660959775992
 30
0.0
 40
1.4678080447999995
  1
ENTRY DOOR LINTEL 250 x 350 - LINKS @ 150
  7
OpenSans
 11
531.4
 21
197.4660959775992
 31
0.0
100
AcDbText
  0
LINE
  5
46A
330
17
100
AcDbEntity
  8
S-TABLE
100
AcDbLine
 10
416.0
 20
194.3999999999992
 30
0.0
 11
618.0
 21
194.3999999999992
 31
0.0
  0
TEXT
  5
46B
330
17
100
AcDbEntity
  8
S-TABLE
100
AcDbText
 10
417.4
 20
189.86609597759923
 30
0.0
 40
1.4678080447999995
  1
E12
  7
OpenSans
 11
417.4
 21
189.86609597759923
 31
0.0
100
AcDbText
  0
TEXT
  5
46C
330
17
100
AcDbEntity
  8
S-TABLE
100
AcDbText
 10
433.4
 20
189.86609597759923
 30
0.0
 40
1.4678080447999995
  1
T16
  7
OpenSans
 11
433.4
 21
189.86609597759923
 31
0.0
100
AcDbText
  0
TEXT
  5
46D
330
17
100
AcDbEntity
  8
S-TABLE
100
AcDbText
 10
444.4
 20
189.86609597759923
 30
0.0
 40
1.4678080447999995
  1
21
  7
OpenSans
 11
444.4
 21
189.86609597759923
 31
0.0
100
AcDbText
  0
TEXT
  5
46E
330
17
100
AcDbEntity
  8
S-TABLE
100
AcDbText
 10
454.4
 20
189.86609597759923
 30
0.0
 40
1.4678080447999995
  1
200
  7
OpenSans
 11
454.4
 21
189.86609597759923
 31
0.0
100
AcDbText
  0
TEXT
  5
46F
330
17
100
AcDbEntity
  8
S-TABLE
100
AcDbText
 10
467.4
 20
189.86609597759923
 30
0.0
 40
1.4678080447999995
  1
8
  7
OpenSans
 11
467.4
 21
189.86609597759923
 31
0.0
100
AcDbText
  0
TEXT
  5
470
330
17
100
AcDbEntity
  8
S-TABLE
100
AcDbText
 10
480.4
 20
189.86609597759923
 30
0.0
 40
1.4678080447999995
  1
1780
  7
OpenSans
 11
480.4
 21
189.86609597759923
 31
0.0
100
AcDbText
  0
TEXT
  5
471
330
17
100
AcDbEntity
  8
S-TABLE
100
AcDbText
 10
496.4
 20
189.86609597759923
 30
0.0
 40
1.4678080447999995
  1
14.2
  7
OpenSans
 11
496.4
 21
189.86609597759923
 31
0.0
100
AcDbText
  0
TEXT
  5
472
330
17
100
AcDbEntity
  8
S-TABLE
100
AcDbText
 10
513.4
 20
189.86609597759923
 30
0.0
 40
1.4678080447999995
  1
22
  7
OpenSans
 11
513.4
 21
189.86609597759923
 31
0.0
100
AcDbText
  0
TEXT
  5
473
330
17
100
AcDbEntity
  8
S-TABLE
100
AcDbText
 10
531.4
 20
189.86609597759923
 30
0.0
 40
1.4678080447999995
  1
ENTRY STAIRWELL OPENING CORNER - U-BAR ACROSS THE CORNER
  7
OpenSans
 11
531.4
 21
189.86609597759923
 31
0.0
100
AcDbText
  0
LINE
  5
474
330
17
100
AcDbEntity
  8
S-TABLE
100
AcDbLine
 10
416.0
 20
186.79999999999922
 30
0.0
 11
618.0
 21
186.79999999999922
 31
0.0
  0
LINE
  5
475
330
17
100
AcDbEntity
  8
S-TABLE
100
AcDbLine
 10
416.0
 20
544.0
 30
0.0
 11
618.0
 21
544.0
 31
0.0
  0
LINE
  5
476
330
17
100
AcDbEntity
  8
S-TABLE
100
AcDbLine
 10
416.0
 20
544.0
 30
0.0
 11
416.0
 21
186.79999999999922
 31
0.0
  0
LINE
  5
477
330
17
100
AcDbEntity
  8
S-TABLE
100
AcDbLine
 10
432.0
 20
544.0
 30
0.0
 11
432.0
 21
186.79999999999922
 31
0.0
  0
LINE
  5
478
330
17
100
AcDbEntity
  8
S-TABLE
100
AcDbLine
 10
443.0
 20
544.0
 30
0.0
 11
443.0
 21
186.79999999999922
 31
0.0
  0
LINE
  5
479
330
17
100
AcDbEntity
  8
S-TABLE
100
AcDbLine
 10
453.0
 20
544.0
 30
0.0
 11
453.0
 21
186.79999999999922
 31
0.0
  0
LINE
  5
47A
330
17
100
AcDbEntity
  8
S-TABLE
100
AcDbLine
 10
466.0
 20
544.0
 30
0.0
 11
466.0
 21
186.79999999999922
 31
0.0
  0
LINE
  5
47B
330
17
100
AcDbEntity
  8
S-TABLE
100
AcDbLine
 10
479.0
 20
544.0
 30
0.0
 11
479.0
 21
186.79999999999922
 31
0.0
  0
LINE
  5
47C
330
17
100
AcDbEntity
  8
S-TABLE
100
AcDbLine
 10
495.0
 20
544.0
 30
0.0
 11
495.0
 21
186.79999999999922
 31
0.0
  0
LINE
  5
47D
330
17
100
AcDbEntity
  8
S-TABLE
100
AcDbLine
 10
512.0
 20
544.0
 30
0.0
 11
512.0
 21
186.79999999999922
 31
0.0
  0
LINE
  5
47E
330
17
100
AcDbEntity
  8
S-TABLE
100
AcDbLine
 10
530.0
 20
544.0
 30
0.0
 11
530.0
 21
186.79999999999922
 31
0.0
  0
LINE
  5
47F
330
17
100
AcDbEntity
  8
S-TABLE
100
AcDbLine
 10
618.0
 20
544.0
 30
0.0
 11
618.0
 21
186.79999999999922
 31
0.0
  0
TEXT
  5
480
330
17
100
AcDbEntity
  8
S-BLAST
100
AcDbText
 10
16.0
 20
178.8
 30
0.0
 40
2.5
  1
TOTAL BAR REINFORCEMENT   70,457 kg  =  70.46 TONNES     (FABRIC W18 SCHEDULED SEPARATELY BY AREA)
  7
OpenSans
 11
16.0
 21
178.8
 31
0.0
100
AcDbText
  0
TEXT
  5
481
330
17
100
AcDbEntity
  8
S-TITLE
100
AcDbText
 10
16.0
 20
168.8
 30
0.0
 40
2.5
  1
SUMMARY BY DIAMETER
  7
OpenSans
 11
16.0
 21
168.8
 31
0.0
100
AcDbText
  0
LWPOLYLINE
  5
482
330
17
100
AcDbEntity
  8
S-TABLE
100
AcDbPolyline
 90
4
 70
1
 10
16.0
 20
158.60000000000002
 10
150.0
 20
158.60000000000002
 10
150.0
 20
164.8
 10
16.0
 20
164.8
  0
TEXT
  5
483
330
17
100
AcDbEntity
  8
S-TABLE
100
AcDbText
 10
17.4
 20
160.70000000000002
 30
0.0
 40
2.0
  1
BAR
  7
OpenSans
 11
17.4
 21
160.70000000000002
 31
0.0
100
AcDbText
  0
TEXT
  5
484
330
17
100
AcDbEntity
  8
S-TABLE
100
AcDbText
 10
39.4
 20
160.70000000000002
 30
0.0
 40
2.0
  1
No.
  7
OpenSans
 11
39.4
 21
160.70000000000002
 31
0.0
100
AcDbText
  0
TEXT
  5
485
330
17
100
AcDbEntity
  8
S-TABLE
100
AcDbText
 10
65.4
 20
160.70000000000002
 30
0.0
 40
2.0
  1
LENGTH m
  7
OpenSans
 11
65.4
 21
160.70000000000002
 31
0.0
100
AcDbText
  0
TEXT
  5
486
330
17
100
AcDbEntity
  8
S-TABLE
100
AcDbText
 10
97.4
 20
160.70000000000002
 30
0.0
 40
2.0
  1
WEIGHT kg
  7
OpenSans
 11
97.4
 21
160.70000000000002
 31
0.0
100
AcDbText
  0
TEXT
  5
487
330
17
100
AcDbEntity
  8
S-TABLE
100
AcDbText
 10
127.4
 20
160.70000000000002
 30
0.0
 40
2.0
  1
%
  7
OpenSans
 11
127.4
 21
160.70000000000002
 31
0.0
100
AcDbText
  0
TEXT
  5
488
330
17
100
AcDbEntity
  8
S-TABLE
100
AcDbText
 10
17.4
 20
154.50000000000003
 30
0.0
 40
2.0
  1
T8
  7
OpenSans
 11
17.4
 21
154.50000000000003
 31
0.0
100
AcDbText
  0
TEXT
  5
489
330
17
100
AcDbEntity
  8
S-TABLE
100
AcDbText
 10
39.4
 20
154.50000000000003
 30
0.0
 40
2.0
  1
13
  7
OpenSans
 11
39.4
 21
154.50000000000003
 31
0.0
100
AcDbText
  0
TEXT
  5
48A
330
17
100
AcDbEntity
  8
S-TABLE
100
AcDbText
 10
65.4
 20
154.50000000000003
 30
0.0
 40
2.0
  1
15
  7
OpenSans
 11
65.4
 21
154.50000000000003
 31
0.0
100
AcDbText
  0
TEXT
  5
48B
330
17
100
AcDbEntity
  8
S-TABLE
100
AcDbText
 10
97.4
 20
154.50000000000003
 30
0.0
 40
2.0
  1
6
  7
OpenSans
 11
97.4
 21
154.50000000000003
 31
0.0
100
AcDbText
  0
TEXT
  5
48C
330
17
100
AcDbEntity
  8
S-TABLE
100
AcDbText
 10
127.4
 20
154.50000000000003
 30
0.0
 40
2.0
  1
0.0 %
  7
OpenSans
 11
127.4
 21
154.50000000000003
 31
0.0
100
AcDbText
  0
LINE
  5
48D
330
17
100
AcDbEntity
  8
S-TABLE
100
AcDbLine
 10
16.0
 20
152.40000000000003
 30
0.0
 11
150.0
 21
152.40000000000003
 31
0.0
  0
TEXT
  5
48E
330
17
100
AcDbEntity
  8
S-TABLE
100
AcDbText
 10
17.4
 20
148.30000000000004
 30
0.0
 40
2.0
  1
T10
  7
OpenSans
 11
17.4
 21
148.30000000000004
 31
0.0
100
AcDbText
  0
TEXT
  5
48F
330
17
100
AcDbEntity
  8
S-TABLE
100
AcDbText
 10
39.4
 20
148.30000000000004
 30
0.0
 40
2.0
  1
85
  7
OpenSans
 11
39.4
 21
148.30000000000004
 31
0.0
100
AcDbText
  0
TEXT
  5
490
330
17
100
AcDbEntity
  8
S-TABLE
100
AcDbText
 10
65.4
 20
148.30000000000004
 30
0.0
 40
2.0
  1
103
  7
OpenSans
 11
65.4
 21
148.30000000000004
 31
0.0
100
AcDbText
  0
TEXT
  5
491
330
17
100
AcDbEntity
  8
S-TABLE
100
AcDbText
 10
97.4
 20
148.30000000000004
 30
0.0
 40
2.0
  1
63
  7
OpenSans
 11
97.4
 21
148.30000000000004
 31
0.0
100
AcDbText
  0
TEXT
  5
492
330
17
100
AcDbEntity
  8
S-TABLE
100
AcDbText
 10
127.4
 20
148.30000000000004
 30
0.0
 40
2.0
  1
0.1 %
  7
OpenSans
 11
127.4
 21
148.30000000000004
 31
0.0
100
AcDbText
  0
LINE
  5
493
330
17
100
AcDbEntity
  8
S-TABLE
100
AcDbLine
 10
16.0
 20
146.20000000000005
 30
0.0
 11
150.0
 21
146.20000000000005
 31
0.0
  0
TEXT
  5
494
330
17
100
AcDbEntity
  8
S-TABLE
100
AcDbText
 10
17.4
 20
142.10000000000005
 30
0.0
 40
2.0
  1
T12
  7
OpenSans
 11
17.4
 21
142.10000000000005
 31
0.0
100
AcDbText
  0
TEXT
  5
495
330
17
100
AcDbEntity
  8
S-TABLE
100
AcDbText
 10
39.4
 20
142.10000000000005
 30
0.0
 40
2.0
  1
13,814
  7
OpenSans
 11
39.4
 21
142.10000000000005
 31
0.0
100
AcDbText
  0
TEXT
  5
496
330
17
100
AcDbEntity
  8
S-TABLE
100
AcDbText
 10
65.4
 20
142.10000000000005
 30
0.0
 40
2.0
  1
22,886
  7
OpenSans
 11
65.4
 21
142.10000000000005
 31
0.0
100
AcDbText
  0
TEXT
  5
497
330
17
100
AcDbEntity
  8
S-TABLE
100
AcDbText
 10
97.4
 20
142.10000000000005
 30
0.0
 40
2.0
  1
20,318
  7
OpenSans
 11
97.4
 21
142.10000000000005
 31
0.0
100
AcDbText
  0
TEXT
  5
498
330
17
100
AcDbEntity
  8
S-TABLE
100
AcDbText
 10
127.4
 20
142.10000000000005
 30
0.0
 40
2.0
  1
28.8 %
  7
OpenSans
 11
127.4
 21
142.10000000000005
 31
0.0
100
AcDbText
  0
LINE
  5
499
330
17
100
AcDbEntity
  8
S-TABLE
100
AcDbLine
 10
16.0
 20
140.00000000000006
 30
0.0
 11
150.0
 21
140.00000000000006
 31
0.0
  0
TEXT
  5
49A
330
17
100
AcDbEntity
  8
S-TABLE
100
AcDbText
 10
17.4
 20
135.90000000000006
 30
0.0
 40
2.0
  1
T16
  7
OpenSans
 11
17.4
 21
135.90000000000006
 31
0.0
100
AcDbText
  0
TEXT
  5
49B
330
17
100
AcDbEntity
  8
S-TABLE
100
AcDbText
 10
39.4
 20
135.90000000000006
 30
0.0
 40
2.0
  1
3,698
  7
OpenSans
 11
39.4
 21
135.90000000000006
 31
0.0
100
AcDbText
  0
TEXT
  5
49C
330
17
100
AcDbEntity
  8
S-TABLE
100
AcDbText
 10
65.4
 20
135.90000000000006
 30
0.0
 40
2.0
  1
15,020
  7
OpenSans
 11
65.4
 21
135.90000000000006
 31
0.0
100
AcDbText
  0
TEXT
  5
49D
330
17
100
AcDbEntity
  8
S-TABLE
100
AcDbText
 10
97.4
 20
135.90000000000006
 30
0.0
 40
2.0
  1
23,707
  7
OpenSans
 11
97.4
 21
135.90000000000006
 31
0.0
100
AcDbText
  0
TEXT
  5
49E
330
17
100
AcDbEntity
  8
S-TABLE
100
AcDbText
 10
127.4
 20
135.90000000000006
 30
0.0
 40
2.0
  1
33.6 %
  7
OpenSans
 11
127.4
 21
135.90000000000006
 31
0.0
100
AcDbText
  0
LINE
  5
49F
330
17
100
AcDbEntity
  8
S-TABLE
100
AcDbLine
 10
16.0
 20
133.80000000000007
 30
0.0
 11
150.0
 21
133.80000000000007
 31
0.0
  0
TEXT
  5
4A0
330
17
100
AcDbEntity
  8
S-TABLE
100
AcDbText
 10
17.4
 20
129.70000000000007
 30
0.0
 40
2.0
  1
T20
  7
OpenSans
 11
17.4
 21
129.70000000000007
 31
0.0
100
AcDbText
  0
TEXT
  5
4A1
330
17
100
AcDbEntity
  8
S-TABLE
100
AcDbText
 10
39.4
 20
129.70000000000007
 30
0.0
 40
2.0
  1
1,440
  7
OpenSans
 11
39.4
 21
129.70000000000007
 31
0.0
100
AcDbText
  0
TEXT
  5
4A2
330
17
100
AcDbEntity
  8
S-TABLE
100
AcDbText
 10
65.4
 20
129.70000000000007
 30
0.0
 40
2.0
  1
4,429
  7
OpenSans
 11
65.4
 21
129.70000000000007
 31
0.0
100
AcDbText
  0
TEXT
  5
4A3
330
17
100
AcDbEntity
  8
S-TABLE
100
AcDbText
 10
97.4
 20
129.70000000000007
 30
0.0
 40
2.0
  1
10,923
  7
OpenSans
 11
97.4
 21
129.70000000000007
 31
0.0
100
AcDbText
  0
TEXT
  5
4A4
330
17
100
AcDbEntity
  8
S-TABLE
100
AcDbText
 10
127.4
 20
129.70000000000007
 30
0.0
 40
2.0
  1
15.5 %
  7
OpenSans
 11
127.4
 21
129.70000000000007
 31
0.0
100
AcDbText
  0
LINE
  5
4A5
330
17
100
AcDbEntity
  8
S-TABLE
100
AcDbLine
 10
16.0
 20
127.60000000000007
 30
0.0
 11
150.0
 21
127.60000000000007
 31
0.0
  0
TEXT
  5
4A6
330
17
100
AcDbEntity
  8
S-TABLE
100
AcDbText
 10
17.4
 20
123.50000000000006
 30
0.0
 40
2.0
  1
T25
  7
OpenSans
 11
17.4
 21
123.50000000000006
 31
0.0
100
AcDbText
  0
TEXT
  5
4A7
330
17
100
AcDbEntity
  8
S-TABLE
100
AcDbText
 10
39.4
 20
123.50000000000006
 30
0.0
 40
2.0
  1
654
  7
OpenSans
 11
39.4
 21
123.50000000000006
 31
0.0
100
AcDbText
  0
TEXT
  5
4A8
330
17
100
AcDbEntity
  8
S-TABLE
100
AcDbText
 10
65.4
 20
123.50000000000006
 30
0.0
 40
2.0
  1
4,007
  7
OpenSans
 11
65.4
 21
123.50000000000006
 31
0.0
100
AcDbText
  0
TEXT
  5
4A9
330
17
100
AcDbEntity
  8
S-TABLE
100
AcDbText
 10
97.4
 20
123.50000000000006
 30
0.0
 40
2.0
  1
15,439
  7
OpenSans
 11
97.4
 21
123.50000000000006
 31
0.0
100
AcDbText
  0
TEXT
  5
4AA
330
17
100
AcDbEntity
  8
S-TABLE
100
AcDbText
 10
127.4
 20
123.50000000000006
 30
0.0
 40
2.0
  1
21.9 %
  7
OpenSans
 11
127.4
 21
123.50000000000006
 31
0.0
100
AcDbText
  0
LINE
  5
4AB
330
17
100
AcDbEntity
  8
S-TABLE
100
AcDbLine
 10
16.0
 20
121.40000000000006
 30
0.0
 11
150.0
 21
121.40000000000006
 31
0.0
  0
LINE
  5
4AC
330
17
100
AcDbEntity
  8
S-TABLE
100
AcDbLine
 10
16.0
 20
164.8
 30
0.0
 11
150.0
 21
164.8
 31
0.0
  0
LINE
  5
4AD
330
17
100
AcDbEntity
  8
S-TABLE
100
AcDbLine
 10
16.0
 20
164.8
 30
0.0
 11
16.0
 21
121.40000000000006
 31
0.0
  0
LINE
  5
4AE
330
17
100
AcDbEntity
  8
S-TABLE
100
AcDbLine
 10
38.0
 20
164.8
 30
0.0
 11
38.0
 21
121.40000000000006
 31
0.0
  0
LINE
  5
4AF
330
17
100
AcDbEntity
  8
S-TABLE
100
AcDbLine
 10
64.0
 20
164.8
 30
0.0
 11
64.0
 21
121.40000000000006
 31
0.0
  0
LINE
  5
4B0
330
17
100
AcDbEntity
  8
S-TABLE
100
AcDbLine
 10
96.0
 20
164.8
 30
0.0
 11
96.0
 21
121.40000000000006
 31
0.0
  0
LINE
  5
4B1
330
17
100
AcDbEntity
  8
S-TABLE
100
AcDbLine
 10
126.0
 20
164.8
 30
0.0
 11
126.0
 21
121.40000000000006
 31
0.0
  0
LINE
  5
4B2
330
17
100
AcDbEntity
  8
S-TABLE
100
AcDbLine
 10
150.0
 20
164.8
 30
0.0
 11
150.0
 21
121.40000000000006
 31
0.0
  0
TEXT
  5
4B3
330
17
100
AcDbEntity
  8
S-TITLE
100
AcDbText
 10
180.0
 20
168.8
 30
0.0
 40
2.5
  1
SUMMARY BY ELEMENT GROUP
  7
OpenSans
 11
180.0
 21
168.8
 31
0.0
100
AcDbText
  0
LWPOLYLINE
  5
4B4
330
17
100
AcDbEntity
  8
S-TABLE
100
AcDbPolyline
 90
4
 70
1
 10
180.0
 20
158.60000000000002
 10
350.0
 20
158.60000000000002
 10
350.0
 20
164.8
 10
180.0
 20
164.8
  0
TEXT
  5
4B5
330
17
100
AcDbEntity
  8
S-TABLE
100
AcDbText
 10
181.4
 20
160.70000000000002
 30
0.0
 40
2.0
  1
ELEMENT GROUP
  7
OpenSans
 11
181.4
 21
160.70000000000002
 31
0.0
100
AcDbText
  0
TEXT
  5
4B6
330
17
100
AcDbEntity
  8
S-TABLE
100
AcDbText
 10
273.4
 20
160.70000000000002
 30
0.0
 40
2.0
  1
kg
  7
OpenSans
 11
273.4
 21
160.70000000000002
 31
0.0
100
AcDbText
  0
TEXT
  5
4B7
330
17
100
AcDbEntity
  8
S-TABLE
100
AcDbText
 10
303.4
 20
160.70000000000002
 30
0.0
 40
2.0
  1
t
  7
OpenSans
 11
303.4
 21
160.70000000000002
 31
0.0
100
AcDbText
  0
TEXT
  5
4B8
330
17
100
AcDbEntity
  8
S-TABLE
100
AcDbText
 10
329.4
 20
160.70000000000002
 30
0.0
 40
2.0
  1
%
  7
OpenSans
 11
329.4
 21
160.70000000000002
 31
0.0
100
AcDbText
  0
TEXT
  5
4B9
330
17
100
AcDbEntity
  8
S-TABLE
100
AcDbText
 10
181.4
 20
154.50000000000003
 30
0.0
 40
2.0
  1
FOUNDATIONS
  7
OpenSans
 11
181.4
 21
154.50000000000003
 31
0.0
100
AcDbText
  0
TEXT
  5
4BA
330
17
100
AcDbEntity
  8
S-TABLE
100
AcDbText
 10
273.4
 20
154.50000000000003
 30
0.0
 40
2.0
  1
14,665
  7
OpenSans
 11
273.4
 21
154.50000000000003
 31
0.0
100
AcDbText
  0
TEXT
  5
4BB
330
17
100
AcDbEntity
  8
S-TABLE
100
AcDbText
 10
303.4
 20
154.50000000000003
 30
0.0
 40
2.0
  1
14.665
  7
OpenSans
 11
303.4
 21
154.50000000000003
 31
0.0
100
AcDbText
  0
TEXT
  5
4BC
330
17
100
AcDbEntity
  8
S-TABLE
100
AcDbText
 10
329.4
 20
154.50000000000003
 30
0.0
 40
2.0
  1
20.8 %
  7
OpenSans
 11
329.4
 21
154.50000000000003
 31
0.0
100
AcDbText
  0
LINE
  5
4BD
330
17
100
AcDbEntity
  8
S-TABLE
100
AcDbLine
 10
180.0
 20
152.40000000000003
 30
0.0
 11
350.0
 21
152.40000000000003
 31
0.0
  0
TEXT
  5
4BE
330
17
100
AcDbEntity
  8
S-TABLE
100
AcDbText
 10
181.4
 20
148.30000000000004
 30
0.0
 40
2.0
  1
WALLS
  7
OpenSans
 11
181.4
 21
148.30000000000004
 31
0.0
100
AcDbText
  0
TEXT
  5
4BF
330
17
100
AcDbEntity
  8
S-TABLE
100
AcDbText
 10
273.4
 20
148.30000000000004
 30
0.0
 40
2.0
  1
24,726
  7
OpenSans
 11
273.4
 21
148.30000000000004
 31
0.0
100
AcDbText
  0
TEXT
  5
4C0
330
17
100
AcDbEntity
  8
S-TABLE
100
AcDbText
 10
303.4
 20
148.30000000000004
 30
0.0
 40
2.0
  1
24.726
  7
OpenSans
 11
303.4
 21
148.30000000000004
 31
0.0
100
AcDbText
  0
TEXT
  5
4C1
330
17
100
AcDbEntity
  8
S-TABLE
100
AcDbText
 10
329.4
 20
148.30000000000004
 30
0.0
 40
2.0
  1
35.1 %
  7
OpenSans
 11
329.4
 21
148.30000000000004
 31
0.0
100
AcDbText
  0
LINE
  5
4C2
330
17
100
AcDbEntity
  8
S-TABLE
100
AcDbLine
 10
180.0
 20
146.20000000000005
 30
0.0
 11
350.0
 21
146.20000000000005
 31
0.0
  0
TEXT
  5
4C3
330
17
100
AcDbEntity
  8
S-TABLE
100
AcDbText
 10
181.4
 20
142.10000000000005
 30
0.0
 40
2.0
  1
ROOF SLAB
  7
OpenSans
 11
181.4
 21
142.10000000000005
 31
0.0
100
AcDbText
  0
TEXT
  5
4C4
330
17
100
AcDbEntity
  8
S-TABLE
100
AcDbText
 10
273.4
 20
142.10000000000005
 30
0.0
 40
2.0
  1
20,490
  7
OpenSans
 11
273.4
 21
142.10000000000005
 31
0.0
100
AcDbText
  0
TEXT
  5
4C5
330
17
100
AcDbEntity
  8
S-TABLE
100
AcDbText
 10
303.4
 20
142.10000000000005
 30
0.0
 40
2.0
  1
20.490
  7
OpenSans
 11
303.4
 21
142.10000000000005
 31
0.0
100
AcDbText
  0
TEXT
  5
4C6
330
17
100
AcDbEntity
  8
S-TABLE
100
AcDbText
 10
329.4
 20
142.10000000000005
 30
0.0
 40
2.0
  1
29.1 %
  7
OpenSans
 11
329.4
 21
142.10000000000005
 31
0.0
100
AcDbText
  0
LINE
  5
4C7
330
17
100
AcDbEntity
  8
S-TABLE
100
AcDbLine
 10
180.0
 20
140.00000000000006
 30
0.0
 11
350.0
 21
140.00000000000006
 31
0.0
  0
TEXT
  5
4C8
330
17
100
AcDbEntity
  8
S-TABLE
100
AcDbText
 10
181.4
 20
135.90000000000006
 30
0.0
 40
2.0
  1
BEAM-TYPE ELEMENTS
  7
OpenSans
 11
181.4
 21
135.90000000000006
 31
0.0
100
AcDbText
  0
TEXT
  5
4C9
330
17
100
AcDbEntity
  8
S-TABLE
100
AcDbText
 10
273.4
 20
135.90000000000006
 30
0.0
 40
2.0
  1
297
  7
OpenSans
 11
273.4
 21
135.90000000000006
 31
0.0
100
AcDbText
  0
TEXT
  5
4CA
330
17
100
AcDbEntity
  8
S-TABLE
100
AcDbText
 10
303.4
 20
135.90000000000006
 30
0.0
 40
2.0
  1
0.297
  7
OpenSans
 11
303.4
 21
135.90000000000006
 31
0.0
100
AcDbText
  0
TEXT
  5
4CB
330
17
100
AcDbEntity
  8
S-TABLE
100
AcDbText
 10
329.4
 20
135.90000000000006
 30
0.0
 40
2.0
  1
0.4 %
  7
OpenSans
 11
329.4
 21
135.90000000000006
 31
0.0
100
AcDbText
  0
LINE
  5
4CC
330
17
100
AcDbEntity
  8
S-TABLE
100
AcDbLine
 10
180.0
 20
133.80000000000007
 30
0.0
 11
350.0
 21
133.80000000000007
 31
0.0
  0
TEXT
  5
4CD
330
17
100
AcDbEntity
  8
S-TABLE
100
AcDbText
 10
181.4
 20
129.70000000000007
 30
0.0
 40
2.0
  1
MAIN STAIRCASE
  7
OpenSans
 11
181.4
 21
129.70000000000007
 31
0.0
100
AcDbText
  0
TEXT
  5
4CE
330
17
100
AcDbEntity
  8
S-TABLE
100
AcDbText
 10
273.4
 20
129.70000000000007
 30
0.0
 40
2.0
  1
281
  7
OpenSans
 11
273.4
 21
129.70000000000007
 31
0.0
100
AcDbText
  0
TEXT
  5
4CF
330
17
100
AcDbEntity
  8
S-TABLE
100
AcDbText
 10
303.4
 20
129.70000000000007
 30
0.0
 40
2.0
  1
0.281
  7
OpenSans
 11
303.4
 21
129.70000000000007
 31
0.0
100
AcDbText
  0
TEXT
  5
4D0
330
17
100
AcDbEntity
  8
S-TABLE
100
AcDbText
 10
329.4
 20
129.70000000000007
 30
0.0
 40
2.0
  1
0.4 %
  7
OpenSans
 11
329.4
 21
129.70000000000007
 31
0.0
100
AcDbText
  0
LINE
  5
4D1
330
17
100
AcDbEntity
  8
S-TABLE
100
AcDbLine
 10
180.0
 20
127.60000000000007
 30
0.0
 11
350.0
 21
127.60000000000007
 31
0.0
  0
TEXT
  5
4D2
330
17
100
AcDbEntity
  8
S-TABLE
100
AcDbText
 10
181.4
 20
123.50000000000006
 30
0.0
 40
2.0
  1
HEADHOUSE
  7
OpenSans
 11
181.4
 21
123.50000000000006
 31
0.0
100
AcDbText
  0
TEXT
  5
4D3
330
17
100
AcDbEntity
  8
S-TABLE
100
AcDbText
 10
273.4
 20
123.50000000000006
 30
0.0
 40
2.0
  1
8,364
  7
OpenSans
 11
273.4
 21
123.50000000000006
 31
0.0
100
AcDbText
  0
TEXT
  5
4D4
330
17
100
AcDbEntity
  8
S-TABLE
100
AcDbText
 10
303.4
 20
123.50000000000006
 30
0.0
 40
2.0
  1
8.364
  7
OpenSans
 11
303.4
 21
123.50000000000006
 31
0.0
100
AcDbText
  0
TEXT
  5
4D5
330
17
100
AcDbEntity
  8
S-TABLE
100
AcDbText
 10
329.4
 20
123.50000000000006
 30
0.0
 40
2.0
  1
11.9 %
  7
OpenSans
 11
329.4
 21
123.50000000000006
 31
0.0
100
AcDbText
  0
LINE
  5
4D6
330
17
100
AcDbEntity
  8
S-TABLE
100
AcDbLine
 10
180.0
 20
121.40000000000006
 30
0.0
 11
350.0
 21
121.40000000000006
 31
0.0
  0
TEXT
  5
4D7
330
17
100
AcDbEntity
  8
S-TABLE
100
AcDbText
 10
181.4
 20
117.30000000000005
 30
0.0
 40
2.0
  1
ENTRANCE / ENTRY STAIRWELL
  7
OpenSans
 11
181.4
 21
117.30000000000005
 31
0.0
100
AcDbText
  0
TEXT
  5
4D8
330
17
100
AcDbEntity
  8
S-TABLE
100
AcDbText
 10
273.4
 20
117.30000000000005
 30
0.0
 40
2.0
  1
1,633
  7
OpenSans
 11
273.4
 21
117.30000000000005
 31
0.0
100
AcDbText
  0
TEXT
  5
4D9
330
17
100
AcDbEntity
  8
S-TABLE
100
AcDbText
 10
303.4
 20
117.30000000000005
 30
0.0
 40
2.0
  1
1.633
  7
OpenSans
 11
303.4
 21
117.30000000000005
 31
0.0
100
AcDbText
  0
TEXT
  5
4DA
330
17
100
AcDbEntity
  8
S-TABLE
100
AcDbText
 10
329.4
 20
117.30000000000005
 30
0.0
 40
2.0
  1
2.3 %
  7
OpenSans
 11
329.4
 21
117.30000000000005
 31
0.0
100
AcDbText
  0
LINE
  5
4DB
330
17
100
AcDbEntity
  8
S-TABLE
100
AcDbLine
 10
180.0
 20
115.20000000000006
 30
0.0
 11
350.0
 21
115.20000000000006
 31
0.0
  0
LINE
  5
4DC
330
17
100
AcDbEntity
  8
S-TABLE
100
AcDbLine
 10
180.0
 20
164.8
 30
0.0
 11
350.0
 21
164.8
 31
0.0
  0
LINE
  5
4DD
330
17
100
AcDbEntity
  8
S-TABLE
100
AcDbLine
 10
180.0
 20
164.8
 30
0.0
 11
180.0
 21
115.20000000000006
 31
0.0
  0
LINE
  5
4DE
330
17
100
AcDbEntity
  8
S-TABLE
100
AcDbLine
 10
272.0
 20
164.8
 30
0.0
 11
272.0
 21
115.20000000000006
 31
0.0
  0
LINE
  5
4DF
330
17
100
AcDbEntity
  8
S-TABLE
100
AcDbLine
 10
302.0
 20
164.8
 30
0.0
 11
302.0
 21
115.20000000000006
 31
0.0
  0
LINE
  5
4E0
330
17
100
AcDbEntity
  8
S-TABLE
100
AcDbLine
 10
328.0
 20
164.8
 30
0.0
 11
328.0
 21
115.20000000000006
 31
0.0
  0
LINE
  5
4E1
330
17
100
AcDbEntity
  8
S-TABLE
100
AcDbLine
 10
350.0
 20
164.8
 30
0.0
 11
350.0
 21
115.20000000000006
 31
0.0
  0
TEXT
  5
4E2
330
17
100
AcDbEntity
  8
S-TITLE
100
AcDbText
 10
362.0
 20
170.3
 30
0.0
 40
2.5
  1
SCHEDULE NOTES
  7
OpenSans
 11
362.0
 21
170.3
 31
0.0
100
AcDbText
  0
TEXT
  5
4E3
330
17
100
AcDbEntity
  8
S-NOTE
100
AcDbText
 10
362.0
 20
166.175
 30
0.0
 40
2.0
  1
PBR-1  cut length = SUM of the scheduled legs, NO bend deduction; links add
  7
OpenSans
 11
362.0
 21
166.175
 31
0.0
100
AcDbText
  0
TEXT
  5
4E4
330
17
100
AcDbEntity
  8
S-NOTE
100
AcDbText
 10
362.0
 20
162.97500000000002
 30
0.0
 40
2.0
  1
       2 x 10 phi for 135 deg hooks.  See R-003.
  7
OpenSans
 11
362.0
 21
162.97500000000002
 31
0.0
100
AcDbText
  0
TEXT
  5
4E5
330
17
100
AcDbEntity
  8
S-NOTE
100
AcDbText
 10
362.0
 20
159.77500000000003
 30
0.0
 40
2.0
  1
P-1    stock bar 12 000; longer runs split with 50 phi laps, staggered.
  7
OpenSans
 11
362.0
 21
159.77500000000003
 31
0.0
100
AcDbText
  0
TEXT
  5
4E6
330
17
100
AcDbEntity
  8
S-NOTE
100
AcDbText
 10
362.0
 20
156.57500000000005
 30
0.0
 40
2.0
  1
PBR-2  4-legged link @ s = TWO closed links per node on an s x s grid.
  7
OpenSans
 11
362.0
 21
156.57500000000005
 31
0.0
100
AcDbText
  0
TEXT
  5
4E7
330
17
100
AcDbEntity
  8
S-NOTE
100
AcDbText
 10
362.0
 20
153.37500000000006
 30
0.0
 40
2.0
  1
PBR-3  stair void and escape openings deducted zone by zone.
  7
OpenSans
 11
362.0
 21
153.37500000000006
 31
0.0
100
AcDbText
  0
TEXT
  5
4E8
330
17
100
AcDbEntity
  8
S-NOTE
100
AcDbText
 10
362.0
 20
150.17500000000007
 30
0.0
 40
2.0
  1
QUANTITIES ARE FOR TENDER AND ESTIMATING and shall be re-measured by the
  7
OpenSans
 11
362.0
 21
150.17500000000007
 31
0.0
100
AcDbText
  0
TEXT
  5
4E9
330
17
100
AcDbEntity
  8
S-NOTE
100
AcDbText
 10
362.0
 20
146.97500000000008
 30
0.0
 40
2.0
  1
contractor on the approved bar bending schedule.
  7
OpenSans
 11
362.0
 21
146.97500000000008
 31
0.0
100
AcDbText
  0
TEXT
  5
4EA
330
17
100
AcDbEntity
  8
S-NOTE
100
AcDbText
 10
362.0
 20
143.7750000000001
 30
0.0
 40
2.0
  1
FABRIC W18: A252 both faces to the four 110 non-structural partitions,
  7
OpenSans
 11
362.0
 21
143.7750000000001
 31
0.0
100
AcDbText
  0
TEXT
  5
4EB
330
17
100
AcDbEntity
  8
S-NOTE
100
AcDbText
 10
362.0
 20
140.5750000000001
 30
0.0
 40
2.0
  1
       112.9 m2.  Not included in the bar tonnage.
  7
OpenSans
 11
362.0
 21
140.5750000000001
 31
0.0
100
AcDbText
  0
TEXT
  5
4EC
330
17
100
AcDbEntity
  8
S-NOTE
100
AcDbText
 10
362.0
 20
137.3750000000001
 30
0.0
 40
2.0
  1
NOT QUANTIFIED - no design basis exists: blast valves and sleeves, the
  7
OpenSans
 11
362.0
 21
137.3750000000001
 31
0.0
100
AcDbText
  0
TEXT
  5
4ED
330
17
100
AcDbEntity
  8
S-NOTE
100
AcDbText
 10
362.0
 20
134.17500000000013
 30
0.0
 40
2.0
  1
service-entry plate, CBRN duct penetrations, blast-door leaf and frame
  7
OpenSans
 11
362.0
 21
134.17500000000013
 31
0.0
100
AcDbText
  0
TEXT
  5
4EE
330
17
100
AcDbEntity
  8
S-NOTE
100
AcDbText
 10
362.0
 20
130.97500000000014
 30
0.0
 40
2.0
  1
anchorage.  Reported NOT DETERMINABLE.  See R-003 detail D2.
  7
OpenSans
 11
362.0
 21
130.97500000000014
 31
0.0
100
AcDbText
  0
TEXT
  5
4EF
330
17
100
AcDbEntity
  8
S-NOTE
100
AcDbText
 10
362.0
 20
127.77500000000013
 30
0.0
 40
2.0
  1
SENTRY POST EXCLUDED - no sentry bar, weight or quantity appears here.
  7
OpenSans
 11
362.0
 21
127.77500000000013
 31
0.0
100
AcDbText
  0
LWPOLYLINE
  5
4F0
330
17
100
AcDbEntity
  8
S-TITLE
100
AcDbPolyline
 90
4
 70
1
 10
360.0
 20
122.57500000000013
 10
640.0
 20
122.57500000000013
 10
640.0
 20
174.8
 10
360.0
 20
174.8
  0
LWPOLYLINE
  5
4F1
330
17
100
AcDbEntity
  8
S-TITLE
100
AcDbPolyline
 90
4
 70
1
 10
651.0
 20
10.0
 10
831.0
 20
10.0
 10
831.0
 20
110.0
 10
651.0
 20
110.0
  0
LINE
  5
4F2
330
17
100
AcDbEntity
  8
S-TITLE
100
AcDbLine
 10
651.0
 20
30.0
 30
0.0
 11
831.0
 21
30.0
 31
0.0
  0
LINE
  5
4F3
330
17
100
AcDbEntity
  8
S-TITLE
100
AcDbLine
 10
651.0
 20
42.0
 30
0.0
 11
831.0
 21
42.0
 31
0.0
  0
LINE
  5
4F4
330
17
100
AcDbEntity
  8
S-TITLE
100
AcDbLine
 10
651.0
 20
54.0
 30
0.0
 11
831.0
 21
54.0
 31
0.0
  0
LINE
  5
4F5
330
17
100
AcDbEntity
  8
S-TITLE
100
AcDbLine
 10
651.0
 20
66.0
 30
0.0
 11
831.0
 21
66.0
 31
0.0
  0
LINE
  5
4F6
330
17
100
AcDbEntity
  8
S-TITLE
100
AcDbLine
 10
651.0
 20
88.0
 30
0.0
 11
831.0
 21
88.0
 31
0.0
  0
LINE
  5
4F7
330
17
100
AcDbEntity
  8
S-TITLE
100
AcDbLine
 10
763.0
 20
10.0
 30
0.0
 11
763.0
 21
30.0
 31
0.0
  0
LINE
  5
4F8
330
17
100
AcDbEntity
  8
S-TITLE
100
AcDbLine
 10
797.0
 20
10.0
 30
0.0
 11
797.0
 21
30.0
 31
0.0
  0
TEXT
  5
4F9
330
17
100
AcDbEntity
  8
S-TITLE
100
AcDbText
 10
653.0
 20
24.6
 30
0.0
 40
1.4
  1
DRAWING No.
  7
OpenSans
 11
653.0
 21
24.6
 31
0.0
100
AcDbText
  0
TEXT
  5
4FA
330
17
100
AcDbEntity
  8
S-TITLE
100
AcDbText
 10
673.0
 20
14.2
 30
0.0
 40
3.5
  1
R-004
  7
OpenSans
 11
673.0
 21
14.2
 31
0.0
100
AcDbText
  0
TEXT
  5
4FB
330
17
100
AcDbEntity
  8
S-TITLE
100
AcDbText
 10
765.0
 20
24.6
 30
0.0
 40
1.4
  1
REV
  7
OpenSans
 11
765.0
 21
24.6
 31
0.0
100
AcDbText
  0
TEXT
  5
4FC
330
17
100
AcDbEntity
  8
S-TITLE
100
AcDbText
 10
769.0
 20
14.2
 30
0.0
 40
3.5
  1
SC1
  7
OpenSans
 11
769.0
 21
14.2
 31
0.0
100
AcDbText
  0
TEXT
  5
4FD
330
17
100
AcDbEntity
  8
S-TITLE
100
AcDbText
 10
799.0
 20
24.6
 30
0.0
 40
1.4
  1
SHEET
  7
OpenSans
 11
799.0
 21
24.6
 31
0.0
100
AcDbText
  0
TEXT
  5
4FE
330
17
100
AcDbEntity
  8
S-TITLE
100
AcDbText
 10
799.0
 20
15.0
 30
0.0
 40
1.6
  1
4 OF 30
  7
OpenSans
 11
799.0
 21
15.0
 31
0.0
100
AcDbText
  0
LINE
  5
4FF
330
17
100
AcDbEntity
  8
S-TITLE
100
AcDbLine
 10
747.0
 20
30.0
 30
0.0
 11
747.0
 21
42.0
 31
0.0
  0
TEXT
  5
500
330
17
100
AcDbEntity
  8
S-TITLE
100
AcDbText
 10
653.0
 20
34.4
 30
0.0
 40
1.6
  1
SCALE   NOT TO SCALE
  7
OpenSans
 11
653.0
 21
34.4
 31
0.0
100
AcDbText
  0
TEXT
  5
501
330
17
100
AcDbEntity
  8
S-TITLE
100
AcDbText
 10
749.0
 20
34.4
 30
0.0
 40
1.6
  1
DATE   04.09.2026
  7
OpenSans
 11
749.0
 21
34.4
 31
0.0
100
AcDbText
  0
TEXT
  5
502
330
17
100
AcDbEntity
  8
S-TITLE
100
AcDbText
 10
653.0
 20
46.4
 30
0.0
 40
1.4
  1
DESIGNED  [PLACEHOLDER]
  7
OpenSans
 11
653.0
 21
46.4
 31
0.0
100
AcDbText
  0
TEXT
  5
503
330
17
100
AcDbEntity
  8
S-TITLE
100
AcDbText
 10
713.0
 20
46.4
 30
0.0
 40
1.4
  1
CHECKED  [PLACEHOLDER]
  7
OpenSans
 11
713.0
 21
46.4
 31
0.0
100
AcDbText
  0
TEXT
  5
504
330
17
100
AcDbEntity
  8
S-TITLE
100
AcDbText
 10
773.0
 20
46.4
 30
0.0
 40
1.4
  1
APPROVED  [PLACEHOLDER]
  7
OpenSans
 11
773.0
 21
46.4
 31
0.0
100
AcDbText
  0
TEXT
  5
505
330
17
100
AcDbEntity
  8
S-TITLE
100
AcDbText
 10
653.0
 20
58.4
 30
0.0
 40
1.4
  1
STATUS
  7
OpenSans
 11
653.0
 21
58.4
 31
0.0
100
AcDbText
  0
TEXT
  5
506
330
17
100
AcDbEntity
  8
S-BLAST
100
AcDbText
 10
673.0
 20
58.0
 30
0.0
 40
1.6
  1
FOR REVIEW - NOT FOR CONSTRUCTION
  7
OpenSans
 11
673.0
 21
58.0
 31
0.0
100
AcDbText
  0
TEXT
  5
507
330
17
100
AcDbEntity
  8
S-TITLE
100
AcDbText
 10
653.0
 20
83.4
 30
0.0
 40
1.4
  1
DRAWING TITLE
  7
OpenSans
 11
653.0
 21
83.4
 31
0.0
100
AcDbText
  0
TEXT
  5
508
330
17
100
AcDbEntity
  8
S-TITLE
100
AcDbText
 10
653.0
 20
75.4
 30
0.0
 40
2.4
  1
REINFORCEMENT SCHEDULE
  7
OpenSans
 11
653.0
 21
75.4
 31
0.0
100
AcDbText
  0
TEXT
  5
509
330
17
100
AcDbEntity
  8
S-TITLE
100
AcDbText
 10
653.0
 20
68.8
 30
0.0
 40
1.4
  1
COMPLETE BAR BENDING SCHEDULE - ALL 92 MARKS
  7
OpenSans
 11
653.0
 21
68.8
 31
0.0
100
AcDbText
  0
TEXT
  5
50A
330
17
100
AcDbEntity
  8
S-TITLE
100
AcDbText
 10
653.0
 20
105.2
 30
0.0
 40
1.4
  1
PROJECT
  7
OpenSans
 11
653.0
 21
105.2
 31
0.0
100
AcDbText
  0
TEXT
  5
50B
330
17
100
AcDbEntity
  8
S-TITLE
100
AcDbText
 10
653.0
 20
99.6
 30
0.0
 40
1.6
  1
UNDERGROUND CBRN-HARDENED BLAST-RESISTANT
  7
OpenSans
 11
653.0
 21
99.6
 31
0.0
100
AcDbText
  0
TEXT
  5
50C
330
17
100
AcDbEntity
  8
S-TITLE
100
AcDbText
 10
653.0
 20
95.0
 30
0.0
 40
1.6
  1
PROTECTIVE STRUCTURE  -  PUNE, MAHARASHTRA
  7
OpenSans
 11
653.0
 21
95.0
 31
0.0
100
AcDbText
  0
TEXT
  5
50D
330
17
100
AcDbEntity
  8
S-TITLE
100
AcDbText
 10
653.0
 20
90.0
 30
0.0
 40
1.4
  1
STRUCTURAL PHASE 2 REV A + M1   ·   SENTRY POST NOT IN THIS PACKAGE
  7
OpenSans
 11
653.0
 21
90.0
 31
0.0
100
AcDbText
  0
ENDSEC
  0
SECTION
  2
OBJECTS
  0
DICTIONARY
  5
A
330
0
100
AcDbDictionary
281
1
  3
ACAD_COLOR
350
B
  3
ACAD_GROUP
350
C
  3
ACAD_LAYOUT
350
D
  3
ACAD_MATERIAL
350
E
  3
ACAD_MLEADERSTYLE
350
F
  3
ACAD_MLINESTYLE
350
10
  3
ACAD_PLOTSETTINGS
350
11
  3
ACAD_PLOTSTYLENAME
350
12
  3
ACAD_SCALELIST
350
14
  3
ACAD_TABLESTYLE
350
15
  3
ACAD_VISUALSTYLE
350
16
  3
EZDXF_META
350
2D
  0
DICTIONARY
  5
B
330
A
100
AcDbDictionary
281
1
  0
DICTIONARY
  5
C
330
A
100
AcDbDictionary
281
1
  0
DICTIONARY
  5
D
330
A
100
AcDbDictionary
281
1
  3
Model
350
1A
  3
Layout1
350
1E
  0
DICTIONARY
  5
E
330
A
100
AcDbDictionary
281
1
  3
ByBlock
350
1F
  3
ByLayer
350
20
  3
Global
350
21
  0
DICTIONARY
  5
F
330
A
100
AcDbDictionary
281
1
  3
Standard
350
2C
  0
DICTIONARY
  5
10
330
A
100
AcDbDictionary
281
1
  3
Standard
350
22
  0
DICTIONARY
  5
11
330
A
100
AcDbDictionary
281
1
  0
ACDBDICTIONARYWDFLT
  5
12
330
A
100
AcDbDictionary
281
1
  3
Normal
350
13
100
AcDbDictionaryWithDefault
340
13
  0
ACDBPLACEHOLDER
  5
13
330
12
  0
DICTIONARY
  5
14
330
A
100
AcDbDictionary
281
1
  0
DICTIONARY
  5
15
330
A
100
AcDbDictionary
281
1
  0
DICTIONARY
  5
16
330
A
100
AcDbDictionary
281
1
  3
2dWireframe
350
5A
  3
Basic
350
5B
  3
Brighten
350
5C
  3
ColorChange
350
5D
  3
Conceptual
350
5E
  3
Dim
350
5F
  3
EdgeColorOff
350
60
  3
Facepattern
350
61
  3
Flat
350
62
  3
FlatWithEdges
350
63
  3
Gouraud
350
64
  3
GouraudWithEdges
350
65
  3
Hidden
350
66
  3
JitterOff
350
67
  3
Linepattern
350
68
  3
Modeling
350
69
  3
OverhangOff
350
6A
  3
Realistic
350
6B
  3
Shaded
350
6C
  3
Shaded with edges
350
6D
  3
Shades of Gray
350
6E
  3
Sketchy
350
6F
  3
Thicken
350
70
  3
Wireframe
350
71
  3
X-Ray
350
72
  0
LAYOUT
  5
1A
330
D
100
AcDbPlotSettings
  1

  4
A3
  6

 40
7.5
 41
20.0
 42
7.5
 43
20.0
 44
420.0
 45
297.0
 46
0.0
 47
0.0
 48
0.0
 49
0.0
140
0.0
141
0.0
142
1.0
143
1.0
 70
1024
 72
1
 73
0
 74
5
  7

 75
16
 76
0
 77
2
 78
300
147
1.0
148
0.0
149
0.0
100
AcDbLayout
  1
Model
 70
1
 71
0
 10
0.0
 20
0.0
 11
420.0
 21
297.0
 12
0.0
 22
0.0
 32
0.0
 14
1e+20
 24
1e+20
 34
1e+20
 15
-1e+20
 25
-1e+20
 35
-1e+20
146
0.0
 13
0.0
 23
0.0
 33
0.0
 16
1.0
 26
0.0
 36
0.0
 17
0.0
 27
1.0
 37
0.0
 76
1
330
17
  0
LAYOUT
  5
1E
330
D
100
AcDbPlotSettings
  1

  4
A3
  6

 40
7.5
 41
20.0
 42
7.5
 43
20.0
 44
420.0
 45
297.0
 46
0.0
 47
0.0
 48
0.0
 49
0.0
140
0.0
141
0.0
142
1.0
143
1.0
 70
0
 72
1
 73
0
 74
5
  7

 75
16
 76
0
 77
2
 78
300
147
1.0
148
0.0
149
0.0
100
AcDbLayout
  1
Layout1
 70
1
 71
1
 10
0.0
 20
0.0
 11
420.0
 21
297.0
 12
0.0
 22
0.0
 32
0.0
 14
1e+20
 24
1e+20
 34
1e+20
 15
-1e+20
 25
-1e+20
 35
-1e+20
146
0.0
 13
0.0
 23
0.0
 33
0.0
 16
1.0
 26
0.0
 36
0.0
 17
0.0
 27
1.0
 37
0.0
 76
1
330
1B
  0
MATERIAL
  5
1F
102
{ACAD_REACTORS
330
E
102
}
330
E
100
AcDbMaterial
  1
ByBlock
  2

 70
0
 40
1.0
 71
1
 41
1.0
 91
-1023410177
 42
1.0
 72
1
  3

 73
1
 74
1
 75
1
 44
0.5
 73
0
 45
1.0
 46
1.0
 77
1
  4

 78
1
 79
1
170
1
 48
1.0
171
1
  6

172
1
173
1
174
1
140
1.0
141
1.0
175
1
  7

176
1
177
1
178
1
143
1.0
179
1
  8

270
1
271
1
272
1
145
1.0
146
1.0
273
1
  9

274
1
275
1
276
1
 42
1.0
 72
1
  3

 73
1
 74
1
 75
1
 94
63
  0
MATERIAL
  5
20
102
{ACAD_REACTORS
330
E
102
}
330
E
100
AcDbMaterial
  1
ByLayer
  2

 70
0
 40
1.0
 71
1
 41
1.0
 91
-1023410177
 42
1.0
 72
1
  3

 73
1
 74
1
 75
1
 44
0.5
 73
0
 45
1.0
 46
1.0
 77
1
  4

 78
1
 79
1
170
1
 48
1.0
171
1
  6

172
1
173
1
174
1
140
1.0
141
1.0
175
1
  7

176
1
177
1
178
1
143
1.0
179
1
  8

270
1
271
1
272
1
145
1.0
146
1.0
273
1
  9

274
1
275
1
276
1
 42
1.0
 72
1
  3

 73
1
 74
1
 75
1
 94
63
  0
MATERIAL
  5
21
102
{ACAD_REACTORS
330
E
102
}
330
E
100
AcDbMaterial
  1
Global
  2

 70
0
 40
1.0
 71
1
 41
1.0
 91
-1023410177
 42
1.0
 72
1
  3

 73
1
 74
1
 75
1
 44
0.5
 73
0
 45
1.0
 46
1.0
 77
1
  4

 78
1
 79
1
170
1
 48
1.0
171
1
  6

172
1
173
1
174
1
140
1.0
141
1.0
175
1
  7

176
1
177
1
178
1
143
1.0
179
1
  8

270
1
271
1
272
1
145
1.0
146
1.0
273
1
  9

274
1
275
1
276
1
 42
1.0
 72
1
  3

 73
1
 74
1
 75
1
 94
63
  0
MLINESTYLE
  5
22
102
{ACAD_REACTORS
330
10
102
}
330
10
100
AcDbMlineStyle
  2
Standard
 70
0
  3

 62
256
 51
90.0
 52
90.0
 71
2
 49
0.5
 62
256
  6
BYLAYER
 49
-0.5
 62
256
  6
BYLAYER
  0
MLEADERSTYLE
  5
2C
102
{ACAD_REACTORS
330
F
102
}
330
F
100
AcDbMLeaderStyle
179
2
170
2
171
1
172
0
 90
2
 40
0.0
 41
0.0
173
1
 91
-1056964608
 92
-2
290
1
 42
2.0
291
1
 43
8.0
  3
Standard
 44
4.0
300

342
29
174
1
175
1
176
0
178
1
 93
-1056964608
 45
4.0
292
0
297
0
 46
4.0
 94
-1056964608
 47
1.0
 49
1.0
140
1.0
294
1
141
0.0
177
0
142
1.0
295
0
296
0
143
3.75
271
0
272
9
273
9
  0
DICTIONARY
  5
2D
330
A
100
AcDbDictionary
280
1
281
1
  3
CREATED_BY_EZDXF
350
2E
  3
WRITTEN_BY_EZDXF
350
510
  0
DICTIONARYVAR
  5
2E
330
2D
100
DictionaryVariables
280
0
  1
1.4.4 @ 2026-09-10T10:31:06.064951+00:00
  0
VISUALSTYLE
  5
5A
102
{ACAD_REACTORS
330
16
102
}
330
16
100
AcDbVisualStyle
  2
2dWireframe
 70
4
 90
0
 40
0.6
 62
7
290
0
291
0
  0
VISUALSTYLE
  5
5B
102
{ACAD_REACTORS
330
16
102
}
330
16
100
AcDbVisualStyle
  2
Basic
 70
7
 90
1
 40
0.6
 62
7
290
0
291
1
  0
VISUALSTYLE
  5
5C
102
{ACAD_REACTORS
330
16
102
}
330
16
100
AcDbVisualStyle
  2
Brighten
 70
12
 90
2
 40
0.6
 62
7
290
0
291
1
  0
VISUALSTYLE
  5
5D
102
{ACAD_REACTORS
330
16
102
}
330
16
100
AcDbVisualStyle
  2
ColorChange
 70
16
 90
2
 40
0.6
 62
8
290
0
291
1
  0
VISUALSTYLE
  5
5E
102
{ACAD_REACTORS
330
16
102
}
330
16
100
AcDbVisualStyle
  2
Conceptual
 70
9
 90
3
 40
0.6
 62
7
290
0
291
0
  0
VISUALSTYLE
  5
5F
102
{ACAD_REACTORS
330
16
102
}
330
16
100
AcDbVisualStyle
  2
Dim
 70
11
 90
2
 40
0.6
 62
7
290
0
291
1
  0
VISUALSTYLE
  5
60
102
{ACAD_REACTORS
330
16
102
}
330
16
100
AcDbVisualStyle
  2
EdgeColorOff
 70
22
 90
2
 40
0.6
 62
7
290
0
291
1
  0
VISUALSTYLE
  5
61
102
{ACAD_REACTORS
330
16
102
}
330
16
100
AcDbVisualStyle
  2
Facepattern
 70
15
 90
2
 40
0.6
 62
7
290
0
291
1
  0
VISUALSTYLE
  5
62
102
{ACAD_REACTORS
330
16
102
}
330
16
100
AcDbVisualStyle
  2
Flat
 70
0
 90
2
 40
0.6
 62
7
290
0
291
1
  0
VISUALSTYLE
  5
63
102
{ACAD_REACTORS
330
16
102
}
330
16
100
AcDbVisualStyle
  2
FlatWithEdges
 70
1
 90
2
 40
0.6
 62
7
290
0
291
1
  0
VISUALSTYLE
  5
64
102
{ACAD_REACTORS
330
16
102
}
330
16
100
AcDbVisualStyle
  2
Gouraud
 70
2
 90
2
 40
0.6
 62
7
290
0
291
1
  0
VISUALSTYLE
  5
65
102
{ACAD_REACTORS
330
16
102
}
330
16
100
AcDbVisualStyle
  2
GouraudWithEdges
 70
3
 90
2
 40
0.6
 62
7
290
0
291
1
  0
VISUALSTYLE
  5
66
102
{ACAD_REACTORS
330
16
102
}
330
16
100
AcDbVisualStyle
  2
Hidden
 70
6
 90
1
 40
0.6
 62
7
290
0
291
0
  0
VISUALSTYLE
  5
67
102
{ACAD_REACTORS
330
16
102
}
330
16
100
AcDbVisualStyle
  2
JitterOff
 70
20
 90
2
 40
0.6
 62
7
290
0
291
1
  0
VISUALSTYLE
  5
68
102
{ACAD_REACTORS
330
16
102
}
330
16
100
AcDbVisualStyle
  2
Linepattern
 70
14
 90
2
 40
0.6
 62
7
290
0
291
1
  0
VISUALSTYLE
  5
69
102
{ACAD_REACTORS
330
16
102
}
330
16
100
AcDbVisualStyle
  2
Modeling
 70
10
 90
2
 40
0.6
 62
7
290
0
291
0
  0
VISUALSTYLE
  5
6A
102
{ACAD_REACTORS
330
16
102
}
330
16
100
AcDbVisualStyle
  2
OverhangOff
 70
21
 90
2
 40
0.6
 62
7
290
0
291
1
  0
VISUALSTYLE
  5
6B
102
{ACAD_REACTORS
330
16
102
}
330
16
100
AcDbVisualStyle
  2
Realistic
 70
8
 90
2
 40
0.6
 62
7
290
0
291
0
  0
VISUALSTYLE
  5
6C
102
{ACAD_REACTORS
330
16
102
}
330
16
100
AcDbVisualStyle
  2
Shaded
 70
27
 90
2
 40
0.6
 62
7
290
0
291
0
  0
VISUALSTYLE
  5
6D
102
{ACAD_REACTORS
330
16
102
}
330
16
100
AcDbVisualStyle
  2
Shaded with edges
 70
26
 90
2
 40
0.6
 62
7
290
0
291
0
  0
VISUALSTYLE
  5
6E
102
{ACAD_REACTORS
330
16
102
}
330
16
100
AcDbVisualStyle
  2
Shades of Gray
 70
23
 90
2
 40
0.6
 62
7
290
0
291
0
  0
VISUALSTYLE
  5
6F
102
{ACAD_REACTORS
330
16
102
}
330
16
100
AcDbVisualStyle
  2
Sketchy
 70
24
 90
1
 40
0.6
 62
7
290
0
291
0
  0
VISUALSTYLE
  5
70
102
{ACAD_REACTORS
330
16
102
}
330
16
100
AcDbVisualStyle
  2
Thicken
 70
13
 90
2
 40
0.6
 62
7
290
0
291
1
  0
VISUALSTYLE
  5
71
102
{ACAD_REACTORS
330
16
102
}
330
16
100
AcDbVisualStyle
  2
Wireframe
 70
5
 90
0
 40
0.6
 62
7
290
0
291
0
  0
VISUALSTYLE
  5
72
102
{ACAD_REACTORS
330
16
102
}
330
16
100
AcDbVisualStyle
  2
X-Ray
 70
25
 90
2
 40
0.5
 62
7
290
0
291
0
  0
DICTIONARYVAR
  5
510
330
2D
100
DictionaryVariables
280
0
  1
1.4.4 @ 2026-09-10T10:31:06.103923+00:00
  0
ENDSEC
  0
EOF
