  0
SECTION
  2
HEADER
  9
$ACADVER
  1
AC1024
  9
$ACADMAINTVER
 70
6
  9
$DWGCODEPAGE
  3
ANSI_1252
  9
$LASTSAVEDBY
  1
ezdxf
  9
$INSBASE
 10
0.0
 20
0.0
 30
0.0
  9
$EXTMIN
 10
1e+20
 20
1e+20
 30
1e+20
  9
$EXTMAX
 10
-1e+20
 20
-1e+20
 30
-1e+20
  9
$LIMMIN
 10
0.0
 20
0.0
  9
$LIMMAX
 10
420.0
 20
297.0
  9
$ORTHOMODE
 70
0
  9
$REGENMODE
 70
1
  9
$FILLMODE
 70
1
  9
$QTEXTMODE
 70
0
  9
$MIRRTEXT
 70
1
  9
$LTSCALE
 40
1.0
  9
$ATTMODE
 70
1
  9
$TEXTSIZE
 40
2.5
  9
$TRACEWID
 40
1.0
  9
$TEXTSTYLE
  7
OpenSans
  9
$CLAYER
  8
0
  9
$CELTYPE
  6
ByLayer
  9
$CECOLOR
 62
256
  9
$CELTSCALE
 40
1.0
  9
$DISPSILH
 70
0
  9
$DIMSCALE
 40
1.0
  9
$DIMASZ
 40
0.175
  9
$DIMEXO
 40
0.125
  9
$DIMDLI
 40
3.75
  9
$DIMRND
 40
0.0
  9
$DIMDLE
 40
0.0
  9
$DIMEXE
 40
0.375
  9
$DIMTP
 40
0.0
  9
$DIMTM
 40
0.0
  9
$DIMTXT
 40
0.25
  9
$DIMCEN
 40
2.5
  9
$DIMTSZ
 40
0.0
  9
$DIMTOL
 70
0
  9
$DIMLIM
 70
0
  9
$DIMTIH
 70
0
  9
$DIMTOH
 70
0
  9
$DIMSE1
 70
0
  9
$DIMSE2
 70
0
  9
$DIMTAD
 70
1
  9
$DIMZIN
 70
12
  9
$DIMBLK
  1
ARCHTICK
  9
$DIMASO
 70
1
  9
$DIMSHO
 70
1
  9
$DIMPOST
  1

  9
$DIMAPOST
  1

  9
$DIMALT
 70
0
  9
$DIMALTD
 70
3
  9
$DIMALTF
 40
0.03937007874
  9
$DIMLFAC
 40
100.0
  9
$DIMTOFL
 70
1
  9
$DIMTVP
 40
0.0
  9
$DIMTIX
 70
0
  9
$DIMSOXD
 70
0
  9
$DIMSAH
 70
0
  9
$DIMBLK1
  1

  9
$DIMBLK2
  1

  9
$DIMSTYLE
  2
EZDXF
  9
$DIMCLRD
 70
0
  9
$DIMCLRE
 70
0
  9
$DIMCLRT
 70
0
  9
$DIMTFAC
 40
0.5
  9
$DIMGAP
 40
0.1
  9
$DIMJUST
 70
0
  9
$DIMSD1
 70
0
  9
$DIMSD2
 70
0
  9
$DIMTOLJ
 70
0
  9
$DIMTZIN
 70
8
  9
$DIMALTZ
 70
0
  9
$DIMALTTZ
 70
0
  9
$DIMUPT
 70
1
  9
$DIMDEC
 70
2
  9
$DIMTDEC
 70
2
  9
$DIMALTU
 70
2
  9
$DIMALTTD
 70
3
  9
$DIMTXSTY
  7
OpenSansCondensed-Light
  9
$DIMAUNIT
 70
0
  9
$DIMADEC
 70
2
  9
$DIMALTRND
 40
0.0
  9
$DIMAZIN
 70
3
  9
$DIMDSEP
 70
46
  9
$DIMATFIT
 70
3
  9
$DIMFRAC
 70
0
  9
$DIMLDRBLK
  1

  9
$DIMLUNIT
 70
2
  9
$DIMLWD
 70
-2
  9
$DIMLWE
 70
-2
  9
$DIMTMOVE
 70
2
  9
$DIMFXL
 40
1.0
  9
$DIMFXLON
 70
0
  9
$DIMJOGANG
 40
0.785398163397
  9
$DIMTFILL
 70
0
  9
$DIMTFILLCLR
 70
0
  9
$DIMARCSYM
 70
0
  9
$DIMLTYPE
  6

  9
$DIMLTEX1
  6

  9
$DIMLTEX2
  6

  9
$DIMTXTDIRECTION
 70
0
  9
$LUNITS
 70
2
  9
$LUPREC
 70
4
  9
$SKETCHINC
 40
1.0
  9
$FILLETRAD
 40
10.0
  9
$AUNITS
 70
0
  9
$AUPREC
 70
2
  9
$MENU
  1
.
  9
$ELEVATION
 40
0.0
  9
$PELEVATION
 40
0.0
  9
$THICKNESS
 40
0.0
  9
$LIMCHECK
 70
0
  9
$CHAMFERA
 40
0.0
  9
$CHAMFERB
 40
0.0
  9
$CHAMFERC
 40
0.0
  9
$CHAMFERD
 40
0.0
  9
$SKPOLY
 70
0
  9
$TDCREATE
 40
2461294.094849537
  9
$TDUCREATE
 40
2458532.153996898
  9
$TDUPDATE
 40
2461294.094849537
  9
$TDUUPDATE
 40
2458532.1544311
  9
$TDINDWG
 40
0.0
  9
$TDUSRTIMER
 40
0.0
  9
$USRTIMER
 70
1
  9
$ANGBASE
 50
0.0
  9
$ANGDIR
 70
0
  9
$PDMODE
 70
0
  9
$PDSIZE
 40
0.0
  9
$PLINEWID
 40
0.0
  9
$SPLFRAME
 70
0
  9
$SPLINETYPE
 70
6
  9
$SPLINESEGS
 70
8
  9
$HANDSEED
  5
2EC
  9
$SURFTAB1
 70
6
  9
$SURFTAB2
 70
6
  9
$SURFTYPE
 70
6
  9
$SURFU
 70
6
  9
$SURFV
 70
6
  9
$UCSBASE
  2

  9
$UCSNAME
  2

  9
$UCSORG
 10
0.0
 20
0.0
 30
0.0
  9
$UCSXDIR
 10
1.0
 20
0.0
 30
0.0
  9
$UCSYDIR
 10
0.0
 20
1.0
 30
0.0
  9
$UCSORTHOREF
  2

  9
$UCSORTHOVIEW
 70
0
  9
$UCSORGTOP
 10
0.0
 20
0.0
 30
0.0
  9
$UCSORGBOTTOM
 10
0.0
 20
0.0
 30
0.0
  9
$UCSORGLEFT
 10
0.0
 20
0.0
 30
0.0
  9
$UCSORGRIGHT
 10
0.0
 20
0.0
 30
0.0
  9
$UCSORGFRONT
 10
0.0
 20
0.0
 30
0.0
  9
$UCSORGBACK
 10
0.0
 20
0.0
 30
0.0
  9
$PUCSBASE
  2

  9
$PUCSNAME
  2

  9
$PUCSORG
 10
0.0
 20
0.0
 30
0.0
  9
$PUCSXDIR
 10
1.0
 20
0.0
 30
0.0
  9
$PUCSYDIR
 10
0.0
 20
1.0
 30
0.0
  9
$PUCSORTHOREF
  2

  9
$PUCSORTHOVIEW
 70
0
  9
$PUCSORGTOP
 10
0.0
 20
0.0
 30
0.0
  9
$PUCSORGBOTTOM
 10
0.0
 20
0.0
 30
0.0
  9
$PUCSORGLEFT
 10
0.0
 20
0.0
 30
0.0
  9
$PUCSORGRIGHT
 10
0.0
 20
0.0
 30
0.0
  9
$PUCSORGFRONT
 10
0.0
 20
0.0
 30
0.0
  9
$PUCSORGBACK
 10
0.0
 20
0.0
 30
0.0
  9
$USERI1
 70
0
  9
$USERI2
 70
0
  9
$USERI3
 70
0
  9
$USERI4
 70
0
  9
$USERI5
 70
0
  9
$USERR1
 40
0.0
  9
$USERR2
 40
0.0
  9
$USERR3
 40
0.0
  9
$USERR4
 40
0.0
  9
$USERR5
 40
0.0
  9
$WORLDVIEW
 70
1
  9
$SHADEDGE
 70
3
  9
$SHADEDIF
 70
70
  9
$TILEMODE
 70
1
  9
$MAXACTVP
 70
64
  9
$PINSBASE
 10
0.0
 20
0.0
 30
0.0
  9
$PLIMCHECK
 70
0
  9
$PEXTMIN
 10
1e+20
 20
1e+20
 30
1e+20
  9
$PEXTMAX
 10
-1e+20
 20
-1e+20
 30
-1e+20
  9
$PLIMMIN
 10
0.0
 20
0.0
  9
$PLIMMAX
 10
420.0
 20
297.0
  9
$UNITMODE
 70
0
  9
$VISRETAIN
 70
1
  9
$PLINEGEN
 70
0
  9
$PSLTSCALE
 70
1
  9
$TREEDEPTH
 70
3020
  9
$CMLSTYLE
  2
Standard
  9
$CMLJUST
 70
0
  9
$CMLSCALE
 40
20.0
  9
$PROXYGRAPHICS
 70
1
  9
$MEASUREMENT
 70
1
  9
$CELWEIGHT
370
-1
  9
$ENDCAPS
280
0
  9
$JOINSTYLE
280
0
  9
$LWDISPLAY
290
0
  9
$INSUNITS
 70
4
  9
$HYPERLINKBASE
  1

  9
$STYLESHEET
  1

  9
$XEDIT
290
1
  9
$CEPSNTYPE
380
0
  9
$PSTYLEMODE
290
1
  9
$FINGERPRINTGUID
  2
{53C48683-E7F6-44AA-B238-234BA072FC96}
  9
$VERSIONGUID
  2
{9DCBD149-446F-4BD6-AFAF-EAD7F5F81E34}
  9
$EXTNAMES
290
1
  9
$PSVPSCALE
 40
0.0
  9
$OLESTARTUP
290
0
  9
$SORTENTS
280
127
  9
$INDEXCTL
280
0
  9
$HIDETEXT
280
1
  9
$XCLIPFRAME
280
1
  9
$HALOGAP
280
0
  9
$OBSCOLOR
 70
257
  9
$OBSLTYPE
280
0
  9
$INTERSECTIONDISPLAY
280
0
  9
$INTERSECTIONCOLOR
 70
257
  9
$DIMASSOC
280
2
  9
$PROJECTNAME
  1

  9
$CAMERADISPLAY
290
0
  9
$LENSLENGTH
 40
50.0
  9
$CAMERAHEIGHT
 40
0.0
  9
$STEPSPERSEC
 40
24.0
  9
$STEPSIZE
 40
100.0
  9
$3DDWFPREC
 40
2.0
  9
$PSOLWIDTH
 40
0.005
  9
$PSOLHEIGHT
 40
0.08
  9
$LOFTANG1
 40
1.570796326795
  9
$LOFTANG2
 40
1.570796326795
  9
$LOFTMAG1
 40
0.0
  9
$LOFTMAG2
 40
0.0
  9
$LOFTPARAM
 70
7
  9
$LOFTNORMALS
280
1
  9
$LATITUDE
 40
37.795
  9
$LONGITUDE
 40
-122.394
  9
$NORTHDIRECTION
 40
0.0
  9
$TIMEZONE
 70
-8000
  9
$LIGHTGLYPHDISPLAY
280
1
  9
$TILEMODELIGHTSYNCH
280
1
  9
$CMATERIAL
347
20
  9
$SOLIDHIST
280
0
  9
$SHOWHIST
280
1
  9
$DWFFRAME
280
2
  9
$DGNFRAME
280
2
  9
$REALWORLDSCALE
290
1
  9
$INTERFERECOLOR
 62
256
  9
$CSHADOW
280
0
  9
$SHADOWPLANELOCATION
 40
0.0
  0
ENDSEC
  0
SECTION
  2
CLASSES
  0
CLASS
  1
ACDBDICTIONARYWDFLT
  2
AcDbDictionaryWithDefault
  3
ObjectDBX Classes
 90
0
 91
0
280
0
281
0
  0
CLASS
  1
SUN
  2
AcDbSun
  3
SCENEOE
 90
1153
 91
0
280
0
281
0
  0
CLASS
  1
VISUALSTYLE
  2
AcDbVisualStyle
  3
ObjectDBX Classes
 90
4095
 91
0
280
0
281
0
  0
CLASS
  1
MATERIAL
  2
AcDbMaterial
  3
ObjectDBX Classes
 90
1153
 91
0
280
0
281
0
  0
CLASS
  1
SCALE
  2
AcDbScale
  3
ObjectDBX Classes
 90
1153
 91
0
280
0
281
0
  0
CLASS
  1
TABLESTYLE
  2
AcDbTableStyle
  3
ObjectDBX Classes
 90
4095
 91
0
280
0
281
0
  0
CLASS
  1
MLEADERSTYLE
  2
AcDbMLeaderStyle
  3
ACDB_MLEADERSTYLE_CLASS
 90
4095
 91
0
280
0
281
0
  0
CLASS
  1
DICTIONARYVAR
  2
AcDbDictionaryVar
  3
ObjectDBX Classes
 90
0
 91
0
280
0
281
0
  0
CLASS
  1
CELLSTYLEMAP
  2
AcDbCellStyleMap
  3
ObjectDBX Classes
 90
1152
 91
0
280
0
281
0
  0
CLASS
  1
MENTALRAYRENDERSETTINGS
  2
AcDbMentalRayRenderSettings
  3
SCENEOE
 90
1024
 91
0
280
0
281
0
  0
CLASS
  1
ACDBDETAILVIEWSTYLE
  2
AcDbDetailViewStyle
  3
ObjectDBX Classes
 90
1025
 91
0
280
0
281
0
  0
CLASS
  1
ACDBSECTIONVIEWSTYLE
  2
AcDbSectionViewStyle
  3
ObjectDBX Classes
 90
1025
 91
0
280
0
281
0
  0
CLASS
  1
RASTERVARIABLES
  2
AcDbRasterVariables
  3
ISM
 90
0
 91
0
280
0
281
0
  0
CLASS
  1
LAYOUT
  2
AcDbLayout
  3
ObjectDBX Classes
 90
0
 91
0
280
0
281
0
  0
CLASS
  1
ACDBPLACEHOLDER
  2
AcDbPlaceHolder
  3
ObjectDBX Classes
 90
0
 91
0
280
0
281
0
  0
ENDSEC
  0
SECTION
  2
TABLES
  0
TABLE
  2
VPORT
  5
8
330
0
100
AcDbSymbolTable
 70
1
  0
VPORT
  5
23
330
8
100
AcDbSymbolTableRecord
100
AcDbViewportTableRecord
  2
*Active
 70
0
 10
0.0
 20
0.0
 11
1.0
 21
1.0
 12
0.0
 22
0.0
 13
0.0
 23
0.0
 14
0.5
 24
0.5
 15
0.5
 25
0.5
 16
0.0
 26
0.0
 36
1.0
 17
0.0
 27
0.0
 37
0.0
 40
1000.0
 41
1.34
 42
50.0
 43
0.0
 44
0.0
 50
0.0
 51
0.0
 71
0
 72
1000
 73
1
 74
3
 75
0
 76
0
 77
0
 78
0
281
0
 65
0
146
0.0
  0
ENDTAB
  0
TABLE
  2
LTYPE
  5
2
330
0
100
AcDbSymbolTable
 70
21
  0
LTYPE
  5
24
330
2
100
AcDbSymbolTableRecord
100
AcDbLinetypeTableRecord
  2
ByBlock
 70
0
  3

 72
65
 73
0
 40
0.0
  0
LTYPE
  5
25
330
2
100
AcDbSymbolTableRecord
100
AcDbLinetypeTableRecord
  2
ByLayer
 70
0
  3

 72
65
 73
0
 40
0.0
  0
LTYPE
  5
26
330
2
100
AcDbSymbolTableRecord
100
AcDbLinetypeTableRecord
  2
Continuous
 70
0
  3

 72
65
 73
0
 40
0.0
  0
LTYPE
  5
2F
330
2
100
AcDbSymbolTableRecord
100
AcDbLinetypeTableRecord
  2
CENTER
 70
0
  3
Center ____ _ ____ _ ____ _ ____ _ ____ _ ____
 72
65
 73
4
 40
5.08
 49
3.175
 74
0
 49
-0.635
 74
0
 49
0.635
 74
0
 49
-0.635
 74
0
  0
LTYPE
  5
30
330
2
100
AcDbSymbolTableRecord
100
AcDbLinetypeTableRecord
  2
CENTERX2
 70
0
  3
Center (2x) ________  __  ________  __  ________
 72
65
 73
4
 40
8.89
 49
6.35
 74
0
 49
-0.635
 74
0
 49
1.27
 74
0
 49
-0.635
 74
0
  0
LTYPE
  5
31
330
2
100
AcDbSymbolTableRecord
100
AcDbLinetypeTableRecord
  2
CENTER2
 70
0
  3
Center (.5x) ____ _ ____ _ ____ _ ____ _ ____
 72
65
 73
4
 40
2.54
 49
1.587
 74
0
 49
-0.318
 74
0
 49
0.318
 74
0
 49
-0.318
 74
0
  0
LTYPE
  5
32
330
2
100
AcDbSymbolTableRecord
100
AcDbLinetypeTableRecord
  2
DASHED
 70
0
  3
Dashed __ __ __ __ __ __ __ __ __ __ __ __ __ _
 72
65
 73
2
 40
1.524
 49
1.27
 74
0
 49
-0.254
 74
0
  0
LTYPE
  5
33
330
2
100
AcDbSymbolTableRecord
100
AcDbLinetypeTableRecord
  2
DASHEDX2
 70
0
  3
Dashed (2x) ____  ____  ____  ____  ____  ____
 72
65
 73
2
 40
3.048
 49
2.54
 74
0
 49
-0.508
 74
0
  0
LTYPE
  5
34
330
2
100
AcDbSymbolTableRecord
100
AcDbLinetypeTableRecord
  2
DASHED2
 70
0
  3
Dashed (.5x) _ _ _ _ _ _ _ _ _ _ _ _ _ _
 72
65
 73
2
 40
0.762
 49
0.635
 74
0
 49
-0.127
 74
0
  0
LTYPE
  5
35
330
2
100
AcDbSymbolTableRecord
100
AcDbLinetypeTableRecord
  2
PHANTOM
 70
0
  3
Phantom ______  __  __  ______  __  __  ______
 72
65
 73
6
 40
6.35
 49
3.175
 74
0
 49
-0.635
 74
0
 49
0.635
 74
0
 49
-0.635
 74
0
 49
0.635
 74
0
 49
-0.635
 74
0
  0
LTYPE
  5
36
330
2
100
AcDbSymbolTableRecord
100
AcDbLinetypeTableRecord
  2
PHANTOMX2
 70
0
  3
Phantom (2x)____________    ____    ____    ____________
 72
65
 73
6
 40
10.795
 49
6.35
 74
0
 49
-0.635
 74
0
 49
1.27
 74
0
 49
-0.635
 74
0
 49
1.27
 74
0
 49
-0.635
 74
0
  0
LTYPE
  5
37
330
2
100
AcDbSymbolTableRecord
100
AcDbLinetypeTableRecord
  2
PHANTOM2
 70
0
  3
Phantom (.5x) ___ _ _ ___ _ _ ___ _ _ ___ _ _ ___
 72
65
 73
6
 40
3.175
 49
1.587
 74
0
 49
-0.318
 74
0
 49
0.318
 74
0
 49
-0.318
 74
0
 49
0.318
 74
0
 49
-0.318
 74
0
  0
LTYPE
  5
38
330
2
100
AcDbSymbolTableRecord
100
AcDbLinetypeTableRecord
  2
DASHDOT
 70
0
  3
Dash dot __ . __ . __ . __ . __ . __ . __ . __
 72
65
 73
4
 40
3.556
 49
2.54
 74
0
 49
-0.508
 74
0
 49
0.0
 74
0
 49
-0.508
 74
0
  0
LTYPE
  5
39
330
2
100
AcDbSymbolTableRecord
100
AcDbLinetypeTableRecord
  2
DASHDOTX2
 70
0
  3
Dash dot (2x) ____  .  ____  .  ____  .  ____
 72
65
 73
4
 40
6.096
 49
5.08
 74
0
 49
-0.508
 74
0
 49
0.0
 74
0
 49
-0.508
 74
0
  0
LTYPE
  5
3A
330
2
100
AcDbSymbolTableRecord
100
AcDbLinetypeTableRecord
  2
DASHDOT2
 70
0
  3
Dash dot (.5x) _ . _ . _ . _ . _ . _ . _ . _
 72
65
 73
4
 40
1.778
 49
1.27
 74
0
 49
-0.254
 74
0
 49
0.0
 74
0
 49
-0.254
 74
0
  0
LTYPE
  5
3B
330
2
100
AcDbSymbolTableRecord
100
AcDbLinetypeTableRecord
  2
DOT
 70
0
  3
Dot .  .  .  .  .  .  .  .  .  .  .  .  .  .  .  .
 72
65
 73
2
 40
0.508
 49
0.0
 74
0
 49
-0.508
 74
0
  0
LTYPE
  5
3C
330
2
100
AcDbSymbolTableRecord
100
AcDbLinetypeTableRecord
  2
DOTX2
 70
0
  3
Dot (2x) .    .    .    .    .    .    .    . 
 72
65
 73
2
 40
1.016
 49
0.0
 74
0
 49
-1.016
 74
0
  0
LTYPE
  5
3D
330
2
100
AcDbSymbolTableRecord
100
AcDbLinetypeTableRecord
  2
DOT2
 70
0
  3
Dot (.5) . . . . . . . . . . . . . . . . . . . 
 72
65
 73
2
 40
0.254
 49
0.0
 74
0
 49
-0.254
 74
0
  0
LTYPE
  5
3E
330
2
100
AcDbSymbolTableRecord
100
AcDbLinetypeTableRecord
  2
DIVIDE
 70
0
  3
Divide __ . . __ . . __ . . __ . . __ . . __
 72
65
 73
6
 40
4.064
 49
2.54
 74
0
 49
-0.508
 74
0
 49
0.0
 74
0
 49
-0.508
 74
0
 49
0.0
 74
0
 49
-0.508
 74
0
  0
LTYPE
  5
3F
330
2
100
AcDbSymbolTableRecord
100
AcDbLinetypeTableRecord
  2
DIVIDEX2
 70
0
  3
Divide (2x) ____  . .  ____  . .  ____  . .  ____
 72
65
 73
6
 40
6.604
 49
5.08
 74
0
 49
-0.508
 74
0
 49
0.0
 74
0
 49
-0.508
 74
0
 49
0.0
 74
0
 49
-0.508
 74
0
  0
LTYPE
  5
40
330
2
100
AcDbSymbolTableRecord
100
AcDbLinetypeTableRecord
  2
DIVIDE2
 70
0
  3
Divide(.5x) _ . _ . _ . _ . _ . _ . _ . _
 72
65
 73
6
 40
2.032
 49
1.27
 74
0
 49
-0.254
 74
0
 49
0.0
 74
0
 49
-0.254
 74
0
 49
0.0
 74
0
 49
-0.254
 74
0
  0
ENDTAB
  0
TABLE
  2
LAYER
  5
1
330
0
100
AcDbSymbolTable
 70
26
  0
LAYER
  5
27
330
1
100
AcDbSymbolTableRecord
100
AcDbLayerTableRecord
  2
0
 70
0
 62
7
  6
Continuous
370
-3
390
13
347
21
  0
LAYER
  5
28
330
1
100
AcDbSymbolTableRecord
100
AcDbLayerTableRecord
  2
Defpoints
 70
0
 62
7
  6
Continuous
290
0
370
-3
390
13
347
21
  0
LAYER
  5
8A
330
1
100
AcDbSymbolTableRecord
100
AcDbLayerTableRecord
  2
S-CONCRETE
 70
0
 62
7
  6
Continuous
370
-3
390
13
347
21
1001
AcAecLayerStandard
1000

1000
Structural concrete outlines (cut)
  0
LAYER
  5
8C
330
1
100
AcDbSymbolTableRecord
100
AcDbLayerTableRecord
  2
S-CONCRETE-THIN
 70
0
 62
7
  6
Continuous
370
-3
390
13
347
21
1001
AcAecLayerStandard
1000

1000
Concrete beyond the cut plane
  0
LAYER
  5
8D
330
1
100
AcDbSymbolTableRecord
100
AcDbLayerTableRecord
  2
S-HIDDEN
 70
0
 62
8
  6
Continuous
370
-3
390
13
347
21
1001
AcAecLayerStandard
1000

1000
Concrete / features beyond, hidden
  0
LAYER
  5
8E
330
1
100
AcDbSymbolTableRecord
100
AcDbLayerTableRecord
  2
S-REBAR-MAIN
 70
0
 62
1
  6
Continuous
370
-3
390
13
347
21
1001
AcAecLayerStandard
1000

1000
Main reinforcement
  0
LAYER
  5
8F
330
1
100
AcDbSymbolTableRecord
100
AcDbLayerTableRecord
  2
S-REBAR-DIST
 70
0
 62
3
  6
Continuous
370
-3
390
13
347
21
1001
AcAecLayerStandard
1000

1000
Distribution reinforcement
  0
LAYER
  5
90
330
1
100
AcDbSymbolTableRecord
100
AcDbLayerTableRecord
  2
S-REBAR-STIRRUP
 70
0
 62
6
  6
Continuous
370
-3
390
13
347
21
1001
AcAecLayerStandard
1000

1000
Links and stirrups
  0
LAYER
  5
91
330
1
100
AcDbSymbolTableRecord
100
AcDbLayerTableRecord
  2
S-REBAR-TIE
 70
0
 62
6
  6
Continuous
370
-3
390
13
347
21
1001
AcAecLayerStandard
1000

1000
Ties, cross-ties, starters
  0
LAYER
  5
92
330
1
100
AcDbSymbolTableRecord
100
AcDbLayerTableRecord
  2
S-REBAR-SEC
 70
0
 62
4
  6
Continuous
370
-3
390
13
347
21
1001
AcAecLayerStandard
1000

1000
Trimmers, secondary and additional bars
  0
LAYER
  5
93
330
1
100
AcDbSymbolTableRecord
100
AcDbLayerTableRecord
  2
S-DIM
 70
0
 62
4
  6
Continuous
370
-3
390
13
347
21
1001
AcAecLayerStandard
1000

1000
Dimensions
  0
LAYER
  5
94
330
1
100
AcDbSymbolTableRecord
100
AcDbLayerTableRecord
  2
S-TEXT
 70
0
 62
7
  6
Continuous
370
-3
390
13
347
21
1001
AcAecLayerStandard
1000

1000
General annotation
  0
LAYER
  5
95
330
1
100
AcDbSymbolTableRecord
100
AcDbLayerTableRecord
  2
S-NOTE
 70
0
 62
7
  6
Continuous
370
-3
390
13
347
21
1001
AcAecLayerStandard
1000

1000
Note panels
  0
LAYER
  5
96
330
1
100
AcDbSymbolTableRecord
100
AcDbLayerTableRecord
  2
S-CALLOUT
 70
0
 62
2
  6
Continuous
370
-3
390
13
347
21
1001
AcAecLayerStandard
1000

1000
Bar-mark balloons and leaders
  0
LAYER
  5
97
330
1
100
AcDbSymbolTableRecord
100
AcDbLayerTableRecord
  2
S-SECTION
 70
0
 62
1
  6
Continuous
370
-3
390
13
347
21
1001
AcAecLayerStandard
1000

1000
Section and detail markers
  0
LAYER
  5
98
330
1
100
AcDbSymbolTableRecord
100
AcDbLayerTableRecord
  2
S-GRID
 70
0
 62
5
  6
Continuous
370
-3
390
13
347
21
1001
AcAecLayerStandard
1000

1000
Grid lines and bubbles
  0
LAYER
  5
99
330
1
100
AcDbSymbolTableRecord
100
AcDbLayerTableRecord
  2
S-CENTER
 70
0
 62
6
  6
Continuous
370
-3
390
13
347
21
1001
AcAecLayerStandard
1000

1000
Centrelines
  0
LAYER
  5
9A
330
1
100
AcDbSymbolTableRecord
100
AcDbLayerTableRecord
  2
S-HATCH
 70
0
 62
8
  6
Continuous
370
-3
390
13
347
21
1001
AcAecLayerStandard
1000

1000
Section hatch
  0
LAYER
  5
9B
330
1
100
AcDbSymbolTableRecord
100
AcDbLayerTableRecord
  2
S-TITLE
 70
0
 62
7
  6
Continuous
370
-3
390
13
347
21
1001
AcAecLayerStandard
1000

1000
Border, title block, view titles
  0
LAYER
  5
9C
330
1
100
AcDbSymbolTableRecord
100
AcDbLayerTableRecord
  2
S-EXISTING
 70
0
 62
8
  6
Continuous
370
-3
390
13
347
21
1001
AcAecLayerStandard
1000

1000
Soil, rock, berm, cover layers
  0
LAYER
  5
9D
330
1
100
AcDbSymbolTableRecord
100
AcDbLayerTableRecord
  2
S-REFERENCE
 70
0
 62
8
  6
Continuous
370
-3
390
13
347
21
1001
AcAecLayerStandard
1000

1000
Reference geometry, extents
  0
LAYER
  5
9E
330
1
100
AcDbSymbolTableRecord
100
AcDbLayerTableRecord
  2
S-WATERPROOF
 70
0
 62
30
  6
Continuous
370
-3
390
13
347
21
1001
AcAecLayerStandard
1000

1000
Membranes, waterstops, GWT
  0
LAYER
  5
9F
330
1
100
AcDbSymbolTableRecord
100
AcDbLayerTableRecord
  2
S-STEELWORK
 70
0
 62
2
  6
Continuous
370
-3
390
13
347
21
1001
AcAecLayerStandard
1000

1000
Cast-in frames, EMP straps, steel items
  0
LAYER
  5
A0
330
1
100
AcDbSymbolTableRecord
100
AcDbLayerTableRecord
  2
S-LEVEL
 70
0
 62
4
  6
Continuous
370
-3
390
13
347
21
1001
AcAecLayerStandard
1000

1000
Level markers
  0
LAYER
  5
A1
330
1
100
AcDbSymbolTableRecord
100
AcDbLayerTableRecord
  2
S-TABLE
 70
0
 62
7
  6
Continuous
370
-3
390
13
347
21
1001
AcAecLayerStandard
1000

1000
Tables and schedules
  0
LAYER
  5
A2
330
1
100
AcDbSymbolTableRecord
100
AcDbLayerTableRecord
  2
S-BLAST
 70
0
 62
1
  6
Continuous
370
-3
390
13
347
21
1001
AcAecLayerStandard
1000

1000
Blast arrows, findings, warnings
  0
ENDTAB
  0
TABLE
  2
STYLE
  5
5
330
0
100
AcDbSymbolTable
 70
26
  0
STYLE
  5
29
330
5
100
AcDbSymbolTableRecord
100
AcDbTextStyleTableRecord
  2
Standard
 70
0
 40
0.0
 41
1.0
 50
0.0
 71
0
 42
2.5
  3
txt
  4

  0
STYLE
  5
41
330
5
100
AcDbSymbolTableRecord
100
AcDbTextStyleTableRecord
  2
OpenSans-Light
 70
0
 40
0.0
 41
1.0
 50
0.0
 71
0
 42
2.5
  3
OpenSans-Light.ttf
  4

  0
STYLE
  5
42
330
5
100
AcDbSymbolTableRecord
100
AcDbTextStyleTableRecord
  2
OpenSans-Light-Italic
 70
0
 40
0.0
 41
1.0
 50
0.0
 71
0
 42
2.5
  3
OpenSans-LightItalic.ttf
  4

  0
STYLE
  5
43
330
5
100
AcDbSymbolTableRecord
100
AcDbTextStyleTableRecord
  2
OpenSans
 70
0
 40
0.0
 41
1.0
 50
0.0
 71
0
 42
2.5
  3
OpenSans-Regular.ttf
  4

  0
STYLE
  5
44
330
5
100
AcDbSymbolTableRecord
100
AcDbTextStyleTableRecord
  2
OpenSans-Italic
 70
0
 40
0.0
 41
1.0
 50
0.0
 71
0
 42
2.5
  3
OpenSans-Italic.ttf
  4

  0
STYLE
  5
45
330
5
100
AcDbSymbolTableRecord
100
AcDbTextStyleTableRecord
  2
OpenSans-SemiBold
 70
0
 40
0.0
 41
1.0
 50
0.0
 71
0
 42
2.5
  3
OpenSans-SemiBold.ttf
  4

  0
STYLE
  5
46
330
5
100
AcDbSymbolTableRecord
100
AcDbTextStyleTableRecord
  2
OpenSans-SemiBoldItalic
 70
0
 40
0.0
 41
1.0
 50
0.0
 71
0
 42
2.5
  3
OpenSans-SemiBoldItalic.ttf
  4

  0
STYLE
  5
47
330
5
100
AcDbSymbolTableRecord
100
AcDbTextStyleTableRecord
  2
OpenSans-Bold
 70
0
 40
0.0
 41
1.0
 50
0.0
 71
0
 42
2.5
  3
OpenSans-Bold.ttf
  4

  0
STYLE
  5
48
330
5
100
AcDbSymbolTableRecord
100
AcDbTextStyleTableRecord
  2
OpenSans-BoldItalic
 70
0
 40
0.0
 41
1.0
 50
0.0
 71
0
 42
2.5
  3
OpenSans-BoldItalic.ttf
  4

  0
STYLE
  5
49
330
5
100
AcDbSymbolTableRecord
100
AcDbTextStyleTableRecord
  2
OpenSans-ExtraBold
 70
0
 40
0.0
 41
1.0
 50
0.0
 71
0
 42
2.5
  3
OpenSans-ExtraBold.ttf
  4

  0
STYLE
  5
4A
330
5
100
AcDbSymbolTableRecord
100
AcDbTextStyleTableRecord
  2
OpenSans-ExtraBoldItalic
 70
0
 40
0.0
 41
1.0
 50
0.0
 71
0
 42
2.5
  3
OpenSans-ExtraBoldItalic.ttf
  4

  0
STYLE
  5
4B
330
5
100
AcDbSymbolTableRecord
100
AcDbTextStyleTableRecord
  2
OpenSansCondensed-Bold
 70
0
 40
0.0
 41
1.0
 50
0.0
 71
0
 42
2.5
  3
OpenSansCondensed-Bold.ttf
  4

  0
STYLE
  5
4C
330
5
100
AcDbSymbolTableRecord
100
AcDbTextStyleTableRecord
  2
OpenSansCondensed-Light
 70
0
 40
0.0
 41
1.0
 50
0.0
 71
0
 42
2.5
  3
OpenSansCondensed-Light.ttf
  4

  0
STYLE
  5
4D
330
5
100
AcDbSymbolTableRecord
100
AcDbTextStyleTableRecord
  2
OpenSansCondensed-Italic
 70
0
 40
0.0
 41
1.0
 50
0.0
 71
0
 42
2.5
  3
OpenSansCondensed-LightItalic.ttf
  4

  0
STYLE
  5
4E
330
5
100
AcDbSymbolTableRecord
100
AcDbTextStyleTableRecord
  2
LiberationSans
 70
0
 40
0.0
 41
1.0
 50
0.0
 71
0
 42
2.5
  3
LiberationSans-Regular.ttf
  4

  0
STYLE
  5
4F
330
5
100
AcDbSymbolTableRecord
100
AcDbTextStyleTableRecord
  2
LiberationSans-Bold
 70
0
 40
0.0
 41
1.0
 50
0.0
 71
0
 42
2.5
  3
LiberationSans-Bold.ttf
  4

  0
STYLE
  5
50
330
5
100
AcDbSymbolTableRecord
100
AcDbTextStyleTableRecord
  2
LiberationSans-BoldItalic
 70
0
 40
0.0
 41
1.0
 50
0.0
 71
0
 42
2.5
  3
LiberationSans-BoldItalic.ttf
  4

  0
STYLE
  5
51
330
5
100
AcDbSymbolTableRecord
100
AcDbTextStyleTableRecord
  2
LiberationSans-Italic
 70
0
 40
0.0
 41
1.0
 50
0.0
 71
0
 42
2.5
  3
LiberationSans-Italic.ttf
  4

  0
STYLE
  5
52
330
5
100
AcDbSymbolTableRecord
100
AcDbTextStyleTableRecord
  2
LiberationSerif
 70
0
 40
0.0
 41
1.0
 50
0.0
 71
0
 42
2.5
  3
LiberationSerif-Regular.ttf
  4

  0
STYLE
  5
53
330
5
100
AcDbSymbolTableRecord
100
AcDbTextStyleTableRecord
  2
LiberationSerif-Bold
 70
0
 40
0.0
 41
1.0
 50
0.0
 71
0
 42
2.5
  3
LiberationSerif-Bold.ttf
  4

  0
STYLE
  5
54
330
5
100
AcDbSymbolTableRecord
100
AcDbTextStyleTableRecord
  2
LiberationSerif-BoldItalic
 70
0
 40
0.0
 41
1.0
 50
0.0
 71
0
 42
2.5
  3
LiberationSerif-BoldItalic.ttf
  4

  0
STYLE
  5
55
330
5
100
AcDbSymbolTableRecord
100
AcDbTextStyleTableRecord
  2
LiberationSerif-Italic
 70
0
 40
0.0
 41
1.0
 50
0.0
 71
0
 42
2.5
  3
LiberationSerif-Italic.ttf
  4

  0
STYLE
  5
56
330
5
100
AcDbSymbolTableRecord
100
AcDbTextStyleTableRecord
  2
LiberationMono
 70
0
 40
0.0
 41
1.0
 50
0.0
 71
0
 42
2.5
  3
LiberationMono-Regular.ttf
  4

  0
STYLE
  5
57
330
5
100
AcDbSymbolTableRecord
100
AcDbTextStyleTableRecord
  2
LiberationMono-Bold
 70
0
 40
0.0
 41
1.0
 50
0.0
 71
0
 42
2.5
  3
LiberationMono-Bold.ttf
  4

  0
STYLE
  5
58
330
5
100
AcDbSymbolTableRecord
100
AcDbTextStyleTableRecord
  2
LiberationMono-BoldItalic
 70
0
 40
0.0
 41
1.0
 50
0.0
 71
0
 42
2.5
  3
LiberationMono-BoldItalic.ttf
  4

  0
STYLE
  5
59
330
5
100
AcDbSymbolTableRecord
100
AcDbTextStyleTableRecord
  2
LiberationMono-Italic
 70
0
 40
0.0
 41
1.0
 50
0.0
 71
0
 42
2.5
  3
LiberationMono-Italic.ttf
  4

  0
ENDTAB
  0
TABLE
  2
VIEW
  5
7
330
0
100
AcDbSymbolTable
 70
0
  0
ENDTAB
  0
TABLE
  2
UCS
  5
6
330
0
100
AcDbSymbolTable
 70
0
  0
ENDTAB
  0
TABLE
  2
APPID
  5
3
330
0
100
AcDbSymbolTable
 70
4
  0
APPID
  5
2A
330
3
100
AcDbSymbolTableRecord
100
AcDbRegAppTableRecord
  2
ACAD
 70
0
  0
APPID
  5
8B
330
3
100
AcDbSymbolTableRecord
100
AcDbRegAppTableRecord
  2
AcAecLayerStandard
 70
0
  0
APPID
  5
2E9
330
3
100
AcDbSymbolTableRecord
100
AcDbRegAppTableRecord
  2
HATCHBACKGROUNDCOLOR
 70
0
  0
APPID
  5
2EA
330
3
100
AcDbSymbolTableRecord
100
AcDbRegAppTableRecord
  2
EZDXF
 70
0
  0
ENDTAB
  0
TABLE
  2
DIMSTYLE
  5
4
330
0
100
AcDbSymbolTable
 70
14
100
AcDbDimStyleTable
  0
DIMSTYLE
105
2B
330
4
100
AcDbSymbolTableRecord
100
AcDbDimStyleTableRecord
  2
Standard
 70
0
 40
1.0
 41
2.5
 42
0.625
 43
3.75
 44
1.25
 45
0.0
 46
0.0
 47
0.0
 48
0.0
 49
2.5
140
2.5
141
2.5
142
0.0
143
0.03937007874
144
1.0
145
0.0
146
1.0
147
0.625
148
0.0
 69
0
 70
0
 71
0
 72
0
 73
0
 74
0
 75
0
 76
0
 77
1
 78
8
 79
3
170
0
171
3
172
1
173
0
174
0
175
0
176
0
177
0
178
0
179
2
271
2
272
2
273
2
274
3
275
0
276
0
277
2
278
44
279
0
280
0
281
0
282
0
283
0
284
8
285
0
286
0
288
0
289
3
290
0
371
-2
372
-2
  0
DIMSTYLE
105
73
330
4
100
AcDbSymbolTableRecord
100
AcDbDimStyleTableRecord
  2
EZDXF
 70
0
 40
1.0
 41
0.175
 42
0.125
 43
3.75
 44
0.375
 45
0.0
 46
0.0
 47
0.0
 48
0.0
 49
2.5
140
0.25
141
2.5
142
0.0
143
0.03937007874
144
100.0
145
0.0
146
0.5
147
0.1
148
0.0
 69
0
 70
0
 71
0
 72
0
 73
0
 74
0
 75
0
 76
0
 77
1
 78
12
 79
3
170
0
171
3
172
1
173
0
174
0
175
0
176
0
177
0
178
0
179
2
271
2
272
2
273
2
274
3
275
0
276
0
277
2
278
46
279
2
280
0
281
0
282
0
283
0
284
8
285
0
286
0
288
1
289
3
290
0
340
4C
342
74
371
-2
372
-2
  0
DIMSTYLE
105
7C
330
4
100
AcDbSymbolTableRecord
100
AcDbDimStyleTableRecord
  2
EZ_M_100_H25_CM
 70
0
 40
1.0
 41
0.25
 42
0.125
 43
3.75
 44
0.375
 45
0.0
 46
0.0
 47
0.0
 48
0.0
 49
2.5
140
0.25
141
2.5
142
0.125
143
0.03937007874
144
100.0
145
0.0
146
0.5
147
0.1
148
0.0
 69
0
 70
0
 71
0
 72
0
 73
0
 74
0
 75
0
 76
0
 77
1
 78
12
 79
3
170
0
171
3
172
1
173
0
174
0
175
0
176
0
177
0
178
0
179
2
271
2
272
2
273
2
274
3
275
0
276
0
277
2
278
46
279
2
280
0
281
0
282
0
283
0
284
8
285
0
286
0
288
1
289
3
290
0
340
4C
371
-2
372
-2
  0
DIMSTYLE
105
7D
330
4
100
AcDbSymbolTableRecord
100
AcDbDimStyleTableRecord
  2
EZ_M_50_H25_CM
 70
0
 40
1.0
 41
0.125
 42
0.0625
 43
3.75
 44
0.1875
 45
0.0
 46
0.0
 47
0.0
 48
0.0
 49
2.5
140
0.125
141
2.5
142
0.0625
143
0.03937007874
144
100.0
145
0.0
146
0.5
147
0.05
148
0.0
 69
0
 70
0
 71
0
 72
0
 73
0
 74
0
 75
0
 76
0
 77
1
 78
12
 79
3
170
0
171
3
172
1
173
0
174
0
175
0
176
0
177
0
178
0
179
2
271
2
272
2
273
2
274
3
275
0
276
0
277
2
278
46
279
2
280
0
281
0
282
0
283
0
284
8
285
0
286
0
288
1
289
3
290
0
340
4C
371
-2
372
-2
  0
DIMSTYLE
105
7E
330
4
100
AcDbSymbolTableRecord
100
AcDbDimStyleTableRecord
  2
EZ_M_25_H25_CM
 70
0
 40
1.0
 41
0.0625
 42
0.03125
 43
3.75
 44
0.09375
 45
0.0
 46
0.0
 47
0.0
 48
0.0
 49
2.5
140
0.0625
141
2.5
142
0.03125
143
0.03937007874
144
100.0
145
0.0
146
0.5
147
0.025
148
0.0
 69
0
 70
0
 71
0
 72
0
 73
0
 74
0
 75
0
 76
0
 77
1
 78
12
 79
3
170
0
171
3
172
1
173
0
174
0
175
0
176
0
177
0
178
0
179
2
271
2
272
2
273
2
274
3
275
0
276
0
277
2
278
46
279
2
280
0
281
0
282
0
283
0
284
8
285
0
286
0
288
1
289
3
290
0
340
4C
371
-2
372
-2
  0
DIMSTYLE
105
7F
330
4
100
AcDbSymbolTableRecord
100
AcDbDimStyleTableRecord
  2
EZ_M_20_H25_CM
 70
0
 40
1.0
 41
0.05
 42
0.025
 43
3.75
 44
0.07500000000000001
 45
0.0
 46
0.0
 47
0.0
 48
0.0
 49
2.5
140
0.05
141
2.5
142
0.025
143
0.03937007874
144
100.0
145
0.0
146
0.5
147
0.020000000000000004
148
0.0
 69
0
 70
0
 71
0
 72
0
 73
0
 74
0
 75
0
 76
0
 77
1
 78
12
 79
3
170
0
171
3
172
1
173
0
174
0
175
0
176
0
177
0
178
0
179
2
271
2
272
2
273
2
274
3
275
0
276
0
277
2
278
46
279
2
280
0
281
0
282
0
283
0
284
8
285
0
286
0
288
1
289
3
290
0
340
4C
371
-2
372
-2
  0
DIMSTYLE
105
80
330
4
100
AcDbSymbolTableRecord
100
AcDbDimStyleTableRecord
  2
EZ_M_10_H25_CM
 70
0
 40
1.0
 41
0.025
 42
0.0125
 43
3.75
 44
0.037500000000000006
 45
0.0
 46
0.0
 47
0.0
 48
0.0
 49
2.5
140
0.025
141
2.5
142
0.0125
143
0.03937007874
144
100.0
145
0.0
146
0.5
147
0.010000000000000002
148
0.0
 69
0
 70
0
 71
0
 72
0
 73
0
 74
0
 75
0
 76
0
 77
1
 78
12
 79
3
170
0
171
3
172
1
173
0
174
0
175
0
176
0
177
0
178
0
179
2
271
2
272
2
273
2
274
3
275
0
276
0
277
2
278
46
279
2
280
0
281
0
282
0
283
0
284
8
285
0
286
0
288
1
289
3
290
0
340
4C
371
-2
372
-2
  0
DIMSTYLE
105
81
330
4
100
AcDbSymbolTableRecord
100
AcDbDimStyleTableRecord
  2
EZ_M_5_H25_CM
 70
0
 40
1.0
 41
0.0125
 42
0.00625
 43
3.75
 44
0.018750000000000003
 45
0.0
 46
0.0
 47
0.0
 48
0.0
 49
2.5
140
0.0125
141
2.5
142
0.00625
143
0.03937007874
144
100.0
145
0.0
146
0.5
147
0.005000000000000001
148
0.0
 69
0
 70
0
 71
0
 72
0
 73
0
 74
0
 75
0
 76
0
 77
1
 78
12
 79
3
170
0
171
3
172
1
173
0
174
0
175
0
176
0
177
0
178
0
179
2
271
2
272
2
273
2
274
3
275
0
276
0
277
2
278
46
279
2
280
0
281
0
282
0
283
0
284
8
285
0
286
0
288
1
289
3
290
0
340
4C
371
-2
372
-2
  0
DIMSTYLE
105
82
330
4
100
AcDbSymbolTableRecord
100
AcDbDimStyleTableRecord
  2
EZ_M_1_H25_CM
 70
0
 40
1.0
 41
0.0025
 42
0.00125
 43
3.75
 44
0.00375
 45
0.0
 46
0.0
 47
0.0
 48
0.0
 49
2.5
140
0.0025
141
2.5
142
0.00125
143
0.03937007874
144
100.0
145
0.0
146
0.5
147
0.001
148
0.0
 69
0
 70
0
 71
0
 72
0
 73
0
 74
0
 75
0
 76
0
 77
1
 78
12
 79
3
170
0
171
3
172
1
173
0
174
0
175
0
176
0
177
0
178
0
179
2
271
2
272
2
273
2
274
3
275
0
276
0
277
2
278
46
279
2
280
0
281
0
282
0
283
0
284
8
285
0
286
0
288
1
289
3
290
0
340
4C
371
-2
372
-2
  0
DIMSTYLE
105
83
330
4
100
AcDbSymbolTableRecord
100
AcDbDimStyleTableRecord
  2
EZ_RADIUS
 70
0
 40
1.0
 41
0.25
 42
0.125
 43
3.75
 44
0.375
 45
0.0
 46
0.0
 47
0.0
 48
0.0
 49
2.5
140
0.25
141
0.0
142
0.0
143
0.03937007874
144
100.0
145
0.0
146
0.5
147
0.1
148
0.0
 69
0
 70
0
 71
0
 72
0
 73
0
 74
0
 75
0
 76
0
 77
1
 78
12
 79
3
170
0
171
3
172
0
173
0
174
0
175
0
176
0
177
0
178
0
179
2
271
2
272
2
273
2
274
3
275
0
276
0
277
2
278
46
279
1
280
0
281
0
282
0
283
0
284
8
285
0
286
0
288
1
289
3
290
0
340
4C
342
84
371
-2
372
-2
  0
DIMSTYLE
105
88
330
4
100
AcDbSymbolTableRecord
100
AcDbDimStyleTableRecord
  2
EZ_RADIUS_INSIDE
 70
0
 40
1.0
 41
0.25
 42
0.125
 43
3.75
 44
0.375
 45
0.0
 46
0.0
 47
0.0
 48
0.0
 49
2.5
140
0.25
141
0.0
142
0.0
143
0.03937007874
144
100.0
145
0.0
146
0.5
147
0.1
148
0.0
 69
0
 70
0
 71
0
 72
0
 73
0
 74
0
 75
0
 76
0
 77
0
 78
12
 79
3
170
0
171
3
172
0
173
0
174
1
175
0
176
0
177
0
178
0
179
2
271
2
272
2
273
2
274
3
275
0
276
0
277
2
278
46
279
0
280
0
281
0
282
0
283
0
284
8
285
0
286
0
288
1
289
0
290
0
340
4C
342
84
371
-2
372
-2
  0
DIMSTYLE
105
89
330
4
100
AcDbSymbolTableRecord
100
AcDbDimStyleTableRecord
  2
EZ_CURVED
 70
0
 40
1.0
 41
0.25
 42
0.125
 43
3.75
 44
0.375
 45
0.0
 46
0.0
 47
0.0
 48
0.0
 49
2.5
140
0.25
141
2.5
142
0.0
143
0.03937007874
144
100.0
145
0.0
146
0.5
147
0.1
148
0.0
 69
0
 70
0
 71
0
 72
0
 73
0
 74
0
 75
0
 76
0
 77
1
 78
12
 79
2
 90
2
170
0
171
3
172
1
173
0
174
0
175
0
176
0
177
0
178
0
179
2
271
2
272
2
273
2
274
3
275
0
276
0
277
2
278
46
279
2
280
0
281
0
282
0
283
0
284
8
285
0
286
0
288
1
289
3
290
0
340
4C
371
-2
372
-2
  0
DIMSTYLE
105
A3
330
4
100
AcDbSymbolTableRecord
100
AcDbDimStyleTableRecord
  2
SC-DIM
 70
0
 40
1.0
 41
1.6
 42
1.0
 43
3.75
 44
1.2
 45
0.0
 46
0.0
 47
0.0
 48
0.0
 49
2.5
140
1.8
141
2.5
142
0.0
143
0.03937007874
144
1.0
145
0.0
146
1.0
147
0.8
148
0.0
 69
0
 70
0
 71
0
 72
0
 73
0
 74
0
 75
0
 76
0
 77
1
 78
8
 79
3
170
0
171
3
172
1
173
0
174
0
175
0
176
4
177
4
178
4
179
2
271
0
272
2
273
2
274
3
275
0
276
0
277
2
278
44
279
0
280
0
281
0
282
0
283
0
284
8
285
0
286
0
288
0
289
3
290
0
342
74
371
13
372
13
  0
DIMSTYLE
105
A4
330
4
100
AcDbSymbolTableRecord
100
AcDbDimStyleTableRecord
  2
SC-DIM-S
 70
0
 40
1.0
 41
1.2
 42
1.0
 43
3.75
 44
1.2
 45
0.0
 46
0.0
 47
0.0
 48
0.0
 49
2.5
140
1.4
141
2.5
142
0.0
143
0.03937007874
144
1.0
145
0.0
146
1.0
147
0.8
148
0.0
 69
0
 70
0
 71
0
 72
0
 73
0
 74
0
 75
0
 76
0
 77
1
 78
8
 79
3
170
0
171
3
172
1
173
0
174
0
175
0
176
4
177
4
178
4
179
2
271
0
272
2
273
2
274
3
275
0
276
0
277
2
278
44
279
0
280
0
281
0
282
0
283
0
284
8
285
0
286
0
288
0
289
3
290
0
342
74
371
13
372
13
  0
ENDTAB
  0
TABLE
  2
BLOCK_RECORD
  5
9
330
0
100
AcDbSymbolTable
 70
16
  0
BLOCK_RECORD
  5
17
330
9
100
AcDbSymbolTableRecord
100
AcDbBlockTableRecord
  2
*Model_Space
340
1A
 70
0
280
1
281
0
  0
BLOCK_RECORD
  5
1B
330
9
100
AcDbSymbolTableRecord
100
AcDbBlockTableRecord
  2
*Paper_Space
340
1E
 70
0
280
1
281
0
  0
BLOCK_RECORD
  5
74
330
9
100
AcDbSymbolTableRecord
100
AcDbBlockTableRecord
  2
_ARCHTICK
340
0
 70
0
280
1
281
0
  0
BLOCK_RECORD
  5
78
330
9
100
AcDbSymbolTableRecord
100
AcDbBlockTableRecord
  2
_CLOSEDFILLED
340
0
 70
0
280
1
281
0
  0
BLOCK_RECORD
  5
84
330
9
100
AcDbSymbolTableRecord
100
AcDbBlockTableRecord
  2
_CLOSEDBLANK
340
0
 70
0
280
1
281
0
  0
BLOCK_RECORD
  5
A5
330
9
100
AcDbSymbolTableRecord
100
AcDbBlockTableRecord
  2
BARMARK
340
0
 70
0
280
1
281
0
  0
BLOCK_RECORD
  5
A9
330
9
100
AcDbSymbolTableRecord
100
AcDbBlockTableRecord
  2
SECMARK
340
0
 70
0
280
1
281
0
  0
BLOCK_RECORD
  5
AE
330
9
100
AcDbSymbolTableRecord
100
AcDbBlockTableRecord
  2
LEVELMK
340
0
 70
0
280
1
281
0
  0
BLOCK_RECORD
  5
B2
330
9
100
AcDbSymbolTableRecord
100
AcDbBlockTableRecord
  2
NORTH
340
0
 70
0
280
1
281
0
  0
BLOCK_RECORD
  5
15B
330
9
100
AcDbSymbolTableRecord
100
AcDbBlockTableRecord
  2
*D1
340
0
 70
0
280
1
281
0
  0
BLOCK_RECORD
  5
16A
330
9
100
AcDbSymbolTableRecord
100
AcDbBlockTableRecord
  2
*D2
340
0
 70
0
280
1
281
0
  0
BLOCK_RECORD
  5
179
330
9
100
AcDbSymbolTableRecord
100
AcDbBlockTableRecord
  2
*D3
340
0
 70
0
280
1
281
0
  0
BLOCK_RECORD
  5
1B7
330
9
100
AcDbSymbolTableRecord
100
AcDbBlockTableRecord
  2
*D4
340
0
 70
0
280
1
281
0
  0
BLOCK_RECORD
  5
219
330
9
100
AcDbSymbolTableRecord
100
AcDbBlockTableRecord
  2
*D5
340
0
 70
0
280
1
281
0
  0
BLOCK_RECORD
  5
228
330
9
100
AcDbSymbolTableRecord
100
AcDbBlockTableRecord
  2
*D6
340
0
 70
0
280
1
281
0
  0
BLOCK_RECORD
  5
237
330
9
100
AcDbSymbolTableRecord
100
AcDbBlockTableRecord
  2
*D7
340
0
 70
0
280
1
281
0
  0
ENDTAB
  0
ENDSEC
  0
SECTION
  2
BLOCKS
  0
BLOCK
  5
18
330
17
100
AcDbEntity
  8
0
100
AcDbBlockBegin
  2
*Model_Space
 70
0
 10
0.0
 20
0.0
 30
0.0
  3
*Model_Space
  1

  0
ENDBLK
  5
19
330
17
100
AcDbEntity
  8
0
100
AcDbBlockEnd
  0
BLOCK
  5
1C
330
1B
100
AcDbEntity
  8
0
100
AcDbBlockBegin
  2
*Paper_Space
 70
0
 10
0.0
 20
0.0
 30
0.0
  3
*Paper_Space
  1

  0
ENDBLK
  5
1D
330
1B
100
AcDbEntity
  8
0
100
AcDbBlockEnd
  0
BLOCK
  5
75
330
74
100
AcDbEntity
  8
0
100
AcDbBlockBegin
  2
_ARCHTICK
 70
0
 10
0.0
 20
0.0
 30
0.0
  3
_ARCHTICK
  1

  0
LWPOLYLINE
  5
77
330
74
100
AcDbEntity
  8
0
  6
BYBLOCK
 62
0
100
AcDbPolyline
 90
2
 70
0
 43
0.15
 10
-0.5
 20
-0.5
 10
0.5
 20
0.5
  0
ENDBLK
  5
76
330
74
100
AcDbEntity
  8
0
100
AcDbBlockEnd
  0
BLOCK
  5
79
330
78
100
AcDbEntity
  8
0
100
AcDbBlockBegin
  2
_CLOSEDFILLED
 70
0
 10
0.0
 20
0.0
 30
0.0
  3
_CLOSEDFILLED
  1

  0
SOLID
  5
7B
330
78
100
AcDbEntity
  8
0
  6
BYBLOCK
 62
0
100
AcDbTrace
 10
-1.0
 20
0.16439898372402537
 30
0.0
 11
0.0
 21
0.0
 31
0.0
 12
-1.0
 22
-0.16439898372402537
 32
0.0
 13
-1.0
 23
-0.16439898372402537
 33
0.0
  0
ENDBLK
  5
7A
330
78
100
AcDbEntity
  8
0
100
AcDbBlockEnd
  0
BLOCK
  5
85
330
84
100
AcDbEntity
  8
0
100
AcDbBlockBegin
  2
_CLOSEDBLANK
 70
0
 10
0.0
 20
0.0
 30
0.0
  3
_CLOSEDBLANK
  1

  0
LWPOLYLINE
  5
87
330
84
100
AcDbEntity
  8
0
  6
BYBLOCK
 62
0
100
AcDbPolyline
 90
3
 70
1
 10
-1.0
 20
0.16439898372402537
 10
0.0
 20
0.0
 10
-1.0
 20
-0.16439898372402537
  0
ENDBLK
  5
86
330
84
100
AcDbEntity
  8
0
100
AcDbBlockEnd
  0
BLOCK
  5
A6
330
A5
100
AcDbEntity
  8
0
100
AcDbBlockBegin
  2
BARMARK
 70
0
 10
0.0
 20
0.0
 30
0.0
  3
BARMARK
  1

  0
CIRCLE
  5
A8
330
A5
100
AcDbEntity
  8
S-CALLOUT
100
AcDbCircle
 10
0.0
 20
0.0
 30
0.0
 40
3.2
  0
ENDBLK
  5
A7
330
A5
100
AcDbEntity
  8
0
100
AcDbBlockEnd
  0
BLOCK
  5
AA
330
A9
100
AcDbEntity
  8
0
100
AcDbBlockBegin
  2
SECMARK
 70
0
 10
0.0
 20
0.0
 30
0.0
  3
SECMARK
  1

  0
CIRCLE
  5
AC
330
A9
100
AcDbEntity
  8
S-SECTION
100
AcDbCircle
 10
0.0
 20
0.0
 30
0.0
 40
4.0
  0
LINE
  5
AD
330
A9
100
AcDbEntity
  8
S-SECTION
100
AcDbLine
 10
-4.0
 20
0.0
 30
0.0
 11
4.0
 21
0.0
 31
0.0
  0
ENDBLK
  5
AB
330
A9
100
AcDbEntity
  8
0
100
AcDbBlockEnd
  0
BLOCK
  5
AF
330
AE
100
AcDbEntity
  8
0
100
AcDbBlockBegin
  2
LEVELMK
 70
0
 10
0.0
 20
0.0
 30
0.0
  3
LEVELMK
  1

  0
LWPOLYLINE
  5
B1
330
AE
100
AcDbEntity
  8
S-LEVEL
100
AcDbPolyline
 90
4
 70
1
 10
0.0
 20
0.0
 10
-2.0
 20
3.0
 10
2.0
 20
3.0
 10
0.0
 20
0.0
  0
ENDBLK
  5
B0
330
AE
100
AcDbEntity
  8
0
100
AcDbBlockEnd
  0
BLOCK
  5
B3
330
B2
100
AcDbEntity
  8
0
100
AcDbBlockBegin
  2
NORTH
 70
0
 10
0.0
 20
0.0
 30
0.0
  3
NORTH
  1

  0
LWPOLYLINE
  5
B5
330
B2
100
AcDbEntity
  8
S-TITLE
100
AcDbPolyline
 90
5
 70
1
 10
0.0
 20
10.0
 10
-3.2
 20
-6.0
 10
0.0
 20
-2.4
 10
3.2
 20
-6.0
 10
0.0
 20
10.0
  0
CIRCLE
  5
B6
330
B2
100
AcDbEntity
  8
S-TITLE
100
AcDbCircle
 10
0.0
 20
0.0
 30
0.0
 40
12.0
  0
ENDBLK
  5
B4
330
B2
100
AcDbEntity
  8
0
100
AcDbBlockEnd
  0
BLOCK
  5
15C
330
15B
100
AcDbEntity
  8
0
100
AcDbBlockBegin
  2
*D1
 70
1
 10
0.0
 20
0.0
 30
0.0
  3
*D1
  1

  0
LINE
  5
15E
330
15B
100
AcDbEntity
  8
0
 62
4
370
13
100
AcDbLine
 10
59.0
 20
380.0
 30
0.0
 11
33.8
 21
380.0
 31
0.0
  0
LINE
  5
15F
330
15B
100
AcDbEntity
  8
0
 62
4
370
13
100
AcDbLine
 10
59.0
 20
410.0
 30
0.0
 11
33.8
 21
410.0
 31
0.0
  0
INSERT
  5
160
330
15B
100
AcDbEntity
  8
S-DIM
 62
4
100
AcDbBlockReference
  2
_ARCHTICK
 10
35.0
 20
380.0
 30
0.0
 41
1.6
 42
1.6
 50
270.0
  0
INSERT
  5
162
330
15B
100
AcDbEntity
  8
S-DIM
 62
4
100
AcDbBlockReference
  2
_ARCHTICK
 10
35.0
 20
410.0
 30
0.0
 41
1.6
 42
1.6
 50
90.0
  0
LINE
  5
164
330
15B
100
AcDbEntity
  8
0
 62
4
370
13
100
AcDbLine
 10
35.0
 20
380.0
 30
0.0
 11
35.0
 21
410.0
 31
0.0
  0
MTEXT
  5
165
330
15B
100
AcDbEntity
  8
S-DIM
 62
4
100
AcDbMText
 10
33.3
 20
395.0
 30
0.0
 40
1.8
 71
5
  1
600
  7
OpenSansCondensed-Light
 50
90.0
  0
POINT
  5
166
330
15B
100
AcDbEntity
  8
Defpoints
100
AcDbPoint
 10
35.0
 20
380.0
 30
0.0
  0
POINT
  5
167
330
15B
100
AcDbEntity
  8
Defpoints
100
AcDbPoint
 10
60.0
 20
380.0
 30
0.0
  0
POINT
  5
168
330
15B
100
AcDbEntity
  8
Defpoints
100
AcDbPoint
 10
60.0
 20
410.0
 30
0.0
  0
ENDBLK
  5
15D
330
15B
100
AcDbEntity
  8
0
100
AcDbBlockEnd
  0
BLOCK
  5
16B
330
16A
100
AcDbEntity
  8
0
100
AcDbBlockBegin
  2
*D2
 70
1
 10
0.0
 20
0.0
 30
0.0
  3
*D2
  1

  0
LINE
  5
16D
330
16A
100
AcDbEntity
  8
0
 62
4
370
13
100
AcDbLine
 10
59.0
 20
410.0
 30
0.0
 11
33.8
 21
410.0
 31
0.0
  0
LINE
  5
16E
330
16A
100
AcDbEntity
  8
0
 62
4
370
13
100
AcDbLine
 10
59.0
 20
475.0
 30
0.0
 11
33.8
 21
475.0
 31
0.0
  0
INSERT
  5
16F
330
16A
100
AcDbEntity
  8
S-DIM
 62
4
100
AcDbBlockReference
  2
_ARCHTICK
 10
35.0
 20
410.0
 30
0.0
 41
1.6
 42
1.6
 50
270.0
  0
INSERT
  5
171
330
16A
100
AcDbEntity
  8
S-DIM
 62
4
100
AcDbBlockReference
  2
_ARCHTICK
 10
35.0
 20
475.0
 30
0.0
 41
1.6
 42
1.6
 50
90.0
  0
LINE
  5
173
330
16A
100
AcDbEntity
  8
0
 62
4
370
13
100
AcDbLine
 10
35.0
 20
410.0
 30
0.0
 11
35.0
 21
475.0
 31
0.0
  0
MTEXT
  5
174
330
16A
100
AcDbEntity
  8
S-DIM
 62
4
100
AcDbMText
 10
33.3
 20
442.5
 30
0.0
 40
1.8
 71
5
  1
1300
  7
OpenSansCondensed-Light
 50
90.0
  0
POINT
  5
175
330
16A
100
AcDbEntity
  8
Defpoints
100
AcDbPoint
 10
35.0
 20
410.0
 30
0.0
  0
POINT
  5
176
330
16A
100
AcDbEntity
  8
Defpoints
100
AcDbPoint
 10
60.0
 20
410.0
 30
0.0
  0
POINT
  5
177
330
16A
100
AcDbEntity
  8
Defpoints
100
AcDbPoint
 10
60.0
 20
475.0
 30
0.0
  0
ENDBLK
  5
16C
330
16A
100
AcDbEntity
  8
0
100
AcDbBlockEnd
  0
BLOCK
  5
17A
330
179
100
AcDbEntity
  8
0
100
AcDbBlockBegin
  2
*D3
 70
1
 10
0.0
 20
0.0
 30
0.0
  3
*D3
  1

  0
LINE
  5
17C
330
179
100
AcDbEntity
  8
0
 62
4
370
13
100
AcDbLine
 10
60.0
 20
379.0
 30
0.0
 11
60.0
 21
358.8
 31
0.0
  0
LINE
  5
17D
330
179
100
AcDbEntity
  8
0
 62
4
370
13
100
AcDbLine
 10
90.0
 20
379.0
 30
0.0
 11
90.0
 21
358.8
 31
0.0
  0
INSERT
  5
17E
330
179
100
AcDbEntity
  8
S-DIM
 62
4
100
AcDbBlockReference
  2
_ARCHTICK
 10
60.0
 20
360.0
 30
0.0
 41
1.6
 42
1.6
 50
180.0
  0
INSERT
  5
180
330
179
100
AcDbEntity
  8
S-DIM
 62
4
100
AcDbBlockReference
  2
_ARCHTICK
 10
90.0
 20
360.0
 30
0.0
 41
1.6
 42
1.6
  0
LINE
  5
182
330
179
100
AcDbEntity
  8
0
 62
4
370
13
100
AcDbLine
 10
60.0
 20
360.0
 30
0.0
 11
90.0
 21
360.0
 31
0.0
  0
MTEXT
  5
183
330
179
100
AcDbEntity
  8
S-DIM
 62
4
100
AcDbMText
 10
75.0
 20
361.7
 30
0.0
 40
1.8
 71
5
  1
600
  7
OpenSansCondensed-Light
  0
POINT
  5
184
330
179
100
AcDbEntity
  8
Defpoints
100
AcDbPoint
 10
60.0
 20
360.0
 30
0.0
  0
POINT
  5
185
330
179
100
AcDbEntity
  8
Defpoints
100
AcDbPoint
 10
60.0
 20
380.0
 30
0.0
  0
POINT
  5
186
330
179
100
AcDbEntity
  8
Defpoints
100
AcDbPoint
 10
90.0
 20
380.0
 30
0.0
  0
ENDBLK
  5
17B
330
179
100
AcDbEntity
  8
0
100
AcDbBlockEnd
  0
BLOCK
  5
1B8
330
1B7
100
AcDbEntity
  8
0
100
AcDbBlockBegin
  2
*D4
 70
1
 10
0.0
 20
0.0
 30
0.0
  3
*D4
  1

  0
LINE
  5
1BA
330
1B7
100
AcDbEntity
  8
0
 62
4
370
13
100
AcDbLine
 10
299.0
 20
400.0
 30
0.0
 11
263.8
 21
400.0
 31
0.0
  0
LINE
  5
1BB
330
1B7
100
AcDbEntity
  8
0
 62
4
370
13
100
AcDbLine
 10
299.0
 20
460.0
 30
0.0
 11
263.8
 21
460.0
 31
0.0
  0
INSERT
  5
1BC
330
1B7
100
AcDbEntity
  8
S-DIM
 62
4
100
AcDbBlockReference
  2
_ARCHTICK
 10
265.0
 20
400.0
 30
0.0
 41
1.6
 42
1.6
 50
270.0
  0
INSERT
  5
1BE
330
1B7
100
AcDbEntity
  8
S-DIM
 62
4
100
AcDbBlockReference
  2
_ARCHTICK
 10
265.0
 20
460.0
 30
0.0
 41
1.6
 42
1.6
 50
90.0
  0
LINE
  5
1C0
330
1B7
100
AcDbEntity
  8
0
 62
4
370
13
100
AcDbLine
 10
265.0
 20
400.0
 30
0.0
 11
265.0
 21
460.0
 31
0.0
  0
MTEXT
  5
1C1
330
1B7
100
AcDbEntity
  8
S-DIM
 62
4
100
AcDbMText
 10
263.3
 20
430.0
 30
0.0
 40
1.8
 71
5
  1
600
  7
OpenSansCondensed-Light
 50
90.0
  0
POINT
  5
1C2
330
1B7
100
AcDbEntity
  8
Defpoints
100
AcDbPoint
 10
265.0
 20
400.0
 30
0.0
  0
POINT
  5
1C3
330
1B7
100
AcDbEntity
  8
Defpoints
100
AcDbPoint
 10
300.0
 20
400.0
 30
0.0
  0
POINT
  5
1C4
330
1B7
100
AcDbEntity
  8
Defpoints
100
AcDbPoint
 10
300.0
 20
460.0
 30
0.0
  0
ENDBLK
  5
1B9
330
1B7
100
AcDbEntity
  8
0
100
AcDbBlockEnd
  0
BLOCK
  5
21A
330
219
100
AcDbEntity
  8
0
100
AcDbBlockBegin
  2
*D5
 70
1
 10
0.0
 20
0.0
 30
0.0
  3
*D5
  1

  0
LINE
  5
21C
330
219
100
AcDbEntity
  8
0
 62
4
370
13
100
AcDbLine
 10
545.0
 20
300.0
 30
0.0
 11
589.2
 21
300.0
 31
0.0
  0
LINE
  5
21D
330
219
100
AcDbEntity
  8
0
 62
4
370
13
100
AcDbLine
 10
545.0
 20
316.0
 30
0.0
 11
589.2
 21
316.0
 31
0.0
  0
INSERT
  5
21E
330
219
100
AcDbEntity
  8
S-DIM
 62
4
100
AcDbBlockReference
  2
_ARCHTICK
 10
588.0
 20
300.0
 30
0.0
 41
1.6
 42
1.6
 50
270.0
  0
INSERT
  5
220
330
219
100
AcDbEntity
  8
S-DIM
 62
4
100
AcDbBlockReference
  2
_ARCHTICK
 10
588.0
 20
316.0
 30
0.0
 41
1.6
 42
1.6
 50
90.0
  0
LINE
  5
222
330
219
100
AcDbEntity
  8
0
 62
4
370
13
100
AcDbLine
 10
588.0
 20
300.0
 30
0.0
 11
588.0
 21
316.0
 31
0.0
  0
MTEXT
  5
223
330
219
100
AcDbEntity
  8
S-DIM
 62
4
100
AcDbMText
 10
586.3
 20
308.0
 30
0.0
 40
1.8
 71
5
  1
400
  7
OpenSansCondensed-Light
 50
90.0
  0
POINT
  5
224
330
219
100
AcDbEntity
  8
Defpoints
100
AcDbPoint
 10
588.0
 20
300.0
 30
0.0
  0
POINT
  5
225
330
219
100
AcDbEntity
  8
Defpoints
100
AcDbPoint
 10
544.0
 20
300.0
 30
0.0
  0
POINT
  5
226
330
219
100
AcDbEntity
  8
Defpoints
100
AcDbPoint
 10
544.0
 20
316.0
 30
0.0
  0
ENDBLK
  5
21B
330
219
100
AcDbEntity
  8
0
100
AcDbBlockEnd
  0
BLOCK
  5
229
330
228
100
AcDbEntity
  8
0
100
AcDbBlockBegin
  2
*D6
 70
1
 10
0.0
 20
0.0
 30
0.0
  3
*D6
  1

  0
LINE
  5
22B
330
228
100
AcDbEntity
  8
0
 62
4
370
13
100
AcDbLine
 10
545.0
 20
316.0
 30
0.0
 11
589.2
 21
316.0
 31
0.0
  0
LINE
  5
22C
330
228
100
AcDbEntity
  8
0
 62
4
370
13
100
AcDbLine
 10
545.0
 20
376.0
 30
0.0
 11
589.2
 21
376.0
 31
0.0
  0
INSERT
  5
22D
330
228
100
AcDbEntity
  8
S-DIM
 62
4
100
AcDbBlockReference
  2
_ARCHTICK
 10
588.0
 20
316.0
 30
0.0
 41
1.6
 42
1.6
 50
270.0
  0
INSERT
  5
22F
330
228
100
AcDbEntity
  8
S-DIM
 62
4
100
AcDbBlockReference
  2
_ARCHTICK
 10
588.0
 20
376.0
 30
0.0
 41
1.6
 42
1.6
 50
90.0
  0
LINE
  5
231
330
228
100
AcDbEntity
  8
0
 62
4
370
13
100
AcDbLine
 10
588.0
 20
316.0
 30
0.0
 11
588.0
 21
376.0
 31
0.0
  0
MTEXT
  5
232
330
228
100
AcDbEntity
  8
S-DIM
 62
4
100
AcDbMText
 10
586.3
 20
346.0
 30
0.0
 40
1.8
 71
5
  1
1500
  7
OpenSansCondensed-Light
 50
90.0
  0
POINT
  5
233
330
228
100
AcDbEntity
  8
Defpoints
100
AcDbPoint
 10
588.0
 20
316.0
 30
0.0
  0
POINT
  5
234
330
228
100
AcDbEntity
  8
Defpoints
100
AcDbPoint
 10
544.0
 20
316.0
 30
0.0
  0
POINT
  5
235
330
228
100
AcDbEntity
  8
Defpoints
100
AcDbPoint
 10
544.0
 20
376.0
 30
0.0
  0
ENDBLK
  5
22A
330
228
100
AcDbEntity
  8
0
100
AcDbBlockEnd
  0
BLOCK
  5
238
330
237
100
AcDbEntity
  8
0
100
AcDbBlockBegin
  2
*D7
 70
1
 10
0.0
 20
0.0
 30
0.0
  3
*D7
  1

  0
LINE
  5
23A
330
237
100
AcDbEntity
  8
0
 62
4
370
13
100
AcDbLine
 10
472.0
 20
299.0
 30
0.0
 11
472.0
 21
282.8
 31
0.0
  0
LINE
  5
23B
330
237
100
AcDbEntity
  8
0
 62
4
370
13
100
AcDbLine
 10
532.0
 20
299.0
 30
0.0
 11
532.0
 21
282.8
 31
0.0
  0
INSERT
  5
23C
330
237
100
AcDbEntity
  8
S-DIM
 62
4
100
AcDbBlockReference
  2
_ARCHTICK
 10
472.0
 20
284.0
 30
0.0
 41
1.6
 42
1.6
 50
180.0
  0
INSERT
  5
23E
330
237
100
AcDbEntity
  8
S-DIM
 62
4
100
AcDbBlockReference
  2
_ARCHTICK
 10
532.0
 20
284.0
 30
0.0
 41
1.6
 42
1.6
  0
LINE
  5
240
330
237
100
AcDbEntity
  8
0
 62
4
370
13
100
AcDbLine
 10
472.0
 20
284.0
 30
0.0
 11
532.0
 21
284.0
 31
0.0
  0
MTEXT
  5
241
330
237
100
AcDbEntity
  8
S-DIM
 62
4
100
AcDbMText
 10
502.0
 20
285.7
 30
0.0
 40
1.8
 71
5
  1
1500
  7
OpenSansCondensed-Light
  0
POINT
  5
242
330
237
100
AcDbEntity
  8
Defpoints
100
AcDbPoint
 10
472.0
 20
284.0
 30
0.0
  0
POINT
  5
243
330
237
100
AcDbEntity
  8
Defpoints
100
AcDbPoint
 10
472.0
 20
300.0
 30
0.0
  0
POINT
  5
244
330
237
100
AcDbEntity
  8
Defpoints
100
AcDbPoint
 10
532.0
 20
300.0
 30
0.0
  0
ENDBLK
  5
239
330
237
100
AcDbEntity
  8
0
100
AcDbBlockEnd
  0
ENDSEC
  0
SECTION
  2
ENTITIES
  0
LWPOLYLINE
  5
B7
330
17
100
AcDbEntity
  8
S-TITLE
100
AcDbPolyline
 90
4
 70
1
 10
0.0
 20
0.0
 10
841.0
 20
0.0
 10
841.0
 20
594.0
 10
0.0
 20
594.0
  0
LWPOLYLINE
  5
B8
330
17
100
AcDbEntity
  8
S-TITLE
100
AcDbPolyline
 90
4
 70
1
 10
10.0
 20
10.0
 10
831.0
 20
10.0
 10
831.0
 20
584.0
 10
10.0
 20
584.0
  0
TEXT
  5
B9
330
17
100
AcDbEntity
  8
S-TITLE
100
AcDbText
 10
12.0
 20
576.5
 30
0.0
 40
5.0
  1
STRUCTURAL CAD - REINFORCEMENT PACKAGE
  7
OpenSans
 11
12.0
 21
576.5
 31
0.0
100
AcDbText
  0
TEXT
  5
BA
330
17
100
AcDbEntity
  8
S-TITLE
100
AcDbText
 10
12.0
 20
569.5
 30
0.0
 40
2.4
  1
R-102   MAT FOUNDATION SECTIONS
  7
OpenSans
 11
12.0
 21
569.5
 31
0.0
100
AcDbText
  0
LINE
  5
BB
330
17
100
AcDbEntity
  8
S-TITLE
100
AcDbLine
 10
10.0
 20
566.5
 30
0.0
 11
831.0
 21
566.5
 31
0.0
  0
TEXT
  5
BC
330
17
100
AcDbEntity
  8
S-BLAST
100
AcDbText
 10
829.0
 20
577.0
 30
0.0
 40
2.0
  1
SENTRY POST EXCLUDED FROM THIS PACKAGE
  7
OpenSans
 72
2
 11
829.0
 21
577.0
 31
0.0
100
AcDbText
  0
TEXT
  5
BD
330
17
100
AcDbEntity
  8
S-BLAST
100
AcDbText
 10
829.0
 20
570.5
 30
0.0
 40
1.4
  1
ALL DESIGN ACTIONS ARE MANUAL CALCULATION - NOT DIRECT STAAD OUTPUT
  7
OpenSans
 72
2
 11
829.0
 21
570.5
 31
0.0
100
AcDbText
  0
TEXT
  5
BE
330
17
100
AcDbEntity
  8
S-BLAST
100
AcDbText
 10
12.0
 20
561.5
 30
0.0
 40
1.4
  1
OPEN ITEMS ON THIS SHEET:  A2 GWT ASSUMED
  7
OpenSans
 11
12.0
 21
561.5
 31
0.0
100
AcDbText
  0
LWPOLYLINE
  5
BF
330
17
100
AcDbEntity
  8
S-CONCRETE-THIN
100
AcDbPolyline
 90
4
 70
1
 10
45.0
 20
375.0
 10
210.0
 20
375.0
 10
210.0
 20
380.0
 10
45.0
 20
380.0
  0
HATCH
  5
C0
330
17
100
AcDbEntity
  8
S-HATCH
 62
7
100
AcDbHatch
 10
0.0
 20
0.0
 30
0.0
210
0.0
220
0.0
230
1.0
  2
ANSI31
 70
0
 71
0
 91
1
 92
3
 72
0
 73
1
 93
4
 10
45.0
 20
375.0
 10
210.0
 20
375.0
 10
210.0
 20
380.0
 10
45.0
 20
380.0
 97
0
 75
1
 76
1
 52
45.0
 41
1.0
 77
0
 78
1
 53
90.0
 43
0.0
 44
0.0
 45
-3.175
 46
0.0
 79
0
 98
0
  0
LWPOLYLINE
  5
C1
330
17
100
AcDbEntity
  8
S-CONCRETE
100
AcDbPolyline
 90
4
 70
1
 10
60.0
 20
380.0
 10
210.0
 20
380.0
 10
210.0
 20
410.0
 10
60.0
 20
410.0
  0
HATCH
  5
C2
330
17
100
AcDbEntity
  8
S-HATCH
 62
7
100
AcDbHatch
 10
0.0
 20
0.0
 30
0.0
210
0.0
220
0.0
230
1.0
  2
ANSI31
 70
0
 71
0
 91
1
 92
3
 72
0
 73
1
 93
4
 10
60.0
 20
380.0
 10
210.0
 20
380.0
 10
210.0
 20
410.0
 10
60.0
 20
410.0
 97
0
 75
1
 76
1
 52
0.0
 41
1.6
 77
0
 78
1
 53
45.0
 43
0.0
 44
0.0
 45
-3.5921024485
 46
3.5921024485
 79
0
 98
0
  0
CIRCLE
  5
C3
330
17
100
AcDbEntity
  8
S-REBAR-MAIN
100
AcDbCircle
 10
67.5
 20
384.15
 30
0.0
 40
0.7
  0
HATCH
  5
C4
330
17
100
AcDbEntity
  8
S-REBAR-MAIN
 62
1
100
AcDbHatch
 10
0.0
 20
0.0
 30
0.0
210
0.0
220
0.0
230
1.0
  2
SOLID
 70
1
 71
0
 91
1
 92
3
 72
0
 73
1
 93
16
 10
68.2
 20
384.15
 10
68.1467156727579
 20
384.41787840265556
 10
67.99497474683058
 20
384.64497474683054
 10
67.76787840265557
 20
384.7967156727579
 10
67.5
 20
384.84999999999997
 10
67.23212159734443
 20
384.7967156727579
 10
67.00502525316942
 20
384.64497474683054
 10
66.8532843272421
 20
384.41787840265556
 10
66.8
 20
384.15
 10
66.8532843272421
 20
383.8821215973444
 10
67.00502525316942
 20
383.6550252531694
 10
67.23212159734443
 20
383.50328432724206
 10
67.5
 20
383.45
 10
67.76787840265557
 20
383.50328432724206
 10
67.99497474683058
 20
383.6550252531694
 10
68.1467156727579
 20
383.8821215973444
 97
0
 75
0
 76
1
 98
0
  0
CIRCLE
  5
C5
330
17
100
AcDbEntity
  8
S-REBAR-MAIN
100
AcDbCircle
 10
75.0
 20
384.15
 30
0.0
 40
0.7
  0
HATCH
  5
C6
330
17
100
AcDbEntity
  8
S-REBAR-MAIN
 62
1
100
AcDbHatch
 10
0.0
 20
0.0
 30
0.0
210
0.0
220
0.0
230
1.0
  2
SOLID
 70
1
 71
0
 91
1
 92
3
 72
0
 73
1
 93
16
 10
75.7
 20
384.15
 10
75.6467156727579
 20
384.41787840265556
 10
75.49497474683058
 20
384.64497474683054
 10
75.26787840265557
 20
384.7967156727579
 10
75.0
 20
384.84999999999997
 10
74.73212159734443
 20
384.7967156727579
 10
74.50502525316942
 20
384.64497474683054
 10
74.3532843272421
 20
384.41787840265556
 10
74.3
 20
384.15
 10
74.3532843272421
 20
383.8821215973444
 10
74.50502525316942
 20
383.6550252531694
 10
74.73212159734443
 20
383.50328432724206
 10
75.0
 20
383.45
 10
75.26787840265557
 20
383.50328432724206
 10
75.49497474683058
 20
383.6550252531694
 10
75.6467156727579
 20
383.8821215973444
 97
0
 75
0
 76
1
 98
0
  0
CIRCLE
  5
C7
330
17
100
AcDbEntity
  8
S-REBAR-MAIN
100
AcDbCircle
 10
82.5
 20
384.15
 30
0.0
 40
0.7
  0
HATCH
  5
C8
330
17
100
AcDbEntity
  8
S-REBAR-MAIN
 62
1
100
AcDbHatch
 10
0.0
 20
0.0
 30
0.0
210
0.0
220
0.0
230
1.0
  2
SOLID
 70
1
 71
0
 91
1
 92
3
 72
0
 73
1
 93
16
 10
83.2
 20
384.15
 10
83.1467156727579
 20
384.41787840265556
 10
82.99497474683058
 20
384.64497474683054
 10
82.76787840265557
 20
384.7967156727579
 10
82.5
 20
384.84999999999997
 10
82.23212159734443
 20
384.7967156727579
 10
82.00502525316942
 20
384.64497474683054
 10
81.8532843272421
 20
384.41787840265556
 10
81.8
 20
384.15
 10
81.8532843272421
 20
383.8821215973444
 10
82.00502525316942
 20
383.6550252531694
 10
82.23212159734443
 20
383.50328432724206
 10
82.5
 20
383.45
 10
82.76787840265557
 20
383.50328432724206
 10
82.99497474683058
 20
383.6550252531694
 10
83.1467156727579
 20
383.8821215973444
 97
0
 75
0
 76
1
 98
0
  0
CIRCLE
  5
C9
330
17
100
AcDbEntity
  8
S-REBAR-MAIN
100
AcDbCircle
 10
90.0
 20
384.15
 30
0.0
 40
0.7
  0
HATCH
  5
CA
330
17
100
AcDbEntity
  8
S-REBAR-MAIN
 62
1
100
AcDbHatch
 10
0.0
 20
0.0
 30
0.0
210
0.0
220
0.0
230
1.0
  2
SOLID
 70
1
 71
0
 91
1
 92
3
 72
0
 73
1
 93
16
 10
90.7
 20
384.15
 10
90.6467156727579
 20
384.41787840265556
 10
90.49497474683058
 20
384.64497474683054
 10
90.26787840265557
 20
384.7967156727579
 10
90.0
 20
384.84999999999997
 10
89.73212159734443
 20
384.7967156727579
 10
89.50502525316942
 20
384.64497474683054
 10
89.3532843272421
 20
384.41787840265556
 10
89.3
 20
384.15
 10
89.3532843272421
 20
383.8821215973444
 10
89.50502525316942
 20
383.6550252531694
 10
89.73212159734443
 20
383.50328432724206
 10
90.0
 20
383.45
 10
90.26787840265557
 20
383.50328432724206
 10
90.49497474683058
 20
383.6550252531694
 10
90.6467156727579
 20
383.8821215973444
 97
0
 75
0
 76
1
 98
0
  0
CIRCLE
  5
CB
330
17
100
AcDbEntity
  8
S-REBAR-MAIN
100
AcDbCircle
 10
97.5
 20
384.15
 30
0.0
 40
0.7
  0
HATCH
  5
CC
330
17
100
AcDbEntity
  8
S-REBAR-MAIN
 62
1
100
AcDbHatch
 10
0.0
 20
0.0
 30
0.0
210
0.0
220
0.0
230
1.0
  2
SOLID
 70
1
 71
0
 91
1
 92
3
 72
0
 73
1
 93
16
 10
98.2
 20
384.15
 10
98.1467156727579
 20
384.41787840265556
 10
97.99497474683058
 20
384.64497474683054
 10
97.76787840265557
 20
384.7967156727579
 10
97.5
 20
384.84999999999997
 10
97.23212159734443
 20
384.7967156727579
 10
97.00502525316942
 20
384.64497474683054
 10
96.8532843272421
 20
384.41787840265556
 10
96.8
 20
384.15
 10
96.8532843272421
 20
383.8821215973444
 10
97.00502525316942
 20
383.6550252531694
 10
97.23212159734443
 20
383.50328432724206
 10
97.5
 20
383.45
 10
97.76787840265557
 20
383.50328432724206
 10
97.99497474683058
 20
383.6550252531694
 10
98.1467156727579
 20
383.8821215973444
 97
0
 75
0
 76
1
 98
0
  0
CIRCLE
  5
CD
330
17
100
AcDbEntity
  8
S-REBAR-MAIN
100
AcDbCircle
 10
105.0
 20
384.15
 30
0.0
 40
0.7
  0
HATCH
  5
CE
330
17
100
AcDbEntity
  8
S-REBAR-MAIN
 62
1
100
AcDbHatch
 10
0.0
 20
0.0
 30
0.0
210
0.0
220
0.0
230
1.0
  2
SOLID
 70
1
 71
0
 91
1
 92
3
 72
0
 73
1
 93
16
 10
105.7
 20
384.15
 10
105.6467156727579
 20
384.41787840265556
 10
105.49497474683058
 20
384.64497474683054
 10
105.26787840265557
 20
384.7967156727579
 10
105.0
 20
384.84999999999997
 10
104.73212159734443
 20
384.7967156727579
 10
104.50502525316942
 20
384.64497474683054
 10
104.3532843272421
 20
384.41787840265556
 10
104.3
 20
384.15
 10
104.3532843272421
 20
383.8821215973444
 10
104.50502525316942
 20
383.6550252531694
 10
104.73212159734443
 20
383.50328432724206
 10
105.0
 20
383.45
 10
105.26787840265557
 20
383.50328432724206
 10
105.49497474683058
 20
383.6550252531694
 10
105.6467156727579
 20
383.8821215973444
 97
0
 75
0
 76
1
 98
0
  0
CIRCLE
  5
CF
330
17
100
AcDbEntity
  8
S-REBAR-MAIN
100
AcDbCircle
 10
112.5
 20
384.15
 30
0.0
 40
0.7
  0
HATCH
  5
D0
330
17
100
AcDbEntity
  8
S-REBAR-MAIN
 62
1
100
AcDbHatch
 10
0.0
 20
0.0
 30
0.0
210
0.0
220
0.0
230
1.0
  2
SOLID
 70
1
 71
0
 91
1
 92
3
 72
0
 73
1
 93
16
 10
113.2
 20
384.15
 10
113.1467156727579
 20
384.41787840265556
 10
112.99497474683058
 20
384.64497474683054
 10
112.76787840265557
 20
384.7967156727579
 10
112.5
 20
384.84999999999997
 10
112.23212159734443
 20
384.7967156727579
 10
112.00502525316942
 20
384.64497474683054
 10
111.8532843272421
 20
384.41787840265556
 10
111.8
 20
384.15
 10
111.8532843272421
 20
383.8821215973444
 10
112.00502525316942
 20
383.6550252531694
 10
112.23212159734443
 20
383.50328432724206
 10
112.5
 20
383.45
 10
112.76787840265557
 20
383.50328432724206
 10
112.99497474683058
 20
383.6550252531694
 10
113.1467156727579
 20
383.8821215973444
 97
0
 75
0
 76
1
 98
0
  0
CIRCLE
  5
D1
330
17
100
AcDbEntity
  8
S-REBAR-MAIN
100
AcDbCircle
 10
120.0
 20
384.15
 30
0.0
 40
0.7
  0
HATCH
  5
D2
330
17
100
AcDbEntity
  8
S-REBAR-MAIN
 62
1
100
AcDbHatch
 10
0.0
 20
0.0
 30
0.0
210
0.0
220
0.0
230
1.0
  2
SOLID
 70
1
 71
0
 91
1
 92
3
 72
0
 73
1
 93
16
 10
120.7
 20
384.15
 10
120.6467156727579
 20
384.41787840265556
 10
120.49497474683058
 20
384.64497474683054
 10
120.26787840265557
 20
384.7967156727579
 10
120.0
 20
384.84999999999997
 10
119.73212159734443
 20
384.7967156727579
 10
119.50502525316942
 20
384.64497474683054
 10
119.3532843272421
 20
384.41787840265556
 10
119.3
 20
384.15
 10
119.3532843272421
 20
383.8821215973444
 10
119.50502525316942
 20
383.6550252531694
 10
119.73212159734443
 20
383.50328432724206
 10
120.0
 20
383.45
 10
120.26787840265557
 20
383.50328432724206
 10
120.49497474683058
 20
383.6550252531694
 10
120.6467156727579
 20
383.8821215973444
 97
0
 75
0
 76
1
 98
0
  0
CIRCLE
  5
D3
330
17
100
AcDbEntity
  8
S-REBAR-MAIN
100
AcDbCircle
 10
127.5
 20
384.15
 30
0.0
 40
0.7
  0
HATCH
  5
D4
330
17
100
AcDbEntity
  8
S-REBAR-MAIN
 62
1
100
AcDbHatch
 10
0.0
 20
0.0
 30
0.0
210
0.0
220
0.0
230
1.0
  2
SOLID
 70
1
 71
0
 91
1
 92
3
 72
0
 73
1
 93
16
 10
128.2
 20
384.15
 10
128.1467156727579
 20
384.41787840265556
 10
127.99497474683058
 20
384.64497474683054
 10
127.76787840265557
 20
384.7967156727579
 10
127.5
 20
384.84999999999997
 10
127.23212159734443
 20
384.7967156727579
 10
127.00502525316942
 20
384.64497474683054
 10
126.8532843272421
 20
384.41787840265556
 10
126.8
 20
384.15
 10
126.8532843272421
 20
383.8821215973444
 10
127.00502525316942
 20
383.6550252531694
 10
127.23212159734443
 20
383.50328432724206
 10
127.5
 20
383.45
 10
127.76787840265557
 20
383.50328432724206
 10
127.99497474683058
 20
383.6550252531694
 10
128.1467156727579
 20
383.8821215973444
 97
0
 75
0
 76
1
 98
0
  0
CIRCLE
  5
D5
330
17
100
AcDbEntity
  8
S-REBAR-MAIN
100
AcDbCircle
 10
135.0
 20
384.15
 30
0.0
 40
0.7
  0
HATCH
  5
D6
330
17
100
AcDbEntity
  8
S-REBAR-MAIN
 62
1
100
AcDbHatch
 10
0.0
 20
0.0
 30
0.0
210
0.0
220
0.0
230
1.0
  2
SOLID
 70
1
 71
0
 91
1
 92
3
 72
0
 73
1
 93
16
 10
135.7
 20
384.15
 10
135.6467156727579
 20
384.41787840265556
 10
135.4949747468306
 20
384.64497474683054
 10
135.26787840265555
 20
384.7967156727579
 10
135.0
 20
384.84999999999997
 10
134.73212159734445
 20
384.7967156727579
 10
134.5050252531694
 20
384.64497474683054
 10
134.3532843272421
 20
384.41787840265556
 10
134.3
 20
384.15
 10
134.3532843272421
 20
383.8821215973444
 10
134.5050252531694
 20
383.6550252531694
 10
134.73212159734445
 20
383.50328432724206
 10
135.0
 20
383.45
 10
135.26787840265555
 20
383.50328432724206
 10
135.4949747468306
 20
383.6550252531694
 10
135.6467156727579
 20
383.8821215973444
 97
0
 75
0
 76
1
 98
0
  0
CIRCLE
  5
D7
330
17
100
AcDbEntity
  8
S-REBAR-MAIN
100
AcDbCircle
 10
142.5
 20
384.15
 30
0.0
 40
0.7
  0
HATCH
  5
D8
330
17
100
AcDbEntity
  8
S-REBAR-MAIN
 62
1
100
AcDbHatch
 10
0.0
 20
0.0
 30
0.0
210
0.0
220
0.0
230
1.0
  2
SOLID
 70
1
 71
0
 91
1
 92
3
 72
0
 73
1
 93
16
 10
143.2
 20
384.15
 10
143.1467156727579
 20
384.41787840265556
 10
142.9949747468306
 20
384.64497474683054
 10
142.76787840265555
 20
384.7967156727579
 10
142.5
 20
384.84999999999997
 10
142.23212159734445
 20
384.7967156727579
 10
142.0050252531694
 20
384.64497474683054
 10
141.8532843272421
 20
384.41787840265556
 10
141.8
 20
384.15
 10
141.8532843272421
 20
383.8821215973444
 10
142.0050252531694
 20
383.6550252531694
 10
142.23212159734445
 20
383.50328432724206
 10
142.5
 20
383.45
 10
142.76787840265555
 20
383.50328432724206
 10
142.9949747468306
 20
383.6550252531694
 10
143.1467156727579
 20
383.8821215973444
 97
0
 75
0
 76
1
 98
0
  0
CIRCLE
  5
D9
330
17
100
AcDbEntity
  8
S-REBAR-MAIN
100
AcDbCircle
 10
150.0
 20
384.15
 30
0.0
 40
0.7
  0
HATCH
  5
DA
330
17
100
AcDbEntity
  8
S-REBAR-MAIN
 62
1
100
AcDbHatch
 10
0.0
 20
0.0
 30
0.0
210
0.0
220
0.0
230
1.0
  2
SOLID
 70
1
 71
0
 91
1
 92
3
 72
0
 73
1
 93
16
 10
150.7
 20
384.15
 10
150.6467156727579
 20
384.41787840265556
 10
150.4949747468306
 20
384.64497474683054
 10
150.26787840265555
 20
384.7967156727579
 10
150.0
 20
384.84999999999997
 10
149.73212159734445
 20
384.7967156727579
 10
149.5050252531694
 20
384.64497474683054
 10
149.3532843272421
 20
384.41787840265556
 10
149.3
 20
384.15
 10
149.3532843272421
 20
383.8821215973444
 10
149.5050252531694
 20
383.6550252531694
 10
149.73212159734445
 20
383.50328432724206
 10
150.0
 20
383.45
 10
150.26787840265555
 20
383.50328432724206
 10
150.4949747468306
 20
383.6550252531694
 10
150.6467156727579
 20
383.8821215973444
 97
0
 75
0
 76
1
 98
0
  0
CIRCLE
  5
DB
330
17
100
AcDbEntity
  8
S-REBAR-MAIN
100
AcDbCircle
 10
157.5
 20
384.15
 30
0.0
 40
0.7
  0
HATCH
  5
DC
330
17
100
AcDbEntity
  8
S-REBAR-MAIN
 62
1
100
AcDbHatch
 10
0.0
 20
0.0
 30
0.0
210
0.0
220
0.0
230
1.0
  2
SOLID
 70
1
 71
0
 91
1
 92
3
 72
0
 73
1
 93
16
 10
158.2
 20
384.15
 10
158.1467156727579
 20
384.41787840265556
 10
157.9949747468306
 20
384.64497474683054
 10
157.76787840265555
 20
384.7967156727579
 10
157.5
 20
384.84999999999997
 10
157.23212159734445
 20
384.7967156727579
 10
157.0050252531694
 20
384.64497474683054
 10
156.8532843272421
 20
384.41787840265556
 10
156.8
 20
384.15
 10
156.8532843272421
 20
383.8821215973444
 10
157.0050252531694
 20
383.6550252531694
 10
157.23212159734445
 20
383.50328432724206
 10
157.5
 20
383.45
 10
157.76787840265555
 20
383.50328432724206
 10
157.9949747468306
 20
383.6550252531694
 10
158.1467156727579
 20
383.8821215973444
 97
0
 75
0
 76
1
 98
0
  0
CIRCLE
  5
DD
330
17
100
AcDbEntity
  8
S-REBAR-MAIN
100
AcDbCircle
 10
165.0
 20
384.15
 30
0.0
 40
0.7
  0
HATCH
  5
DE
330
17
100
AcDbEntity
  8
S-REBAR-MAIN
 62
1
100
AcDbHatch
 10
0.0
 20
0.0
 30
0.0
210
0.0
220
0.0
230
1.0
  2
SOLID
 70
1
 71
0
 91
1
 92
3
 72
0
 73
1
 93
16
 10
165.7
 20
384.15
 10
165.6467156727579
 20
384.41787840265556
 10
165.4949747468306
 20
384.64497474683054
 10
165.26787840265555
 20
384.7967156727579
 10
165.0
 20
384.84999999999997
 10
164.73212159734445
 20
384.7967156727579
 10
164.5050252531694
 20
384.64497474683054
 10
164.3532843272421
 20
384.41787840265556
 10
164.3
 20
384.15
 10
164.3532843272421
 20
383.8821215973444
 10
164.5050252531694
 20
383.6550252531694
 10
164.73212159734445
 20
383.50328432724206
 10
165.0
 20
383.45
 10
165.26787840265555
 20
383.50328432724206
 10
165.4949747468306
 20
383.6550252531694
 10
165.6467156727579
 20
383.8821215973444
 97
0
 75
0
 76
1
 98
0
  0
CIRCLE
  5
DF
330
17
100
AcDbEntity
  8
S-REBAR-MAIN
100
AcDbCircle
 10
172.5
 20
384.15
 30
0.0
 40
0.7
  0
HATCH
  5
E0
330
17
100
AcDbEntity
  8
S-REBAR-MAIN
 62
1
100
AcDbHatch
 10
0.0
 20
0.0
 30
0.0
210
0.0
220
0.0
230
1.0
  2
SOLID
 70
1
 71
0
 91
1
 92
3
 72
0
 73
1
 93
16
 10
173.2
 20
384.15
 10
173.1467156727579
 20
384.41787840265556
 10
172.9949747468306
 20
384.64497474683054
 10
172.76787840265555
 20
384.7967156727579
 10
172.5
 20
384.84999999999997
 10
172.23212159734445
 20
384.7967156727579
 10
172.0050252531694
 20
384.64497474683054
 10
171.8532843272421
 20
384.41787840265556
 10
171.8
 20
384.15
 10
171.8532843272421
 20
383.8821215973444
 10
172.0050252531694
 20
383.6550252531694
 10
172.23212159734445
 20
383.50328432724206
 10
172.5
 20
383.45
 10
172.76787840265555
 20
383.50328432724206
 10
172.9949747468306
 20
383.6550252531694
 10
173.1467156727579
 20
383.8821215973444
 97
0
 75
0
 76
1
 98
0
  0
CIRCLE
  5
E1
330
17
100
AcDbEntity
  8
S-REBAR-MAIN
100
AcDbCircle
 10
180.0
 20
384.15
 30
0.0
 40
0.7
  0
HATCH
  5
E2
330
17
100
AcDbEntity
  8
S-REBAR-MAIN
 62
1
100
AcDbHatch
 10
0.0
 20
0.0
 30
0.0
210
0.0
220
0.0
230
1.0
  2
SOLID
 70
1
 71
0
 91
1
 92
3
 72
0
 73
1
 93
16
 10
180.7
 20
384.15
 10
180.6467156727579
 20
384.41787840265556
 10
180.4949747468306
 20
384.64497474683054
 10
180.26787840265555
 20
384.7967156727579
 10
180.0
 20
384.84999999999997
 10
179.73212159734445
 20
384.7967156727579
 10
179.5050252531694
 20
384.64497474683054
 10
179.3532843272421
 20
384.41787840265556
 10
179.3
 20
384.15
 10
179.3532843272421
 20
383.8821215973444
 10
179.5050252531694
 20
383.6550252531694
 10
179.73212159734445
 20
383.50328432724206
 10
180.0
 20
383.45
 10
180.26787840265555
 20
383.50328432724206
 10
180.4949747468306
 20
383.6550252531694
 10
180.6467156727579
 20
383.8821215973444
 97
0
 75
0
 76
1
 98
0
  0
CIRCLE
  5
E3
330
17
100
AcDbEntity
  8
S-REBAR-MAIN
100
AcDbCircle
 10
187.5
 20
384.15
 30
0.0
 40
0.7
  0
HATCH
  5
E4
330
17
100
AcDbEntity
  8
S-REBAR-MAIN
 62
1
100
AcDbHatch
 10
0.0
 20
0.0
 30
0.0
210
0.0
220
0.0
230
1.0
  2
SOLID
 70
1
 71
0
 91
1
 92
3
 72
0
 73
1
 93
16
 10
188.2
 20
384.15
 10
188.1467156727579
 20
384.41787840265556
 10
187.9949747468306
 20
384.64497474683054
 10
187.76787840265555
 20
384.7967156727579
 10
187.5
 20
384.84999999999997
 10
187.23212159734445
 20
384.7967156727579
 10
187.0050252531694
 20
384.64497474683054
 10
186.8532843272421
 20
384.41787840265556
 10
186.8
 20
384.15
 10
186.8532843272421
 20
383.8821215973444
 10
187.0050252531694
 20
383.6550252531694
 10
187.23212159734445
 20
383.50328432724206
 10
187.5
 20
383.45
 10
187.76787840265555
 20
383.50328432724206
 10
187.9949747468306
 20
383.6550252531694
 10
188.1467156727579
 20
383.8821215973444
 97
0
 75
0
 76
1
 98
0
  0
CIRCLE
  5
E5
330
17
100
AcDbEntity
  8
S-REBAR-MAIN
100
AcDbCircle
 10
195.0
 20
384.15
 30
0.0
 40
0.7
  0
HATCH
  5
E6
330
17
100
AcDbEntity
  8
S-REBAR-MAIN
 62
1
100
AcDbHatch
 10
0.0
 20
0.0
 30
0.0
210
0.0
220
0.0
230
1.0
  2
SOLID
 70
1
 71
0
 91
1
 92
3
 72
0
 73
1
 93
16
 10
195.7
 20
384.15
 10
195.6467156727579
 20
384.41787840265556
 10
195.4949747468306
 20
384.64497474683054
 10
195.26787840265555
 20
384.7967156727579
 10
195.0
 20
384.84999999999997
 10
194.73212159734445
 20
384.7967156727579
 10
194.5050252531694
 20
384.64497474683054
 10
194.3532843272421
 20
384.41787840265556
 10
194.3
 20
384.15
 10
194.3532843272421
 20
383.8821215973444
 10
194.5050252531694
 20
383.6550252531694
 10
194.73212159734445
 20
383.50328432724206
 10
195.0
 20
383.45
 10
195.26787840265555
 20
383.50328432724206
 10
195.4949747468306
 20
383.6550252531694
 10
195.6467156727579
 20
383.8821215973444
 97
0
 75
0
 76
1
 98
0
  0
CIRCLE
  5
E7
330
17
100
AcDbEntity
  8
S-REBAR-MAIN
100
AcDbCircle
 10
202.5
 20
384.15
 30
0.0
 40
0.7
  0
HATCH
  5
E8
330
17
100
AcDbEntity
  8
S-REBAR-MAIN
 62
1
100
AcDbHatch
 10
0.0
 20
0.0
 30
0.0
210
0.0
220
0.0
230
1.0
  2
SOLID
 70
1
 71
0
 91
1
 92
3
 72
0
 73
1
 93
16
 10
203.2
 20
384.15
 10
203.1467156727579
 20
384.41787840265556
 10
202.9949747468306
 20
384.64497474683054
 10
202.76787840265555
 20
384.7967156727579
 10
202.5
 20
384.84999999999997
 10
202.23212159734445
 20
384.7967156727579
 10
202.0050252531694
 20
384.64497474683054
 10
201.8532843272421
 20
384.41787840265556
 10
201.8
 20
384.15
 10
201.8532843272421
 20
383.8821215973444
 10
202.0050252531694
 20
383.6550252531694
 10
202.23212159734445
 20
383.50328432724206
 10
202.5
 20
383.45
 10
202.76787840265555
 20
383.50328432724206
 10
202.9949747468306
 20
383.6550252531694
 10
203.1467156727579
 20
383.8821215973444
 97
0
 75
0
 76
1
 98
0
  0
CIRCLE
  5
E9
330
17
100
AcDbEntity
  8
S-REBAR-MAIN
100
AcDbCircle
 10
67.5
 20
407.6
 30
0.0
 40
0.7
  0
HATCH
  5
EA
330
17
100
AcDbEntity
  8
S-REBAR-MAIN
 62
1
100
AcDbHatch
 10
0.0
 20
0.0
 30
0.0
210
0.0
220
0.0
230
1.0
  2
SOLID
 70
1
 71
0
 91
1
 92
3
 72
0
 73
1
 93
16
 10
68.2
 20
407.6
 10
68.1467156727579
 20
407.8678784026556
 10
67.99497474683058
 20
408.0949747468306
 10
67.76787840265557
 20
408.24671567275794
 10
67.5
 20
408.3
 10
67.23212159734443
 20
408.24671567275794
 10
67.00502525316942
 20
408.0949747468306
 10
66.8532843272421
 20
407.8678784026556
 10
66.8
 20
407.6
 10
66.8532843272421
 20
407.33212159734444
 10
67.00502525316942
 20
407.10502525316946
 10
67.23212159734443
 20
406.9532843272421
 10
67.5
 20
406.90000000000003
 10
67.76787840265557
 20
406.9532843272421
 10
67.99497474683058
 20
407.10502525316946
 10
68.1467156727579
 20
407.33212159734444
 97
0
 75
0
 76
1
 98
0
  0
CIRCLE
  5
EB
330
17
100
AcDbEntity
  8
S-REBAR-MAIN
100
AcDbCircle
 10
75.0
 20
407.6
 30
0.0
 40
0.7
  0
HATCH
  5
EC
330
17
100
AcDbEntity
  8
S-REBAR-MAIN
 62
1
100
AcDbHatch
 10
0.0
 20
0.0
 30
0.0
210
0.0
220
0.0
230
1.0
  2
SOLID
 70
1
 71
0
 91
1
 92
3
 72
0
 73
1
 93
16
 10
75.7
 20
407.6
 10
75.6467156727579
 20
407.8678784026556
 10
75.49497474683058
 20
408.0949747468306
 10
75.26787840265557
 20
408.24671567275794
 10
75.0
 20
408.3
 10
74.73212159734443
 20
408.24671567275794
 10
74.50502525316942
 20
408.0949747468306
 10
74.3532843272421
 20
407.8678784026556
 10
74.3
 20
407.6
 10
74.3532843272421
 20
407.33212159734444
 10
74.50502525316942
 20
407.10502525316946
 10
74.73212159734443
 20
406.9532843272421
 10
75.0
 20
406.90000000000003
 10
75.26787840265557
 20
406.9532843272421
 10
75.49497474683058
 20
407.10502525316946
 10
75.6467156727579
 20
407.33212159734444
 97
0
 75
0
 76
1
 98
0
  0
CIRCLE
  5
ED
330
17
100
AcDbEntity
  8
S-REBAR-MAIN
100
AcDbCircle
 10
82.5
 20
407.6
 30
0.0
 40
0.7
  0
HATCH
  5
EE
330
17
100
AcDbEntity
  8
S-REBAR-MAIN
 62
1
100
AcDbHatch
 10
0.0
 20
0.0
 30
0.0
210
0.0
220
0.0
230
1.0
  2
SOLID
 70
1
 71
0
 91
1
 92
3
 72
0
 73
1
 93
16
 10
83.2
 20
407.6
 10
83.1467156727579
 20
407.8678784026556
 10
82.99497474683058
 20
408.0949747468306
 10
82.76787840265557
 20
408.24671567275794
 10
82.5
 20
408.3
 10
82.23212159734443
 20
408.24671567275794
 10
82.00502525316942
 20
408.0949747468306
 10
81.8532843272421
 20
407.8678784026556
 10
81.8
 20
407.6
 10
81.8532843272421
 20
407.33212159734444
 10
82.00502525316942
 20
407.10502525316946
 10
82.23212159734443
 20
406.9532843272421
 10
82.5
 20
406.90000000000003
 10
82.76787840265557
 20
406.9532843272421
 10
82.99497474683058
 20
407.10502525316946
 10
83.1467156727579
 20
407.33212159734444
 97
0
 75
0
 76
1
 98
0
  0
CIRCLE
  5
EF
330
17
100
AcDbEntity
  8
S-REBAR-MAIN
100
AcDbCircle
 10
90.0
 20
407.6
 30
0.0
 40
0.7
  0
HATCH
  5
F0
330
17
100
AcDbEntity
  8
S-REBAR-MAIN
 62
1
100
AcDbHatch
 10
0.0
 20
0.0
 30
0.0
210
0.0
220
0.0
230
1.0
  2
SOLID
 70
1
 71
0
 91
1
 92
3
 72
0
 73
1
 93
16
 10
90.7
 20
407.6
 10
90.6467156727579
 20
407.8678784026556
 10
90.49497474683058
 20
408.0949747468306
 10
90.26787840265557
 20
408.24671567275794
 10
90.0
 20
408.3
 10
89.73212159734443
 20
408.24671567275794
 10
89.50502525316942
 20
408.0949747468306
 10
89.3532843272421
 20
407.8678784026556
 10
89.3
 20
407.6
 10
89.3532843272421
 20
407.33212159734444
 10
89.50502525316942
 20
407.10502525316946
 10
89.73212159734443
 20
406.9532843272421
 10
90.0
 20
406.90000000000003
 10
90.26787840265557
 20
406.9532843272421
 10
90.49497474683058
 20
407.10502525316946
 10
90.6467156727579
 20
407.33212159734444
 97
0
 75
0
 76
1
 98
0
  0
CIRCLE
  5
F1
330
17
100
AcDbEntity
  8
S-REBAR-MAIN
100
AcDbCircle
 10
97.5
 20
407.6
 30
0.0
 40
0.7
  0
HATCH
  5
F2
330
17
100
AcDbEntity
  8
S-REBAR-MAIN
 62
1
100
AcDbHatch
 10
0.0
 20
0.0
 30
0.0
210
0.0
220
0.0
230
1.0
  2
SOLID
 70
1
 71
0
 91
1
 92
3
 72
0
 73
1
 93
16
 10
98.2
 20
407.6
 10
98.1467156727579
 20
407.8678784026556
 10
97.99497474683058
 20
408.0949747468306
 10
97.76787840265557
 20
408.24671567275794
 10
97.5
 20
408.3
 10
97.23212159734443
 20
408.24671567275794
 10
97.00502525316942
 20
408.0949747468306
 10
96.8532843272421
 20
407.8678784026556
 10
96.8
 20
407.6
 10
96.8532843272421
 20
407.33212159734444
 10
97.00502525316942
 20
407.10502525316946
 10
97.23212159734443
 20
406.9532843272421
 10
97.5
 20
406.90000000000003
 10
97.76787840265557
 20
406.9532843272421
 10
97.99497474683058
 20
407.10502525316946
 10
98.1467156727579
 20
407.33212159734444
 97
0
 75
0
 76
1
 98
0
  0
CIRCLE
  5
F3
330
17
100
AcDbEntity
  8
S-REBAR-MAIN
100
AcDbCircle
 10
105.0
 20
407.6
 30
0.0
 40
0.7
  0
HATCH
  5
F4
330
17
100
AcDbEntity
  8
S-REBAR-MAIN
 62
1
100
AcDbHatch
 10
0.0
 20
0.0
 30
0.0
210
0.0
220
0.0
230
1.0
  2
SOLID
 70
1
 71
0
 91
1
 92
3
 72
0
 73
1
 93
16
 10
105.7
 20
407.6
 10
105.6467156727579
 20
407.8678784026556
 10
105.49497474683058
 20
408.0949747468306
 10
105.26787840265557
 20
408.24671567275794
 10
105.0
 20
408.3
 10
104.73212159734443
 20
408.24671567275794
 10
104.50502525316942
 20
408.0949747468306
 10
104.3532843272421
 20
407.8678784026556
 10
104.3
 20
407.6
 10
104.3532843272421
 20
407.33212159734444
 10
104.50502525316942
 20
407.10502525316946
 10
104.73212159734443
 20
406.9532843272421
 10
105.0
 20
406.90000000000003
 10
105.26787840265557
 20
406.9532843272421
 10
105.49497474683058
 20
407.10502525316946
 10
105.6467156727579
 20
407.33212159734444
 97
0
 75
0
 76
1
 98
0
  0
CIRCLE
  5
F5
330
17
100
AcDbEntity
  8
S-REBAR-MAIN
100
AcDbCircle
 10
112.5
 20
407.6
 30
0.0
 40
0.7
  0
HATCH
  5
F6
330
17
100
AcDbEntity
  8
S-REBAR-MAIN
 62
1
100
AcDbHatch
 10
0.0
 20
0.0
 30
0.0
210
0.0
220
0.0
230
1.0
  2
SOLID
 70
1
 71
0
 91
1
 92
3
 72
0
 73
1
 93
16
 10
113.2
 20
407.6
 10
113.1467156727579
 20
407.8678784026556
 10
112.99497474683058
 20
408.0949747468306
 10
112.76787840265557
 20
408.24671567275794
 10
112.5
 20
408.3
 10
112.23212159734443
 20
408.24671567275794
 10
112.00502525316942
 20
408.0949747468306
 10
111.8532843272421
 20
407.8678784026556
 10
111.8
 20
407.6
 10
111.8532843272421
 20
407.33212159734444
 10
112.00502525316942
 20
407.10502525316946
 10
112.23212159734443
 20
406.9532843272421
 10
112.5
 20
406.90000000000003
 10
112.76787840265557
 20
406.9532843272421
 10
112.99497474683058
 20
407.10502525316946
 10
113.1467156727579
 20
407.33212159734444
 97
0
 75
0
 76
1
 98
0
  0
CIRCLE
  5
F7
330
17
100
AcDbEntity
  8
S-REBAR-MAIN
100
AcDbCircle
 10
120.0
 20
407.6
 30
0.0
 40
0.7
  0
HATCH
  5
F8
330
17
100
AcDbEntity
  8
S-REBAR-MAIN
 62
1
100
AcDbHatch
 10
0.0
 20
0.0
 30
0.0
210
0.0
220
0.0
230
1.0
  2
SOLID
 70
1
 71
0
 91
1
 92
3
 72
0
 73
1
 93
16
 10
120.7
 20
407.6
 10
120.6467156727579
 20
407.8678784026556
 10
120.49497474683058
 20
408.0949747468306
 10
120.26787840265557
 20
408.24671567275794
 10
120.0
 20
408.3
 10
119.73212159734443
 20
408.24671567275794
 10
119.50502525316942
 20
408.0949747468306
 10
119.3532843272421
 20
407.8678784026556
 10
119.3
 20
407.6
 10
119.3532843272421
 20
407.33212159734444
 10
119.50502525316942
 20
407.10502525316946
 10
119.73212159734443
 20
406.9532843272421
 10
120.0
 20
406.90000000000003
 10
120.26787840265557
 20
406.9532843272421
 10
120.49497474683058
 20
407.10502525316946
 10
120.6467156727579
 20
407.33212159734444
 97
0
 75
0
 76
1
 98
0
  0
CIRCLE
  5
F9
330
17
100
AcDbEntity
  8
S-REBAR-MAIN
100
AcDbCircle
 10
127.5
 20
407.6
 30
0.0
 40
0.7
  0
HATCH
  5
FA
330
17
100
AcDbEntity
  8
S-REBAR-MAIN
 62
1
100
AcDbHatch
 10
0.0
 20
0.0
 30
0.0
210
0.0
220
0.0
230
1.0
  2
SOLID
 70
1
 71
0
 91
1
 92
3
 72
0
 73
1
 93
16
 10
128.2
 20
407.6
 10
128.1467156727579
 20
407.8678784026556
 10
127.99497474683058
 20
408.0949747468306
 10
127.76787840265557
 20
408.24671567275794
 10
127.5
 20
408.3
 10
127.23212159734443
 20
408.24671567275794
 10
127.00502525316942
 20
408.0949747468306
 10
126.8532843272421
 20
407.8678784026556
 10
126.8
 20
407.6
 10
126.8532843272421
 20
407.33212159734444
 10
127.00502525316942
 20
407.10502525316946
 10
127.23212159734443
 20
406.9532843272421
 10
127.5
 20
406.90000000000003
 10
127.76787840265557
 20
406.9532843272421
 10
127.99497474683058
 20
407.10502525316946
 10
128.1467156727579
 20
407.33212159734444
 97
0
 75
0
 76
1
 98
0
  0
CIRCLE
  5
FB
330
17
100
AcDbEntity
  8
S-REBAR-MAIN
100
AcDbCircle
 10
135.0
 20
407.6
 30
0.0
 40
0.7
  0
HATCH
  5
FC
330
17
100
AcDbEntity
  8
S-REBAR-MAIN
 62
1
100
AcDbHatch
 10
0.0
 20
0.0
 30
0.0
210
0.0
220
0.0
230
1.0
  2
SOLID
 70
1
 71
0
 91
1
 92
3
 72
0
 73
1
 93
16
 10
135.7
 20
407.6
 10
135.6467156727579
 20
407.8678784026556
 10
135.4949747468306
 20
408.0949747468306
 10
135.26787840265555
 20
408.24671567275794
 10
135.0
 20
408.3
 10
134.73212159734445
 20
408.24671567275794
 10
134.5050252531694
 20
408.0949747468306
 10
134.3532843272421
 20
407.8678784026556
 10
134.3
 20
407.6
 10
134.3532843272421
 20
407.33212159734444
 10
134.5050252531694
 20
407.10502525316946
 10
134.73212159734445
 20
406.9532843272421
 10
135.0
 20
406.90000000000003
 10
135.26787840265555
 20
406.9532843272421
 10
135.4949747468306
 20
407.10502525316946
 10
135.6467156727579
 20
407.33212159734444
 97
0
 75
0
 76
1
 98
0
  0
CIRCLE
  5
FD
330
17
100
AcDbEntity
  8
S-REBAR-MAIN
100
AcDbCircle
 10
142.5
 20
407.6
 30
0.0
 40
0.7
  0
HATCH
  5
FE
330
17
100
AcDbEntity
  8
S-REBAR-MAIN
 62
1
100
AcDbHatch
 10
0.0
 20
0.0
 30
0.0
210
0.0
220
0.0
230
1.0
  2
SOLID
 70
1
 71
0
 91
1
 92
3
 72
0
 73
1
 93
16
 10
143.2
 20
407.6
 10
143.1467156727579
 20
407.8678784026556
 10
142.9949747468306
 20
408.0949747468306
 10
142.76787840265555
 20
408.24671567275794
 10
142.5
 20
408.3
 10
142.23212159734445
 20
408.24671567275794
 10
142.0050252531694
 20
408.0949747468306
 10
141.8532843272421
 20
407.8678784026556
 10
141.8
 20
407.6
 10
141.8532843272421
 20
407.33212159734444
 10
142.0050252531694
 20
407.10502525316946
 10
142.23212159734445
 20
406.9532843272421
 10
142.5
 20
406.90000000000003
 10
142.76787840265555
 20
406.9532843272421
 10
142.9949747468306
 20
407.10502525316946
 10
143.1467156727579
 20
407.33212159734444
 97
0
 75
0
 76
1
 98
0
  0
CIRCLE
  5
FF
330
17
100
AcDbEntity
  8
S-REBAR-MAIN
100
AcDbCircle
 10
150.0
 20
407.6
 30
0.0
 40
0.7
  0
HATCH
  5
100
330
17
100
AcDbEntity
  8
S-REBAR-MAIN
 62
1
100
AcDbHatch
 10
0.0
 20
0.0
 30
0.0
210
0.0
220
0.0
230
1.0
  2
SOLID
 70
1
 71
0
 91
1
 92
3
 72
0
 73
1
 93
16
 10
150.7
 20
407.6
 10
150.6467156727579
 20
407.8678784026556
 10
150.4949747468306
 20
408.0949747468306
 10
150.26787840265555
 20
408.24671567275794
 10
150.0
 20
408.3
 10
149.73212159734445
 20
408.24671567275794
 10
149.5050252531694
 20
408.0949747468306
 10
149.3532843272421
 20
407.8678784026556
 10
149.3
 20
407.6
 10
149.3532843272421
 20
407.33212159734444
 10
149.5050252531694
 20
407.10502525316946
 10
149.73212159734445
 20
406.9532843272421
 10
150.0
 20
406.90000000000003
 10
150.26787840265555
 20
406.9532843272421
 10
150.4949747468306
 20
407.10502525316946
 10
150.6467156727579
 20
407.33212159734444
 97
0
 75
0
 76
1
 98
0
  0
CIRCLE
  5
101
330
17
100
AcDbEntity
  8
S-REBAR-MAIN
100
AcDbCircle
 10
157.5
 20
407.6
 30
0.0
 40
0.7
  0
HATCH
  5
102
330
17
100
AcDbEntity
  8
S-REBAR-MAIN
 62
1
100
AcDbHatch
 10
0.0
 20
0.0
 30
0.0
210
0.0
220
0.0
230
1.0
  2
SOLID
 70
1
 71
0
 91
1
 92
3
 72
0
 73
1
 93
16
 10
158.2
 20
407.6
 10
158.1467156727579
 20
407.8678784026556
 10
157.9949747468306
 20
408.0949747468306
 10
157.76787840265555
 20
408.24671567275794
 10
157.5
 20
408.3
 10
157.23212159734445
 20
408.24671567275794
 10
157.0050252531694
 20
408.0949747468306
 10
156.8532843272421
 20
407.8678784026556
 10
156.8
 20
407.6
 10
156.8532843272421
 20
407.33212159734444
 10
157.0050252531694
 20
407.10502525316946
 10
157.23212159734445
 20
406.9532843272421
 10
157.5
 20
406.90000000000003
 10
157.76787840265555
 20
406.9532843272421
 10
157.9949747468306
 20
407.10502525316946
 10
158.1467156727579
 20
407.33212159734444
 97
0
 75
0
 76
1
 98
0
  0
CIRCLE
  5
103
330
17
100
AcDbEntity
  8
S-REBAR-MAIN
100
AcDbCircle
 10
165.0
 20
407.6
 30
0.0
 40
0.7
  0
HATCH
  5
104
330
17
100
AcDbEntity
  8
S-REBAR-MAIN
 62
1
100
AcDbHatch
 10
0.0
 20
0.0
 30
0.0
210
0.0
220
0.0
230
1.0
  2
SOLID
 70
1
 71
0
 91
1
 92
3
 72
0
 73
1
 93
16
 10
165.7
 20
407.6
 10
165.6467156727579
 20
407.8678784026556
 10
165.4949747468306
 20
408.0949747468306
 10
165.26787840265555
 20
408.24671567275794
 10
165.0
 20
408.3
 10
164.73212159734445
 20
408.24671567275794
 10
164.5050252531694
 20
408.0949747468306
 10
164.3532843272421
 20
407.8678784026556
 10
164.3
 20
407.6
 10
164.3532843272421
 20
407.33212159734444
 10
164.5050252531694
 20
407.10502525316946
 10
164.73212159734445
 20
406.9532843272421
 10
165.0
 20
406.90000000000003
 10
165.26787840265555
 20
406.9532843272421
 10
165.4949747468306
 20
407.10502525316946
 10
165.6467156727579
 20
407.33212159734444
 97
0
 75
0
 76
1
 98
0
  0
CIRCLE
  5
105
330
17
100
AcDbEntity
  8
S-REBAR-MAIN
100
AcDbCircle
 10
172.5
 20
407.6
 30
0.0
 40
0.7
  0
HATCH
  5
106
330
17
100
AcDbEntity
  8
S-REBAR-MAIN
 62
1
100
AcDbHatch
 10
0.0
 20
0.0
 30
0.0
210
0.0
220
0.0
230
1.0
  2
SOLID
 70
1
 71
0
 91
1
 92
3
 72
0
 73
1
 93
16
 10
173.2
 20
407.6
 10
173.1467156727579
 20
407.8678784026556
 10
172.9949747468306
 20
408.0949747468306
 10
172.76787840265555
 20
408.24671567275794
 10
172.5
 20
408.3
 10
172.23212159734445
 20
408.24671567275794
 10
172.0050252531694
 20
408.0949747468306
 10
171.8532843272421
 20
407.8678784026556
 10
171.8
 20
407.6
 10
171.8532843272421
 20
407.33212159734444
 10
172.0050252531694
 20
407.10502525316946
 10
172.23212159734445
 20
406.9532843272421
 10
172.5
 20
406.90000000000003
 10
172.76787840265555
 20
406.9532843272421
 10
172.9949747468306
 20
407.10502525316946
 10
173.1467156727579
 20
407.33212159734444
 97
0
 75
0
 76
1
 98
0
  0
CIRCLE
  5
107
330
17
100
AcDbEntity
  8
S-REBAR-MAIN
100
AcDbCircle
 10
180.0
 20
407.6
 30
0.0
 40
0.7
  0
HATCH
  5
108
330
17
100
AcDbEntity
  8
S-REBAR-MAIN
 62
1
100
AcDbHatch
 10
0.0
 20
0.0
 30
0.0
210
0.0
220
0.0
230
1.0
  2
SOLID
 70
1
 71
0
 91
1
 92
3
 72
0
 73
1
 93
16
 10
180.7
 20
407.6
 10
180.6467156727579
 20
407.8678784026556
 10
180.4949747468306
 20
408.0949747468306
 10
180.26787840265555
 20
408.24671567275794
 10
180.0
 20
408.3
 10
179.73212159734445
 20
408.24671567275794
 10
179.5050252531694
 20
408.0949747468306
 10
179.3532843272421
 20
407.8678784026556
 10
179.3
 20
407.6
 10
179.3532843272421
 20
407.33212159734444
 10
179.5050252531694
 20
407.10502525316946
 10
179.73212159734445
 20
406.9532843272421
 10
180.0
 20
406.90000000000003
 10
180.26787840265555
 20
406.9532843272421
 10
180.4949747468306
 20
407.10502525316946
 10
180.6467156727579
 20
407.33212159734444
 97
0
 75
0
 76
1
 98
0
  0
CIRCLE
  5
109
330
17
100
AcDbEntity
  8
S-REBAR-MAIN
100
AcDbCircle
 10
187.5
 20
407.6
 30
0.0
 40
0.7
  0
HATCH
  5
10A
330
17
100
AcDbEntity
  8
S-REBAR-MAIN
 62
1
100
AcDbHatch
 10
0.0
 20
0.0
 30
0.0
210
0.0
220
0.0
230
1.0
  2
SOLID
 70
1
 71
0
 91
1
 92
3
 72
0
 73
1
 93
16
 10
188.2
 20
407.6
 10
188.1467156727579
 20
407.8678784026556
 10
187.9949747468306
 20
408.0949747468306
 10
187.76787840265555
 20
408.24671567275794
 10
187.5
 20
408.3
 10
187.23212159734445
 20
408.24671567275794
 10
187.0050252531694
 20
408.0949747468306
 10
186.8532843272421
 20
407.8678784026556
 10
186.8
 20
407.6
 10
186.8532843272421
 20
407.33212159734444
 10
187.0050252531694
 20
407.10502525316946
 10
187.23212159734445
 20
406.9532843272421
 10
187.5
 20
406.90000000000003
 10
187.76787840265555
 20
406.9532843272421
 10
187.9949747468306
 20
407.10502525316946
 10
188.1467156727579
 20
407.33212159734444
 97
0
 75
0
 76
1
 98
0
  0
CIRCLE
  5
10B
330
17
100
AcDbEntity
  8
S-REBAR-MAIN
100
AcDbCircle
 10
195.0
 20
407.6
 30
0.0
 40
0.7
  0
HATCH
  5
10C
330
17
100
AcDbEntity
  8
S-REBAR-MAIN
 62
1
100
AcDbHatch
 10
0.0
 20
0.0
 30
0.0
210
0.0
220
0.0
230
1.0
  2
SOLID
 70
1
 71
0
 91
1
 92
3
 72
0
 73
1
 93
16
 10
195.7
 20
407.6
 10
195.6467156727579
 20
407.8678784026556
 10
195.4949747468306
 20
408.0949747468306
 10
195.26787840265555
 20
408.24671567275794
 10
195.0
 20
408.3
 10
194.73212159734445
 20
408.24671567275794
 10
194.5050252531694
 20
408.0949747468306
 10
194.3532843272421
 20
407.8678784026556
 10
194.3
 20
407.6
 10
194.3532843272421
 20
407.33212159734444
 10
194.5050252531694
 20
407.10502525316946
 10
194.73212159734445
 20
406.9532843272421
 10
195.0
 20
406.90000000000003
 10
195.26787840265555
 20
406.9532843272421
 10
195.4949747468306
 20
407.10502525316946
 10
195.6467156727579
 20
407.33212159734444
 97
0
 75
0
 76
1
 98
0
  0
CIRCLE
  5
10D
330
17
100
AcDbEntity
  8
S-REBAR-MAIN
100
AcDbCircle
 10
202.5
 20
407.6
 30
0.0
 40
0.7
  0
HATCH
  5
10E
330
17
100
AcDbEntity
  8
S-REBAR-MAIN
 62
1
100
AcDbHatch
 10
0.0
 20
0.0
 30
0.0
210
0.0
220
0.0
230
1.0
  2
SOLID
 70
1
 71
0
 91
1
 92
3
 72
0
 73
1
 93
16
 10
203.2
 20
407.6
 10
203.1467156727579
 20
407.8678784026556
 10
202.9949747468306
 20
408.0949747468306
 10
202.76787840265555
 20
408.24671567275794
 10
202.5
 20
408.3
 10
202.23212159734445
 20
408.24671567275794
 10
202.0050252531694
 20
408.0949747468306
 10
201.8532843272421
 20
407.8678784026556
 10
201.8
 20
407.6
 10
201.8532843272421
 20
407.33212159734444
 10
202.0050252531694
 20
407.10502525316946
 10
202.23212159734445
 20
406.9532843272421
 10
202.5
 20
406.90000000000003
 10
202.76787840265555
 20
406.9532843272421
 10
202.9949747468306
 20
407.10502525316946
 10
203.1467156727579
 20
407.33212159734444
 97
0
 75
0
 76
1
 98
0
  0
LINE
  5
10F
330
17
100
AcDbEntity
  8
S-REBAR-MAIN
100
AcDbLine
 10
63.75
 20
384.15
 30
0.0
 11
207.5
 21
384.15
 31
0.0
  0
LINE
  5
110
330
17
100
AcDbEntity
  8
S-REBAR-MAIN
100
AcDbLine
 10
63.75
 20
407.6
 30
0.0
 11
207.5
 21
407.6
 31
0.0
  0
LWPOLYLINE
  5
111
330
17
100
AcDbEntity
  8
S-REBAR-STIRRUP
100
AcDbPolyline
 90
4
 70
1
 10
67.0
 20
383.75
 10
73.0
 20
383.75
 10
73.0
 20
408.0
 10
67.0
 20
408.0
  0
LWPOLYLINE
  5
112
330
17
100
AcDbEntity
  8
S-REBAR-STIRRUP
100
AcDbPolyline
 90
4
 70
1
 10
79.5
 20
383.75
 10
85.5
 20
383.75
 10
85.5
 20
408.0
 10
79.5
 20
408.0
  0
LWPOLYLINE
  5
113
330
17
100
AcDbEntity
  8
S-REBAR-STIRRUP
100
AcDbPolyline
 90
4
 70
1
 10
92.0
 20
383.75
 10
98.0
 20
383.75
 10
98.0
 20
408.0
 10
92.0
 20
408.0
  0
LWPOLYLINE
  5
114
330
17
100
AcDbEntity
  8
S-REBAR-STIRRUP
100
AcDbPolyline
 90
4
 70
1
 10
104.5
 20
383.75
 10
110.5
 20
383.75
 10
110.5
 20
408.0
 10
104.5
 20
408.0
  0
LWPOLYLINE
  5
115
330
17
100
AcDbEntity
  8
S-REBAR-STIRRUP
100
AcDbPolyline
 90
4
 70
1
 10
117.0
 20
383.75
 10
123.0
 20
383.75
 10
123.0
 20
408.0
 10
117.0
 20
408.0
  0
LWPOLYLINE
  5
116
330
17
100
AcDbEntity
  8
S-REBAR-STIRRUP
100
AcDbPolyline
 90
4
 70
1
 10
129.5
 20
383.75
 10
135.5
 20
383.75
 10
135.5
 20
408.0
 10
129.5
 20
408.0
  0
LWPOLYLINE
  5
117
330
17
100
AcDbEntity
  8
S-REBAR-STIRRUP
100
AcDbPolyline
 90
4
 70
1
 10
142.0
 20
383.75
 10
148.0
 20
383.75
 10
148.0
 20
408.0
 10
142.0
 20
408.0
  0
LWPOLYLINE
  5
118
330
17
100
AcDbEntity
  8
S-REBAR-STIRRUP
100
AcDbPolyline
 90
4
 70
1
 10
154.5
 20
383.75
 10
160.5
 20
383.75
 10
160.5
 20
408.0
 10
154.5
 20
408.0
  0
LWPOLYLINE
  5
119
330
17
100
AcDbEntity
  8
S-REBAR-STIRRUP
100
AcDbPolyline
 90
4
 70
1
 10
167.0
 20
383.75
 10
173.0
 20
383.75
 10
173.0
 20
408.0
 10
167.0
 20
408.0
  0
LWPOLYLINE
  5
11A
330
17
100
AcDbEntity
  8
S-REBAR-STIRRUP
100
AcDbPolyline
 90
4
 70
1
 10
179.5
 20
383.75
 10
185.5
 20
383.75
 10
185.5
 20
408.0
 10
179.5
 20
408.0
  0
LWPOLYLINE
  5
11B
330
17
100
AcDbEntity
  8
S-REBAR-STIRRUP
100
AcDbPolyline
 90
4
 70
1
 10
192.0
 20
383.75
 10
198.0
 20
383.75
 10
198.0
 20
408.0
 10
192.0
 20
408.0
  0
LWPOLYLINE
  5
11C
330
17
100
AcDbEntity
  8
S-REBAR-STIRRUP
100
AcDbPolyline
 90
4
 70
1
 10
204.5
 20
383.75
 10
210.5
 20
383.75
 10
210.5
 20
408.0
 10
204.5
 20
408.0
  0
LWPOLYLINE
  5
11D
330
17
100
AcDbEntity
  8
S-CONCRETE
100
AcDbPolyline
 90
4
 70
1
 10
60.0
 20
410.0
 10
90.0
 20
410.0
 10
90.0
 20
475.0
 10
60.0
 20
475.0
  0
HATCH
  5
11E
330
17
100
AcDbEntity
  8
S-HATCH
 62
7
100
AcDbHatch
 10
0.0
 20
0.0
 30
0.0
210
0.0
220
0.0
230
1.0
  2
ANSI31
 70
0
 71
0
 91
1
 92
3
 72
0
 73
1
 93
4
 10
60.0
 20
410.0
 10
90.0
 20
410.0
 10
90.0
 20
475.0
 10
60.0
 20
475.0
 97
0
 75
1
 76
1
 52
0.0
 41
1.6
 77
0
 78
1
 53
45.0
 43
0.0
 44
0.0
 45
-3.5921024485
 46
3.5921024485
 79
0
 98
0
  0
LWPOLYLINE
  5
11F
330
17
100
AcDbEntity
  8
S-CONCRETE
100
AcDbPolyline
 90
3
 70
0
 10
90.0
 20
410.0
 10
115.0
 20
410.0
 10
90.0
 20
435.0
  0
HATCH
  5
120
330
17
100
AcDbEntity
  8
S-HATCH
 62
7
100
AcDbHatch
 10
0.0
 20
0.0
 30
0.0
210
0.0
220
0.0
230
1.0
  2
ANSI31
 70
0
 71
0
 91
1
 92
3
 72
0
 73
1
 93
3
 10
90.0
 20
410.0
 10
115.0
 20
410.0
 10
90.0
 20
435.0
 97
0
 75
1
 76
1
 52
0.0
 41
1.6
 77
0
 78
1
 53
45.0
 43
0.0
 44
0.0
 45
-3.5921024485
 46
3.5921024485
 79
0
 98
0
  0
LINE
  5
121
330
17
100
AcDbEntity
  8
S-HIDDEN
100
AcDbLine
 10
60.0
 20
417.5
 30
0.0
 11
62.0
 21
417.5
 31
0.0
  0
LINE
  5
122
330
17
100
AcDbEntity
  8
S-HIDDEN
100
AcDbLine
 10
63.4
 20
417.5
 30
0.0
 11
65.4
 21
417.5
 31
0.0
  0
LINE
  5
123
330
17
100
AcDbEntity
  8
S-HIDDEN
100
AcDbLine
 10
66.8
 20
417.5
 30
0.0
 11
68.8
 21
417.5
 31
0.0
  0
LINE
  5
124
330
17
100
AcDbEntity
  8
S-HIDDEN
100
AcDbLine
 10
70.2
 20
417.5
 30
0.0
 11
72.2
 21
417.5
 31
0.0
  0
LINE
  5
125
330
17
100
AcDbEntity
  8
S-HIDDEN
100
AcDbLine
 10
73.6
 20
417.5
 30
0.0
 11
75.6
 21
417.5
 31
0.0
  0
LINE
  5
126
330
17
100
AcDbEntity
  8
S-HIDDEN
100
AcDbLine
 10
77.0
 20
417.5
 30
0.0
 11
79.0
 21
417.5
 31
0.0
  0
LINE
  5
127
330
17
100
AcDbEntity
  8
S-HIDDEN
100
AcDbLine
 10
80.4
 20
417.5
 30
0.0
 11
82.4
 21
417.5
 31
0.0
  0
LINE
  5
128
330
17
100
AcDbEntity
  8
S-HIDDEN
100
AcDbLine
 10
83.8
 20
417.5
 30
0.0
 11
85.8
 21
417.5
 31
0.0
  0
LINE
  5
129
330
17
100
AcDbEntity
  8
S-HIDDEN
100
AcDbLine
 10
87.19999999999999
 20
417.5
 30
0.0
 11
89.19999999999999
 21
417.5
 31
0.0
  0
TEXT
  5
12A
330
17
100
AcDbEntity
  8
S-TEXT
100
AcDbText
 10
92.0
 20
416.5
 30
0.0
 40
1.4
  1
150 KICKER
  7
OpenSans
 11
92.0
 21
416.5
 31
0.0
100
AcDbText
  0
LWPOLYLINE
  5
12B
330
17
100
AcDbEntity
  8
S-REBAR-TIE
100
AcDbPolyline
 90
3
 70
0
 10
109.15
 20
384.15
 10
64.15
 20
384.15
 10
64.15
 20
457.5
  0
LWPOLYLINE
  5
12C
330
17
100
AcDbEntity
  8
S-REBAR-TIE
100
AcDbPolyline
 90
3
 70
0
 10
130.85
 20
384.15
 10
85.85
 20
384.15
 10
85.85
 20
457.5
  0
LINE
  5
12D
330
17
100
AcDbEntity
  8
S-REBAR-MAIN
100
AcDbLine
 10
64.15
 20
417.5
 30
0.0
 11
64.15
 21
475.0
 31
0.0
  0
LINE
  5
12E
330
17
100
AcDbEntity
  8
S-REBAR-MAIN
100
AcDbLine
 10
85.85
 20
417.5
 30
0.0
 11
85.85
 21
475.0
 31
0.0
  0
CIRCLE
  5
12F
330
17
100
AcDbEntity
  8
S-REBAR-MAIN
100
AcDbCircle
 10
64.15
 20
420.0
 30
0.0
 40
0.6
  0
HATCH
  5
130
330
17
100
AcDbEntity
  8
S-REBAR-MAIN
 62
1
100
AcDbHatch
 10
0.0
 20
0.0
 30
0.0
210
0.0
220
0.0
230
1.0
  2
SOLID
 70
1
 71
0
 91
1
 92
3
 72
0
 73
1
 93
16
 10
64.75
 20
420.0
 10
64.70432771950678
 20
420.22961005941903
 10
64.57426406871194
 20
420.4242640687119
 10
64.37961005941906
 20
420.5543277195068
 10
64.15
 20
420.6
 10
63.920389940580954
 20
420.5543277195068
 10
63.72573593128808
 20
420.4242640687119
 10
63.59567228049323
 20
420.22961005941903
 10
63.550000000000004
 20
420.0
 10
63.59567228049323
 20
419.77038994058097
 10
63.72573593128808
 20
419.5757359312881
 10
63.920389940580954
 20
419.4456722804932
 10
64.15
 20
419.4
 10
64.37961005941906
 20
419.4456722804932
 10
64.57426406871194
 20
419.5757359312881
 10
64.70432771950678
 20
419.77038994058097
 97
0
 75
0
 76
1
 98
0
  0
CIRCLE
  5
131
330
17
100
AcDbEntity
  8
S-REBAR-MAIN
100
AcDbCircle
 10
64.15
 20
427.5
 30
0.0
 40
0.6
  0
HATCH
  5
132
330
17
100
AcDbEntity
  8
S-REBAR-MAIN
 62
1
100
AcDbHatch
 10
0.0
 20
0.0
 30
0.0
210
0.0
220
0.0
230
1.0
  2
SOLID
 70
1
 71
0
 91
1
 92
3
 72
0
 73
1
 93
16
 10
64.75
 20
427.5
 10
64.70432771950678
 20
427.72961005941903
 10
64.57426406871194
 20
427.9242640687119
 10
64.37961005941906
 20
428.0543277195068
 10
64.15
 20
428.1
 10
63.920389940580954
 20
428.0543277195068
 10
63.72573593128808
 20
427.9242640687119
 10
63.59567228049323
 20
427.72961005941903
 10
63.550000000000004
 20
427.5
 10
63.59567228049323
 20
427.27038994058097
 10
63.72573593128808
 20
427.0757359312881
 10
63.920389940580954
 20
426.9456722804932
 10
64.15
 20
426.9
 10
64.37961005941906
 20
426.9456722804932
 10
64.57426406871194
 20
427.0757359312881
 10
64.70432771950678
 20
427.27038994058097
 97
0
 75
0
 76
1
 98
0
  0
CIRCLE
  5
133
330
17
100
AcDbEntity
  8
S-REBAR-MAIN
100
AcDbCircle
 10
64.15
 20
435.0
 30
0.0
 40
0.6
  0
HATCH
  5
134
330
17
100
AcDbEntity
  8
S-REBAR-MAIN
 62
1
100
AcDbHatch
 10
0.0
 20
0.0
 30
0.0
210
0.0
220
0.0
230
1.0
  2
SOLID
 70
1
 71
0
 91
1
 92
3
 72
0
 73
1
 93
16
 10
64.75
 20
435.0
 10
64.70432771950678
 20
435.22961005941903
 10
64.57426406871194
 20
435.4242640687119
 10
64.37961005941906
 20
435.5543277195068
 10
64.15
 20
435.6
 10
63.920389940580954
 20
435.5543277195068
 10
63.72573593128808
 20
435.4242640687119
 10
63.59567228049323
 20
435.22961005941903
 10
63.550000000000004
 20
435.0
 10
63.59567228049323
 20
434.77038994058097
 10
63.72573593128808
 20
434.5757359312881
 10
63.920389940580954
 20
434.4456722804932
 10
64.15
 20
434.4
 10
64.37961005941906
 20
434.4456722804932
 10
64.57426406871194
 20
434.5757359312881
 10
64.70432771950678
 20
434.77038994058097
 97
0
 75
0
 76
1
 98
0
  0
CIRCLE
  5
135
330
17
100
AcDbEntity
  8
S-REBAR-MAIN
100
AcDbCircle
 10
64.15
 20
442.5
 30
0.0
 40
0.6
  0
HATCH
  5
136
330
17
100
AcDbEntity
  8
S-REBAR-MAIN
 62
1
100
AcDbHatch
 10
0.0
 20
0.0
 30
0.0
210
0.0
220
0.0
230
1.0
  2
SOLID
 70
1
 71
0
 91
1
 92
3
 72
0
 73
1
 93
16
 10
64.75
 20
442.5
 10
64.70432771950678
 20
442.72961005941903
 10
64.57426406871194
 20
442.9242640687119
 10
64.37961005941906
 20
443.0543277195068
 10
64.15
 20
443.1
 10
63.920389940580954
 20
443.0543277195068
 10
63.72573593128808
 20
442.9242640687119
 10
63.59567228049323
 20
442.72961005941903
 10
63.550000000000004
 20
442.5
 10
63.59567228049323
 20
442.27038994058097
 10
63.72573593128808
 20
442.0757359312881
 10
63.920389940580954
 20
441.9456722804932
 10
64.15
 20
441.9
 10
64.37961005941906
 20
441.9456722804932
 10
64.57426406871194
 20
442.0757359312881
 10
64.70432771950678
 20
442.27038994058097
 97
0
 75
0
 76
1
 98
0
  0
CIRCLE
  5
137
330
17
100
AcDbEntity
  8
S-REBAR-MAIN
100
AcDbCircle
 10
64.15
 20
450.0
 30
0.0
 40
0.6
  0
HATCH
  5
138
330
17
100
AcDbEntity
  8
S-REBAR-MAIN
 62
1
100
AcDbHatch
 10
0.0
 20
0.0
 30
0.0
210
0.0
220
0.0
230
1.0
  2
SOLID
 70
1
 71
0
 91
1
 92
3
 72
0
 73
1
 93
16
 10
64.75
 20
450.0
 10
64.70432771950678
 20
450.22961005941903
 10
64.57426406871194
 20
450.4242640687119
 10
64.37961005941906
 20
450.5543277195068
 10
64.15
 20
450.6
 10
63.920389940580954
 20
450.5543277195068
 10
63.72573593128808
 20
450.4242640687119
 10
63.59567228049323
 20
450.22961005941903
 10
63.550000000000004
 20
450.0
 10
63.59567228049323
 20
449.77038994058097
 10
63.72573593128808
 20
449.5757359312881
 10
63.920389940580954
 20
449.4456722804932
 10
64.15
 20
449.4
 10
64.37961005941906
 20
449.4456722804932
 10
64.57426406871194
 20
449.5757359312881
 10
64.70432771950678
 20
449.77038994058097
 97
0
 75
0
 76
1
 98
0
  0
CIRCLE
  5
139
330
17
100
AcDbEntity
  8
S-REBAR-MAIN
100
AcDbCircle
 10
64.15
 20
457.5
 30
0.0
 40
0.6
  0
HATCH
  5
13A
330
17
100
AcDbEntity
  8
S-REBAR-MAIN
 62
1
100
AcDbHatch
 10
0.0
 20
0.0
 30
0.0
210
0.0
220
0.0
230
1.0
  2
SOLID
 70
1
 71
0
 91
1
 92
3
 72
0
 73
1
 93
16
 10
64.75
 20
457.5
 10
64.70432771950678
 20
457.72961005941903
 10
64.57426406871194
 20
457.9242640687119
 10
64.37961005941906
 20
458.0543277195068
 10
64.15
 20
458.1
 10
63.920389940580954
 20
458.0543277195068
 10
63.72573593128808
 20
457.9242640687119
 10
63.59567228049323
 20
457.72961005941903
 10
63.550000000000004
 20
457.5
 10
63.59567228049323
 20
457.27038994058097
 10
63.72573593128808
 20
457.0757359312881
 10
63.920389940580954
 20
456.9456722804932
 10
64.15
 20
456.9
 10
64.37961005941906
 20
456.9456722804932
 10
64.57426406871194
 20
457.0757359312881
 10
64.70432771950678
 20
457.27038994058097
 97
0
 75
0
 76
1
 98
0
  0
CIRCLE
  5
13B
330
17
100
AcDbEntity
  8
S-REBAR-MAIN
100
AcDbCircle
 10
64.15
 20
465.0
 30
0.0
 40
0.6
  0
HATCH
  5
13C
330
17
100
AcDbEntity
  8
S-REBAR-MAIN
 62
1
100
AcDbHatch
 10
0.0
 20
0.0
 30
0.0
210
0.0
220
0.0
230
1.0
  2
SOLID
 70
1
 71
0
 91
1
 92
3
 72
0
 73
1
 93
16
 10
64.75
 20
465.0
 10
64.70432771950678
 20
465.22961005941903
 10
64.57426406871194
 20
465.4242640687119
 10
64.37961005941906
 20
465.5543277195068
 10
64.15
 20
465.6
 10
63.920389940580954
 20
465.5543277195068
 10
63.72573593128808
 20
465.4242640687119
 10
63.59567228049323
 20
465.22961005941903
 10
63.550000000000004
 20
465.0
 10
63.59567228049323
 20
464.77038994058097
 10
63.72573593128808
 20
464.5757359312881
 10
63.920389940580954
 20
464.4456722804932
 10
64.15
 20
464.4
 10
64.37961005941906
 20
464.4456722804932
 10
64.57426406871194
 20
464.5757359312881
 10
64.70432771950678
 20
464.77038994058097
 97
0
 75
0
 76
1
 98
0
  0
CIRCLE
  5
13D
330
17
100
AcDbEntity
  8
S-REBAR-MAIN
100
AcDbCircle
 10
64.15
 20
472.5
 30
0.0
 40
0.6
  0
HATCH
  5
13E
330
17
100
AcDbEntity
  8
S-REBAR-MAIN
 62
1
100
AcDbHatch
 10
0.0
 20
0.0
 30
0.0
210
0.0
220
0.0
230
1.0
  2
SOLID
 70
1
 71
0
 91
1
 92
3
 72
0
 73
1
 93
16
 10
64.75
 20
472.5
 10
64.70432771950678
 20
472.72961005941903
 10
64.57426406871194
 20
472.9242640687119
 10
64.37961005941906
 20
473.0543277195068
 10
64.15
 20
473.1
 10
63.920389940580954
 20
473.0543277195068
 10
63.72573593128808
 20
472.9242640687119
 10
63.59567228049323
 20
472.72961005941903
 10
63.550000000000004
 20
472.5
 10
63.59567228049323
 20
472.27038994058097
 10
63.72573593128808
 20
472.0757359312881
 10
63.920389940580954
 20
471.9456722804932
 10
64.15
 20
471.9
 10
64.37961005941906
 20
471.9456722804932
 10
64.57426406871194
 20
472.0757359312881
 10
64.70432771950678
 20
472.27038994058097
 97
0
 75
0
 76
1
 98
0
  0
CIRCLE
  5
13F
330
17
100
AcDbEntity
  8
S-REBAR-MAIN
100
AcDbCircle
 10
85.85
 20
420.0
 30
0.0
 40
0.6
  0
HATCH
  5
140
330
17
100
AcDbEntity
  8
S-REBAR-MAIN
 62
1
100
AcDbHatch
 10
0.0
 20
0.0
 30
0.0
210
0.0
220
0.0
230
1.0
  2
SOLID
 70
1
 71
0
 91
1
 92
3
 72
0
 73
1
 93
16
 10
86.44999999999999
 20
420.0
 10
86.40432771950677
 20
420.22961005941903
 10
86.27426406871193
 20
420.4242640687119
 10
86.07961005941905
 20
420.5543277195068
 10
85.85
 20
420.6
 10
85.62038994058094
 20
420.5543277195068
 10
85.42573593128806
 20
420.4242640687119
 10
85.29567228049322
 20
420.22961005941903
 10
85.25
 20
420.0
 10
85.29567228049322
 20
419.77038994058097
 10
85.42573593128806
 20
419.5757359312881
 10
85.62038994058094
 20
419.4456722804932
 10
85.85
 20
419.4
 10
86.07961005941905
 20
419.4456722804932
 10
86.27426406871193
 20
419.5757359312881
 10
86.40432771950677
 20
419.77038994058097
 97
0
 75
0
 76
1
 98
0
  0
CIRCLE
  5
141
330
17
100
AcDbEntity
  8
S-REBAR-MAIN
100
AcDbCircle
 10
85.85
 20
427.5
 30
0.0
 40
0.6
  0
HATCH
  5
142
330
17
100
AcDbEntity
  8
S-REBAR-MAIN
 62
1
100
AcDbHatch
 10
0.0
 20
0.0
 30
0.0
210
0.0
220
0.0
230
1.0
  2
SOLID
 70
1
 71
0
 91
1
 92
3
 72
0
 73
1
 93
16
 10
86.44999999999999
 20
427.5
 10
86.40432771950677
 20
427.72961005941903
 10
86.27426406871193
 20
427.9242640687119
 10
86.07961005941905
 20
428.0543277195068
 10
85.85
 20
428.1
 10
85.62038994058094
 20
428.0543277195068
 10
85.42573593128806
 20
427.9242640687119
 10
85.29567228049322
 20
427.72961005941903
 10
85.25
 20
427.5
 10
85.29567228049322
 20
427.27038994058097
 10
85.42573593128806
 20
427.0757359312881
 10
85.62038994058094
 20
426.9456722804932
 10
85.85
 20
426.9
 10
86.07961005941905
 20
426.9456722804932
 10
86.27426406871193
 20
427.0757359312881
 10
86.40432771950677
 20
427.27038994058097
 97
0
 75
0
 76
1
 98
0
  0
CIRCLE
  5
143
330
17
100
AcDbEntity
  8
S-REBAR-MAIN
100
AcDbCircle
 10
85.85
 20
435.0
 30
0.0
 40
0.6
  0
HATCH
  5
144
330
17
100
AcDbEntity
  8
S-REBAR-MAIN
 62
1
100
AcDbHatch
 10
0.0
 20
0.0
 30
0.0
210
0.0
220
0.0
230
1.0
  2
SOLID
 70
1
 71
0
 91
1
 92
3
 72
0
 73
1
 93
16
 10
86.44999999999999
 20
435.0
 10
86.40432771950677
 20
435.22961005941903
 10
86.27426406871193
 20
435.4242640687119
 10
86.07961005941905
 20
435.5543277195068
 10
85.85
 20
435.6
 10
85.62038994058094
 20
435.5543277195068
 10
85.42573593128806
 20
435.4242640687119
 10
85.29567228049322
 20
435.22961005941903
 10
85.25
 20
435.0
 10
85.29567228049322
 20
434.77038994058097
 10
85.42573593128806
 20
434.5757359312881
 10
85.62038994058094
 20
434.4456722804932
 10
85.85
 20
434.4
 10
86.07961005941905
 20
434.4456722804932
 10
86.27426406871193
 20
434.5757359312881
 10
86.40432771950677
 20
434.77038994058097
 97
0
 75
0
 76
1
 98
0
  0
CIRCLE
  5
145
330
17
100
AcDbEntity
  8
S-REBAR-MAIN
100
AcDbCircle
 10
85.85
 20
442.5
 30
0.0
 40
0.6
  0
HATCH
  5
146
330
17
100
AcDbEntity
  8
S-REBAR-MAIN
 62
1
100
AcDbHatch
 10
0.0
 20
0.0
 30
0.0
210
0.0
220
0.0
230
1.0
  2
SOLID
 70
1
 71
0
 91
1
 92
3
 72
0
 73
1
 93
16
 10
86.44999999999999
 20
442.5
 10
86.40432771950677
 20
442.72961005941903
 10
86.27426406871193
 20
442.9242640687119
 10
86.07961005941905
 20
443.0543277195068
 10
85.85
 20
443.1
 10
85.62038994058094
 20
443.0543277195068
 10
85.42573593128806
 20
442.9242640687119
 10
85.29567228049322
 20
442.72961005941903
 10
85.25
 20
442.5
 10
85.29567228049322
 20
442.27038994058097
 10
85.42573593128806
 20
442.0757359312881
 10
85.62038994058094
 20
441.9456722804932
 10
85.85
 20
441.9
 10
86.07961005941905
 20
441.9456722804932
 10
86.27426406871193
 20
442.0757359312881
 10
86.40432771950677
 20
442.27038994058097
 97
0
 75
0
 76
1
 98
0
  0
CIRCLE
  5
147
330
17
100
AcDbEntity
  8
S-REBAR-MAIN
100
AcDbCircle
 10
85.85
 20
450.0
 30
0.0
 40
0.6
  0
HATCH
  5
148
330
17
100
AcDbEntity
  8
S-REBAR-MAIN
 62
1
100
AcDbHatch
 10
0.0
 20
0.0
 30
0.0
210
0.0
220
0.0
230
1.0
  2
SOLID
 70
1
 71
0
 91
1
 92
3
 72
0
 73
1
 93
16
 10
86.44999999999999
 20
450.0
 10
86.40432771950677
 20
450.22961005941903
 10
86.27426406871193
 20
450.4242640687119
 10
86.07961005941905
 20
450.5543277195068
 10
85.85
 20
450.6
 10
85.62038994058094
 20
450.5543277195068
 10
85.42573593128806
 20
450.4242640687119
 10
85.29567228049322
 20
450.22961005941903
 10
85.25
 20
450.0
 10
85.29567228049322
 20
449.77038994058097
 10
85.42573593128806
 20
449.5757359312881
 10
85.62038994058094
 20
449.4456722804932
 10
85.85
 20
449.4
 10
86.07961005941905
 20
449.4456722804932
 10
86.27426406871193
 20
449.5757359312881
 10
86.40432771950677
 20
449.77038994058097
 97
0
 75
0
 76
1
 98
0
  0
CIRCLE
  5
149
330
17
100
AcDbEntity
  8
S-REBAR-MAIN
100
AcDbCircle
 10
85.85
 20
457.5
 30
0.0
 40
0.6
  0
HATCH
  5
14A
330
17
100
AcDbEntity
  8
S-REBAR-MAIN
 62
1
100
AcDbHatch
 10
0.0
 20
0.0
 30
0.0
210
0.0
220
0.0
230
1.0
  2
SOLID
 70
1
 71
0
 91
1
 92
3
 72
0
 73
1
 93
16
 10
86.44999999999999
 20
457.5
 10
86.40432771950677
 20
457.72961005941903
 10
86.27426406871193
 20
457.9242640687119
 10
86.07961005941905
 20
458.0543277195068
 10
85.85
 20
458.1
 10
85.62038994058094
 20
458.0543277195068
 10
85.42573593128806
 20
457.9242640687119
 10
85.29567228049322
 20
457.72961005941903
 10
85.25
 20
457.5
 10
85.29567228049322
 20
457.27038994058097
 10
85.42573593128806
 20
457.0757359312881
 10
85.62038994058094
 20
456.9456722804932
 10
85.85
 20
456.9
 10
86.07961005941905
 20
456.9456722804932
 10
86.27426406871193
 20
457.0757359312881
 10
86.40432771950677
 20
457.27038994058097
 97
0
 75
0
 76
1
 98
0
  0
CIRCLE
  5
14B
330
17
100
AcDbEntity
  8
S-REBAR-MAIN
100
AcDbCircle
 10
85.85
 20
465.0
 30
0.0
 40
0.6
  0
HATCH
  5
14C
330
17
100
AcDbEntity
  8
S-REBAR-MAIN
 62
1
100
AcDbHatch
 10
0.0
 20
0.0
 30
0.0
210
0.0
220
0.0
230
1.0
  2
SOLID
 70
1
 71
0
 91
1
 92
3
 72
0
 73
1
 93
16
 10
86.44999999999999
 20
465.0
 10
86.40432771950677
 20
465.22961005941903
 10
86.27426406871193
 20
465.4242640687119
 10
86.07961005941905
 20
465.5543277195068
 10
85.85
 20
465.6
 10
85.62038994058094
 20
465.5543277195068
 10
85.42573593128806
 20
465.4242640687119
 10
85.29567228049322
 20
465.22961005941903
 10
85.25
 20
465.0
 10
85.29567228049322
 20
464.77038994058097
 10
85.42573593128806
 20
464.5757359312881
 10
85.62038994058094
 20
464.4456722804932
 10
85.85
 20
464.4
 10
86.07961005941905
 20
464.4456722804932
 10
86.27426406871193
 20
464.5757359312881
 10
86.40432771950677
 20
464.77038994058097
 97
0
 75
0
 76
1
 98
0
  0
CIRCLE
  5
14D
330
17
100
AcDbEntity
  8
S-REBAR-MAIN
100
AcDbCircle
 10
85.85
 20
472.5
 30
0.0
 40
0.6
  0
HATCH
  5
14E
330
17
100
AcDbEntity
  8
S-REBAR-MAIN
 62
1
100
AcDbHatch
 10
0.0
 20
0.0
 30
0.0
210
0.0
220
0.0
230
1.0
  2
SOLID
 70
1
 71
0
 91
1
 92
3
 72
0
 73
1
 93
16
 10
86.44999999999999
 20
472.5
 10
86.40432771950677
 20
472.72961005941903
 10
86.27426406871193
 20
472.9242640687119
 10
86.07961005941905
 20
473.0543277195068
 10
85.85
 20
473.1
 10
85.62038994058094
 20
473.0543277195068
 10
85.42573593128806
 20
472.9242640687119
 10
85.29567228049322
 20
472.72961005941903
 10
85.25
 20
472.5
 10
85.29567228049322
 20
472.27038994058097
 10
85.42573593128806
 20
472.0757359312881
 10
85.62038994058094
 20
471.9456722804932
 10
85.85
 20
471.9
 10
86.07961005941905
 20
471.9456722804932
 10
86.27426406871193
 20
472.0757359312881
 10
86.40432771950677
 20
472.27038994058097
 97
0
 75
0
 76
1
 98
0
  0
LWPOLYLINE
  5
14F
330
17
100
AcDbEntity
  8
S-REBAR-STIRRUP
100
AcDbPolyline
 90
4
 70
1
 10
62.5
 20
420.25
 10
87.5
 20
420.25
 10
87.5
 20
424.75
 10
62.5
 20
424.75
  0
LWPOLYLINE
  5
150
330
17
100
AcDbEntity
  8
S-REBAR-STIRRUP
100
AcDbPolyline
 90
4
 70
1
 10
62.5
 20
430.25
 10
87.5
 20
430.25
 10
87.5
 20
434.75
 10
62.5
 20
434.75
  0
LWPOLYLINE
  5
151
330
17
100
AcDbEntity
  8
S-REBAR-STIRRUP
100
AcDbPolyline
 90
4
 70
1
 10
62.5
 20
440.25
 10
87.5
 20
440.25
 10
87.5
 20
444.75
 10
62.5
 20
444.75
  0
LWPOLYLINE
  5
152
330
17
100
AcDbEntity
  8
S-REBAR-STIRRUP
100
AcDbPolyline
 90
4
 70
1
 10
62.5
 20
450.25
 10
87.5
 20
450.25
 10
87.5
 20
454.75
 10
62.5
 20
454.75
  0
LWPOLYLINE
  5
153
330
17
100
AcDbEntity
  8
S-REBAR-STIRRUP
100
AcDbPolyline
 90
4
 70
1
 10
62.5
 20
460.25
 10
87.5
 20
460.25
 10
87.5
 20
464.75
 10
62.5
 20
464.75
  0
LWPOLYLINE
  5
154
330
17
100
AcDbEntity
  8
S-REBAR-STIRRUP
100
AcDbPolyline
 90
4
 70
1
 10
62.5
 20
470.25
 10
87.5
 20
470.25
 10
87.5
 20
474.75
 10
62.5
 20
474.75
  0
LINE
  5
155
330
17
100
AcDbEntity
  8
S-REBAR-SEC
100
AcDbLine
 10
97.5
 20
410.0
 30
0.0
 11
90.0
 21
417.5
 31
0.0
  0
LINE
  5
156
330
17
100
AcDbEntity
  8
S-REBAR-SEC
100
AcDbLine
 10
105.0
 20
410.0
 30
0.0
 11
90.0
 21
425.0
 31
0.0
  0
LINE
  5
157
330
17
100
AcDbEntity
  8
S-REBAR-SEC
100
AcDbLine
 10
112.5
 20
410.0
 30
0.0
 11
90.0
 21
432.5
 31
0.0
  0
LINE
  5
158
330
17
100
AcDbEntity
  8
S-WATERPROOF
100
AcDbLine
 10
45.0
 20
379.0
 30
0.0
 11
210.0
 21
379.0
 31
0.0
  0
TEXT
  5
159
330
17
100
AcDbEntity
  8
S-WATERPROOF
100
AcDbText
 10
120.0
 20
371.0
 30
0.0
 40
1.4
  1
TANKING MEMBRANE ON 100 M15 BLINDING
  7
OpenSans
 11
120.0
 21
371.0
 31
0.0
100
AcDbText
  0
DIMENSION
  5
15A
330
17
100
AcDbEntity
  8
S-DIM
100
AcDbDimension
280
0
  2
*D1
  3
SC-DIM
 10
35.0
 20
380.0
 30
0.0
 11
33.3
 21
395.0
 31
0.0
 70
32
 71
5
  1
<>
100
AcDbAlignedDimension
 13
60.0
 23
380.0
 33
0.0
 14
60.0
 24
410.0
 34
0.0
 50
90.0
100
AcDbRotatedDimension
1001
ACAD
1000
DSTYLE
1002
{
1070
144
1040
20.0
1002
}
  0
DIMENSION
  5
169
330
17
100
AcDbEntity
  8
S-DIM
100
AcDbDimension
280
0
  2
*D2
  3
SC-DIM
 10
35.0
 20
410.0
 30
0.0
 11
33.3
 21
442.5
 31
0.0
 70
32
 71
5
  1
<>
100
AcDbAlignedDimension
 13
60.0
 23
410.0
 33
0.0
 14
60.0
 24
475.0
 34
0.0
 50
90.0
100
AcDbRotatedDimension
1001
ACAD
1000
DSTYLE
1002
{
1070
144
1040
20.0
1002
}
  0
DIMENSION
  5
178
330
17
100
AcDbEntity
  8
S-DIM
100
AcDbDimension
280
0
  2
*D3
  3
SC-DIM
 10
60.0
 20
360.0
 30
0.0
 11
75.0
 21
361.7
 31
0.0
 70
32
 71
5
  1
<>
100
AcDbAlignedDimension
 13
60.0
 23
380.0
 33
0.0
 14
90.0
 24
380.0
 34
0.0
 50
0.0
100
AcDbRotatedDimension
1001
ACAD
1000
DSTYLE
1002
{
1070
144
1040
20.0
1002
}
  0
INSERT
  5
187
330
17
100
AcDbEntity
  8
S-LEVEL
100
AcDbBlockReference
  2
LEVELMK
 10
150.0
 20
410.0
 30
0.0
  0
TEXT
  5
189
330
17
100
AcDbEntity
  8
S-LEVEL
100
AcDbText
 10
153.0
 20
413.2
 30
0.0
 40
1.8
  1
(-)6.100  MAT TOP / INTERNAL FLOOR
  7
OpenSans
 11
153.0
 21
413.2
 31
0.0
100
AcDbText
  0
INSERT
  5
18A
330
17
100
AcDbEntity
  8
S-LEVEL
100
AcDbBlockReference
  2
LEVELMK
 10
180.0
 20
380.0
 30
0.0
  0
TEXT
  5
18C
330
17
100
AcDbEntity
  8
S-LEVEL
100
AcDbText
 10
183.0
 20
383.2
 30
0.0
 40
1.8
  1
(-)6.700  MAT SOFFIT
  7
OpenSans
 11
183.0
 21
383.2
 31
0.0
100
AcDbText
  0
LEADER
  5
18D
330
17
100
AcDbEntity
  8
S-CALLOUT
100
AcDbLeader
  3
SC-DIM
 73
3
 76
2
 10
130.0
 20
384.15
 30
0.0
 10
222.0
 20
392.0
 30
0.0
  0
TEXT
  5
18E
330
17
100
AcDbEntity
  8
S-CALLOUT
100
AcDbText
 10
223.6
 20
391.4
 30
0.0
 40
1.8
  1
F01 / F02  T16 @ 150 BOTTOM EW
  7
OpenSans
 11
223.6
 21
391.4
 31
0.0
100
AcDbText
  0
LEADER
  5
18F
330
17
100
AcDbEntity
  8
S-CALLOUT
100
AcDbLeader
  3
SC-DIM
 73
3
 76
2
 10
130.0
 20
407.6
 30
0.0
 10
222.0
 20
412.0
 30
0.0
  0
TEXT
  5
190
330
17
100
AcDbEntity
  8
S-CALLOUT
100
AcDbText
 10
223.6
 20
411.4
 30
0.0
 40
1.8
  1
F03 / F04  T16 @ 150 TOP EW
  7
OpenSans
 11
223.6
 21
411.4
 31
0.0
100
AcDbText
  0
LEADER
  5
191
330
17
100
AcDbEntity
  8
S-CALLOUT
100
AcDbLeader
  3
SC-DIM
 73
3
 76
2
 10
107.5
 20
395.0
 30
0.0
 10
222.0
 20
402.0
 30
0.0
  0
TEXT
  5
192
330
17
100
AcDbEntity
  8
S-CALLOUT
100
AcDbText
 10
223.6
 20
401.4
 30
0.0
 40
1.8
  1
F05  T12 CLOSED LINKS @ 250 x 250
  7
OpenSans
 11
223.6
 21
401.4
 31
0.0
100
AcDbText
  0
LEADER
  5
193
330
17
100
AcDbEntity
  8
S-CALLOUT
100
AcDbLeader
  3
SC-DIM
 73
3
 76
2
 10
64.2
 20
435.0
 30
0.0
 10
222.0
 20
462.0
 30
0.0
  0
TEXT
  5
194
330
17
100
AcDbEntity
  8
S-CALLOUT
100
AcDbText
 10
223.6
 20
461.4
 30
0.0
 40
1.8
  1
F07  T16 @ 150 EF STARTERS, 900 LEG
  7
OpenSans
 11
223.6
 21
461.4
 31
0.0
100
AcDbText
  0
LEADER
  5
195
330
17
100
AcDbEntity
  8
S-CALLOUT
100
AcDbLeader
  3
SC-DIM
 73
3
 76
2
 10
101.5
 20
421.5
 30
0.0
 10
222.0
 20
442.0
 30
0.0
  0
TEXT
  5
196
330
17
100
AcDbEntity
  8
S-CALLOUT
100
AcDbText
 10
223.6
 20
441.4
 30
0.0
 40
1.8
  1
W06  T20 @ 150 HAUNCH DIAGONALS, 500 x 500
  7
OpenSans
 11
223.6
 21
441.4
 31
0.0
100
AcDbText
  0
LEADER
  5
197
330
17
100
AcDbEntity
  8
S-CALLOUT
100
AcDbLeader
  3
SC-DIM
 73
3
 76
2
 10
64.2
 20
460.0
 30
0.0
 10
222.0
 20
472.0
 30
0.0
  0
TEXT
  5
198
330
17
100
AcDbEntity
  8
S-CALLOUT
100
AcDbText
 10
223.6
 20
471.4
 30
0.0
 40
1.8
  1
W01 / W02  T16 @ 150 EF VERTICAL
  7
OpenSans
 11
223.6
 21
471.4
 31
0.0
100
AcDbText
  0
TEXT
  5
199
330
17
100
AcDbEntity
  8
S-TITLE
100
AcDbText
 10
60.0
 20
548.0
 30
0.0
 40
3.5
  1
V1   SECTION A-A  -  MAT / PERIMETER WALL JUNCTION
  7
OpenSans
 11
60.0
 21
548.0
 31
0.0
100
AcDbText
  0
LINE
  5
19A
330
17
100
AcDbEntity
  8
S-TITLE
100
AcDbLine
 10
60.0
 20
546.2
 30
0.0
 11
191.94742129939718
 21
546.2
 31
0.0
  0
TEXT
  5
19B
330
17
100
AcDbEntity
  8
S-TEXT
100
AcDbText
 10
60.0
 20
540.8
 30
0.0
 40
2.0
  1
SCALE 1:20
  7
OpenSans
 11
60.0
 21
540.8
 31
0.0
100
AcDbText
  0
LWPOLYLINE
  5
19C
330
17
100
AcDbEntity
  8
S-CONCRETE
100
AcDbPolyline
 90
4
 70
1
 10
300.0
 20
400.0
 10
390.0
 20
400.0
 10
390.0
 20
460.0
 10
300.0
 20
460.0
  0
HATCH
  5
19D
330
17
100
AcDbEntity
  8
S-HATCH
 62
7
100
AcDbHatch
 10
0.0
 20
0.0
 30
0.0
210
0.0
220
0.0
230
1.0
  2
ANSI31
 70
0
 71
0
 91
1
 92
3
 72
0
 73
1
 93
4
 10
300.0
 20
400.0
 10
390.0
 20
400.0
 10
390.0
 20
460.0
 10
300.0
 20
460.0
 97
0
 75
1
 76
1
 52
0.0
 41
1.6
 77
0
 78
1
 53
45.0
 43
0.0
 44
0.0
 45
-3.5921024485
 46
3.5921024485
 79
0
 98
0
  0
LWPOLYLINE
  5
19E
330
17
100
AcDbEntity
  8
S-CONCRETE-THIN
100
AcDbPolyline
 90
4
 70
1
 10
280.0
 20
390.0
 10
390.0
 20
390.0
 10
390.0
 20
400.0
 10
280.0
 20
400.0
  0
CIRCLE
  5
19F
330
17
100
AcDbEntity
  8
S-REBAR-MAIN
100
AcDbCircle
 10
315.0
 20
408.3
 30
0.0
 40
0.8
  0
HATCH
  5
1A0
330
17
100
AcDbEntity
  8
S-REBAR-MAIN
 62
1
100
AcDbHatch
 10
0.0
 20
0.0
 30
0.0
210
0.0
220
0.0
230
1.0
  2
SOLID
 70
1
 71
0
 91
1
 92
3
 72
0
 73
1
 93
16
 10
315.8
 20
408.3
 10
315.739103626009
 20
408.6061467458921
 10
315.56568542494927
 20
408.8656854249493
 10
315.3061467458921
 20
409.039103626009
 10
315.0
 20
409.1
 10
314.6938532541079
 20
409.039103626009
 10
314.43431457505073
 20
408.8656854249493
 10
314.260896373991
 20
408.6061467458921
 10
314.2
 20
408.3
 10
314.260896373991
 20
407.99385325410793
 10
314.43431457505073
 20
407.73431457505075
 10
314.6938532541079
 20
407.560896373991
 10
315.0
 20
407.5
 10
315.3061467458921
 20
407.560896373991
 10
315.56568542494927
 20
407.73431457505075
 10
315.739103626009
 20
407.99385325410793
 97
0
 75
0
 76
1
 98
0
  0
CIRCLE
  5
1A1
330
17
100
AcDbEntity
  8
S-REBAR-MAIN
100
AcDbCircle
 10
330.0
 20
408.3
 30
0.0
 40
0.8
  0
HATCH
  5
1A2
330
17
100
AcDbEntity
  8
S-REBAR-MAIN
 62
1
100
AcDbHatch
 10
0.0
 20
0.0
 30
0.0
210
0.0
220
0.0
230
1.0
  2
SOLID
 70
1
 71
0
 91
1
 92
3
 72
0
 73
1
 93
16
 10
330.8
 20
408.3
 10
330.739103626009
 20
408.6061467458921
 10
330.56568542494927
 20
408.8656854249493
 10
330.3061467458921
 20
409.039103626009
 10
330.0
 20
409.1
 10
329.6938532541079
 20
409.039103626009
 10
329.43431457505073
 20
408.8656854249493
 10
329.260896373991
 20
408.6061467458921
 10
329.2
 20
408.3
 10
329.260896373991
 20
407.99385325410793
 10
329.43431457505073
 20
407.73431457505075
 10
329.6938532541079
 20
407.560896373991
 10
330.0
 20
407.5
 10
330.3061467458921
 20
407.560896373991
 10
330.56568542494927
 20
407.73431457505075
 10
330.739103626009
 20
407.99385325410793
 97
0
 75
0
 76
1
 98
0
  0
CIRCLE
  5
1A3
330
17
100
AcDbEntity
  8
S-REBAR-MAIN
100
AcDbCircle
 10
345.0
 20
408.3
 30
0.0
 40
0.8
  0
HATCH
  5
1A4
330
17
100
AcDbEntity
  8
S-REBAR-MAIN
 62
1
100
AcDbHatch
 10
0.0
 20
0.0
 30
0.0
210
0.0
220
0.0
230
1.0
  2
SOLID
 70
1
 71
0
 91
1
 92
3
 72
0
 73
1
 93
16
 10
345.8
 20
408.3
 10
345.739103626009
 20
408.6061467458921
 10
345.56568542494927
 20
408.8656854249493
 10
345.3061467458921
 20
409.039103626009
 10
345.0
 20
409.1
 10
344.6938532541079
 20
409.039103626009
 10
344.43431457505073
 20
408.8656854249493
 10
344.260896373991
 20
408.6061467458921
 10
344.2
 20
408.3
 10
344.260896373991
 20
407.99385325410793
 10
344.43431457505073
 20
407.73431457505075
 10
344.6938532541079
 20
407.560896373991
 10
345.0
 20
407.5
 10
345.3061467458921
 20
407.560896373991
 10
345.56568542494927
 20
407.73431457505075
 10
345.739103626009
 20
407.99385325410793
 97
0
 75
0
 76
1
 98
0
  0
CIRCLE
  5
1A5
330
17
100
AcDbEntity
  8
S-REBAR-MAIN
100
AcDbCircle
 10
360.0
 20
408.3
 30
0.0
 40
0.8
  0
HATCH
  5
1A6
330
17
100
AcDbEntity
  8
S-REBAR-MAIN
 62
1
100
AcDbHatch
 10
0.0
 20
0.0
 30
0.0
210
0.0
220
0.0
230
1.0
  2
SOLID
 70
1
 71
0
 91
1
 92
3
 72
0
 73
1
 93
16
 10
360.8
 20
408.3
 10
360.739103626009
 20
408.6061467458921
 10
360.56568542494927
 20
408.8656854249493
 10
360.3061467458921
 20
409.039103626009
 10
360.0
 20
409.1
 10
359.6938532541079
 20
409.039103626009
 10
359.43431457505073
 20
408.8656854249493
 10
359.260896373991
 20
408.6061467458921
 10
359.2
 20
408.3
 10
359.260896373991
 20
407.99385325410793
 10
359.43431457505073
 20
407.73431457505075
 10
359.6938532541079
 20
407.560896373991
 10
360.0
 20
407.5
 10
360.3061467458921
 20
407.560896373991
 10
360.56568542494927
 20
407.73431457505075
 10
360.739103626009
 20
407.99385325410793
 97
0
 75
0
 76
1
 98
0
  0
CIRCLE
  5
1A7
330
17
100
AcDbEntity
  8
S-REBAR-MAIN
100
AcDbCircle
 10
375.0
 20
408.3
 30
0.0
 40
0.8
  0
HATCH
  5
1A8
330
17
100
AcDbEntity
  8
S-REBAR-MAIN
 62
1
100
AcDbHatch
 10
0.0
 20
0.0
 30
0.0
210
0.0
220
0.0
230
1.0
  2
SOLID
 70
1
 71
0
 91
1
 92
3
 72
0
 73
1
 93
16
 10
375.8
 20
408.3
 10
375.739103626009
 20
408.6061467458921
 10
375.56568542494927
 20
408.8656854249493
 10
375.3061467458921
 20
409.039103626009
 10
375.0
 20
409.1
 10
374.6938532541079
 20
409.039103626009
 10
374.43431457505073
 20
408.8656854249493
 10
374.260896373991
 20
408.6061467458921
 10
374.2
 20
408.3
 10
374.260896373991
 20
407.99385325410793
 10
374.43431457505073
 20
407.73431457505075
 10
374.6938532541079
 20
407.560896373991
 10
375.0
 20
407.5
 10
375.3061467458921
 20
407.560896373991
 10
375.56568542494927
 20
407.73431457505075
 10
375.739103626009
 20
407.99385325410793
 97
0
 75
0
 76
1
 98
0
  0
CIRCLE
  5
1A9
330
17
100
AcDbEntity
  8
S-REBAR-MAIN
100
AcDbCircle
 10
315.0
 20
455.2
 30
0.0
 40
0.8
  0
HATCH
  5
1AA
330
17
100
AcDbEntity
  8
S-REBAR-MAIN
 62
1
100
AcDbHatch
 10
0.0
 20
0.0
 30
0.0
210
0.0
220
0.0
230
1.0
  2
SOLID
 70
1
 71
0
 91
1
 92
3
 72
0
 73
1
 93
16
 10
315.8
 20
455.2
 10
315.739103626009
 20
455.50614674589207
 10
315.56568542494927
 20
455.76568542494925
 10
315.3061467458921
 20
455.939103626009
 10
315.0
 20
456.0
 10
314.6938532541079
 20
455.939103626009
 10
314.43431457505073
 20
455.76568542494925
 10
314.260896373991
 20
455.50614674589207
 10
314.2
 20
455.2
 10
314.260896373991
 20
454.8938532541079
 10
314.43431457505073
 20
454.6343145750507
 10
314.6938532541079
 20
454.460896373991
 10
315.0
 20
454.4
 10
315.3061467458921
 20
454.460896373991
 10
315.56568542494927
 20
454.6343145750507
 10
315.739103626009
 20
454.8938532541079
 97
0
 75
0
 76
1
 98
0
  0
CIRCLE
  5
1AB
330
17
100
AcDbEntity
  8
S-REBAR-MAIN
100
AcDbCircle
 10
330.0
 20
455.2
 30
0.0
 40
0.8
  0
HATCH
  5
1AC
330
17
100
AcDbEntity
  8
S-REBAR-MAIN
 62
1
100
AcDbHatch
 10
0.0
 20
0.0
 30
0.0
210
0.0
220
0.0
230
1.0
  2
SOLID
 70
1
 71
0
 91
1
 92
3
 72
0
 73
1
 93
16
 10
330.8
 20
455.2
 10
330.739103626009
 20
455.50614674589207
 10
330.56568542494927
 20
455.76568542494925
 10
330.3061467458921
 20
455.939103626009
 10
330.0
 20
456.0
 10
329.6938532541079
 20
455.939103626009
 10
329.43431457505073
 20
455.76568542494925
 10
329.260896373991
 20
455.50614674589207
 10
329.2
 20
455.2
 10
329.260896373991
 20
454.8938532541079
 10
329.43431457505073
 20
454.6343145750507
 10
329.6938532541079
 20
454.460896373991
 10
330.0
 20
454.4
 10
330.3061467458921
 20
454.460896373991
 10
330.56568542494927
 20
454.6343145750507
 10
330.739103626009
 20
454.8938532541079
 97
0
 75
0
 76
1
 98
0
  0
CIRCLE
  5
1AD
330
17
100
AcDbEntity
  8
S-REBAR-MAIN
100
AcDbCircle
 10
345.0
 20
455.2
 30
0.0
 40
0.8
  0
HATCH
  5
1AE
330
17
100
AcDbEntity
  8
S-REBAR-MAIN
 62
1
100
AcDbHatch
 10
0.0
 20
0.0
 30
0.0
210
0.0
220
0.0
230
1.0
  2
SOLID
 70
1
 71
0
 91
1
 92
3
 72
0
 73
1
 93
16
 10
345.8
 20
455.2
 10
345.739103626009
 20
455.50614674589207
 10
345.56568542494927
 20
455.76568542494925
 10
345.3061467458921
 20
455.939103626009
 10
345.0
 20
456.0
 10
344.6938532541079
 20
455.939103626009
 10
344.43431457505073
 20
455.76568542494925
 10
344.260896373991
 20
455.50614674589207
 10
344.2
 20
455.2
 10
344.260896373991
 20
454.8938532541079
 10
344.43431457505073
 20
454.6343145750507
 10
344.6938532541079
 20
454.460896373991
 10
345.0
 20
454.4
 10
345.3061467458921
 20
454.460896373991
 10
345.56568542494927
 20
454.6343145750507
 10
345.739103626009
 20
454.8938532541079
 97
0
 75
0
 76
1
 98
0
  0
CIRCLE
  5
1AF
330
17
100
AcDbEntity
  8
S-REBAR-MAIN
100
AcDbCircle
 10
360.0
 20
455.2
 30
0.0
 40
0.8
  0
HATCH
  5
1B0
330
17
100
AcDbEntity
  8
S-REBAR-MAIN
 62
1
100
AcDbHatch
 10
0.0
 20
0.0
 30
0.0
210
0.0
220
0.0
230
1.0
  2
SOLID
 70
1
 71
0
 91
1
 92
3
 72
0
 73
1
 93
16
 10
360.8
 20
455.2
 10
360.739103626009
 20
455.50614674589207
 10
360.56568542494927
 20
455.76568542494925
 10
360.3061467458921
 20
455.939103626009
 10
360.0
 20
456.0
 10
359.6938532541079
 20
455.939103626009
 10
359.43431457505073
 20
455.76568542494925
 10
359.260896373991
 20
455.50614674589207
 10
359.2
 20
455.2
 10
359.260896373991
 20
454.8938532541079
 10
359.43431457505073
 20
454.6343145750507
 10
359.6938532541079
 20
454.460896373991
 10
360.0
 20
454.4
 10
360.3061467458921
 20
454.460896373991
 10
360.56568542494927
 20
454.6343145750507
 10
360.739103626009
 20
454.8938532541079
 97
0
 75
0
 76
1
 98
0
  0
CIRCLE
  5
1B1
330
17
100
AcDbEntity
  8
S-REBAR-MAIN
100
AcDbCircle
 10
375.0
 20
455.2
 30
0.0
 40
0.8
  0
HATCH
  5
1B2
330
17
100
AcDbEntity
  8
S-REBAR-MAIN
 62
1
100
AcDbHatch
 10
0.0
 20
0.0
 30
0.0
210
0.0
220
0.0
230
1.0
  2
SOLID
 70
1
 71
0
 91
1
 92
3
 72
0
 73
1
 93
16
 10
375.8
 20
455.2
 10
375.739103626009
 20
455.50614674589207
 10
375.56568542494927
 20
455.76568542494925
 10
375.3061467458921
 20
455.939103626009
 10
375.0
 20
456.0
 10
374.6938532541079
 20
455.939103626009
 10
374.43431457505073
 20
455.76568542494925
 10
374.260896373991
 20
455.50614674589207
 10
374.2
 20
455.2
 10
374.260896373991
 20
454.8938532541079
 10
374.43431457505073
 20
454.6343145750507
 10
374.6938532541079
 20
454.460896373991
 10
375.0
 20
454.4
 10
375.3061467458921
 20
454.460896373991
 10
375.56568542494927
 20
454.6343145750507
 10
375.739103626009
 20
454.8938532541079
 97
0
 75
0
 76
1
 98
0
  0
LWPOLYLINE
  5
1B3
330
17
100
AcDbEntity
  8
S-REBAR-SEC
100
AcDbPolyline
 90
4
 70
0
 10
369.0
 20
408.3
 10
305.0
 20
408.3
 10
305.0
 20
455.2
 10
369.0
 20
455.2
  0
LINE
  5
1B4
330
17
100
AcDbEntity
  8
S-WATERPROOF
100
AcDbLine
 10
280.0
 20
398.0
 30
0.0
 11
390.0
 21
398.0
 31
0.0
  0
LWPOLYLINE
  5
1B5
330
17
100
AcDbEntity
  8
S-WATERPROOF
100
AcDbPolyline
 90
2
 70
0
 10
300.0
 20
400.0
 10
300.0
 20
460.0
  0
DIMENSION
  5
1B6
330
17
100
AcDbEntity
  8
S-DIM
100
AcDbDimension
280
0
  2
*D4
  3
SC-DIM
 10
265.0
 20
400.0
 30
0.0
 11
263.3
 21
430.0
 31
0.0
 70
32
 71
5
  1
<>
100
AcDbAlignedDimension
 13
300.0
 23
400.0
 33
0.0
 14
300.0
 24
460.0
 34
0.0
 50
90.0
100
AcDbRotatedDimension
1001
ACAD
1000
DSTYLE
1002
{
1070
144
1040
10.0
1002
}
  0
LEADER
  5
1C5
330
17
100
AcDbEntity
  8
S-CALLOUT
100
AcDbLeader
  3
SC-DIM
 73
3
 76
2
 10
312.0
 20
432.0
 30
0.0
 10
312.0
 20
480.0
 30
0.0
  0
TEXT
  5
1C6
330
17
100
AcDbEntity
  8
S-CALLOUT
100
AcDbText
 10
313.6
 20
479.4
 30
0.0
 40
1.8
  1
F06  T16 @ 150 U-BAR CLOSING BOTH CURTAINS
  7
OpenSans
 11
313.6
 21
479.4
 31
0.0
100
AcDbText
  0
LEADER
  5
1C7
330
17
100
AcDbEntity
  8
S-CALLOUT
100
AcDbLeader
  3
SC-DIM
 73
3
 76
2
 10
350.0
 20
398.0
 30
0.0
 10
352.0
 20
356.0
 30
0.0
  0
TEXT
  5
1C8
330
17
100
AcDbEntity
  8
S-CALLOUT
100
AcDbText
 10
353.6
 20
355.4
 30
0.0
 40
1.8
  1
TANKING MEMBRANE, TURNED UP THE EDGE
  7
OpenSans
 11
353.6
 21
355.4
 31
0.0
100
AcDbText
  0
TEXT
  5
1C9
330
17
100
AcDbEntity
  8
S-TEXT
100
AcDbText
 10
300.0
 20
374.0
 30
0.0
 40
1.4
  1
50 COVER TO THE FORMED EDGE   ·   75 TO THE BLINDING
  7
OpenSans
 11
300.0
 21
374.0
 31
0.0
100
AcDbText
  0
TEXT
  5
1CA
330
17
100
AcDbEntity
  8
S-TITLE
100
AcDbText
 10
300.0
 20
548.0
 30
0.0
 40
3.5
  1
V2   MAT EDGE AND WATERPROOFING INTERFACE
  7
OpenSans
 11
300.0
 21
548.0
 31
0.0
100
AcDbText
  0
LINE
  5
1CB
330
17
100
AcDbEntity
  8
S-TITLE
100
AcDbLine
 10
300.0
 20
546.2
 30
0.0
 11
420.7910247823175
 21
546.2
 31
0.0
  0
TEXT
  5
1CC
330
17
100
AcDbEntity
  8
S-TEXT
100
AcDbText
 10
300.0
 20
540.8
 30
0.0
 40
2.0
  1
SCALE 1:10
  7
OpenSans
 11
300.0
 21
540.8
 31
0.0
100
AcDbText
  0
LWPOLYLINE
  5
1CD
330
17
100
AcDbEntity
  8
S-CONCRETE
100
AcDbPolyline
 90
4
 70
1
 10
460.0
 20
300.0
 10
544.0
 20
300.0
 10
544.0
 20
316.0
 10
460.0
 20
316.0
  0
LWPOLYLINE
  5
1CE
330
17
100
AcDbEntity
  8
S-CONCRETE
100
AcDbPolyline
 90
4
 70
1
 10
460.0
 20
316.0
 10
472.0
 20
316.0
 10
472.0
 20
376.0
 10
460.0
 20
376.0
  0
LWPOLYLINE
  5
1CF
330
17
100
AcDbEntity
  8
S-CONCRETE
100
AcDbPolyline
 90
4
 70
1
 10
532.0
 20
316.0
 10
544.0
 20
316.0
 10
544.0
 20
376.0
 10
532.0
 20
376.0
  0
HATCH
  5
1D0
330
17
100
AcDbEntity
  8
S-HATCH
 62
7
100
AcDbHatch
 10
0.0
 20
0.0
 30
0.0
210
0.0
220
0.0
230
1.0
  2
ANSI31
 70
0
 71
0
 91
1
 92
3
 72
0
 73
1
 93
4
 10
460.0
 20
300.0
 10
544.0
 20
300.0
 10
544.0
 20
316.0
 10
460.0
 20
316.0
 97
0
 75
1
 76
1
 52
0.0
 41
1.6
 77
0
 78
1
 53
45.0
 43
0.0
 44
0.0
 45
-3.5921024485
 46
3.5921024485
 79
0
 98
0
  0
HATCH
  5
1D1
330
17
100
AcDbEntity
  8
S-HATCH
 62
7
100
AcDbHatch
 10
0.0
 20
0.0
 30
0.0
210
0.0
220
0.0
230
1.0
  2
ANSI31
 70
0
 71
0
 91
1
 92
3
 72
0
 73
1
 93
4
 10
460.0
 20
316.0
 10
472.0
 20
316.0
 10
472.0
 20
376.0
 10
460.0
 20
376.0
 97
0
 75
1
 76
1
 52
0.0
 41
1.6
 77
0
 78
1
 53
45.0
 43
0.0
 44
0.0
 45
-3.5921024485
 46
3.5921024485
 79
0
 98
0
  0
HATCH
  5
1D2
330
17
100
AcDbEntity
  8
S-HATCH
 62
7
100
AcDbHatch
 10
0.0
 20
0.0
 30
0.0
210
0.0
220
0.0
230
1.0
  2
ANSI31
 70
0
 71
0
 91
1
 92
3
 72
0
 73
1
 93
4
 10
532.0
 20
316.0
 10
544.0
 20
316.0
 10
544.0
 20
376.0
 10
532.0
 20
376.0
 97
0
 75
1
 76
1
 52
0.0
 41
1.6
 77
0
 78
1
 53
45.0
 43
0.0
 44
0.0
 45
-3.5921024485
 46
3.5921024485
 79
0
 98
0
  0
LWPOLYLINE
  5
1D3
330
17
100
AcDbEntity
  8
S-CONCRETE
100
AcDbPolyline
 90
4
 70
1
 10
424.0
 20
376.0
 10
460.0
 20
376.0
 10
460.0
 20
400.0
 10
424.0
 20
400.0
  0
LWPOLYLINE
  5
1D4
330
17
100
AcDbEntity
  8
S-CONCRETE
100
AcDbPolyline
 90
4
 70
1
 10
544.0
 20
376.0
 10
580.0
 20
376.0
 10
580.0
 20
400.0
 10
544.0
 20
400.0
  0
HATCH
  5
1D5
330
17
100
AcDbEntity
  8
S-HATCH
 62
7
100
AcDbHatch
 10
0.0
 20
0.0
 30
0.0
210
0.0
220
0.0
230
1.0
  2
ANSI31
 70
0
 71
0
 91
1
 92
3
 72
0
 73
1
 93
4
 10
424.0
 20
376.0
 10
460.0
 20
376.0
 10
460.0
 20
400.0
 10
424.0
 20
400.0
 97
0
 75
1
 76
1
 52
0.0
 41
1.6
 77
0
 78
1
 53
45.0
 43
0.0
 44
0.0
 45
-3.5921024485
 46
3.5921024485
 79
0
 98
0
  0
HATCH
  5
1D6
330
17
100
AcDbEntity
  8
S-HATCH
 62
7
100
AcDbHatch
 10
0.0
 20
0.0
 30
0.0
210
0.0
220
0.0
230
1.0
  2
ANSI31
 70
0
 71
0
 91
1
 92
3
 72
0
 73
1
 93
4
 10
544.0
 20
376.0
 10
580.0
 20
376.0
 10
580.0
 20
400.0
 10
544.0
 20
400.0
 97
0
 75
1
 76
1
 52
0.0
 41
1.6
 77
0
 78
1
 53
45.0
 43
0.0
 44
0.0
 45
-3.5921024485
 46
3.5921024485
 79
0
 98
0
  0
LINE
  5
1D7
330
17
100
AcDbEntity
  8
S-REBAR-MAIN
100
AcDbLine
 10
462.0
 20
318.0
 30
0.0
 11
462.0
 21
376.0
 31
0.0
  0
LINE
  5
1D8
330
17
100
AcDbEntity
  8
S-REBAR-MAIN
100
AcDbLine
 10
542.0
 20
318.0
 30
0.0
 11
542.0
 21
376.0
 31
0.0
  0
LINE
  5
1D9
330
17
100
AcDbEntity
  8
S-REBAR-MAIN
100
AcDbLine
 10
470.0
 20
318.0
 30
0.0
 11
470.0
 21
376.0
 31
0.0
  0
LINE
  5
1DA
330
17
100
AcDbEntity
  8
S-REBAR-MAIN
100
AcDbLine
 10
534.0
 20
318.0
 30
0.0
 11
534.0
 21
376.0
 31
0.0
  0
CIRCLE
  5
1DB
330
17
100
AcDbEntity
  8
S-REBAR-MAIN
100
AcDbCircle
 10
466.0
 20
302.0
 30
0.0
 40
0.6
  0
HATCH
  5
1DC
330
17
100
AcDbEntity
  8
S-REBAR-MAIN
 62
1
100
AcDbHatch
 10
0.0
 20
0.0
 30
0.0
210
0.0
220
0.0
230
1.0
  2
SOLID
 70
1
 71
0
 91
1
 92
3
 72
0
 73
1
 93
16
 10
466.6
 20
302.0
 10
466.5543277195068
 20
302.22961005941903
 10
466.4242640687119
 20
302.4242640687119
 10
466.22961005941903
 20
302.5543277195068
 10
466.0
 20
302.6
 10
465.77038994058097
 20
302.5543277195068
 10
465.5757359312881
 20
302.4242640687119
 10
465.4456722804932
 20
302.22961005941903
 10
465.4
 20
302.0
 10
465.4456722804932
 20
301.77038994058097
 10
465.5757359312881
 20
301.5757359312881
 10
465.77038994058097
 20
301.4456722804932
 10
466.0
 20
301.4
 10
466.22961005941903
 20
301.4456722804932
 10
466.4242640687119
 20
301.5757359312881
 10
466.5543277195068
 20
301.77038994058097
 97
0
 75
0
 76
1
 98
0
  0
CIRCLE
  5
1DD
330
17
100
AcDbEntity
  8
S-REBAR-MAIN
100
AcDbCircle
 10
472.0
 20
302.0
 30
0.0
 40
0.6
  0
HATCH
  5
1DE
330
17
100
AcDbEntity
  8
S-REBAR-MAIN
 62
1
100
AcDbHatch
 10
0.0
 20
0.0
 30
0.0
210
0.0
220
0.0
230
1.0
  2
SOLID
 70
1
 71
0
 91
1
 92
3
 72
0
 73
1
 93
16
 10
472.6
 20
302.0
 10
472.5543277195068
 20
302.22961005941903
 10
472.4242640687119
 20
302.4242640687119
 10
472.22961005941903
 20
302.5543277195068
 10
472.0
 20
302.6
 10
471.77038994058097
 20
302.5543277195068
 10
471.5757359312881
 20
302.4242640687119
 10
471.4456722804932
 20
302.22961005941903
 10
471.4
 20
302.0
 10
471.4456722804932
 20
301.77038994058097
 10
471.5757359312881
 20
301.5757359312881
 10
471.77038994058097
 20
301.4456722804932
 10
472.0
 20
301.4
 10
472.22961005941903
 20
301.4456722804932
 10
472.4242640687119
 20
301.5757359312881
 10
472.5543277195068
 20
301.77038994058097
 97
0
 75
0
 76
1
 98
0
  0
CIRCLE
  5
1DF
330
17
100
AcDbEntity
  8
S-REBAR-MAIN
100
AcDbCircle
 10
478.0
 20
302.0
 30
0.0
 40
0.6
  0
HATCH
  5
1E0
330
17
100
AcDbEntity
  8
S-REBAR-MAIN
 62
1
100
AcDbHatch
 10
0.0
 20
0.0
 30
0.0
210
0.0
220
0.0
230
1.0
  2
SOLID
 70
1
 71
0
 91
1
 92
3
 72
0
 73
1
 93
16
 10
478.6
 20
302.0
 10
478.5543277195068
 20
302.22961005941903
 10
478.4242640687119
 20
302.4242640687119
 10
478.22961005941903
 20
302.5543277195068
 10
478.0
 20
302.6
 10
477.77038994058097
 20
302.5543277195068
 10
477.5757359312881
 20
302.4242640687119
 10
477.4456722804932
 20
302.22961005941903
 10
477.4
 20
302.0
 10
477.4456722804932
 20
301.77038994058097
 10
477.5757359312881
 20
301.5757359312881
 10
477.77038994058097
 20
301.4456722804932
 10
478.0
 20
301.4
 10
478.22961005941903
 20
301.4456722804932
 10
478.4242640687119
 20
301.5757359312881
 10
478.5543277195068
 20
301.77038994058097
 97
0
 75
0
 76
1
 98
0
  0
CIRCLE
  5
1E1
330
17
100
AcDbEntity
  8
S-REBAR-MAIN
100
AcDbCircle
 10
484.0
 20
302.0
 30
0.0
 40
0.6
  0
HATCH
  5
1E2
330
17
100
AcDbEntity
  8
S-REBAR-MAIN
 62
1
100
AcDbHatch
 10
0.0
 20
0.0
 30
0.0
210
0.0
220
0.0
230
1.0
  2
SOLID
 70
1
 71
0
 91
1
 92
3
 72
0
 73
1
 93
16
 10
484.6
 20
302.0
 10
484.5543277195068
 20
302.22961005941903
 10
484.4242640687119
 20
302.4242640687119
 10
484.22961005941903
 20
302.5543277195068
 10
484.0
 20
302.6
 10
483.77038994058097
 20
302.5543277195068
 10
483.5757359312881
 20
302.4242640687119
 10
483.4456722804932
 20
302.22961005941903
 10
483.4
 20
302.0
 10
483.4456722804932
 20
301.77038994058097
 10
483.5757359312881
 20
301.5757359312881
 10
483.77038994058097
 20
301.4456722804932
 10
484.0
 20
301.4
 10
484.22961005941903
 20
301.4456722804932
 10
484.4242640687119
 20
301.5757359312881
 10
484.5543277195068
 20
301.77038994058097
 97
0
 75
0
 76
1
 98
0
  0
CIRCLE
  5
1E3
330
17
100
AcDbEntity
  8
S-REBAR-MAIN
100
AcDbCircle
 10
490.0
 20
302.0
 30
0.0
 40
0.6
  0
HATCH
  5
1E4
330
17
100
AcDbEntity
  8
S-REBAR-MAIN
 62
1
100
AcDbHatch
 10
0.0
 20
0.0
 30
0.0
210
0.0
220
0.0
230
1.0
  2
SOLID
 70
1
 71
0
 91
1
 92
3
 72
0
 73
1
 93
16
 10
490.6
 20
302.0
 10
490.5543277195068
 20
302.22961005941903
 10
490.4242640687119
 20
302.4242640687119
 10
490.22961005941903
 20
302.5543277195068
 10
490.0
 20
302.6
 10
489.77038994058097
 20
302.5543277195068
 10
489.5757359312881
 20
302.4242640687119
 10
489.4456722804932
 20
302.22961005941903
 10
489.4
 20
302.0
 10
489.4456722804932
 20
301.77038994058097
 10
489.5757359312881
 20
301.5757359312881
 10
489.77038994058097
 20
301.4456722804932
 10
490.0
 20
301.4
 10
490.22961005941903
 20
301.4456722804932
 10
490.4242640687119
 20
301.5757359312881
 10
490.5543277195068
 20
301.77038994058097
 97
0
 75
0
 76
1
 98
0
  0
CIRCLE
  5
1E5
330
17
100
AcDbEntity
  8
S-REBAR-MAIN
100
AcDbCircle
 10
496.0
 20
302.0
 30
0.0
 40
0.6
  0
HATCH
  5
1E6
330
17
100
AcDbEntity
  8
S-REBAR-MAIN
 62
1
100
AcDbHatch
 10
0.0
 20
0.0
 30
0.0
210
0.0
220
0.0
230
1.0
  2
SOLID
 70
1
 71
0
 91
1
 92
3
 72
0
 73
1
 93
16
 10
496.6
 20
302.0
 10
496.5543277195068
 20
302.22961005941903
 10
496.4242640687119
 20
302.4242640687119
 10
496.22961005941903
 20
302.5543277195068
 10
496.0
 20
302.6
 10
495.77038994058097
 20
302.5543277195068
 10
495.5757359312881
 20
302.4242640687119
 10
495.4456722804932
 20
302.22961005941903
 10
495.4
 20
302.0
 10
495.4456722804932
 20
301.77038994058097
 10
495.5757359312881
 20
301.5757359312881
 10
495.77038994058097
 20
301.4456722804932
 10
496.0
 20
301.4
 10
496.22961005941903
 20
301.4456722804932
 10
496.4242640687119
 20
301.5757359312881
 10
496.5543277195068
 20
301.77038994058097
 97
0
 75
0
 76
1
 98
0
  0
CIRCLE
  5
1E7
330
17
100
AcDbEntity
  8
S-REBAR-MAIN
100
AcDbCircle
 10
502.0
 20
302.0
 30
0.0
 40
0.6
  0
HATCH
  5
1E8
330
17
100
AcDbEntity
  8
S-REBAR-MAIN
 62
1
100
AcDbHatch
 10
0.0
 20
0.0
 30
0.0
210
0.0
220
0.0
230
1.0
  2
SOLID
 70
1
 71
0
 91
1
 92
3
 72
0
 73
1
 93
16
 10
502.6
 20
302.0
 10
502.5543277195068
 20
302.22961005941903
 10
502.4242640687119
 20
302.4242640687119
 10
502.22961005941903
 20
302.5543277195068
 10
502.0
 20
302.6
 10
501.77038994058097
 20
302.5543277195068
 10
501.5757359312881
 20
302.4242640687119
 10
501.4456722804932
 20
302.22961005941903
 10
501.4
 20
302.0
 10
501.4456722804932
 20
301.77038994058097
 10
501.5757359312881
 20
301.5757359312881
 10
501.77038994058097
 20
301.4456722804932
 10
502.0
 20
301.4
 10
502.22961005941903
 20
301.4456722804932
 10
502.4242640687119
 20
301.5757359312881
 10
502.5543277195068
 20
301.77038994058097
 97
0
 75
0
 76
1
 98
0
  0
CIRCLE
  5
1E9
330
17
100
AcDbEntity
  8
S-REBAR-MAIN
100
AcDbCircle
 10
508.0
 20
302.0
 30
0.0
 40
0.6
  0
HATCH
  5
1EA
330
17
100
AcDbEntity
  8
S-REBAR-MAIN
 62
1
100
AcDbHatch
 10
0.0
 20
0.0
 30
0.0
210
0.0
220
0.0
230
1.0
  2
SOLID
 70
1
 71
0
 91
1
 92
3
 72
0
 73
1
 93
16
 10
508.6
 20
302.0
 10
508.5543277195068
 20
302.22961005941903
 10
508.4242640687119
 20
302.4242640687119
 10
508.22961005941903
 20
302.5543277195068
 10
508.0
 20
302.6
 10
507.77038994058097
 20
302.5543277195068
 10
507.5757359312881
 20
302.4242640687119
 10
507.4456722804932
 20
302.22961005941903
 10
507.4
 20
302.0
 10
507.4456722804932
 20
301.77038994058097
 10
507.5757359312881
 20
301.5757359312881
 10
507.77038994058097
 20
301.4456722804932
 10
508.0
 20
301.4
 10
508.22961005941903
 20
301.4456722804932
 10
508.4242640687119
 20
301.5757359312881
 10
508.5543277195068
 20
301.77038994058097
 97
0
 75
0
 76
1
 98
0
  0
CIRCLE
  5
1EB
330
17
100
AcDbEntity
  8
S-REBAR-MAIN
100
AcDbCircle
 10
514.0
 20
302.0
 30
0.0
 40
0.6
  0
HATCH
  5
1EC
330
17
100
AcDbEntity
  8
S-REBAR-MAIN
 62
1
100
AcDbHatch
 10
0.0
 20
0.0
 30
0.0
210
0.0
220
0.0
230
1.0
  2
SOLID
 70
1
 71
0
 91
1
 92
3
 72
0
 73
1
 93
16
 10
514.6
 20
302.0
 10
514.5543277195068
 20
302.22961005941903
 10
514.424264068712
 20
302.4242640687119
 10
514.2296100594191
 20
302.5543277195068
 10
514.0
 20
302.6
 10
513.7703899405809
 20
302.5543277195068
 10
513.575735931288
 20
302.4242640687119
 10
513.4456722804932
 20
302.22961005941903
 10
513.4
 20
302.0
 10
513.4456722804932
 20
301.77038994058097
 10
513.575735931288
 20
301.5757359312881
 10
513.7703899405809
 20
301.4456722804932
 10
514.0
 20
301.4
 10
514.2296100594191
 20
301.4456722804932
 10
514.424264068712
 20
301.5757359312881
 10
514.5543277195068
 20
301.77038994058097
 97
0
 75
0
 76
1
 98
0
  0
CIRCLE
  5
1ED
330
17
100
AcDbEntity
  8
S-REBAR-MAIN
100
AcDbCircle
 10
520.0
 20
302.0
 30
0.0
 40
0.6
  0
HATCH
  5
1EE
330
17
100
AcDbEntity
  8
S-REBAR-MAIN
 62
1
100
AcDbHatch
 10
0.0
 20
0.0
 30
0.0
210
0.0
220
0.0
230
1.0
  2
SOLID
 70
1
 71
0
 91
1
 92
3
 72
0
 73
1
 93
16
 10
520.6
 20
302.0
 10
520.5543277195068
 20
302.22961005941903
 10
520.424264068712
 20
302.4242640687119
 10
520.2296100594191
 20
302.5543277195068
 10
520.0
 20
302.6
 10
519.7703899405809
 20
302.5543277195068
 10
519.575735931288
 20
302.4242640687119
 10
519.4456722804932
 20
302.22961005941903
 10
519.4
 20
302.0
 10
519.4456722804932
 20
301.77038994058097
 10
519.575735931288
 20
301.5757359312881
 10
519.7703899405809
 20
301.4456722804932
 10
520.0
 20
301.4
 10
520.2296100594191
 20
301.4456722804932
 10
520.424264068712
 20
301.5757359312881
 10
520.5543277195068
 20
301.77038994058097
 97
0
 75
0
 76
1
 98
0
  0
CIRCLE
  5
1EF
330
17
100
AcDbEntity
  8
S-REBAR-MAIN
100
AcDbCircle
 10
526.0
 20
302.0
 30
0.0
 40
0.6
  0
HATCH
  5
1F0
330
17
100
AcDbEntity
  8
S-REBAR-MAIN
 62
1
100
AcDbHatch
 10
0.0
 20
0.0
 30
0.0
210
0.0
220
0.0
230
1.0
  2
SOLID
 70
1
 71
0
 91
1
 92
3
 72
0
 73
1
 93
16
 10
526.6
 20
302.0
 10
526.5543277195068
 20
302.22961005941903
 10
526.424264068712
 20
302.4242640687119
 10
526.2296100594191
 20
302.5543277195068
 10
526.0
 20
302.6
 10
525.7703899405809
 20
302.5543277195068
 10
525.575735931288
 20
302.4242640687119
 10
525.4456722804932
 20
302.22961005941903
 10
525.4
 20
302.0
 10
525.4456722804932
 20
301.77038994058097
 10
525.575735931288
 20
301.5757359312881
 10
525.7703899405809
 20
301.4456722804932
 10
526.0
 20
301.4
 10
526.2296100594191
 20
301.4456722804932
 10
526.424264068712
 20
301.5757359312881
 10
526.5543277195068
 20
301.77038994058097
 97
0
 75
0
 76
1
 98
0
  0
CIRCLE
  5
1F1
330
17
100
AcDbEntity
  8
S-REBAR-MAIN
100
AcDbCircle
 10
532.0
 20
302.0
 30
0.0
 40
0.6
  0
HATCH
  5
1F2
330
17
100
AcDbEntity
  8
S-REBAR-MAIN
 62
1
100
AcDbHatch
 10
0.0
 20
0.0
 30
0.0
210
0.0
220
0.0
230
1.0
  2
SOLID
 70
1
 71
0
 91
1
 92
3
 72
0
 73
1
 93
16
 10
532.6
 20
302.0
 10
532.5543277195068
 20
302.22961005941903
 10
532.424264068712
 20
302.4242640687119
 10
532.2296100594191
 20
302.5543277195068
 10
532.0
 20
302.6
 10
531.7703899405809
 20
302.5543277195068
 10
531.575735931288
 20
302.4242640687119
 10
531.4456722804932
 20
302.22961005941903
 10
531.4
 20
302.0
 10
531.4456722804932
 20
301.77038994058097
 10
531.575735931288
 20
301.5757359312881
 10
531.7703899405809
 20
301.4456722804932
 10
532.0
 20
301.4
 10
532.2296100594191
 20
301.4456722804932
 10
532.424264068712
 20
301.5757359312881
 10
532.5543277195068
 20
301.77038994058097
 97
0
 75
0
 76
1
 98
0
  0
CIRCLE
  5
1F3
330
17
100
AcDbEntity
  8
S-REBAR-MAIN
100
AcDbCircle
 10
538.0
 20
302.0
 30
0.0
 40
0.6
  0
HATCH
  5
1F4
330
17
100
AcDbEntity
  8
S-REBAR-MAIN
 62
1
100
AcDbHatch
 10
0.0
 20
0.0
 30
0.0
210
0.0
220
0.0
230
1.0
  2
SOLID
 70
1
 71
0
 91
1
 92
3
 72
0
 73
1
 93
16
 10
538.6
 20
302.0
 10
538.5543277195068
 20
302.22961005941903
 10
538.424264068712
 20
302.4242640687119
 10
538.2296100594191
 20
302.5543277195068
 10
538.0
 20
302.6
 10
537.7703899405809
 20
302.5543277195068
 10
537.575735931288
 20
302.4242640687119
 10
537.4456722804932
 20
302.22961005941903
 10
537.4
 20
302.0
 10
537.4456722804932
 20
301.77038994058097
 10
537.575735931288
 20
301.5757359312881
 10
537.7703899405809
 20
301.4456722804932
 10
538.0
 20
301.4
 10
538.2296100594191
 20
301.4456722804932
 10
538.424264068712
 20
301.5757359312881
 10
538.5543277195068
 20
301.77038994058097
 97
0
 75
0
 76
1
 98
0
  0
CIRCLE
  5
1F5
330
17
100
AcDbEntity
  8
S-REBAR-MAIN
100
AcDbCircle
 10
466.0
 20
314.0
 30
0.0
 40
0.6
  0
HATCH
  5
1F6
330
17
100
AcDbEntity
  8
S-REBAR-MAIN
 62
1
100
AcDbHatch
 10
0.0
 20
0.0
 30
0.0
210
0.0
220
0.0
230
1.0
  2
SOLID
 70
1
 71
0
 91
1
 92
3
 72
0
 73
1
 93
16
 10
466.6
 20
314.0
 10
466.5543277195068
 20
314.22961005941903
 10
466.4242640687119
 20
314.4242640687119
 10
466.22961005941903
 20
314.5543277195068
 10
466.0
 20
314.6
 10
465.77038994058097
 20
314.5543277195068
 10
465.5757359312881
 20
314.4242640687119
 10
465.4456722804932
 20
314.22961005941903
 10
465.4
 20
314.0
 10
465.4456722804932
 20
313.77038994058097
 10
465.5757359312881
 20
313.5757359312881
 10
465.77038994058097
 20
313.4456722804932
 10
466.0
 20
313.4
 10
466.22961005941903
 20
313.4456722804932
 10
466.4242640687119
 20
313.5757359312881
 10
466.5543277195068
 20
313.77038994058097
 97
0
 75
0
 76
1
 98
0
  0
CIRCLE
  5
1F7
330
17
100
AcDbEntity
  8
S-REBAR-MAIN
100
AcDbCircle
 10
472.0
 20
314.0
 30
0.0
 40
0.6
  0
HATCH
  5
1F8
330
17
100
AcDbEntity
  8
S-REBAR-MAIN
 62
1
100
AcDbHatch
 10
0.0
 20
0.0
 30
0.0
210
0.0
220
0.0
230
1.0
  2
SOLID
 70
1
 71
0
 91
1
 92
3
 72
0
 73
1
 93
16
 10
472.6
 20
314.0
 10
472.5543277195068
 20
314.22961005941903
 10
472.4242640687119
 20
314.4242640687119
 10
472.22961005941903
 20
314.5543277195068
 10
472.0
 20
314.6
 10
471.77038994058097
 20
314.5543277195068
 10
471.5757359312881
 20
314.4242640687119
 10
471.4456722804932
 20
314.22961005941903
 10
471.4
 20
314.0
 10
471.4456722804932
 20
313.77038994058097
 10
471.5757359312881
 20
313.5757359312881
 10
471.77038994058097
 20
313.4456722804932
 10
472.0
 20
313.4
 10
472.22961005941903
 20
313.4456722804932
 10
472.4242640687119
 20
313.5757359312881
 10
472.5543277195068
 20
313.77038994058097
 97
0
 75
0
 76
1
 98
0
  0
CIRCLE
  5
1F9
330
17
100
AcDbEntity
  8
S-REBAR-MAIN
100
AcDbCircle
 10
478.0
 20
314.0
 30
0.0
 40
0.6
  0
HATCH
  5
1FA
330
17
100
AcDbEntity
  8
S-REBAR-MAIN
 62
1
100
AcDbHatch
 10
0.0
 20
0.0
 30
0.0
210
0.0
220
0.0
230
1.0
  2
SOLID
 70
1
 71
0
 91
1
 92
3
 72
0
 73
1
 93
16
 10
478.6
 20
314.0
 10
478.5543277195068
 20
314.22961005941903
 10
478.4242640687119
 20
314.4242640687119
 10
478.22961005941903
 20
314.5543277195068
 10
478.0
 20
314.6
 10
477.77038994058097
 20
314.5543277195068
 10
477.5757359312881
 20
314.4242640687119
 10
477.4456722804932
 20
314.22961005941903
 10
477.4
 20
314.0
 10
477.4456722804932
 20
313.77038994058097
 10
477.5757359312881
 20
313.5757359312881
 10
477.77038994058097
 20
313.4456722804932
 10
478.0
 20
313.4
 10
478.22961005941903
 20
313.4456722804932
 10
478.4242640687119
 20
313.5757359312881
 10
478.5543277195068
 20
313.77038994058097
 97
0
 75
0
 76
1
 98
0
  0
CIRCLE
  5
1FB
330
17
100
AcDbEntity
  8
S-REBAR-MAIN
100
AcDbCircle
 10
484.0
 20
314.0
 30
0.0
 40
0.6
  0
HATCH
  5
1FC
330
17
100
AcDbEntity
  8
S-REBAR-MAIN
 62
1
100
AcDbHatch
 10
0.0
 20
0.0
 30
0.0
210
0.0
220
0.0
230
1.0
  2
SOLID
 70
1
 71
0
 91
1
 92
3
 72
0
 73
1
 93
16
 10
484.6
 20
314.0
 10
484.5543277195068
 20
314.22961005941903
 10
484.4242640687119
 20
314.4242640687119
 10
484.22961005941903
 20
314.5543277195068
 10
484.0
 20
314.6
 10
483.77038994058097
 20
314.5543277195068
 10
483.5757359312881
 20
314.4242640687119
 10
483.4456722804932
 20
314.22961005941903
 10
483.4
 20
314.0
 10
483.4456722804932
 20
313.77038994058097
 10
483.5757359312881
 20
313.5757359312881
 10
483.77038994058097
 20
313.4456722804932
 10
484.0
 20
313.4
 10
484.22961005941903
 20
313.4456722804932
 10
484.4242640687119
 20
313.5757359312881
 10
484.5543277195068
 20
313.77038994058097
 97
0
 75
0
 76
1
 98
0
  0
CIRCLE
  5
1FD
330
17
100
AcDbEntity
  8
S-REBAR-MAIN
100
AcDbCircle
 10
490.0
 20
314.0
 30
0.0
 40
0.6
  0
HATCH
  5
1FE
330
17
100
AcDbEntity
  8
S-REBAR-MAIN
 62
1
100
AcDbHatch
 10
0.0
 20
0.0
 30
0.0
210
0.0
220
0.0
230
1.0
  2
SOLID
 70
1
 71
0
 91
1
 92
3
 72
0
 73
1
 93
16
 10
490.6
 20
314.0
 10
490.5543277195068
 20
314.22961005941903
 10
490.4242640687119
 20
314.4242640687119
 10
490.22961005941903
 20
314.5543277195068
 10
490.0
 20
314.6
 10
489.77038994058097
 20
314.5543277195068
 10
489.5757359312881
 20
314.4242640687119
 10
489.4456722804932
 20
314.22961005941903
 10
489.4
 20
314.0
 10
489.4456722804932
 20
313.77038994058097
 10
489.5757359312881
 20
313.5757359312881
 10
489.77038994058097
 20
313.4456722804932
 10
490.0
 20
313.4
 10
490.22961005941903
 20
313.4456722804932
 10
490.4242640687119
 20
313.5757359312881
 10
490.5543277195068
 20
313.77038994058097
 97
0
 75
0
 76
1
 98
0
  0
CIRCLE
  5
1FF
330
17
100
AcDbEntity
  8
S-REBAR-MAIN
100
AcDbCircle
 10
496.0
 20
314.0
 30
0.0
 40
0.6
  0
HATCH
  5
200
330
17
100
AcDbEntity
  8
S-REBAR-MAIN
 62
1
100
AcDbHatch
 10
0.0
 20
0.0
 30
0.0
210
0.0
220
0.0
230
1.0
  2
SOLID
 70
1
 71
0
 91
1
 92
3
 72
0
 73
1
 93
16
 10
496.6
 20
314.0
 10
496.5543277195068
 20
314.22961005941903
 10
496.4242640687119
 20
314.4242640687119
 10
496.22961005941903
 20
314.5543277195068
 10
496.0
 20
314.6
 10
495.77038994058097
 20
314.5543277195068
 10
495.5757359312881
 20
314.4242640687119
 10
495.4456722804932
 20
314.22961005941903
 10
495.4
 20
314.0
 10
495.4456722804932
 20
313.77038994058097
 10
495.5757359312881
 20
313.5757359312881
 10
495.77038994058097
 20
313.4456722804932
 10
496.0
 20
313.4
 10
496.22961005941903
 20
313.4456722804932
 10
496.4242640687119
 20
313.5757359312881
 10
496.5543277195068
 20
313.77038994058097
 97
0
 75
0
 76
1
 98
0
  0
CIRCLE
  5
201
330
17
100
AcDbEntity
  8
S-REBAR-MAIN
100
AcDbCircle
 10
502.0
 20
314.0
 30
0.0
 40
0.6
  0
HATCH
  5
202
330
17
100
AcDbEntity
  8
S-REBAR-MAIN
 62
1
100
AcDbHatch
 10
0.0
 20
0.0
 30
0.0
210
0.0
220
0.0
230
1.0
  2
SOLID
 70
1
 71
0
 91
1
 92
3
 72
0
 73
1
 93
16
 10
502.6
 20
314.0
 10
502.5543277195068
 20
314.22961005941903
 10
502.4242640687119
 20
314.4242640687119
 10
502.22961005941903
 20
314.5543277195068
 10
502.0
 20
314.6
 10
501.77038994058097
 20
314.5543277195068
 10
501.5757359312881
 20
314.4242640687119
 10
501.4456722804932
 20
314.22961005941903
 10
501.4
 20
314.0
 10
501.4456722804932
 20
313.77038994058097
 10
501.5757359312881
 20
313.5757359312881
 10
501.77038994058097
 20
313.4456722804932
 10
502.0
 20
313.4
 10
502.22961005941903
 20
313.4456722804932
 10
502.4242640687119
 20
313.5757359312881
 10
502.5543277195068
 20
313.77038994058097
 97
0
 75
0
 76
1
 98
0
  0
CIRCLE
  5
203
330
17
100
AcDbEntity
  8
S-REBAR-MAIN
100
AcDbCircle
 10
508.0
 20
314.0
 30
0.0
 40
0.6
  0
HATCH
  5
204
330
17
100
AcDbEntity
  8
S-REBAR-MAIN
 62
1
100
AcDbHatch
 10
0.0
 20
0.0
 30
0.0
210
0.0
220
0.0
230
1.0
  2
SOLID
 70
1
 71
0
 91
1
 92
3
 72
0
 73
1
 93
16
 10
508.6
 20
314.0
 10
508.5543277195068
 20
314.22961005941903
 10
508.4242640687119
 20
314.4242640687119
 10
508.22961005941903
 20
314.5543277195068
 10
508.0
 20
314.6
 10
507.77038994058097
 20
314.5543277195068
 10
507.5757359312881
 20
314.4242640687119
 10
507.4456722804932
 20
314.22961005941903
 10
507.4
 20
314.0
 10
507.4456722804932
 20
313.77038994058097
 10
507.5757359312881
 20
313.5757359312881
 10
507.77038994058097
 20
313.4456722804932
 10
508.0
 20
313.4
 10
508.22961005941903
 20
313.4456722804932
 10
508.4242640687119
 20
313.5757359312881
 10
508.5543277195068
 20
313.77038994058097
 97
0
 75
0
 76
1
 98
0
  0
CIRCLE
  5
205
330
17
100
AcDbEntity
  8
S-REBAR-MAIN
100
AcDbCircle
 10
514.0
 20
314.0
 30
0.0
 40
0.6
  0
HATCH
  5
206
330
17
100
AcDbEntity
  8
S-REBAR-MAIN
 62
1
100
AcDbHatch
 10
0.0
 20
0.0
 30
0.0
210
0.0
220
0.0
230
1.0
  2
SOLID
 70
1
 71
0
 91
1
 92
3
 72
0
 73
1
 93
16
 10
514.6
 20
314.0
 10
514.5543277195068
 20
314.22961005941903
 10
514.424264068712
 20
314.4242640687119
 10
514.2296100594191
 20
314.5543277195068
 10
514.0
 20
314.6
 10
513.7703899405809
 20
314.5543277195068
 10
513.575735931288
 20
314.4242640687119
 10
513.4456722804932
 20
314.22961005941903
 10
513.4
 20
314.0
 10
513.4456722804932
 20
313.77038994058097
 10
513.575735931288
 20
313.5757359312881
 10
513.7703899405809
 20
313.4456722804932
 10
514.0
 20
313.4
 10
514.2296100594191
 20
313.4456722804932
 10
514.424264068712
 20
313.5757359312881
 10
514.5543277195068
 20
313.77038994058097
 97
0
 75
0
 76
1
 98
0
  0
CIRCLE
  5
207
330
17
100
AcDbEntity
  8
S-REBAR-MAIN
100
AcDbCircle
 10
520.0
 20
314.0
 30
0.0
 40
0.6
  0
HATCH
  5
208
330
17
100
AcDbEntity
  8
S-REBAR-MAIN
 62
1
100
AcDbHatch
 10
0.0
 20
0.0
 30
0.0
210
0.0
220
0.0
230
1.0
  2
SOLID
 70
1
 71
0
 91
1
 92
3
 72
0
 73
1
 93
16
 10
520.6
 20
314.0
 10
520.5543277195068
 20
314.22961005941903
 10
520.424264068712
 20
314.4242640687119
 10
520.2296100594191
 20
314.5543277195068
 10
520.0
 20
314.6
 10
519.7703899405809
 20
314.5543277195068
 10
519.575735931288
 20
314.4242640687119
 10
519.4456722804932
 20
314.22961005941903
 10
519.4
 20
314.0
 10
519.4456722804932
 20
313.77038994058097
 10
519.575735931288
 20
313.5757359312881
 10
519.7703899405809
 20
313.4456722804932
 10
520.0
 20
313.4
 10
520.2296100594191
 20
313.4456722804932
 10
520.424264068712
 20
313.5757359312881
 10
520.5543277195068
 20
313.77038994058097
 97
0
 75
0
 76
1
 98
0
  0
CIRCLE
  5
209
330
17
100
AcDbEntity
  8
S-REBAR-MAIN
100
AcDbCircle
 10
526.0
 20
314.0
 30
0.0
 40
0.6
  0
HATCH
  5
20A
330
17
100
AcDbEntity
  8
S-REBAR-MAIN
 62
1
100
AcDbHatch
 10
0.0
 20
0.0
 30
0.0
210
0.0
220
0.0
230
1.0
  2
SOLID
 70
1
 71
0
 91
1
 92
3
 72
0
 73
1
 93
16
 10
526.6
 20
314.0
 10
526.5543277195068
 20
314.22961005941903
 10
526.424264068712
 20
314.4242640687119
 10
526.2296100594191
 20
314.5543277195068
 10
526.0
 20
314.6
 10
525.7703899405809
 20
314.5543277195068
 10
525.575735931288
 20
314.4242640687119
 10
525.4456722804932
 20
314.22961005941903
 10
525.4
 20
314.0
 10
525.4456722804932
 20
313.77038994058097
 10
525.575735931288
 20
313.5757359312881
 10
525.7703899405809
 20
313.4456722804932
 10
526.0
 20
313.4
 10
526.2296100594191
 20
313.4456722804932
 10
526.424264068712
 20
313.5757359312881
 10
526.5543277195068
 20
313.77038994058097
 97
0
 75
0
 76
1
 98
0
  0
CIRCLE
  5
20B
330
17
100
AcDbEntity
  8
S-REBAR-MAIN
100
AcDbCircle
 10
532.0
 20
314.0
 30
0.0
 40
0.6
  0
HATCH
  5
20C
330
17
100
AcDbEntity
  8
S-REBAR-MAIN
 62
1
100
AcDbHatch
 10
0.0
 20
0.0
 30
0.0
210
0.0
220
0.0
230
1.0
  2
SOLID
 70
1
 71
0
 91
1
 92
3
 72
0
 73
1
 93
16
 10
532.6
 20
314.0
 10
532.5543277195068
 20
314.22961005941903
 10
532.424264068712
 20
314.4242640687119
 10
532.2296100594191
 20
314.5543277195068
 10
532.0
 20
314.6
 10
531.7703899405809
 20
314.5543277195068
 10
531.575735931288
 20
314.4242640687119
 10
531.4456722804932
 20
314.22961005941903
 10
531.4
 20
314.0
 10
531.4456722804932
 20
313.77038994058097
 10
531.575735931288
 20
313.5757359312881
 10
531.7703899405809
 20
313.4456722804932
 10
532.0
 20
313.4
 10
532.2296100594191
 20
313.4456722804932
 10
532.424264068712
 20
313.5757359312881
 10
532.5543277195068
 20
313.77038994058097
 97
0
 75
0
 76
1
 98
0
  0
CIRCLE
  5
20D
330
17
100
AcDbEntity
  8
S-REBAR-MAIN
100
AcDbCircle
 10
538.0
 20
314.0
 30
0.0
 40
0.6
  0
HATCH
  5
20E
330
17
100
AcDbEntity
  8
S-REBAR-MAIN
 62
1
100
AcDbHatch
 10
0.0
 20
0.0
 30
0.0
210
0.0
220
0.0
230
1.0
  2
SOLID
 70
1
 71
0
 91
1
 92
3
 72
0
 73
1
 93
16
 10
538.6
 20
314.0
 10
538.5543277195068
 20
314.22961005941903
 10
538.424264068712
 20
314.4242640687119
 10
538.2296100594191
 20
314.5543277195068
 10
538.0
 20
314.6
 10
537.7703899405809
 20
314.5543277195068
 10
537.575735931288
 20
314.4242640687119
 10
537.4456722804932
 20
314.22961005941903
 10
537.4
 20
314.0
 10
537.4456722804932
 20
313.77038994058097
 10
537.575735931288
 20
313.5757359312881
 10
537.7703899405809
 20
313.4456722804932
 10
538.0
 20
313.4
 10
538.2296100594191
 20
313.4456722804932
 10
538.424264068712
 20
313.5757359312881
 10
538.5543277195068
 20
313.77038994058097
 97
0
 75
0
 76
1
 98
0
  0
INSERT
  5
20F
330
17
100
AcDbEntity
  8
S-LEVEL
100
AcDbBlockReference
  2
LEVELMK
 10
502.0
 20
376.0
 30
0.0
  0
TEXT
  5
211
330
17
100
AcDbEntity
  8
S-LEVEL
100
AcDbText
 10
505.0
 20
379.2
 30
0.0
 40
1.8
  1
(-)6.100
  7
OpenSans
 11
505.0
 21
379.2
 31
0.0
100
AcDbText
  0
INSERT
  5
212
330
17
100
AcDbEntity
  8
S-LEVEL
100
AcDbBlockReference
  2
LEVELMK
 10
502.0
 20
316.0
 30
0.0
  0
TEXT
  5
214
330
17
100
AcDbEntity
  8
S-LEVEL
100
AcDbText
 10
505.0
 20
319.2
 30
0.0
 40
1.8
  1
(-)7.600 INVERT
  7
OpenSans
 11
505.0
 21
319.2
 31
0.0
100
AcDbText
  0
INSERT
  5
215
330
17
100
AcDbEntity
  8
S-LEVEL
100
AcDbBlockReference
  2
LEVELMK
 10
502.0
 20
300.0
 30
0.0
  0
TEXT
  5
217
330
17
100
AcDbEntity
  8
S-LEVEL
100
AcDbText
 10
505.0
 20
303.2
 30
0.0
 40
1.8
  1
(-)8.000 BASE
  7
OpenSans
 11
505.0
 21
303.2
 31
0.0
100
AcDbText
  0
DIMENSION
  5
218
330
17
100
AcDbEntity
  8
S-DIM
100
AcDbDimension
280
0
  2
*D5
  3
SC-DIM
 10
588.0
 20
300.0
 30
0.0
 11
586.3
 21
308.0
 31
0.0
 70
32
 71
5
  1
<>
100
AcDbAlignedDimension
 13
544.0
 23
300.0
 33
0.0
 14
544.0
 24
316.0
 34
0.0
 50
90.0
100
AcDbRotatedDimension
1001
ACAD
1000
DSTYLE
1002
{
1070
144
1040
25.0
1002
}
  0
DIMENSION
  5
227
330
17
100
AcDbEntity
  8
S-DIM
100
AcDbDimension
280
0
  2
*D6
  3
SC-DIM
 10
588.0
 20
316.0
 30
0.0
 11
586.3
 21
346.0
 31
0.0
 70
32
 71
5
  1
<>
100
AcDbAlignedDimension
 13
544.0
 23
316.0
 33
0.0
 14
544.0
 24
376.0
 34
0.0
 50
90.0
100
AcDbRotatedDimension
1001
ACAD
1000
DSTYLE
1002
{
1070
144
1040
25.0
1002
}
  0
DIMENSION
  5
236
330
17
100
AcDbEntity
  8
S-DIM
100
AcDbDimension
280
0
  2
*D7
  3
SC-DIM
 10
472.0
 20
284.0
 30
0.0
 11
502.0
 21
285.7
 31
0.0
 70
32
 71
5
  1
<>
100
AcDbAlignedDimension
 13
472.0
 23
300.0
 33
0.0
 14
532.0
 24
300.0
 34
0.0
 50
0.0
100
AcDbRotatedDimension
1001
ACAD
1000
DSTYLE
1002
{
1070
144
1040
25.0
1002
}
  0
LEADER
  5
245
330
17
100
AcDbEntity
  8
S-CALLOUT
100
AcDbLeader
  3
SC-DIM
 73
3
 76
2
 10
466.0
 20
348.0
 30
0.0
 10
476.0
 20
348.0
 30
0.0
  0
TEXT
  5
246
330
17
100
AcDbEntity
  8
S-CALLOUT
100
AcDbText
 10
477.6
 20
347.4
 30
0.0
 40
1.8
  1
F11 / F12  T16 @ 150 EF EW PIT WALLS
  7
OpenSans
 11
477.6
 21
347.4
 31
0.0
100
AcDbText
  0
LEADER
  5
247
330
17
100
AcDbEntity
  8
S-CALLOUT
100
AcDbLeader
  3
SC-DIM
 73
3
 76
2
 10
500.0
 20
308.0
 30
0.0
 10
476.0
 20
258.0
 30
0.0
  0
TEXT
  5
248
330
17
100
AcDbEntity
  8
S-CALLOUT
100
AcDbText
 10
474.4
 20
257.4
 30
0.0
 40
1.8
  1
F13  T16 @ 150 EF EW PIT BASE
  7
OpenSans
 72
2
 11
474.4
 21
257.4
 31
0.0
100
AcDbText
  0
TEXT
  5
249
330
17
100
AcDbEntity
  8
S-TITLE
100
AcDbText
 10
460.0
 20
400.0
 30
0.0
 40
3.5
  1
V3   SUMP-PIT SECTION
  7
OpenSans
 11
460.0
 21
400.0
 31
0.0
100
AcDbText
  0
LINE
  5
24A
330
17
100
AcDbEntity
  8
S-TITLE
100
AcDbLine
 10
460.0
 20
398.2
 30
0.0
 11
516.1711319490958
 21
398.2
 31
0.0
  0
TEXT
  5
24B
330
17
100
AcDbEntity
  8
S-TEXT
100
AcDbText
 10
460.0
 20
392.8
 30
0.0
 40
2.0
  1
SCALE 1:25
  7
OpenSans
 11
460.0
 21
392.8
 31
0.0
100
AcDbText
  0
TEXT
  5
24C
330
17
100
AcDbEntity
  8
S-BLAST
100
AcDbText
 10
460.0
 20
250.0
 30
0.0
 40
1.4
  1
*** C18 OPEN: master F.1 gives walls 300 / base 400 and the levels support 400;
  7
OpenSans
 11
460.0
 21
250.0
 31
0.0
100
AcDbText
  0
TEXT
  5
24D
330
17
100
AcDbEntity
  8
S-BLAST
100
AcDbText
 10
460.0
 20
246.0
 30
0.0
 40
1.4
  1
    sheet S-06 text says 300 for both.  400 HELD.  NOT CLOSED. ***
  7
OpenSans
 11
460.0
 21
246.0
 31
0.0
100
AcDbText
  0
TEXT
  5
24E
330
17
100
AcDbEntity
  8
S-TITLE
100
AcDbText
 10
650.0
 20
543.5
 30
0.0
 40
2.5
  1
MATERIALS, COVER AND ANCHORAGE
  7
OpenSans
 11
650.0
 21
543.5
 31
0.0
100
AcDbText
  0
TEXT
  5
24F
330
17
100
AcDbEntity
  8
S-NOTE
100
AcDbText
 10
650.0
 20
539.375
 30
0.0
 40
2.0
  1
CONCRETE          M35 to IS 456 Table 5.  w/c <= 0.45, cement >= 340 kg/m3.
  7
OpenSans
 11
650.0
 21
539.375
 31
0.0
100
AcDbText
  0
TEXT
  5
250
330
17
100
AcDbEntity
  8
S-NOTE
100
AcDbText
 10
650.0
 20
536.375
 30
0.0
 40
2.0
  1
                  Integral crystalline waterproofing admixture.
  7
OpenSans
 11
650.0
 21
536.375
 31
0.0
100
AcDbText
  0
TEXT
  5
251
330
17
100
AcDbEntity
  8
S-NOTE
100
AcDbText
 10
650.0
 20
533.375
 30
0.0
 40
2.0
  1
                  Blinding M15, 100 thk.
  7
OpenSans
 11
650.0
 21
533.375
 31
0.0
100
AcDbText
  0
TEXT
  5
252
330
17
100
AcDbEntity
  8
S-NOTE
100
AcDbText
 10
650.0
 20
530.375
 30
0.0
 40
2.0
  1
REINFORCEMENT     Fe500D to IS 1786:2008.
  7
OpenSans
 11
650.0
 21
530.375
 31
0.0
100
AcDbText
  0
TEXT
  5
253
330
17
100
AcDbEntity
  8
S-NOTE
100
AcDbText
 10
650.0
 20
527.375
 30
0.0
 40
2.0
  1
Ec = 5000 sqrt(fck) = 29 580 N/mm2   (IS 456 Cl. 6.2.3.1)
  7
OpenSans
 11
650.0
 21
527.375
 31
0.0
100
AcDbText
  0
TEXT
  5
254
330
17
100
AcDbEntity
  8
S-NOTE
100
AcDbText
 10
650.0
 20
524.375
 30
0.0
 40
2.0
  1
gamma_m           1.5 concrete / 1.15 steel  (IS 456 Cl. 36.4.2)
  7
OpenSans
 11
650.0
 21
524.375
 31
0.0
100
AcDbText
  0
TEXT
  5
255
330
17
100
AcDbEntity
  8
S-NOTE
100
AcDbText
 10
650.0
 20
518.375
 30
0.0
 40
2.0
  1
BLAST CASE ONLY   IS 4991 Cl. 10.3.1:  fck,dyn 43.75  ·  fy,dyn 625
  7
OpenSans
 11
650.0
 21
518.375
 31
0.0
100
AcDbText
  0
TEXT
  5
256
330
17
100
AcDbEntity
  8
S-NOTE
100
AcDbText
 10
650.0
 20
515.375
 30
0.0
 40
2.0
  1
*** NO DYNAMIC INCREASE ON SHEAR - IS 4991 Cl. 10.3.1.1 ***
  7
OpenSans
 11
650.0
 21
515.375
 31
0.0
100
AcDbText
  0
TEXT
  5
257
330
17
100
AcDbEntity
  8
S-NOTE
100
AcDbText
 10
650.0
 20
512.375
 30
0.0
 40
2.0
  1
tau_c and tau_c,max are read at the STATIC M35 value in every check.
  7
OpenSans
 11
650.0
 21
512.375
 31
0.0
100
AcDbText
  0
TEXT
  5
258
330
17
100
AcDbEntity
  8
S-NOTE
100
AcDbText
 10
650.0
 20
506.375
 30
0.0
 40
2.0
  1
COVER   75 cast against blinding · 50 formed earth face
  7
OpenSans
 11
650.0
 21
506.375
 31
0.0
100
AcDbText
  0
TEXT
  5
259
330
17
100
AcDbEntity
  8
S-NOTE
100
AcDbText
 10
650.0
 20
503.375
 30
0.0
 40
2.0
  1
        40 internal · 30 stair-shaft faces
  7
OpenSans
 11
650.0
 21
503.375
 31
0.0
100
AcDbText
  0
TEXT
  5
25A
330
17
100
AcDbEntity
  8
S-NOTE
100
AcDbText
 10
650.0
 20
500.375
 30
0.0
 40
2.0
  1
        The 5 mm reduction IS 456 Table 16 permits for M35 is NOT taken.
  7
OpenSans
 11
650.0
 21
500.375
 31
0.0
100
AcDbText
  0
TEXT
  5
25B
330
17
100
AcDbEntity
  8
S-NOTE
100
AcDbText
 10
650.0
 20
494.375
 30
0.0
 40
2.0
  1
Ld TENSION 40 phi  ·  Ld COMPRESSION 32 phi  ·  LAP 50 phi STAGGERED
  7
OpenSans
 11
650.0
 21
494.375
 31
0.0
100
AcDbText
  0
TEXT
  5
25C
330
17
100
AcDbEntity
  8
S-NOTE
100
AcDbText
 10
650.0
 20
491.375
 30
0.0
 40
2.0
  1
T8 320/400 · T10 400/500 · T12 480/600 · T16 640/800
  7
OpenSans
 11
650.0
 21
491.375
 31
0.0
100
AcDbText
  0
TEXT
  5
25D
330
17
100
AcDbEntity
  8
S-NOTE
100
AcDbText
 10
650.0
 20
488.375
 30
0.0
 40
2.0
  1
T20 800/1000 · T25 1000/1250        (Ld / lap, mm)
  7
OpenSans
 11
650.0
 21
488.375
 31
0.0
100
AcDbText
  0
TEXT
  5
25E
330
17
100
AcDbEntity
  8
S-NOTE
100
AcDbText
 10
650.0
 20
485.375
 30
0.0
 40
2.0
  1
The IS 4991 Cl. 10.3.1.1 +25 % blast bond allowance is NOT taken.
  7
OpenSans
 11
650.0
 21
485.375
 31
0.0
100
AcDbText
  0
TEXT
  5
25F
330
17
100
AcDbEntity
  8
S-NOTE
100
AcDbText
 10
650.0
 20
479.375
 30
0.0
 40
2.0
  1
*** MAXIMUM BAR SPACING 150 BOTH CURTAINS - EMP REQUIREMENT ***
  7
OpenSans
 11
650.0
 21
479.375
 31
0.0
100
AcDbText
  0
TEXT
  5
260
330
17
100
AcDbEntity
  8
S-NOTE
100
AcDbText
 10
650.0
 20
476.375
 30
0.0
 40
2.0
  1
    stricter than IS 456 Cl. 26.3.3 and than every code minimum.
  7
OpenSans
 11
650.0
 21
476.375
 31
0.0
100
AcDbText
  0
LWPOLYLINE
  5
261
330
17
100
AcDbEntity
  8
S-TITLE
100
AcDbPolyline
 90
4
 70
1
 10
648.0
 20
471.375
 10
831.0
 20
471.375
 10
831.0
 20
548.0
 10
648.0
 20
548.0
  0
TEXT
  5
262
330
17
100
AcDbEntity
  8
S-TITLE
100
AcDbText
 10
648.0
 20
466.375
 30
0.0
 40
2.5
  1
BAR SCHEDULE EXTRACT - THIS SHEET
  7
OpenSans
 11
648.0
 21
466.375
 31
0.0
100
AcDbText
  0
LWPOLYLINE
  5
263
330
17
100
AcDbEntity
  8
S-TABLE
100
AcDbPolyline
 90
4
 70
1
 10
648.0
 20
459.175
 10
757.0
 20
459.175
 10
757.0
 20
463.375
 10
648.0
 20
463.375
  0
TEXT
  5
264
330
17
100
AcDbEntity
  8
S-TABLE
100
AcDbText
 10
649.4
 20
460.43156363636365
 30
0.0
 40
1.6868727272727269
  1
MARK
  7
OpenSans
 11
649.4
 21
460.43156363636365
 31
0.0
100
AcDbText
  0
TEXT
  5
265
330
17
100
AcDbEntity
  8
S-TABLE
100
AcDbText
 10
666.4
 20
460.43156363636365
 30
0.0
 40
1.6868727272727269
  1
DIA
  7
OpenSans
 11
666.4
 21
460.43156363636365
 31
0.0
100
AcDbText
  0
TEXT
  5
266
330
17
100
AcDbEntity
  8
S-TABLE
100
AcDbText
 10
679.4
 20
460.43156363636365
 30
0.0
 40
1.6868727272727269
  1
SHP
  7
OpenSans
 11
679.4
 21
460.43156363636365
 31
0.0
100
AcDbText
  0
TEXT
  5
267
330
17
100
AcDbEntity
  8
S-TABLE
100
AcDbText
 10
691.4
 20
460.43156363636365
 30
0.0
 40
1.6868727272727269
  1
SPAC
  7
OpenSans
 11
691.4
 21
460.43156363636365
 31
0.0
100
AcDbText
  0
TEXT
  5
268
330
17
100
AcDbEntity
  8
S-TABLE
100
AcDbText
 10
706.4
 20
460.43156363636365
 30
0.0
 40
1.6868727272727269
  1
No.
  7
OpenSans
 11
706.4
 21
460.43156363636365
 31
0.0
100
AcDbText
  0
TEXT
  5
269
330
17
100
AcDbEntity
  8
S-TABLE
100
AcDbText
 10
721.4
 20
460.43156363636365
 30
0.0
 40
1.6868727272727269
  1
CUT
  7
OpenSans
 11
721.4
 21
460.43156363636365
 31
0.0
100
AcDbText
  0
TEXT
  5
26A
330
17
100
AcDbEntity
  8
S-TABLE
100
AcDbText
 10
738.4
 20
460.43156363636365
 30
0.0
 40
1.6868727272727269
  1
kg
  7
OpenSans
 11
738.4
 21
460.43156363636365
 31
0.0
100
AcDbText
  0
TEXT
  5
26B
330
17
100
AcDbEntity
  8
S-TABLE
100
AcDbText
 10
649.4
 20
456.23156363636366
 30
0.0
 40
1.6868727272727269
  1
F01
  7
OpenSans
 11
649.4
 21
456.23156363636366
 31
0.0
100
AcDbText
  0
TEXT
  5
26C
330
17
100
AcDbEntity
  8
S-TABLE
100
AcDbText
 10
666.4
 20
456.23156363636366
 30
0.0
 40
1.6868727272727269
  1
T16
  7
OpenSans
 11
666.4
 21
456.23156363636366
 31
0.0
100
AcDbText
  0
TEXT
  5
26D
330
17
100
AcDbEntity
  8
S-TABLE
100
AcDbText
 10
679.4
 20
456.23156363636366
 30
0.0
 40
1.6868727272727269
  1
00
  7
OpenSans
 11
679.4
 21
456.23156363636366
 31
0.0
100
AcDbText
  0
TEXT
  5
26E
330
17
100
AcDbEntity
  8
S-TABLE
100
AcDbText
 10
691.4
 20
456.23156363636366
 30
0.0
 40
1.6868727272727269
  1
150
  7
OpenSans
 11
691.4
 21
456.23156363636366
 31
0.0
100
AcDbText
  0
TEXT
  5
26F
330
17
100
AcDbEntity
  8
S-TABLE
100
AcDbText
 10
706.4
 20
456.23156363636366
 30
0.0
 40
1.6868727272727269
  1
82
  7
OpenSans
 11
706.4
 21
456.23156363636366
 31
0.0
100
AcDbText
  0
TEXT
  5
270
330
17
100
AcDbEntity
  8
S-TABLE
100
AcDbText
 10
721.4
 20
456.23156363636366
 30
0.0
 40
1.6868727272727269
  1
11350
  7
OpenSans
 11
721.4
 21
456.23156363636366
 31
0.0
100
AcDbText
  0
TEXT
  5
271
330
17
100
AcDbEntity
  8
S-TABLE
100
AcDbText
 10
738.4
 20
456.23156363636366
 30
0.0
 40
1.6868727272727269
  1
1469
  7
OpenSans
 11
738.4
 21
456.23156363636366
 31
0.0
100
AcDbText
  0
LINE
  5
272
330
17
100
AcDbEntity
  8
S-TABLE
100
AcDbLine
 10
648.0
 20
454.975
 30
0.0
 11
757.0
 21
454.975
 31
0.0
  0
TEXT
  5
273
330
17
100
AcDbEntity
  8
S-TABLE
100
AcDbText
 10
649.4
 20
452.03156363636367
 30
0.0
 40
1.6868727272727269
  1
F02
  7
OpenSans
 11
649.4
 21
452.03156363636367
 31
0.0
100
AcDbText
  0
TEXT
  5
274
330
17
100
AcDbEntity
  8
S-TABLE
100
AcDbText
 10
666.4
 20
452.03156363636367
 30
0.0
 40
1.6868727272727269
  1
T16
  7
OpenSans
 11
666.4
 21
452.03156363636367
 31
0.0
100
AcDbText
  0
TEXT
  5
275
330
17
100
AcDbEntity
  8
S-TABLE
100
AcDbText
 10
679.4
 20
452.03156363636367
 30
0.0
 40
1.6868727272727269
  1
00
  7
OpenSans
 11
679.4
 21
452.03156363636367
 31
0.0
100
AcDbText
  0
TEXT
  5
276
330
17
100
AcDbEntity
  8
S-TABLE
100
AcDbText
 10
691.4
 20
452.03156363636367
 30
0.0
 40
1.6868727272727269
  1
150
  7
OpenSans
 11
691.4
 21
452.03156363636367
 31
0.0
100
AcDbText
  0
TEXT
  5
277
330
17
100
AcDbEntity
  8
S-TABLE
100
AcDbText
 10
706.4
 20
452.03156363636367
 30
0.0
 40
1.6868727272727269
  1
147
  7
OpenSans
 11
706.4
 21
452.03156363636367
 31
0.0
100
AcDbText
  0
TEXT
  5
278
330
17
100
AcDbEntity
  8
S-TABLE
100
AcDbText
 10
721.4
 20
452.03156363636367
 30
0.0
 40
1.6868727272727269
  1
6100
  7
OpenSans
 11
721.4
 21
452.03156363636367
 31
0.0
100
AcDbText
  0
TEXT
  5
279
330
17
100
AcDbEntity
  8
S-TABLE
100
AcDbText
 10
738.4
 20
452.03156363636367
 30
0.0
 40
1.6868727272727269
  1
1415
  7
OpenSans
 11
738.4
 21
452.03156363636367
 31
0.0
100
AcDbText
  0
LINE
  5
27A
330
17
100
AcDbEntity
  8
S-TABLE
100
AcDbLine
 10
648.0
 20
450.77500000000003
 30
0.0
 11
757.0
 21
450.77500000000003
 31
0.0
  0
TEXT
  5
27B
330
17
100
AcDbEntity
  8
S-TABLE
100
AcDbText
 10
649.4
 20
447.8315636363637
 30
0.0
 40
1.6868727272727269
  1
F03
  7
OpenSans
 11
649.4
 21
447.8315636363637
 31
0.0
100
AcDbText
  0
TEXT
  5
27C
330
17
100
AcDbEntity
  8
S-TABLE
100
AcDbText
 10
666.4
 20
447.8315636363637
 30
0.0
 40
1.6868727272727269
  1
T16
  7
OpenSans
 11
666.4
 21
447.8315636363637
 31
0.0
100
AcDbText
  0
TEXT
  5
27D
330
17
100
AcDbEntity
  8
S-TABLE
100
AcDbText
 10
679.4
 20
447.8315636363637
 30
0.0
 40
1.6868727272727269
  1
00
  7
OpenSans
 11
679.4
 21
447.8315636363637
 31
0.0
100
AcDbText
  0
TEXT
  5
27E
330
17
100
AcDbEntity
  8
S-TABLE
100
AcDbText
 10
691.4
 20
447.8315636363637
 30
0.0
 40
1.6868727272727269
  1
150
  7
OpenSans
 11
691.4
 21
447.8315636363637
 31
0.0
100
AcDbText
  0
TEXT
  5
27F
330
17
100
AcDbEntity
  8
S-TABLE
100
AcDbText
 10
706.4
 20
447.8315636363637
 30
0.0
 40
1.6868727272727269
  1
82
  7
OpenSans
 11
706.4
 21
447.8315636363637
 31
0.0
100
AcDbText
  0
TEXT
  5
280
330
17
100
AcDbEntity
  8
S-TABLE
100
AcDbText
 10
721.4
 20
447.8315636363637
 30
0.0
 40
1.6868727272727269
  1
11350
  7
OpenSans
 11
721.4
 21
447.8315636363637
 31
0.0
100
AcDbText
  0
TEXT
  5
281
330
17
100
AcDbEntity
  8
S-TABLE
100
AcDbText
 10
738.4
 20
447.8315636363637
 30
0.0
 40
1.6868727272727269
  1
1469
  7
OpenSans
 11
738.4
 21
447.8315636363637
 31
0.0
100
AcDbText
  0
LINE
  5
282
330
17
100
AcDbEntity
  8
S-TABLE
100
AcDbLine
 10
648.0
 20
446.57500000000005
 30
0.0
 11
757.0
 21
446.57500000000005
 31
0.0
  0
TEXT
  5
283
330
17
100
AcDbEntity
  8
S-TABLE
100
AcDbText
 10
649.4
 20
443.6315636363637
 30
0.0
 40
1.6868727272727269
  1
F04
  7
OpenSans
 11
649.4
 21
443.6315636363637
 31
0.0
100
AcDbText
  0
TEXT
  5
284
330
17
100
AcDbEntity
  8
S-TABLE
100
AcDbText
 10
666.4
 20
443.6315636363637
 30
0.0
 40
1.6868727272727269
  1
T16
  7
OpenSans
 11
666.4
 21
443.6315636363637
 31
0.0
100
AcDbText
  0
TEXT
  5
285
330
17
100
AcDbEntity
  8
S-TABLE
100
AcDbText
 10
679.4
 20
443.6315636363637
 30
0.0
 40
1.6868727272727269
  1
00
  7
OpenSans
 11
679.4
 21
443.6315636363637
 31
0.0
100
AcDbText
  0
TEXT
  5
286
330
17
100
AcDbEntity
  8
S-TABLE
100
AcDbText
 10
691.4
 20
443.6315636363637
 30
0.0
 40
1.6868727272727269
  1
150
  7
OpenSans
 11
691.4
 21
443.6315636363637
 31
0.0
100
AcDbText
  0
TEXT
  5
287
330
17
100
AcDbEntity
  8
S-TABLE
100
AcDbText
 10
706.4
 20
443.6315636363637
 30
0.0
 40
1.6868727272727269
  1
147
  7
OpenSans
 11
706.4
 21
443.6315636363637
 31
0.0
100
AcDbText
  0
TEXT
  5
288
330
17
100
AcDbEntity
  8
S-TABLE
100
AcDbText
 10
721.4
 20
443.6315636363637
 30
0.0
 40
1.6868727272727269
  1
6100
  7
OpenSans
 11
721.4
 21
443.6315636363637
 31
0.0
100
AcDbText
  0
TEXT
  5
289
330
17
100
AcDbEntity
  8
S-TABLE
100
AcDbText
 10
738.4
 20
443.6315636363637
 30
0.0
 40
1.6868727272727269
  1
1415
  7
OpenSans
 11
738.4
 21
443.6315636363637
 31
0.0
100
AcDbText
  0
LINE
  5
28A
330
17
100
AcDbEntity
  8
S-TABLE
100
AcDbLine
 10
648.0
 20
442.37500000000006
 30
0.0
 11
757.0
 21
442.37500000000006
 31
0.0
  0
TEXT
  5
28B
330
17
100
AcDbEntity
  8
S-TABLE
100
AcDbText
 10
649.4
 20
439.4315636363637
 30
0.0
 40
1.6868727272727269
  1
F05
  7
OpenSans
 11
649.4
 21
439.4315636363637
 31
0.0
100
AcDbText
  0
TEXT
  5
28C
330
17
100
AcDbEntity
  8
S-TABLE
100
AcDbText
 10
666.4
 20
439.4315636363637
 30
0.0
 40
1.6868727272727269
  1
T12
  7
OpenSans
 11
666.4
 21
439.4315636363637
 31
0.0
100
AcDbText
  0
TEXT
  5
28D
330
17
100
AcDbEntity
  8
S-TABLE
100
AcDbText
 10
679.4
 20
439.4315636363637
 30
0.0
 40
1.6868727272727269
  1
51
  7
OpenSans
 11
679.4
 21
439.4315636363637
 31
0.0
100
AcDbText
  0
TEXT
  5
28E
330
17
100
AcDbEntity
  8
S-TABLE
100
AcDbText
 10
691.4
 20
439.4315636363637
 30
0.0
 40
1.6868727272727269
  1
250 x 250
  7
OpenSans
 11
691.4
 21
439.4315636363637
 31
0.0
100
AcDbText
  0
TEXT
  5
28F
330
17
100
AcDbEntity
  8
S-TABLE
100
AcDbText
 10
706.4
 20
439.4315636363637
 30
0.0
 40
1.6868727272727269
  1
2112
  7
OpenSans
 11
706.4
 21
439.4315636363637
 31
0.0
100
AcDbText
  0
TEXT
  5
290
330
17
100
AcDbEntity
  8
S-TABLE
100
AcDbText
 10
721.4
 20
439.4315636363637
 30
0.0
 40
1.6868727272727269
  1
1710
  7
OpenSans
 11
721.4
 21
439.4315636363637
 31
0.0
100
AcDbText
  0
TEXT
  5
291
330
17
100
AcDbEntity
  8
S-TABLE
100
AcDbText
 10
738.4
 20
439.4315636363637
 30
0.0
 40
1.6868727272727269
  1
3206
  7
OpenSans
 11
738.4
 21
439.4315636363637
 31
0.0
100
AcDbText
  0
LINE
  5
292
330
17
100
AcDbEntity
  8
S-TABLE
100
AcDbLine
 10
648.0
 20
438.17500000000007
 30
0.0
 11
757.0
 21
438.17500000000007
 31
0.0
  0
TEXT
  5
293
330
17
100
AcDbEntity
  8
S-TABLE
100
AcDbText
 10
649.4
 20
435.2315636363637
 30
0.0
 40
1.6868727272727269
  1
F06
  7
OpenSans
 11
649.4
 21
435.2315636363637
 31
0.0
100
AcDbText
  0
TEXT
  5
294
330
17
100
AcDbEntity
  8
S-TABLE
100
AcDbText
 10
666.4
 20
435.2315636363637
 30
0.0
 40
1.6868727272727269
  1
T16
  7
OpenSans
 11
666.4
 21
435.2315636363637
 31
0.0
100
AcDbText
  0
TEXT
  5
295
330
17
100
AcDbEntity
  8
S-TABLE
100
AcDbText
 10
679.4
 20
435.2315636363637
 30
0.0
 40
1.6868727272727269
  1
21
  7
OpenSans
 11
679.4
 21
435.2315636363637
 31
0.0
100
AcDbText
  0
TEXT
  5
296
330
17
100
AcDbEntity
  8
S-TABLE
100
AcDbText
 10
691.4
 20
435.2315636363637
 30
0.0
 40
1.6868727272727269
  1
150
  7
OpenSans
 11
691.4
 21
435.2315636363637
 31
0.0
100
AcDbText
  0
TEXT
  5
297
330
17
100
AcDbEntity
  8
S-TABLE
100
AcDbText
 10
706.4
 20
435.2315636363637
 30
0.0
 40
1.6868727272727269
  1
376
  7
OpenSans
 11
706.4
 21
435.2315636363637
 31
0.0
100
AcDbText
  0
TEXT
  5
298
330
17
100
AcDbEntity
  8
S-TABLE
100
AcDbText
 10
721.4
 20
435.2315636363637
 30
0.0
 40
1.6868727272727269
  1
1780
  7
OpenSans
 11
721.4
 21
435.2315636363637
 31
0.0
100
AcDbText
  0
TEXT
  5
299
330
17
100
AcDbEntity
  8
S-TABLE
100
AcDbText
 10
738.4
 20
435.2315636363637
 30
0.0
 40
1.6868727272727269
  1
1056
  7
OpenSans
 11
738.4
 21
435.2315636363637
 31
0.0
100
AcDbText
  0
LINE
  5
29A
330
17
100
AcDbEntity
  8
S-TABLE
100
AcDbLine
 10
648.0
 20
433.9750000000001
 30
0.0
 11
757.0
 21
433.9750000000001
 31
0.0
  0
TEXT
  5
29B
330
17
100
AcDbEntity
  8
S-TABLE
100
AcDbText
 10
649.4
 20
431.0315636363637
 30
0.0
 40
1.6868727272727269
  1
F11
  7
OpenSans
 11
649.4
 21
431.0315636363637
 31
0.0
100
AcDbText
  0
TEXT
  5
29C
330
17
100
AcDbEntity
  8
S-TABLE
100
AcDbText
 10
666.4
 20
431.0315636363637
 30
0.0
 40
1.6868727272727269
  1
T16
  7
OpenSans
 11
666.4
 21
431.0315636363637
 31
0.0
100
AcDbText
  0
TEXT
  5
29D
330
17
100
AcDbEntity
  8
S-TABLE
100
AcDbText
 10
679.4
 20
431.0315636363637
 30
0.0
 40
1.6868727272727269
  1
00
  7
OpenSans
 11
679.4
 21
431.0315636363637
 31
0.0
100
AcDbText
  0
TEXT
  5
29E
330
17
100
AcDbEntity
  8
S-TABLE
100
AcDbText
 10
691.4
 20
431.0315636363637
 30
0.0
 40
1.6868727272727269
  1
150
  7
OpenSans
 11
691.4
 21
431.0315636363637
 31
0.0
100
AcDbText
  0
TEXT
  5
29F
330
17
100
AcDbEntity
  8
S-TABLE
100
AcDbText
 10
706.4
 20
431.0315636363637
 30
0.0
 40
1.6868727272727269
  1
96
  7
OpenSans
 11
706.4
 21
431.0315636363637
 31
0.0
100
AcDbText
  0
TEXT
  5
2A0
330
17
100
AcDbEntity
  8
S-TABLE
100
AcDbText
 10
721.4
 20
431.0315636363637
 30
0.0
 40
1.6868727272727269
  1
2300
  7
OpenSans
 11
721.4
 21
431.0315636363637
 31
0.0
100
AcDbText
  0
TEXT
  5
2A1
330
17
100
AcDbEntity
  8
S-TABLE
100
AcDbText
 10
738.4
 20
431.0315636363637
 30
0.0
 40
1.6868727272727269
  1
348
  7
OpenSans
 11
738.4
 21
431.0315636363637
 31
0.0
100
AcDbText
  0
LINE
  5
2A2
330
17
100
AcDbEntity
  8
S-TABLE
100
AcDbLine
 10
648.0
 20
429.7750000000001
 30
0.0
 11
757.0
 21
429.7750000000001
 31
0.0
  0
TEXT
  5
2A3
330
17
100
AcDbEntity
  8
S-TABLE
100
AcDbText
 10
649.4
 20
426.83156363636374
 30
0.0
 40
1.6868727272727269
  1
F12
  7
OpenSans
 11
649.4
 21
426.83156363636374
 31
0.0
100
AcDbText
  0
TEXT
  5
2A4
330
17
100
AcDbEntity
  8
S-TABLE
100
AcDbText
 10
666.4
 20
426.83156363636374
 30
0.0
 40
1.6868727272727269
  1
T16
  7
OpenSans
 11
666.4
 21
426.83156363636374
 31
0.0
100
AcDbText
  0
TEXT
  5
2A5
330
17
100
AcDbEntity
  8
S-TABLE
100
AcDbText
 10
679.4
 20
426.83156363636374
 30
0.0
 40
1.6868727272727269
  1
00
  7
OpenSans
 11
679.4
 21
426.83156363636374
 31
0.0
100
AcDbText
  0
TEXT
  5
2A6
330
17
100
AcDbEntity
  8
S-TABLE
100
AcDbText
 10
691.4
 20
426.83156363636374
 30
0.0
 40
1.6868727272727269
  1
150
  7
OpenSans
 11
691.4
 21
426.83156363636374
 31
0.0
100
AcDbText
  0
TEXT
  5
2A7
330
17
100
AcDbEntity
  8
S-TABLE
100
AcDbText
 10
706.4
 20
426.83156363636374
 30
0.0
 40
1.6868727272727269
  1
22
  7
OpenSans
 11
706.4
 21
426.83156363636374
 31
0.0
100
AcDbText
  0
TEXT
  5
2A8
330
17
100
AcDbEntity
  8
S-TABLE
100
AcDbText
 10
721.4
 20
426.83156363636374
 30
0.0
 40
1.6868727272727269
  1
8000
  7
OpenSans
 11
721.4
 21
426.83156363636374
 31
0.0
100
AcDbText
  0
TEXT
  5
2A9
330
17
100
AcDbEntity
  8
S-TABLE
100
AcDbText
 10
738.4
 20
426.83156363636374
 30
0.0
 40
1.6868727272727269
  1
278
  7
OpenSans
 11
738.4
 21
426.83156363636374
 31
0.0
100
AcDbText
  0
LINE
  5
2AA
330
17
100
AcDbEntity
  8
S-TABLE
100
AcDbLine
 10
648.0
 20
425.5750000000001
 30
0.0
 11
757.0
 21
425.5750000000001
 31
0.0
  0
TEXT
  5
2AB
330
17
100
AcDbEntity
  8
S-TABLE
100
AcDbText
 10
649.4
 20
422.63156363636375
 30
0.0
 40
1.6868727272727269
  1
F13
  7
OpenSans
 11
649.4
 21
422.63156363636375
 31
0.0
100
AcDbText
  0
TEXT
  5
2AC
330
17
100
AcDbEntity
  8
S-TABLE
100
AcDbText
 10
666.4
 20
422.63156363636375
 30
0.0
 40
1.6868727272727269
  1
T16
  7
OpenSans
 11
666.4
 21
422.63156363636375
 31
0.0
100
AcDbText
  0
TEXT
  5
2AD
330
17
100
AcDbEntity
  8
S-TABLE
100
AcDbText
 10
679.4
 20
422.63156363636375
 30
0.0
 40
1.6868727272727269
  1
00
  7
OpenSans
 11
679.4
 21
422.63156363636375
 31
0.0
100
AcDbText
  0
TEXT
  5
2AE
330
17
100
AcDbEntity
  8
S-TABLE
100
AcDbText
 10
691.4
 20
422.63156363636375
 30
0.0
 40
1.6868727272727269
  1
150
  7
OpenSans
 11
691.4
 21
422.63156363636375
 31
0.0
100
AcDbText
  0
TEXT
  5
2AF
330
17
100
AcDbEntity
  8
S-TABLE
100
AcDbText
 10
706.4
 20
422.63156363636375
 30
0.0
 40
1.6868727272727269
  1
56
  7
OpenSans
 11
706.4
 21
422.63156363636375
 31
0.0
100
AcDbText
  0
TEXT
  5
2B0
330
17
100
AcDbEntity
  8
S-TABLE
100
AcDbText
 10
721.4
 20
422.63156363636375
 30
0.0
 40
1.6868727272727269
  1
2000
  7
OpenSans
 11
721.4
 21
422.63156363636375
 31
0.0
100
AcDbText
  0
TEXT
  5
2B1
330
17
100
AcDbEntity
  8
S-TABLE
100
AcDbText
 10
738.4
 20
422.63156363636375
 30
0.0
 40
1.6868727272727269
  1
177
  7
OpenSans
 11
738.4
 21
422.63156363636375
 31
0.0
100
AcDbText
  0
LINE
  5
2B2
330
17
100
AcDbEntity
  8
S-TABLE
100
AcDbLine
 10
648.0
 20
421.3750000000001
 30
0.0
 11
757.0
 21
421.3750000000001
 31
0.0
  0
LINE
  5
2B3
330
17
100
AcDbEntity
  8
S-TABLE
100
AcDbLine
 10
648.0
 20
463.375
 30
0.0
 11
757.0
 21
463.375
 31
0.0
  0
LINE
  5
2B4
330
17
100
AcDbEntity
  8
S-TABLE
100
AcDbLine
 10
648.0
 20
463.375
 30
0.0
 11
648.0
 21
421.3750000000001
 31
0.0
  0
LINE
  5
2B5
330
17
100
AcDbEntity
  8
S-TABLE
100
AcDbLine
 10
665.0
 20
463.375
 30
0.0
 11
665.0
 21
421.3750000000001
 31
0.0
  0
LINE
  5
2B6
330
17
100
AcDbEntity
  8
S-TABLE
100
AcDbLine
 10
678.0
 20
463.375
 30
0.0
 11
678.0
 21
421.3750000000001
 31
0.0
  0
LINE
  5
2B7
330
17
100
AcDbEntity
  8
S-TABLE
100
AcDbLine
 10
690.0
 20
463.375
 30
0.0
 11
690.0
 21
421.3750000000001
 31
0.0
  0
LINE
  5
2B8
330
17
100
AcDbEntity
  8
S-TABLE
100
AcDbLine
 10
705.0
 20
463.375
 30
0.0
 11
705.0
 21
421.3750000000001
 31
0.0
  0
LINE
  5
2B9
330
17
100
AcDbEntity
  8
S-TABLE
100
AcDbLine
 10
720.0
 20
463.375
 30
0.0
 11
720.0
 21
421.3750000000001
 31
0.0
  0
LINE
  5
2BA
330
17
100
AcDbEntity
  8
S-TABLE
100
AcDbLine
 10
737.0
 20
463.375
 30
0.0
 11
737.0
 21
421.3750000000001
 31
0.0
  0
LINE
  5
2BB
330
17
100
AcDbEntity
  8
S-TABLE
100
AcDbLine
 10
757.0
 20
463.375
 30
0.0
 11
757.0
 21
421.3750000000001
 31
0.0
  0
TEXT
  5
2BC
330
17
100
AcDbEntity
  8
S-TABLE
100
AcDbText
 10
648.0
 20
416.97500000000014
 30
0.0
 40
1.4
  1
SHEET SUB-TOTAL  10,834 kg     FULL SCHEDULE: R-004 and Structural CAD/Schedules/BBS_MASTER.md
  7
OpenSans
 11
648.0
 21
416.97500000000014
 31
0.0
100
AcDbText
  0
TEXT
  5
2BD
330
17
100
AcDbEntity
  8
S-TITLE
100
AcDbText
 10
62.0
 20
205.5
 30
0.0
 40
2.5
  1
MAT SECTION - WHAT THE SECTION MUST SHOW
  7
OpenSans
 11
62.0
 21
205.5
 31
0.0
100
AcDbText
  0
TEXT
  5
2BE
330
17
100
AcDbEntity
  8
S-NOTE
100
AcDbText
 10
62.0
 20
201.375
 30
0.0
 40
2.0
  1
1  BOTH CURTAINS AT 150 BOTH WAYS.  The 150 spacing is the EMP maximum,
  7
OpenSans
 11
62.0
 21
201.375
 31
0.0
100
AcDbText
  0
TEXT
  5
2BF
330
17
100
AcDbEntity
  8
S-NOTE
100
AcDbText
 10
62.0
 20
198.275
 30
0.0
 40
2.0
  1
   not a strength requirement - it is stricter than every code minimum.
  7
OpenSans
 11
62.0
 21
198.275
 31
0.0
100
AcDbText
  0
TEXT
  5
2C0
330
17
100
AcDbEntity
  8
S-NOTE
100
AcDbText
 10
62.0
 20
195.175
 30
0.0
 40
2.0
  1
2  THE T12 @ 250 x 250 CLOSED-LINK GRID IS STRUCTURAL.  It comes from the
  7
OpenSans
 11
62.0
 21
195.175
 31
0.0
100
AcDbText
  0
TEXT
  5
2C1
330
17
100
AcDbEntity
  8
S-NOTE
100
AcDbText
 10
62.0
 20
192.07500000000002
 30
0.0
 40
2.0
  1
   one-way shear check at the soft-band edge (tau_v 0.770 > tau_c 0.375),
  7
OpenSans
 11
62.0
 21
192.07500000000002
 31
0.0
100
AcDbText
  0
TEXT
  5
2C2
330
17
100
AcDbEntity
  8
S-NOTE
100
AcDbText
 10
62.0
 20
188.97500000000002
 30
0.0
 40
2.0
  1
   which the Phase 1 report did not carry out (conflict C6).  It also
  7
OpenSans
 11
62.0
 21
188.97500000000002
 31
0.0
100
AcDbText
  0
TEXT
  5
2C3
330
17
100
AcDbEntity
  8
S-NOTE
100
AcDbText
 10
62.0
 20
185.87500000000003
 30
0.0
 40
2.0
  1
   doubles as the spacer system between the curtains.
  7
OpenSans
 11
62.0
 21
185.87500000000003
 31
0.0
100
AcDbText
  0
TEXT
  5
2C4
330
17
100
AcDbEntity
  8
S-NOTE
100
AcDbText
 10
62.0
 20
182.77500000000003
 30
0.0
 40
2.0
  1
3  WALL STARTERS F07 HAVE A 900 mm HORIZONTAL LEG IN THE BOTTOM CURTAIN,
  7
OpenSans
 11
62.0
 21
182.77500000000003
 31
0.0
100
AcDbText
  0
TEXT
  5
2C5
330
17
100
AcDbEntity
  8
S-NOTE
100
AcDbText
 10
62.0
 20
179.67500000000004
 30
0.0
 40
2.0
  1
   turned up and lapped 800 (50 phi) above a 150 kicker.
  7
OpenSans
 11
62.0
 21
179.67500000000004
 31
0.0
100
AcDbText
  0
TEXT
  5
2C6
330
17
100
AcDbEntity
  8
S-NOTE
100
AcDbText
 10
62.0
 20
176.57500000000005
 30
0.0
 40
2.0
  1
4  500 x 500 HAUNCH WITH T20 @ 150 DIAGONALS AT EVERY WALL / MAT JUNCTION.
  7
OpenSans
 11
62.0
 21
176.57500000000005
 31
0.0
100
AcDbText
  0
TEXT
  5
2C7
330
17
100
AcDbEntity
  8
S-NOTE
100
AcDbText
 10
62.0
 20
173.47500000000005
 30
0.0
 40
2.0
  1
5  REINFORCEMENT IS FULLY CONTINUOUS THROUGH EVERY CONSTRUCTION JOINT.
  7
OpenSans
 11
62.0
 21
173.47500000000005
 31
0.0
100
AcDbText
  0
TEXT
  5
2C8
330
17
100
AcDbEntity
  8
S-NOTE
100
AcDbText
 10
62.0
 20
170.37500000000006
 30
0.0
 40
2.0
  1
   Two waterstops and a welded Cu/galv EMP strap at every joint - R-804.
  7
OpenSans
 11
62.0
 21
170.37500000000006
 31
0.0
100
AcDbText
  0
TEXT
  5
2C9
330
17
100
AcDbEntity
  8
S-NOTE
100
AcDbText
 10
62.0
 20
167.27500000000006
 30
0.0
 40
2.0
  1
6  75 COVER TO THE BLINDING, 50 TO A FORMED EDGE, 40 INTERNAL.  The 5 mm
  7
OpenSans
 11
62.0
 21
167.27500000000006
 31
0.0
100
AcDbText
  0
TEXT
  5
2CA
330
17
100
AcDbEntity
  8
S-NOTE
100
AcDbText
 10
62.0
 20
164.17500000000007
 30
0.0
 40
2.0
  1
   reduction IS 456 Table 16 permits for M35 IS DELIBERATELY NOT TAKEN.
  7
OpenSans
 11
62.0
 21
164.17500000000007
 31
0.0
100
AcDbText
  0
LWPOLYLINE
  5
2CB
330
17
100
AcDbEntity
  8
S-TITLE
100
AcDbPolyline
 90
4
 70
1
 10
60.0
 20
159.07500000000007
 10
440.0
 20
159.07500000000007
 10
440.0
 20
210.0
 10
60.0
 20
210.0
  0
LWPOLYLINE
  5
2CC
330
17
100
AcDbEntity
  8
S-TITLE
100
AcDbPolyline
 90
4
 70
1
 10
651.0
 20
10.0
 10
831.0
 20
10.0
 10
831.0
 20
110.0
 10
651.0
 20
110.0
  0
LINE
  5
2CD
330
17
100
AcDbEntity
  8
S-TITLE
100
AcDbLine
 10
651.0
 20
30.0
 30
0.0
 11
831.0
 21
30.0
 31
0.0
  0
LINE
  5
2CE
330
17
100
AcDbEntity
  8
S-TITLE
100
AcDbLine
 10
651.0
 20
42.0
 30
0.0
 11
831.0
 21
42.0
 31
0.0
  0
LINE
  5
2CF
330
17
100
AcDbEntity
  8
S-TITLE
100
AcDbLine
 10
651.0
 20
54.0
 30
0.0
 11
831.0
 21
54.0
 31
0.0
  0
LINE
  5
2D0
330
17
100
AcDbEntity
  8
S-TITLE
100
AcDbLine
 10
651.0
 20
66.0
 30
0.0
 11
831.0
 21
66.0
 31
0.0
  0
LINE
  5
2D1
330
17
100
AcDbEntity
  8
S-TITLE
100
AcDbLine
 10
651.0
 20
88.0
 30
0.0
 11
831.0
 21
88.0
 31
0.0
  0
LINE
  5
2D2
330
17
100
AcDbEntity
  8
S-TITLE
100
AcDbLine
 10
763.0
 20
10.0
 30
0.0
 11
763.0
 21
30.0
 31
0.0
  0
LINE
  5
2D3
330
17
100
AcDbEntity
  8
S-TITLE
100
AcDbLine
 10
797.0
 20
10.0
 30
0.0
 11
797.0
 21
30.0
 31
0.0
  0
TEXT
  5
2D4
330
17
100
AcDbEntity
  8
S-TITLE
100
AcDbText
 10
653.0
 20
24.6
 30
0.0
 40
1.4
  1
DRAWING No.
  7
OpenSans
 11
653.0
 21
24.6
 31
0.0
100
AcDbText
  0
TEXT
  5
2D5
330
17
100
AcDbEntity
  8
S-TITLE
100
AcDbText
 10
673.0
 20
14.2
 30
0.0
 40
3.5
  1
R-102
  7
OpenSans
 11
673.0
 21
14.2
 31
0.0
100
AcDbText
  0
TEXT
  5
2D6
330
17
100
AcDbEntity
  8
S-TITLE
100
AcDbText
 10
765.0
 20
24.6
 30
0.0
 40
1.4
  1
REV
  7
OpenSans
 11
765.0
 21
24.6
 31
0.0
100
AcDbText
  0
TEXT
  5
2D7
330
17
100
AcDbEntity
  8
S-TITLE
100
AcDbText
 10
769.0
 20
14.2
 30
0.0
 40
3.5
  1
SC1
  7
OpenSans
 11
769.0
 21
14.2
 31
0.0
100
AcDbText
  0
TEXT
  5
2D8
330
17
100
AcDbEntity
  8
S-TITLE
100
AcDbText
 10
799.0
 20
24.6
 30
0.0
 40
1.4
  1
SHEET
  7
OpenSans
 11
799.0
 21
24.6
 31
0.0
100
AcDbText
  0
TEXT
  5
2D9
330
17
100
AcDbEntity
  8
S-TITLE
100
AcDbText
 10
799.0
 20
15.0
 30
0.0
 40
1.6
  1
6 OF 30
  7
OpenSans
 11
799.0
 21
15.0
 31
0.0
100
AcDbText
  0
LINE
  5
2DA
330
17
100
AcDbEntity
  8
S-TITLE
100
AcDbLine
 10
747.0
 20
30.0
 30
0.0
 11
747.0
 21
42.0
 31
0.0
  0
TEXT
  5
2DB
330
17
100
AcDbEntity
  8
S-TITLE
100
AcDbText
 10
653.0
 20
34.4
 30
0.0
 40
1.6
  1
SCALE   1:20, 1:10, 1:25
  7
OpenSans
 11
653.0
 21
34.4
 31
0.0
100
AcDbText
  0
TEXT
  5
2DC
330
17
100
AcDbEntity
  8
S-TITLE
100
AcDbText
 10
749.0
 20
34.4
 30
0.0
 40
1.6
  1
DATE   04.09.2026
  7
OpenSans
 11
749.0
 21
34.4
 31
0.0
100
AcDbText
  0
TEXT
  5
2DD
330
17
100
AcDbEntity
  8
S-TITLE
100
AcDbText
 10
653.0
 20
46.4
 30
0.0
 40
1.4
  1
DESIGNED  [PLACEHOLDER]
  7
OpenSans
 11
653.0
 21
46.4
 31
0.0
100
AcDbText
  0
TEXT
  5
2DE
330
17
100
AcDbEntity
  8
S-TITLE
100
AcDbText
 10
713.0
 20
46.4
 30
0.0
 40
1.4
  1
CHECKED  [PLACEHOLDER]
  7
OpenSans
 11
713.0
 21
46.4
 31
0.0
100
AcDbText
  0
TEXT
  5
2DF
330
17
100
AcDbEntity
  8
S-TITLE
100
AcDbText
 10
773.0
 20
46.4
 30
0.0
 40
1.4
  1
APPROVED  [PLACEHOLDER]
  7
OpenSans
 11
773.0
 21
46.4
 31
0.0
100
AcDbText
  0
TEXT
  5
2E0
330
17
100
AcDbEntity
  8
S-TITLE
100
AcDbText
 10
653.0
 20
58.4
 30
0.0
 40
1.4
  1
STATUS
  7
OpenSans
 11
653.0
 21
58.4
 31
0.0
100
AcDbText
  0
TEXT
  5
2E1
330
17
100
AcDbEntity
  8
S-BLAST
100
AcDbText
 10
673.0
 20
58.0
 30
0.0
 40
1.6
  1
FOR REVIEW - NOT FOR CONSTRUCTION
  7
OpenSans
 11
673.0
 21
58.0
 31
0.0
100
AcDbText
  0
TEXT
  5
2E2
330
17
100
AcDbEntity
  8
S-TITLE
100
AcDbText
 10
653.0
 20
83.4
 30
0.0
 40
1.4
  1
DRAWING TITLE
  7
OpenSans
 11
653.0
 21
83.4
 31
0.0
100
AcDbText
  0
TEXT
  5
2E3
330
17
100
AcDbEntity
  8
S-TITLE
100
AcDbText
 10
653.0
 20
75.4
 30
0.0
 40
2.4
  1
MAT FOUNDATION SECTIONS
  7
OpenSans
 11
653.0
 21
75.4
 31
0.0
100
AcDbText
  0
TEXT
  5
2E4
330
17
100
AcDbEntity
  8
S-TITLE
100
AcDbText
 10
653.0
 20
68.8
 30
0.0
 40
1.4
  1
SECTION A-A · MAT EDGE · SUMP PIT · TYPICAL MAT SECTION
  7
OpenSans
 11
653.0
 21
68.8
 31
0.0
100
AcDbText
  0
TEXT
  5
2E5
330
17
100
AcDbEntity
  8
S-TITLE
100
AcDbText
 10
653.0
 20
105.2
 30
0.0
 40
1.4
  1
PROJECT
  7
OpenSans
 11
653.0
 21
105.2
 31
0.0
100
AcDbText
  0
TEXT
  5
2E6
330
17
100
AcDbEntity
  8
S-TITLE
100
AcDbText
 10
653.0
 20
99.6
 30
0.0
 40
1.6
  1
UNDERGROUND CBRN-HARDENED BLAST-RESISTANT
  7
OpenSans
 11
653.0
 21
99.6
 31
0.0
100
AcDbText
  0
TEXT
  5
2E7
330
17
100
AcDbEntity
  8
S-TITLE
100
AcDbText
 10
653.0
 20
95.0
 30
0.0
 40
1.6
  1
PROTECTIVE STRUCTURE  -  PUNE, MAHARASHTRA
  7
OpenSans
 11
653.0
 21
95.0
 31
0.0
100
AcDbText
  0
TEXT
  5
2E8
330
17
100
AcDbEntity
  8
S-TITLE
100
AcDbText
 10
653.0
 20
90.0
 30
0.0
 40
1.4
  1
STRUCTURAL PHASE 2 REV A + M1   ·   SENTRY POST NOT IN THIS PACKAGE
  7
OpenSans
 11
653.0
 21
90.0
 31
0.0
100
AcDbText
  0
ENDSEC
  0
SECTION
  2
OBJECTS
  0
DICTIONARY
  5
A
330
0
100
AcDbDictionary
281
1
  3
ACAD_COLOR
350
B
  3
ACAD_GROUP
350
C
  3
ACAD_LAYOUT
350
D
  3
ACAD_MATERIAL
350
E
  3
ACAD_MLEADERSTYLE
350
F
  3
ACAD_MLINESTYLE
350
10
  3
ACAD_PLOTSETTINGS
350
11
  3
ACAD_PLOTSTYLENAME
350
12
  3
ACAD_SCALELIST
350
14
  3
ACAD_TABLESTYLE
350
15
  3
ACAD_VISUALSTYLE
350
16
  3
EZDXF_META
350
2D
  0
DICTIONARY
  5
B
330
A
100
AcDbDictionary
281
1
  0
DICTIONARY
  5
C
330
A
100
AcDbDictionary
281
1
  0
DICTIONARY
  5
D
330
A
100
AcDbDictionary
281
1
  3
Model
350
1A
  3
Layout1
350
1E
  0
DICTIONARY
  5
E
330
A
100
AcDbDictionary
281
1
  3
ByBlock
350
1F
  3
ByLayer
350
20
  3
Global
350
21
  0
DICTIONARY
  5
F
330
A
100
AcDbDictionary
281
1
  3
Standard
350
2C
  0
DICTIONARY
  5
10
330
A
100
AcDbDictionary
281
1
  3
Standard
350
22
  0
DICTIONARY
  5
11
330
A
100
AcDbDictionary
281
1
  0
ACDBDICTIONARYWDFLT
  5
12
330
A
100
AcDbDictionary
281
1
  3
Normal
350
13
100
AcDbDictionaryWithDefault
340
13
  0
ACDBPLACEHOLDER
  5
13
330
12
  0
DICTIONARY
  5
14
330
A
100
AcDbDictionary
281
1
  0
DICTIONARY
  5
15
330
A
100
AcDbDictionary
281
1
  0
DICTIONARY
  5
16
330
A
100
AcDbDictionary
281
1
  3
2dWireframe
350
5A
  3
Basic
350
5B
  3
Brighten
350
5C
  3
ColorChange
350
5D
  3
Conceptual
350
5E
  3
Dim
350
5F
  3
EdgeColorOff
350
60
  3
Facepattern
350
61
  3
Flat
350
62
  3
FlatWithEdges
350
63
  3
Gouraud
350
64
  3
GouraudWithEdges
350
65
  3
Hidden
350
66
  3
JitterOff
350
67
  3
Linepattern
350
68
  3
Modeling
350
69
  3
OverhangOff
350
6A
  3
Realistic
350
6B
  3
Shaded
350
6C
  3
Shaded with edges
350
6D
  3
Shades of Gray
350
6E
  3
Sketchy
350
6F
  3
Thicken
350
70
  3
Wireframe
350
71
  3
X-Ray
350
72
  0
LAYOUT
  5
1A
330
D
100
AcDbPlotSettings
  1

  4
A3
  6

 40
7.5
 41
20.0
 42
7.5
 43
20.0
 44
420.0
 45
297.0
 46
0.0
 47
0.0
 48
0.0
 49
0.0
140
0.0
141
0.0
142
1.0
143
1.0
 70
1024
 72
1
 73
0
 74
5
  7

 75
16
 76
0
 77
2
 78
300
147
1.0
148
0.0
149
0.0
100
AcDbLayout
  1
Model
 70
1
 71
0
 10
0.0
 20
0.0
 11
420.0
 21
297.0
 12
0.0
 22
0.0
 32
0.0
 14
1e+20
 24
1e+20
 34
1e+20
 15
-1e+20
 25
-1e+20
 35
-1e+20
146
0.0
 13
0.0
 23
0.0
 33
0.0
 16
1.0
 26
0.0
 36
0.0
 17
0.0
 27
1.0
 37
0.0
 76
1
330
17
  0
LAYOUT
  5
1E
330
D
100
AcDbPlotSettings
  1

  4
A3
  6

 40
7.5
 41
20.0
 42
7.5
 43
20.0
 44
420.0
 45
297.0
 46
0.0
 47
0.0
 48
0.0
 49
0.0
140
0.0
141
0.0
142
1.0
143
1.0
 70
0
 72
1
 73
0
 74
5
  7

 75
16
 76
0
 77
2
 78
300
147
1.0
148
0.0
149
0.0
100
AcDbLayout
  1
Layout1
 70
1
 71
1
 10
0.0
 20
0.0
 11
420.0
 21
297.0
 12
0.0
 22
0.0
 32
0.0
 14
1e+20
 24
1e+20
 34
1e+20
 15
-1e+20
 25
-1e+20
 35
-1e+20
146
0.0
 13
0.0
 23
0.0
 33
0.0
 16
1.0
 26
0.0
 36
0.0
 17
0.0
 27
1.0
 37
0.0
 76
1
330
1B
  0
MATERIAL
  5
1F
102
{ACAD_REACTORS
330
E
102
}
330
E
100
AcDbMaterial
  1
ByBlock
  2

 70
0
 40
1.0
 71
1
 41
1.0
 91
-1023410177
 42
1.0
 72
1
  3

 73
1
 74
1
 75
1
 44
0.5
 73
0
 45
1.0
 46
1.0
 77
1
  4

 78
1
 79
1
170
1
 48
1.0
171
1
  6

172
1
173
1
174
1
140
1.0
141
1.0
175
1
  7

176
1
177
1
178
1
143
1.0
179
1
  8

270
1
271
1
272
1
145
1.0
146
1.0
273
1
  9

274
1
275
1
276
1
 42
1.0
 72
1
  3

 73
1
 74
1
 75
1
 94
63
  0
MATERIAL
  5
20
102
{ACAD_REACTORS
330
E
102
}
330
E
100
AcDbMaterial
  1
ByLayer
  2

 70
0
 40
1.0
 71
1
 41
1.0
 91
-1023410177
 42
1.0
 72
1
  3

 73
1
 74
1
 75
1
 44
0.5
 73
0
 45
1.0
 46
1.0
 77
1
  4

 78
1
 79
1
170
1
 48
1.0
171
1
  6

172
1
173
1
174
1
140
1.0
141
1.0
175
1
  7

176
1
177
1
178
1
143
1.0
179
1
  8

270
1
271
1
272
1
145
1.0
146
1.0
273
1
  9

274
1
275
1
276
1
 42
1.0
 72
1
  3

 73
1
 74
1
 75
1
 94
63
  0
MATERIAL
  5
21
102
{ACAD_REACTORS
330
E
102
}
330
E
100
AcDbMaterial
  1
Global
  2

 70
0
 40
1.0
 71
1
 41
1.0
 91
-1023410177
 42
1.0
 72
1
  3

 73
1
 74
1
 75
1
 44
0.5
 73
0
 45
1.0
 46
1.0
 77
1
  4

 78
1
 79
1
170
1
 48
1.0
171
1
  6

172
1
173
1
174
1
140
1.0
141
1.0
175
1
  7

176
1
177
1
178
1
143
1.0
179
1
  8

270
1
271
1
272
1
145
1.0
146
1.0
273
1
  9

274
1
275
1
276
1
 42
1.0
 72
1
  3

 73
1
 74
1
 75
1
 94
63
  0
MLINESTYLE
  5
22
102
{ACAD_REACTORS
330
10
102
}
330
10
100
AcDbMlineStyle
  2
Standard
 70
0
  3

 62
256
 51
90.0
 52
90.0
 71
2
 49
0.5
 62
256
  6
BYLAYER
 49
-0.5
 62
256
  6
BYLAYER
  0
MLEADERSTYLE
  5
2C
102
{ACAD_REACTORS
330
F
102
}
330
F
100
AcDbMLeaderStyle
179
2
170
2
171
1
172
0
 90
2
 40
0.0
 41
0.0
173
1
 91
-1056964608
 92
-2
290
1
 42
2.0
291
1
 43
8.0
  3
Standard
 44
4.0
300

342
29
174
1
175
1
176
0
178
1
 93
-1056964608
 45
4.0
292
0
297
0
 46
4.0
 94
-1056964608
 47
1.0
 49
1.0
140
1.0
294
1
141
0.0
177
0
142
1.0
295
0
296
0
143
3.75
271
0
272
9
273
9
  0
DICTIONARY
  5
2D
330
A
100
AcDbDictionary
280
1
281
1
  3
CREATED_BY_EZDXF
350
2E
  3
WRITTEN_BY_EZDXF
350
2EB
  0
DICTIONARYVAR
  5
2E
330
2D
100
DictionaryVariables
280
0
  1
1.4.4 @ 2026-09-10T02:16:35.308484+00:00
  0
VISUALSTYLE
  5
5A
102
{ACAD_REACTORS
330
16
102
}
330
16
100
AcDbVisualStyle
  2
2dWireframe
 70
4
 90
0
 40
0.6
 62
7
290
0
291
0
  0
VISUALSTYLE
  5
5B
102
{ACAD_REACTORS
330
16
102
}
330
16
100
AcDbVisualStyle
  2
Basic
 70
7
 90
1
 40
0.6
 62
7
290
0
291
1
  0
VISUALSTYLE
  5
5C
102
{ACAD_REACTORS
330
16
102
}
330
16
100
AcDbVisualStyle
  2
Brighten
 70
12
 90
2
 40
0.6
 62
7
290
0
291
1
  0
VISUALSTYLE
  5
5D
102
{ACAD_REACTORS
330
16
102
}
330
16
100
AcDbVisualStyle
  2
ColorChange
 70
16
 90
2
 40
0.6
 62
8
290
0
291
1
  0
VISUALSTYLE
  5
5E
102
{ACAD_REACTORS
330
16
102
}
330
16
100
AcDbVisualStyle
  2
Conceptual
 70
9
 90
3
 40
0.6
 62
7
290
0
291
0
  0
VISUALSTYLE
  5
5F
102
{ACAD_REACTORS
330
16
102
}
330
16
100
AcDbVisualStyle
  2
Dim
 70
11
 90
2
 40
0.6
 62
7
290
0
291
1
  0
VISUALSTYLE
  5
60
102
{ACAD_REACTORS
330
16
102
}
330
16
100
AcDbVisualStyle
  2
EdgeColorOff
 70
22
 90
2
 40
0.6
 62
7
290
0
291
1
  0
VISUALSTYLE
  5
61
102
{ACAD_REACTORS
330
16
102
}
330
16
100
AcDbVisualStyle
  2
Facepattern
 70
15
 90
2
 40
0.6
 62
7
290
0
291
1
  0
VISUALSTYLE
  5
62
102
{ACAD_REACTORS
330
16
102
}
330
16
100
AcDbVisualStyle
  2
Flat
 70
0
 90
2
 40
0.6
 62
7
290
0
291
1
  0
VISUALSTYLE
  5
63
102
{ACAD_REACTORS
330
16
102
}
330
16
100
AcDbVisualStyle
  2
FlatWithEdges
 70
1
 90
2
 40
0.6
 62
7
290
0
291
1
  0
VISUALSTYLE
  5
64
102
{ACAD_REACTORS
330
16
102
}
330
16
100
AcDbVisualStyle
  2
Gouraud
 70
2
 90
2
 40
0.6
 62
7
290
0
291
1
  0
VISUALSTYLE
  5
65
102
{ACAD_REACTORS
330
16
102
}
330
16
100
AcDbVisualStyle
  2
GouraudWithEdges
 70
3
 90
2
 40
0.6
 62
7
290
0
291
1
  0
VISUALSTYLE
  5
66
102
{ACAD_REACTORS
330
16
102
}
330
16
100
AcDbVisualStyle
  2
Hidden
 70
6
 90
1
 40
0.6
 62
7
290
0
291
0
  0
VISUALSTYLE
  5
67
102
{ACAD_REACTORS
330
16
102
}
330
16
100
AcDbVisualStyle
  2
JitterOff
 70
20
 90
2
 40
0.6
 62
7
290
0
291
1
  0
VISUALSTYLE
  5
68
102
{ACAD_REACTORS
330
16
102
}
330
16
100
AcDbVisualStyle
  2
Linepattern
 70
14
 90
2
 40
0.6
 62
7
290
0
291
1
  0
VISUALSTYLE
  5
69
102
{ACAD_REACTORS
330
16
102
}
330
16
100
AcDbVisualStyle
  2
Modeling
 70
10
 90
2
 40
0.6
 62
7
290
0
291
0
  0
VISUALSTYLE
  5
6A
102
{ACAD_REACTORS
330
16
102
}
330
16
100
AcDbVisualStyle
  2
OverhangOff
 70
21
 90
2
 40
0.6
 62
7
290
0
291
1
  0
VISUALSTYLE
  5
6B
102
{ACAD_REACTORS
330
16
102
}
330
16
100
AcDbVisualStyle
  2
Realistic
 70
8
 90
2
 40
0.6
 62
7
290
0
291
0
  0
VISUALSTYLE
  5
6C
102
{ACAD_REACTORS
330
16
102
}
330
16
100
AcDbVisualStyle
  2
Shaded
 70
27
 90
2
 40
0.6
 62
7
290
0
291
0
  0
VISUALSTYLE
  5
6D
102
{ACAD_REACTORS
330
16
102
}
330
16
100
AcDbVisualStyle
  2
Shaded with edges
 70
26
 90
2
 40
0.6
 62
7
290
0
291
0
  0
VISUALSTYLE
  5
6E
102
{ACAD_REACTORS
330
16
102
}
330
16
100
AcDbVisualStyle
  2
Shades of Gray
 70
23
 90
2
 40
0.6
 62
7
290
0
291
0
  0
VISUALSTYLE
  5
6F
102
{ACAD_REACTORS
330
16
102
}
330
16
100
AcDbVisualStyle
  2
Sketchy
 70
24
 90
1
 40
0.6
 62
7
290
0
291
0
  0
VISUALSTYLE
  5
70
102
{ACAD_REACTORS
330
16
102
}
330
16
100
AcDbVisualStyle
  2
Thicken
 70
13
 90
2
 40
0.6
 62
7
290
0
291
1
  0
VISUALSTYLE
  5
71
102
{ACAD_REACTORS
330
16
102
}
330
16
100
AcDbVisualStyle
  2
Wireframe
 70
5
 90
0
 40
0.6
 62
7
290
0
291
0
  0
VISUALSTYLE
  5
72
102
{ACAD_REACTORS
330
16
102
}
330
16
100
AcDbVisualStyle
  2
X-Ray
 70
25
 90
2
 40
0.5
 62
7
290
0
291
0
  0
DICTIONARYVAR
  5
2EB
330
2D
100
DictionaryVariables
280
0
  1
1.4.4 @ 2026-09-10T02:16:35.335925+00:00
  0
ENDSEC
  0
EOF
